customer_id,order_value,ITE,segment,discount_options,predicted_revenue,discount_cost
1053,18.61,-0.0247735581011873,Not Persuadable,"[0, 5, 10, 15, 20, 25, 30]","[None, None, None, None, None, None, None]","[0.0, 0.93, 1.86, 2.79, 3.72, 4.65, 5.58]"
2991,44.66,0.0587530228443083,Persuadable,"[0, 5, 10, 15, 20, 25, 30]","[None, None, None, None, None, None, None]","[0.0, 2.23, 4.47, 6.7, 8.93, 11.16, 13.4]"
1789,28.27,0.0952624489917562,Persuadable,"[0, 5, 10, 15, 20, 25, 30]","[None, None, None, None, None, None, None]","[0.0, 1.41, 2.83, 4.24, 5.65, 7.07, 8.48]"
765,38.5,0.069660136558271,Persuadable,"[0, 5, 10, 15, 20, 25, 30]","[None, None, None, None, None, None, None]","[0.0, 1.93, 3.85, 5.77, 7.7, 9.62, 11.55]"
3248,44.09,-0.0812446725467527,Not Persuadable,"[0, 5, 10, 15, 20, 25, 30]","[None, None, None, None, None, None, None]","[0.0, 2.2, 4.41, 6.61, 8.82, 11.02, 13.23]"
1102,42.07,0.0649164987131628,Persuadable,"[0, 5, 10, 15, 20, 25, 30]","[None, None, None, None, None, None, None]","[0.0, 2.1, 4.21, 6.31, 8.41, 10.52, 12.62]"
1666,27.52,0.0033281797577947,Persuadable,"[0, 5, 10, 15, 20, 25, 30]","[None, None, None, None, None, None, None]","[0.0, 1.38, 2.75, 4.13, 5.5, 6.88, 8.26]"
280,49.98,-0.0580436502473346,Not Persuadable,"[0, 5, 10, 15, 20, 25, 30]","[None, None, None, None, None, None, None]","[0.0, 2.5, 5.0, 7.5, 10.0, 12.49, 14.99]"
3194,37.59,-0.0831216714503364,Not Persuadable,"[0, 5, 10, 15, 20, 25, 30]","[None, None, None, None, None, None, None]","[0.0, 1.88, 3.76, 5.64, 7.52, 9.4, 11.28]"
4045,46.56,-0.0047003030427981,Not Persuadable,"[0, 5, 10, 15, 20, 25, 30]","[None, None, None, None, None, None, None]","[0.0, 2.33, 4.66, 6.98, 9.31, 11.64, 13.97]"
2345,56.4,0.1692628514169424,Highly Persuadable,"[0, 5, 10, 15, 20, 25, 30]","[None, None, None, None, None, None, None]","[0.0, 2.82, 5.64, 8.46, 11.28, 14.1, 16.92]"
3306,34.76,-0.0132485049202405,Not Persuadable,"[0, 5, 10, 15, 20, 25, 30]","[None, None, None, None, None, None, None]","[0.0, 1.74, 3.48, 5.21, 6.95, 8.69, 10.43]"
4619,34.16,0.1271920678234772,Highly Persuadable,"[0, 5, 10, 15, 20, 25, 30]","[None, None, None, None, None, None, None]","[0.0, 1.71, 3.42, 5.12, 6.83, 8.54, 10.25]"
1695,40.04,-0.0831523704845724,Not Persuadable,"[0, 5, 10, 15, 20, 25, 30]","[None, None, None, None, None, None, None]","[0.0, 2.0, 4.0, 6.01, 8.01, 10.01, 12.01]"
1663,39.46,0.1088642294196371,Highly Persuadable,"[0, 5, 10, 15, 20, 25, 30]","[None, None, None, None, None, None, None]","[0.0, 1.97, 3.95, 5.92, 7.89, 9.87, 11.84]"
2112,57.52,0.0507758708963978,Persuadable,"[0, 5, 10, 15, 20, 25, 30]","[None, None, None, None, None, None, None]","[0.0, 2.88, 5.75, 8.63, 11.5, 14.38, 17.26]"
4518,44.66,-0.0246030433994924,Not Persuadable,"[0, 5, 10, 15, 20, 25, 30]","[None, None, None, None, None, None, None]","[0.0, 2.23, 4.47, 6.7, 8.93, 11.16, 13.4]"
890,33.36,0.0810666249704945,Persuadable,"[0, 5, 10, 15, 20, 25, 30]","[None, None, None, None, None, None, None]","[0.0, 1.67, 3.34, 5.0, 6.67, 8.34, 10.01]"
4461,55.73,-0.0089097454452085,Not Persuadable,"[0, 5, 10, 15, 20, 25, 30]","[None, None, None, None, None, None, None]","[0.0, 2.79, 5.57, 8.36, 11.15, 13.93, 16.72]"
3356,36.41,-0.123590913261267,Not Persuadable,"[0, 5, 10, 15, 20, 25, 30]","[None, None, None, None, None, None, None]","[0.0, 1.82, 3.64, 5.46, 7.28, 9.1, 10.92]"
2019,34.43,0.0775765451935169,Persuadable,"[0, 5, 10, 15, 20, 25, 30]","[None, None, None, None, None, None, None]","[0.0, 1.72, 3.44, 5.16, 6.89, 8.61, 10.33]"
2727,28.02,-0.062682447284551,Not Persuadable,"[0, 5, 10, 15, 20, 25, 30]","[None, None, None, None, None, None, None]","[0.0, 1.4, 2.8, 4.2, 5.6, 7.0, 8.41]"
158,45.71,-0.0426143595694857,Not Persuadable,"[0, 5, 10, 15, 20, 25, 30]","[None, None, None, None, None, None, None]","[0.0, 2.29, 4.57, 6.86, 9.14, 11.43, 13.71]"
4013,45.87,0.0109553946849671,Persuadable,"[0, 5, 10, 15, 20, 25, 30]","[None, None, None, None, None, None, None]","[0.0, 2.29, 4.59, 6.88, 9.17, 11.47, 13.76]"
3626,47.37,0.0147189181489455,Persuadable,"[0, 5, 10, 15, 20, 25, 30]","[None, None, None, None, None, None, None]","[0.0, 2.37, 4.74, 7.11, 9.47, 11.84, 14.21]"
2092,21.9,0.0437715307039862,Persuadable,"[0, 5, 10, 15, 20, 25, 30]","[None, None, None, None, None, None, None]","[0.0, 1.09, 2.19, 3.28, 4.38, 5.47, 6.57]"
3968,32.28,0.1184200306910369,Highly Persuadable,"[0, 5, 10, 15, 20, 25, 30]","[None, None, None, None, None, None, None]","[0.0, 1.61, 3.23, 4.84, 6.46, 8.07, 9.68]"
4268,40.13,0.1441312148778047,Highly Persuadable,"[0, 5, 10, 15, 20, 25, 30]","[None, None, None, None, None, None, None]","[0.0, 2.01, 4.01, 6.02, 8.03, 10.03, 12.04]"
1095,35.43,0.0281272226856193,Persuadable,"[0, 5, 10, 15, 20, 25, 30]","[None, None, None, None, None, None, None]","[0.0, 1.77, 3.54, 5.31, 7.09, 8.86, 10.63]"
3912,19.07,0.085074556235913,Persuadable,"[0, 5, 10, 15, 20, 25, 30]","[None, None, None, None, None, None, None]","[0.0, 0.95, 1.91, 2.86, 3.81, 4.77, 5.72]"
3258,23.1,0.0250759394144176,Persuadable,"[0, 5, 10, 15, 20, 25, 30]","[None, None, None, None, None, None, None]","[0.0, 1.16, 2.31, 3.47, 4.62, 5.78, 6.93]"
4231,48.69,0.1181231658013303,Highly Persuadable,"[0, 5, 10, 15, 20, 25, 30]","[None, None, None, None, None, None, None]","[0.0, 2.43, 4.87, 7.3, 9.74, 12.17, 14.61]"
706,31.15,0.0439990438892714,Persuadable,"[0, 5, 10, 15, 20, 25, 30]","[None, None, None, None, None, None, None]","[0.0, 1.56, 3.12, 4.67, 6.23, 7.79, 9.34]"
600,47.79,-0.0519397644290719,Not Persuadable,"[0, 5, 10, 15, 20, 25, 30]","[None, None, None, None, None, None, None]","[0.0, 2.39, 4.78, 7.17, 9.56, 11.95, 14.34]"
2570,47.01,0.0629738776528558,Persuadable,"[0, 5, 10, 15, 20, 25, 30]","[None, None, None, None, None, None, None]","[0.0, 2.35, 4.7, 7.05, 9.4, 11.75, 14.1]"
3989,37.73,0.0605586864985364,Persuadable,"[0, 5, 10, 15, 20, 25, 30]","[None, None, None, None, None, None, None]","[0.0, 1.89, 3.77, 5.66, 7.55, 9.43, 11.32]"
2835,46.58,0.0272082561252598,Persuadable,"[0, 5, 10, 15, 20, 25, 30]","[None, None, None, None, None, None, None]","[0.0, 2.33, 4.66, 6.99, 9.32, 11.64, 13.97]"
2239,49.09,0.0207884752475486,Persuadable,"[0, 5, 10, 15, 20, 25, 30]","[None, None, None, None, None, None, None]","[0.0, 2.45, 4.91, 7.36, 9.82, 12.27, 14.73]"
4563,42.4,0.0605427819865704,Persuadable,"[0, 5, 10, 15, 20, 25, 30]","[None, None, None, None, None, None, None]","[0.0, 2.12, 4.24, 6.36, 8.48, 10.6, 12.72]"
1783,18.36,-0.0132530701341507,Not Persuadable,"[0, 5, 10, 15, 20, 25, 30]","[None, None, None, None, None, None, None]","[0.0, 0.92, 1.84, 2.75, 3.67, 4.59, 5.51]"
2814,53.4,0.1433008687849726,Highly Persuadable,"[0, 5, 10, 15, 20, 25, 30]","[None, None, None, None, None, None, None]","[0.0, 2.67, 5.34, 8.01, 10.68, 13.35, 16.02]"
2842,34.68,0.0051222820721069,Persuadable,"[0, 5, 10, 15, 20, 25, 30]","[None, None, None, None, None, None, None]","[0.0, 1.73, 3.47, 5.2, 6.94, 8.67, 10.4]"
3955,26.47,0.1402586206487755,Highly Persuadable,"[0, 5, 10, 15, 20, 25, 30]","[None, None, None, None, None, None, None]","[0.0, 1.32, 2.65, 3.97, 5.29, 6.62, 7.94]"
228,38.29,-0.1031841913769213,Not Persuadable,"[0, 5, 10, 15, 20, 25, 30]","[None, None, None, None, None, None, None]","[0.0, 1.91, 3.83, 5.74, 7.66, 9.57, 11.49]"
4416,22.29,-0.0213946401555794,Not Persuadable,"[0, 5, 10, 15, 20, 25, 30]","[None, None, None, None, None, None, None]","[0.0, 1.11, 2.23, 3.34, 4.46, 5.57, 6.69]"
3135,45.31,-0.0037391848421828,Not Persuadable,"[0, 5, 10, 15, 20, 25, 30]","[None, None, None, None, None, None, None]","[0.0, 2.27, 4.53, 6.8, 9.06, 11.33, 13.59]"
4678,43.88,-0.0876662423501607,Not Persuadable,"[0, 5, 10, 15, 20, 25, 30]","[None, None, None, None, None, None, None]","[0.0, 2.19, 4.39, 6.58, 8.78, 10.97, 13.16]"
3495,39.2,0.017045789727748,Persuadable,"[0, 5, 10, 15, 20, 25, 30]","[None, None, None, None, None, None, None]","[0.0, 1.96, 3.92, 5.88, 7.84, 9.8, 11.76]"
4513,47.17,-0.0146205620911192,Not Persuadable,"[0, 5, 10, 15, 20, 25, 30]","[None, None, None, None, None, None, None]","[0.0, 2.36, 4.72, 7.08, 9.43, 11.79, 14.15]"
241,37.86,-0.0142171083891532,Not Persuadable,"[0, 5, 10, 15, 20, 25, 30]","[None, None, None, None, None, None, None]","[0.0, 1.89, 3.79, 5.68, 7.57, 9.46, 11.36]"
732,45.37,-0.0599605579995917,Not Persuadable,"[0, 5, 10, 15, 20, 25, 30]","[None, None, None, None, None, None, None]","[0.0, 2.27, 4.54, 6.81, 9.07, 11.34, 13.61]"
30,34.72,0.0590940600064278,Persuadable,"[0, 5, 10, 15, 20, 25, 30]","[None, None, None, None, None, None, None]","[0.0, 1.74, 3.47, 5.21, 6.94, 8.68, 10.42]"
107,18.55,0.1320493268043766,Highly Persuadable,"[0, 5, 10, 15, 20, 25, 30]","[None, None, None, None, None, None, None]","[0.0, 0.93, 1.86, 2.78, 3.71, 4.64, 5.57]"
4802,21.32,0.0577305184802632,Persuadable,"[0, 5, 10, 15, 20, 25, 30]","[None, None, None, None, None, None, None]","[0.0, 1.07, 2.13, 3.2, 4.26, 5.33, 6.4]"
3881,48.8,-0.2083476620082652,Not Persuadable,"[0, 5, 10, 15, 20, 25, 30]","[None, None, None, None, None, None, None]","[0.0, 2.44, 4.88, 7.32, 9.76, 12.2, 14.64]"
1845,38.54,-0.1102559180940034,Not Persuadable,"[0, 5, 10, 15, 20, 25, 30]","[None, None, None, None, None, None, None]","[0.0, 1.93, 3.85, 5.78, 7.71, 9.63, 11.56]"
3472,25.83,0.019733606787027,Persuadable,"[0, 5, 10, 15, 20, 25, 30]","[None, None, None, None, None, None, None]","[0.0, 1.29, 2.58, 3.87, 5.17, 6.46, 7.75]"
2374,35.3,-0.0086103317019584,Not Persuadable,"[0, 5, 10, 15, 20, 25, 30]","[None, None, None, None, None, None, None]","[0.0, 1.76, 3.53, 5.29, 7.06, 8.82, 10.59]"
4858,33.8,0.1275577500542498,Highly Persuadable,"[0, 5, 10, 15, 20, 25, 30]","[None, None, None, None, None, None, None]","[0.0, 1.69, 3.38, 5.07, 6.76, 8.45, 10.14]"
1169,34.96,0.10068118835318,Highly Persuadable,"[0, 5, 10, 15, 20, 25, 30]","[None, None, None, None, None, None, None]","[0.0, 1.75, 3.5, 5.24, 6.99, 8.74, 10.49]"
2158,30.72,0.0291691903284216,Persuadable,"[0, 5, 10, 15, 20, 25, 30]","[None, None, None, None, None, None, None]","[0.0, 1.54, 3.07, 4.61, 6.14, 7.68, 9.22]"
2816,37.42,0.0347870242829674,Persuadable,"[0, 5, 10, 15, 20, 25, 30]","[None, None, None, None, None, None, None]","[0.0, 1.87, 3.74, 5.61, 7.48, 9.36, 11.23]"
799,38.08,0.0544663091502606,Persuadable,"[0, 5, 10, 15, 20, 25, 30]","[None, None, None, None, None, None, None]","[0.0, 1.9, 3.81, 5.71, 7.62, 9.52, 11.42]"
3987,27.39,0.0970169594473675,Persuadable,"[0, 5, 10, 15, 20, 25, 30]","[None, None, None, None, None, None, None]","[0.0, 1.37, 2.74, 4.11, 5.48, 6.85, 8.22]"
66,42.72,0.0913417971179172,Persuadable,"[0, 5, 10, 15, 20, 25, 30]","[None, None, None, None, None, None, None]","[0.0, 2.14, 4.27, 6.41, 8.54, 10.68, 12.82]"
2700,23.02,0.0136387041475194,Persuadable,"[0, 5, 10, 15, 20, 25, 30]","[None, None, None, None, None, None, None]","[0.0, 1.15, 2.3, 3.45, 4.6, 5.75, 6.91]"
1505,40.44,0.0605041881349891,Persuadable,"[0, 5, 10, 15, 20, 25, 30]","[None, None, None, None, None, None, None]","[0.0, 2.02, 4.04, 6.07, 8.09, 10.11, 12.13]"
180,33.38,-0.0785010609647324,Not Persuadable,"[0, 5, 10, 15, 20, 25, 30]","[None, None, None, None, None, None, None]","[0.0, 1.67, 3.34, 5.01, 6.68, 8.35, 10.01]"
1422,49.81,0.0762465259565661,Persuadable,"[0, 5, 10, 15, 20, 25, 30]","[None, None, None, None, None, None, None]","[0.0, 2.49, 4.98, 7.47, 9.96, 12.45, 14.94]"
625,31.78,0.2295744825228714,Highly Persuadable,"[0, 5, 10, 15, 20, 25, 30]","[None, None, None, None, None, None, None]","[0.0, 1.59, 3.18, 4.77, 6.36, 7.95, 9.53]"
24,24.25,0.0731307933060669,Persuadable,"[0, 5, 10, 15, 20, 25, 30]","[None, None, None, None, None, None, None]","[0.0, 1.21, 2.43, 3.64, 4.85, 6.06, 7.27]"
2060,39.11,0.102978538757356,Highly Persuadable,"[0, 5, 10, 15, 20, 25, 30]","[None, None, None, None, None, None, None]","[0.0, 1.96, 3.91, 5.87, 7.82, 9.78, 11.73]"
682,49.37,-0.0278702007250876,Not Persuadable,"[0, 5, 10, 15, 20, 25, 30]","[None, None, None, None, None, None, None]","[0.0, 2.47, 4.94, 7.41, 9.87, 12.34, 14.81]"
1631,25.91,0.180448196289447,Highly Persuadable,"[0, 5, 10, 15, 20, 25, 30]","[None, None, None, None, None, None, None]","[0.0, 1.3, 2.59, 3.89, 5.18, 6.48, 7.77]"
1091,39.96,0.0337251641934963,Persuadable,"[0, 5, 10, 15, 20, 25, 30]","[None, None, None, None, None, None, None]","[0.0, 2.0, 4.0, 5.99, 7.99, 9.99, 11.99]"
502,30.05,0.0979975032529149,Persuadable,"[0, 5, 10, 15, 20, 25, 30]","[None, None, None, None, None, None, None]","[0.0, 1.5, 3.01, 4.51, 6.01, 7.51, 9.02]"
4444,26.73,-0.054555946143044,Not Persuadable,"[0, 5, 10, 15, 20, 25, 30]","[None, None, None, None, None, None, None]","[0.0, 1.34, 2.67, 4.01, 5.35, 6.68, 8.02]"
229,36.17,-0.0047033133879006,Not Persuadable,"[0, 5, 10, 15, 20, 25, 30]","[None, None, None, None, None, None, None]","[0.0, 1.81, 3.62, 5.43, 7.23, 9.04, 10.85]"
4138,44.22,-0.0507629493847144,Not Persuadable,"[0, 5, 10, 15, 20, 25, 30]","[None, None, None, None, None, None, None]","[0.0, 2.21, 4.42, 6.63, 8.84, 11.05, 13.27]"
4639,27.56,0.16883279660185,Highly Persuadable,"[0, 5, 10, 15, 20, 25, 30]","[None, None, None, None, None, None, None]","[0.0, 1.38, 2.76, 4.13, 5.51, 6.89, 8.27]"
3788,50.7,0.0253019701724141,Persuadable,"[0, 5, 10, 15, 20, 25, 30]","[None, None, None, None, None, None, None]","[0.0, 2.54, 5.07, 7.61, 10.14, 12.68, 15.21]"
2221,37.86,0.0713258611913236,Persuadable,"[0, 5, 10, 15, 20, 25, 30]","[None, None, None, None, None, None, None]","[0.0, 1.89, 3.79, 5.68, 7.57, 9.46, 11.36]"
3711,42.17,0.0796134992241056,Persuadable,"[0, 5, 10, 15, 20, 25, 30]","[None, None, None, None, None, None, None]","[0.0, 2.11, 4.22, 6.33, 8.43, 10.54, 12.65]"
1413,15.43,0.1232115121937069,Highly Persuadable,"[0, 5, 10, 15, 20, 25, 30]","[None, None, None, None, None, None, None]","[0.0, 0.77, 1.54, 2.31, 3.09, 3.86, 4.63]"
2684,24.34,0.0405282588711207,Persuadable,"[0, 5, 10, 15, 20, 25, 30]","[None, None, None, None, None, None, None]","[0.0, 1.22, 2.43, 3.65, 4.87, 6.08, 7.3]"
85,31.82,0.041980973319546,Persuadable,"[0, 5, 10, 15, 20, 25, 30]","[None, None, None, None, None, None, None]","[0.0, 1.59, 3.18, 4.77, 6.36, 7.96, 9.55]"
4455,54.45,0.225734179552689,Highly Persuadable,"[0, 5, 10, 15, 20, 25, 30]","[None, None, None, None, None, None, None]","[0.0, 2.72, 5.45, 8.17, 10.89, 13.61, 16.34]"
4587,45.93,-0.1202653084256813,Not Persuadable,"[0, 5, 10, 15, 20, 25, 30]","[None, None, None, None, None, None, None]","[0.0, 2.3, 4.59, 6.89, 9.19, 11.48, 13.78]"
4309,39.32,0.0682013941055155,Persuadable,"[0, 5, 10, 15, 20, 25, 30]","[None, None, None, None, None, None, None]","[0.0, 1.97, 3.93, 5.9, 7.86, 9.83, 11.8]"
2379,36.5,-0.0881287959700333,Not Persuadable,"[0, 5, 10, 15, 20, 25, 30]","[None, None, None, None, None, None, None]","[0.0, 1.83, 3.65, 5.47, 7.3, 9.12, 10.95]"
2697,41.42,0.1820644016164661,Highly Persuadable,"[0, 5, 10, 15, 20, 25, 30]","[None, None, None, None, None, None, None]","[0.0, 2.07, 4.14, 6.21, 8.28, 10.36, 12.43]"
1210,37.3,0.1430940924837837,Highly Persuadable,"[0, 5, 10, 15, 20, 25, 30]","[None, None, None, None, None, None, None]","[0.0, 1.86, 3.73, 5.59, 7.46, 9.32, 11.19]"
2766,32.4,0.1258599566797978,Highly Persuadable,"[0, 5, 10, 15, 20, 25, 30]","[None, None, None, None, None, None, None]","[0.0, 1.62, 3.24, 4.86, 6.48, 8.1, 9.72]"
334,34.51,0.0416443586598715,Persuadable,"[0, 5, 10, 15, 20, 25, 30]","[None, None, None, None, None, None, None]","[0.0, 1.73, 3.45, 5.18, 6.9, 8.63, 10.35]"
2093,40.39,0.0801119668575842,Persuadable,"[0, 5, 10, 15, 20, 25, 30]","[None, None, None, None, None, None, None]","[0.0, 2.02, 4.04, 6.06, 8.08, 10.1, 12.12]"
200,29.85,0.068713941140619,Persuadable,"[0, 5, 10, 15, 20, 25, 30]","[None, None, None, None, None, None, None]","[0.0, 1.49, 2.99, 4.48, 5.97, 7.46, 8.96]"
2883,47.14,-0.0392022783467786,Not Persuadable,"[0, 5, 10, 15, 20, 25, 30]","[None, None, None, None, None, None, None]","[0.0, 2.36, 4.71, 7.07, 9.43, 11.79, 14.14]"
1433,24.99,0.152601829823384,Highly Persuadable,"[0, 5, 10, 15, 20, 25, 30]","[None, None, None, None, None, None, None]","[0.0, 1.25, 2.5, 3.75, 5.0, 6.25, 7.5]"
808,34.89,-0.0923603483637255,Not Persuadable,"[0, 5, 10, 15, 20, 25, 30]","[None, None, None, None, None, None, None]","[0.0, 1.74, 3.49, 5.23, 6.98, 8.72, 10.47]"
4195,35.02,0.1641707796623338,Highly Persuadable,"[0, 5, 10, 15, 20, 25, 30]","[None, None, None, None, None, None, None]","[0.0, 1.75, 3.5, 5.25, 7.0, 8.76, 10.51]"
3436,38.66,0.143558328247719,Highly Persuadable,"[0, 5, 10, 15, 20, 25, 30]","[None, None, None, None, None, None, None]","[0.0, 1.93, 3.87, 5.8, 7.73, 9.66, 11.6]"
3574,39.9,0.0659167286516394,Persuadable,"[0, 5, 10, 15, 20, 25, 30]","[None, None, None, None, None, None, None]","[0.0, 2.0, 3.99, 5.98, 7.98, 9.97, 11.97]"
1030,40.32,-0.0566564608169265,Not Persuadable,"[0, 5, 10, 15, 20, 25, 30]","[None, None, None, None, None, None, None]","[0.0, 2.02, 4.03, 6.05, 8.06, 10.08, 12.1]"
3493,49.52,-0.0921102280703908,Not Persuadable,"[0, 5, 10, 15, 20, 25, 30]","[None, None, None, None, None, None, None]","[0.0, 2.48, 4.95, 7.43, 9.9, 12.38, 14.86]"
1520,27.63,0.0716864779262723,Persuadable,"[0, 5, 10, 15, 20, 25, 30]","[None, None, None, None, None, None, None]","[0.0, 1.38, 2.76, 4.14, 5.53, 6.91, 8.29]"
4849,24.64,0.163471960626174,Highly Persuadable,"[0, 5, 10, 15, 20, 25, 30]","[None, None, None, None, None, None, None]","[0.0, 1.23, 2.46, 3.7, 4.93, 6.16, 7.39]"
1955,44.33,-0.0728063229630592,Not Persuadable,"[0, 5, 10, 15, 20, 25, 30]","[None, None, None, None, None, None, None]","[0.0, 2.22, 4.43, 6.65, 8.87, 11.08, 13.3]"
2405,52.45,-0.0204138723622017,Not Persuadable,"[0, 5, 10, 15, 20, 25, 30]","[None, None, None, None, None, None, None]","[0.0, 2.62, 5.25, 7.87, 10.49, 13.11, 15.73]"
4310,18.16,-0.0335517710206117,Not Persuadable,"[0, 5, 10, 15, 20, 25, 30]","[None, None, None, None, None, None, None]","[0.0, 0.91, 1.82, 2.72, 3.63, 4.54, 5.45]"
4131,43.31,0.0511132337548134,Persuadable,"[0, 5, 10, 15, 20, 25, 30]","[None, None, None, None, None, None, None]","[0.0, 2.17, 4.33, 6.5, 8.66, 10.83, 12.99]"
2122,27.02,0.133572956282784,Highly Persuadable,"[0, 5, 10, 15, 20, 25, 30]","[None, None, None, None, None, None, None]","[0.0, 1.35, 2.7, 4.05, 5.4, 6.75, 8.11]"
80,26.67,0.062391206909228,Persuadable,"[0, 5, 10, 15, 20, 25, 30]","[None, None, None, None, None, None, None]","[0.0, 1.33, 2.67, 4.0, 5.33, 6.67, 8.0]"
4293,29.14,0.0521196244235587,Persuadable,"[0, 5, 10, 15, 20, 25, 30]","[None, None, None, None, None, None, None]","[0.0, 1.46, 2.91, 4.37, 5.83, 7.29, 8.74]"
3292,48.56,0.0498745050143264,Persuadable,"[0, 5, 10, 15, 20, 25, 30]","[None, None, None, None, None, None, None]","[0.0, 2.43, 4.86, 7.28, 9.71, 12.14, 14.57]"
3045,35.58,0.2283943650809247,Highly Persuadable,"[0, 5, 10, 15, 20, 25, 30]","[None, None, None, None, None, None, None]","[0.0, 1.78, 3.56, 5.34, 7.12, 8.89, 10.67]"
4733,35.07,-0.0659234404606603,Not Persuadable,"[0, 5, 10, 15, 20, 25, 30]","[None, None, None, None, None, None, None]","[0.0, 1.75, 3.51, 5.26, 7.01, 8.77, 10.52]"
3167,31.75,0.0881386796742469,Persuadable,"[0, 5, 10, 15, 20, 25, 30]","[None, None, None, None, None, None, None]","[0.0, 1.59, 3.18, 4.76, 6.35, 7.94, 9.53]"
4542,27.93,0.2106055001332651,Highly Persuadable,"[0, 5, 10, 15, 20, 25, 30]","[None, None, None, None, None, None, None]","[0.0, 1.4, 2.79, 4.19, 5.59, 6.98, 8.38]"
2074,30.8,0.1536960612555196,Highly Persuadable,"[0, 5, 10, 15, 20, 25, 30]","[None, None, None, None, None, None, None]","[0.0, 1.54, 3.08, 4.62, 6.16, 7.7, 9.24]"
734,34.92,-0.0043275960292684,Not Persuadable,"[0, 5, 10, 15, 20, 25, 30]","[None, None, None, None, None, None, None]","[0.0, 1.75, 3.49, 5.24, 6.98, 8.73, 10.48]"
3952,36.97,-0.082544539376388,Not Persuadable,"[0, 5, 10, 15, 20, 25, 30]","[None, None, None, None, None, None, None]","[0.0, 1.85, 3.7, 5.55, 7.39, 9.24, 11.09]"
3434,32.29,-0.0102192625845939,Not Persuadable,"[0, 5, 10, 15, 20, 25, 30]","[None, None, None, None, None, None, None]","[0.0, 1.61, 3.23, 4.84, 6.46, 8.07, 9.69]"
2219,30.42,0.0645988621161824,Persuadable,"[0, 5, 10, 15, 20, 25, 30]","[None, None, None, None, None, None, None]","[0.0, 1.52, 3.04, 4.56, 6.08, 7.61, 9.13]"
1742,47.61,0.0427666806941425,Persuadable,"[0, 5, 10, 15, 20, 25, 30]","[None, None, None, None, None, None, None]","[0.0, 2.38, 4.76, 7.14, 9.52, 11.9, 14.28]"
297,27.33,0.0787718462717653,Persuadable,"[0, 5, 10, 15, 20, 25, 30]","[None, None, None, None, None, None, None]","[0.0, 1.37, 2.73, 4.1, 5.47, 6.83, 8.2]"
3560,40.1,0.0207899809096771,Persuadable,"[0, 5, 10, 15, 20, 25, 30]","[None, None, None, None, None, None, None]","[0.0, 2.01, 4.01, 6.01, 8.02, 10.03, 12.03]"
712,29.51,0.1626452865866363,Highly Persuadable,"[0, 5, 10, 15, 20, 25, 30]","[None, None, None, None, None, None, None]","[0.0, 1.48, 2.95, 4.43, 5.9, 7.38, 8.85]"
897,33.86,0.0975928702847976,Persuadable,"[0, 5, 10, 15, 20, 25, 30]","[None, None, None, None, None, None, None]","[0.0, 1.69, 3.39, 5.08, 6.77, 8.46, 10.16]"
3950,40.75,0.0787950565350191,Persuadable,"[0, 5, 10, 15, 20, 25, 30]","[None, None, None, None, None, None, None]","[0.0, 2.04, 4.08, 6.11, 8.15, 10.19, 12.22]"
374,43.19,-0.0350853141217187,Not Persuadable,"[0, 5, 10, 15, 20, 25, 30]","[None, None, None, None, None, None, None]","[0.0, 2.16, 4.32, 6.48, 8.64, 10.8, 12.96]"
1558,40.44,0.0852452943064051,Persuadable,"[0, 5, 10, 15, 20, 25, 30]","[None, None, None, None, None, None, None]","[0.0, 2.02, 4.04, 6.07, 8.09, 10.11, 12.13]"
4149,40.36,0.1221321810676854,Highly Persuadable,"[0, 5, 10, 15, 20, 25, 30]","[None, None, None, None, None, None, None]","[0.0, 2.02, 4.04, 6.05, 8.07, 10.09, 12.11]"
1500,53.53,0.0099522383201998,Persuadable,"[0, 5, 10, 15, 20, 25, 30]","[None, None, None, None, None, None, None]","[0.0, 2.68, 5.35, 8.03, 10.71, 13.38, 16.06]"
4618,19.56,-0.0652243475308267,Not Persuadable,"[0, 5, 10, 15, 20, 25, 30]","[None, None, None, None, None, None, None]","[0.0, 0.98, 1.96, 2.93, 3.91, 4.89, 5.87]"
472,18.13,0.1786488473983778,Highly Persuadable,"[0, 5, 10, 15, 20, 25, 30]","[None, None, None, None, None, None, None]","[0.0, 0.91, 1.81, 2.72, 3.63, 4.53, 5.44]"
1035,37.56,-0.1058253498229764,Not Persuadable,"[0, 5, 10, 15, 20, 25, 30]","[None, None, None, None, None, None, None]","[0.0, 1.88, 3.76, 5.63, 7.51, 9.39, 11.27]"
1515,19.29,0.0602293339246083,Persuadable,"[0, 5, 10, 15, 20, 25, 30]","[None, None, None, None, None, None, None]","[0.0, 0.96, 1.93, 2.89, 3.86, 4.82, 5.79]"
4237,46.33,-0.0120615669084261,Not Persuadable,"[0, 5, 10, 15, 20, 25, 30]","[None, None, None, None, None, None, None]","[0.0, 2.32, 4.63, 6.95, 9.27, 11.58, 13.9]"
1733,41.57,-0.0196712883804949,Not Persuadable,"[0, 5, 10, 15, 20, 25, 30]","[None, None, None, None, None, None, None]","[0.0, 2.08, 4.16, 6.24, 8.31, 10.39, 12.47]"
1271,52.71,0.0081765739424207,Persuadable,"[0, 5, 10, 15, 20, 25, 30]","[None, None, None, None, None, None, None]","[0.0, 2.64, 5.27, 7.91, 10.54, 13.18, 15.81]"
3935,65.04,0.0129818270233552,Persuadable,"[0, 5, 10, 15, 20, 25, 30]","[None, None, None, None, None, None, None]","[0.0, 3.25, 6.5, 9.76, 13.01, 16.26, 19.51]"
4437,39.61,0.0626504646087232,Persuadable,"[0, 5, 10, 15, 20, 25, 30]","[None, None, None, None, None, None, None]","[0.0, 1.98, 3.96, 5.94, 7.92, 9.9, 11.88]"
4419,37.56,0.071040914684441,Persuadable,"[0, 5, 10, 15, 20, 25, 30]","[None, None, None, None, None, None, None]","[0.0, 1.88, 3.76, 5.63, 7.51, 9.39, 11.27]"
2586,41.6,0.071371862131498,Persuadable,"[0, 5, 10, 15, 20, 25, 30]","[None, None, None, None, None, None, None]","[0.0, 2.08, 4.16, 6.24, 8.32, 10.4, 12.48]"
3636,43.83,0.0039311867720126,Persuadable,"[0, 5, 10, 15, 20, 25, 30]","[None, None, None, None, None, None, None]","[0.0, 2.19, 4.38, 6.57, 8.77, 10.96, 13.15]"
656,31.78,-0.0508869721810045,Not Persuadable,"[0, 5, 10, 15, 20, 25, 30]","[None, None, None, None, None, None, None]","[0.0, 1.59, 3.18, 4.77, 6.36, 7.95, 9.53]"
1293,37.86,0.1232359977282524,Highly Persuadable,"[0, 5, 10, 15, 20, 25, 30]","[None, None, None, None, None, None, None]","[0.0, 1.89, 3.79, 5.68, 7.57, 9.46, 11.36]"
4752,55.76,-0.0504844142437462,Not Persuadable,"[0, 5, 10, 15, 20, 25, 30]","[None, None, None, None, None, None, None]","[0.0, 2.79, 5.58, 8.36, 11.15, 13.94, 16.73]"
427,47.8,0.0688434261709088,Persuadable,"[0, 5, 10, 15, 20, 25, 30]","[None, None, None, None, None, None, None]","[0.0, 2.39, 4.78, 7.17, 9.56, 11.95, 14.34]"
2421,39.1,-0.1025307539958678,Not Persuadable,"[0, 5, 10, 15, 20, 25, 30]","[None, None, None, None, None, None, None]","[0.0, 1.96, 3.91, 5.87, 7.82, 9.78, 11.73]"
2136,51.29,0.0572614607774276,Persuadable,"[0, 5, 10, 15, 20, 25, 30]","[None, None, None, None, None, None, None]","[0.0, 2.56, 5.13, 7.69, 10.26, 12.82, 15.39]"
1075,42.08,0.0517011216235,Persuadable,"[0, 5, 10, 15, 20, 25, 30]","[None, None, None, None, None, None, None]","[0.0, 2.1, 4.21, 6.31, 8.42, 10.52, 12.62]"
4840,48.9,0.1130124666692924,Highly Persuadable,"[0, 5, 10, 15, 20, 25, 30]","[None, None, None, None, None, None, None]","[0.0, 2.45, 4.89, 7.33, 9.78, 12.22, 14.67]"
1323,41.98,-0.0412621814004718,Not Persuadable,"[0, 5, 10, 15, 20, 25, 30]","[None, None, None, None, None, None, None]","[0.0, 2.1, 4.2, 6.3, 8.4, 10.49, 12.59]"
415,51.62,0.0211274339813283,Persuadable,"[0, 5, 10, 15, 20, 25, 30]","[None, None, None, None, None, None, None]","[0.0, 2.58, 5.16, 7.74, 10.32, 12.9, 15.49]"
2485,42.08,0.0583791489550557,Persuadable,"[0, 5, 10, 15, 20, 25, 30]","[None, None, None, None, None, None, None]","[0.0, 2.1, 4.21, 6.31, 8.42, 10.52, 12.62]"
2147,48.71,0.0832366021022892,Persuadable,"[0, 5, 10, 15, 20, 25, 30]","[None, None, None, None, None, None, None]","[0.0, 2.44, 4.87, 7.31, 9.74, 12.18, 14.61]"
590,34.05,0.075020546129387,Persuadable,"[0, 5, 10, 15, 20, 25, 30]","[None, None, None, None, None, None, None]","[0.0, 1.7, 3.4, 5.11, 6.81, 8.51, 10.21]"
169,47.3,-0.0165350031449008,Not Persuadable,"[0, 5, 10, 15, 20, 25, 30]","[None, None, None, None, None, None, None]","[0.0, 2.36, 4.73, 7.09, 9.46, 11.82, 14.19]"
3519,45.98,0.0179472559148576,Persuadable,"[0, 5, 10, 15, 20, 25, 30]","[None, None, None, None, None, None, None]","[0.0, 2.3, 4.6, 6.9, 9.2, 11.49, 13.79]"
2241,47.21,0.0994703882077144,Persuadable,"[0, 5, 10, 15, 20, 25, 30]","[None, None, None, None, None, None, None]","[0.0, 2.36, 4.72, 7.08, 9.44, 11.8, 14.16]"
997,46.28,0.0013939598259311,Persuadable,"[0, 5, 10, 15, 20, 25, 30]","[None, None, None, None, None, None, None]","[0.0, 2.31, 4.63, 6.94, 9.26, 11.57, 13.88]"
3670,55.94,0.0946623790806347,Persuadable,"[0, 5, 10, 15, 20, 25, 30]","[None, None, None, None, None, None, None]","[0.0, 2.8, 5.59, 8.39, 11.19, 13.98, 16.78]"
1865,44.15,0.0873743850964464,Persuadable,"[0, 5, 10, 15, 20, 25, 30]","[None, None, None, None, None, None, None]","[0.0, 2.21, 4.42, 6.62, 8.83, 11.04, 13.24]"
9,21.19,0.0749486945908268,Persuadable,"[0, 5, 10, 15, 20, 25, 30]","[None, None, None, None, None, None, None]","[0.0, 1.06, 2.12, 3.18, 4.24, 5.3, 6.36]"
3186,16.4,-0.0308190714384367,Not Persuadable,"[0, 5, 10, 15, 20, 25, 30]","[None, None, None, None, None, None, None]","[0.0, 0.82, 1.64, 2.46, 3.28, 4.1, 4.92]"
498,30.71,0.0478413963886574,Persuadable,"[0, 5, 10, 15, 20, 25, 30]","[None, None, None, None, None, None, None]","[0.0, 1.54, 3.07, 4.61, 6.14, 7.68, 9.21]"
4335,58.37,0.1045291561981355,Highly Persuadable,"[0, 5, 10, 15, 20, 25, 30]","[None, None, None, None, None, None, None]","[0.0, 2.92, 5.84, 8.76, 11.67, 14.59, 17.51]"
145,11.54,0.0452529858994884,Persuadable,"[0, 5, 10, 15, 20, 25, 30]","[None, None, None, None, None, None, None]","[0.0, 0.58, 1.15, 1.73, 2.31, 2.88, 3.46]"
658,47.8,-0.0744554306289131,Not Persuadable,"[0, 5, 10, 15, 20, 25, 30]","[None, None, None, None, None, None, None]","[0.0, 2.39, 4.78, 7.17, 9.56, 11.95, 14.34]"
2026,37.58,-0.0018486925359881,Not Persuadable,"[0, 5, 10, 15, 20, 25, 30]","[None, None, None, None, None, None, None]","[0.0, 1.88, 3.76, 5.64, 7.52, 9.39, 11.27]"
298,33.22,0.0951046478886137,Persuadable,"[0, 5, 10, 15, 20, 25, 30]","[None, None, None, None, None, None, None]","[0.0, 1.66, 3.32, 4.98, 6.64, 8.3, 9.97]"
3781,33.08,0.0130397608521521,Persuadable,"[0, 5, 10, 15, 20, 25, 30]","[None, None, None, None, None, None, None]","[0.0, 1.65, 3.31, 4.96, 6.62, 8.27, 9.92]"
1254,23.96,0.0487260703730755,Persuadable,"[0, 5, 10, 15, 20, 25, 30]","[None, None, None, None, None, None, None]","[0.0, 1.2, 2.4, 3.59, 4.79, 5.99, 7.19]"
152,35.0,0.1102633994300335,Highly Persuadable,"[0, 5, 10, 15, 20, 25, 30]","[None, None, None, None, None, None, None]","[0.0, 1.75, 3.5, 5.25, 7.0, 8.75, 10.5]"
1744,37.86,-0.0010236418510831,Not Persuadable,"[0, 5, 10, 15, 20, 25, 30]","[None, None, None, None, None, None, None]","[0.0, 1.89, 3.79, 5.68, 7.57, 9.46, 11.36]"
2628,46.84,0.0384548705019371,Persuadable,"[0, 5, 10, 15, 20, 25, 30]","[None, None, None, None, None, None, None]","[0.0, 2.34, 4.68, 7.03, 9.37, 11.71, 14.05]"
1198,28.26,-0.0104466808324837,Not Persuadable,"[0, 5, 10, 15, 20, 25, 30]","[None, None, None, None, None, None, None]","[0.0, 1.41, 2.83, 4.24, 5.65, 7.07, 8.48]"
3228,14.0,0.0547281409147881,Persuadable,"[0, 5, 10, 15, 20, 25, 30]","[None, None, None, None, None, None, None]","[0.0, 0.7, 1.4, 2.1, 2.8, 3.5, 4.2]"
3162,54.94,0.0918775938786396,Persuadable,"[0, 5, 10, 15, 20, 25, 30]","[None, None, None, None, None, None, None]","[0.0, 2.75, 5.49, 8.24, 10.99, 13.73, 16.48]"
4835,27.94,-0.0609453238752903,Not Persuadable,"[0, 5, 10, 15, 20, 25, 30]","[None, None, None, None, None, None, None]","[0.0, 1.4, 2.79, 4.19, 5.59, 6.99, 8.38]"
3409,57.57,0.0909769576863464,Persuadable,"[0, 5, 10, 15, 20, 25, 30]","[None, None, None, None, None, None, None]","[0.0, 2.88, 5.76, 8.64, 11.51, 14.39, 17.27]"
1393,34.83,-0.0191582299977419,Not Persuadable,"[0, 5, 10, 15, 20, 25, 30]","[None, None, None, None, None, None, None]","[0.0, 1.74, 3.48, 5.22, 6.97, 8.71, 10.45]"
3941,30.75,0.1156439480388435,Highly Persuadable,"[0, 5, 10, 15, 20, 25, 30]","[None, None, None, None, None, None, None]","[0.0, 1.54, 3.08, 4.61, 6.15, 7.69, 9.22]"
1414,60.94,0.1497208957602152,Highly Persuadable,"[0, 5, 10, 15, 20, 25, 30]","[None, None, None, None, None, None, None]","[0.0, 3.05, 6.09, 9.14, 12.19, 15.23, 18.28]"
1540,42.61,0.0161753123452964,Persuadable,"[0, 5, 10, 15, 20, 25, 30]","[None, None, None, None, None, None, None]","[0.0, 2.13, 4.26, 6.39, 8.52, 10.65, 12.78]"
2588,26.17,0.1211536847497558,Highly Persuadable,"[0, 5, 10, 15, 20, 25, 30]","[None, None, None, None, None, None, None]","[0.0, 1.31, 2.62, 3.93, 5.23, 6.54, 7.85]"
1706,47.53,0.0446942140614087,Persuadable,"[0, 5, 10, 15, 20, 25, 30]","[None, None, None, None, None, None, None]","[0.0, 2.38, 4.75, 7.13, 9.51, 11.88, 14.26]"
3833,28.9,0.0570548761788136,Persuadable,"[0, 5, 10, 15, 20, 25, 30]","[None, None, None, None, None, None, None]","[0.0, 1.45, 2.89, 4.33, 5.78, 7.22, 8.67]"
2999,42.92,0.0646673981981473,Persuadable,"[0, 5, 10, 15, 20, 25, 30]","[None, None, None, None, None, None, None]","[0.0, 2.15, 4.29, 6.44, 8.58, 10.73, 12.88]"
4530,28.97,0.0288844607892359,Persuadable,"[0, 5, 10, 15, 20, 25, 30]","[None, None, None, None, None, None, None]","[0.0, 1.45, 2.9, 4.35, 5.79, 7.24, 8.69]"
4260,30.53,0.0885594549746957,Persuadable,"[0, 5, 10, 15, 20, 25, 30]","[None, None, None, None, None, None, None]","[0.0, 1.53, 3.05, 4.58, 6.11, 7.63, 9.16]"
3610,38.12,-0.02985026783455,Not Persuadable,"[0, 5, 10, 15, 20, 25, 30]","[None, None, None, None, None, None, None]","[0.0, 1.91, 3.81, 5.72, 7.62, 9.53, 11.44]"
1445,51.26,0.0409563151536843,Persuadable,"[0, 5, 10, 15, 20, 25, 30]","[None, None, None, None, None, None, None]","[0.0, 2.56, 5.13, 7.69, 10.25, 12.81, 15.38]"
101,31.62,0.1589703332272213,Highly Persuadable,"[0, 5, 10, 15, 20, 25, 30]","[None, None, None, None, None, None, None]","[0.0, 1.58, 3.16, 4.74, 6.32, 7.91, 9.49]"
2820,53.81,0.0050980330682753,Persuadable,"[0, 5, 10, 15, 20, 25, 30]","[None, None, None, None, None, None, None]","[0.0, 2.69, 5.38, 8.07, 10.76, 13.45, 16.14]"
1205,35.03,0.0611852186521099,Persuadable,"[0, 5, 10, 15, 20, 25, 30]","[None, None, None, None, None, None, None]","[0.0, 1.75, 3.5, 5.25, 7.01, 8.76, 10.51]"
1324,26.01,0.1391476106136331,Highly Persuadable,"[0, 5, 10, 15, 20, 25, 30]","[None, None, None, None, None, None, None]","[0.0, 1.3, 2.6, 3.9, 5.2, 6.5, 7.8]"
1026,50.86,-0.1519706791759199,Not Persuadable,"[0, 5, 10, 15, 20, 25, 30]","[None, None, None, None, None, None, None]","[0.0, 2.54, 5.09, 7.63, 10.17, 12.71, 15.26]"
4059,35.24,0.1654079332006555,Highly Persuadable,"[0, 5, 10, 15, 20, 25, 30]","[None, None, None, None, None, None, None]","[0.0, 1.76, 3.52, 5.29, 7.05, 8.81, 10.57]"
1616,42.44,-0.0528709767930732,Not Persuadable,"[0, 5, 10, 15, 20, 25, 30]","[None, None, None, None, None, None, None]","[0.0, 2.12, 4.24, 6.37, 8.49, 10.61, 12.73]"
2388,55.78,0.0313662533483735,Persuadable,"[0, 5, 10, 15, 20, 25, 30]","[None, None, None, None, None, None, None]","[0.0, 2.79, 5.58, 8.37, 11.16, 13.95, 16.73]"
1753,24.03,0.1148511089109996,Highly Persuadable,"[0, 5, 10, 15, 20, 25, 30]","[None, None, None, None, None, None, None]","[0.0, 1.2, 2.4, 3.6, 4.81, 6.01, 7.21]"
4999,40.65,0.1197840011372383,Highly Persuadable,"[0, 5, 10, 15, 20, 25, 30]","[None, None, None, None, None, None, None]","[0.0, 2.03, 4.07, 6.1, 8.13, 10.16, 12.19]"
1232,37.52,0.0459517265194314,Persuadable,"[0, 5, 10, 15, 20, 25, 30]","[None, None, None, None, None, None, None]","[0.0, 1.88, 3.75, 5.63, 7.5, 9.38, 11.26]"
4422,37.61,0.1747269804220396,Highly Persuadable,"[0, 5, 10, 15, 20, 25, 30]","[None, None, None, None, None, None, None]","[0.0, 1.88, 3.76, 5.64, 7.52, 9.4, 11.28]"
3012,27.04,0.0153563535199325,Persuadable,"[0, 5, 10, 15, 20, 25, 30]","[None, None, None, None, None, None, None]","[0.0, 1.35, 2.7, 4.06, 5.41, 6.76, 8.11]"
2506,25.59,-0.0128336697487443,Not Persuadable,"[0, 5, 10, 15, 20, 25, 30]","[None, None, None, None, None, None, None]","[0.0, 1.28, 2.56, 3.84, 5.12, 6.4, 7.68]"
4382,42.77,0.0898499017694949,Persuadable,"[0, 5, 10, 15, 20, 25, 30]","[None, None, None, None, None, None, None]","[0.0, 2.14, 4.28, 6.42, 8.55, 10.69, 12.83]"
1211,26.04,0.1480195038338203,Highly Persuadable,"[0, 5, 10, 15, 20, 25, 30]","[None, None, None, None, None, None, None]","[0.0, 1.3, 2.6, 3.91, 5.21, 6.51, 7.81]"
3945,51.33,-0.0628303668463774,Not Persuadable,"[0, 5, 10, 15, 20, 25, 30]","[None, None, None, None, None, None, None]","[0.0, 2.57, 5.13, 7.7, 10.27, 12.83, 15.4]"
1913,41.9,0.0177407492849314,Persuadable,"[0, 5, 10, 15, 20, 25, 30]","[None, None, None, None, None, None, None]","[0.0, 2.1, 4.19, 6.28, 8.38, 10.47, 12.57]"
3527,43.91,0.0731453088216861,Persuadable,"[0, 5, 10, 15, 20, 25, 30]","[None, None, None, None, None, None, None]","[0.0, 2.2, 4.39, 6.59, 8.78, 10.98, 13.17]"
2528,54.13,-0.0221799709617209,Not Persuadable,"[0, 5, 10, 15, 20, 25, 30]","[None, None, None, None, None, None, None]","[0.0, 2.71, 5.41, 8.12, 10.83, 13.53, 16.24]"
2606,50.06,-0.0501179605937373,Not Persuadable,"[0, 5, 10, 15, 20, 25, 30]","[None, None, None, None, None, None, None]","[0.0, 2.5, 5.01, 7.51, 10.01, 12.52, 15.02]"
3984,37.92,0.0194626949104106,Persuadable,"[0, 5, 10, 15, 20, 25, 30]","[None, None, None, None, None, None, None]","[0.0, 1.9, 3.79, 5.69, 7.58, 9.48, 11.38]"
473,47.52,-0.1189808823473258,Not Persuadable,"[0, 5, 10, 15, 20, 25, 30]","[None, None, None, None, None, None, None]","[0.0, 2.38, 4.75, 7.13, 9.5, 11.88, 14.26]"
2844,39.45,0.0162017345604772,Persuadable,"[0, 5, 10, 15, 20, 25, 30]","[None, None, None, None, None, None, None]","[0.0, 1.97, 3.95, 5.92, 7.89, 9.86, 11.84]"
4215,21.26,0.1464463553081455,Highly Persuadable,"[0, 5, 10, 15, 20, 25, 30]","[None, None, None, None, None, None, None]","[0.0, 1.06, 2.13, 3.19, 4.25, 5.32, 6.38]"
4081,23.71,-0.0598514916621228,Not Persuadable,"[0, 5, 10, 15, 20, 25, 30]","[None, None, None, None, None, None, None]","[0.0, 1.19, 2.37, 3.56, 4.74, 5.93, 7.11]"
3596,49.13,0.0510016291883418,Persuadable,"[0, 5, 10, 15, 20, 25, 30]","[None, None, None, None, None, None, None]","[0.0, 2.46, 4.91, 7.37, 9.83, 12.28, 14.74]"
1256,34.04,0.019434298140817,Persuadable,"[0, 5, 10, 15, 20, 25, 30]","[None, None, None, None, None, None, None]","[0.0, 1.7, 3.4, 5.11, 6.81, 8.51, 10.21]"
4773,35.53,0.0311923263975988,Persuadable,"[0, 5, 10, 15, 20, 25, 30]","[None, None, None, None, None, None, None]","[0.0, 1.78, 3.55, 5.33, 7.11, 8.88, 10.66]"
1748,56.86,-0.0422692352357244,Not Persuadable,"[0, 5, 10, 15, 20, 25, 30]","[None, None, None, None, None, None, None]","[0.0, 2.84, 5.69, 8.53, 11.37, 14.21, 17.06]"
3917,38.35,0.1206765038886983,Highly Persuadable,"[0, 5, 10, 15, 20, 25, 30]","[None, None, None, None, None, None, None]","[0.0, 1.92, 3.84, 5.75, 7.67, 9.59, 11.51]"
4979,52.48,-0.0843185075329266,Not Persuadable,"[0, 5, 10, 15, 20, 25, 30]","[None, None, None, None, None, None, None]","[0.0, 2.62, 5.25, 7.87, 10.5, 13.12, 15.74]"
3297,39.48,-0.0027207762409223,Not Persuadable,"[0, 5, 10, 15, 20, 25, 30]","[None, None, None, None, None, None, None]","[0.0, 1.97, 3.95, 5.92, 7.9, 9.87, 11.84]"
3265,40.48,0.0987308534227194,Persuadable,"[0, 5, 10, 15, 20, 25, 30]","[None, None, None, None, None, None, None]","[0.0, 2.02, 4.05, 6.07, 8.1, 10.12, 12.14]"
249,53.07,0.0081101886065831,Persuadable,"[0, 5, 10, 15, 20, 25, 30]","[None, None, None, None, None, None, None]","[0.0, 2.65, 5.31, 7.96, 10.61, 13.27, 15.92]"
34,45.11,-0.1127469692340338,Not Persuadable,"[0, 5, 10, 15, 20, 25, 30]","[None, None, None, None, None, None, None]","[0.0, 2.26, 4.51, 6.77, 9.02, 11.28, 13.53]"
2797,29.18,0.047742168710003,Persuadable,"[0, 5, 10, 15, 20, 25, 30]","[None, None, None, None, None, None, None]","[0.0, 1.46, 2.92, 4.38, 5.84, 7.29, 8.75]"
3684,32.15,0.1003014480942255,Highly Persuadable,"[0, 5, 10, 15, 20, 25, 30]","[None, None, None, None, None, None, None]","[0.0, 1.61, 3.21, 4.82, 6.43, 8.04, 9.64]"
506,27.1,0.148800045625147,Highly Persuadable,"[0, 5, 10, 15, 20, 25, 30]","[None, None, None, None, None, None, None]","[0.0, 1.36, 2.71, 4.07, 5.42, 6.78, 8.13]"
3081,14.66,0.0146110134103544,Persuadable,"[0, 5, 10, 15, 20, 25, 30]","[None, None, None, None, None, None, None]","[0.0, 0.73, 1.47, 2.2, 2.93, 3.67, 4.4]"
894,61.82,0.1229016980307488,Highly Persuadable,"[0, 5, 10, 15, 20, 25, 30]","[None, None, None, None, None, None, None]","[0.0, 3.09, 6.18, 9.27, 12.36, 15.46, 18.55]"
627,47.04,-0.0200752706789824,Not Persuadable,"[0, 5, 10, 15, 20, 25, 30]","[None, None, None, None, None, None, None]","[0.0, 2.35, 4.7, 7.06, 9.41, 11.76, 14.11]"
3190,19.38,-0.093183936771669,Not Persuadable,"[0, 5, 10, 15, 20, 25, 30]","[None, None, None, None, None, None, None]","[0.0, 0.97, 1.94, 2.91, 3.88, 4.84, 5.81]"
1673,27.83,0.1649369033610198,Highly Persuadable,"[0, 5, 10, 15, 20, 25, 30]","[None, None, None, None, None, None, None]","[0.0, 1.39, 2.78, 4.17, 5.57, 6.96, 8.35]"
2518,45.24,-0.1227836935898673,Not Persuadable,"[0, 5, 10, 15, 20, 25, 30]","[None, None, None, None, None, None, None]","[0.0, 2.26, 4.52, 6.79, 9.05, 11.31, 13.57]"
2723,27.99,0.0529555115533743,Persuadable,"[0, 5, 10, 15, 20, 25, 30]","[None, None, None, None, None, None, None]","[0.0, 1.4, 2.8, 4.2, 5.6, 7.0, 8.4]"
3040,45.37,0.0469312155377188,Persuadable,"[0, 5, 10, 15, 20, 25, 30]","[None, None, None, None, None, None, None]","[0.0, 2.27, 4.54, 6.81, 9.07, 11.34, 13.61]"
1872,38.86,0.0624775961334512,Persuadable,"[0, 5, 10, 15, 20, 25, 30]","[None, None, None, None, None, None, None]","[0.0, 1.94, 3.89, 5.83, 7.77, 9.71, 11.66]"
2852,44.64,0.0259826576609161,Persuadable,"[0, 5, 10, 15, 20, 25, 30]","[None, None, None, None, None, None, None]","[0.0, 2.23, 4.46, 6.7, 8.93, 11.16, 13.39]"
970,54.69,0.0786338081329252,Persuadable,"[0, 5, 10, 15, 20, 25, 30]","[None, None, None, None, None, None, None]","[0.0, 2.73, 5.47, 8.2, 10.94, 13.67, 16.41]"
417,35.33,-0.0976777830525543,Not Persuadable,"[0, 5, 10, 15, 20, 25, 30]","[None, None, None, None, None, None, None]","[0.0, 1.77, 3.53, 5.3, 7.07, 8.83, 10.6]"
1361,46.55,-0.0449142872597835,Not Persuadable,"[0, 5, 10, 15, 20, 25, 30]","[None, None, None, None, None, None, None]","[0.0, 2.33, 4.66, 6.98, 9.31, 11.64, 13.96]"
231,42.89,0.0848277544579069,Persuadable,"[0, 5, 10, 15, 20, 25, 30]","[None, None, None, None, None, None, None]","[0.0, 2.14, 4.29, 6.43, 8.58, 10.72, 12.87]"
4871,22.37,0.107142891047053,Highly Persuadable,"[0, 5, 10, 15, 20, 25, 30]","[None, None, None, None, None, None, None]","[0.0, 1.12, 2.24, 3.36, 4.47, 5.59, 6.71]"
3660,40.44,0.0934054301341754,Persuadable,"[0, 5, 10, 15, 20, 25, 30]","[None, None, None, None, None, None, None]","[0.0, 2.02, 4.04, 6.07, 8.09, 10.11, 12.13]"
545,32.91,0.0956328277543224,Persuadable,"[0, 5, 10, 15, 20, 25, 30]","[None, None, None, None, None, None, None]","[0.0, 1.65, 3.29, 4.94, 6.58, 8.23, 9.87]"
1245,51.08,-0.007328356846755,Not Persuadable,"[0, 5, 10, 15, 20, 25, 30]","[None, None, None, None, None, None, None]","[0.0, 2.55, 5.11, 7.66, 10.22, 12.77, 15.32]"
3318,18.55,0.0314091290877965,Persuadable,"[0, 5, 10, 15, 20, 25, 30]","[None, None, None, None, None, None, None]","[0.0, 0.93, 1.86, 2.78, 3.71, 4.64, 5.57]"
995,20.2,0.1136356800014457,Highly Persuadable,"[0, 5, 10, 15, 20, 25, 30]","[None, None, None, None, None, None, None]","[0.0, 1.01, 2.02, 3.03, 4.04, 5.05, 6.06]"
1621,52.17,-0.1112927743804689,Not Persuadable,"[0, 5, 10, 15, 20, 25, 30]","[None, None, None, None, None, None, None]","[0.0, 2.61, 5.22, 7.83, 10.43, 13.04, 15.65]"
1757,51.4,0.0882972777080561,Persuadable,"[0, 5, 10, 15, 20, 25, 30]","[None, None, None, None, None, None, None]","[0.0, 2.57, 5.14, 7.71, 10.28, 12.85, 15.42]"
4821,20.06,0.142502445466315,Highly Persuadable,"[0, 5, 10, 15, 20, 25, 30]","[None, None, None, None, None, None, None]","[0.0, 1.0, 2.01, 3.01, 4.01, 5.01, 6.02]"
1341,30.88,0.0398745165978331,Persuadable,"[0, 5, 10, 15, 20, 25, 30]","[None, None, None, None, None, None, None]","[0.0, 1.54, 3.09, 4.63, 6.18, 7.72, 9.26]"
1819,54.05,-0.0063217756893243,Not Persuadable,"[0, 5, 10, 15, 20, 25, 30]","[None, None, None, None, None, None, None]","[0.0, 2.7, 5.41, 8.11, 10.81, 13.51, 16.21]"
813,43.9,-0.0007484208060785,Not Persuadable,"[0, 5, 10, 15, 20, 25, 30]","[None, None, None, None, None, None, None]","[0.0, 2.19, 4.39, 6.58, 8.78, 10.97, 13.17]"
3510,39.44,0.0067122073100103,Persuadable,"[0, 5, 10, 15, 20, 25, 30]","[None, None, None, None, None, None, None]","[0.0, 1.97, 3.94, 5.92, 7.89, 9.86, 11.83]"
3910,15.11,0.0606508488390907,Persuadable,"[0, 5, 10, 15, 20, 25, 30]","[None, None, None, None, None, None, None]","[0.0, 0.76, 1.51, 2.27, 3.02, 3.78, 4.53]"
3009,36.48,0.0597455003138943,Persuadable,"[0, 5, 10, 15, 20, 25, 30]","[None, None, None, None, None, None, None]","[0.0, 1.82, 3.65, 5.47, 7.3, 9.12, 10.94]"
3969,39.67,0.152259242239812,Highly Persuadable,"[0, 5, 10, 15, 20, 25, 30]","[None, None, None, None, None, None, None]","[0.0, 1.98, 3.97, 5.95, 7.93, 9.92, 11.9]"
4994,45.7,-0.0399419202406934,Not Persuadable,"[0, 5, 10, 15, 20, 25, 30]","[None, None, None, None, None, None, None]","[0.0, 2.29, 4.57, 6.86, 9.14, 11.43, 13.71]"
3621,61.52,0.147677605581021,Highly Persuadable,"[0, 5, 10, 15, 20, 25, 30]","[None, None, None, None, None, None, None]","[0.0, 3.08, 6.15, 9.23, 12.3, 15.38, 18.46]"
1085,37.26,0.1755970601702799,Highly Persuadable,"[0, 5, 10, 15, 20, 25, 30]","[None, None, None, None, None, None, None]","[0.0, 1.86, 3.73, 5.59, 7.45, 9.31, 11.18]"
1104,40.34,0.1228386480077658,Highly Persuadable,"[0, 5, 10, 15, 20, 25, 30]","[None, None, None, None, None, None, None]","[0.0, 2.02, 4.03, 6.05, 8.07, 10.09, 12.1]"
932,36.49,-0.0304281346595691,Not Persuadable,"[0, 5, 10, 15, 20, 25, 30]","[None, None, None, None, None, None, None]","[0.0, 1.82, 3.65, 5.47, 7.3, 9.12, 10.95]"
3059,40.81,0.0453464062685827,Persuadable,"[0, 5, 10, 15, 20, 25, 30]","[None, None, None, None, None, None, None]","[0.0, 2.04, 4.08, 6.12, 8.16, 10.2, 12.24]"
3879,31.97,0.036591163039464,Persuadable,"[0, 5, 10, 15, 20, 25, 30]","[None, None, None, None, None, None, None]","[0.0, 1.6, 3.2, 4.8, 6.39, 7.99, 9.59]"
1145,59.52,0.0222915369876958,Persuadable,"[0, 5, 10, 15, 20, 25, 30]","[None, None, None, None, None, None, None]","[0.0, 2.98, 5.95, 8.93, 11.9, 14.88, 17.86]"
423,22.99,0.000822701299738,Persuadable,"[0, 5, 10, 15, 20, 25, 30]","[None, None, None, None, None, None, None]","[0.0, 1.15, 2.3, 3.45, 4.6, 5.75, 6.9]"
1437,45.82,-0.0413804485412587,Not Persuadable,"[0, 5, 10, 15, 20, 25, 30]","[None, None, None, None, None, None, None]","[0.0, 2.29, 4.58, 6.87, 9.16, 11.46, 13.75]"
725,39.17,0.0594654531077029,Persuadable,"[0, 5, 10, 15, 20, 25, 30]","[None, None, None, None, None, None, None]","[0.0, 1.96, 3.92, 5.88, 7.83, 9.79, 11.75]"
1418,35.06,0.0029532919710004,Persuadable,"[0, 5, 10, 15, 20, 25, 30]","[None, None, None, None, None, None, None]","[0.0, 1.75, 3.51, 5.26, 7.01, 8.77, 10.52]"
3738,47.21,0.0969923149215054,Persuadable,"[0, 5, 10, 15, 20, 25, 30]","[None, None, None, None, None, None, None]","[0.0, 2.36, 4.72, 7.08, 9.44, 11.8, 14.16]"
3567,39.15,0.2751083886161728,Highly Persuadable,"[0, 5, 10, 15, 20, 25, 30]","[None, None, None, None, None, None, None]","[0.0, 1.96, 3.92, 5.87, 7.83, 9.79, 11.74]"
927,19.95,0.1768155803494901,Highly Persuadable,"[0, 5, 10, 15, 20, 25, 30]","[None, None, None, None, None, None, None]","[0.0, 1.0, 2.0, 2.99, 3.99, 4.99, 5.98]"
2291,50.73,0.1546280769034954,Highly Persuadable,"[0, 5, 10, 15, 20, 25, 30]","[None, None, None, None, None, None, None]","[0.0, 2.54, 5.07, 7.61, 10.15, 12.68, 15.22]"
150,47.4,-0.0587607169704562,Not Persuadable,"[0, 5, 10, 15, 20, 25, 30]","[None, None, None, None, None, None, None]","[0.0, 2.37, 4.74, 7.11, 9.48, 11.85, 14.22]"
4090,35.5,0.0742636199319482,Persuadable,"[0, 5, 10, 15, 20, 25, 30]","[None, None, None, None, None, None, None]","[0.0, 1.78, 3.55, 5.33, 7.1, 8.88, 10.65]"
3102,27.89,0.0803044415555131,Persuadable,"[0, 5, 10, 15, 20, 25, 30]","[None, None, None, None, None, None, None]","[0.0, 1.39, 2.79, 4.18, 5.58, 6.97, 8.37]"
4093,38.02,-0.0511349207000245,Not Persuadable,"[0, 5, 10, 15, 20, 25, 30]","[None, None, None, None, None, None, None]","[0.0, 1.9, 3.8, 5.7, 7.6, 9.51, 11.41]"
13,40.51,0.000597633707478,Persuadable,"[0, 5, 10, 15, 20, 25, 30]","[None, None, None, None, None, None, None]","[0.0, 2.03, 4.05, 6.08, 8.1, 10.13, 12.15]"
469,38.66,-0.0274983367717158,Not Persuadable,"[0, 5, 10, 15, 20, 25, 30]","[None, None, None, None, None, None, None]","[0.0, 1.93, 3.87, 5.8, 7.73, 9.66, 11.6]"
3264,39.76,0.0188484598757833,Persuadable,"[0, 5, 10, 15, 20, 25, 30]","[None, None, None, None, None, None, None]","[0.0, 1.99, 3.98, 5.96, 7.95, 9.94, 11.93]"
3874,23.5,-0.0183413404394548,Not Persuadable,"[0, 5, 10, 15, 20, 25, 30]","[None, None, None, None, None, None, None]","[0.0, 1.18, 2.35, 3.52, 4.7, 5.88, 7.05]"
1894,28.17,-0.0494691577358608,Not Persuadable,"[0, 5, 10, 15, 20, 25, 30]","[None, None, None, None, None, None, None]","[0.0, 1.41, 2.82, 4.23, 5.63, 7.04, 8.45]"
3705,45.85,-0.0064672268028951,Not Persuadable,"[0, 5, 10, 15, 20, 25, 30]","[None, None, None, None, None, None, None]","[0.0, 2.29, 4.58, 6.88, 9.17, 11.46, 13.76]"
1438,37.5,0.0455360411760939,Persuadable,"[0, 5, 10, 15, 20, 25, 30]","[None, None, None, None, None, None, None]","[0.0, 1.88, 3.75, 5.62, 7.5, 9.38, 11.25]"
1860,36.12,-0.0580971125714508,Not Persuadable,"[0, 5, 10, 15, 20, 25, 30]","[None, None, None, None, None, None, None]","[0.0, 1.81, 3.61, 5.42, 7.22, 9.03, 10.84]"
1841,54.55,-0.0172315357028617,Not Persuadable,"[0, 5, 10, 15, 20, 25, 30]","[None, None, None, None, None, None, None]","[0.0, 2.73, 5.46, 8.18, 10.91, 13.64, 16.36]"
3659,36.01,-0.0042429172012753,Not Persuadable,"[0, 5, 10, 15, 20, 25, 30]","[None, None, None, None, None, None, None]","[0.0, 1.8, 3.6, 5.4, 7.2, 9.0, 10.8]"
2105,25.74,0.2006506024473693,Highly Persuadable,"[0, 5, 10, 15, 20, 25, 30]","[None, None, None, None, None, None, None]","[0.0, 1.29, 2.57, 3.86, 5.15, 6.43, 7.72]"
3612,42.35,0.0027017155828051,Persuadable,"[0, 5, 10, 15, 20, 25, 30]","[None, None, None, None, None, None, None]","[0.0, 2.12, 4.24, 6.35, 8.47, 10.59, 12.71]"
812,44.67,-0.1215114562855151,Not Persuadable,"[0, 5, 10, 15, 20, 25, 30]","[None, None, None, None, None, None, None]","[0.0, 2.23, 4.47, 6.7, 8.93, 11.17, 13.4]"
2664,30.17,0.0581819282070523,Persuadable,"[0, 5, 10, 15, 20, 25, 30]","[None, None, None, None, None, None, None]","[0.0, 1.51, 3.02, 4.53, 6.03, 7.54, 9.05]"
1269,35.71,0.1128379523473814,Highly Persuadable,"[0, 5, 10, 15, 20, 25, 30]","[None, None, None, None, None, None, None]","[0.0, 1.79, 3.57, 5.36, 7.14, 8.93, 10.71]"
1962,49.59,-0.0633590393388437,Not Persuadable,"[0, 5, 10, 15, 20, 25, 30]","[None, None, None, None, None, None, None]","[0.0, 2.48, 4.96, 7.44, 9.92, 12.4, 14.88]"
3707,39.27,-0.0759550606109014,Not Persuadable,"[0, 5, 10, 15, 20, 25, 30]","[None, None, None, None, None, None, None]","[0.0, 1.96, 3.93, 5.89, 7.85, 9.82, 11.78]"
2878,24.89,0.0952738622392783,Persuadable,"[0, 5, 10, 15, 20, 25, 30]","[None, None, None, None, None, None, None]","[0.0, 1.24, 2.49, 3.73, 4.98, 6.22, 7.47]"
4545,33.96,0.1217905163749637,Highly Persuadable,"[0, 5, 10, 15, 20, 25, 30]","[None, None, None, None, None, None, None]","[0.0, 1.7, 3.4, 5.09, 6.79, 8.49, 10.19]"
4264,21.01,-0.0651986173569677,Not Persuadable,"[0, 5, 10, 15, 20, 25, 30]","[None, None, None, None, None, None, None]","[0.0, 1.05, 2.1, 3.15, 4.2, 5.25, 6.3]"
394,30.5,0.1660914869387791,Highly Persuadable,"[0, 5, 10, 15, 20, 25, 30]","[None, None, None, None, None, None, None]","[0.0, 1.53, 3.05, 4.58, 6.1, 7.62, 9.15]"
2631,38.68,0.0959903038246247,Persuadable,"[0, 5, 10, 15, 20, 25, 30]","[None, None, None, None, None, None, None]","[0.0, 1.93, 3.87, 5.8, 7.74, 9.67, 11.6]"
585,30.83,0.1328521022028643,Highly Persuadable,"[0, 5, 10, 15, 20, 25, 30]","[None, None, None, None, None, None, None]","[0.0, 1.54, 3.08, 4.62, 6.17, 7.71, 9.25]"
4965,33.97,-0.076597291728203,Not Persuadable,"[0, 5, 10, 15, 20, 25, 30]","[None, None, None, None, None, None, None]","[0.0, 1.7, 3.4, 5.1, 6.79, 8.49, 10.19]"
492,7.39,0.0343296427650348,Persuadable,"[0, 5, 10, 15, 20, 25, 30]","[None, None, None, None, None, None, None]","[0.0, 0.37, 0.74, 1.11, 1.48, 1.85, 2.22]"
2651,27.88,-0.0380857606726855,Not Persuadable,"[0, 5, 10, 15, 20, 25, 30]","[None, None, None, None, None, None, None]","[0.0, 1.39, 2.79, 4.18, 5.58, 6.97, 8.36]"
3041,46.61,0.0721907198790014,Persuadable,"[0, 5, 10, 15, 20, 25, 30]","[None, None, None, None, None, None, None]","[0.0, 2.33, 4.66, 6.99, 9.32, 11.65, 13.98]"
133,51.86,0.1390496725413055,Highly Persuadable,"[0, 5, 10, 15, 20, 25, 30]","[None, None, None, None, None, None, None]","[0.0, 2.59, 5.19, 7.78, 10.37, 12.96, 15.56]"
1589,29.03,0.1265729248938963,Highly Persuadable,"[0, 5, 10, 15, 20, 25, 30]","[None, None, None, None, None, None, None]","[0.0, 1.45, 2.9, 4.35, 5.81, 7.26, 8.71]"
1739,21.74,0.0088612388264628,Persuadable,"[0, 5, 10, 15, 20, 25, 30]","[None, None, None, None, None, None, None]","[0.0, 1.09, 2.17, 3.26, 4.35, 5.43, 6.52]"
4986,43.59,-0.0225347469812886,Not Persuadable,"[0, 5, 10, 15, 20, 25, 30]","[None, None, None, None, None, None, None]","[0.0, 2.18, 4.36, 6.54, 8.72, 10.9, 13.08]"
1019,41.03,0.1125348603543252,Highly Persuadable,"[0, 5, 10, 15, 20, 25, 30]","[None, None, None, None, None, None, None]","[0.0, 2.05, 4.1, 6.15, 8.21, 10.26, 12.31]"
4379,40.04,-0.0091298439576972,Not Persuadable,"[0, 5, 10, 15, 20, 25, 30]","[None, None, None, None, None, None, None]","[0.0, 2.0, 4.0, 6.01, 8.01, 10.01, 12.01]"
4703,38.95,-0.0426738229169417,Not Persuadable,"[0, 5, 10, 15, 20, 25, 30]","[None, None, None, None, None, None, None]","[0.0, 1.95, 3.9, 5.84, 7.79, 9.74, 11.69]"
2308,30.93,0.0468831397541134,Persuadable,"[0, 5, 10, 15, 20, 25, 30]","[None, None, None, None, None, None, None]","[0.0, 1.55, 3.09, 4.64, 6.19, 7.73, 9.28]"
288,33.92,0.120895194700598,Highly Persuadable,"[0, 5, 10, 15, 20, 25, 30]","[None, None, None, None, None, None, None]","[0.0, 1.7, 3.39, 5.09, 6.78, 8.48, 10.18]"
2211,35.23,0.081162893439909,Persuadable,"[0, 5, 10, 15, 20, 25, 30]","[None, None, None, None, None, None, None]","[0.0, 1.76, 3.52, 5.28, 7.05, 8.81, 10.57]"
3130,39.46,0.019854631808352,Persuadable,"[0, 5, 10, 15, 20, 25, 30]","[None, None, None, None, None, None, None]","[0.0, 1.97, 3.95, 5.92, 7.89, 9.87, 11.84]"
4576,41.84,0.0446295308099745,Persuadable,"[0, 5, 10, 15, 20, 25, 30]","[None, None, None, None, None, None, None]","[0.0, 2.09, 4.18, 6.28, 8.37, 10.46, 12.55]"
1407,30.3,0.0600014900108419,Persuadable,"[0, 5, 10, 15, 20, 25, 30]","[None, None, None, None, None, None, None]","[0.0, 1.52, 3.03, 4.54, 6.06, 7.58, 9.09]"
2367,38.36,0.0364169255298883,Persuadable,"[0, 5, 10, 15, 20, 25, 30]","[None, None, None, None, None, None, None]","[0.0, 1.92, 3.84, 5.75, 7.67, 9.59, 11.51]"
2292,36.25,0.1484471444996935,Highly Persuadable,"[0, 5, 10, 15, 20, 25, 30]","[None, None, None, None, None, None, None]","[0.0, 1.81, 3.62, 5.44, 7.25, 9.06, 10.88]"
950,41.99,0.0202570186145564,Persuadable,"[0, 5, 10, 15, 20, 25, 30]","[None, None, None, None, None, None, None]","[0.0, 2.1, 4.2, 6.3, 8.4, 10.5, 12.6]"
3478,45.46,-0.0248023589241272,Not Persuadable,"[0, 5, 10, 15, 20, 25, 30]","[None, None, None, None, None, None, None]","[0.0, 2.27, 4.55, 6.82, 9.09, 11.37, 13.64]"
3887,44.21,0.036743008013311,Persuadable,"[0, 5, 10, 15, 20, 25, 30]","[None, None, None, None, None, None, None]","[0.0, 2.21, 4.42, 6.63, 8.84, 11.05, 13.26]"
3405,39.75,-0.0018799640676338,Not Persuadable,"[0, 5, 10, 15, 20, 25, 30]","[None, None, None, None, None, None, None]","[0.0, 1.99, 3.98, 5.96, 7.95, 9.94, 11.92]"
2296,38.29,0.1096281774490044,Highly Persuadable,"[0, 5, 10, 15, 20, 25, 30]","[None, None, None, None, None, None, None]","[0.0, 1.91, 3.83, 5.74, 7.66, 9.57, 11.49]"
4224,33.44,0.1805351720957814,Highly Persuadable,"[0, 5, 10, 15, 20, 25, 30]","[None, None, None, None, None, None, None]","[0.0, 1.67, 3.34, 5.02, 6.69, 8.36, 10.03]"
4612,41.52,-0.0277895789681079,Not Persuadable,"[0, 5, 10, 15, 20, 25, 30]","[None, None, None, None, None, None, None]","[0.0, 2.08, 4.15, 6.23, 8.3, 10.38, 12.46]"
4486,36.75,-0.000786080111447,Not Persuadable,"[0, 5, 10, 15, 20, 25, 30]","[None, None, None, None, None, None, None]","[0.0, 1.84, 3.68, 5.51, 7.35, 9.19, 11.03]"
4340,54.87,0.0547896966092725,Persuadable,"[0, 5, 10, 15, 20, 25, 30]","[None, None, None, None, None, None, None]","[0.0, 2.74, 5.49, 8.23, 10.97, 13.72, 16.46]"
2222,49.79,-0.1701732429272732,Not Persuadable,"[0, 5, 10, 15, 20, 25, 30]","[None, None, None, None, None, None, None]","[0.0, 2.49, 4.98, 7.47, 9.96, 12.45, 14.94]"
1042,43.42,0.0205154229950409,Persuadable,"[0, 5, 10, 15, 20, 25, 30]","[None, None, None, None, None, None, None]","[0.0, 2.17, 4.34, 6.51, 8.68, 10.86, 13.03]"
3846,38.38,0.0303777271390619,Persuadable,"[0, 5, 10, 15, 20, 25, 30]","[None, None, None, None, None, None, None]","[0.0, 1.92, 3.84, 5.76, 7.68, 9.6, 11.51]"
4339,31.36,0.1004238454189986,Highly Persuadable,"[0, 5, 10, 15, 20, 25, 30]","[None, None, None, None, None, None, None]","[0.0, 1.57, 3.14, 4.7, 6.27, 7.84, 9.41]"
3883,32.62,0.0178051749544043,Persuadable,"[0, 5, 10, 15, 20, 25, 30]","[None, None, None, None, None, None, None]","[0.0, 1.63, 3.26, 4.89, 6.52, 8.15, 9.79]"
2305,42.78,-0.0237683621860144,Not Persuadable,"[0, 5, 10, 15, 20, 25, 30]","[None, None, None, None, None, None, None]","[0.0, 2.14, 4.28, 6.42, 8.56, 10.7, 12.83]"
4403,9.32,0.0840714041522429,Persuadable,"[0, 5, 10, 15, 20, 25, 30]","[None, None, None, None, None, None, None]","[0.0, 0.47, 0.93, 1.4, 1.86, 2.33, 2.8]"
430,54.96,0.0916408360651575,Persuadable,"[0, 5, 10, 15, 20, 25, 30]","[None, None, None, None, None, None, None]","[0.0, 2.75, 5.5, 8.24, 10.99, 13.74, 16.49]"
1045,46.25,-0.1017226134543858,Not Persuadable,"[0, 5, 10, 15, 20, 25, 30]","[None, None, None, None, None, None, None]","[0.0, 2.31, 4.62, 6.94, 9.25, 11.56, 13.88]"
1808,15.55,0.1285915658820024,Highly Persuadable,"[0, 5, 10, 15, 20, 25, 30]","[None, None, None, None, None, None, None]","[0.0, 0.78, 1.56, 2.33, 3.11, 3.89, 4.67]"
4953,33.72,0.0702153922395198,Persuadable,"[0, 5, 10, 15, 20, 25, 30]","[None, None, None, None, None, None, None]","[0.0, 1.69, 3.37, 5.06, 6.74, 8.43, 10.12]"
3655,18.24,-0.0012953951823184,Not Persuadable,"[0, 5, 10, 15, 20, 25, 30]","[None, None, None, None, None, None, None]","[0.0, 0.91, 1.82, 2.74, 3.65, 4.56, 5.47]"
830,23.73,0.0037442304817488,Persuadable,"[0, 5, 10, 15, 20, 25, 30]","[None, None, None, None, None, None, None]","[0.0, 1.19, 2.37, 3.56, 4.75, 5.93, 7.12]"
2978,32.85,-0.0074495913189239,Not Persuadable,"[0, 5, 10, 15, 20, 25, 30]","[None, None, None, None, None, None, None]","[0.0, 1.64, 3.29, 4.93, 6.57, 8.21, 9.86]"
1719,35.82,0.0715214754228178,Persuadable,"[0, 5, 10, 15, 20, 25, 30]","[None, None, None, None, None, None, None]","[0.0, 1.79, 3.58, 5.37, 7.16, 8.96, 10.75]"
466,39.55,0.1857883155398198,Highly Persuadable,"[0, 5, 10, 15, 20, 25, 30]","[None, None, None, None, None, None, None]","[0.0, 1.98, 3.96, 5.93, 7.91, 9.89, 11.86]"
3961,37.86,0.0964211510607347,Persuadable,"[0, 5, 10, 15, 20, 25, 30]","[None, None, None, None, None, None, None]","[0.0, 1.89, 3.79, 5.68, 7.57, 9.46, 11.36]"
1372,57.06,0.0227053270009634,Persuadable,"[0, 5, 10, 15, 20, 25, 30]","[None, None, None, None, None, None, None]","[0.0, 2.85, 5.71, 8.56, 11.41, 14.27, 17.12]"
1457,44.21,0.0077348596511651,Persuadable,"[0, 5, 10, 15, 20, 25, 30]","[None, None, None, None, None, None, None]","[0.0, 2.21, 4.42, 6.63, 8.84, 11.05, 13.26]"
1188,48.07,-0.0917476361127954,Not Persuadable,"[0, 5, 10, 15, 20, 25, 30]","[None, None, None, None, None, None, None]","[0.0, 2.4, 4.81, 7.21, 9.61, 12.02, 14.42]"
3163,47.27,-0.0348328776758926,Not Persuadable,"[0, 5, 10, 15, 20, 25, 30]","[None, None, None, None, None, None, None]","[0.0, 2.36, 4.73, 7.09, 9.45, 11.82, 14.18]"
4646,38.42,0.0617513034170631,Persuadable,"[0, 5, 10, 15, 20, 25, 30]","[None, None, None, None, None, None, None]","[0.0, 1.92, 3.84, 5.76, 7.68, 9.61, 11.53]"
678,28.79,0.1074264880338726,Highly Persuadable,"[0, 5, 10, 15, 20, 25, 30]","[None, None, None, None, None, None, None]","[0.0, 1.44, 2.88, 4.32, 5.76, 7.2, 8.64]"
487,51.16,0.1812797262374897,Highly Persuadable,"[0, 5, 10, 15, 20, 25, 30]","[None, None, None, None, None, None, None]","[0.0, 2.56, 5.12, 7.67, 10.23, 12.79, 15.35]"
2232,50.05,-0.0284279814467349,Not Persuadable,"[0, 5, 10, 15, 20, 25, 30]","[None, None, None, None, None, None, None]","[0.0, 2.5, 5.0, 7.51, 10.01, 12.51, 15.01]"
1039,35.67,0.0418274343621109,Persuadable,"[0, 5, 10, 15, 20, 25, 30]","[None, None, None, None, None, None, None]","[0.0, 1.78, 3.57, 5.35, 7.13, 8.92, 10.7]"
764,69.47,0.1415449881674392,Highly Persuadable,"[0, 5, 10, 15, 20, 25, 30]","[None, None, None, None, None, None, None]","[0.0, 3.47, 6.95, 10.42, 13.89, 17.37, 20.84]"
2956,43.38,-0.0165527982175388,Not Persuadable,"[0, 5, 10, 15, 20, 25, 30]","[None, None, None, None, None, None, None]","[0.0, 2.17, 4.34, 6.51, 8.68, 10.85, 13.01]"
3656,48.15,-0.126439512419343,Not Persuadable,"[0, 5, 10, 15, 20, 25, 30]","[None, None, None, None, None, None, None]","[0.0, 2.41, 4.82, 7.22, 9.63, 12.04, 14.44]"
3755,37.59,0.047767255743647,Persuadable,"[0, 5, 10, 15, 20, 25, 30]","[None, None, None, None, None, None, None]","[0.0, 1.88, 3.76, 5.64, 7.52, 9.4, 11.28]"
3652,47.07,0.0830012421376994,Persuadable,"[0, 5, 10, 15, 20, 25, 30]","[None, None, None, None, None, None, None]","[0.0, 2.35, 4.71, 7.06, 9.41, 11.77, 14.12]"
766,26.43,-0.0298385381380675,Not Persuadable,"[0, 5, 10, 15, 20, 25, 30]","[None, None, None, None, None, None, None]","[0.0, 1.32, 2.64, 3.96, 5.29, 6.61, 7.93]"
4271,28.7,0.0640771863233177,Persuadable,"[0, 5, 10, 15, 20, 25, 30]","[None, None, None, None, None, None, None]","[0.0, 1.44, 2.87, 4.3, 5.74, 7.17, 8.61]"
291,44.79,-0.0430889329579712,Not Persuadable,"[0, 5, 10, 15, 20, 25, 30]","[None, None, None, None, None, None, None]","[0.0, 2.24, 4.48, 6.72, 8.96, 11.2, 13.44]"
2120,24.56,-0.0222929866514442,Not Persuadable,"[0, 5, 10, 15, 20, 25, 30]","[None, None, None, None, None, None, None]","[0.0, 1.23, 2.46, 3.68, 4.91, 6.14, 7.37]"
3540,35.34,-0.0026890567616267,Not Persuadable,"[0, 5, 10, 15, 20, 25, 30]","[None, None, None, None, None, None, None]","[0.0, 1.77, 3.53, 5.3, 7.07, 8.84, 10.6]"
253,62.35,0.0062735331998698,Persuadable,"[0, 5, 10, 15, 20, 25, 30]","[None, None, None, None, None, None, None]","[0.0, 3.12, 6.24, 9.35, 12.47, 15.59, 18.7]"
3261,27.67,0.1640765608586901,Highly Persuadable,"[0, 5, 10, 15, 20, 25, 30]","[None, None, None, None, None, None, None]","[0.0, 1.38, 2.77, 4.15, 5.53, 6.92, 8.3]"
351,18.06,0.0492574202368348,Persuadable,"[0, 5, 10, 15, 20, 25, 30]","[None, None, None, None, None, None, None]","[0.0, 0.9, 1.81, 2.71, 3.61, 4.51, 5.42]"
3708,36.4,0.1469130038036298,Highly Persuadable,"[0, 5, 10, 15, 20, 25, 30]","[None, None, None, None, None, None, None]","[0.0, 1.82, 3.64, 5.46, 7.28, 9.1, 10.92]"
3204,36.94,-0.1128618710139735,Not Persuadable,"[0, 5, 10, 15, 20, 25, 30]","[None, None, None, None, None, None, None]","[0.0, 1.85, 3.69, 5.54, 7.39, 9.23, 11.08]"
1740,17.95,0.0022667520000824,Persuadable,"[0, 5, 10, 15, 20, 25, 30]","[None, None, None, None, None, None, None]","[0.0, 0.9, 1.79, 2.69, 3.59, 4.49, 5.38]"
677,42.36,0.0561763003079136,Persuadable,"[0, 5, 10, 15, 20, 25, 30]","[None, None, None, None, None, None, None]","[0.0, 2.12, 4.24, 6.35, 8.47, 10.59, 12.71]"
91,55.25,-0.0037350505890402,Not Persuadable,"[0, 5, 10, 15, 20, 25, 30]","[None, None, None, None, None, None, None]","[0.0, 2.76, 5.53, 8.29, 11.05, 13.81, 16.57]"
3827,36.4,0.0273621618154348,Persuadable,"[0, 5, 10, 15, 20, 25, 30]","[None, None, None, None, None, None, None]","[0.0, 1.82, 3.64, 5.46, 7.28, 9.1, 10.92]"
4881,47.49,-0.0460220271499875,Not Persuadable,"[0, 5, 10, 15, 20, 25, 30]","[None, None, None, None, None, None, None]","[0.0, 2.37, 4.75, 7.12, 9.5, 11.87, 14.25]"
4119,35.29,-0.0372003625591316,Not Persuadable,"[0, 5, 10, 15, 20, 25, 30]","[None, None, None, None, None, None, None]","[0.0, 1.76, 3.53, 5.29, 7.06, 8.82, 10.59]"
3056,31.37,0.0173375481838373,Persuadable,"[0, 5, 10, 15, 20, 25, 30]","[None, None, None, None, None, None, None]","[0.0, 1.57, 3.14, 4.71, 6.27, 7.84, 9.41]"
27,22.85,0.0397310638974311,Persuadable,"[0, 5, 10, 15, 20, 25, 30]","[None, None, None, None, None, None, None]","[0.0, 1.14, 2.29, 3.43, 4.57, 5.71, 6.86]"
3717,24.44,0.1824640931054278,Highly Persuadable,"[0, 5, 10, 15, 20, 25, 30]","[None, None, None, None, None, None, None]","[0.0, 1.22, 2.44, 3.67, 4.89, 6.11, 7.33]"
4898,48.16,-0.1035309718822643,Not Persuadable,"[0, 5, 10, 15, 20, 25, 30]","[None, None, None, None, None, None, None]","[0.0, 2.41, 4.82, 7.22, 9.63, 12.04, 14.45]"
722,39.31,0.0228992813680739,Persuadable,"[0, 5, 10, 15, 20, 25, 30]","[None, None, None, None, None, None, None]","[0.0, 1.97, 3.93, 5.9, 7.86, 9.83, 11.79]"
2064,36.62,0.1444951569572089,Highly Persuadable,"[0, 5, 10, 15, 20, 25, 30]","[None, None, None, None, None, None, None]","[0.0, 1.83, 3.66, 5.49, 7.32, 9.15, 10.99]"
3964,35.27,0.0114585978600778,Persuadable,"[0, 5, 10, 15, 20, 25, 30]","[None, None, None, None, None, None, None]","[0.0, 1.76, 3.53, 5.29, 7.05, 8.82, 10.58]"
2471,47.25,0.0322700819040926,Persuadable,"[0, 5, 10, 15, 20, 25, 30]","[None, None, None, None, None, None, None]","[0.0, 2.36, 4.73, 7.09, 9.45, 11.81, 14.17]"
2318,39.86,0.0441319483807325,Persuadable,"[0, 5, 10, 15, 20, 25, 30]","[None, None, None, None, None, None, None]","[0.0, 1.99, 3.99, 5.98, 7.97, 9.96, 11.96]"
2859,31.63,0.1697080906894431,Highly Persuadable,"[0, 5, 10, 15, 20, 25, 30]","[None, None, None, None, None, None, None]","[0.0, 1.58, 3.16, 4.74, 6.33, 7.91, 9.49]"
878,34.21,0.0542688001666208,Persuadable,"[0, 5, 10, 15, 20, 25, 30]","[None, None, None, None, None, None, None]","[0.0, 1.71, 3.42, 5.13, 6.84, 8.55, 10.26]"
3317,35.89,0.1101228357104062,Highly Persuadable,"[0, 5, 10, 15, 20, 25, 30]","[None, None, None, None, None, None, None]","[0.0, 1.79, 3.59, 5.38, 7.18, 8.97, 10.77]"
3789,38.78,0.1155970897566502,Highly Persuadable,"[0, 5, 10, 15, 20, 25, 30]","[None, None, None, None, None, None, None]","[0.0, 1.94, 3.88, 5.82, 7.76, 9.7, 11.63]"
255,36.8,0.0404950354154583,Persuadable,"[0, 5, 10, 15, 20, 25, 30]","[None, None, None, None, None, None, None]","[0.0, 1.84, 3.68, 5.52, 7.36, 9.2, 11.04]"
4822,29.38,0.1198526995495009,Highly Persuadable,"[0, 5, 10, 15, 20, 25, 30]","[None, None, None, None, None, None, None]","[0.0, 1.47, 2.94, 4.41, 5.88, 7.34, 8.81]"
4796,35.35,-0.0874801508679248,Not Persuadable,"[0, 5, 10, 15, 20, 25, 30]","[None, None, None, None, None, None, None]","[0.0, 1.77, 3.54, 5.3, 7.07, 8.84, 10.61]"
4249,52.07,0.006089403349058,Persuadable,"[0, 5, 10, 15, 20, 25, 30]","[None, None, None, None, None, None, None]","[0.0, 2.6, 5.21, 7.81, 10.41, 13.02, 15.62]"
4321,21.14,0.038318397677803,Persuadable,"[0, 5, 10, 15, 20, 25, 30]","[None, None, None, None, None, None, None]","[0.0, 1.06, 2.11, 3.17, 4.23, 5.29, 6.34]"
4734,34.02,0.0285534453741172,Persuadable,"[0, 5, 10, 15, 20, 25, 30]","[None, None, None, None, None, None, None]","[0.0, 1.7, 3.4, 5.1, 6.8, 8.51, 10.21]"
2100,50.46,0.1105665920479659,Highly Persuadable,"[0, 5, 10, 15, 20, 25, 30]","[None, None, None, None, None, None, None]","[0.0, 2.52, 5.05, 7.57, 10.09, 12.62, 15.14]"
4740,56.48,0.0438254246356845,Persuadable,"[0, 5, 10, 15, 20, 25, 30]","[None, None, None, None, None, None, None]","[0.0, 2.82, 5.65, 8.47, 11.3, 14.12, 16.94]"
3981,45.44,-0.0603338730000834,Not Persuadable,"[0, 5, 10, 15, 20, 25, 30]","[None, None, None, None, None, None, None]","[0.0, 2.27, 4.54, 6.82, 9.09, 11.36, 13.63]"
2535,35.56,0.001770605788814,Persuadable,"[0, 5, 10, 15, 20, 25, 30]","[None, None, None, None, None, None, None]","[0.0, 1.78, 3.56, 5.33, 7.11, 8.89, 10.67]"
4658,22.93,0.0891685231556733,Persuadable,"[0, 5, 10, 15, 20, 25, 30]","[None, None, None, None, None, None, None]","[0.0, 1.15, 2.29, 3.44, 4.59, 5.73, 6.88]"
316,38.36,0.1474583483282453,Highly Persuadable,"[0, 5, 10, 15, 20, 25, 30]","[None, None, None, None, None, None, None]","[0.0, 1.92, 3.84, 5.75, 7.67, 9.59, 11.51]"
1262,37.76,0.102260742828735,Highly Persuadable,"[0, 5, 10, 15, 20, 25, 30]","[None, None, None, None, None, None, None]","[0.0, 1.89, 3.78, 5.66, 7.55, 9.44, 11.33]"
842,25.42,0.1600427450944597,Highly Persuadable,"[0, 5, 10, 15, 20, 25, 30]","[None, None, None, None, None, None, None]","[0.0, 1.27, 2.54, 3.81, 5.08, 6.36, 7.63]"
2744,37.43,-0.0555082204794942,Not Persuadable,"[0, 5, 10, 15, 20, 25, 30]","[None, None, None, None, None, None, None]","[0.0, 1.87, 3.74, 5.61, 7.49, 9.36, 11.23]"
554,42.64,0.1067933388152152,Highly Persuadable,"[0, 5, 10, 15, 20, 25, 30]","[None, None, None, None, None, None, None]","[0.0, 2.13, 4.26, 6.4, 8.53, 10.66, 12.79]"
2023,39.83,0.0538010296255002,Persuadable,"[0, 5, 10, 15, 20, 25, 30]","[None, None, None, None, None, None, None]","[0.0, 1.99, 3.98, 5.97, 7.97, 9.96, 11.95]"
3132,39.01,0.0024700639301199,Persuadable,"[0, 5, 10, 15, 20, 25, 30]","[None, None, None, None, None, None, None]","[0.0, 1.95, 3.9, 5.85, 7.8, 9.75, 11.7]"
70,50.09,0.1270363245490664,Highly Persuadable,"[0, 5, 10, 15, 20, 25, 30]","[None, None, None, None, None, None, None]","[0.0, 2.5, 5.01, 7.51, 10.02, 12.52, 15.03]"
3605,44.36,-0.00550904707132,Not Persuadable,"[0, 5, 10, 15, 20, 25, 30]","[None, None, None, None, None, None, None]","[0.0, 2.22, 4.44, 6.65, 8.87, 11.09, 13.31]"
747,40.25,0.0189637004402474,Persuadable,"[0, 5, 10, 15, 20, 25, 30]","[None, None, None, None, None, None, None]","[0.0, 2.01, 4.03, 6.04, 8.05, 10.06, 12.07]"
2424,45.8,0.0165372228282458,Persuadable,"[0, 5, 10, 15, 20, 25, 30]","[None, None, None, None, None, None, None]","[0.0, 2.29, 4.58, 6.87, 9.16, 11.45, 13.74]"
4457,30.39,0.1018447917476584,Highly Persuadable,"[0, 5, 10, 15, 20, 25, 30]","[None, None, None, None, None, None, None]","[0.0, 1.52, 3.04, 4.56, 6.08, 7.6, 9.12]"
1703,27.25,0.0791873852757422,Persuadable,"[0, 5, 10, 15, 20, 25, 30]","[None, None, None, None, None, None, None]","[0.0, 1.36, 2.73, 4.09, 5.45, 6.81, 8.17]"
3122,36.79,0.1340700767406086,Highly Persuadable,"[0, 5, 10, 15, 20, 25, 30]","[None, None, None, None, None, None, None]","[0.0, 1.84, 3.68, 5.52, 7.36, 9.2, 11.04]"
4694,58.82,0.1229644497368138,Highly Persuadable,"[0, 5, 10, 15, 20, 25, 30]","[None, None, None, None, None, None, None]","[0.0, 2.94, 5.88, 8.82, 11.76, 14.71, 17.65]"
3354,28.49,0.1805702418678957,Highly Persuadable,"[0, 5, 10, 15, 20, 25, 30]","[None, None, None, None, None, None, None]","[0.0, 1.42, 2.85, 4.27, 5.7, 7.12, 8.55]"
2068,18.05,0.0640338656254774,Persuadable,"[0, 5, 10, 15, 20, 25, 30]","[None, None, None, None, None, None, None]","[0.0, 0.9, 1.81, 2.71, 3.61, 4.51, 5.42]"
3649,44.3,0.0261459112923498,Persuadable,"[0, 5, 10, 15, 20, 25, 30]","[None, None, None, None, None, None, None]","[0.0, 2.21, 4.43, 6.64, 8.86, 11.07, 13.29]"
3996,46.05,0.0149194309389618,Persuadable,"[0, 5, 10, 15, 20, 25, 30]","[None, None, None, None, None, None, None]","[0.0, 2.3, 4.6, 6.91, 9.21, 11.51, 13.81]"
2154,27.93,-0.0568852218193964,Not Persuadable,"[0, 5, 10, 15, 20, 25, 30]","[None, None, None, None, None, None, None]","[0.0, 1.4, 2.79, 4.19, 5.59, 6.98, 8.38]"
1840,34.61,-0.0322582829292676,Not Persuadable,"[0, 5, 10, 15, 20, 25, 30]","[None, None, None, None, None, None, None]","[0.0, 1.73, 3.46, 5.19, 6.92, 8.65, 10.38]"
388,35.81,-0.0308142284454852,Not Persuadable,"[0, 5, 10, 15, 20, 25, 30]","[None, None, None, None, None, None, None]","[0.0, 1.79, 3.58, 5.37, 7.16, 8.95, 10.74]"
2469,34.77,0.0819916491368732,Persuadable,"[0, 5, 10, 15, 20, 25, 30]","[None, None, None, None, None, None, None]","[0.0, 1.74, 3.48, 5.22, 6.95, 8.69, 10.43]"
3703,34.05,0.0218472926275441,Persuadable,"[0, 5, 10, 15, 20, 25, 30]","[None, None, None, None, None, None, None]","[0.0, 1.7, 3.4, 5.11, 6.81, 8.51, 10.21]"
3932,20.9,-0.0010751545089532,Not Persuadable,"[0, 5, 10, 15, 20, 25, 30]","[None, None, None, None, None, None, None]","[0.0, 1.04, 2.09, 3.13, 4.18, 5.22, 6.27]"
3719,45.49,0.183352096346587,Highly Persuadable,"[0, 5, 10, 15, 20, 25, 30]","[None, None, None, None, None, None, None]","[0.0, 2.27, 4.55, 6.82, 9.1, 11.37, 13.65]"
1371,31.13,0.0794575032725291,Persuadable,"[0, 5, 10, 15, 20, 25, 30]","[None, None, None, None, None, None, None]","[0.0, 1.56, 3.11, 4.67, 6.23, 7.78, 9.34]"
411,36.12,0.0610981524373249,Persuadable,"[0, 5, 10, 15, 20, 25, 30]","[None, None, None, None, None, None, None]","[0.0, 1.81, 3.61, 5.42, 7.22, 9.03, 10.84]"
1439,35.76,0.0596961268567572,Persuadable,"[0, 5, 10, 15, 20, 25, 30]","[None, None, None, None, None, None, None]","[0.0, 1.79, 3.58, 5.36, 7.15, 8.94, 10.73]"
110,34.18,0.014021323402332,Persuadable,"[0, 5, 10, 15, 20, 25, 30]","[None, None, None, None, None, None, None]","[0.0, 1.71, 3.42, 5.13, 6.84, 8.54, 10.25]"
4057,71.49,0.1235731480061896,Highly Persuadable,"[0, 5, 10, 15, 20, 25, 30]","[None, None, None, None, None, None, None]","[0.0, 3.57, 7.15, 10.72, 14.3, 17.87, 21.45]"
1136,43.02,-0.0201500779744034,Not Persuadable,"[0, 5, 10, 15, 20, 25, 30]","[None, None, None, None, None, None, None]","[0.0, 2.15, 4.3, 6.45, 8.6, 10.76, 12.91]"
2128,20.98,0.0144127012098786,Persuadable,"[0, 5, 10, 15, 20, 25, 30]","[None, None, None, None, None, None, None]","[0.0, 1.05, 2.1, 3.15, 4.2, 5.25, 6.29]"
2610,36.31,0.0600782800905317,Persuadable,"[0, 5, 10, 15, 20, 25, 30]","[None, None, None, None, None, None, None]","[0.0, 1.82, 3.63, 5.45, 7.26, 9.08, 10.89]"
692,36.58,0.0570295422808787,Persuadable,"[0, 5, 10, 15, 20, 25, 30]","[None, None, None, None, None, None, None]","[0.0, 1.83, 3.66, 5.49, 7.32, 9.14, 10.97]"
1579,30.17,0.2044983543949281,Highly Persuadable,"[0, 5, 10, 15, 20, 25, 30]","[None, None, None, None, None, None, None]","[0.0, 1.51, 3.02, 4.53, 6.03, 7.54, 9.05]"
2963,55.74,0.04771487368401,Persuadable,"[0, 5, 10, 15, 20, 25, 30]","[None, None, None, None, None, None, None]","[0.0, 2.79, 5.57, 8.36, 11.15, 13.94, 16.72]"
4142,60.49,0.1246944815396307,Highly Persuadable,"[0, 5, 10, 15, 20, 25, 30]","[None, None, None, None, None, None, None]","[0.0, 3.02, 6.05, 9.07, 12.1, 15.12, 18.15]"
3706,42.87,0.0313813257474565,Persuadable,"[0, 5, 10, 15, 20, 25, 30]","[None, None, None, None, None, None, None]","[0.0, 2.14, 4.29, 6.43, 8.57, 10.72, 12.86]"
3255,52.05,-0.1309708069718635,Not Persuadable,"[0, 5, 10, 15, 20, 25, 30]","[None, None, None, None, None, None, None]","[0.0, 2.6, 5.21, 7.81, 10.41, 13.01, 15.61]"
4812,31.16,0.1564370695572291,Highly Persuadable,"[0, 5, 10, 15, 20, 25, 30]","[None, None, None, None, None, None, None]","[0.0, 1.56, 3.12, 4.67, 6.23, 7.79, 9.35]"
486,35.54,0.0479423809363689,Persuadable,"[0, 5, 10, 15, 20, 25, 30]","[None, None, None, None, None, None, None]","[0.0, 1.78, 3.55, 5.33, 7.11, 8.88, 10.66]"
556,41.61,0.0287210239626577,Persuadable,"[0, 5, 10, 15, 20, 25, 30]","[None, None, None, None, None, None, None]","[0.0, 2.08, 4.16, 6.24, 8.32, 10.4, 12.48]"
4632,40.23,0.0842639203222469,Persuadable,"[0, 5, 10, 15, 20, 25, 30]","[None, None, None, None, None, None, None]","[0.0, 2.01, 4.02, 6.03, 8.05, 10.06, 12.07]"
4421,43.44,-0.0419155963192482,Not Persuadable,"[0, 5, 10, 15, 20, 25, 30]","[None, None, None, None, None, None, None]","[0.0, 2.17, 4.34, 6.52, 8.69, 10.86, 13.03]"
2772,48.48,-0.1004826314588457,Not Persuadable,"[0, 5, 10, 15, 20, 25, 30]","[None, None, None, None, None, None, None]","[0.0, 2.42, 4.85, 7.27, 9.7, 12.12, 14.54]"
2861,17.16,0.0047162589785071,Persuadable,"[0, 5, 10, 15, 20, 25, 30]","[None, None, None, None, None, None, None]","[0.0, 0.86, 1.72, 2.57, 3.43, 4.29, 5.15]"
1109,53.48,-0.0306622356850717,Not Persuadable,"[0, 5, 10, 15, 20, 25, 30]","[None, None, None, None, None, None, None]","[0.0, 2.67, 5.35, 8.02, 10.7, 13.37, 16.04]"
3913,22.53,0.1249925610289602,Highly Persuadable,"[0, 5, 10, 15, 20, 25, 30]","[None, None, None, None, None, None, None]","[0.0, 1.13, 2.25, 3.38, 4.51, 5.63, 6.76]"
2270,31.19,0.1031210857452259,Highly Persuadable,"[0, 5, 10, 15, 20, 25, 30]","[None, None, None, None, None, None, None]","[0.0, 1.56, 3.12, 4.68, 6.24, 7.8, 9.36]"
3931,49.33,0.0844975096726789,Persuadable,"[0, 5, 10, 15, 20, 25, 30]","[None, None, None, None, None, None, None]","[0.0, 2.47, 4.93, 7.4, 9.87, 12.33, 14.8]"
178,43.43,0.0887062708624102,Persuadable,"[0, 5, 10, 15, 20, 25, 30]","[None, None, None, None, None, None, None]","[0.0, 2.17, 4.34, 6.51, 8.69, 10.86, 13.03]"
2906,50.81,-0.0032383949338524,Not Persuadable,"[0, 5, 10, 15, 20, 25, 30]","[None, None, None, None, None, None, None]","[0.0, 2.54, 5.08, 7.62, 10.16, 12.7, 15.24]"
916,53.69,-0.0577746162529331,Not Persuadable,"[0, 5, 10, 15, 20, 25, 30]","[None, None, None, None, None, None, None]","[0.0, 2.68, 5.37, 8.05, 10.74, 13.42, 16.11]"
81,36.84,-0.0461480515889791,Not Persuadable,"[0, 5, 10, 15, 20, 25, 30]","[None, None, None, None, None, None, None]","[0.0, 1.84, 3.68, 5.53, 7.37, 9.21, 11.05]"
3269,36.86,0.1470876830026911,Highly Persuadable,"[0, 5, 10, 15, 20, 25, 30]","[None, None, None, None, None, None, None]","[0.0, 1.84, 3.69, 5.53, 7.37, 9.21, 11.06]"
578,44.39,0.0272349187325051,Persuadable,"[0, 5, 10, 15, 20, 25, 30]","[None, None, None, None, None, None, None]","[0.0, 2.22, 4.44, 6.66, 8.88, 11.1, 13.32]"
2300,56.04,0.0066731443701141,Persuadable,"[0, 5, 10, 15, 20, 25, 30]","[None, None, None, None, None, None, None]","[0.0, 2.8, 5.6, 8.41, 11.21, 14.01, 16.81]"
3312,18.31,0.0562962017437186,Persuadable,"[0, 5, 10, 15, 20, 25, 30]","[None, None, None, None, None, None, None]","[0.0, 0.92, 1.83, 2.75, 3.66, 4.58, 5.49]"
3795,30.1,0.1323131480289276,Highly Persuadable,"[0, 5, 10, 15, 20, 25, 30]","[None, None, None, None, None, None, None]","[0.0, 1.51, 3.01, 4.51, 6.02, 7.53, 9.03]"
1392,27.77,0.0176386735385355,Persuadable,"[0, 5, 10, 15, 20, 25, 30]","[None, None, None, None, None, None, None]","[0.0, 1.39, 2.78, 4.17, 5.55, 6.94, 8.33]"
222,16.29,0.0397421150136968,Persuadable,"[0, 5, 10, 15, 20, 25, 30]","[None, None, None, None, None, None, None]","[0.0, 0.81, 1.63, 2.44, 3.26, 4.07, 4.89]"
94,39.23,0.1240744189197621,Highly Persuadable,"[0, 5, 10, 15, 20, 25, 30]","[None, None, None, None, None, None, None]","[0.0, 1.96, 3.92, 5.88, 7.85, 9.81, 11.77]"
3647,55.8,0.0814571992329511,Persuadable,"[0, 5, 10, 15, 20, 25, 30]","[None, None, None, None, None, None, None]","[0.0, 2.79, 5.58, 8.37, 11.16, 13.95, 16.74]"
4360,39.23,-0.0395990884807444,Not Persuadable,"[0, 5, 10, 15, 20, 25, 30]","[None, None, None, None, None, None, None]","[0.0, 1.96, 3.92, 5.88, 7.85, 9.81, 11.77]"
843,33.47,0.038866223140131,Persuadable,"[0, 5, 10, 15, 20, 25, 30]","[None, None, None, None, None, None, None]","[0.0, 1.67, 3.35, 5.02, 6.69, 8.37, 10.04]"
539,40.73,-0.0210264712494353,Not Persuadable,"[0, 5, 10, 15, 20, 25, 30]","[None, None, None, None, None, None, None]","[0.0, 2.04, 4.07, 6.11, 8.15, 10.18, 12.22]"
3015,42.04,0.009484861051488,Persuadable,"[0, 5, 10, 15, 20, 25, 30]","[None, None, None, None, None, None, None]","[0.0, 2.1, 4.2, 6.31, 8.41, 10.51, 12.61]"
1435,34.08,0.028659974585087,Persuadable,"[0, 5, 10, 15, 20, 25, 30]","[None, None, None, None, None, None, None]","[0.0, 1.7, 3.41, 5.11, 6.82, 8.52, 10.22]"
1056,41.94,0.0804075407291595,Persuadable,"[0, 5, 10, 15, 20, 25, 30]","[None, None, None, None, None, None, None]","[0.0, 2.1, 4.19, 6.29, 8.39, 10.48, 12.58]"
3774,37.1,0.1142262006503215,Highly Persuadable,"[0, 5, 10, 15, 20, 25, 30]","[None, None, None, None, None, None, None]","[0.0, 1.86, 3.71, 5.57, 7.42, 9.28, 11.13]"
3687,39.15,-0.0511589986351101,Not Persuadable,"[0, 5, 10, 15, 20, 25, 30]","[None, None, None, None, None, None, None]","[0.0, 1.96, 3.92, 5.87, 7.83, 9.79, 11.74]"
811,43.06,0.0210143772414784,Persuadable,"[0, 5, 10, 15, 20, 25, 30]","[None, None, None, None, None, None, None]","[0.0, 2.15, 4.31, 6.46, 8.61, 10.77, 12.92]"
2216,43.85,0.0886072683914954,Persuadable,"[0, 5, 10, 15, 20, 25, 30]","[None, None, None, None, None, None, None]","[0.0, 2.19, 4.39, 6.58, 8.77, 10.96, 13.15]"
2987,34.03,0.0364310221124299,Persuadable,"[0, 5, 10, 15, 20, 25, 30]","[None, None, None, None, None, None, None]","[0.0, 1.7, 3.4, 5.1, 6.81, 8.51, 10.21]"
735,39.08,0.1229974786248377,Highly Persuadable,"[0, 5, 10, 15, 20, 25, 30]","[None, None, None, None, None, None, None]","[0.0, 1.95, 3.91, 5.86, 7.82, 9.77, 11.72]"
4521,33.93,0.0033523476467628,Persuadable,"[0, 5, 10, 15, 20, 25, 30]","[None, None, None, None, None, None, None]","[0.0, 1.7, 3.39, 5.09, 6.79, 8.48, 10.18]"
1863,44.7,0.062808138407278,Persuadable,"[0, 5, 10, 15, 20, 25, 30]","[None, None, None, None, None, None, None]","[0.0, 2.24, 4.47, 6.71, 8.94, 11.18, 13.41]"
4072,31.52,0.0484551928750071,Persuadable,"[0, 5, 10, 15, 20, 25, 30]","[None, None, None, None, None, None, None]","[0.0, 1.58, 3.15, 4.73, 6.3, 7.88, 9.46]"
531,41.13,0.0278337655824725,Persuadable,"[0, 5, 10, 15, 20, 25, 30]","[None, None, None, None, None, None, None]","[0.0, 2.06, 4.11, 6.17, 8.23, 10.28, 12.34]"
2923,36.9,0.0016203878326069,Persuadable,"[0, 5, 10, 15, 20, 25, 30]","[None, None, None, None, None, None, None]","[0.0, 1.84, 3.69, 5.53, 7.38, 9.22, 11.07]"
3413,35.86,-0.0030921430850682,Not Persuadable,"[0, 5, 10, 15, 20, 25, 30]","[None, None, None, None, None, None, None]","[0.0, 1.79, 3.59, 5.38, 7.17, 8.96, 10.76]"
3127,37.11,0.0828085466166161,Persuadable,"[0, 5, 10, 15, 20, 25, 30]","[None, None, None, None, None, None, None]","[0.0, 1.86, 3.71, 5.57, 7.42, 9.28, 11.13]"
3624,40.56,-0.018107938144058,Not Persuadable,"[0, 5, 10, 15, 20, 25, 30]","[None, None, None, None, None, None, None]","[0.0, 2.03, 4.06, 6.08, 8.11, 10.14, 12.17]"
4141,28.39,0.0129472355286636,Persuadable,"[0, 5, 10, 15, 20, 25, 30]","[None, None, None, None, None, None, None]","[0.0, 1.42, 2.84, 4.26, 5.68, 7.1, 8.52]"
1747,36.65,0.035442981614952,Persuadable,"[0, 5, 10, 15, 20, 25, 30]","[None, None, None, None, None, None, None]","[0.0, 1.83, 3.67, 5.5, 7.33, 9.16, 10.99]"
684,36.29,0.0002704560864109,Persuadable,"[0, 5, 10, 15, 20, 25, 30]","[None, None, None, None, None, None, None]","[0.0, 1.81, 3.63, 5.44, 7.26, 9.07, 10.89]"
4568,39.89,0.0581698916530052,Persuadable,"[0, 5, 10, 15, 20, 25, 30]","[None, None, None, None, None, None, None]","[0.0, 1.99, 3.99, 5.98, 7.98, 9.97, 11.97]"
1130,39.92,0.0024493334095234,Persuadable,"[0, 5, 10, 15, 20, 25, 30]","[None, None, None, None, None, None, None]","[0.0, 2.0, 3.99, 5.99, 7.98, 9.98, 11.98]"
4275,45.3,-0.0436255187590937,Not Persuadable,"[0, 5, 10, 15, 20, 25, 30]","[None, None, None, None, None, None, None]","[0.0, 2.27, 4.53, 6.79, 9.06, 11.32, 13.59]"
2652,38.52,-0.0427096556526609,Not Persuadable,"[0, 5, 10, 15, 20, 25, 30]","[None, None, None, None, None, None, None]","[0.0, 1.93, 3.85, 5.78, 7.7, 9.63, 11.56]"
801,44.21,-0.0819393634822597,Not Persuadable,"[0, 5, 10, 15, 20, 25, 30]","[None, None, None, None, None, None, None]","[0.0, 2.21, 4.42, 6.63, 8.84, 11.05, 13.26]"
2118,41.15,-0.0339559633370181,Not Persuadable,"[0, 5, 10, 15, 20, 25, 30]","[None, None, None, None, None, None, None]","[0.0, 2.06, 4.12, 6.17, 8.23, 10.29, 12.34]"
3381,15.02,0.0745776375861551,Persuadable,"[0, 5, 10, 15, 20, 25, 30]","[None, None, None, None, None, None, None]","[0.0, 0.75, 1.5, 2.25, 3.0, 3.75, 4.51]"
4267,23.31,-0.0679256606561858,Not Persuadable,"[0, 5, 10, 15, 20, 25, 30]","[None, None, None, None, None, None, None]","[0.0, 1.17, 2.33, 3.5, 4.66, 5.83, 6.99]"
220,28.1,0.1449527593908713,Highly Persuadable,"[0, 5, 10, 15, 20, 25, 30]","[None, None, None, None, None, None, None]","[0.0, 1.41, 2.81, 4.21, 5.62, 7.03, 8.43]"
1870,39.26,0.0458927656744502,Persuadable,"[0, 5, 10, 15, 20, 25, 30]","[None, None, None, None, None, None, None]","[0.0, 1.96, 3.93, 5.89, 7.85, 9.81, 11.78]"
2246,47.63,-0.1350236132223579,Not Persuadable,"[0, 5, 10, 15, 20, 25, 30]","[None, None, None, None, None, None, None]","[0.0, 2.38, 4.76, 7.14, 9.53, 11.91, 14.29]"
4357,47.13,0.0731962503462158,Persuadable,"[0, 5, 10, 15, 20, 25, 30]","[None, None, None, None, None, None, None]","[0.0, 2.36, 4.71, 7.07, 9.43, 11.78, 14.14]"
4085,48.04,-0.0275623261663729,Not Persuadable,"[0, 5, 10, 15, 20, 25, 30]","[None, None, None, None, None, None, None]","[0.0, 2.4, 4.8, 7.21, 9.61, 12.01, 14.41]"
4695,25.8,0.074646337623496,Persuadable,"[0, 5, 10, 15, 20, 25, 30]","[None, None, None, None, None, None, None]","[0.0, 1.29, 2.58, 3.87, 5.16, 6.45, 7.74]"
2678,35.93,0.0371986688855373,Persuadable,"[0, 5, 10, 15, 20, 25, 30]","[None, None, None, None, None, None, None]","[0.0, 1.8, 3.59, 5.39, 7.19, 8.98, 10.78]"
44,29.37,0.079009505980531,Persuadable,"[0, 5, 10, 15, 20, 25, 30]","[None, None, None, None, None, None, None]","[0.0, 1.47, 2.94, 4.41, 5.87, 7.34, 8.81]"
2285,34.85,0.0966774594953053,Persuadable,"[0, 5, 10, 15, 20, 25, 30]","[None, None, None, None, None, None, None]","[0.0, 1.74, 3.49, 5.23, 6.97, 8.71, 10.46]"
211,42.43,-0.0296332608525721,Not Persuadable,"[0, 5, 10, 15, 20, 25, 30]","[None, None, None, None, None, None, None]","[0.0, 2.12, 4.24, 6.36, 8.49, 10.61, 12.73]"
1618,41.13,-0.0796112526264471,Not Persuadable,"[0, 5, 10, 15, 20, 25, 30]","[None, None, None, None, None, None, None]","[0.0, 2.06, 4.11, 6.17, 8.23, 10.28, 12.34]"
355,58.92,0.0620240416132206,Persuadable,"[0, 5, 10, 15, 20, 25, 30]","[None, None, None, None, None, None, None]","[0.0, 2.95, 5.89, 8.84, 11.78, 14.73, 17.68]"
3810,38.89,0.1251060140702497,Highly Persuadable,"[0, 5, 10, 15, 20, 25, 30]","[None, None, None, None, None, None, None]","[0.0, 1.94, 3.89, 5.83, 7.78, 9.72, 11.67]"
2314,41.38,-0.024301076338799,Not Persuadable,"[0, 5, 10, 15, 20, 25, 30]","[None, None, None, None, None, None, None]","[0.0, 2.07, 4.14, 6.21, 8.28, 10.35, 12.41]"
4564,46.37,0.0167633976403954,Persuadable,"[0, 5, 10, 15, 20, 25, 30]","[None, None, None, None, None, None, None]","[0.0, 2.32, 4.64, 6.96, 9.27, 11.59, 13.91]"
562,52.43,0.0209298311979889,Persuadable,"[0, 5, 10, 15, 20, 25, 30]","[None, None, None, None, None, None, None]","[0.0, 2.62, 5.24, 7.86, 10.49, 13.11, 15.73]"
368,37.4,-0.0213769236482576,Not Persuadable,"[0, 5, 10, 15, 20, 25, 30]","[None, None, None, None, None, None, None]","[0.0, 1.87, 3.74, 5.61, 7.48, 9.35, 11.22]"
587,34.46,0.0749814794795485,Persuadable,"[0, 5, 10, 15, 20, 25, 30]","[None, None, None, None, None, None, None]","[0.0, 1.72, 3.45, 5.17, 6.89, 8.62, 10.34]"
3735,46.58,0.1029670917393601,Highly Persuadable,"[0, 5, 10, 15, 20, 25, 30]","[None, None, None, None, None, None, None]","[0.0, 2.33, 4.66, 6.99, 9.32, 11.64, 13.97]"
2846,51.07,-0.0362685907834111,Not Persuadable,"[0, 5, 10, 15, 20, 25, 30]","[None, None, None, None, None, None, None]","[0.0, 2.55, 5.11, 7.66, 10.21, 12.77, 15.32]"
136,23.12,0.1013824159780146,Highly Persuadable,"[0, 5, 10, 15, 20, 25, 30]","[None, None, None, None, None, None, None]","[0.0, 1.16, 2.31, 3.47, 4.62, 5.78, 6.94]"
804,37.81,0.0238220002601865,Persuadable,"[0, 5, 10, 15, 20, 25, 30]","[None, None, None, None, None, None, None]","[0.0, 1.89, 3.78, 5.67, 7.56, 9.45, 11.34]"
48,47.38,-0.0555939773263096,Not Persuadable,"[0, 5, 10, 15, 20, 25, 30]","[None, None, None, None, None, None, None]","[0.0, 2.37, 4.74, 7.11, 9.48, 11.85, 14.21]"
3159,31.51,0.1796388920244741,Highly Persuadable,"[0, 5, 10, 15, 20, 25, 30]","[None, None, None, None, None, None, None]","[0.0, 1.58, 3.15, 4.73, 6.3, 7.88, 9.45]"
2322,28.21,0.0050273332397697,Persuadable,"[0, 5, 10, 15, 20, 25, 30]","[None, None, None, None, None, None, None]","[0.0, 1.41, 2.82, 4.23, 5.64, 7.05, 8.46]"
4857,51.17,-0.0018385704763628,Not Persuadable,"[0, 5, 10, 15, 20, 25, 30]","[None, None, None, None, None, None, None]","[0.0, 2.56, 5.12, 7.68, 10.23, 12.79, 15.35]"
4684,49.24,0.0591547469115038,Persuadable,"[0, 5, 10, 15, 20, 25, 30]","[None, None, None, None, None, None, None]","[0.0, 2.46, 4.92, 7.39, 9.85, 12.31, 14.77]"
4976,40.27,-0.008344752312328,Not Persuadable,"[0, 5, 10, 15, 20, 25, 30]","[None, None, None, None, None, None, None]","[0.0, 2.01, 4.03, 6.04, 8.05, 10.07, 12.08]"
1935,39.04,0.1226998282996545,Highly Persuadable,"[0, 5, 10, 15, 20, 25, 30]","[None, None, None, None, None, None, None]","[0.0, 1.95, 3.9, 5.86, 7.81, 9.76, 11.71]"
62,54.92,0.0465451392109979,Persuadable,"[0, 5, 10, 15, 20, 25, 30]","[None, None, None, None, None, None, None]","[0.0, 2.75, 5.49, 8.24, 10.98, 13.73, 16.48]"
1768,31.85,0.0008912825295594,Persuadable,"[0, 5, 10, 15, 20, 25, 30]","[None, None, None, None, None, None, None]","[0.0, 1.59, 3.19, 4.78, 6.37, 7.96, 9.55]"
634,36.4,0.0227031839091712,Persuadable,"[0, 5, 10, 15, 20, 25, 30]","[None, None, None, None, None, None, None]","[0.0, 1.82, 3.64, 5.46, 7.28, 9.1, 10.92]"
96,28.53,-0.0198640065995123,Not Persuadable,"[0, 5, 10, 15, 20, 25, 30]","[None, None, None, None, None, None, None]","[0.0, 1.43, 2.85, 4.28, 5.71, 7.13, 8.56]"
479,49.9,0.0132528447615399,Persuadable,"[0, 5, 10, 15, 20, 25, 30]","[None, None, None, None, None, None, None]","[0.0, 2.5, 4.99, 7.48, 9.98, 12.47, 14.97]"
1724,28.61,0.0584978314589609,Persuadable,"[0, 5, 10, 15, 20, 25, 30]","[None, None, None, None, None, None, None]","[0.0, 1.43, 2.86, 4.29, 5.72, 7.15, 8.58]"
4823,32.87,-0.0375913215855794,Not Persuadable,"[0, 5, 10, 15, 20, 25, 30]","[None, None, None, None, None, None, None]","[0.0, 1.64, 3.29, 4.93, 6.57, 8.22, 9.86]"
4603,46.39,0.074772833380067,Persuadable,"[0, 5, 10, 15, 20, 25, 30]","[None, None, None, None, None, None, None]","[0.0, 2.32, 4.64, 6.96, 9.28, 11.6, 13.92]"
1118,29.18,0.1053309131676055,Highly Persuadable,"[0, 5, 10, 15, 20, 25, 30]","[None, None, None, None, None, None, None]","[0.0, 1.46, 2.92, 4.38, 5.84, 7.29, 8.75]"
2777,49.01,0.1314780635363859,Highly Persuadable,"[0, 5, 10, 15, 20, 25, 30]","[None, None, None, None, None, None, None]","[0.0, 2.45, 4.9, 7.35, 9.8, 12.25, 14.7]"
4222,48.34,-0.1489584642161429,Not Persuadable,"[0, 5, 10, 15, 20, 25, 30]","[None, None, None, None, None, None, None]","[0.0, 2.42, 4.83, 7.25, 9.67, 12.09, 14.5]"
323,46.47,-0.0617123333907872,Not Persuadable,"[0, 5, 10, 15, 20, 25, 30]","[None, None, None, None, None, None, None]","[0.0, 2.32, 4.65, 6.97, 9.29, 11.62, 13.94]"
1294,30.92,0.043193664475339,Persuadable,"[0, 5, 10, 15, 20, 25, 30]","[None, None, None, None, None, None, None]","[0.0, 1.55, 3.09, 4.64, 6.18, 7.73, 9.28]"
2230,51.93,-8.371801814985708e-05,Not Persuadable,"[0, 5, 10, 15, 20, 25, 30]","[None, None, None, None, None, None, None]","[0.0, 2.6, 5.19, 7.79, 10.39, 12.98, 15.58]"
1659,55.28,0.0668460668642223,Persuadable,"[0, 5, 10, 15, 20, 25, 30]","[None, None, None, None, None, None, None]","[0.0, 2.76, 5.53, 8.29, 11.06, 13.82, 16.58]"
1570,24.33,0.0698069786946295,Persuadable,"[0, 5, 10, 15, 20, 25, 30]","[None, None, None, None, None, None, None]","[0.0, 1.22, 2.43, 3.65, 4.87, 6.08, 7.3]"
2441,31.78,0.0745963180766462,Persuadable,"[0, 5, 10, 15, 20, 25, 30]","[None, None, None, None, None, None, None]","[0.0, 1.59, 3.18, 4.77, 6.36, 7.95, 9.53]"
2496,47.16,-0.0516569610164892,Not Persuadable,"[0, 5, 10, 15, 20, 25, 30]","[None, None, None, None, None, None, None]","[0.0, 2.36, 4.72, 7.07, 9.43, 11.79, 14.15]"
3679,5.96,0.2077246514363599,Highly Persuadable,"[0, 5, 10, 15, 20, 25, 30]","[None, None, None, None, None, None, None]","[0.0, 0.3, 0.6, 0.89, 1.19, 1.49, 1.79]"
2961,34.57,0.0757854618906432,Persuadable,"[0, 5, 10, 15, 20, 25, 30]","[None, None, None, None, None, None, None]","[0.0, 1.73, 3.46, 5.19, 6.91, 8.64, 10.37]"
292,23.25,0.1111392446557199,Highly Persuadable,"[0, 5, 10, 15, 20, 25, 30]","[None, None, None, None, None, None, None]","[0.0, 1.16, 2.33, 3.49, 4.65, 5.81, 6.97]"
1002,30.22,0.0412186290756091,Persuadable,"[0, 5, 10, 15, 20, 25, 30]","[None, None, None, None, None, None, None]","[0.0, 1.51, 3.02, 4.53, 6.04, 7.55, 9.07]"
2095,39.28,0.1701600967637771,Highly Persuadable,"[0, 5, 10, 15, 20, 25, 30]","[None, None, None, None, None, None, None]","[0.0, 1.96, 3.93, 5.89, 7.86, 9.82, 11.78]"
534,29.55,0.0711127554703696,Persuadable,"[0, 5, 10, 15, 20, 25, 30]","[None, None, None, None, None, None, None]","[0.0, 1.48, 2.96, 4.43, 5.91, 7.39, 8.87]"
4517,53.69,0.0242673535514475,Persuadable,"[0, 5, 10, 15, 20, 25, 30]","[None, None, None, None, None, None, None]","[0.0, 2.68, 5.37, 8.05, 10.74, 13.42, 16.11]"
1096,55.63,0.0938301972653187,Persuadable,"[0, 5, 10, 15, 20, 25, 30]","[None, None, None, None, None, None, None]","[0.0, 2.78, 5.56, 8.34, 11.13, 13.91, 16.69]"
3793,25.74,0.0416832078933657,Persuadable,"[0, 5, 10, 15, 20, 25, 30]","[None, None, None, None, None, None, None]","[0.0, 1.29, 2.57, 3.86, 5.15, 6.43, 7.72]"
2012,50.62,-0.0232297460599749,Not Persuadable,"[0, 5, 10, 15, 20, 25, 30]","[None, None, None, None, None, None, None]","[0.0, 2.53, 5.06, 7.59, 10.12, 12.65, 15.19]"
4598,30.95,0.1178410919593794,Highly Persuadable,"[0, 5, 10, 15, 20, 25, 30]","[None, None, None, None, None, None, None]","[0.0, 1.55, 3.1, 4.64, 6.19, 7.74, 9.29]"
1559,33.41,-0.0315758981756562,Not Persuadable,"[0, 5, 10, 15, 20, 25, 30]","[None, None, None, None, None, None, None]","[0.0, 1.67, 3.34, 5.01, 6.68, 8.35, 10.02]"
1171,49.44,-0.1258000367684194,Not Persuadable,"[0, 5, 10, 15, 20, 25, 30]","[None, None, None, None, None, None, None]","[0.0, 2.47, 4.94, 7.42, 9.89, 12.36, 14.83]"
4037,41.03,0.0078644124520403,Persuadable,"[0, 5, 10, 15, 20, 25, 30]","[None, None, None, None, None, None, None]","[0.0, 2.05, 4.1, 6.15, 8.21, 10.26, 12.31]"
2418,41.85,-0.0322302875561119,Not Persuadable,"[0, 5, 10, 15, 20, 25, 30]","[None, None, None, None, None, None, None]","[0.0, 2.09, 4.19, 6.28, 8.37, 10.46, 12.55]"
4064,46.71,-0.1160215059183936,Not Persuadable,"[0, 5, 10, 15, 20, 25, 30]","[None, None, None, None, None, None, None]","[0.0, 2.34, 4.67, 7.01, 9.34, 11.68, 14.01]"
4722,25.59,0.1302970319443967,Highly Persuadable,"[0, 5, 10, 15, 20, 25, 30]","[None, None, None, None, None, None, None]","[0.0, 1.28, 2.56, 3.84, 5.12, 6.4, 7.68]"
3796,33.02,0.0695696995035935,Persuadable,"[0, 5, 10, 15, 20, 25, 30]","[None, None, None, None, None, None, None]","[0.0, 1.65, 3.3, 4.95, 6.6, 8.26, 9.91]"
2084,46.79,0.0081291039276818,Persuadable,"[0, 5, 10, 15, 20, 25, 30]","[None, None, None, None, None, None, None]","[0.0, 2.34, 4.68, 7.02, 9.36, 11.7, 14.04]"
4622,35.06,-0.0318938663786767,Not Persuadable,"[0, 5, 10, 15, 20, 25, 30]","[None, None, None, None, None, None, None]","[0.0, 1.75, 3.51, 5.26, 7.01, 8.77, 10.52]"
1011,19.22,0.0165040918679974,Persuadable,"[0, 5, 10, 15, 20, 25, 30]","[None, None, None, None, None, None, None]","[0.0, 0.96, 1.92, 2.88, 3.84, 4.8, 5.77]"
4779,28.82,0.0353933181957115,Persuadable,"[0, 5, 10, 15, 20, 25, 30]","[None, None, None, None, None, None, None]","[0.0, 1.44, 2.88, 4.32, 5.76, 7.21, 8.65]"
752,30.45,0.0989856487342509,Persuadable,"[0, 5, 10, 15, 20, 25, 30]","[None, None, None, None, None, None, None]","[0.0, 1.52, 3.04, 4.57, 6.09, 7.61, 9.13]"
3937,27.75,-0.0975716194940877,Not Persuadable,"[0, 5, 10, 15, 20, 25, 30]","[None, None, None, None, None, None, None]","[0.0, 1.39, 2.78, 4.16, 5.55, 6.94, 8.32]"
4730,63.85,0.0408357392453569,Persuadable,"[0, 5, 10, 15, 20, 25, 30]","[None, None, None, None, None, None, None]","[0.0, 3.19, 6.39, 9.58, 12.77, 15.96, 19.16]"
4536,49.15,-0.0183759914554928,Not Persuadable,"[0, 5, 10, 15, 20, 25, 30]","[None, None, None, None, None, None, None]","[0.0, 2.46, 4.92, 7.37, 9.83, 12.29, 14.74]"
4931,33.36,0.078382336028104,Persuadable,"[0, 5, 10, 15, 20, 25, 30]","[None, None, None, None, None, None, None]","[0.0, 1.67, 3.34, 5.0, 6.67, 8.34, 10.01]"
1426,59.59,0.1871536979665319,Highly Persuadable,"[0, 5, 10, 15, 20, 25, 30]","[None, None, None, None, None, None, None]","[0.0, 2.98, 5.96, 8.94, 11.92, 14.9, 17.88]"
1877,40.83,0.000387178768215,Persuadable,"[0, 5, 10, 15, 20, 25, 30]","[None, None, None, None, None, None, None]","[0.0, 2.04, 4.08, 6.12, 8.17, 10.21, 12.25]"
1546,27.23,-0.0685662131676759,Not Persuadable,"[0, 5, 10, 15, 20, 25, 30]","[None, None, None, None, None, None, None]","[0.0, 1.36, 2.72, 4.08, 5.45, 6.81, 8.17]"
4889,28.9,0.0154039027362624,Persuadable,"[0, 5, 10, 15, 20, 25, 30]","[None, None, None, None, None, None, None]","[0.0, 1.45, 2.89, 4.33, 5.78, 7.22, 8.67]"
3236,31.82,-0.0081309740196483,Not Persuadable,"[0, 5, 10, 15, 20, 25, 30]","[None, None, None, None, None, None, None]","[0.0, 1.59, 3.18, 4.77, 6.36, 7.96, 9.55]"
4163,56.96,-0.0105989096357739,Not Persuadable,"[0, 5, 10, 15, 20, 25, 30]","[None, None, None, None, None, None, None]","[0.0, 2.85, 5.7, 8.54, 11.39, 14.24, 17.09]"
1193,20.18,0.1115734052717599,Highly Persuadable,"[0, 5, 10, 15, 20, 25, 30]","[None, None, None, None, None, None, None]","[0.0, 1.01, 2.02, 3.03, 4.04, 5.04, 6.05]"
2253,40.14,0.0365691558733271,Persuadable,"[0, 5, 10, 15, 20, 25, 30]","[None, None, None, None, None, None, None]","[0.0, 2.01, 4.01, 6.02, 8.03, 10.04, 12.04]"
2860,34.81,0.0906118310920799,Persuadable,"[0, 5, 10, 15, 20, 25, 30]","[None, None, None, None, None, None, None]","[0.0, 1.74, 3.48, 5.22, 6.96, 8.7, 10.44]"
3455,40.21,0.1262233372316399,Highly Persuadable,"[0, 5, 10, 15, 20, 25, 30]","[None, None, None, None, None, None, None]","[0.0, 2.01, 4.02, 6.03, 8.04, 10.05, 12.06]"
1895,44.62,0.0720536175584328,Persuadable,"[0, 5, 10, 15, 20, 25, 30]","[None, None, None, None, None, None, None]","[0.0, 2.23, 4.46, 6.69, 8.92, 11.15, 13.39]"
671,38.89,0.1465992004790106,Highly Persuadable,"[0, 5, 10, 15, 20, 25, 30]","[None, None, None, None, None, None, None]","[0.0, 1.94, 3.89, 5.83, 7.78, 9.72, 11.67]"
829,44.05,0.0220993541212808,Persuadable,"[0, 5, 10, 15, 20, 25, 30]","[None, None, None, None, None, None, None]","[0.0, 2.2, 4.41, 6.61, 8.81, 11.01, 13.21]"
2145,31.8,0.1340948448454343,Highly Persuadable,"[0, 5, 10, 15, 20, 25, 30]","[None, None, None, None, None, None, None]","[0.0, 1.59, 3.18, 4.77, 6.36, 7.95, 9.54]"
1700,46.2,-0.0526064870145257,Not Persuadable,"[0, 5, 10, 15, 20, 25, 30]","[None, None, None, None, None, None, None]","[0.0, 2.31, 4.62, 6.93, 9.24, 11.55, 13.86]"
908,26.42,0.0664915066348152,Persuadable,"[0, 5, 10, 15, 20, 25, 30]","[None, None, None, None, None, None, None]","[0.0, 1.32, 2.64, 3.96, 5.28, 6.61, 7.93]"
2175,43.54,0.1418843536639016,Highly Persuadable,"[0, 5, 10, 15, 20, 25, 30]","[None, None, None, None, None, None, None]","[0.0, 2.18, 4.35, 6.53, 8.71, 10.88, 13.06]"
71,17.85,0.1005713007376922,Highly Persuadable,"[0, 5, 10, 15, 20, 25, 30]","[None, None, None, None, None, None, None]","[0.0, 0.89, 1.79, 2.68, 3.57, 4.46, 5.36]"
912,33.08,-0.0215955971145649,Not Persuadable,"[0, 5, 10, 15, 20, 25, 30]","[None, None, None, None, None, None, None]","[0.0, 1.65, 3.31, 4.96, 6.62, 8.27, 9.92]"
3866,38.46,0.0088219011106474,Persuadable,"[0, 5, 10, 15, 20, 25, 30]","[None, None, None, None, None, None, None]","[0.0, 1.92, 3.85, 5.77, 7.69, 9.62, 11.54]"
2621,18.03,0.0071365710095623,Persuadable,"[0, 5, 10, 15, 20, 25, 30]","[None, None, None, None, None, None, None]","[0.0, 0.9, 1.8, 2.7, 3.61, 4.51, 5.41]"
3253,35.71,-0.0441622406174656,Not Persuadable,"[0, 5, 10, 15, 20, 25, 30]","[None, None, None, None, None, None, None]","[0.0, 1.79, 3.57, 5.36, 7.14, 8.93, 10.71]"
4225,19.41,0.1772275337317989,Highly Persuadable,"[0, 5, 10, 15, 20, 25, 30]","[None, None, None, None, None, None, None]","[0.0, 0.97, 1.94, 2.91, 3.88, 4.85, 5.82]"
2754,39.79,0.0998218245330758,Persuadable,"[0, 5, 10, 15, 20, 25, 30]","[None, None, None, None, None, None, None]","[0.0, 1.99, 3.98, 5.97, 7.96, 9.95, 11.94]"
839,44.15,0.0375520408789527,Persuadable,"[0, 5, 10, 15, 20, 25, 30]","[None, None, None, None, None, None, None]","[0.0, 2.21, 4.42, 6.62, 8.83, 11.04, 13.24]"
1613,28.25,0.0833324977719086,Persuadable,"[0, 5, 10, 15, 20, 25, 30]","[None, None, None, None, None, None, None]","[0.0, 1.41, 2.83, 4.24, 5.65, 7.06, 8.47]"
1150,44.17,0.0382372475876392,Persuadable,"[0, 5, 10, 15, 20, 25, 30]","[None, None, None, None, None, None, None]","[0.0, 2.21, 4.42, 6.63, 8.83, 11.04, 13.25]"
3535,42.92,-0.0277225926280616,Not Persuadable,"[0, 5, 10, 15, 20, 25, 30]","[None, None, None, None, None, None, None]","[0.0, 2.15, 4.29, 6.44, 8.58, 10.73, 12.88]"
1076,33.73,0.0530298822529758,Persuadable,"[0, 5, 10, 15, 20, 25, 30]","[None, None, None, None, None, None, None]","[0.0, 1.69, 3.37, 5.06, 6.75, 8.43, 10.12]"
2452,28.11,0.0497125219728098,Persuadable,"[0, 5, 10, 15, 20, 25, 30]","[None, None, None, None, None, None, None]","[0.0, 1.41, 2.81, 4.22, 5.62, 7.03, 8.43]"
2795,41.42,0.1071013200208624,Highly Persuadable,"[0, 5, 10, 15, 20, 25, 30]","[None, None, None, None, None, None, None]","[0.0, 2.07, 4.14, 6.21, 8.28, 10.36, 12.43]"
2821,36.22,0.0057844047808409,Persuadable,"[0, 5, 10, 15, 20, 25, 30]","[None, None, None, None, None, None, None]","[0.0, 1.81, 3.62, 5.43, 7.24, 9.05, 10.87]"
2022,32.57,0.0147122012592734,Persuadable,"[0, 5, 10, 15, 20, 25, 30]","[None, None, None, None, None, None, None]","[0.0, 1.63, 3.26, 4.89, 6.51, 8.14, 9.77]"
3769,40.02,0.0727455298217244,Persuadable,"[0, 5, 10, 15, 20, 25, 30]","[None, None, None, None, None, None, None]","[0.0, 2.0, 4.0, 6.0, 8.0, 10.01, 12.01]"
1306,28.08,0.017431719099003,Persuadable,"[0, 5, 10, 15, 20, 25, 30]","[None, None, None, None, None, None, None]","[0.0, 1.4, 2.81, 4.21, 5.62, 7.02, 8.42]"
3672,36.02,0.0293588562192133,Persuadable,"[0, 5, 10, 15, 20, 25, 30]","[None, None, None, None, None, None, None]","[0.0, 1.8, 3.6, 5.4, 7.2, 9.01, 10.81]"
1889,32.38,0.0811537889586864,Persuadable,"[0, 5, 10, 15, 20, 25, 30]","[None, None, None, None, None, None, None]","[0.0, 1.62, 3.24, 4.86, 6.48, 8.1, 9.71]"
3251,46.8,0.1071811976896075,Highly Persuadable,"[0, 5, 10, 15, 20, 25, 30]","[None, None, None, None, None, None, None]","[0.0, 2.34, 4.68, 7.02, 9.36, 11.7, 14.04]"
2373,22.02,0.115529895242985,Highly Persuadable,"[0, 5, 10, 15, 20, 25, 30]","[None, None, None, None, None, None, None]","[0.0, 1.1, 2.2, 3.3, 4.4, 5.5, 6.61]"
2909,32.26,0.1957286604770463,Highly Persuadable,"[0, 5, 10, 15, 20, 25, 30]","[None, None, None, None, None, None, None]","[0.0, 1.61, 3.23, 4.84, 6.45, 8.06, 9.68]"
3797,34.91,0.0703161806253719,Persuadable,"[0, 5, 10, 15, 20, 25, 30]","[None, None, None, None, None, None, None]","[0.0, 1.75, 3.49, 5.24, 6.98, 8.73, 10.47]"
1633,42.93,-0.0657110798363655,Not Persuadable,"[0, 5, 10, 15, 20, 25, 30]","[None, None, None, None, None, None, None]","[0.0, 2.15, 4.29, 6.44, 8.59, 10.73, 12.88]"
2243,41.23,0.0486950607621693,Persuadable,"[0, 5, 10, 15, 20, 25, 30]","[None, None, None, None, None, None, None]","[0.0, 2.06, 4.12, 6.18, 8.25, 10.31, 12.37]"
4853,32.77,-0.1909989295439461,Not Persuadable,"[0, 5, 10, 15, 20, 25, 30]","[None, None, None, None, None, None, None]","[0.0, 1.64, 3.28, 4.92, 6.55, 8.19, 9.83]"
3918,27.79,0.0618423158107942,Persuadable,"[0, 5, 10, 15, 20, 25, 30]","[None, None, None, None, None, None, None]","[0.0, 1.39, 2.78, 4.17, 5.56, 6.95, 8.34]"
3543,39.71,0.1079746313435553,Highly Persuadable,"[0, 5, 10, 15, 20, 25, 30]","[None, None, None, None, None, None, None]","[0.0, 1.99, 3.97, 5.96, 7.94, 9.93, 11.91]"
3581,31.65,0.0061005803038195,Persuadable,"[0, 5, 10, 15, 20, 25, 30]","[None, None, None, None, None, None, None]","[0.0, 1.58, 3.17, 4.75, 6.33, 7.91, 9.49]"
4928,49.35,0.0741340886014378,Persuadable,"[0, 5, 10, 15, 20, 25, 30]","[None, None, None, None, None, None, None]","[0.0, 2.47, 4.94, 7.4, 9.87, 12.34, 14.8]"
4890,23.81,-0.0019802382376657,Not Persuadable,"[0, 5, 10, 15, 20, 25, 30]","[None, None, None, None, None, None, None]","[0.0, 1.19, 2.38, 3.57, 4.76, 5.95, 7.14]"
643,54.82,0.0020613691497173,Persuadable,"[0, 5, 10, 15, 20, 25, 30]","[None, None, None, None, None, None, None]","[0.0, 2.74, 5.48, 8.22, 10.96, 13.71, 16.45]"
2975,52.0,0.1040000001751948,Highly Persuadable,"[0, 5, 10, 15, 20, 25, 30]","[None, None, None, None, None, None, None]","[0.0, 2.6, 5.2, 7.8, 10.4, 13.0, 15.6]"
3615,52.6,0.0036966934081797,Persuadable,"[0, 5, 10, 15, 20, 25, 30]","[None, None, None, None, None, None, None]","[0.0, 2.63, 5.26, 7.89, 10.52, 13.15, 15.78]"
3811,44.01,0.0136055016859687,Persuadable,"[0, 5, 10, 15, 20, 25, 30]","[None, None, None, None, None, None, None]","[0.0, 2.2, 4.4, 6.6, 8.8, 11.0, 13.2]"
234,53.73,0.1135956034933862,Highly Persuadable,"[0, 5, 10, 15, 20, 25, 30]","[None, None, None, None, None, None, None]","[0.0, 2.69, 5.37, 8.06, 10.75, 13.43, 16.12]"
4577,39.98,0.0955239533792225,Persuadable,"[0, 5, 10, 15, 20, 25, 30]","[None, None, None, None, None, None, None]","[0.0, 2.0, 4.0, 6.0, 8.0, 9.99, 11.99]"
1610,40.33,0.1362973146450476,Highly Persuadable,"[0, 5, 10, 15, 20, 25, 30]","[None, None, None, None, None, None, None]","[0.0, 2.02, 4.03, 6.05, 8.07, 10.08, 12.1]"
416,37.51,0.1096678888171688,Highly Persuadable,"[0, 5, 10, 15, 20, 25, 30]","[None, None, None, None, None, None, None]","[0.0, 1.88, 3.75, 5.63, 7.5, 9.38, 11.25]"
2472,23.87,0.0137482529041529,Persuadable,"[0, 5, 10, 15, 20, 25, 30]","[None, None, None, None, None, None, None]","[0.0, 1.19, 2.39, 3.58, 4.77, 5.97, 7.16]"
654,38.32,0.0021676025198271,Persuadable,"[0, 5, 10, 15, 20, 25, 30]","[None, None, None, None, None, None, None]","[0.0, 1.92, 3.83, 5.75, 7.66, 9.58, 11.5]"
3623,21.8,0.0668196436204361,Persuadable,"[0, 5, 10, 15, 20, 25, 30]","[None, None, None, None, None, None, None]","[0.0, 1.09, 2.18, 3.27, 4.36, 5.45, 6.54]"
1601,33.8,0.0697862612481156,Persuadable,"[0, 5, 10, 15, 20, 25, 30]","[None, None, None, None, None, None, None]","[0.0, 1.69, 3.38, 5.07, 6.76, 8.45, 10.14]"
18,29.58,0.1147104014997544,Highly Persuadable,"[0, 5, 10, 15, 20, 25, 30]","[None, None, None, None, None, None, None]","[0.0, 1.48, 2.96, 4.44, 5.92, 7.39, 8.87]"
1861,38.86,0.1106980804278149,Highly Persuadable,"[0, 5, 10, 15, 20, 25, 30]","[None, None, None, None, None, None, None]","[0.0, 1.94, 3.89, 5.83, 7.77, 9.71, 11.66]"
2461,36.96,-0.0637069408420238,Not Persuadable,"[0, 5, 10, 15, 20, 25, 30]","[None, None, None, None, None, None, None]","[0.0, 1.85, 3.7, 5.54, 7.39, 9.24, 11.09]"
2390,25.07,0.0354268436736893,Persuadable,"[0, 5, 10, 15, 20, 25, 30]","[None, None, None, None, None, None, None]","[0.0, 1.25, 2.51, 3.76, 5.01, 6.27, 7.52]"
597,36.08,-0.0865058356912417,Not Persuadable,"[0, 5, 10, 15, 20, 25, 30]","[None, None, None, None, None, None, None]","[0.0, 1.8, 3.61, 5.41, 7.22, 9.02, 10.82]"
4872,43.23,-0.0517983470713949,Not Persuadable,"[0, 5, 10, 15, 20, 25, 30]","[None, None, None, None, None, None, None]","[0.0, 2.16, 4.32, 6.48, 8.65, 10.81, 12.97]"
2168,27.8,-0.0430411413188031,Not Persuadable,"[0, 5, 10, 15, 20, 25, 30]","[None, None, None, None, None, None, None]","[0.0, 1.39, 2.78, 4.17, 5.56, 6.95, 8.34]"
2858,26.05,0.1551319229246502,Highly Persuadable,"[0, 5, 10, 15, 20, 25, 30]","[None, None, None, None, None, None, None]","[0.0, 1.3, 2.61, 3.91, 5.21, 6.51, 7.81]"
4760,29.15,0.0390010729177103,Persuadable,"[0, 5, 10, 15, 20, 25, 30]","[None, None, None, None, None, None, None]","[0.0, 1.46, 2.92, 4.37, 5.83, 7.29, 8.74]"
1816,30.14,0.0669343938471975,Persuadable,"[0, 5, 10, 15, 20, 25, 30]","[None, None, None, None, None, None, None]","[0.0, 1.51, 3.01, 4.52, 6.03, 7.54, 9.04]"
4936,37.35,0.0244956628135355,Persuadable,"[0, 5, 10, 15, 20, 25, 30]","[None, None, None, None, None, None, None]","[0.0, 1.87, 3.74, 5.6, 7.47, 9.34, 11.21]"
372,45.78,-0.0196612183842844,Not Persuadable,"[0, 5, 10, 15, 20, 25, 30]","[None, None, None, None, None, None, None]","[0.0, 2.29, 4.58, 6.87, 9.16, 11.45, 13.73]"
3039,29.69,0.0138470255026167,Persuadable,"[0, 5, 10, 15, 20, 25, 30]","[None, None, None, None, None, None, None]","[0.0, 1.48, 2.97, 4.45, 5.94, 7.42, 8.91]"
599,45.11,0.0592530449766168,Persuadable,"[0, 5, 10, 15, 20, 25, 30]","[None, None, None, None, None, None, None]","[0.0, 2.26, 4.51, 6.77, 9.02, 11.28, 13.53]"
239,46.24,-0.0153120078999396,Not Persuadable,"[0, 5, 10, 15, 20, 25, 30]","[None, None, None, None, None, None, None]","[0.0, 2.31, 4.62, 6.94, 9.25, 11.56, 13.87]"
3616,47.48,-0.1763095228632852,Not Persuadable,"[0, 5, 10, 15, 20, 25, 30]","[None, None, None, None, None, None, None]","[0.0, 2.37, 4.75, 7.12, 9.5, 11.87, 14.24]"
1814,29.84,0.2090493754910801,Highly Persuadable,"[0, 5, 10, 15, 20, 25, 30]","[None, None, None, None, None, None, None]","[0.0, 1.49, 2.98, 4.48, 5.97, 7.46, 8.95]"
1944,39.09,0.0599607005732541,Persuadable,"[0, 5, 10, 15, 20, 25, 30]","[None, None, None, None, None, None, None]","[0.0, 1.95, 3.91, 5.86, 7.82, 9.77, 11.73]"
1718,52.59,0.1002954780537519,Highly Persuadable,"[0, 5, 10, 15, 20, 25, 30]","[None, None, None, None, None, None, None]","[0.0, 2.63, 5.26, 7.89, 10.52, 13.15, 15.78]"
4838,33.86,-0.0309180682209433,Not Persuadable,"[0, 5, 10, 15, 20, 25, 30]","[None, None, None, None, None, None, None]","[0.0, 1.69, 3.39, 5.08, 6.77, 8.46, 10.16]"
2139,64.58,0.046402000033247,Persuadable,"[0, 5, 10, 15, 20, 25, 30]","[None, None, None, None, None, None, None]","[0.0, 3.23, 6.46, 9.69, 12.92, 16.14, 19.37]"
2560,47.72,0.0607718567451535,Persuadable,"[0, 5, 10, 15, 20, 25, 30]","[None, None, None, None, None, None, None]","[0.0, 2.39, 4.77, 7.16, 9.54, 11.93, 14.32]"
3481,29.58,0.1124415891023564,Highly Persuadable,"[0, 5, 10, 15, 20, 25, 30]","[None, None, None, None, None, None, None]","[0.0, 1.48, 2.96, 4.44, 5.92, 7.39, 8.87]"
3694,24.14,0.1549214502778424,Highly Persuadable,"[0, 5, 10, 15, 20, 25, 30]","[None, None, None, None, None, None, None]","[0.0, 1.21, 2.41, 3.62, 4.83, 6.04, 7.24]"
2765,58.32,0.1206784724459382,Highly Persuadable,"[0, 5, 10, 15, 20, 25, 30]","[None, None, None, None, None, None, None]","[0.0, 2.92, 5.83, 8.75, 11.66, 14.58, 17.5]"
2477,28.88,0.0308554531286188,Persuadable,"[0, 5, 10, 15, 20, 25, 30]","[None, None, None, None, None, None, None]","[0.0, 1.44, 2.89, 4.33, 5.78, 7.22, 8.66]"
2553,28.34,-0.0024231916305151,Not Persuadable,"[0, 5, 10, 15, 20, 25, 30]","[None, None, None, None, None, None, None]","[0.0, 1.42, 2.83, 4.25, 5.67, 7.08, 8.5]"
788,27.63,0.1016522113156446,Highly Persuadable,"[0, 5, 10, 15, 20, 25, 30]","[None, None, None, None, None, None, None]","[0.0, 1.38, 2.76, 4.14, 5.53, 6.91, 8.29]"
1544,36.35,0.1223120066678456,Highly Persuadable,"[0, 5, 10, 15, 20, 25, 30]","[None, None, None, None, None, None, None]","[0.0, 1.82, 3.64, 5.45, 7.27, 9.09, 10.9]"
3741,29.66,0.0791416078896446,Persuadable,"[0, 5, 10, 15, 20, 25, 30]","[None, None, None, None, None, None, None]","[0.0, 1.48, 2.97, 4.45, 5.93, 7.42, 8.9]"
4263,25.93,-0.0006905221256132,Not Persuadable,"[0, 5, 10, 15, 20, 25, 30]","[None, None, None, None, None, None, None]","[0.0, 1.3, 2.59, 3.89, 5.19, 6.48, 7.78]"
3726,50.36,0.0549002843056908,Persuadable,"[0, 5, 10, 15, 20, 25, 30]","[None, None, None, None, None, None, None]","[0.0, 2.52, 5.04, 7.55, 10.07, 12.59, 15.11]"
2245,28.69,-0.0898011060684632,Not Persuadable,"[0, 5, 10, 15, 20, 25, 30]","[None, None, None, None, None, None, None]","[0.0, 1.43, 2.87, 4.3, 5.74, 7.17, 8.61]"
4488,29.75,0.1514237494044749,Highly Persuadable,"[0, 5, 10, 15, 20, 25, 30]","[None, None, None, None, None, None, None]","[0.0, 1.49, 2.98, 4.46, 5.95, 7.44, 8.92]"
4221,57.56,0.0996831560077005,Persuadable,"[0, 5, 10, 15, 20, 25, 30]","[None, None, None, None, None, None, None]","[0.0, 2.88, 5.76, 8.63, 11.51, 14.39, 17.27]"
3049,46.24,0.1893215009414189,Highly Persuadable,"[0, 5, 10, 15, 20, 25, 30]","[None, None, None, None, None, None, None]","[0.0, 2.31, 4.62, 6.94, 9.25, 11.56, 13.87]"
1434,35.22,0.0671045993335534,Persuadable,"[0, 5, 10, 15, 20, 25, 30]","[None, None, None, None, None, None, None]","[0.0, 1.76, 3.52, 5.28, 7.04, 8.8, 10.57]"
622,37.12,0.0492293666200116,Persuadable,"[0, 5, 10, 15, 20, 25, 30]","[None, None, None, None, None, None, None]","[0.0, 1.86, 3.71, 5.57, 7.42, 9.28, 11.14]"
2313,38.77,-0.0161782693616772,Not Persuadable,"[0, 5, 10, 15, 20, 25, 30]","[None, None, None, None, None, None, None]","[0.0, 1.94, 3.88, 5.82, 7.75, 9.69, 11.63]"
3648,46.76,-0.061958879875529,Not Persuadable,"[0, 5, 10, 15, 20, 25, 30]","[None, None, None, None, None, None, None]","[0.0, 2.34, 4.68, 7.01, 9.35, 11.69, 14.03]"
567,39.02,0.1266124673310841,Highly Persuadable,"[0, 5, 10, 15, 20, 25, 30]","[None, None, None, None, None, None, None]","[0.0, 1.95, 3.9, 5.85, 7.8, 9.76, 11.71]"
1486,36.01,0.0869652052236458,Persuadable,"[0, 5, 10, 15, 20, 25, 30]","[None, None, None, None, None, None, None]","[0.0, 1.8, 3.6, 5.4, 7.2, 9.0, 10.8]"
3753,50.63,0.073505371249617,Persuadable,"[0, 5, 10, 15, 20, 25, 30]","[None, None, None, None, None, None, None]","[0.0, 2.53, 5.06, 7.59, 10.13, 12.66, 15.19]"
3586,53.6,0.1031165026068747,Highly Persuadable,"[0, 5, 10, 15, 20, 25, 30]","[None, None, None, None, None, None, None]","[0.0, 2.68, 5.36, 8.04, 10.72, 13.4, 16.08]"
52,48.04,0.0041896336136009,Persuadable,"[0, 5, 10, 15, 20, 25, 30]","[None, None, None, None, None, None, None]","[0.0, 2.4, 4.8, 7.21, 9.61, 12.01, 14.41]"
2143,43.52,-0.0555365951295116,Not Persuadable,"[0, 5, 10, 15, 20, 25, 30]","[None, None, None, None, None, None, None]","[0.0, 2.18, 4.35, 6.53, 8.7, 10.88, 13.06]"
3047,30.69,0.0611939576115556,Persuadable,"[0, 5, 10, 15, 20, 25, 30]","[None, None, None, None, None, None, None]","[0.0, 1.53, 3.07, 4.6, 6.14, 7.67, 9.21]"
3120,43.08,0.0078879036459901,Persuadable,"[0, 5, 10, 15, 20, 25, 30]","[None, None, None, None, None, None, None]","[0.0, 2.15, 4.31, 6.46, 8.62, 10.77, 12.92]"
4375,57.83,0.0592306738149041,Persuadable,"[0, 5, 10, 15, 20, 25, 30]","[None, None, None, None, None, None, None]","[0.0, 2.89, 5.78, 8.67, 11.57, 14.46, 17.35]"
535,40.17,0.0269827635657099,Persuadable,"[0, 5, 10, 15, 20, 25, 30]","[None, None, None, None, None, None, None]","[0.0, 2.01, 4.02, 6.03, 8.03, 10.04, 12.05]"
3200,40.74,0.0592326236388931,Persuadable,"[0, 5, 10, 15, 20, 25, 30]","[None, None, None, None, None, None, None]","[0.0, 2.04, 4.07, 6.11, 8.15, 10.19, 12.22]"
3103,16.56,-0.0213765791719008,Not Persuadable,"[0, 5, 10, 15, 20, 25, 30]","[None, None, None, None, None, None, None]","[0.0, 0.83, 1.66, 2.48, 3.31, 4.14, 4.97]"
444,38.74,0.019893913212717,Persuadable,"[0, 5, 10, 15, 20, 25, 30]","[None, None, None, None, None, None, None]","[0.0, 1.94, 3.87, 5.81, 7.75, 9.69, 11.62]"
2690,36.08,0.0091245903403345,Persuadable,"[0, 5, 10, 15, 20, 25, 30]","[None, None, None, None, None, None, None]","[0.0, 1.8, 3.61, 5.41, 7.22, 9.02, 10.82]"
196,42.51,-0.0033496375914268,Not Persuadable,"[0, 5, 10, 15, 20, 25, 30]","[None, None, None, None, None, None, None]","[0.0, 2.13, 4.25, 6.38, 8.5, 10.63, 12.75]"
3484,37.85,-0.0452879222956896,Not Persuadable,"[0, 5, 10, 15, 20, 25, 30]","[None, None, None, None, None, None, None]","[0.0, 1.89, 3.79, 5.68, 7.57, 9.46, 11.36]"
777,42.08,0.0612854943860908,Persuadable,"[0, 5, 10, 15, 20, 25, 30]","[None, None, None, None, None, None, None]","[0.0, 2.1, 4.21, 6.31, 8.42, 10.52, 12.62]"
2227,47.46,-0.1397816973071545,Not Persuadable,"[0, 5, 10, 15, 20, 25, 30]","[None, None, None, None, None, None, None]","[0.0, 2.37, 4.75, 7.12, 9.49, 11.87, 14.24]"
2823,29.48,0.1080714266175081,Highly Persuadable,"[0, 5, 10, 15, 20, 25, 30]","[None, None, None, None, None, None, None]","[0.0, 1.47, 2.95, 4.42, 5.9, 7.37, 8.84]"
3018,62.1,0.085771186131973,Persuadable,"[0, 5, 10, 15, 20, 25, 30]","[None, None, None, None, None, None, None]","[0.0, 3.11, 6.21, 9.31, 12.42, 15.53, 18.63]"
3063,49.29,0.0901161391184263,Persuadable,"[0, 5, 10, 15, 20, 25, 30]","[None, None, None, None, None, None, None]","[0.0, 2.46, 4.93, 7.39, 9.86, 12.32, 14.79]"
2981,33.03,0.0685075077350292,Persuadable,"[0, 5, 10, 15, 20, 25, 30]","[None, None, None, None, None, None, None]","[0.0, 1.65, 3.3, 4.95, 6.61, 8.26, 9.91]"
2576,32.25,0.0770269606505148,Persuadable,"[0, 5, 10, 15, 20, 25, 30]","[None, None, None, None, None, None, None]","[0.0, 1.61, 3.23, 4.84, 6.45, 8.06, 9.67]"
2938,61.01,0.1608294672058472,Highly Persuadable,"[0, 5, 10, 15, 20, 25, 30]","[None, None, None, None, None, None, None]","[0.0, 3.05, 6.1, 9.15, 12.2, 15.25, 18.3]"
645,39.69,0.0488679896921075,Persuadable,"[0, 5, 10, 15, 20, 25, 30]","[None, None, None, None, None, None, None]","[0.0, 1.98, 3.97, 5.95, 7.94, 9.92, 11.91]"
806,48.26,-0.0186050009721758,Not Persuadable,"[0, 5, 10, 15, 20, 25, 30]","[None, None, None, None, None, None, None]","[0.0, 2.41, 4.83, 7.24, 9.65, 12.06, 14.48]"
3538,59.27,0.1699065355920501,Highly Persuadable,"[0, 5, 10, 15, 20, 25, 30]","[None, None, None, None, None, None, None]","[0.0, 2.96, 5.93, 8.89, 11.85, 14.82, 17.78]"
1352,37.43,-0.0540078733114425,Not Persuadable,"[0, 5, 10, 15, 20, 25, 30]","[None, None, None, None, None, None, None]","[0.0, 1.87, 3.74, 5.61, 7.49, 9.36, 11.23]"
4866,52.58,0.0508924644792398,Persuadable,"[0, 5, 10, 15, 20, 25, 30]","[None, None, None, None, None, None, None]","[0.0, 2.63, 5.26, 7.89, 10.52, 13.14, 15.77]"
121,42.61,-0.0526153251535499,Not Persuadable,"[0, 5, 10, 15, 20, 25, 30]","[None, None, None, None, None, None, None]","[0.0, 2.13, 4.26, 6.39, 8.52, 10.65, 12.78]"
2489,45.62,0.095458059083262,Persuadable,"[0, 5, 10, 15, 20, 25, 30]","[None, None, None, None, None, None, None]","[0.0, 2.28, 4.56, 6.84, 9.12, 11.4, 13.69]"
4808,25.64,0.1680507685108733,Highly Persuadable,"[0, 5, 10, 15, 20, 25, 30]","[None, None, None, None, None, None, None]","[0.0, 1.28, 2.56, 3.85, 5.13, 6.41, 7.69]"
4899,49.95,0.0434883680459886,Persuadable,"[0, 5, 10, 15, 20, 25, 30]","[None, None, None, None, None, None, None]","[0.0, 2.5, 5.0, 7.49, 9.99, 12.49, 14.98]"
2465,38.71,0.0516904386611686,Persuadable,"[0, 5, 10, 15, 20, 25, 30]","[None, None, None, None, None, None, None]","[0.0, 1.94, 3.87, 5.81, 7.74, 9.68, 11.61]"
3183,26.88,0.0328243706720337,Persuadable,"[0, 5, 10, 15, 20, 25, 30]","[None, None, None, None, None, None, None]","[0.0, 1.34, 2.69, 4.03, 5.38, 6.72, 8.06]"
135,35.47,0.0219429877704257,Persuadable,"[0, 5, 10, 15, 20, 25, 30]","[None, None, None, None, None, None, None]","[0.0, 1.77, 3.55, 5.32, 7.09, 8.87, 10.64]"
2804,16.43,-0.0986814695441539,Not Persuadable,"[0, 5, 10, 15, 20, 25, 30]","[None, None, None, None, None, None, None]","[0.0, 0.82, 1.64, 2.46, 3.29, 4.11, 4.93]"
3639,54.62,0.1561087889768704,Highly Persuadable,"[0, 5, 10, 15, 20, 25, 30]","[None, None, None, None, None, None, None]","[0.0, 2.73, 5.46, 8.19, 10.92, 13.65, 16.39]"
2299,31.7,0.1656263399802927,Highly Persuadable,"[0, 5, 10, 15, 20, 25, 30]","[None, None, None, None, None, None, None]","[0.0, 1.58, 3.17, 4.75, 6.34, 7.92, 9.51]"
185,35.07,0.0104201961902059,Persuadable,"[0, 5, 10, 15, 20, 25, 30]","[None, None, None, None, None, None, None]","[0.0, 1.75, 3.51, 5.26, 7.01, 8.77, 10.52]"
1336,22.32,-0.0827466816106096,Not Persuadable,"[0, 5, 10, 15, 20, 25, 30]","[None, None, None, None, None, None, None]","[0.0, 1.12, 2.23, 3.35, 4.46, 5.58, 6.7]"
1667,44.27,0.0620971077685278,Persuadable,"[0, 5, 10, 15, 20, 25, 30]","[None, None, None, None, None, None, None]","[0.0, 2.21, 4.43, 6.64, 8.85, 11.07, 13.28]"
512,30.78,0.1812372169406294,Highly Persuadable,"[0, 5, 10, 15, 20, 25, 30]","[None, None, None, None, None, None, None]","[0.0, 1.54, 3.08, 4.62, 6.16, 7.7, 9.23]"
1322,27.83,0.0170699046925201,Persuadable,"[0, 5, 10, 15, 20, 25, 30]","[None, None, None, None, None, None, None]","[0.0, 1.39, 2.78, 4.17, 5.57, 6.96, 8.35]"
4073,32.14,0.0594572288992065,Persuadable,"[0, 5, 10, 15, 20, 25, 30]","[None, None, None, None, None, None, None]","[0.0, 1.61, 3.21, 4.82, 6.43, 8.04, 9.64]"
3759,38.63,0.165042554549002,Highly Persuadable,"[0, 5, 10, 15, 20, 25, 30]","[None, None, None, None, None, None, None]","[0.0, 1.93, 3.86, 5.79, 7.73, 9.66, 11.59]"
4229,22.46,0.113548127249769,Highly Persuadable,"[0, 5, 10, 15, 20, 25, 30]","[None, None, None, None, None, None, None]","[0.0, 1.12, 2.25, 3.37, 4.49, 5.62, 6.74]"
3733,38.12,-0.0286674651491128,Not Persuadable,"[0, 5, 10, 15, 20, 25, 30]","[None, None, None, None, None, None, None]","[0.0, 1.91, 3.81, 5.72, 7.62, 9.53, 11.44]"
3680,46.31,0.019039255722262,Persuadable,"[0, 5, 10, 15, 20, 25, 30]","[None, None, None, None, None, None, None]","[0.0, 2.32, 4.63, 6.95, 9.26, 11.58, 13.89]"
743,45.42,-0.0203444629631363,Not Persuadable,"[0, 5, 10, 15, 20, 25, 30]","[None, None, None, None, None, None, None]","[0.0, 2.27, 4.54, 6.81, 9.08, 11.36, 13.63]"
252,53.46,0.1443694836964954,Highly Persuadable,"[0, 5, 10, 15, 20, 25, 30]","[None, None, None, None, None, None, None]","[0.0, 2.67, 5.35, 8.02, 10.69, 13.37, 16.04]"
1174,21.97,0.1437115391706476,Highly Persuadable,"[0, 5, 10, 15, 20, 25, 30]","[None, None, None, None, None, None, None]","[0.0, 1.1, 2.2, 3.3, 4.39, 5.49, 6.59]"
3960,42.78,0.0571929710614296,Persuadable,"[0, 5, 10, 15, 20, 25, 30]","[None, None, None, None, None, None, None]","[0.0, 2.14, 4.28, 6.42, 8.56, 10.7, 12.83]"
3903,35.3,0.0728515633438736,Persuadable,"[0, 5, 10, 15, 20, 25, 30]","[None, None, None, None, None, None, None]","[0.0, 1.76, 3.53, 5.29, 7.06, 8.82, 10.59]"
2171,39.89,-0.0639763994209001,Not Persuadable,"[0, 5, 10, 15, 20, 25, 30]","[None, None, None, None, None, None, None]","[0.0, 1.99, 3.99, 5.98, 7.98, 9.97, 11.97]"
123,45.97,-0.056296128624995,Not Persuadable,"[0, 5, 10, 15, 20, 25, 30]","[None, None, None, None, None, None, None]","[0.0, 2.3, 4.6, 6.9, 9.19, 11.49, 13.79]"
2355,45.69,0.034044216725016,Persuadable,"[0, 5, 10, 15, 20, 25, 30]","[None, None, None, None, None, None, None]","[0.0, 2.28, 4.57, 6.85, 9.14, 11.42, 13.71]"
1670,33.81,0.0913924677836501,Persuadable,"[0, 5, 10, 15, 20, 25, 30]","[None, None, None, None, None, None, None]","[0.0, 1.69, 3.38, 5.07, 6.76, 8.45, 10.14]"
1478,18.94,0.035164802504411,Persuadable,"[0, 5, 10, 15, 20, 25, 30]","[None, None, None, None, None, None, None]","[0.0, 0.95, 1.89, 2.84, 3.79, 4.74, 5.68]"
568,30.5,0.1619213354142666,Highly Persuadable,"[0, 5, 10, 15, 20, 25, 30]","[None, None, None, None, None, None, None]","[0.0, 1.53, 3.05, 4.58, 6.1, 7.62, 9.15]"
3668,37.41,0.0524055811477006,Persuadable,"[0, 5, 10, 15, 20, 25, 30]","[None, None, None, None, None, None, None]","[0.0, 1.87, 3.74, 5.61, 7.48, 9.35, 11.22]"
3201,39.9,0.1147403354739761,Highly Persuadable,"[0, 5, 10, 15, 20, 25, 30]","[None, None, None, None, None, None, None]","[0.0, 2.0, 3.99, 5.98, 7.98, 9.97, 11.97]"
1676,18.35,0.1537941129183135,Highly Persuadable,"[0, 5, 10, 15, 20, 25, 30]","[None, None, None, None, None, None, None]","[0.0, 0.92, 1.84, 2.75, 3.67, 4.59, 5.5]"
1804,31.03,0.0302125074622461,Persuadable,"[0, 5, 10, 15, 20, 25, 30]","[None, None, None, None, None, None, None]","[0.0, 1.55, 3.1, 4.65, 6.21, 7.76, 9.31]"
882,32.51,0.0616529919604902,Persuadable,"[0, 5, 10, 15, 20, 25, 30]","[None, None, None, None, None, None, None]","[0.0, 1.63, 3.25, 4.88, 6.5, 8.13, 9.75]"
1216,46.35,-0.0289619003433296,Not Persuadable,"[0, 5, 10, 15, 20, 25, 30]","[None, None, None, None, None, None, None]","[0.0, 2.32, 4.64, 6.95, 9.27, 11.59, 13.9]"
3775,22.23,-0.0833875546278377,Not Persuadable,"[0, 5, 10, 15, 20, 25, 30]","[None, None, None, None, None, None, None]","[0.0, 1.11, 2.22, 3.33, 4.45, 5.56, 6.67]"
2629,27.73,0.0355121281350591,Persuadable,"[0, 5, 10, 15, 20, 25, 30]","[None, None, None, None, None, None, None]","[0.0, 1.39, 2.77, 4.16, 5.55, 6.93, 8.32]"
4426,38.85,0.1551889881565131,Highly Persuadable,"[0, 5, 10, 15, 20, 25, 30]","[None, None, None, None, None, None, None]","[0.0, 1.94, 3.89, 5.83, 7.77, 9.71, 11.65]"
721,34.44,0.1040138132737775,Highly Persuadable,"[0, 5, 10, 15, 20, 25, 30]","[None, None, None, None, None, None, None]","[0.0, 1.72, 3.44, 5.17, 6.89, 8.61, 10.33]"
2726,36.93,-0.0449779814188886,Not Persuadable,"[0, 5, 10, 15, 20, 25, 30]","[None, None, None, None, None, None, None]","[0.0, 1.85, 3.69, 5.54, 7.39, 9.23, 11.08]"
3892,31.04,0.0721915678458199,Persuadable,"[0, 5, 10, 15, 20, 25, 30]","[None, None, None, None, None, None, None]","[0.0, 1.55, 3.1, 4.66, 6.21, 7.76, 9.31]"
2466,37.69,0.0997074045208241,Persuadable,"[0, 5, 10, 15, 20, 25, 30]","[None, None, None, None, None, None, None]","[0.0, 1.88, 3.77, 5.65, 7.54, 9.42, 11.31]"
3211,46.0,-0.024372799234531,Not Persuadable,"[0, 5, 10, 15, 20, 25, 30]","[None, None, None, None, None, None, None]","[0.0, 2.3, 4.6, 6.9, 9.2, 11.5, 13.8]"
603,35.21,0.039011472096657,Persuadable,"[0, 5, 10, 15, 20, 25, 30]","[None, None, None, None, None, None, None]","[0.0, 1.76, 3.52, 5.28, 7.04, 8.8, 10.56]"
4199,45.25,0.0688060024801467,Persuadable,"[0, 5, 10, 15, 20, 25, 30]","[None, None, None, None, None, None, None]","[0.0, 2.26, 4.53, 6.79, 9.05, 11.31, 13.57]"
1898,32.33,0.1642084270382526,Highly Persuadable,"[0, 5, 10, 15, 20, 25, 30]","[None, None, None, None, None, None, None]","[0.0, 1.62, 3.23, 4.85, 6.47, 8.08, 9.7]"
3946,52.26,0.0695700055256048,Persuadable,"[0, 5, 10, 15, 20, 25, 30]","[None, None, None, None, None, None, None]","[0.0, 2.61, 5.23, 7.84, 10.45, 13.06, 15.68]"
3853,25.24,0.0544717571463401,Persuadable,"[0, 5, 10, 15, 20, 25, 30]","[None, None, None, None, None, None, None]","[0.0, 1.26, 2.52, 3.79, 5.05, 6.31, 7.57]"
319,31.21,0.1058023546595737,Highly Persuadable,"[0, 5, 10, 15, 20, 25, 30]","[None, None, None, None, None, None, None]","[0.0, 1.56, 3.12, 4.68, 6.24, 7.8, 9.36]"
3098,37.35,-0.0096072708552551,Not Persuadable,"[0, 5, 10, 15, 20, 25, 30]","[None, None, None, None, None, None, None]","[0.0, 1.87, 3.74, 5.6, 7.47, 9.34, 11.21]"
4904,54.37,0.1080249401272908,Highly Persuadable,"[0, 5, 10, 15, 20, 25, 30]","[None, None, None, None, None, None, None]","[0.0, 2.72, 5.44, 8.16, 10.87, 13.59, 16.31]"
275,35.32,0.010935243731834,Persuadable,"[0, 5, 10, 15, 20, 25, 30]","[None, None, None, None, None, None, None]","[0.0, 1.77, 3.53, 5.3, 7.06, 8.83, 10.6]"
1874,37.54,-0.0318306831731743,Not Persuadable,"[0, 5, 10, 15, 20, 25, 30]","[None, None, None, None, None, None, None]","[0.0, 1.88, 3.75, 5.63, 7.51, 9.38, 11.26]"
550,24.63,0.1360728781489153,Highly Persuadable,"[0, 5, 10, 15, 20, 25, 30]","[None, None, None, None, None, None, None]","[0.0, 1.23, 2.46, 3.69, 4.93, 6.16, 7.39]"
4992,29.54,0.1271336947002542,Highly Persuadable,"[0, 5, 10, 15, 20, 25, 30]","[None, None, None, None, None, None, None]","[0.0, 1.48, 2.95, 4.43, 5.91, 7.38, 8.86]"
4674,61.36,0.0817854707891759,Persuadable,"[0, 5, 10, 15, 20, 25, 30]","[None, None, None, None, None, None, None]","[0.0, 3.07, 6.14, 9.2, 12.27, 15.34, 18.41]"
4903,47.74,0.0093934351836395,Persuadable,"[0, 5, 10, 15, 20, 25, 30]","[None, None, None, None, None, None, None]","[0.0, 2.39, 4.77, 7.16, 9.55, 11.94, 14.32]"
2950,42.55,0.0617128787877231,Persuadable,"[0, 5, 10, 15, 20, 25, 30]","[None, None, None, None, None, None, None]","[0.0, 2.13, 4.25, 6.38, 8.51, 10.64, 12.76]"
606,39.56,0.0089802307504024,Persuadable,"[0, 5, 10, 15, 20, 25, 30]","[None, None, None, None, None, None, None]","[0.0, 1.98, 3.96, 5.93, 7.91, 9.89, 11.87]"
4039,31.79,0.1536424269679155,Highly Persuadable,"[0, 5, 10, 15, 20, 25, 30]","[None, None, None, None, None, None, None]","[0.0, 1.59, 3.18, 4.77, 6.36, 7.95, 9.54]"
528,31.43,0.0108421790807062,Persuadable,"[0, 5, 10, 15, 20, 25, 30]","[None, None, None, None, None, None, None]","[0.0, 1.57, 3.14, 4.71, 6.29, 7.86, 9.43]"
4065,34.71,-0.0207808376041754,Not Persuadable,"[0, 5, 10, 15, 20, 25, 30]","[None, None, None, None, None, None, None]","[0.0, 1.74, 3.47, 5.21, 6.94, 8.68, 10.41]"
4285,52.08,-0.0574714822083146,Not Persuadable,"[0, 5, 10, 15, 20, 25, 30]","[None, None, None, None, None, None, None]","[0.0, 2.6, 5.21, 7.81, 10.42, 13.02, 15.62]"
4913,27.37,0.0554620454981929,Persuadable,"[0, 5, 10, 15, 20, 25, 30]","[None, None, None, None, None, None, None]","[0.0, 1.37, 2.74, 4.11, 5.47, 6.84, 8.21]"
3791,32.26,0.1358117772440667,Highly Persuadable,"[0, 5, 10, 15, 20, 25, 30]","[None, None, None, None, None, None, None]","[0.0, 1.61, 3.23, 4.84, 6.45, 8.06, 9.68]"
4837,29.63,0.0568366051303719,Persuadable,"[0, 5, 10, 15, 20, 25, 30]","[None, None, None, None, None, None, None]","[0.0, 1.48, 2.96, 4.44, 5.93, 7.41, 8.89]"
1832,32.04,0.0420662892582407,Persuadable,"[0, 5, 10, 15, 20, 25, 30]","[None, None, None, None, None, None, None]","[0.0, 1.6, 3.2, 4.81, 6.41, 8.01, 9.61]"
299,21.09,0.0712383359272423,Persuadable,"[0, 5, 10, 15, 20, 25, 30]","[None, None, None, None, None, None, None]","[0.0, 1.05, 2.11, 3.16, 4.22, 5.27, 6.33]"
2806,32.62,0.0853693676921711,Persuadable,"[0, 5, 10, 15, 20, 25, 30]","[None, None, None, None, None, None, None]","[0.0, 1.63, 3.26, 4.89, 6.52, 8.15, 9.79]"
4256,31.89,0.0491857302615589,Persuadable,"[0, 5, 10, 15, 20, 25, 30]","[None, None, None, None, None, None, None]","[0.0, 1.59, 3.19, 4.78, 6.38, 7.97, 9.57]"
1594,37.96,-0.0163750633276424,Not Persuadable,"[0, 5, 10, 15, 20, 25, 30]","[None, None, None, None, None, None, None]","[0.0, 1.9, 3.8, 5.69, 7.59, 9.49, 11.39]"
2179,50.58,0.0390126677984448,Persuadable,"[0, 5, 10, 15, 20, 25, 30]","[None, None, None, None, None, None, None]","[0.0, 2.53, 5.06, 7.59, 10.12, 12.64, 15.17]"
4932,52.43,-0.1559831931052331,Not Persuadable,"[0, 5, 10, 15, 20, 25, 30]","[None, None, None, None, None, None, None]","[0.0, 2.62, 5.24, 7.86, 10.49, 13.11, 15.73]"
4266,25.05,0.1200605603979296,Highly Persuadable,"[0, 5, 10, 15, 20, 25, 30]","[None, None, None, None, None, None, None]","[0.0, 1.25, 2.51, 3.76, 5.01, 6.26, 7.51]"
2178,38.52,0.0533602776895374,Persuadable,"[0, 5, 10, 15, 20, 25, 30]","[None, None, None, None, None, None, None]","[0.0, 1.93, 3.85, 5.78, 7.7, 9.63, 11.56]"
1599,37.14,0.1330869579621285,Highly Persuadable,"[0, 5, 10, 15, 20, 25, 30]","[None, None, None, None, None, None, None]","[0.0, 1.86, 3.71, 5.57, 7.43, 9.29, 11.14]"
2537,60.28,0.044365188420651,Persuadable,"[0, 5, 10, 15, 20, 25, 30]","[None, None, None, None, None, None, None]","[0.0, 3.01, 6.03, 9.04, 12.06, 15.07, 18.08]"
757,25.42,-0.0607389792288702,Not Persuadable,"[0, 5, 10, 15, 20, 25, 30]","[None, None, None, None, None, None, None]","[0.0, 1.27, 2.54, 3.81, 5.08, 6.36, 7.63]"
1483,50.25,-0.1389897849497852,Not Persuadable,"[0, 5, 10, 15, 20, 25, 30]","[None, None, None, None, None, None, None]","[0.0, 2.51, 5.03, 7.54, 10.05, 12.56, 15.07]"
2488,61.85,0.0950665854839245,Persuadable,"[0, 5, 10, 15, 20, 25, 30]","[None, None, None, None, None, None, None]","[0.0, 3.09, 6.19, 9.28, 12.37, 15.46, 18.55]"
2073,36.89,-0.1133983372851589,Not Persuadable,"[0, 5, 10, 15, 20, 25, 30]","[None, None, None, None, None, None, None]","[0.0, 1.84, 3.69, 5.53, 7.38, 9.22, 11.07]"
1296,24.91,0.0033478473637429,Persuadable,"[0, 5, 10, 15, 20, 25, 30]","[None, None, None, None, None, None, None]","[0.0, 1.25, 2.49, 3.74, 4.98, 6.23, 7.47]"
1097,53.42,0.1106972925396174,Highly Persuadable,"[0, 5, 10, 15, 20, 25, 30]","[None, None, None, None, None, None, None]","[0.0, 2.67, 5.34, 8.01, 10.68, 13.36, 16.03]"
1908,35.51,0.1240843847965427,Highly Persuadable,"[0, 5, 10, 15, 20, 25, 30]","[None, None, None, None, None, None, None]","[0.0, 1.78, 3.55, 5.33, 7.1, 8.88, 10.65]"
4784,35.67,0.0353773781921188,Persuadable,"[0, 5, 10, 15, 20, 25, 30]","[None, None, None, None, None, None, None]","[0.0, 1.78, 3.57, 5.35, 7.13, 8.92, 10.7]"
377,38.21,0.1543703870340096,Highly Persuadable,"[0, 5, 10, 15, 20, 25, 30]","[None, None, None, None, None, None, None]","[0.0, 1.91, 3.82, 5.73, 7.64, 9.55, 11.46]"
4166,38.58,0.0762490578118483,Persuadable,"[0, 5, 10, 15, 20, 25, 30]","[None, None, None, None, None, None, None]","[0.0, 1.93, 3.86, 5.79, 7.72, 9.64, 11.57]"
2536,46.24,0.1479958518491879,Highly Persuadable,"[0, 5, 10, 15, 20, 25, 30]","[None, None, None, None, None, None, None]","[0.0, 2.31, 4.62, 6.94, 9.25, 11.56, 13.87]"
4669,47.46,0.0419400419556193,Persuadable,"[0, 5, 10, 15, 20, 25, 30]","[None, None, None, None, None, None, None]","[0.0, 2.37, 4.75, 7.12, 9.49, 11.87, 14.24]"
928,53.13,0.0058280230726025,Persuadable,"[0, 5, 10, 15, 20, 25, 30]","[None, None, None, None, None, None, None]","[0.0, 2.66, 5.31, 7.97, 10.63, 13.28, 15.94]"
379,35.23,0.0587115096152167,Persuadable,"[0, 5, 10, 15, 20, 25, 30]","[None, None, None, None, None, None, None]","[0.0, 1.76, 3.52, 5.28, 7.05, 8.81, 10.57]"
1176,49.91,-0.1700601362906226,Not Persuadable,"[0, 5, 10, 15, 20, 25, 30]","[None, None, None, None, None, None, None]","[0.0, 2.5, 4.99, 7.49, 9.98, 12.48, 14.97]"
2457,42.4,0.0135967230779698,Persuadable,"[0, 5, 10, 15, 20, 25, 30]","[None, None, None, None, None, None, None]","[0.0, 2.12, 4.24, 6.36, 8.48, 10.6, 12.72]"
2577,19.91,0.0970590531989326,Persuadable,"[0, 5, 10, 15, 20, 25, 30]","[None, None, None, None, None, None, None]","[0.0, 1.0, 1.99, 2.99, 3.98, 4.98, 5.97]"
4869,62.75,0.0266764763566035,Persuadable,"[0, 5, 10, 15, 20, 25, 30]","[None, None, None, None, None, None, None]","[0.0, 3.14, 6.28, 9.41, 12.55, 15.69, 18.82]"
1346,44.29,0.0202716523119519,Persuadable,"[0, 5, 10, 15, 20, 25, 30]","[None, None, None, None, None, None, None]","[0.0, 2.21, 4.43, 6.64, 8.86, 11.07, 13.29]"
2620,54.2,0.0358593706843455,Persuadable,"[0, 5, 10, 15, 20, 25, 30]","[None, None, None, None, None, None, None]","[0.0, 2.71, 5.42, 8.13, 10.84, 13.55, 16.26]"
1685,29.13,-0.0871699477403803,Not Persuadable,"[0, 5, 10, 15, 20, 25, 30]","[None, None, None, None, None, None, None]","[0.0, 1.46, 2.91, 4.37, 5.83, 7.28, 8.74]"
2058,36.83,-0.0795015797315318,Not Persuadable,"[0, 5, 10, 15, 20, 25, 30]","[None, None, None, None, None, None, None]","[0.0, 1.84, 3.68, 5.52, 7.37, 9.21, 11.05]"
1537,14.06,0.0549258003928616,Persuadable,"[0, 5, 10, 15, 20, 25, 30]","[None, None, None, None, None, None, None]","[0.0, 0.7, 1.41, 2.11, 2.81, 3.52, 4.22]"
2529,42.74,-0.0669270882629568,Not Persuadable,"[0, 5, 10, 15, 20, 25, 30]","[None, None, None, None, None, None, None]","[0.0, 2.14, 4.27, 6.41, 8.55, 10.69, 12.82]"
2288,37.19,0.0829334297230389,Persuadable,"[0, 5, 10, 15, 20, 25, 30]","[None, None, None, None, None, None, None]","[0.0, 1.86, 3.72, 5.58, 7.44, 9.3, 11.16]"
4879,26.21,-0.0396510627279775,Not Persuadable,"[0, 5, 10, 15, 20, 25, 30]","[None, None, None, None, None, None, None]","[0.0, 1.31, 2.62, 3.93, 5.24, 6.55, 7.86]"
795,37.57,-0.0883134036244639,Not Persuadable,"[0, 5, 10, 15, 20, 25, 30]","[None, None, None, None, None, None, None]","[0.0, 1.88, 3.76, 5.64, 7.51, 9.39, 11.27]"
2521,28.02,0.046056816494639,Persuadable,"[0, 5, 10, 15, 20, 25, 30]","[None, None, None, None, None, None, None]","[0.0, 1.4, 2.8, 4.2, 5.6, 7.0, 8.41]"
3521,22.17,0.0886807606197788,Persuadable,"[0, 5, 10, 15, 20, 25, 30]","[None, None, None, None, None, None, None]","[0.0, 1.11, 2.22, 3.33, 4.43, 5.54, 6.65]"
1222,37.69,0.1770781876840244,Highly Persuadable,"[0, 5, 10, 15, 20, 25, 30]","[None, None, None, None, None, None, None]","[0.0, 1.88, 3.77, 5.65, 7.54, 9.42, 11.31]"
176,36.74,-0.0448330932502759,Not Persuadable,"[0, 5, 10, 15, 20, 25, 30]","[None, None, None, None, None, None, None]","[0.0, 1.84, 3.67, 5.51, 7.35, 9.19, 11.02]"
1787,27.62,-0.0536358337929889,Not Persuadable,"[0, 5, 10, 15, 20, 25, 30]","[None, None, None, None, None, None, None]","[0.0, 1.38, 2.76, 4.14, 5.52, 6.91, 8.29]"
3425,28.21,0.0832811951675771,Persuadable,"[0, 5, 10, 15, 20, 25, 30]","[None, None, None, None, None, None, None]","[0.0, 1.41, 2.82, 4.23, 5.64, 7.05, 8.46]"
1979,49.14,0.0381948699265951,Persuadable,"[0, 5, 10, 15, 20, 25, 30]","[None, None, None, None, None, None, None]","[0.0, 2.46, 4.91, 7.37, 9.83, 12.29, 14.74]"
46,49.47,0.0906709952585196,Persuadable,"[0, 5, 10, 15, 20, 25, 30]","[None, None, None, None, None, None, None]","[0.0, 2.47, 4.95, 7.42, 9.89, 12.37, 14.84]"
2768,30.22,0.0547007523683715,Persuadable,"[0, 5, 10, 15, 20, 25, 30]","[None, None, None, None, None, None, None]","[0.0, 1.51, 3.02, 4.53, 6.04, 7.55, 9.07]"
860,34.95,0.1848551514866917,Highly Persuadable,"[0, 5, 10, 15, 20, 25, 30]","[None, None, None, None, None, None, None]","[0.0, 1.75, 3.5, 5.24, 6.99, 8.74, 10.49]"
4668,37.79,0.0024549238833953,Persuadable,"[0, 5, 10, 15, 20, 25, 30]","[None, None, None, None, None, None, None]","[0.0, 1.89, 3.78, 5.67, 7.56, 9.45, 11.34]"
4168,36.62,0.0108960694303159,Persuadable,"[0, 5, 10, 15, 20, 25, 30]","[None, None, None, None, None, None, None]","[0.0, 1.83, 3.66, 5.49, 7.32, 9.15, 10.99]"
1527,43.08,-0.0690757581959799,Not Persuadable,"[0, 5, 10, 15, 20, 25, 30]","[None, None, None, None, None, None, None]","[0.0, 2.15, 4.31, 6.46, 8.62, 10.77, 12.92]"
2192,21.56,-0.0262868809699112,Not Persuadable,"[0, 5, 10, 15, 20, 25, 30]","[None, None, None, None, None, None, None]","[0.0, 1.08, 2.16, 3.23, 4.31, 5.39, 6.47]"
3011,44.59,-0.0318832935294282,Not Persuadable,"[0, 5, 10, 15, 20, 25, 30]","[None, None, None, None, None, None, None]","[0.0, 2.23, 4.46, 6.69, 8.92, 11.15, 13.38]"
3014,18.0,0.0902848821715532,Persuadable,"[0, 5, 10, 15, 20, 25, 30]","[None, None, None, None, None, None, None]","[0.0, 0.9, 1.8, 2.7, 3.6, 4.5, 5.4]"
1780,48.43,0.0716899101197596,Persuadable,"[0, 5, 10, 15, 20, 25, 30]","[None, None, None, None, None, None, None]","[0.0, 2.42, 4.84, 7.26, 9.69, 12.11, 14.53]"
1704,36.54,0.056047031324707,Persuadable,"[0, 5, 10, 15, 20, 25, 30]","[None, None, None, None, None, None, None]","[0.0, 1.83, 3.65, 5.48, 7.31, 9.13, 10.96]"
3114,34.54,-0.115111057864597,Not Persuadable,"[0, 5, 10, 15, 20, 25, 30]","[None, None, None, None, None, None, None]","[0.0, 1.73, 3.45, 5.18, 6.91, 8.63, 10.36]"
2604,44.68,-0.0286290255166896,Not Persuadable,"[0, 5, 10, 15, 20, 25, 30]","[None, None, None, None, None, None, None]","[0.0, 2.23, 4.47, 6.7, 8.94, 11.17, 13.4]"
284,38.81,0.0956524096128117,Persuadable,"[0, 5, 10, 15, 20, 25, 30]","[None, None, None, None, None, None, None]","[0.0, 1.94, 3.88, 5.82, 7.76, 9.7, 11.64]"
1554,40.67,0.0167362357764964,Persuadable,"[0, 5, 10, 15, 20, 25, 30]","[None, None, None, None, None, None, None]","[0.0, 2.03, 4.07, 6.1, 8.13, 10.17, 12.2]"
4145,51.56,0.0454082867740541,Persuadable,"[0, 5, 10, 15, 20, 25, 30]","[None, None, None, None, None, None, None]","[0.0, 2.58, 5.16, 7.73, 10.31, 12.89, 15.47]"
4712,49.23,0.0421732760737595,Persuadable,"[0, 5, 10, 15, 20, 25, 30]","[None, None, None, None, None, None, None]","[0.0, 2.46, 4.92, 7.38, 9.85, 12.31, 14.77]"
1567,33.89,0.0545502193624601,Persuadable,"[0, 5, 10, 15, 20, 25, 30]","[None, None, None, None, None, None, None]","[0.0, 1.69, 3.39, 5.08, 6.78, 8.47, 10.17]"
1259,40.8,0.0752009060235999,Persuadable,"[0, 5, 10, 15, 20, 25, 30]","[None, None, None, None, None, None, None]","[0.0, 2.04, 4.08, 6.12, 8.16, 10.2, 12.24]"
857,51.23,-0.0178859490349087,Not Persuadable,"[0, 5, 10, 15, 20, 25, 30]","[None, None, None, None, None, None, None]","[0.0, 2.56, 5.12, 7.68, 10.25, 12.81, 15.37]"
2087,28.11,0.1430527277012305,Highly Persuadable,"[0, 5, 10, 15, 20, 25, 30]","[None, None, None, None, None, None, None]","[0.0, 1.41, 2.81, 4.22, 5.62, 7.03, 8.43]"
2417,32.45,0.1095311516741954,Highly Persuadable,"[0, 5, 10, 15, 20, 25, 30]","[None, None, None, None, None, None, None]","[0.0, 1.62, 3.25, 4.87, 6.49, 8.11, 9.74]"
4926,42.81,-0.0828678191108159,Not Persuadable,"[0, 5, 10, 15, 20, 25, 30]","[None, None, None, None, None, None, None]","[0.0, 2.14, 4.28, 6.42, 8.56, 10.7, 12.84]"
1875,19.17,-0.0351394306611542,Not Persuadable,"[0, 5, 10, 15, 20, 25, 30]","[None, None, None, None, None, None, None]","[0.0, 0.96, 1.92, 2.88, 3.83, 4.79, 5.75]"
4617,38.85,-0.0970372383672252,Not Persuadable,"[0, 5, 10, 15, 20, 25, 30]","[None, None, None, None, None, None, None]","[0.0, 1.94, 3.89, 5.83, 7.77, 9.71, 11.65]"
2096,69.21,0.0505943143528496,Persuadable,"[0, 5, 10, 15, 20, 25, 30]","[None, None, None, None, None, None, None]","[0.0, 3.46, 6.92, 10.38, 13.84, 17.3, 20.76]"
978,38.26,-0.002521864571448,Not Persuadable,"[0, 5, 10, 15, 20, 25, 30]","[None, None, None, None, None, None, None]","[0.0, 1.91, 3.83, 5.74, 7.65, 9.56, 11.48]"
1398,29.85,0.150527376681694,Highly Persuadable,"[0, 5, 10, 15, 20, 25, 30]","[None, None, None, None, None, None, None]","[0.0, 1.49, 2.99, 4.48, 5.97, 7.46, 8.96]"
2460,42.19,0.0046299751235261,Persuadable,"[0, 5, 10, 15, 20, 25, 30]","[None, None, None, None, None, None, None]","[0.0, 2.11, 4.22, 6.33, 8.44, 10.55, 12.66]"
4570,33.89,0.1085213681436002,Highly Persuadable,"[0, 5, 10, 15, 20, 25, 30]","[None, None, None, None, None, None, None]","[0.0, 1.69, 3.39, 5.08, 6.78, 8.47, 10.17]"
1942,23.86,0.0493424120444621,Persuadable,"[0, 5, 10, 15, 20, 25, 30]","[None, None, None, None, None, None, None]","[0.0, 1.19, 2.39, 3.58, 4.77, 5.96, 7.16]"
2527,51.69,0.1025256834827107,Highly Persuadable,"[0, 5, 10, 15, 20, 25, 30]","[None, None, None, None, None, None, None]","[0.0, 2.58, 5.17, 7.75, 10.34, 12.92, 15.51]"
953,24.66,0.0828377664976548,Persuadable,"[0, 5, 10, 15, 20, 25, 30]","[None, None, None, None, None, None, None]","[0.0, 1.23, 2.47, 3.7, 4.93, 6.17, 7.4]"
100,19.36,-0.0338433310279209,Not Persuadable,"[0, 5, 10, 15, 20, 25, 30]","[None, None, None, None, None, None, None]","[0.0, 0.97, 1.94, 2.9, 3.87, 4.84, 5.81]"
1074,38.78,-0.0587615845318011,Not Persuadable,"[0, 5, 10, 15, 20, 25, 30]","[None, None, None, None, None, None, None]","[0.0, 1.94, 3.88, 5.82, 7.76, 9.7, 11.63]"
4465,45.32,-0.0759759532990843,Not Persuadable,"[0, 5, 10, 15, 20, 25, 30]","[None, None, None, None, None, None, None]","[0.0, 2.27, 4.53, 6.8, 9.06, 11.33, 13.6]"
3465,40.37,0.1022399225113549,Highly Persuadable,"[0, 5, 10, 15, 20, 25, 30]","[None, None, None, None, None, None, None]","[0.0, 2.02, 4.04, 6.06, 8.07, 10.09, 12.11]"
4896,45.16,0.0497139449857594,Persuadable,"[0, 5, 10, 15, 20, 25, 30]","[None, None, None, None, None, None, None]","[0.0, 2.26, 4.52, 6.77, 9.03, 11.29, 13.55]"
352,40.89,0.2110765672832457,Highly Persuadable,"[0, 5, 10, 15, 20, 25, 30]","[None, None, None, None, None, None, None]","[0.0, 2.04, 4.09, 6.13, 8.18, 10.22, 12.27]"
2747,41.01,0.0760351703181105,Persuadable,"[0, 5, 10, 15, 20, 25, 30]","[None, None, None, None, None, None, None]","[0.0, 2.05, 4.1, 6.15, 8.2, 10.25, 12.3]"
1159,38.08,-0.0181929269330574,Not Persuadable,"[0, 5, 10, 15, 20, 25, 30]","[None, None, None, None, None, None, None]","[0.0, 1.9, 3.81, 5.71, 7.62, 9.52, 11.42]"
1057,43.36,0.0289421375027525,Persuadable,"[0, 5, 10, 15, 20, 25, 30]","[None, None, None, None, None, None, None]","[0.0, 2.17, 4.34, 6.5, 8.67, 10.84, 13.01]"
965,53.36,0.0783716076798329,Persuadable,"[0, 5, 10, 15, 20, 25, 30]","[None, None, None, None, None, None, None]","[0.0, 2.67, 5.34, 8.0, 10.67, 13.34, 16.01]"
719,43.95,-0.0785982514299253,Not Persuadable,"[0, 5, 10, 15, 20, 25, 30]","[None, None, None, None, None, None, None]","[0.0, 2.2, 4.4, 6.59, 8.79, 10.99, 13.19]"
2776,50.43,-0.0499190910029035,Not Persuadable,"[0, 5, 10, 15, 20, 25, 30]","[None, None, None, None, None, None, None]","[0.0, 2.52, 5.04, 7.56, 10.09, 12.61, 15.13]"
3576,36.96,-0.063886495049586,Not Persuadable,"[0, 5, 10, 15, 20, 25, 30]","[None, None, None, None, None, None, None]","[0.0, 1.85, 3.7, 5.54, 7.39, 9.24, 11.09]"
1539,35.26,0.1513750208407759,Highly Persuadable,"[0, 5, 10, 15, 20, 25, 30]","[None, None, None, None, None, None, None]","[0.0, 1.76, 3.53, 5.29, 7.05, 8.81, 10.58]"
309,47.37,0.002272573051378,Persuadable,"[0, 5, 10, 15, 20, 25, 30]","[None, None, None, None, None, None, None]","[0.0, 2.37, 4.74, 7.11, 9.47, 11.84, 14.21]"
1535,22.55,0.0749193543731153,Persuadable,"[0, 5, 10, 15, 20, 25, 30]","[None, None, None, None, None, None, None]","[0.0, 1.13, 2.26, 3.38, 4.51, 5.64, 6.76]"
834,27.19,0.0580069387820975,Persuadable,"[0, 5, 10, 15, 20, 25, 30]","[None, None, None, None, None, None, None]","[0.0, 1.36, 2.72, 4.08, 5.44, 6.8, 8.16]"
367,29.68,0.0857664290263452,Persuadable,"[0, 5, 10, 15, 20, 25, 30]","[None, None, None, None, None, None, None]","[0.0, 1.48, 2.97, 4.45, 5.94, 7.42, 8.9]"
3397,32.28,0.2368616246719625,Highly Persuadable,"[0, 5, 10, 15, 20, 25, 30]","[None, None, None, None, None, None, None]","[0.0, 1.61, 3.23, 4.84, 6.46, 8.07, 9.68]"
2094,40.98,0.0965491716720856,Persuadable,"[0, 5, 10, 15, 20, 25, 30]","[None, None, None, None, None, None, None]","[0.0, 2.05, 4.1, 6.15, 8.2, 10.24, 12.29]"
4867,14.71,-0.0403753214179229,Not Persuadable,"[0, 5, 10, 15, 20, 25, 30]","[None, None, None, None, None, None, None]","[0.0, 0.74, 1.47, 2.21, 2.94, 3.68, 4.41]"
3782,26.02,0.0215315300641061,Persuadable,"[0, 5, 10, 15, 20, 25, 30]","[None, None, None, None, None, None, None]","[0.0, 1.3, 2.6, 3.9, 5.2, 6.5, 7.81]"
2556,40.75,0.1276098879769999,Highly Persuadable,"[0, 5, 10, 15, 20, 25, 30]","[None, None, None, None, None, None, None]","[0.0, 2.04, 4.08, 6.11, 8.15, 10.19, 12.22]"
1127,54.32,-0.0308638913348799,Not Persuadable,"[0, 5, 10, 15, 20, 25, 30]","[None, None, None, None, None, None, None]","[0.0, 2.72, 5.43, 8.15, 10.86, 13.58, 16.3]"
20,30.73,0.0367413454520846,Persuadable,"[0, 5, 10, 15, 20, 25, 30]","[None, None, None, None, None, None, None]","[0.0, 1.54, 3.07, 4.61, 6.15, 7.68, 9.22]"
3266,40.2,0.0163953499869853,Persuadable,"[0, 5, 10, 15, 20, 25, 30]","[None, None, None, None, None, None, None]","[0.0, 2.01, 4.02, 6.03, 8.04, 10.05, 12.06]"
2944,59.74,0.0268213668306377,Persuadable,"[0, 5, 10, 15, 20, 25, 30]","[None, None, None, None, None, None, None]","[0.0, 2.99, 5.97, 8.96, 11.95, 14.94, 17.92]"
2590,52.23,0.1776944830920663,Highly Persuadable,"[0, 5, 10, 15, 20, 25, 30]","[None, None, None, None, None, None, None]","[0.0, 2.61, 5.22, 7.83, 10.45, 13.06, 15.67]"
219,48.96,0.1382417876811865,Highly Persuadable,"[0, 5, 10, 15, 20, 25, 30]","[None, None, None, None, None, None, None]","[0.0, 2.45, 4.9, 7.34, 9.79, 12.24, 14.69]"
2639,34.62,0.0064845134031127,Persuadable,"[0, 5, 10, 15, 20, 25, 30]","[None, None, None, None, None, None, None]","[0.0, 1.73, 3.46, 5.19, 6.92, 8.65, 10.39]"
439,25.92,-0.0598509026757396,Not Persuadable,"[0, 5, 10, 15, 20, 25, 30]","[None, None, None, None, None, None, None]","[0.0, 1.3, 2.59, 3.89, 5.18, 6.48, 7.78]"
1966,42.4,-0.0040068260713047,Not Persuadable,"[0, 5, 10, 15, 20, 25, 30]","[None, None, None, None, None, None, None]","[0.0, 2.12, 4.24, 6.36, 8.48, 10.6, 12.72]"
3376,40.71,0.0570531023245942,Persuadable,"[0, 5, 10, 15, 20, 25, 30]","[None, None, None, None, None, None, None]","[0.0, 2.04, 4.07, 6.11, 8.14, 10.18, 12.21]"
3304,31.09,0.0960848001844242,Persuadable,"[0, 5, 10, 15, 20, 25, 30]","[None, None, None, None, None, None, None]","[0.0, 1.55, 3.11, 4.66, 6.22, 7.77, 9.33]"
4282,32.87,0.0322682063932032,Persuadable,"[0, 5, 10, 15, 20, 25, 30]","[None, None, None, None, None, None, None]","[0.0, 1.64, 3.29, 4.93, 6.57, 8.22, 9.86]"
2433,50.71,0.0605624809681233,Persuadable,"[0, 5, 10, 15, 20, 25, 30]","[None, None, None, None, None, None, None]","[0.0, 2.54, 5.07, 7.61, 10.14, 12.68, 15.21]"
4661,30.72,0.1348037829656414,Highly Persuadable,"[0, 5, 10, 15, 20, 25, 30]","[None, None, None, None, None, None, None]","[0.0, 1.54, 3.07, 4.61, 6.14, 7.68, 9.22]"
3780,24.85,0.0133443204600622,Persuadable,"[0, 5, 10, 15, 20, 25, 30]","[None, None, None, None, None, None, None]","[0.0, 1.24, 2.49, 3.73, 4.97, 6.21, 7.46]"
2779,58.81,-0.0006920976140006,Not Persuadable,"[0, 5, 10, 15, 20, 25, 30]","[None, None, None, None, None, None, None]","[0.0, 2.94, 5.88, 8.82, 11.76, 14.7, 17.64]"
803,76.16,0.0957790099062505,Persuadable,"[0, 5, 10, 15, 20, 25, 30]","[None, None, None, None, None, None, None]","[0.0, 3.81, 7.62, 11.42, 15.23, 19.04, 22.85]"
3013,38.6,-0.0103512680366076,Not Persuadable,"[0, 5, 10, 15, 20, 25, 30]","[None, None, None, None, None, None, None]","[0.0, 1.93, 3.86, 5.79, 7.72, 9.65, 11.58]"
2289,36.97,0.0261762403073994,Persuadable,"[0, 5, 10, 15, 20, 25, 30]","[None, None, None, None, None, None, None]","[0.0, 1.85, 3.7, 5.55, 7.39, 9.24, 11.09]"
3742,38.08,-0.0176581019384415,Not Persuadable,"[0, 5, 10, 15, 20, 25, 30]","[None, None, None, None, None, None, None]","[0.0, 1.9, 3.81, 5.71, 7.62, 9.52, 11.42]"
4451,38.93,0.0957548488990308,Persuadable,"[0, 5, 10, 15, 20, 25, 30]","[None, None, None, None, None, None, None]","[0.0, 1.95, 3.89, 5.84, 7.79, 9.73, 11.68]"
583,47.52,-0.0856950616850513,Not Persuadable,"[0, 5, 10, 15, 20, 25, 30]","[None, None, None, None, None, None, None]","[0.0, 2.38, 4.75, 7.13, 9.5, 11.88, 14.26]"
204,21.41,0.0420514681509627,Persuadable,"[0, 5, 10, 15, 20, 25, 30]","[None, None, None, None, None, None, None]","[0.0, 1.07, 2.14, 3.21, 4.28, 5.35, 6.42]"
4061,48.84,-0.0196085682708176,Not Persuadable,"[0, 5, 10, 15, 20, 25, 30]","[None, None, None, None, None, None, None]","[0.0, 2.44, 4.88, 7.33, 9.77, 12.21, 14.65]"
3432,41.98,0.0827882827482396,Persuadable,"[0, 5, 10, 15, 20, 25, 30]","[None, None, None, None, None, None, None]","[0.0, 2.1, 4.2, 6.3, 8.4, 10.49, 12.59]"
2265,50.96,-0.0732931646931427,Not Persuadable,"[0, 5, 10, 15, 20, 25, 30]","[None, None, None, None, None, None, None]","[0.0, 2.55, 5.1, 7.64, 10.19, 12.74, 15.29]"
2196,36.41,-0.0233690962655765,Not Persuadable,"[0, 5, 10, 15, 20, 25, 30]","[None, None, None, None, None, None, None]","[0.0, 1.82, 3.64, 5.46, 7.28, 9.1, 10.92]"
3423,47.86,0.0961427067562252,Persuadable,"[0, 5, 10, 15, 20, 25, 30]","[None, None, None, None, None, None, None]","[0.0, 2.39, 4.79, 7.18, 9.57, 11.96, 14.36]"
1607,37.43,0.1098964505873069,Highly Persuadable,"[0, 5, 10, 15, 20, 25, 30]","[None, None, None, None, None, None, None]","[0.0, 1.87, 3.74, 5.61, 7.49, 9.36, 11.23]"
1048,42.22,-0.0087058222588939,Not Persuadable,"[0, 5, 10, 15, 20, 25, 30]","[None, None, None, None, None, None, None]","[0.0, 2.11, 4.22, 6.33, 8.44, 10.55, 12.67]"
1425,41.26,0.0832755618555529,Persuadable,"[0, 5, 10, 15, 20, 25, 30]","[None, None, None, None, None, None, None]","[0.0, 2.06, 4.13, 6.19, 8.25, 10.31, 12.38]"
2882,55.69,0.0678980113115237,Persuadable,"[0, 5, 10, 15, 20, 25, 30]","[None, None, None, None, None, None, None]","[0.0, 2.78, 5.57, 8.35, 11.14, 13.92, 16.71]"
1963,30.23,0.0781394945314511,Persuadable,"[0, 5, 10, 15, 20, 25, 30]","[None, None, None, None, None, None, None]","[0.0, 1.51, 3.02, 4.53, 6.05, 7.56, 9.07]"
3366,19.02,0.0050128445576147,Persuadable,"[0, 5, 10, 15, 20, 25, 30]","[None, None, None, None, None, None, None]","[0.0, 0.95, 1.9, 2.85, 3.8, 4.75, 5.71]"
518,35.89,-0.0318138483036293,Not Persuadable,"[0, 5, 10, 15, 20, 25, 30]","[None, None, None, None, None, None, None]","[0.0, 1.79, 3.59, 5.38, 7.18, 8.97, 10.77]"
2985,37.4,-0.0042695947263403,Not Persuadable,"[0, 5, 10, 15, 20, 25, 30]","[None, None, None, None, None, None, None]","[0.0, 1.87, 3.74, 5.61, 7.48, 9.35, 11.22]"
3337,33.33,0.1091668278998632,Highly Persuadable,"[0, 5, 10, 15, 20, 25, 30]","[None, None, None, None, None, None, None]","[0.0, 1.67, 3.33, 5.0, 6.67, 8.33, 10.0]"
4856,26.99,0.0054232292304743,Persuadable,"[0, 5, 10, 15, 20, 25, 30]","[None, None, None, None, None, None, None]","[0.0, 1.35, 2.7, 4.05, 5.4, 6.75, 8.1]"
669,5.0,0.0404297137529826,Persuadable,"[0, 5, 10, 15, 20, 25, 30]","[None, None, None, None, None, None, None]","[0.0, 0.25, 0.5, 0.75, 1.0, 1.25, 1.5]"
3113,44.9,0.1182875881363848,Highly Persuadable,"[0, 5, 10, 15, 20, 25, 30]","[None, None, None, None, None, None, None]","[0.0, 2.25, 4.49, 6.73, 8.98, 11.22, 13.47]"
1428,29.3,-0.0694604755795212,Not Persuadable,"[0, 5, 10, 15, 20, 25, 30]","[None, None, None, None, None, None, None]","[0.0, 1.47, 2.93, 4.39, 5.86, 7.33, 8.79]"
4922,46.7,0.050026845864108,Persuadable,"[0, 5, 10, 15, 20, 25, 30]","[None, None, None, None, None, None, None]","[0.0, 2.34, 4.67, 7.0, 9.34, 11.68, 14.01]"
4507,27.4,0.043711127100916,Persuadable,"[0, 5, 10, 15, 20, 25, 30]","[None, None, None, None, None, None, None]","[0.0, 1.37, 2.74, 4.11, 5.48, 6.85, 8.22]"
1261,33.15,0.0811033601686115,Persuadable,"[0, 5, 10, 15, 20, 25, 30]","[None, None, None, None, None, None, None]","[0.0, 1.66, 3.31, 4.97, 6.63, 8.29, 9.94]"
2440,47.12,-0.0583733609965872,Not Persuadable,"[0, 5, 10, 15, 20, 25, 30]","[None, None, None, None, None, None, None]","[0.0, 2.36, 4.71, 7.07, 9.42, 11.78, 14.14]"
3768,45.79,0.0198209317572686,Persuadable,"[0, 5, 10, 15, 20, 25, 30]","[None, None, None, None, None, None, None]","[0.0, 2.29, 4.58, 6.87, 9.16, 11.45, 13.74]"
4270,37.02,-0.0434747577776653,Not Persuadable,"[0, 5, 10, 15, 20, 25, 30]","[None, None, None, None, None, None, None]","[0.0, 1.85, 3.7, 5.55, 7.4, 9.26, 11.11]"
3358,47.54,-0.0425408625168883,Not Persuadable,"[0, 5, 10, 15, 20, 25, 30]","[None, None, None, None, None, None, None]","[0.0, 2.38, 4.75, 7.13, 9.51, 11.88, 14.26]"
3408,36.53,-0.0558870209771141,Not Persuadable,"[0, 5, 10, 15, 20, 25, 30]","[None, None, None, None, None, None, None]","[0.0, 1.83, 3.65, 5.48, 7.31, 9.13, 10.96]"
1376,33.57,0.1363637674956144,Highly Persuadable,"[0, 5, 10, 15, 20, 25, 30]","[None, None, None, None, None, None, None]","[0.0, 1.68, 3.36, 5.04, 6.71, 8.39, 10.07]"
760,22.7,0.0125860615732927,Persuadable,"[0, 5, 10, 15, 20, 25, 30]","[None, None, None, None, None, None, None]","[0.0, 1.14, 2.27, 3.4, 4.54, 5.67, 6.81]"
2848,33.02,0.0363540500903904,Persuadable,"[0, 5, 10, 15, 20, 25, 30]","[None, None, None, None, None, None, None]","[0.0, 1.65, 3.3, 4.95, 6.6, 8.26, 9.91]"
4333,27.51,0.1276236976866993,Highly Persuadable,"[0, 5, 10, 15, 20, 25, 30]","[None, None, None, None, None, None, None]","[0.0, 1.38, 2.75, 4.13, 5.5, 6.88, 8.25]"
2686,27.63,-0.0109569694414643,Not Persuadable,"[0, 5, 10, 15, 20, 25, 30]","[None, None, None, None, None, None, None]","[0.0, 1.38, 2.76, 4.14, 5.53, 6.91, 8.29]"
3022,26.14,0.0858325109900192,Persuadable,"[0, 5, 10, 15, 20, 25, 30]","[None, None, None, None, None, None, None]","[0.0, 1.31, 2.61, 3.92, 5.23, 6.54, 7.84]"
4396,36.09,0.0313789716393003,Persuadable,"[0, 5, 10, 15, 20, 25, 30]","[None, None, None, None, None, None, None]","[0.0, 1.8, 3.61, 5.41, 7.22, 9.02, 10.83]"
2510,29.49,-0.0014885986574115,Not Persuadable,"[0, 5, 10, 15, 20, 25, 30]","[None, None, None, None, None, None, None]","[0.0, 1.47, 2.95, 4.42, 5.9, 7.37, 8.85]"
215,35.0,0.0619285328533802,Persuadable,"[0, 5, 10, 15, 20, 25, 30]","[None, None, None, None, None, None, None]","[0.0, 1.75, 3.5, 5.25, 7.0, 8.75, 10.5]"
3347,33.94,0.0203807899330627,Persuadable,"[0, 5, 10, 15, 20, 25, 30]","[None, None, None, None, None, None, None]","[0.0, 1.7, 3.39, 5.09, 6.79, 8.48, 10.18]"
1484,42.7,0.086360397863299,Persuadable,"[0, 5, 10, 15, 20, 25, 30]","[None, None, None, None, None, None, None]","[0.0, 2.14, 4.27, 6.41, 8.54, 10.68, 12.81]"
694,26.5,-0.0223030268527677,Not Persuadable,"[0, 5, 10, 15, 20, 25, 30]","[None, None, None, None, None, None, None]","[0.0, 1.33, 2.65, 3.97, 5.3, 6.62, 7.95]"
2183,16.95,-0.0712338197905414,Not Persuadable,"[0, 5, 10, 15, 20, 25, 30]","[None, None, None, None, None, None, None]","[0.0, 0.85, 1.7, 2.54, 3.39, 4.24, 5.08]"
4732,35.28,0.0256242712336037,Persuadable,"[0, 5, 10, 15, 20, 25, 30]","[None, None, None, None, None, None, None]","[0.0, 1.76, 3.53, 5.29, 7.06, 8.82, 10.58]"
2134,33.62,0.0722132606632737,Persuadable,"[0, 5, 10, 15, 20, 25, 30]","[None, None, None, None, None, None, None]","[0.0, 1.68, 3.36, 5.04, 6.72, 8.4, 10.09]"
1116,56.49,0.01999818906573,Persuadable,"[0, 5, 10, 15, 20, 25, 30]","[None, None, None, None, None, None, None]","[0.0, 2.82, 5.65, 8.47, 11.3, 14.12, 16.95]"
1785,43.81,0.0741577762732715,Persuadable,"[0, 5, 10, 15, 20, 25, 30]","[None, None, None, None, None, None, None]","[0.0, 2.19, 4.38, 6.57, 8.76, 10.95, 13.14]"
4739,35.06,0.0919794998620755,Persuadable,"[0, 5, 10, 15, 20, 25, 30]","[None, None, None, None, None, None, None]","[0.0, 1.75, 3.51, 5.26, 7.01, 8.77, 10.52]"
1213,51.85,0.0530407005578387,Persuadable,"[0, 5, 10, 15, 20, 25, 30]","[None, None, None, None, None, None, None]","[0.0, 2.59, 5.19, 7.78, 10.37, 12.96, 15.55]"
4882,36.02,-0.0086220895328732,Not Persuadable,"[0, 5, 10, 15, 20, 25, 30]","[None, None, None, None, None, None, None]","[0.0, 1.8, 3.6, 5.4, 7.2, 9.01, 10.81]"
197,30.59,0.0714780332994667,Persuadable,"[0, 5, 10, 15, 20, 25, 30]","[None, None, None, None, None, None, None]","[0.0, 1.53, 3.06, 4.59, 6.12, 7.65, 9.18]"
4606,57.39,0.1421186388430383,Highly Persuadable,"[0, 5, 10, 15, 20, 25, 30]","[None, None, None, None, None, None, None]","[0.0, 2.87, 5.74, 8.61, 11.48, 14.35, 17.22]"
4729,21.16,0.0360405488499205,Persuadable,"[0, 5, 10, 15, 20, 25, 30]","[None, None, None, None, None, None, None]","[0.0, 1.06, 2.12, 3.17, 4.23, 5.29, 6.35]"
1058,29.06,0.0357192069640448,Persuadable,"[0, 5, 10, 15, 20, 25, 30]","[None, None, None, None, None, None, None]","[0.0, 1.45, 2.91, 4.36, 5.81, 7.26, 8.72]"
880,40.49,0.0854402134392181,Persuadable,"[0, 5, 10, 15, 20, 25, 30]","[None, None, None, None, None, None, None]","[0.0, 2.02, 4.05, 6.07, 8.1, 10.12, 12.15]"
1823,65.13,-0.0219261454733204,Not Persuadable,"[0, 5, 10, 15, 20, 25, 30]","[None, None, None, None, None, None, None]","[0.0, 3.26, 6.51, 9.77, 13.03, 16.28, 19.54]"
1938,37.73,-0.0945463817303308,Not Persuadable,"[0, 5, 10, 15, 20, 25, 30]","[None, None, None, None, None, None, None]","[0.0, 1.89, 3.77, 5.66, 7.55, 9.43, 11.32]"
1331,40.27,0.0886828358517964,Persuadable,"[0, 5, 10, 15, 20, 25, 30]","[None, None, None, None, None, None, None]","[0.0, 2.01, 4.03, 6.04, 8.05, 10.07, 12.08]"
2269,55.13,-0.0399654811064796,Not Persuadable,"[0, 5, 10, 15, 20, 25, 30]","[None, None, None, None, None, None, None]","[0.0, 2.76, 5.51, 8.27, 11.03, 13.78, 16.54]"
888,43.1,-0.0629273585146745,Not Persuadable,"[0, 5, 10, 15, 20, 25, 30]","[None, None, None, None, None, None, None]","[0.0, 2.16, 4.31, 6.46, 8.62, 10.78, 12.93]"
3033,53.92,0.0280481693160476,Persuadable,"[0, 5, 10, 15, 20, 25, 30]","[None, None, None, None, None, None, None]","[0.0, 2.7, 5.39, 8.09, 10.78, 13.48, 16.18]"
69,45.5,-0.0071675448279742,Not Persuadable,"[0, 5, 10, 15, 20, 25, 30]","[None, None, None, None, None, None, None]","[0.0, 2.27, 4.55, 6.83, 9.1, 11.38, 13.65]"
2498,37.96,-0.0620302152163925,Not Persuadable,"[0, 5, 10, 15, 20, 25, 30]","[None, None, None, None, None, None, None]","[0.0, 1.9, 3.8, 5.69, 7.59, 9.49, 11.39]"
1936,58.08,0.0031130194441269,Persuadable,"[0, 5, 10, 15, 20, 25, 30]","[None, None, None, None, None, None, None]","[0.0, 2.9, 5.81, 8.71, 11.62, 14.52, 17.42]"
569,31.44,0.1013408536318709,Highly Persuadable,"[0, 5, 10, 15, 20, 25, 30]","[None, None, None, None, None, None, None]","[0.0, 1.57, 3.14, 4.72, 6.29, 7.86, 9.43]"
1653,29.46,0.0631550235792667,Persuadable,"[0, 5, 10, 15, 20, 25, 30]","[None, None, None, None, None, None, None]","[0.0, 1.47, 2.95, 4.42, 5.89, 7.37, 8.84]"
97,44.88,-0.0109667547394985,Not Persuadable,"[0, 5, 10, 15, 20, 25, 30]","[None, None, None, None, None, None, None]","[0.0, 2.24, 4.49, 6.73, 8.98, 11.22, 13.46]"
1021,37.65,-0.0169523902164652,Not Persuadable,"[0, 5, 10, 15, 20, 25, 30]","[None, None, None, None, None, None, None]","[0.0, 1.88, 3.77, 5.65, 7.53, 9.41, 11.29]"
2875,34.3,-0.0318180150832895,Not Persuadable,"[0, 5, 10, 15, 20, 25, 30]","[None, None, None, None, None, None, None]","[0.0, 1.71, 3.43, 5.14, 6.86, 8.57, 10.29]"
140,48.77,0.0459412452654141,Persuadable,"[0, 5, 10, 15, 20, 25, 30]","[None, None, None, None, None, None, None]","[0.0, 2.44, 4.88, 7.32, 9.75, 12.19, 14.63]"
3104,50.96,0.0449042111177433,Persuadable,"[0, 5, 10, 15, 20, 25, 30]","[None, None, None, None, None, None, None]","[0.0, 2.55, 5.1, 7.64, 10.19, 12.74, 15.29]"
2618,44.96,-0.0313506183565099,Not Persuadable,"[0, 5, 10, 15, 20, 25, 30]","[None, None, None, None, None, None, None]","[0.0, 2.25, 4.5, 6.74, 8.99, 11.24, 13.49]"
1506,50.55,0.0787003633054804,Persuadable,"[0, 5, 10, 15, 20, 25, 30]","[None, None, None, None, None, None, None]","[0.0, 2.53, 5.05, 7.58, 10.11, 12.64, 15.16]"
1363,33.61,0.0616464159138172,Persuadable,"[0, 5, 10, 15, 20, 25, 30]","[None, None, None, None, None, None, None]","[0.0, 1.68, 3.36, 5.04, 6.72, 8.4, 10.08]"
2648,39.07,0.0330050062112044,Persuadable,"[0, 5, 10, 15, 20, 25, 30]","[None, None, None, None, None, None, None]","[0.0, 1.95, 3.91, 5.86, 7.81, 9.77, 11.72]"
3287,27.13,0.0778991358542415,Persuadable,"[0, 5, 10, 15, 20, 25, 30]","[None, None, None, None, None, None, None]","[0.0, 1.36, 2.71, 4.07, 5.43, 6.78, 8.14]"
4765,51.25,-0.0596154778275147,Not Persuadable,"[0, 5, 10, 15, 20, 25, 30]","[None, None, None, None, None, None, None]","[0.0, 2.56, 5.12, 7.69, 10.25, 12.81, 15.38]"
2293,33.12,0.1552179646270716,Highly Persuadable,"[0, 5, 10, 15, 20, 25, 30]","[None, None, None, None, None, None, None]","[0.0, 1.66, 3.31, 4.97, 6.62, 8.28, 9.94]"
4424,38.64,0.0298379831911901,Persuadable,"[0, 5, 10, 15, 20, 25, 30]","[None, None, None, None, None, None, None]","[0.0, 1.93, 3.86, 5.8, 7.73, 9.66, 11.59]"
464,28.24,0.1413314162713194,Highly Persuadable,"[0, 5, 10, 15, 20, 25, 30]","[None, None, None, None, None, None, None]","[0.0, 1.41, 2.82, 4.24, 5.65, 7.06, 8.47]"
2896,9.27,0.022027468837218,Persuadable,"[0, 5, 10, 15, 20, 25, 30]","[None, None, None, None, None, None, None]","[0.0, 0.46, 0.93, 1.39, 1.85, 2.32, 2.78]"
4188,43.86,0.0144534908217413,Persuadable,"[0, 5, 10, 15, 20, 25, 30]","[None, None, None, None, None, None, None]","[0.0, 2.19, 4.39, 6.58, 8.77, 10.96, 13.16]"
2005,15.2,0.1100034135148392,Highly Persuadable,"[0, 5, 10, 15, 20, 25, 30]","[None, None, None, None, None, None, None]","[0.0, 0.76, 1.52, 2.28, 3.04, 3.8, 4.56]"
595,44.52,-0.0320240868767804,Not Persuadable,"[0, 5, 10, 15, 20, 25, 30]","[None, None, None, None, None, None, None]","[0.0, 2.23, 4.45, 6.68, 8.9, 11.13, 13.36]"
1339,70.48,0.0688197517433077,Persuadable,"[0, 5, 10, 15, 20, 25, 30]","[None, None, None, None, None, None, None]","[0.0, 3.52, 7.05, 10.57, 14.1, 17.62, 21.14]"
626,43.63,-0.0272535030037735,Not Persuadable,"[0, 5, 10, 15, 20, 25, 30]","[None, None, None, None, None, None, None]","[0.0, 2.18, 4.36, 6.54, 8.73, 10.91, 13.09]"
451,48.34,-0.0861293144356815,Not Persuadable,"[0, 5, 10, 15, 20, 25, 30]","[None, None, None, None, None, None, None]","[0.0, 2.42, 4.83, 7.25, 9.67, 12.09, 14.5]"
3748,39.63,0.0176459279196625,Persuadable,"[0, 5, 10, 15, 20, 25, 30]","[None, None, None, None, None, None, None]","[0.0, 1.98, 3.96, 5.94, 7.93, 9.91, 11.89]"
4302,30.86,-0.030894608474366,Not Persuadable,"[0, 5, 10, 15, 20, 25, 30]","[None, None, None, None, None, None, None]","[0.0, 1.54, 3.09, 4.63, 6.17, 7.71, 9.26]"
4326,39.05,0.0114710606852522,Persuadable,"[0, 5, 10, 15, 20, 25, 30]","[None, None, None, None, None, None, None]","[0.0, 1.95, 3.9, 5.86, 7.81, 9.76, 11.71]"
4836,19.0,0.1342536385378094,Highly Persuadable,"[0, 5, 10, 15, 20, 25, 30]","[None, None, None, None, None, None, None]","[0.0, 0.95, 1.9, 2.85, 3.8, 4.75, 5.7]"
1593,30.16,0.0661729159029721,Persuadable,"[0, 5, 10, 15, 20, 25, 30]","[None, None, None, None, None, None, None]","[0.0, 1.51, 3.02, 4.52, 6.03, 7.54, 9.05]"
1050,27.27,0.044719205201636,Persuadable,"[0, 5, 10, 15, 20, 25, 30]","[None, None, None, None, None, None, None]","[0.0, 1.36, 2.73, 4.09, 5.45, 6.82, 8.18]"
3554,49.12,-0.112585138394854,Not Persuadable,"[0, 5, 10, 15, 20, 25, 30]","[None, None, None, None, None, None, None]","[0.0, 2.46, 4.91, 7.37, 9.82, 12.28, 14.74]"
1910,58.53,0.1919408156496739,Highly Persuadable,"[0, 5, 10, 15, 20, 25, 30]","[None, None, None, None, None, None, None]","[0.0, 2.93, 5.85, 8.78, 11.71, 14.63, 17.56]"
4600,46.75,0.0158477273933102,Persuadable,"[0, 5, 10, 15, 20, 25, 30]","[None, None, None, None, None, None, None]","[0.0, 2.34, 4.67, 7.01, 9.35, 11.69, 14.03]"
4011,57.32,0.1482038371748383,Highly Persuadable,"[0, 5, 10, 15, 20, 25, 30]","[None, None, None, None, None, None, None]","[0.0, 2.87, 5.73, 8.6, 11.46, 14.33, 17.2]"
151,60.12,0.12290198205769,Highly Persuadable,"[0, 5, 10, 15, 20, 25, 30]","[None, None, None, None, None, None, None]","[0.0, 3.01, 6.01, 9.02, 12.02, 15.03, 18.04]"
1737,35.98,-0.0046796481881125,Not Persuadable,"[0, 5, 10, 15, 20, 25, 30]","[None, None, None, None, None, None, None]","[0.0, 1.8, 3.6, 5.4, 7.2, 8.99, 10.79]"
3967,29.33,0.026481118697698,Persuadable,"[0, 5, 10, 15, 20, 25, 30]","[None, None, None, None, None, None, None]","[0.0, 1.47, 2.93, 4.4, 5.87, 7.33, 8.8]"
4685,16.65,-0.0501833645073517,Not Persuadable,"[0, 5, 10, 15, 20, 25, 30]","[None, None, None, None, None, None, None]","[0.0, 0.83, 1.67, 2.5, 3.33, 4.16, 4.99]"
1481,39.39,0.0269914305995612,Persuadable,"[0, 5, 10, 15, 20, 25, 30]","[None, None, None, None, None, None, None]","[0.0, 1.97, 3.94, 5.91, 7.88, 9.85, 11.82]"
89,21.59,0.0463369683694298,Persuadable,"[0, 5, 10, 15, 20, 25, 30]","[None, None, None, None, None, None, None]","[0.0, 1.08, 2.16, 3.24, 4.32, 5.4, 6.48]"
458,40.03,0.0839993578829906,Persuadable,"[0, 5, 10, 15, 20, 25, 30]","[None, None, None, None, None, None, None]","[0.0, 2.0, 4.0, 6.0, 8.01, 10.01, 12.01]"
4376,28.8,-0.0067941826133528,Not Persuadable,"[0, 5, 10, 15, 20, 25, 30]","[None, None, None, None, None, None, None]","[0.0, 1.44, 2.88, 4.32, 5.76, 7.2, 8.64]"
2941,36.76,0.0215505298048579,Persuadable,"[0, 5, 10, 15, 20, 25, 30]","[None, None, None, None, None, None, None]","[0.0, 1.84, 3.68, 5.51, 7.35, 9.19, 11.03]"
3286,40.72,0.0848698267594641,Persuadable,"[0, 5, 10, 15, 20, 25, 30]","[None, None, None, None, None, None, None]","[0.0, 2.04, 4.07, 6.11, 8.14, 10.18, 12.22]"
4891,32.27,0.0533043844423034,Persuadable,"[0, 5, 10, 15, 20, 25, 30]","[None, None, None, None, None, None, None]","[0.0, 1.61, 3.23, 4.84, 6.45, 8.07, 9.68]"
2017,43.27,0.0331873611527998,Persuadable,"[0, 5, 10, 15, 20, 25, 30]","[None, None, None, None, None, None, None]","[0.0, 2.16, 4.33, 6.49, 8.65, 10.82, 12.98]"
1671,49.32,0.1083232635407731,Highly Persuadable,"[0, 5, 10, 15, 20, 25, 30]","[None, None, None, None, None, None, None]","[0.0, 2.47, 4.93, 7.4, 9.86, 12.33, 14.8]"
3665,36.45,0.0540422249147965,Persuadable,"[0, 5, 10, 15, 20, 25, 30]","[None, None, None, None, None, None, None]","[0.0, 1.82, 3.65, 5.47, 7.29, 9.11, 10.94]"
832,39.11,0.1509056402883768,Highly Persuadable,"[0, 5, 10, 15, 20, 25, 30]","[None, None, None, None, None, None, None]","[0.0, 1.96, 3.91, 5.87, 7.82, 9.78, 11.73]"
240,35.42,0.0867979294406311,Persuadable,"[0, 5, 10, 15, 20, 25, 30]","[None, None, None, None, None, None, None]","[0.0, 1.77, 3.54, 5.31, 7.08, 8.86, 10.63]"
4692,37.23,0.1298570808902643,Highly Persuadable,"[0, 5, 10, 15, 20, 25, 30]","[None, None, None, None, None, None, None]","[0.0, 1.86, 3.72, 5.58, 7.45, 9.31, 11.17]"
1000,36.04,0.0282938454416507,Persuadable,"[0, 5, 10, 15, 20, 25, 30]","[None, None, None, None, None, None, None]","[0.0, 1.8, 3.6, 5.41, 7.21, 9.01, 10.81]"
1449,52.03,-0.0870257929416714,Not Persuadable,"[0, 5, 10, 15, 20, 25, 30]","[None, None, None, None, None, None, None]","[0.0, 2.6, 5.2, 7.8, 10.41, 13.01, 15.61]"
2916,43.54,-0.0181399669429831,Not Persuadable,"[0, 5, 10, 15, 20, 25, 30]","[None, None, None, None, None, None, None]","[0.0, 2.18, 4.35, 6.53, 8.71, 10.88, 13.06]"
1974,46.91,0.1177024470723872,Highly Persuadable,"[0, 5, 10, 15, 20, 25, 30]","[None, None, None, None, None, None, None]","[0.0, 2.35, 4.69, 7.04, 9.38, 11.73, 14.07]"
2996,30.6,0.0919198465830928,Persuadable,"[0, 5, 10, 15, 20, 25, 30]","[None, None, None, None, None, None, None]","[0.0, 1.53, 3.06, 4.59, 6.12, 7.65, 9.18]"
193,43.11,0.0668399988263012,Persuadable,"[0, 5, 10, 15, 20, 25, 30]","[None, None, None, None, None, None, None]","[0.0, 2.16, 4.31, 6.47, 8.62, 10.78, 12.93]"
4240,34.32,0.1074366465299536,Highly Persuadable,"[0, 5, 10, 15, 20, 25, 30]","[None, None, None, None, None, None, None]","[0.0, 1.72, 3.43, 5.15, 6.86, 8.58, 10.3]"
3762,37.24,0.0699722771745718,Persuadable,"[0, 5, 10, 15, 20, 25, 30]","[None, None, None, None, None, None, None]","[0.0, 1.86, 3.72, 5.59, 7.45, 9.31, 11.17]"
3862,46.32,-0.0109836298720087,Not Persuadable,"[0, 5, 10, 15, 20, 25, 30]","[None, None, None, None, None, None, None]","[0.0, 2.32, 4.63, 6.95, 9.26, 11.58, 13.9]"
945,55.82,0.0018917712546264,Persuadable,"[0, 5, 10, 15, 20, 25, 30]","[None, None, None, None, None, None, None]","[0.0, 2.79, 5.58, 8.37, 11.16, 13.96, 16.75]"
4191,33.82,0.0278533078216052,Persuadable,"[0, 5, 10, 15, 20, 25, 30]","[None, None, None, None, None, None, None]","[0.0, 1.69, 3.38, 5.07, 6.76, 8.46, 10.15]"
1184,37.76,0.0115636417473572,Persuadable,"[0, 5, 10, 15, 20, 25, 30]","[None, None, None, None, None, None, None]","[0.0, 1.89, 3.78, 5.66, 7.55, 9.44, 11.33]"
4241,17.07,0.1634371014523218,Highly Persuadable,"[0, 5, 10, 15, 20, 25, 30]","[None, None, None, None, None, None, None]","[0.0, 0.85, 1.71, 2.56, 3.41, 4.27, 5.12]"
1033,43.49,0.0171860868842073,Persuadable,"[0, 5, 10, 15, 20, 25, 30]","[None, None, None, None, None, None, None]","[0.0, 2.17, 4.35, 6.52, 8.7, 10.87, 13.05]"
4435,56.48,0.0355910245084606,Persuadable,"[0, 5, 10, 15, 20, 25, 30]","[None, None, None, None, None, None, None]","[0.0, 2.82, 5.65, 8.47, 11.3, 14.12, 16.94]"
4691,23.12,0.0118652679510871,Persuadable,"[0, 5, 10, 15, 20, 25, 30]","[None, None, None, None, None, None, None]","[0.0, 1.16, 2.31, 3.47, 4.62, 5.78, 6.94]"
2032,27.25,0.0568607028054016,Persuadable,"[0, 5, 10, 15, 20, 25, 30]","[None, None, None, None, None, None, None]","[0.0, 1.36, 2.73, 4.09, 5.45, 6.81, 8.17]"
3429,45.02,0.0556765875174472,Persuadable,"[0, 5, 10, 15, 20, 25, 30]","[None, None, None, None, None, None, None]","[0.0, 2.25, 4.5, 6.75, 9.0, 11.26, 13.51]"
2132,45.63,0.1372507872220669,Highly Persuadable,"[0, 5, 10, 15, 20, 25, 30]","[None, None, None, None, None, None, None]","[0.0, 2.28, 4.56, 6.84, 9.13, 11.41, 13.69]"
3974,31.91,0.1030424727149449,Highly Persuadable,"[0, 5, 10, 15, 20, 25, 30]","[None, None, None, None, None, None, None]","[0.0, 1.6, 3.19, 4.79, 6.38, 7.98, 9.57]"
3485,42.49,-0.0344295758745424,Not Persuadable,"[0, 5, 10, 15, 20, 25, 30]","[None, None, None, None, None, None, None]","[0.0, 2.12, 4.25, 6.37, 8.5, 10.62, 12.75]"
4330,22.85,-0.0126484842916792,Not Persuadable,"[0, 5, 10, 15, 20, 25, 30]","[None, None, None, None, None, None, None]","[0.0, 1.14, 2.29, 3.43, 4.57, 5.71, 6.86]"
1833,31.19,0.0091481608359579,Persuadable,"[0, 5, 10, 15, 20, 25, 30]","[None, None, None, None, None, None, None]","[0.0, 1.56, 3.12, 4.68, 6.24, 7.8, 9.36]"
2955,26.24,0.1731352505055383,Highly Persuadable,"[0, 5, 10, 15, 20, 25, 30]","[None, None, None, None, None, None, None]","[0.0, 1.31, 2.62, 3.94, 5.25, 6.56, 7.87]"
2986,37.98,0.0261243054313556,Persuadable,"[0, 5, 10, 15, 20, 25, 30]","[None, None, None, None, None, None, None]","[0.0, 1.9, 3.8, 5.7, 7.6, 9.49, 11.39]"
3241,42.28,0.0048717008323639,Persuadable,"[0, 5, 10, 15, 20, 25, 30]","[None, None, None, None, None, None, None]","[0.0, 2.11, 4.23, 6.34, 8.46, 10.57, 12.68]"
1624,46.8,0.0592641916088905,Persuadable,"[0, 5, 10, 15, 20, 25, 30]","[None, None, None, None, None, None, None]","[0.0, 2.34, 4.68, 7.02, 9.36, 11.7, 14.04]"
4906,27.02,-0.1038274048573029,Not Persuadable,"[0, 5, 10, 15, 20, 25, 30]","[None, None, None, None, None, None, None]","[0.0, 1.35, 2.7, 4.05, 5.4, 6.75, 8.11]"
4927,46.53,-0.0015618769244713,Not Persuadable,"[0, 5, 10, 15, 20, 25, 30]","[None, None, None, None, None, None, None]","[0.0, 2.33, 4.65, 6.98, 9.31, 11.63, 13.96]"
192,35.61,0.1230866525344797,Highly Persuadable,"[0, 5, 10, 15, 20, 25, 30]","[None, None, None, None, None, None, None]","[0.0, 1.78, 3.56, 5.34, 7.12, 8.9, 10.68]"
1488,27.45,0.0204420853646197,Persuadable,"[0, 5, 10, 15, 20, 25, 30]","[None, None, None, None, None, None, None]","[0.0, 1.37, 2.75, 4.12, 5.49, 6.86, 8.23]"
3099,38.78,-0.032148490652893,Not Persuadable,"[0, 5, 10, 15, 20, 25, 30]","[None, None, None, None, None, None, None]","[0.0, 1.94, 3.88, 5.82, 7.76, 9.7, 11.63]"
3332,59.39,-0.0439467579795518,Not Persuadable,"[0, 5, 10, 15, 20, 25, 30]","[None, None, None, None, None, None, None]","[0.0, 2.97, 5.94, 8.91, 11.88, 14.85, 17.82]"
3830,31.41,0.0434779524033207,Persuadable,"[0, 5, 10, 15, 20, 25, 30]","[None, None, None, None, None, None, None]","[0.0, 1.57, 3.14, 4.71, 6.28, 7.85, 9.42]"
4476,38.51,-0.0038833143197201,Not Persuadable,"[0, 5, 10, 15, 20, 25, 30]","[None, None, None, None, None, None, None]","[0.0, 1.93, 3.85, 5.78, 7.7, 9.63, 11.55]"
1730,39.23,0.0357293265913359,Persuadable,"[0, 5, 10, 15, 20, 25, 30]","[None, None, None, None, None, None, None]","[0.0, 1.96, 3.92, 5.88, 7.85, 9.81, 11.77]"
4027,38.1,0.0483284859412066,Persuadable,"[0, 5, 10, 15, 20, 25, 30]","[None, None, None, None, None, None, None]","[0.0, 1.91, 3.81, 5.71, 7.62, 9.53, 11.43]"
2808,34.19,-0.0218350440723003,Not Persuadable,"[0, 5, 10, 15, 20, 25, 30]","[None, None, None, None, None, None, None]","[0.0, 1.71, 3.42, 5.13, 6.84, 8.55, 10.26]"
3663,47.23,-0.0072554575629237,Not Persuadable,"[0, 5, 10, 15, 20, 25, 30]","[None, None, None, None, None, None, None]","[0.0, 2.36, 4.72, 7.08, 9.45, 11.81, 14.17]"
4585,41.39,0.0549159626668716,Persuadable,"[0, 5, 10, 15, 20, 25, 30]","[None, None, None, None, None, None, None]","[0.0, 2.07, 4.14, 6.21, 8.28, 10.35, 12.42]"
3414,39.95,0.0072743562488236,Persuadable,"[0, 5, 10, 15, 20, 25, 30]","[None, None, None, None, None, None, None]","[0.0, 2.0, 4.0, 5.99, 7.99, 9.99, 11.99]"
4933,43.13,0.0041448023191504,Persuadable,"[0, 5, 10, 15, 20, 25, 30]","[None, None, None, None, None, None, None]","[0.0, 2.16, 4.31, 6.47, 8.63, 10.78, 12.94]"
4877,37.63,-0.0537478323988058,Not Persuadable,"[0, 5, 10, 15, 20, 25, 30]","[None, None, None, None, None, None, None]","[0.0, 1.88, 3.76, 5.64, 7.53, 9.41, 11.29]"
167,31.01,0.1532268956326741,Highly Persuadable,"[0, 5, 10, 15, 20, 25, 30]","[None, None, None, None, None, None, None]","[0.0, 1.55, 3.1, 4.65, 6.2, 7.75, 9.3]"
1615,43.47,-0.0326762890808095,Not Persuadable,"[0, 5, 10, 15, 20, 25, 30]","[None, None, None, None, None, None, None]","[0.0, 2.17, 4.35, 6.52, 8.69, 10.87, 13.04]"
3277,23.51,-0.032875938088092,Not Persuadable,"[0, 5, 10, 15, 20, 25, 30]","[None, None, None, None, None, None, None]","[0.0, 1.18, 2.35, 3.53, 4.7, 5.88, 7.05]"
1025,5.0,0.0504028739451658,Persuadable,"[0, 5, 10, 15, 20, 25, 30]","[None, None, None, None, None, None, None]","[0.0, 0.25, 0.5, 0.75, 1.0, 1.25, 1.5]"
1452,34.27,0.0970184668807362,Persuadable,"[0, 5, 10, 15, 20, 25, 30]","[None, None, None, None, None, None, None]","[0.0, 1.71, 3.43, 5.14, 6.85, 8.57, 10.28]"
4332,37.63,-0.0475806500019884,Not Persuadable,"[0, 5, 10, 15, 20, 25, 30]","[None, None, None, None, None, None, None]","[0.0, 1.88, 3.76, 5.64, 7.53, 9.41, 11.29]"
2237,39.09,0.0876851411831205,Persuadable,"[0, 5, 10, 15, 20, 25, 30]","[None, None, None, None, None, None, None]","[0.0, 1.95, 3.91, 5.86, 7.82, 9.77, 11.73]"
2330,31.06,0.104839273765728,Highly Persuadable,"[0, 5, 10, 15, 20, 25, 30]","[None, None, None, None, None, None, None]","[0.0, 1.55, 3.11, 4.66, 6.21, 7.76, 9.32]"
4391,36.34,0.0502776472146003,Persuadable,"[0, 5, 10, 15, 20, 25, 30]","[None, None, None, None, None, None, None]","[0.0, 1.82, 3.63, 5.45, 7.27, 9.09, 10.9]"
3313,46.29,0.0974117293459743,Persuadable,"[0, 5, 10, 15, 20, 25, 30]","[None, None, None, None, None, None, None]","[0.0, 2.31, 4.63, 6.94, 9.26, 11.57, 13.89]"
4718,22.82,0.1435133838109071,Highly Persuadable,"[0, 5, 10, 15, 20, 25, 30]","[None, None, None, None, None, None, None]","[0.0, 1.14, 2.28, 3.42, 4.56, 5.71, 6.85]"
153,33.8,0.0399555539356793,Persuadable,"[0, 5, 10, 15, 20, 25, 30]","[None, None, None, None, None, None, None]","[0.0, 1.69, 3.38, 5.07, 6.76, 8.45, 10.14]"
4024,38.25,-0.0738268548575605,Not Persuadable,"[0, 5, 10, 15, 20, 25, 30]","[None, None, None, None, None, None, None]","[0.0, 1.91, 3.83, 5.74, 7.65, 9.56, 11.47]"
4699,42.82,0.0500445560520544,Persuadable,"[0, 5, 10, 15, 20, 25, 30]","[None, None, None, None, None, None, None]","[0.0, 2.14, 4.28, 6.42, 8.56, 10.71, 12.85]"
3400,39.68,-0.0080556937807951,Not Persuadable,"[0, 5, 10, 15, 20, 25, 30]","[None, None, None, None, None, None, None]","[0.0, 1.98, 3.97, 5.95, 7.94, 9.92, 11.9]"
1972,39.06,0.1364577470487389,Highly Persuadable,"[0, 5, 10, 15, 20, 25, 30]","[None, None, None, None, None, None, None]","[0.0, 1.95, 3.91, 5.86, 7.81, 9.77, 11.72]"
1182,36.05,-0.0025774677814067,Not Persuadable,"[0, 5, 10, 15, 20, 25, 30]","[None, None, None, None, None, None, None]","[0.0, 1.8, 3.6, 5.41, 7.21, 9.01, 10.81]"
2990,50.93,0.1689075971132347,Highly Persuadable,"[0, 5, 10, 15, 20, 25, 30]","[None, None, None, None, None, None, None]","[0.0, 2.55, 5.09, 7.64, 10.19, 12.73, 15.28]"
4329,26.47,0.0325613869759605,Persuadable,"[0, 5, 10, 15, 20, 25, 30]","[None, None, None, None, None, None, None]","[0.0, 1.32, 2.65, 3.97, 5.29, 6.62, 7.94]"
2115,43.56,-0.0937874710031334,Not Persuadable,"[0, 5, 10, 15, 20, 25, 30]","[None, None, None, None, None, None, None]","[0.0, 2.18, 4.36, 6.53, 8.71, 10.89, 13.07]"
4833,39.63,-0.0204712470219798,Not Persuadable,"[0, 5, 10, 15, 20, 25, 30]","[None, None, None, None, None, None, None]","[0.0, 1.98, 3.96, 5.94, 7.93, 9.91, 11.89]"
4054,17.79,0.0170706632558624,Persuadable,"[0, 5, 10, 15, 20, 25, 30]","[None, None, None, None, None, None, None]","[0.0, 0.89, 1.78, 2.67, 3.56, 4.45, 5.34]"
1590,36.24,0.1325082085805828,Highly Persuadable,"[0, 5, 10, 15, 20, 25, 30]","[None, None, None, None, None, None, None]","[0.0, 1.81, 3.62, 5.44, 7.25, 9.06, 10.87]"
32,25.35,-0.0451000839803205,Not Persuadable,"[0, 5, 10, 15, 20, 25, 30]","[None, None, None, None, None, None, None]","[0.0, 1.27, 2.54, 3.8, 5.07, 6.34, 7.61]"
938,63.88,0.103719699812673,Highly Persuadable,"[0, 5, 10, 15, 20, 25, 30]","[None, None, None, None, None, None, None]","[0.0, 3.19, 6.39, 9.58, 12.78, 15.97, 19.16]"
2548,39.29,0.1419616868983455,Highly Persuadable,"[0, 5, 10, 15, 20, 25, 30]","[None, None, None, None, None, None, None]","[0.0, 1.96, 3.93, 5.89, 7.86, 9.82, 11.79]"
1996,48.83,0.0470938582360831,Persuadable,"[0, 5, 10, 15, 20, 25, 30]","[None, None, None, None, None, None, None]","[0.0, 2.44, 4.88, 7.32, 9.77, 12.21, 14.65]"
3134,31.99,0.1293620095289333,Highly Persuadable,"[0, 5, 10, 15, 20, 25, 30]","[None, None, None, None, None, None, None]","[0.0, 1.6, 3.2, 4.8, 6.4, 8.0, 9.6]"
310,59.46,0.1049750122683086,Highly Persuadable,"[0, 5, 10, 15, 20, 25, 30]","[None, None, None, None, None, None, None]","[0.0, 2.97, 5.95, 8.92, 11.89, 14.87, 17.84]"
3976,61.36,0.0491338177415434,Persuadable,"[0, 5, 10, 15, 20, 25, 30]","[None, None, None, None, None, None, None]","[0.0, 3.07, 6.14, 9.2, 12.27, 15.34, 18.41]"
1472,53.26,0.0237999928795775,Persuadable,"[0, 5, 10, 15, 20, 25, 30]","[None, None, None, None, None, None, None]","[0.0, 2.66, 5.33, 7.99, 10.65, 13.31, 15.98]"
3129,52.3,0.0752888987400336,Persuadable,"[0, 5, 10, 15, 20, 25, 30]","[None, None, None, None, None, None, None]","[0.0, 2.62, 5.23, 7.84, 10.46, 13.07, 15.69]"
2224,41.08,-0.0136093012394491,Not Persuadable,"[0, 5, 10, 15, 20, 25, 30]","[None, None, None, None, None, None, None]","[0.0, 2.05, 4.11, 6.16, 8.22, 10.27, 12.32]"
496,41.09,0.0579949732215392,Persuadable,"[0, 5, 10, 15, 20, 25, 30]","[None, None, None, None, None, None, None]","[0.0, 2.05, 4.11, 6.16, 8.22, 10.27, 12.33]"
206,44.23,-0.0374872809132789,Not Persuadable,"[0, 5, 10, 15, 20, 25, 30]","[None, None, None, None, None, None, None]","[0.0, 2.21, 4.42, 6.63, 8.85, 11.06, 13.27]"
2689,35.14,0.0091901695802992,Persuadable,"[0, 5, 10, 15, 20, 25, 30]","[None, None, None, None, None, None, None]","[0.0, 1.76, 3.51, 5.27, 7.03, 8.79, 10.54]"
3373,26.93,0.0182788989431405,Persuadable,"[0, 5, 10, 15, 20, 25, 30]","[None, None, None, None, None, None, None]","[0.0, 1.35, 2.69, 4.04, 5.39, 6.73, 8.08]"
3849,52.52,0.0986272717353143,Persuadable,"[0, 5, 10, 15, 20, 25, 30]","[None, None, None, None, None, None, None]","[0.0, 2.63, 5.25, 7.88, 10.5, 13.13, 15.76]"
306,47.27,0.0223540819698071,Persuadable,"[0, 5, 10, 15, 20, 25, 30]","[None, None, None, None, None, None, None]","[0.0, 2.36, 4.73, 7.09, 9.45, 11.82, 14.18]"
3812,38.49,0.0268524257490568,Persuadable,"[0, 5, 10, 15, 20, 25, 30]","[None, None, None, None, None, None, None]","[0.0, 1.92, 3.85, 5.77, 7.7, 9.62, 11.55]"
1809,49.71,0.0880008622759043,Persuadable,"[0, 5, 10, 15, 20, 25, 30]","[None, None, None, None, None, None, None]","[0.0, 2.49, 4.97, 7.46, 9.94, 12.43, 14.91]"
1062,30.29,0.0589112254708723,Persuadable,"[0, 5, 10, 15, 20, 25, 30]","[None, None, None, None, None, None, None]","[0.0, 1.51, 3.03, 4.54, 6.06, 7.57, 9.09]"
844,33.87,0.0542120276389851,Persuadable,"[0, 5, 10, 15, 20, 25, 30]","[None, None, None, None, None, None, None]","[0.0, 1.69, 3.39, 5.08, 6.77, 8.47, 10.16]"
2729,55.73,0.0609139876931775,Persuadable,"[0, 5, 10, 15, 20, 25, 30]","[None, None, None, None, None, None, None]","[0.0, 2.79, 5.57, 8.36, 11.15, 13.93, 16.72]"
2267,19.61,0.1828632177717194,Highly Persuadable,"[0, 5, 10, 15, 20, 25, 30]","[None, None, None, None, None, None, None]","[0.0, 0.98, 1.96, 2.94, 3.92, 4.9, 5.88]"
212,40.72,0.031044267656487,Persuadable,"[0, 5, 10, 15, 20, 25, 30]","[None, None, None, None, None, None, None]","[0.0, 2.04, 4.07, 6.11, 8.14, 10.18, 12.22]"
3734,43.06,-0.0143322570386575,Not Persuadable,"[0, 5, 10, 15, 20, 25, 30]","[None, None, None, None, None, None, None]","[0.0, 2.15, 4.31, 6.46, 8.61, 10.77, 12.92]"
680,45.3,0.0007387866753144,Persuadable,"[0, 5, 10, 15, 20, 25, 30]","[None, None, None, None, None, None, None]","[0.0, 2.27, 4.53, 6.79, 9.06, 11.32, 13.59]"
566,47.65,0.0099749308757454,Persuadable,"[0, 5, 10, 15, 20, 25, 30]","[None, None, None, None, None, None, None]","[0.0, 2.38, 4.76, 7.15, 9.53, 11.91, 14.29]"
3131,33.78,0.1040312071034467,Highly Persuadable,"[0, 5, 10, 15, 20, 25, 30]","[None, None, None, None, None, None, None]","[0.0, 1.69, 3.38, 5.07, 6.76, 8.45, 10.13]"
3712,26.77,0.1615706376992232,Highly Persuadable,"[0, 5, 10, 15, 20, 25, 30]","[None, None, None, None, None, None, None]","[0.0, 1.34, 2.68, 4.02, 5.35, 6.69, 8.03]"
681,35.51,0.0550707994266382,Persuadable,"[0, 5, 10, 15, 20, 25, 30]","[None, None, None, None, None, None, None]","[0.0, 1.78, 3.55, 5.33, 7.1, 8.88, 10.65]"
181,37.09,-0.0337715663985372,Not Persuadable,"[0, 5, 10, 15, 20, 25, 30]","[None, None, None, None, None, None, None]","[0.0, 1.85, 3.71, 5.56, 7.42, 9.27, 11.13]"
4870,29.85,0.1369486905756128,Highly Persuadable,"[0, 5, 10, 15, 20, 25, 30]","[None, None, None, None, None, None, None]","[0.0, 1.49, 2.99, 4.48, 5.97, 7.46, 8.96]"
1236,41.22,-0.0198200138659578,Not Persuadable,"[0, 5, 10, 15, 20, 25, 30]","[None, None, None, None, None, None, None]","[0.0, 2.06, 4.12, 6.18, 8.24, 10.3, 12.37]"
2332,50.24,0.1557278717368731,Highly Persuadable,"[0, 5, 10, 15, 20, 25, 30]","[None, None, None, None, None, None, None]","[0.0, 2.51, 5.02, 7.54, 10.05, 12.56, 15.07]"
4284,27.15,0.1619070477313013,Highly Persuadable,"[0, 5, 10, 15, 20, 25, 30]","[None, None, None, None, None, None, None]","[0.0, 1.36, 2.71, 4.07, 5.43, 6.79, 8.14]"
279,43.32,-0.0327570771479946,Not Persuadable,"[0, 5, 10, 15, 20, 25, 30]","[None, None, None, None, None, None, None]","[0.0, 2.17, 4.33, 6.5, 8.66, 10.83, 13.0]"
1129,43.0,0.0202577511552173,Persuadable,"[0, 5, 10, 15, 20, 25, 30]","[None, None, None, None, None, None, None]","[0.0, 2.15, 4.3, 6.45, 8.6, 10.75, 12.9]"
3713,56.9,0.0938009618523256,Persuadable,"[0, 5, 10, 15, 20, 25, 30]","[None, None, None, None, None, None, None]","[0.0, 2.85, 5.69, 8.54, 11.38, 14.22, 17.07]"
433,30.38,0.0325927218605133,Persuadable,"[0, 5, 10, 15, 20, 25, 30]","[None, None, None, None, None, None, None]","[0.0, 1.52, 3.04, 4.56, 6.08, 7.59, 9.11]"
290,49.95,0.1381026986160408,Highly Persuadable,"[0, 5, 10, 15, 20, 25, 30]","[None, None, None, None, None, None, None]","[0.0, 2.5, 5.0, 7.49, 9.99, 12.49, 14.98]"
1028,27.46,0.1365219440872213,Highly Persuadable,"[0, 5, 10, 15, 20, 25, 30]","[None, None, None, None, None, None, None]","[0.0, 1.37, 2.75, 4.12, 5.49, 6.87, 8.24]"
536,28.56,0.0076924849150529,Persuadable,"[0, 5, 10, 15, 20, 25, 30]","[None, None, None, None, None, None, None]","[0.0, 1.43, 2.86, 4.28, 5.71, 7.14, 8.57]"
4354,29.0,-0.0527879502512661,Not Persuadable,"[0, 5, 10, 15, 20, 25, 30]","[None, None, None, None, None, None, None]","[0.0, 1.45, 2.9, 4.35, 5.8, 7.25, 8.7]"
189,31.49,0.0350080518377617,Persuadable,"[0, 5, 10, 15, 20, 25, 30]","[None, None, None, None, None, None, None]","[0.0, 1.57, 3.15, 4.72, 6.3, 7.87, 9.45]"
2277,45.47,0.0961882380052722,Persuadable,"[0, 5, 10, 15, 20, 25, 30]","[None, None, None, None, None, None, None]","[0.0, 2.27, 4.55, 6.82, 9.09, 11.37, 13.64]"
3934,33.55,0.1763874986666276,Highly Persuadable,"[0, 5, 10, 15, 20, 25, 30]","[None, None, None, None, None, None, None]","[0.0, 1.68, 3.35, 5.03, 6.71, 8.39, 10.06]"
3590,21.67,-0.0590309615934905,Not Persuadable,"[0, 5, 10, 15, 20, 25, 30]","[None, None, None, None, None, None, None]","[0.0, 1.08, 2.17, 3.25, 4.33, 5.42, 6.5]"
271,46.21,-0.0258087645648822,Not Persuadable,"[0, 5, 10, 15, 20, 25, 30]","[None, None, None, None, None, None, None]","[0.0, 2.31, 4.62, 6.93, 9.24, 11.55, 13.86]"
3456,45.24,0.0658503728270806,Persuadable,"[0, 5, 10, 15, 20, 25, 30]","[None, None, None, None, None, None, None]","[0.0, 2.26, 4.52, 6.79, 9.05, 11.31, 13.57]"
4094,5.0,0.0052738774467,Persuadable,"[0, 5, 10, 15, 20, 25, 30]","[None, None, None, None, None, None, None]","[0.0, 0.25, 0.5, 0.75, 1.0, 1.25, 1.5]"
2173,30.28,0.1248195870066333,Highly Persuadable,"[0, 5, 10, 15, 20, 25, 30]","[None, None, None, None, None, None, None]","[0.0, 1.51, 3.03, 4.54, 6.06, 7.57, 9.08]"
4234,48.22,-0.1439094159439979,Not Persuadable,"[0, 5, 10, 15, 20, 25, 30]","[None, None, None, None, None, None, None]","[0.0, 2.41, 4.82, 7.23, 9.64, 12.05, 14.47]"
112,36.81,0.1436851345634362,Highly Persuadable,"[0, 5, 10, 15, 20, 25, 30]","[None, None, None, None, None, None, None]","[0.0, 1.84, 3.68, 5.52, 7.36, 9.2, 11.04]"
2484,23.66,-0.0381500456736519,Not Persuadable,"[0, 5, 10, 15, 20, 25, 30]","[None, None, None, None, None, None, None]","[0.0, 1.18, 2.37, 3.55, 4.73, 5.92, 7.1]"
221,41.51,0.0441610134226251,Persuadable,"[0, 5, 10, 15, 20, 25, 30]","[None, None, None, None, None, None, None]","[0.0, 2.08, 4.15, 6.23, 8.3, 10.38, 12.45]"
628,43.15,-0.0870100810574092,Not Persuadable,"[0, 5, 10, 15, 20, 25, 30]","[None, None, None, None, None, None, None]","[0.0, 2.16, 4.32, 6.47, 8.63, 10.79, 12.94]"
1201,38.11,0.1177338005054721,Highly Persuadable,"[0, 5, 10, 15, 20, 25, 30]","[None, None, None, None, None, None, None]","[0.0, 1.91, 3.81, 5.72, 7.62, 9.53, 11.43]"
3372,45.55,0.0510329191322177,Persuadable,"[0, 5, 10, 15, 20, 25, 30]","[None, None, None, None, None, None, None]","[0.0, 2.28, 4.55, 6.83, 9.11, 11.39, 13.66]"
2438,50.39,-0.1982002323489416,Not Persuadable,"[0, 5, 10, 15, 20, 25, 30]","[None, None, None, None, None, None, None]","[0.0, 2.52, 5.04, 7.56, 10.08, 12.6, 15.12]"
791,30.1,0.1303978261349061,Highly Persuadable,"[0, 5, 10, 15, 20, 25, 30]","[None, None, None, None, None, None, None]","[0.0, 1.51, 3.01, 4.51, 6.02, 7.53, 9.03]"
2329,21.76,0.1952273601941577,Highly Persuadable,"[0, 5, 10, 15, 20, 25, 30]","[None, None, None, None, None, None, None]","[0.0, 1.09, 2.18, 3.26, 4.35, 5.44, 6.53]"
462,38.34,-0.0411035370125728,Not Persuadable,"[0, 5, 10, 15, 20, 25, 30]","[None, None, None, None, None, None, None]","[0.0, 1.92, 3.83, 5.75, 7.67, 9.59, 11.5]"
4413,34.92,-0.0915667018661652,Not Persuadable,"[0, 5, 10, 15, 20, 25, 30]","[None, None, None, None, None, None, None]","[0.0, 1.75, 3.49, 5.24, 6.98, 8.73, 10.48]"
552,47.69,-0.0795189758825089,Not Persuadable,"[0, 5, 10, 15, 20, 25, 30]","[None, None, None, None, None, None, None]","[0.0, 2.38, 4.77, 7.15, 9.54, 11.92, 14.31]"
4104,46.77,0.014737827014027,Persuadable,"[0, 5, 10, 15, 20, 25, 30]","[None, None, None, None, None, None, None]","[0.0, 2.34, 4.68, 7.02, 9.35, 11.69, 14.03]"
1175,35.24,0.0298676672311369,Persuadable,"[0, 5, 10, 15, 20, 25, 30]","[None, None, None, None, None, None, None]","[0.0, 1.76, 3.52, 5.29, 7.05, 8.81, 10.57]"
199,30.83,0.0414254282676304,Persuadable,"[0, 5, 10, 15, 20, 25, 30]","[None, None, None, None, None, None, None]","[0.0, 1.54, 3.08, 4.62, 6.17, 7.71, 9.25]"
4033,33.58,0.0742798104175775,Persuadable,"[0, 5, 10, 15, 20, 25, 30]","[None, None, None, None, None, None, None]","[0.0, 1.68, 3.36, 5.04, 6.72, 8.39, 10.07]"
3363,47.04,-0.0040480000588255,Not Persuadable,"[0, 5, 10, 15, 20, 25, 30]","[None, None, None, None, None, None, None]","[0.0, 2.35, 4.7, 7.06, 9.41, 11.76, 14.11]"
403,22.66,-0.1239978682288395,Not Persuadable,"[0, 5, 10, 15, 20, 25, 30]","[None, None, None, None, None, None, None]","[0.0, 1.13, 2.27, 3.4, 4.53, 5.67, 6.8]"
4579,44.83,0.0107901989256964,Persuadable,"[0, 5, 10, 15, 20, 25, 30]","[None, None, None, None, None, None, None]","[0.0, 2.24, 4.48, 6.72, 8.97, 11.21, 13.45]"
4183,26.78,0.0904631650735394,Persuadable,"[0, 5, 10, 15, 20, 25, 30]","[None, None, None, None, None, None, None]","[0.0, 1.34, 2.68, 4.02, 5.36, 6.7, 8.03]"
4774,40.62,0.0120050659271077,Persuadable,"[0, 5, 10, 15, 20, 25, 30]","[None, None, None, None, None, None, None]","[0.0, 2.03, 4.06, 6.09, 8.12, 10.15, 12.19]"
4988,25.02,0.1097759476781848,Highly Persuadable,"[0, 5, 10, 15, 20, 25, 30]","[None, None, None, None, None, None, None]","[0.0, 1.25, 2.5, 3.75, 5.0, 6.25, 7.51]"
4813,35.24,0.0493558017908509,Persuadable,"[0, 5, 10, 15, 20, 25, 30]","[None, None, None, None, None, None, None]","[0.0, 1.76, 3.52, 5.29, 7.05, 8.81, 10.57]"
4473,35.58,-0.0596751928435734,Not Persuadable,"[0, 5, 10, 15, 20, 25, 30]","[None, None, None, None, None, None, None]","[0.0, 1.78, 3.56, 5.34, 7.12, 8.89, 10.67]"
651,49.13,0.0905125237705644,Persuadable,"[0, 5, 10, 15, 20, 25, 30]","[None, None, None, None, None, None, None]","[0.0, 2.46, 4.91, 7.37, 9.83, 12.28, 14.74]"
709,23.37,0.0990726506455039,Persuadable,"[0, 5, 10, 15, 20, 25, 30]","[None, None, None, None, None, None, None]","[0.0, 1.17, 2.34, 3.51, 4.67, 5.84, 7.01]"
1502,36.99,-0.0519597523287678,Not Persuadable,"[0, 5, 10, 15, 20, 25, 30]","[None, None, None, None, None, None, None]","[0.0, 1.85, 3.7, 5.55, 7.4, 9.25, 11.1]"
4425,23.23,0.0889937455094831,Persuadable,"[0, 5, 10, 15, 20, 25, 30]","[None, None, None, None, None, None, None]","[0.0, 1.16, 2.32, 3.48, 4.65, 5.81, 6.97]"
3991,26.41,0.0502819223793592,Persuadable,"[0, 5, 10, 15, 20, 25, 30]","[None, None, None, None, None, None, None]","[0.0, 1.32, 2.64, 3.96, 5.28, 6.6, 7.92]"
2233,35.43,-0.0115086972194283,Not Persuadable,"[0, 5, 10, 15, 20, 25, 30]","[None, None, None, None, None, None, None]","[0.0, 1.77, 3.54, 5.31, 7.09, 8.86, 10.63]"
2342,45.05,0.0484943543164143,Persuadable,"[0, 5, 10, 15, 20, 25, 30]","[None, None, None, None, None, None, None]","[0.0, 2.25, 4.5, 6.76, 9.01, 11.26, 13.51]"
315,44.33,0.0129574508106663,Persuadable,"[0, 5, 10, 15, 20, 25, 30]","[None, None, None, None, None, None, None]","[0.0, 2.22, 4.43, 6.65, 8.87, 11.08, 13.3]"
1221,54.13,0.1121336264196796,Highly Persuadable,"[0, 5, 10, 15, 20, 25, 30]","[None, None, None, None, None, None, None]","[0.0, 2.71, 5.41, 8.12, 10.83, 13.53, 16.24]"
4485,30.54,0.0828153730889001,Persuadable,"[0, 5, 10, 15, 20, 25, 30]","[None, None, None, None, None, None, None]","[0.0, 1.53, 3.05, 4.58, 6.11, 7.63, 9.16]"
114,42.35,0.0788074774345872,Persuadable,"[0, 5, 10, 15, 20, 25, 30]","[None, None, None, None, None, None, None]","[0.0, 2.12, 4.24, 6.35, 8.47, 10.59, 12.71]"
961,42.54,-0.055059708385788,Not Persuadable,"[0, 5, 10, 15, 20, 25, 30]","[None, None, None, None, None, None, None]","[0.0, 2.13, 4.25, 6.38, 8.51, 10.63, 12.76]"
2926,26.1,-0.0063822485924972,Not Persuadable,"[0, 5, 10, 15, 20, 25, 30]","[None, None, None, None, None, None, None]","[0.0, 1.31, 2.61, 3.92, 5.22, 6.53, 7.83]"
3275,24.72,0.0203710070518594,Persuadable,"[0, 5, 10, 15, 20, 25, 30]","[None, None, None, None, None, None, None]","[0.0, 1.24, 2.47, 3.71, 4.94, 6.18, 7.42]"
1648,43.9,0.160971487645716,Highly Persuadable,"[0, 5, 10, 15, 20, 25, 30]","[None, None, None, None, None, None, None]","[0.0, 2.19, 4.39, 6.58, 8.78, 10.97, 13.17]"
3338,31.42,0.0639322792201209,Persuadable,"[0, 5, 10, 15, 20, 25, 30]","[None, None, None, None, None, None, None]","[0.0, 1.57, 3.14, 4.71, 6.28, 7.86, 9.43]"
2624,60.97,0.1374881422505713,Highly Persuadable,"[0, 5, 10, 15, 20, 25, 30]","[None, None, None, None, None, None, None]","[0.0, 3.05, 6.1, 9.15, 12.19, 15.24, 18.29]"
3210,45.96,-0.0515291259940117,Not Persuadable,"[0, 5, 10, 15, 20, 25, 30]","[None, None, None, None, None, None, None]","[0.0, 2.3, 4.6, 6.89, 9.19, 11.49, 13.79]"
1771,46.01,-0.0448119067979172,Not Persuadable,"[0, 5, 10, 15, 20, 25, 30]","[None, None, None, None, None, None, None]","[0.0, 2.3, 4.6, 6.9, 9.2, 11.5, 13.8]"
3430,63.5,0.0443877931221244,Persuadable,"[0, 5, 10, 15, 20, 25, 30]","[None, None, None, None, None, None, None]","[0.0, 3.18, 6.35, 9.53, 12.7, 15.88, 19.05]"
4539,55.4,0.0094776424837083,Persuadable,"[0, 5, 10, 15, 20, 25, 30]","[None, None, None, None, None, None, None]","[0.0, 2.77, 5.54, 8.31, 11.08, 13.85, 16.62]"
1838,30.46,0.0505627803373767,Persuadable,"[0, 5, 10, 15, 20, 25, 30]","[None, None, None, None, None, None, None]","[0.0, 1.52, 3.05, 4.57, 6.09, 7.62, 9.14]"
1946,51.6,0.0278245476134799,Persuadable,"[0, 5, 10, 15, 20, 25, 30]","[None, None, None, None, None, None, None]","[0.0, 2.58, 5.16, 7.74, 10.32, 12.9, 15.48]"
2499,41.16,-0.0071008306501529,Not Persuadable,"[0, 5, 10, 15, 20, 25, 30]","[None, None, None, None, None, None, None]","[0.0, 2.06, 4.12, 6.17, 8.23, 10.29, 12.35]"
4052,24.35,0.1300044874996786,Highly Persuadable,"[0, 5, 10, 15, 20, 25, 30]","[None, None, None, None, None, None, None]","[0.0, 1.22, 2.44, 3.65, 4.87, 6.09, 7.3]"
3309,32.25,0.1511487797982219,Highly Persuadable,"[0, 5, 10, 15, 20, 25, 30]","[None, None, None, None, None, None, None]","[0.0, 1.61, 3.23, 4.84, 6.45, 8.06, 9.67]"
4201,30.47,0.0626263285644687,Persuadable,"[0, 5, 10, 15, 20, 25, 30]","[None, None, None, None, None, None, None]","[0.0, 1.52, 3.05, 4.57, 6.09, 7.62, 9.14]"
4393,37.03,0.0699386424488704,Persuadable,"[0, 5, 10, 15, 20, 25, 30]","[None, None, None, None, None, None, None]","[0.0, 1.85, 3.7, 5.55, 7.41, 9.26, 11.11]"
2595,33.04,0.0690288609837102,Persuadable,"[0, 5, 10, 15, 20, 25, 30]","[None, None, None, None, None, None, None]","[0.0, 1.65, 3.3, 4.96, 6.61, 8.26, 9.91]"
2116,45.73,0.0086705704025598,Persuadable,"[0, 5, 10, 15, 20, 25, 30]","[None, None, None, None, None, None, None]","[0.0, 2.29, 4.57, 6.86, 9.15, 11.43, 13.72]"
1345,30.48,0.0891167935518447,Persuadable,"[0, 5, 10, 15, 20, 25, 30]","[None, None, None, None, None, None, None]","[0.0, 1.52, 3.05, 4.57, 6.1, 7.62, 9.14]"
2877,34.15,-0.023896175681305,Not Persuadable,"[0, 5, 10, 15, 20, 25, 30]","[None, None, None, None, None, None, None]","[0.0, 1.71, 3.42, 5.12, 6.83, 8.54, 10.24]"
3341,48.98,-0.0219717766250983,Not Persuadable,"[0, 5, 10, 15, 20, 25, 30]","[None, None, None, None, None, None, None]","[0.0, 2.45, 4.9, 7.35, 9.8, 12.24, 14.69]"
4864,28.22,0.036797135443461,Persuadable,"[0, 5, 10, 15, 20, 25, 30]","[None, None, None, None, None, None, None]","[0.0, 1.41, 2.82, 4.23, 5.64, 7.05, 8.47]"
3938,50.15,0.2075263942777782,Highly Persuadable,"[0, 5, 10, 15, 20, 25, 30]","[None, None, None, None, None, None, None]","[0.0, 2.51, 5.02, 7.52, 10.03, 12.54, 15.04]"
1651,57.41,-0.0306299249143527,Not Persuadable,"[0, 5, 10, 15, 20, 25, 30]","[None, None, None, None, None, None, None]","[0.0, 2.87, 5.74, 8.61, 11.48, 14.35, 17.22]"
790,50.96,-0.0345403419930233,Not Persuadable,"[0, 5, 10, 15, 20, 25, 30]","[None, None, None, None, None, None, None]","[0.0, 2.55, 5.1, 7.64, 10.19, 12.74, 15.29]"
2281,25.33,0.1314169239625083,Highly Persuadable,"[0, 5, 10, 15, 20, 25, 30]","[None, None, None, None, None, None, None]","[0.0, 1.27, 2.53, 3.8, 5.07, 6.33, 7.6]"
4655,40.1,0.0084387449597094,Persuadable,"[0, 5, 10, 15, 20, 25, 30]","[None, None, None, None, None, None, None]","[0.0, 2.01, 4.01, 6.01, 8.02, 10.03, 12.03]"
4572,24.96,0.0266649196087611,Persuadable,"[0, 5, 10, 15, 20, 25, 30]","[None, None, None, None, None, None, None]","[0.0, 1.25, 2.5, 3.74, 4.99, 6.24, 7.49]"
872,46.94,0.1713916024473261,Highly Persuadable,"[0, 5, 10, 15, 20, 25, 30]","[None, None, None, None, None, None, None]","[0.0, 2.35, 4.69, 7.04, 9.39, 11.73, 14.08]"
1721,54.83,0.0611106909161986,Persuadable,"[0, 5, 10, 15, 20, 25, 30]","[None, None, None, None, None, None, None]","[0.0, 2.74, 5.48, 8.22, 10.97, 13.71, 16.45]"
1591,30.52,0.0853951735082575,Persuadable,"[0, 5, 10, 15, 20, 25, 30]","[None, None, None, None, None, None, None]","[0.0, 1.53, 3.05, 4.58, 6.1, 7.63, 9.16]"
2728,36.47,-0.0033457839771832,Not Persuadable,"[0, 5, 10, 15, 20, 25, 30]","[None, None, None, None, None, None, None]","[0.0, 1.82, 3.65, 5.47, 7.29, 9.12, 10.94]"
74,34.55,0.1278990836820613,Highly Persuadable,"[0, 5, 10, 15, 20, 25, 30]","[None, None, None, None, None, None, None]","[0.0, 1.73, 3.46, 5.18, 6.91, 8.64, 10.36]"
1778,32.82,-0.0404578764087058,Not Persuadable,"[0, 5, 10, 15, 20, 25, 30]","[None, None, None, None, None, None, None]","[0.0, 1.64, 3.28, 4.92, 6.56, 8.21, 9.85]"
1617,53.35,-0.0128570813414608,Not Persuadable,"[0, 5, 10, 15, 20, 25, 30]","[None, None, None, None, None, None, None]","[0.0, 2.67, 5.34, 8.0, 10.67, 13.34, 16.0]"
1362,53.39,0.0303295202614513,Persuadable,"[0, 5, 10, 15, 20, 25, 30]","[None, None, None, None, None, None, None]","[0.0, 2.67, 5.34, 8.01, 10.68, 13.35, 16.02]"
3025,25.62,0.0223115488333599,Persuadable,"[0, 5, 10, 15, 20, 25, 30]","[None, None, None, None, None, None, None]","[0.0, 1.28, 2.56, 3.84, 5.12, 6.41, 7.69]"
1967,45.67,0.2738455903113823,Highly Persuadable,"[0, 5, 10, 15, 20, 25, 30]","[None, None, None, None, None, None, None]","[0.0, 2.28, 4.57, 6.85, 9.13, 11.42, 13.7]"
4586,35.37,0.2102227448136854,Highly Persuadable,"[0, 5, 10, 15, 20, 25, 30]","[None, None, None, None, None, None, None]","[0.0, 1.77, 3.54, 5.31, 7.07, 8.84, 10.61]"
3828,48.23,-0.0307405713471482,Not Persuadable,"[0, 5, 10, 15, 20, 25, 30]","[None, None, None, None, None, None, None]","[0.0, 2.41, 4.82, 7.23, 9.65, 12.06, 14.47]"
2260,36.42,-0.1203846159886764,Not Persuadable,"[0, 5, 10, 15, 20, 25, 30]","[None, None, None, None, None, None, None]","[0.0, 1.82, 3.64, 5.46, 7.28, 9.11, 10.93]"
2900,50.06,0.0218461118197939,Persuadable,"[0, 5, 10, 15, 20, 25, 30]","[None, None, None, None, None, None, None]","[0.0, 2.5, 5.01, 7.51, 10.01, 12.52, 15.02]"
2223,50.89,-0.0088955135894035,Not Persuadable,"[0, 5, 10, 15, 20, 25, 30]","[None, None, None, None, None, None, None]","[0.0, 2.54, 5.09, 7.63, 10.18, 12.72, 15.27]"
495,25.05,0.069804617887517,Persuadable,"[0, 5, 10, 15, 20, 25, 30]","[None, None, None, None, None, None, None]","[0.0, 1.25, 2.51, 3.76, 5.01, 6.26, 7.51]"
3146,34.4,0.0742229770659407,Persuadable,"[0, 5, 10, 15, 20, 25, 30]","[None, None, None, None, None, None, None]","[0.0, 1.72, 3.44, 5.16, 6.88, 8.6, 10.32]"
3530,49.47,-0.0414753566835988,Not Persuadable,"[0, 5, 10, 15, 20, 25, 30]","[None, None, None, None, None, None, None]","[0.0, 2.47, 4.95, 7.42, 9.89, 12.37, 14.84]"
1282,44.5,-0.0063099457166412,Not Persuadable,"[0, 5, 10, 15, 20, 25, 30]","[None, None, None, None, None, None, None]","[0.0, 2.23, 4.45, 6.67, 8.9, 11.12, 13.35]"
1165,38.27,0.1320794100349651,Highly Persuadable,"[0, 5, 10, 15, 20, 25, 30]","[None, None, None, None, None, None, None]","[0.0, 1.91, 3.83, 5.74, 7.65, 9.57, 11.48]"
1243,44.84,0.0776665116413899,Persuadable,"[0, 5, 10, 15, 20, 25, 30]","[None, None, None, None, None, None, None]","[0.0, 2.24, 4.48, 6.73, 8.97, 11.21, 13.45]"
1756,32.87,0.1031987601364369,Highly Persuadable,"[0, 5, 10, 15, 20, 25, 30]","[None, None, None, None, None, None, None]","[0.0, 1.64, 3.29, 4.93, 6.57, 8.22, 9.86]"
1993,28.66,0.0327984740016306,Persuadable,"[0, 5, 10, 15, 20, 25, 30]","[None, None, None, None, None, None, None]","[0.0, 1.43, 2.87, 4.3, 5.73, 7.17, 8.6]"
2195,47.16,0.048087776517599,Persuadable,"[0, 5, 10, 15, 20, 25, 30]","[None, None, None, None, None, None, None]","[0.0, 2.36, 4.72, 7.07, 9.43, 11.79, 14.15]"
1727,38.17,0.1165180910682466,Highly Persuadable,"[0, 5, 10, 15, 20, 25, 30]","[None, None, None, None, None, None, None]","[0.0, 1.91, 3.82, 5.73, 7.63, 9.54, 11.45]"
619,34.79,0.016853885665944,Persuadable,"[0, 5, 10, 15, 20, 25, 30]","[None, None, None, None, None, None, None]","[0.0, 1.74, 3.48, 5.22, 6.96, 8.7, 10.44]"
4934,40.53,0.1421754208529875,Highly Persuadable,"[0, 5, 10, 15, 20, 25, 30]","[None, None, None, None, None, None, None]","[0.0, 2.03, 4.05, 6.08, 8.11, 10.13, 12.16]"
1882,55.33,0.0054983672223866,Persuadable,"[0, 5, 10, 15, 20, 25, 30]","[None, None, None, None, None, None, None]","[0.0, 2.77, 5.53, 8.3, 11.07, 13.83, 16.6]"
1630,32.32,-0.0242110916687873,Not Persuadable,"[0, 5, 10, 15, 20, 25, 30]","[None, None, None, None, None, None, None]","[0.0, 1.62, 3.23, 4.85, 6.46, 8.08, 9.7]"
4767,29.18,-0.0300702775481449,Not Persuadable,"[0, 5, 10, 15, 20, 25, 30]","[None, None, None, None, None, None, None]","[0.0, 1.46, 2.92, 4.38, 5.84, 7.29, 8.75]"
2089,39.78,0.0493374133098284,Persuadable,"[0, 5, 10, 15, 20, 25, 30]","[None, None, None, None, None, None, None]","[0.0, 1.99, 3.98, 5.97, 7.96, 9.95, 11.93]"
3426,41.18,0.1039716290354462,Highly Persuadable,"[0, 5, 10, 15, 20, 25, 30]","[None, None, None, None, None, None, None]","[0.0, 2.06, 4.12, 6.18, 8.24, 10.29, 12.35]"
870,54.01,0.1116454177960767,Highly Persuadable,"[0, 5, 10, 15, 20, 25, 30]","[None, None, None, None, None, None, None]","[0.0, 2.7, 5.4, 8.1, 10.8, 13.5, 16.2]"
4709,37.43,-0.0974240216009709,Not Persuadable,"[0, 5, 10, 15, 20, 25, 30]","[None, None, None, None, None, None, None]","[0.0, 1.87, 3.74, 5.61, 7.49, 9.36, 11.23]"
1043,30.07,-0.0775041118917948,Not Persuadable,"[0, 5, 10, 15, 20, 25, 30]","[None, None, None, None, None, None, None]","[0.0, 1.5, 3.01, 4.51, 6.01, 7.52, 9.02]"
3385,37.47,0.0827327673435291,Persuadable,"[0, 5, 10, 15, 20, 25, 30]","[None, None, None, None, None, None, None]","[0.0, 1.87, 3.75, 5.62, 7.49, 9.37, 11.24]"
357,34.28,0.0894340400853396,Persuadable,"[0, 5, 10, 15, 20, 25, 30]","[None, None, None, None, None, None, None]","[0.0, 1.71, 3.43, 5.14, 6.86, 8.57, 10.28]"
1163,32.29,0.1110704119342128,Highly Persuadable,"[0, 5, 10, 15, 20, 25, 30]","[None, None, None, None, None, None, None]","[0.0, 1.61, 3.23, 4.84, 6.46, 8.07, 9.69]"
2781,37.6,0.0280454434650631,Persuadable,"[0, 5, 10, 15, 20, 25, 30]","[None, None, None, None, None, None, None]","[0.0, 1.88, 3.76, 5.64, 7.52, 9.4, 11.28]"
2255,33.43,-0.0088083551239413,Not Persuadable,"[0, 5, 10, 15, 20, 25, 30]","[None, None, None, None, None, None, None]","[0.0, 1.67, 3.34, 5.01, 6.69, 8.36, 10.03]"
3166,44.57,0.0151175114876437,Persuadable,"[0, 5, 10, 15, 20, 25, 30]","[None, None, None, None, None, None, None]","[0.0, 2.23, 4.46, 6.69, 8.91, 11.14, 13.37]"
3947,20.5,0.0659448376174001,Persuadable,"[0, 5, 10, 15, 20, 25, 30]","[None, None, None, None, None, None, None]","[0.0, 1.03, 2.05, 3.07, 4.1, 5.12, 6.15]"
1790,34.37,-0.0158189506651704,Not Persuadable,"[0, 5, 10, 15, 20, 25, 30]","[None, None, None, None, None, None, None]","[0.0, 1.72, 3.44, 5.16, 6.87, 8.59, 10.31]"
3807,37.9,-0.0234595676098086,Not Persuadable,"[0, 5, 10, 15, 20, 25, 30]","[None, None, None, None, None, None, None]","[0.0, 1.9, 3.79, 5.68, 7.58, 9.47, 11.37]"
3658,29.09,0.0385703890698599,Persuadable,"[0, 5, 10, 15, 20, 25, 30]","[None, None, None, None, None, None, None]","[0.0, 1.45, 2.91, 4.36, 5.82, 7.27, 8.73]"
1273,47.62,-0.0091691956397529,Not Persuadable,"[0, 5, 10, 15, 20, 25, 30]","[None, None, None, None, None, None, None]","[0.0, 2.38, 4.76, 7.14, 9.52, 11.9, 14.29]"
3151,39.61,0.1959938881209768,Highly Persuadable,"[0, 5, 10, 15, 20, 25, 30]","[None, None, None, None, None, None, None]","[0.0, 1.98, 3.96, 5.94, 7.92, 9.9, 11.88]"
333,26.38,-0.0214283181686838,Not Persuadable,"[0, 5, 10, 15, 20, 25, 30]","[None, None, None, None, None, None, None]","[0.0, 1.32, 2.64, 3.96, 5.28, 6.59, 7.91]"
1555,24.28,0.0919397710577667,Persuadable,"[0, 5, 10, 15, 20, 25, 30]","[None, None, None, None, None, None, None]","[0.0, 1.21, 2.43, 3.64, 4.86, 6.07, 7.28]"
2752,45.64,0.0614577430405906,Persuadable,"[0, 5, 10, 15, 20, 25, 30]","[None, None, None, None, None, None, None]","[0.0, 2.28, 4.56, 6.85, 9.13, 11.41, 13.69]"
2555,36.7,0.1566525208796492,Highly Persuadable,"[0, 5, 10, 15, 20, 25, 30]","[None, None, None, None, None, None, None]","[0.0, 1.84, 3.67, 5.5, 7.34, 9.18, 11.01]"
3686,48.15,-0.1198553811933941,Not Persuadable,"[0, 5, 10, 15, 20, 25, 30]","[None, None, None, None, None, None, None]","[0.0, 2.41, 4.82, 7.22, 9.63, 12.04, 14.44]"
1655,32.82,0.1088583176666691,Highly Persuadable,"[0, 5, 10, 15, 20, 25, 30]","[None, None, None, None, None, None, None]","[0.0, 1.64, 3.28, 4.92, 6.56, 8.21, 9.85]"
1117,35.85,-0.0713936989118769,Not Persuadable,"[0, 5, 10, 15, 20, 25, 30]","[None, None, None, None, None, None, None]","[0.0, 1.79, 3.59, 5.38, 7.17, 8.96, 10.76]"
4077,25.16,-0.0205725570045969,Not Persuadable,"[0, 5, 10, 15, 20, 25, 30]","[None, None, None, None, None, None, None]","[0.0, 1.26, 2.52, 3.77, 5.03, 6.29, 7.55]"
3571,28.02,0.1276953336861013,Highly Persuadable,"[0, 5, 10, 15, 20, 25, 30]","[None, None, None, None, None, None, None]","[0.0, 1.4, 2.8, 4.2, 5.6, 7.0, 8.41]"
4630,49.24,0.052970746662359,Persuadable,"[0, 5, 10, 15, 20, 25, 30]","[None, None, None, None, None, None, None]","[0.0, 2.46, 4.92, 7.39, 9.85, 12.31, 14.77]"
3904,36.93,0.0748216352332916,Persuadable,"[0, 5, 10, 15, 20, 25, 30]","[None, None, None, None, None, None, None]","[0.0, 1.85, 3.69, 5.54, 7.39, 9.23, 11.08]"
4456,43.25,0.058453579355612,Persuadable,"[0, 5, 10, 15, 20, 25, 30]","[None, None, None, None, None, None, None]","[0.0, 2.16, 4.33, 6.49, 8.65, 10.81, 12.97]"
446,35.27,0.0186850130908509,Persuadable,"[0, 5, 10, 15, 20, 25, 30]","[None, None, None, None, None, None, None]","[0.0, 1.76, 3.53, 5.29, 7.05, 8.82, 10.58]"
2616,29.91,0.1592417707943189,Highly Persuadable,"[0, 5, 10, 15, 20, 25, 30]","[None, None, None, None, None, None, None]","[0.0, 1.5, 2.99, 4.49, 5.98, 7.48, 8.97]"
453,51.02,-0.0922916123172982,Not Persuadable,"[0, 5, 10, 15, 20, 25, 30]","[None, None, None, None, None, None, None]","[0.0, 2.55, 5.1, 7.65, 10.2, 12.76, 15.31]"
4811,36.52,0.0741261566423304,Persuadable,"[0, 5, 10, 15, 20, 25, 30]","[None, None, None, None, None, None, None]","[0.0, 1.83, 3.65, 5.48, 7.3, 9.13, 10.96]"
4445,47.81,-0.0415438183095048,Not Persuadable,"[0, 5, 10, 15, 20, 25, 30]","[None, None, None, None, None, None, None]","[0.0, 2.39, 4.78, 7.17, 9.56, 11.95, 14.34]"
4555,38.33,0.1459213271281445,Highly Persuadable,"[0, 5, 10, 15, 20, 25, 30]","[None, None, None, None, None, None, None]","[0.0, 1.92, 3.83, 5.75, 7.67, 9.58, 11.5]"
15,40.8,0.0210155894122712,Persuadable,"[0, 5, 10, 15, 20, 25, 30]","[None, None, None, None, None, None, None]","[0.0, 2.04, 4.08, 6.12, 8.16, 10.2, 12.24]"
3108,42.35,0.0336422782509251,Persuadable,"[0, 5, 10, 15, 20, 25, 30]","[None, None, None, None, None, None, None]","[0.0, 2.12, 4.24, 6.35, 8.47, 10.59, 12.71]"
946,28.97,0.0786098311963867,Persuadable,"[0, 5, 10, 15, 20, 25, 30]","[None, None, None, None, None, None, None]","[0.0, 1.45, 2.9, 4.35, 5.79, 7.24, 8.69]"
248,62.55,0.0265884872953698,Persuadable,"[0, 5, 10, 15, 20, 25, 30]","[None, None, None, None, None, None, None]","[0.0, 3.13, 6.25, 9.38, 12.51, 15.64, 18.76]"
4184,63.91,0.040472425442689,Persuadable,"[0, 5, 10, 15, 20, 25, 30]","[None, None, None, None, None, None, None]","[0.0, 3.2, 6.39, 9.59, 12.78, 15.98, 19.17]"
361,28.72,0.0596061728671648,Persuadable,"[0, 5, 10, 15, 20, 25, 30]","[None, None, None, None, None, None, None]","[0.0, 1.44, 2.87, 4.31, 5.74, 7.18, 8.62]"
4667,39.4,0.0148672240456037,Persuadable,"[0, 5, 10, 15, 20, 25, 30]","[None, None, None, None, None, None, None]","[0.0, 1.97, 3.94, 5.91, 7.88, 9.85, 11.82]"
3379,32.63,0.0297520954259594,Persuadable,"[0, 5, 10, 15, 20, 25, 30]","[None, None, None, None, None, None, None]","[0.0, 1.63, 3.26, 4.89, 6.53, 8.16, 9.79]"
2319,54.13,-0.0215713287386774,Not Persuadable,"[0, 5, 10, 15, 20, 25, 30]","[None, None, None, None, None, None, None]","[0.0, 2.71, 5.41, 8.12, 10.83, 13.53, 16.24]"
1492,24.15,0.1792424805572649,Highly Persuadable,"[0, 5, 10, 15, 20, 25, 30]","[None, None, None, None, None, None, None]","[0.0, 1.21, 2.42, 3.62, 4.83, 6.04, 7.24]"
4776,39.14,0.1187169788609559,Highly Persuadable,"[0, 5, 10, 15, 20, 25, 30]","[None, None, None, None, None, None, None]","[0.0, 1.96, 3.91, 5.87, 7.83, 9.79, 11.74]"
1774,38.41,-0.1067137418687012,Not Persuadable,"[0, 5, 10, 15, 20, 25, 30]","[None, None, None, None, None, None, None]","[0.0, 1.92, 3.84, 5.76, 7.68, 9.6, 11.52]"
4633,39.55,0.0812698286911371,Persuadable,"[0, 5, 10, 15, 20, 25, 30]","[None, None, None, None, None, None, None]","[0.0, 1.98, 3.96, 5.93, 7.91, 9.89, 11.86]"
4372,32.88,-0.1366150617691588,Not Persuadable,"[0, 5, 10, 15, 20, 25, 30]","[None, None, None, None, None, None, None]","[0.0, 1.64, 3.29, 4.93, 6.58, 8.22, 9.86]"
4895,43.48,0.0137455458277767,Persuadable,"[0, 5, 10, 15, 20, 25, 30]","[None, None, None, None, None, None, None]","[0.0, 2.17, 4.35, 6.52, 8.7, 10.87, 13.04]"
2868,30.95,0.106960570312974,Highly Persuadable,"[0, 5, 10, 15, 20, 25, 30]","[None, None, None, None, None, None, None]","[0.0, 1.55, 3.1, 4.64, 6.19, 7.74, 9.29]"
491,47.5,0.1108510204302475,Highly Persuadable,"[0, 5, 10, 15, 20, 25, 30]","[None, None, None, None, None, None, None]","[0.0, 2.38, 4.75, 7.12, 9.5, 11.88, 14.25]"
863,41.56,-0.0835233671435232,Not Persuadable,"[0, 5, 10, 15, 20, 25, 30]","[None, None, None, None, None, None, None]","[0.0, 2.08, 4.16, 6.23, 8.31, 10.39, 12.47]"
1766,26.99,-0.0151747613680414,Not Persuadable,"[0, 5, 10, 15, 20, 25, 30]","[None, None, None, None, None, None, None]","[0.0, 1.35, 2.7, 4.05, 5.4, 6.75, 8.1]"
2228,40.32,0.2171003404082789,Highly Persuadable,"[0, 5, 10, 15, 20, 25, 30]","[None, None, None, None, None, None, None]","[0.0, 2.02, 4.03, 6.05, 8.06, 10.08, 12.1]"
1903,37.2,0.0249499884211273,Persuadable,"[0, 5, 10, 15, 20, 25, 30]","[None, None, None, None, None, None, None]","[0.0, 1.86, 3.72, 5.58, 7.44, 9.3, 11.16]"
2463,33.63,0.1268449707990176,Highly Persuadable,"[0, 5, 10, 15, 20, 25, 30]","[None, None, None, None, None, None, None]","[0.0, 1.68, 3.36, 5.04, 6.73, 8.41, 10.09]"
4113,30.32,-0.0315022847607968,Not Persuadable,"[0, 5, 10, 15, 20, 25, 30]","[None, None, None, None, None, None, None]","[0.0, 1.52, 3.03, 4.55, 6.06, 7.58, 9.1]"
507,35.96,0.0327220284361687,Persuadable,"[0, 5, 10, 15, 20, 25, 30]","[None, None, None, None, None, None, None]","[0.0, 1.8, 3.6, 5.39, 7.19, 8.99, 10.79]"
2693,37.86,0.0508301039785028,Persuadable,"[0, 5, 10, 15, 20, 25, 30]","[None, None, None, None, None, None, None]","[0.0, 1.89, 3.79, 5.68, 7.57, 9.46, 11.36]"
2016,40.06,0.1941346865649312,Highly Persuadable,"[0, 5, 10, 15, 20, 25, 30]","[None, None, None, None, None, None, None]","[0.0, 2.0, 4.01, 6.01, 8.01, 10.02, 12.02]"
4388,31.4,0.1367161924936972,Highly Persuadable,"[0, 5, 10, 15, 20, 25, 30]","[None, None, None, None, None, None, None]","[0.0, 1.57, 3.14, 4.71, 6.28, 7.85, 9.42]"
1223,33.91,0.0525046742172394,Persuadable,"[0, 5, 10, 15, 20, 25, 30]","[None, None, None, None, None, None, None]","[0.0, 1.7, 3.39, 5.09, 6.78, 8.48, 10.17]"
1114,18.78,0.026478544262669,Persuadable,"[0, 5, 10, 15, 20, 25, 30]","[None, None, None, None, None, None, None]","[0.0, 0.94, 1.88, 2.82, 3.76, 4.7, 5.63]"
1933,41.69,0.0095884196577493,Persuadable,"[0, 5, 10, 15, 20, 25, 30]","[None, None, None, None, None, None, None]","[0.0, 2.08, 4.17, 6.25, 8.34, 10.42, 12.51]"
3439,48.9,0.0469533901371137,Persuadable,"[0, 5, 10, 15, 20, 25, 30]","[None, None, None, None, None, None, None]","[0.0, 2.45, 4.89, 7.33, 9.78, 12.22, 14.67]"
1375,30.47,0.1619072949726288,Highly Persuadable,"[0, 5, 10, 15, 20, 25, 30]","[None, None, None, None, None, None, None]","[0.0, 1.52, 3.05, 4.57, 6.09, 7.62, 9.14]"
4782,33.55,0.0092665646150361,Persuadable,"[0, 5, 10, 15, 20, 25, 30]","[None, None, None, None, None, None, None]","[0.0, 1.68, 3.35, 5.03, 6.71, 8.39, 10.06]"
434,25.57,0.0123327567245208,Persuadable,"[0, 5, 10, 15, 20, 25, 30]","[None, None, None, None, None, None, None]","[0.0, 1.28, 2.56, 3.84, 5.11, 6.39, 7.67]"
3876,28.01,-0.043232885489371,Not Persuadable,"[0, 5, 10, 15, 20, 25, 30]","[None, None, None, None, None, None, None]","[0.0, 1.4, 2.8, 4.2, 5.6, 7.0, 8.4]"
3170,30.62,0.0675698625102058,Persuadable,"[0, 5, 10, 15, 20, 25, 30]","[None, None, None, None, None, None, None]","[0.0, 1.53, 3.06, 4.59, 6.12, 7.66, 9.19]"
2851,31.27,0.0882962491374322,Persuadable,"[0, 5, 10, 15, 20, 25, 30]","[None, None, None, None, None, None, None]","[0.0, 1.56, 3.13, 4.69, 6.25, 7.82, 9.38]"
2108,37.55,0.101318071519838,Highly Persuadable,"[0, 5, 10, 15, 20, 25, 30]","[None, None, None, None, None, None, None]","[0.0, 1.88, 3.75, 5.63, 7.51, 9.39, 11.26]"
2649,32.97,0.0170157699830124,Persuadable,"[0, 5, 10, 15, 20, 25, 30]","[None, None, None, None, None, None, None]","[0.0, 1.65, 3.3, 4.95, 6.59, 8.24, 9.89]"
4125,35.15,-0.0126541270684105,Not Persuadable,"[0, 5, 10, 15, 20, 25, 30]","[None, None, None, None, None, None, None]","[0.0, 1.76, 3.52, 5.27, 7.03, 8.79, 10.54]"
4636,37.84,-0.1249079887235408,Not Persuadable,"[0, 5, 10, 15, 20, 25, 30]","[None, None, None, None, None, None, None]","[0.0, 1.89, 3.78, 5.68, 7.57, 9.46, 11.35]"
2437,35.13,0.07419282777606,Persuadable,"[0, 5, 10, 15, 20, 25, 30]","[None, None, None, None, None, None, None]","[0.0, 1.76, 3.51, 5.27, 7.03, 8.78, 10.54]"
4995,38.58,-0.1191047463847427,Not Persuadable,"[0, 5, 10, 15, 20, 25, 30]","[None, None, None, None, None, None, None]","[0.0, 1.93, 3.86, 5.79, 7.72, 9.64, 11.57]"
1103,39.59,0.1510947266523242,Highly Persuadable,"[0, 5, 10, 15, 20, 25, 30]","[None, None, None, None, None, None, None]","[0.0, 1.98, 3.96, 5.94, 7.92, 9.9, 11.88]"
1770,55.22,0.1536655667756111,Highly Persuadable,"[0, 5, 10, 15, 20, 25, 30]","[None, None, None, None, None, None, None]","[0.0, 2.76, 5.52, 8.28, 11.04, 13.8, 16.57]"
1892,26.72,0.0352943902977391,Persuadable,"[0, 5, 10, 15, 20, 25, 30]","[None, None, None, None, None, None, None]","[0.0, 1.34, 2.67, 4.01, 5.34, 6.68, 8.02]"
2155,48.38,-0.0046343039815319,Not Persuadable,"[0, 5, 10, 15, 20, 25, 30]","[None, None, None, None, None, None, None]","[0.0, 2.42, 4.84, 7.26, 9.68, 12.1, 14.51]"
3861,37.92,0.0301844185828957,Persuadable,"[0, 5, 10, 15, 20, 25, 30]","[None, None, None, None, None, None, None]","[0.0, 1.9, 3.79, 5.69, 7.58, 9.48, 11.38]"
157,37.53,0.1026232913239393,Highly Persuadable,"[0, 5, 10, 15, 20, 25, 30]","[None, None, None, None, None, None, None]","[0.0, 1.88, 3.75, 5.63, 7.51, 9.38, 11.26]"
4921,47.84,0.0415050634393913,Persuadable,"[0, 5, 10, 15, 20, 25, 30]","[None, None, None, None, None, None, None]","[0.0, 2.39, 4.78, 7.18, 9.57, 11.96, 14.35]"
2891,47.62,-0.1250171989794564,Not Persuadable,"[0, 5, 10, 15, 20, 25, 30]","[None, None, None, None, None, None, None]","[0.0, 2.38, 4.76, 7.14, 9.52, 11.9, 14.29]"
616,22.98,0.0189012814394065,Persuadable,"[0, 5, 10, 15, 20, 25, 30]","[None, None, None, None, None, None, None]","[0.0, 1.15, 2.3, 3.45, 4.6, 5.75, 6.89]"
644,52.97,0.0024598532159389,Persuadable,"[0, 5, 10, 15, 20, 25, 30]","[None, None, None, None, None, None, None]","[0.0, 2.65, 5.3, 7.95, 10.59, 13.24, 15.89]"
2881,43.57,-0.0303692882251813,Not Persuadable,"[0, 5, 10, 15, 20, 25, 30]","[None, None, None, None, None, None, None]","[0.0, 2.18, 4.36, 6.54, 8.71, 10.89, 13.07]"
2081,54.15,0.0546421629480197,Persuadable,"[0, 5, 10, 15, 20, 25, 30]","[None, None, None, None, None, None, None]","[0.0, 2.71, 5.42, 8.12, 10.83, 13.54, 16.24]"
1069,44.04,-0.0702411426466395,Not Persuadable,"[0, 5, 10, 15, 20, 25, 30]","[None, None, None, None, None, None, None]","[0.0, 2.2, 4.4, 6.61, 8.81, 11.01, 13.21]"
3300,40.1,0.0907957383907216,Persuadable,"[0, 5, 10, 15, 20, 25, 30]","[None, None, None, None, None, None, None]","[0.0, 2.01, 4.01, 6.01, 8.02, 10.03, 12.03]"
4290,37.53,0.0273695936683099,Persuadable,"[0, 5, 10, 15, 20, 25, 30]","[None, None, None, None, None, None, None]","[0.0, 1.88, 3.75, 5.63, 7.51, 9.38, 11.26]"
4635,45.92,0.0367989957180108,Persuadable,"[0, 5, 10, 15, 20, 25, 30]","[None, None, None, None, None, None, None]","[0.0, 2.3, 4.59, 6.89, 9.18, 11.48, 13.78]"
4164,30.97,0.0163109341361499,Persuadable,"[0, 5, 10, 15, 20, 25, 30]","[None, None, None, None, None, None, None]","[0.0, 1.55, 3.1, 4.65, 6.19, 7.74, 9.29]"
331,39.6,-0.0364208798962615,Not Persuadable,"[0, 5, 10, 15, 20, 25, 30]","[None, None, None, None, None, None, None]","[0.0, 1.98, 3.96, 5.94, 7.92, 9.9, 11.88]"
4007,28.7,0.0403344497123895,Persuadable,"[0, 5, 10, 15, 20, 25, 30]","[None, None, None, None, None, None, None]","[0.0, 1.44, 2.87, 4.3, 5.74, 7.17, 8.61]"
3017,33.5,0.0550261880987278,Persuadable,"[0, 5, 10, 15, 20, 25, 30]","[None, None, None, None, None, None, None]","[0.0, 1.68, 3.35, 5.02, 6.7, 8.38, 10.05]"
2670,45.17,0.0341586386935192,Persuadable,"[0, 5, 10, 15, 20, 25, 30]","[None, None, None, None, None, None, None]","[0.0, 2.26, 4.52, 6.78, 9.03, 11.29, 13.55]"
623,50.6,-0.0119956699371418,Not Persuadable,"[0, 5, 10, 15, 20, 25, 30]","[None, None, None, None, None, None, None]","[0.0, 2.53, 5.06, 7.59, 10.12, 12.65, 15.18]"
3860,32.76,0.0238167830702246,Persuadable,"[0, 5, 10, 15, 20, 25, 30]","[None, None, None, None, None, None, None]","[0.0, 1.64, 3.28, 4.91, 6.55, 8.19, 9.83]"
3139,58.84,0.0291303717715743,Persuadable,"[0, 5, 10, 15, 20, 25, 30]","[None, None, None, None, None, None, None]","[0.0, 2.94, 5.88, 8.83, 11.77, 14.71, 17.65]"
3435,38.35,-0.066380697548289,Not Persuadable,"[0, 5, 10, 15, 20, 25, 30]","[None, None, None, None, None, None, None]","[0.0, 1.92, 3.84, 5.75, 7.67, 9.59, 11.51]"
2917,43.49,0.0341278940071351,Persuadable,"[0, 5, 10, 15, 20, 25, 30]","[None, None, None, None, None, None, None]","[0.0, 2.17, 4.35, 6.52, 8.7, 10.87, 13.05]"
1947,36.8,0.1173777666068829,Highly Persuadable,"[0, 5, 10, 15, 20, 25, 30]","[None, None, None, None, None, None, None]","[0.0, 1.84, 3.68, 5.52, 7.36, 9.2, 11.04]"
1584,38.61,0.0229585327111274,Persuadable,"[0, 5, 10, 15, 20, 25, 30]","[None, None, None, None, None, None, None]","[0.0, 1.93, 3.86, 5.79, 7.72, 9.65, 11.58]"
4407,39.86,-0.0305808145955068,Not Persuadable,"[0, 5, 10, 15, 20, 25, 30]","[None, None, None, None, None, None, None]","[0.0, 1.99, 3.99, 5.98, 7.97, 9.96, 11.96]"
756,45.32,-0.0180244687414582,Not Persuadable,"[0, 5, 10, 15, 20, 25, 30]","[None, None, None, None, None, None, None]","[0.0, 2.27, 4.53, 6.8, 9.06, 11.33, 13.6]"
519,47.77,0.0331238201470925,Persuadable,"[0, 5, 10, 15, 20, 25, 30]","[None, None, None, None, None, None, None]","[0.0, 2.39, 4.78, 7.17, 9.55, 11.94, 14.33]"
3822,42.54,0.2374025997428871,Highly Persuadable,"[0, 5, 10, 15, 20, 25, 30]","[None, None, None, None, None, None, None]","[0.0, 2.13, 4.25, 6.38, 8.51, 10.63, 12.76]"
33,42.25,0.1660037625647335,Highly Persuadable,"[0, 5, 10, 15, 20, 25, 30]","[None, None, None, None, None, None, None]","[0.0, 2.11, 4.23, 6.34, 8.45, 10.56, 12.67]"
2953,38.49,0.0243297351699171,Persuadable,"[0, 5, 10, 15, 20, 25, 30]","[None, None, None, None, None, None, None]","[0.0, 1.92, 3.85, 5.77, 7.7, 9.62, 11.55]"
1158,36.25,-0.0002842613165736,Not Persuadable,"[0, 5, 10, 15, 20, 25, 30]","[None, None, None, None, None, None, None]","[0.0, 1.81, 3.62, 5.44, 7.25, 9.06, 10.88]"
745,31.32,0.0612406775588697,Persuadable,"[0, 5, 10, 15, 20, 25, 30]","[None, None, None, None, None, None, None]","[0.0, 1.57, 3.13, 4.7, 6.26, 7.83, 9.4]"
2482,34.8,0.0446685018127593,Persuadable,"[0, 5, 10, 15, 20, 25, 30]","[None, None, None, None, None, None, None]","[0.0, 1.74, 3.48, 5.22, 6.96, 8.7, 10.44]"
2419,51.62,-0.0246273218546278,Not Persuadable,"[0, 5, 10, 15, 20, 25, 30]","[None, None, None, None, None, None, None]","[0.0, 2.58, 5.16, 7.74, 10.32, 12.9, 15.49]"
1973,40.24,0.1768384641437438,Highly Persuadable,"[0, 5, 10, 15, 20, 25, 30]","[None, None, None, None, None, None, None]","[0.0, 2.01, 4.02, 6.04, 8.05, 10.06, 12.07]"
2884,49.99,0.0838683620903678,Persuadable,"[0, 5, 10, 15, 20, 25, 30]","[None, None, None, None, None, None, None]","[0.0, 2.5, 5.0, 7.5, 10.0, 12.5, 15.0]"
784,44.08,0.1960660879099432,Highly Persuadable,"[0, 5, 10, 15, 20, 25, 30]","[None, None, None, None, None, None, None]","[0.0, 2.2, 4.41, 6.61, 8.82, 11.02, 13.22]"
4491,49.63,0.0365432239677772,Persuadable,"[0, 5, 10, 15, 20, 25, 30]","[None, None, None, None, None, None, None]","[0.0, 2.48, 4.96, 7.44, 9.93, 12.41, 14.89]"
2523,34.9,-0.0091104113779622,Not Persuadable,"[0, 5, 10, 15, 20, 25, 30]","[None, None, None, None, None, None, None]","[0.0, 1.75, 3.49, 5.23, 6.98, 8.72, 10.47]"
230,18.99,0.0337861641563553,Persuadable,"[0, 5, 10, 15, 20, 25, 30]","[None, None, None, None, None, None, None]","[0.0, 0.95, 1.9, 2.85, 3.8, 4.75, 5.7]"
858,24.91,0.0764236093274027,Persuadable,"[0, 5, 10, 15, 20, 25, 30]","[None, None, None, None, None, None, None]","[0.0, 1.25, 2.49, 3.74, 4.98, 6.23, 7.47]"
4911,29.66,0.1576963215171136,Highly Persuadable,"[0, 5, 10, 15, 20, 25, 30]","[None, None, None, None, None, None, None]","[0.0, 1.48, 2.97, 4.45, 5.93, 7.42, 8.9]"
2378,54.99,-0.0574798643290757,Not Persuadable,"[0, 5, 10, 15, 20, 25, 30]","[None, None, None, None, None, None, None]","[0.0, 2.75, 5.5, 8.25, 11.0, 13.75, 16.5]"
409,22.98,0.0280554908567939,Persuadable,"[0, 5, 10, 15, 20, 25, 30]","[None, None, None, None, None, None, None]","[0.0, 1.15, 2.3, 3.45, 4.6, 5.75, 6.89]"
171,49.63,-0.0860049256359394,Not Persuadable,"[0, 5, 10, 15, 20, 25, 30]","[None, None, None, None, None, None, None]","[0.0, 2.48, 4.96, 7.44, 9.93, 12.41, 14.89]"
541,23.74,0.0060066264656374,Persuadable,"[0, 5, 10, 15, 20, 25, 30]","[None, None, None, None, None, None, None]","[0.0, 1.19, 2.37, 3.56, 4.75, 5.93, 7.12]"
2226,54.93,-0.0948024538927997,Not Persuadable,"[0, 5, 10, 15, 20, 25, 30]","[None, None, None, None, None, None, None]","[0.0, 2.75, 5.49, 8.24, 10.99, 13.73, 16.48]"
2320,39.09,0.1211031701731647,Highly Persuadable,"[0, 5, 10, 15, 20, 25, 30]","[None, None, None, None, None, None, None]","[0.0, 1.95, 3.91, 5.86, 7.82, 9.77, 11.73]"
3482,42.81,0.1145012816820006,Highly Persuadable,"[0, 5, 10, 15, 20, 25, 30]","[None, None, None, None, None, None, None]","[0.0, 2.14, 4.28, 6.42, 8.56, 10.7, 12.84]"
614,53.17,0.0973275268426506,Persuadable,"[0, 5, 10, 15, 20, 25, 30]","[None, None, None, None, None, None, None]","[0.0, 2.66, 5.32, 7.98, 10.63, 13.29, 15.95]"
4950,33.45,0.1158927395982235,Highly Persuadable,"[0, 5, 10, 15, 20, 25, 30]","[None, None, None, None, None, None, None]","[0.0, 1.67, 3.35, 5.02, 6.69, 8.36, 10.04]"
1834,47.85,-0.0411763762563461,Not Persuadable,"[0, 5, 10, 15, 20, 25, 30]","[None, None, None, None, None, None, None]","[0.0, 2.39, 4.79, 7.18, 9.57, 11.96, 14.36]"
3454,52.44,-0.0329354849973563,Not Persuadable,"[0, 5, 10, 15, 20, 25, 30]","[None, None, None, None, None, None, None]","[0.0, 2.62, 5.24, 7.87, 10.49, 13.11, 15.73]"
1162,28.27,-5.588374769348856e-06,Not Persuadable,"[0, 5, 10, 15, 20, 25, 30]","[None, None, None, None, None, None, None]","[0.0, 1.41, 2.83, 4.24, 5.65, 7.07, 8.48]"
2427,47.0,-0.0011950373419203,Not Persuadable,"[0, 5, 10, 15, 20, 25, 30]","[None, None, None, None, None, None, None]","[0.0, 2.35, 4.7, 7.05, 9.4, 11.75, 14.1]"
2381,43.99,0.1117662434017943,Highly Persuadable,"[0, 5, 10, 15, 20, 25, 30]","[None, None, None, None, None, None, None]","[0.0, 2.2, 4.4, 6.6, 8.8, 11.0, 13.2]"
1619,39.69,0.1963031008072053,Highly Persuadable,"[0, 5, 10, 15, 20, 25, 30]","[None, None, None, None, None, None, None]","[0.0, 1.98, 3.97, 5.95, 7.94, 9.92, 11.91]"
1635,21.85,0.0852614327765223,Persuadable,"[0, 5, 10, 15, 20, 25, 30]","[None, None, None, None, None, None, None]","[0.0, 1.09, 2.19, 3.28, 4.37, 5.46, 6.56]"
1508,32.51,0.0204133830091715,Persuadable,"[0, 5, 10, 15, 20, 25, 30]","[None, None, None, None, None, None, None]","[0.0, 1.63, 3.25, 4.88, 6.5, 8.13, 9.75]"
2214,40.79,0.0578303174132337,Persuadable,"[0, 5, 10, 15, 20, 25, 30]","[None, None, None, None, None, None, None]","[0.0, 2.04, 4.08, 6.12, 8.16, 10.2, 12.24]"
565,34.65,-0.0378242639239312,Not Persuadable,"[0, 5, 10, 15, 20, 25, 30]","[None, None, None, None, None, None, None]","[0.0, 1.73, 3.46, 5.2, 6.93, 8.66, 10.39]"
4615,44.97,0.0777994643175198,Persuadable,"[0, 5, 10, 15, 20, 25, 30]","[None, None, None, None, None, None, None]","[0.0, 2.25, 4.5, 6.75, 8.99, 11.24, 13.49]"
4258,44.11,-0.0303358496526284,Not Persuadable,"[0, 5, 10, 15, 20, 25, 30]","[None, None, None, None, None, None, None]","[0.0, 2.21, 4.41, 6.62, 8.82, 11.03, 13.23]"
2439,34.08,0.0646754529224852,Persuadable,"[0, 5, 10, 15, 20, 25, 30]","[None, None, None, None, None, None, None]","[0.0, 1.7, 3.41, 5.11, 6.82, 8.52, 10.22]"
4797,38.13,-0.0386798223424665,Not Persuadable,"[0, 5, 10, 15, 20, 25, 30]","[None, None, None, None, None, None, None]","[0.0, 1.91, 3.81, 5.72, 7.63, 9.53, 11.44]"
2400,42.63,0.0012290717392772,Persuadable,"[0, 5, 10, 15, 20, 25, 30]","[None, None, None, None, None, None, None]","[0.0, 2.13, 4.26, 6.39, 8.53, 10.66, 12.79]"
1421,40.23,0.2013036842013163,Highly Persuadable,"[0, 5, 10, 15, 20, 25, 30]","[None, None, None, None, None, None, None]","[0.0, 2.01, 4.02, 6.03, 8.05, 10.06, 12.07]"
4939,45.55,0.0168344511372863,Persuadable,"[0, 5, 10, 15, 20, 25, 30]","[None, None, None, None, None, None, None]","[0.0, 2.28, 4.55, 6.83, 9.11, 11.39, 13.66]"
3492,45.04,0.097943495032629,Persuadable,"[0, 5, 10, 15, 20, 25, 30]","[None, None, None, None, None, None, None]","[0.0, 2.25, 4.5, 6.76, 9.01, 11.26, 13.51]"
3930,31.87,0.1052639052521643,Highly Persuadable,"[0, 5, 10, 15, 20, 25, 30]","[None, None, None, None, None, None, None]","[0.0, 1.59, 3.19, 4.78, 6.37, 7.97, 9.56]"
2743,25.73,0.0672617978569181,Persuadable,"[0, 5, 10, 15, 20, 25, 30]","[None, None, None, None, None, None, None]","[0.0, 1.29, 2.57, 3.86, 5.15, 6.43, 7.72]"
2500,15.34,-0.1282381026528984,Not Persuadable,"[0, 5, 10, 15, 20, 25, 30]","[None, None, None, None, None, None, None]","[0.0, 0.77, 1.53, 2.3, 3.07, 3.83, 4.6]"
1406,50.77,0.0613377810173595,Persuadable,"[0, 5, 10, 15, 20, 25, 30]","[None, None, None, None, None, None, None]","[0.0, 2.54, 5.08, 7.62, 10.15, 12.69, 15.23]"
1173,34.6,0.0008198357880167,Persuadable,"[0, 5, 10, 15, 20, 25, 30]","[None, None, None, None, None, None, None]","[0.0, 1.73, 3.46, 5.19, 6.92, 8.65, 10.38]"
4327,56.09,0.0859102334139299,Persuadable,"[0, 5, 10, 15, 20, 25, 30]","[None, None, None, None, None, None, None]","[0.0, 2.8, 5.61, 8.41, 11.22, 14.02, 16.83]"
326,53.53,0.1759109656170202,Highly Persuadable,"[0, 5, 10, 15, 20, 25, 30]","[None, None, None, None, None, None, None]","[0.0, 2.68, 5.35, 8.03, 10.71, 13.38, 16.06]"
1052,31.59,0.0609940702629564,Persuadable,"[0, 5, 10, 15, 20, 25, 30]","[None, None, None, None, None, None, None]","[0.0, 1.58, 3.16, 4.74, 6.32, 7.9, 9.48]"
4977,41.12,0.1013510365380725,Highly Persuadable,"[0, 5, 10, 15, 20, 25, 30]","[None, None, None, None, None, None, None]","[0.0, 2.06, 4.11, 6.17, 8.22, 10.28, 12.34]"
3310,38.83,0.1021189106873658,Highly Persuadable,"[0, 5, 10, 15, 20, 25, 30]","[None, None, None, None, None, None, None]","[0.0, 1.94, 3.88, 5.82, 7.77, 9.71, 11.65]"
2901,38.96,-0.0310152270582128,Not Persuadable,"[0, 5, 10, 15, 20, 25, 30]","[None, None, None, None, None, None, None]","[0.0, 1.95, 3.9, 5.84, 7.79, 9.74, 11.69]"
2785,30.22,0.1194461056689012,Highly Persuadable,"[0, 5, 10, 15, 20, 25, 30]","[None, None, None, None, None, None, None]","[0.0, 1.51, 3.02, 4.53, 6.04, 7.55, 9.07]"
1197,11.15,-0.0462595601537363,Not Persuadable,"[0, 5, 10, 15, 20, 25, 30]","[None, None, None, None, None, None, None]","[0.0, 0.56, 1.11, 1.67, 2.23, 2.79, 3.35]"
621,31.28,-0.0063808396174416,Not Persuadable,"[0, 5, 10, 15, 20, 25, 30]","[None, None, None, None, None, None, None]","[0.0, 1.56, 3.13, 4.69, 6.26, 7.82, 9.38]"
1565,46.06,0.0460528927575554,Persuadable,"[0, 5, 10, 15, 20, 25, 30]","[None, None, None, None, None, None, None]","[0.0, 2.3, 4.61, 6.91, 9.21, 11.52, 13.82]"
2895,41.01,-0.0166279552209043,Not Persuadable,"[0, 5, 10, 15, 20, 25, 30]","[None, None, None, None, None, None, None]","[0.0, 2.05, 4.1, 6.15, 8.2, 10.25, 12.3]"
1190,52.17,0.0077148406703525,Persuadable,"[0, 5, 10, 15, 20, 25, 30]","[None, None, None, None, None, None, None]","[0.0, 2.61, 5.22, 7.83, 10.43, 13.04, 15.65]"
329,52.78,-0.0183563840832431,Not Persuadable,"[0, 5, 10, 15, 20, 25, 30]","[None, None, None, None, None, None, None]","[0.0, 2.64, 5.28, 7.92, 10.56, 13.2, 15.83]"
649,27.82,0.0483884187293169,Persuadable,"[0, 5, 10, 15, 20, 25, 30]","[None, None, None, None, None, None, None]","[0.0, 1.39, 2.78, 4.17, 5.56, 6.96, 8.35]"
898,52.84,0.0932499885241914,Persuadable,"[0, 5, 10, 15, 20, 25, 30]","[None, None, None, None, None, None, None]","[0.0, 2.64, 5.28, 7.93, 10.57, 13.21, 15.85]"
1490,41.02,0.0128367264614434,Persuadable,"[0, 5, 10, 15, 20, 25, 30]","[None, None, None, None, None, None, None]","[0.0, 2.05, 4.1, 6.15, 8.2, 10.26, 12.31]"
1124,30.4,0.2146604347485519,Highly Persuadable,"[0, 5, 10, 15, 20, 25, 30]","[None, None, None, None, None, None, None]","[0.0, 1.52, 3.04, 4.56, 6.08, 7.6, 9.12]"
1919,43.63,0.0095348812426671,Persuadable,"[0, 5, 10, 15, 20, 25, 30]","[None, None, None, None, None, None, None]","[0.0, 2.18, 4.36, 6.54, 8.73, 10.91, 13.09]"
4654,38.03,0.0095425217421801,Persuadable,"[0, 5, 10, 15, 20, 25, 30]","[None, None, None, None, None, None, None]","[0.0, 1.9, 3.8, 5.7, 7.61, 9.51, 11.41]"
4387,45.16,-0.0716777384194819,Not Persuadable,"[0, 5, 10, 15, 20, 25, 30]","[None, None, None, None, None, None, None]","[0.0, 2.26, 4.52, 6.77, 9.03, 11.29, 13.55]"
1420,35.35,0.018956425044982,Persuadable,"[0, 5, 10, 15, 20, 25, 30]","[None, None, None, None, None, None, None]","[0.0, 1.77, 3.54, 5.3, 7.07, 8.84, 10.61]"
3817,24.17,-0.0234999431082118,Not Persuadable,"[0, 5, 10, 15, 20, 25, 30]","[None, None, None, None, None, None, None]","[0.0, 1.21, 2.42, 3.63, 4.83, 6.04, 7.25]"
2589,47.59,-0.0516291451770146,Not Persuadable,"[0, 5, 10, 15, 20, 25, 30]","[None, None, None, None, None, None, None]","[0.0, 2.38, 4.76, 7.14, 9.52, 11.9, 14.28]"
4716,50.41,0.0074063278493072,Persuadable,"[0, 5, 10, 15, 20, 25, 30]","[None, None, None, None, None, None, None]","[0.0, 2.52, 5.04, 7.56, 10.08, 12.6, 15.12]"
3270,50.33,-0.0461691081296093,Not Persuadable,"[0, 5, 10, 15, 20, 25, 30]","[None, None, None, None, None, None, None]","[0.0, 2.52, 5.03, 7.55, 10.07, 12.58, 15.1]"
3695,47.59,-0.1194914153194567,Not Persuadable,"[0, 5, 10, 15, 20, 25, 30]","[None, None, None, None, None, None, None]","[0.0, 2.38, 4.76, 7.14, 9.52, 11.9, 14.28]"
2078,24.7,0.0268078228843252,Persuadable,"[0, 5, 10, 15, 20, 25, 30]","[None, None, None, None, None, None, None]","[0.0, 1.24, 2.47, 3.7, 4.94, 6.17, 7.41]"
1024,42.55,0.1554992395215466,Highly Persuadable,"[0, 5, 10, 15, 20, 25, 30]","[None, None, None, None, None, None, None]","[0.0, 2.13, 4.25, 6.38, 8.51, 10.64, 12.76]"
3008,34.1,0.0464972142819237,Persuadable,"[0, 5, 10, 15, 20, 25, 30]","[None, None, None, None, None, None, None]","[0.0, 1.71, 3.41, 5.12, 6.82, 8.53, 10.23]"
2407,28.82,-0.0398828161106331,Not Persuadable,"[0, 5, 10, 15, 20, 25, 30]","[None, None, None, None, None, None, None]","[0.0, 1.44, 2.88, 4.32, 5.76, 7.21, 8.65]"
1627,33.05,-0.0328557497583265,Not Persuadable,"[0, 5, 10, 15, 20, 25, 30]","[None, None, None, None, None, None, None]","[0.0, 1.65, 3.3, 4.96, 6.61, 8.26, 9.91]"
4295,25.48,0.1444037408396193,Highly Persuadable,"[0, 5, 10, 15, 20, 25, 30]","[None, None, None, None, None, None, None]","[0.0, 1.27, 2.55, 3.82, 5.1, 6.37, 7.64]"
2949,32.21,0.2298435083002762,Highly Persuadable,"[0, 5, 10, 15, 20, 25, 30]","[None, None, None, None, None, None, None]","[0.0, 1.61, 3.22, 4.83, 6.44, 8.05, 9.66]"
810,35.7,-0.0424370916318822,Not Persuadable,"[0, 5, 10, 15, 20, 25, 30]","[None, None, None, None, None, None, None]","[0.0, 1.79, 3.57, 5.36, 7.14, 8.93, 10.71]"
2866,43.69,0.011094631533323,Persuadable,"[0, 5, 10, 15, 20, 25, 30]","[None, None, None, None, None, None, None]","[0.0, 2.18, 4.37, 6.55, 8.74, 10.92, 13.11]"
979,13.5,-0.0907681917189277,Not Persuadable,"[0, 5, 10, 15, 20, 25, 30]","[None, None, None, None, None, None, None]","[0.0, 0.68, 1.35, 2.02, 2.7, 3.38, 4.05]"
4522,29.27,0.1561408582650678,Highly Persuadable,"[0, 5, 10, 15, 20, 25, 30]","[None, None, None, None, None, None, None]","[0.0, 1.46, 2.93, 4.39, 5.85, 7.32, 8.78]"
2706,31.75,0.1178518552059363,Highly Persuadable,"[0, 5, 10, 15, 20, 25, 30]","[None, None, None, None, None, None, None]","[0.0, 1.59, 3.18, 4.76, 6.35, 7.94, 9.53]"
3263,45.29,0.0193950708702544,Persuadable,"[0, 5, 10, 15, 20, 25, 30]","[None, None, None, None, None, None, None]","[0.0, 2.26, 4.53, 6.79, 9.06, 11.32, 13.59]"
4449,40.72,0.0235180841250353,Persuadable,"[0, 5, 10, 15, 20, 25, 30]","[None, None, None, None, None, None, None]","[0.0, 2.04, 4.07, 6.11, 8.14, 10.18, 12.22]"
2789,22.38,0.1040261519743169,Highly Persuadable,"[0, 5, 10, 15, 20, 25, 30]","[None, None, None, None, None, None, None]","[0.0, 1.12, 2.24, 3.36, 4.48, 5.59, 6.71]"
4158,58.33,0.2146466442550431,Highly Persuadable,"[0, 5, 10, 15, 20, 25, 30]","[None, None, None, None, None, None, None]","[0.0, 2.92, 5.83, 8.75, 11.67, 14.58, 17.5]"
1514,44.77,-0.0466462037160296,Not Persuadable,"[0, 5, 10, 15, 20, 25, 30]","[None, None, None, None, None, None, None]","[0.0, 2.24, 4.48, 6.72, 8.95, 11.19, 13.43]"
3479,33.41,0.0160823694597842,Persuadable,"[0, 5, 10, 15, 20, 25, 30]","[None, None, None, None, None, None, None]","[0.0, 1.67, 3.34, 5.01, 6.68, 8.35, 10.02]"
2043,26.68,-0.0182785755533329,Not Persuadable,"[0, 5, 10, 15, 20, 25, 30]","[None, None, None, None, None, None, None]","[0.0, 1.33, 2.67, 4.0, 5.34, 6.67, 8.0]"
175,43.33,0.009058205036051,Persuadable,"[0, 5, 10, 15, 20, 25, 30]","[None, None, None, None, None, None, None]","[0.0, 2.17, 4.33, 6.5, 8.67, 10.83, 13.0]"
3291,44.1,0.0138402093384666,Persuadable,"[0, 5, 10, 15, 20, 25, 30]","[None, None, None, None, None, None, None]","[0.0, 2.21, 4.41, 6.62, 8.82, 11.03, 13.23]"
1989,31.56,0.1436701463961754,Highly Persuadable,"[0, 5, 10, 15, 20, 25, 30]","[None, None, None, None, None, None, None]","[0.0, 1.58, 3.16, 4.73, 6.31, 7.89, 9.47]"
1504,49.49,-0.0837884156573025,Not Persuadable,"[0, 5, 10, 15, 20, 25, 30]","[None, None, None, None, None, None, None]","[0.0, 2.47, 4.95, 7.42, 9.9, 12.37, 14.85]"
4472,17.8,-0.0481141550180153,Not Persuadable,"[0, 5, 10, 15, 20, 25, 30]","[None, None, None, None, None, None, None]","[0.0, 0.89, 1.78, 2.67, 3.56, 4.45, 5.34]"
218,45.36,0.0861920956410504,Persuadable,"[0, 5, 10, 15, 20, 25, 30]","[None, None, None, None, None, None, None]","[0.0, 2.27, 4.54, 6.8, 9.07, 11.34, 13.61]"
3933,35.77,-0.0118473116021111,Not Persuadable,"[0, 5, 10, 15, 20, 25, 30]","[None, None, None, None, None, None, None]","[0.0, 1.79, 3.58, 5.37, 7.15, 8.94, 10.73]"
3739,25.91,0.0117804459747089,Persuadable,"[0, 5, 10, 15, 20, 25, 30]","[None, None, None, None, None, None, None]","[0.0, 1.3, 2.59, 3.89, 5.18, 6.48, 7.77]"
691,55.01,-0.0244566982714675,Not Persuadable,"[0, 5, 10, 15, 20, 25, 30]","[None, None, None, None, None, None, None]","[0.0, 2.75, 5.5, 8.25, 11.0, 13.75, 16.5]"
2593,51.49,-0.006390007806961,Not Persuadable,"[0, 5, 10, 15, 20, 25, 30]","[None, None, None, None, None, None, None]","[0.0, 2.57, 5.15, 7.72, 10.3, 12.87, 15.45]"
3801,36.77,0.0819545442391705,Persuadable,"[0, 5, 10, 15, 20, 25, 30]","[None, None, None, None, None, None, None]","[0.0, 1.84, 3.68, 5.52, 7.35, 9.19, 11.03]"
3474,58.7,-0.0164665862904383,Not Persuadable,"[0, 5, 10, 15, 20, 25, 30]","[None, None, None, None, None, None, None]","[0.0, 2.94, 5.87, 8.8, 11.74, 14.68, 17.61]"
1107,21.06,-0.0990572357347616,Not Persuadable,"[0, 5, 10, 15, 20, 25, 30]","[None, None, None, None, None, None, None]","[0.0, 1.05, 2.11, 3.16, 4.21, 5.26, 6.32]"
1551,53.63,-0.057621598765905,Not Persuadable,"[0, 5, 10, 15, 20, 25, 30]","[None, None, None, None, None, None, None]","[0.0, 2.68, 5.36, 8.04, 10.73, 13.41, 16.09]"
2442,25.19,0.0387322698863789,Persuadable,"[0, 5, 10, 15, 20, 25, 30]","[None, None, None, None, None, None, None]","[0.0, 1.26, 2.52, 3.78, 5.04, 6.3, 7.56]"
1552,26.06,0.1303538231449499,Highly Persuadable,"[0, 5, 10, 15, 20, 25, 30]","[None, None, None, None, None, None, None]","[0.0, 1.3, 2.61, 3.91, 5.21, 6.51, 7.82]"
612,30.07,0.1210413534487766,Highly Persuadable,"[0, 5, 10, 15, 20, 25, 30]","[None, None, None, None, None, None, None]","[0.0, 1.5, 3.01, 4.51, 6.01, 7.52, 9.02]"
3257,39.75,0.1602522358674099,Highly Persuadable,"[0, 5, 10, 15, 20, 25, 30]","[None, None, None, None, None, None, None]","[0.0, 1.99, 3.98, 5.96, 7.95, 9.94, 11.92]"
3730,34.62,0.081321132672556,Persuadable,"[0, 5, 10, 15, 20, 25, 30]","[None, None, None, None, None, None, None]","[0.0, 1.73, 3.46, 5.19, 6.92, 8.65, 10.39]"
577,33.6,0.1642303267540608,Highly Persuadable,"[0, 5, 10, 15, 20, 25, 30]","[None, None, None, None, None, None, None]","[0.0, 1.68, 3.36, 5.04, 6.72, 8.4, 10.08]"
2079,20.49,0.0209719532891531,Persuadable,"[0, 5, 10, 15, 20, 25, 30]","[None, None, None, None, None, None, None]","[0.0, 1.02, 2.05, 3.07, 4.1, 5.12, 6.15]"
4446,20.16,-0.0517633873070033,Not Persuadable,"[0, 5, 10, 15, 20, 25, 30]","[None, None, None, None, None, None, None]","[0.0, 1.01, 2.02, 3.02, 4.03, 5.04, 6.05]"
1181,29.81,0.0248147332270477,Persuadable,"[0, 5, 10, 15, 20, 25, 30]","[None, None, None, None, None, None, None]","[0.0, 1.49, 2.98, 4.47, 5.96, 7.45, 8.94]"
889,24.08,0.0682377366681384,Persuadable,"[0, 5, 10, 15, 20, 25, 30]","[None, None, None, None, None, None, None]","[0.0, 1.2, 2.41, 3.61, 4.82, 6.02, 7.22]"
3144,49.71,0.0261598385430016,Persuadable,"[0, 5, 10, 15, 20, 25, 30]","[None, None, None, None, None, None, None]","[0.0, 2.49, 4.97, 7.46, 9.94, 12.43, 14.91]"
3925,17.16,0.0242318941949654,Persuadable,"[0, 5, 10, 15, 20, 25, 30]","[None, None, None, None, None, None, None]","[0.0, 0.86, 1.72, 2.57, 3.43, 4.29, 5.15]"
2679,13.81,0.0009552121425196,Persuadable,"[0, 5, 10, 15, 20, 25, 30]","[None, None, None, None, None, None, None]","[0.0, 0.69, 1.38, 2.07, 2.76, 3.45, 4.14]"
818,33.98,-0.0374613894854235,Not Persuadable,"[0, 5, 10, 15, 20, 25, 30]","[None, None, None, None, None, None, None]","[0.0, 1.7, 3.4, 5.1, 6.8, 8.49, 10.19]"
3293,32.76,0.0969761382504738,Persuadable,"[0, 5, 10, 15, 20, 25, 30]","[None, None, None, None, None, None, None]","[0.0, 1.64, 3.28, 4.91, 6.55, 8.19, 9.83]"
1887,34.66,0.0296789727441511,Persuadable,"[0, 5, 10, 15, 20, 25, 30]","[None, None, None, None, None, None, None]","[0.0, 1.73, 3.47, 5.2, 6.93, 8.66, 10.4]"
209,31.63,0.1318417370623828,Highly Persuadable,"[0, 5, 10, 15, 20, 25, 30]","[None, None, None, None, None, None, None]","[0.0, 1.58, 3.16, 4.74, 6.33, 7.91, 9.49]"
294,34.46,-0.0584397858036082,Not Persuadable,"[0, 5, 10, 15, 20, 25, 30]","[None, None, None, None, None, None, None]","[0.0, 1.72, 3.45, 5.17, 6.89, 8.62, 10.34]"
1120,36.43,-0.0402595055646621,Not Persuadable,"[0, 5, 10, 15, 20, 25, 30]","[None, None, None, None, None, None, None]","[0.0, 1.82, 3.64, 5.46, 7.29, 9.11, 10.93]"
2229,41.09,-0.0033403974429524,Not Persuadable,"[0, 5, 10, 15, 20, 25, 30]","[None, None, None, None, None, None, None]","[0.0, 2.05, 4.11, 6.16, 8.22, 10.27, 12.33]"
2252,33.05,-0.0933748438340735,Not Persuadable,"[0, 5, 10, 15, 20, 25, 30]","[None, None, None, None, None, None, None]","[0.0, 1.65, 3.3, 4.96, 6.61, 8.26, 9.91]"
1265,42.22,0.0013201140758936,Persuadable,"[0, 5, 10, 15, 20, 25, 30]","[None, None, None, None, None, None, None]","[0.0, 2.11, 4.22, 6.33, 8.44, 10.55, 12.67]"
991,35.91,0.0689449625228883,Persuadable,"[0, 5, 10, 15, 20, 25, 30]","[None, None, None, None, None, None, None]","[0.0, 1.8, 3.59, 5.39, 7.18, 8.98, 10.77]"
4294,19.08,-0.0632389001256171,Not Persuadable,"[0, 5, 10, 15, 20, 25, 30]","[None, None, None, None, None, None, None]","[0.0, 0.95, 1.91, 2.86, 3.82, 4.77, 5.72]"
1533,42.53,-0.0556673292919826,Not Persuadable,"[0, 5, 10, 15, 20, 25, 30]","[None, None, None, None, None, None, None]","[0.0, 2.13, 4.25, 6.38, 8.51, 10.63, 12.76]"
354,38.55,0.1667630037161637,Highly Persuadable,"[0, 5, 10, 15, 20, 25, 30]","[None, None, None, None, None, None, None]","[0.0, 1.93, 3.85, 5.78, 7.71, 9.64, 11.56]"
1879,48.03,0.081838233898879,Persuadable,"[0, 5, 10, 15, 20, 25, 30]","[None, None, None, None, None, None, None]","[0.0, 2.4, 4.8, 7.2, 9.61, 12.01, 14.41]"
3657,24.55,0.079557878141375,Persuadable,"[0, 5, 10, 15, 20, 25, 30]","[None, None, None, None, None, None, None]","[0.0, 1.23, 2.46, 3.68, 4.91, 6.14, 7.37]"
4026,33.63,0.1456923126828863,Highly Persuadable,"[0, 5, 10, 15, 20, 25, 30]","[None, None, None, None, None, None, None]","[0.0, 1.68, 3.36, 5.04, 6.73, 8.41, 10.09]"
2571,19.95,0.1220245538209582,Highly Persuadable,"[0, 5, 10, 15, 20, 25, 30]","[None, None, None, None, None, None, None]","[0.0, 1.0, 2.0, 2.99, 3.99, 4.99, 5.98]"
3064,50.83,0.0985358136966222,Persuadable,"[0, 5, 10, 15, 20, 25, 30]","[None, None, None, None, None, None, None]","[0.0, 2.54, 5.08, 7.62, 10.17, 12.71, 15.25]"
1229,30.62,0.1067265450022682,Highly Persuadable,"[0, 5, 10, 15, 20, 25, 30]","[None, None, None, None, None, None, None]","[0.0, 1.53, 3.06, 4.59, 6.12, 7.66, 9.19]"
260,43.89,0.039880334522236,Persuadable,"[0, 5, 10, 15, 20, 25, 30]","[None, None, None, None, None, None, None]","[0.0, 2.19, 4.39, 6.58, 8.78, 10.97, 13.17]"
1542,65.1,0.0812765775338451,Persuadable,"[0, 5, 10, 15, 20, 25, 30]","[None, None, None, None, None, None, None]","[0.0, 3.25, 6.51, 9.76, 13.02, 16.27, 19.53]"
4804,34.94,-0.0419510064940071,Not Persuadable,"[0, 5, 10, 15, 20, 25, 30]","[None, None, None, None, None, None, None]","[0.0, 1.75, 3.49, 5.24, 6.99, 8.73, 10.48]"
4750,35.4,-0.0602370368360648,Not Persuadable,"[0, 5, 10, 15, 20, 25, 30]","[None, None, None, None, None, None, None]","[0.0, 1.77, 3.54, 5.31, 7.08, 8.85, 10.62]"
4842,34.3,0.01117975607471,Persuadable,"[0, 5, 10, 15, 20, 25, 30]","[None, None, None, None, None, None, None]","[0.0, 1.71, 3.43, 5.14, 6.86, 8.57, 10.29]"
2597,44.56,0.0552436117021122,Persuadable,"[0, 5, 10, 15, 20, 25, 30]","[None, None, None, None, None, None, None]","[0.0, 2.23, 4.46, 6.68, 8.91, 11.14, 13.37]"
53,36.72,0.0850822521294463,Persuadable,"[0, 5, 10, 15, 20, 25, 30]","[None, None, None, None, None, None, None]","[0.0, 1.84, 3.67, 5.51, 7.34, 9.18, 11.02]"
2212,42.81,-0.010654374079451,Not Persuadable,"[0, 5, 10, 15, 20, 25, 30]","[None, None, None, None, None, None, None]","[0.0, 2.14, 4.28, 6.42, 8.56, 10.7, 12.84]"
1868,56.72,0.1366893885755108,Highly Persuadable,"[0, 5, 10, 15, 20, 25, 30]","[None, None, None, None, None, None, None]","[0.0, 2.84, 5.67, 8.51, 11.34, 14.18, 17.02]"
3572,41.24,0.0590158637519507,Persuadable,"[0, 5, 10, 15, 20, 25, 30]","[None, None, None, None, None, None, None]","[0.0, 2.06, 4.12, 6.19, 8.25, 10.31, 12.37]"
3654,31.59,0.0909139924512877,Persuadable,"[0, 5, 10, 15, 20, 25, 30]","[None, None, None, None, None, None, None]","[0.0, 1.58, 3.16, 4.74, 6.32, 7.9, 9.48]"
2803,37.85,0.0583066371610814,Persuadable,"[0, 5, 10, 15, 20, 25, 30]","[None, None, None, None, None, None, None]","[0.0, 1.89, 3.79, 5.68, 7.57, 9.46, 11.36]"
2898,49.18,0.0134042955815564,Persuadable,"[0, 5, 10, 15, 20, 25, 30]","[None, None, None, None, None, None, None]","[0.0, 2.46, 4.92, 7.38, 9.84, 12.29, 14.75]"
1480,46.22,0.0519342705905449,Persuadable,"[0, 5, 10, 15, 20, 25, 30]","[None, None, None, None, None, None, None]","[0.0, 2.31, 4.62, 6.93, 9.24, 11.55, 13.87]"
1034,35.51,-0.0885165553646303,Not Persuadable,"[0, 5, 10, 15, 20, 25, 30]","[None, None, None, None, None, None, None]","[0.0, 1.78, 3.55, 5.33, 7.1, 8.88, 10.65]"
1098,40.45,-0.0158157043313125,Not Persuadable,"[0, 5, 10, 15, 20, 25, 30]","[None, None, None, None, None, None, None]","[0.0, 2.02, 4.05, 6.07, 8.09, 10.11, 12.13]"
1470,39.71,0.0479594419223623,Persuadable,"[0, 5, 10, 15, 20, 25, 30]","[None, None, None, None, None, None, None]","[0.0, 1.99, 3.97, 5.96, 7.94, 9.93, 11.91]"
544,12.44,0.1321706317083556,Highly Persuadable,"[0, 5, 10, 15, 20, 25, 30]","[None, None, None, None, None, None, None]","[0.0, 0.62, 1.24, 1.87, 2.49, 3.11, 3.73]"
1047,42.24,0.0152796499797827,Persuadable,"[0, 5, 10, 15, 20, 25, 30]","[None, None, None, None, None, None, None]","[0.0, 2.11, 4.22, 6.34, 8.45, 10.56, 12.67]"
1922,45.26,0.0972676280868672,Persuadable,"[0, 5, 10, 15, 20, 25, 30]","[None, None, None, None, None, None, None]","[0.0, 2.26, 4.53, 6.79, 9.05, 11.31, 13.58]"
1596,40.29,0.1411543833952133,Highly Persuadable,"[0, 5, 10, 15, 20, 25, 30]","[None, None, None, None, None, None, None]","[0.0, 2.01, 4.03, 6.04, 8.06, 10.07, 12.09]"
31,62.02,-0.0260861307530291,Not Persuadable,"[0, 5, 10, 15, 20, 25, 30]","[None, None, None, None, None, None, None]","[0.0, 3.1, 6.2, 9.3, 12.4, 15.51, 18.61]"
726,48.88,0.0548364870466699,Persuadable,"[0, 5, 10, 15, 20, 25, 30]","[None, None, None, None, None, None, None]","[0.0, 2.44, 4.89, 7.33, 9.78, 12.22, 14.66]"
2451,13.41,0.1119163731118743,Highly Persuadable,"[0, 5, 10, 15, 20, 25, 30]","[None, None, None, None, None, None, None]","[0.0, 0.67, 1.34, 2.01, 2.68, 3.35, 4.02]"
4529,33.13,0.0569366888683608,Persuadable,"[0, 5, 10, 15, 20, 25, 30]","[None, None, None, None, None, None, None]","[0.0, 1.66, 3.31, 4.97, 6.63, 8.28, 9.94]"
3922,36.22,0.0030456095116724,Persuadable,"[0, 5, 10, 15, 20, 25, 30]","[None, None, None, None, None, None, None]","[0.0, 1.81, 3.62, 5.43, 7.24, 9.05, 10.87]"
1427,40.1,0.0786806303548003,Persuadable,"[0, 5, 10, 15, 20, 25, 30]","[None, None, None, None, None, None, None]","[0.0, 2.01, 4.01, 6.01, 8.02, 10.03, 12.03]"
2513,32.26,0.0474986111150514,Persuadable,"[0, 5, 10, 15, 20, 25, 30]","[None, None, None, None, None, None, None]","[0.0, 1.61, 3.23, 4.84, 6.45, 8.06, 9.68]"
437,39.94,0.0361921696148063,Persuadable,"[0, 5, 10, 15, 20, 25, 30]","[None, None, None, None, None, None, None]","[0.0, 2.0, 3.99, 5.99, 7.99, 9.98, 11.98]"
4746,39.28,0.030710815468709,Persuadable,"[0, 5, 10, 15, 20, 25, 30]","[None, None, None, None, None, None, None]","[0.0, 1.96, 3.93, 5.89, 7.86, 9.82, 11.78]"
913,46.49,-0.0241017982014535,Not Persuadable,"[0, 5, 10, 15, 20, 25, 30]","[None, None, None, None, None, None, None]","[0.0, 2.32, 4.65, 6.97, 9.3, 11.62, 13.95]"
4232,50.52,0.1181613167451468,Highly Persuadable,"[0, 5, 10, 15, 20, 25, 30]","[None, None, None, None, None, None, None]","[0.0, 2.53, 5.05, 7.58, 10.1, 12.63, 15.16]"
4174,22.02,0.0544259312624948,Persuadable,"[0, 5, 10, 15, 20, 25, 30]","[None, None, None, None, None, None, None]","[0.0, 1.1, 2.2, 3.3, 4.4, 5.5, 6.61]"
4523,27.3,0.082883764580394,Persuadable,"[0, 5, 10, 15, 20, 25, 30]","[None, None, None, None, None, None, None]","[0.0, 1.37, 2.73, 4.09, 5.46, 6.83, 8.19]"
4311,35.19,0.0427681115041794,Persuadable,"[0, 5, 10, 15, 20, 25, 30]","[None, None, None, None, None, None, None]","[0.0, 1.76, 3.52, 5.28, 7.04, 8.8, 10.56]"
2303,15.89,-0.0867466367277116,Not Persuadable,"[0, 5, 10, 15, 20, 25, 30]","[None, None, None, None, None, None, None]","[0.0, 0.79, 1.59, 2.38, 3.18, 3.97, 4.77]"
2707,56.5,0.1346982374044653,Highly Persuadable,"[0, 5, 10, 15, 20, 25, 30]","[None, None, None, None, None, None, None]","[0.0, 2.83, 5.65, 8.47, 11.3, 14.12, 16.95]"
1239,33.46,-0.009065331168681,Not Persuadable,"[0, 5, 10, 15, 20, 25, 30]","[None, None, None, None, None, None, None]","[0.0, 1.67, 3.35, 5.02, 6.69, 8.37, 10.04]"
904,31.85,0.0636583018688757,Persuadable,"[0, 5, 10, 15, 20, 25, 30]","[None, None, None, None, None, None, None]","[0.0, 1.59, 3.19, 4.78, 6.37, 7.96, 9.55]"
4244,48.82,-0.0275562124704511,Not Persuadable,"[0, 5, 10, 15, 20, 25, 30]","[None, None, None, None, None, None, None]","[0.0, 2.44, 4.88, 7.32, 9.76, 12.21, 14.65]"
3160,24.65,-0.05399484120226,Not Persuadable,"[0, 5, 10, 15, 20, 25, 30]","[None, None, None, None, None, None, None]","[0.0, 1.23, 2.46, 3.7, 4.93, 6.16, 7.39]"
4005,44.09,-0.015536061264933,Not Persuadable,"[0, 5, 10, 15, 20, 25, 30]","[None, None, None, None, None, None, None]","[0.0, 2.2, 4.41, 6.61, 8.82, 11.02, 13.23]"
508,32.12,0.074638060527151,Persuadable,"[0, 5, 10, 15, 20, 25, 30]","[None, None, None, None, None, None, None]","[0.0, 1.61, 3.21, 4.82, 6.42, 8.03, 9.64]"
4511,44.09,0.0218729163298344,Persuadable,"[0, 5, 10, 15, 20, 25, 30]","[None, None, None, None, None, None, None]","[0.0, 2.2, 4.41, 6.61, 8.82, 11.02, 13.23]"
184,62.98,0.072955897051616,Persuadable,"[0, 5, 10, 15, 20, 25, 30]","[None, None, None, None, None, None, None]","[0.0, 3.15, 6.3, 9.45, 12.6, 15.74, 18.89]"
4336,27.03,-0.0309981732010338,Not Persuadable,"[0, 5, 10, 15, 20, 25, 30]","[None, None, None, None, None, None, None]","[0.0, 1.35, 2.7, 4.05, 5.41, 6.76, 8.11]"
1498,39.5,0.0326411609241259,Persuadable,"[0, 5, 10, 15, 20, 25, 30]","[None, None, None, None, None, None, None]","[0.0, 1.98, 3.95, 5.92, 7.9, 9.88, 11.85]"
3888,27.37,0.0843617364542018,Persuadable,"[0, 5, 10, 15, 20, 25, 30]","[None, None, None, None, None, None, None]","[0.0, 1.37, 2.74, 4.11, 5.47, 6.84, 8.21]"
322,26.7,0.0571274398502467,Persuadable,"[0, 5, 10, 15, 20, 25, 30]","[None, None, None, None, None, None, None]","[0.0, 1.33, 2.67, 4.0, 5.34, 6.67, 8.01]"
2520,26.53,0.0662051098521516,Persuadable,"[0, 5, 10, 15, 20, 25, 30]","[None, None, None, None, None, None, None]","[0.0, 1.33, 2.65, 3.98, 5.31, 6.63, 7.96]"
1534,45.21,-0.0090101097065773,Not Persuadable,"[0, 5, 10, 15, 20, 25, 30]","[None, None, None, None, None, None, None]","[0.0, 2.26, 4.52, 6.78, 9.04, 11.3, 13.56]"
3814,42.3,0.0743881016522045,Persuadable,"[0, 5, 10, 15, 20, 25, 30]","[None, None, None, None, None, None, None]","[0.0, 2.11, 4.23, 6.34, 8.46, 10.57, 12.69]"
2396,40.89,0.0731449998244426,Persuadable,"[0, 5, 10, 15, 20, 25, 30]","[None, None, None, None, None, None, None]","[0.0, 2.04, 4.09, 6.13, 8.18, 10.22, 12.27]"
2701,36.74,0.0390252892763715,Persuadable,"[0, 5, 10, 15, 20, 25, 30]","[None, None, None, None, None, None, None]","[0.0, 1.84, 3.67, 5.51, 7.35, 9.19, 11.02]"
4626,43.61,0.0342868833342836,Persuadable,"[0, 5, 10, 15, 20, 25, 30]","[None, None, None, None, None, None, None]","[0.0, 2.18, 4.36, 6.54, 8.72, 10.9, 13.08]"
2660,36.1,-0.035480799132913,Not Persuadable,"[0, 5, 10, 15, 20, 25, 30]","[None, None, None, None, None, None, None]","[0.0, 1.81, 3.61, 5.42, 7.22, 9.03, 10.83]"
4448,40.73,-0.0066831955103851,Not Persuadable,"[0, 5, 10, 15, 20, 25, 30]","[None, None, None, None, None, None, None]","[0.0, 2.04, 4.07, 6.11, 8.15, 10.18, 12.22]"
1147,26.62,0.1574738653873114,Highly Persuadable,"[0, 5, 10, 15, 20, 25, 30]","[None, None, None, None, None, None, None]","[0.0, 1.33, 2.66, 3.99, 5.32, 6.66, 7.99]"
4474,40.8,0.0326623630399553,Persuadable,"[0, 5, 10, 15, 20, 25, 30]","[None, None, None, None, None, None, None]","[0.0, 2.04, 4.08, 6.12, 8.16, 10.2, 12.24]"
45,35.29,0.1183620058253512,Highly Persuadable,"[0, 5, 10, 15, 20, 25, 30]","[None, None, None, None, None, None, None]","[0.0, 1.76, 3.53, 5.29, 7.06, 8.82, 10.59]"
2526,44.87,0.0263041484690133,Persuadable,"[0, 5, 10, 15, 20, 25, 30]","[None, None, None, None, None, None, None]","[0.0, 2.24, 4.49, 6.73, 8.97, 11.22, 13.46]"
3467,43.37,-0.0244465696333279,Not Persuadable,"[0, 5, 10, 15, 20, 25, 30]","[None, None, None, None, None, None, None]","[0.0, 2.17, 4.34, 6.51, 8.67, 10.84, 13.01]"
1850,36.56,0.0858327915370156,Persuadable,"[0, 5, 10, 15, 20, 25, 30]","[None, None, None, None, None, None, None]","[0.0, 1.83, 3.66, 5.48, 7.31, 9.14, 10.97]"
1379,43.52,0.0393579313110666,Persuadable,"[0, 5, 10, 15, 20, 25, 30]","[None, None, None, None, None, None, None]","[0.0, 2.18, 4.35, 6.53, 8.7, 10.88, 13.06]"
4845,22.73,0.2028742682769446,Highly Persuadable,"[0, 5, 10, 15, 20, 25, 30]","[None, None, None, None, None, None, None]","[0.0, 1.14, 2.27, 3.41, 4.55, 5.68, 6.82]"
3028,41.64,-0.0091724072332027,Not Persuadable,"[0, 5, 10, 15, 20, 25, 30]","[None, None, None, None, None, None, None]","[0.0, 2.08, 4.16, 6.25, 8.33, 10.41, 12.49]"
414,40.74,0.0111165677671978,Persuadable,"[0, 5, 10, 15, 20, 25, 30]","[None, None, None, None, None, None, None]","[0.0, 2.04, 4.07, 6.11, 8.15, 10.19, 12.22]"
2174,42.29,0.0277409322294501,Persuadable,"[0, 5, 10, 15, 20, 25, 30]","[None, None, None, None, None, None, None]","[0.0, 2.11, 4.23, 6.34, 8.46, 10.57, 12.69]"
1408,32.39,-0.0560984760071686,Not Persuadable,"[0, 5, 10, 15, 20, 25, 30]","[None, None, None, None, None, None, None]","[0.0, 1.62, 3.24, 4.86, 6.48, 8.1, 9.72]"
2125,39.76,0.1275148319270388,Highly Persuadable,"[0, 5, 10, 15, 20, 25, 30]","[None, None, None, None, None, None, None]","[0.0, 1.99, 3.98, 5.96, 7.95, 9.94, 11.93]"
802,15.19,0.0419000509513392,Persuadable,"[0, 5, 10, 15, 20, 25, 30]","[None, None, None, None, None, None, None]","[0.0, 0.76, 1.52, 2.28, 3.04, 3.8, 4.56]"
1289,34.83,0.0437937144823576,Persuadable,"[0, 5, 10, 15, 20, 25, 30]","[None, None, None, None, None, None, None]","[0.0, 1.74, 3.48, 5.22, 6.97, 8.71, 10.45]"
2198,42.97,0.016007632508362,Persuadable,"[0, 5, 10, 15, 20, 25, 30]","[None, None, None, None, None, None, None]","[0.0, 2.15, 4.3, 6.45, 8.59, 10.74, 12.89]"
2458,32.96,0.0881724603274223,Persuadable,"[0, 5, 10, 15, 20, 25, 30]","[None, None, None, None, None, None, None]","[0.0, 1.65, 3.3, 4.94, 6.59, 8.24, 9.89]"
1722,36.67,0.0748385102503571,Persuadable,"[0, 5, 10, 15, 20, 25, 30]","[None, None, None, None, None, None, None]","[0.0, 1.83, 3.67, 5.5, 7.33, 9.17, 11.0]"
2334,53.4,0.1289158161531783,Highly Persuadable,"[0, 5, 10, 15, 20, 25, 30]","[None, None, None, None, None, None, None]","[0.0, 2.67, 5.34, 8.01, 10.68, 13.35, 16.02]"
257,34.18,0.081735445571296,Persuadable,"[0, 5, 10, 15, 20, 25, 30]","[None, None, None, None, None, None, None]","[0.0, 1.71, 3.42, 5.13, 6.84, 8.54, 10.25]"
4540,31.41,0.0477384596582252,Persuadable,"[0, 5, 10, 15, 20, 25, 30]","[None, None, None, None, None, None, None]","[0.0, 1.57, 3.14, 4.71, 6.28, 7.85, 9.42]"
1715,17.03,-0.0340652276625607,Not Persuadable,"[0, 5, 10, 15, 20, 25, 30]","[None, None, None, None, None, None, None]","[0.0, 0.85, 1.7, 2.55, 3.41, 4.26, 5.11]"
1152,47.61,-0.0858020286036264,Not Persuadable,"[0, 5, 10, 15, 20, 25, 30]","[None, None, None, None, None, None, None]","[0.0, 2.38, 4.76, 7.14, 9.52, 11.9, 14.28]"
2317,26.2,0.186165390085225,Highly Persuadable,"[0, 5, 10, 15, 20, 25, 30]","[None, None, None, None, None, None, None]","[0.0, 1.31, 2.62, 3.93, 5.24, 6.55, 7.86]"
648,19.22,0.0315473656841344,Persuadable,"[0, 5, 10, 15, 20, 25, 30]","[None, None, None, None, None, None, None]","[0.0, 0.96, 1.92, 2.88, 3.84, 4.8, 5.77]"
4495,23.6,0.0223074865201086,Persuadable,"[0, 5, 10, 15, 20, 25, 30]","[None, None, None, None, None, None, None]","[0.0, 1.18, 2.36, 3.54, 4.72, 5.9, 7.08]"
4245,28.88,0.0574299431879207,Persuadable,"[0, 5, 10, 15, 20, 25, 30]","[None, None, None, None, None, None, None]","[0.0, 1.44, 2.89, 4.33, 5.78, 7.22, 8.66]"
4217,26.22,0.0155311303656129,Persuadable,"[0, 5, 10, 15, 20, 25, 30]","[None, None, None, None, None, None, None]","[0.0, 1.31, 2.62, 3.93, 5.24, 6.55, 7.87]"
3787,41.73,0.0014617552834215,Persuadable,"[0, 5, 10, 15, 20, 25, 30]","[None, None, None, None, None, None, None]","[0.0, 2.09, 4.17, 6.26, 8.35, 10.43, 12.52]"
1316,58.58,-0.0134527217538495,Not Persuadable,"[0, 5, 10, 15, 20, 25, 30]","[None, None, None, None, None, None, None]","[0.0, 2.93, 5.86, 8.79, 11.72, 14.64, 17.57]"
2030,31.8,0.0892562864766443,Persuadable,"[0, 5, 10, 15, 20, 25, 30]","[None, None, None, None, None, None, None]","[0.0, 1.59, 3.18, 4.77, 6.36, 7.95, 9.54]"
3254,57.64,0.0552730672348174,Persuadable,"[0, 5, 10, 15, 20, 25, 30]","[None, None, None, None, None, None, None]","[0.0, 2.88, 5.76, 8.65, 11.53, 14.41, 17.29]"
2481,43.9,-0.0557255513414965,Not Persuadable,"[0, 5, 10, 15, 20, 25, 30]","[None, None, None, None, None, None, None]","[0.0, 2.19, 4.39, 6.58, 8.78, 10.97, 13.17]"
3728,32.49,0.0544941493020117,Persuadable,"[0, 5, 10, 15, 20, 25, 30]","[None, None, None, None, None, None, None]","[0.0, 1.62, 3.25, 4.87, 6.5, 8.12, 9.75]"
1351,35.37,0.0690650857928503,Persuadable,"[0, 5, 10, 15, 20, 25, 30]","[None, None, None, None, None, None, None]","[0.0, 1.77, 3.54, 5.31, 7.07, 8.84, 10.61]"
2516,38.59,0.1425025976560937,Highly Persuadable,"[0, 5, 10, 15, 20, 25, 30]","[None, None, None, None, None, None, None]","[0.0, 1.93, 3.86, 5.79, 7.72, 9.65, 11.58]"
113,46.1,0.0234433674915563,Persuadable,"[0, 5, 10, 15, 20, 25, 30]","[None, None, None, None, None, None, None]","[0.0, 2.31, 4.61, 6.92, 9.22, 11.53, 13.83]"
3149,36.48,0.0779204621509511,Persuadable,"[0, 5, 10, 15, 20, 25, 30]","[None, None, None, None, None, None, None]","[0.0, 1.82, 3.65, 5.47, 7.3, 9.12, 10.94]"
264,40.98,0.0227974925556101,Persuadable,"[0, 5, 10, 15, 20, 25, 30]","[None, None, None, None, None, None, None]","[0.0, 2.05, 4.1, 6.15, 8.2, 10.24, 12.29]"
1394,48.59,-0.0759063878253704,Not Persuadable,"[0, 5, 10, 15, 20, 25, 30]","[None, None, None, None, None, None, None]","[0.0, 2.43, 4.86, 7.29, 9.72, 12.15, 14.58]"
1906,49.64,0.0405527456933191,Persuadable,"[0, 5, 10, 15, 20, 25, 30]","[None, None, None, None, None, None, None]","[0.0, 2.48, 4.96, 7.45, 9.93, 12.41, 14.89]"
1187,45.53,-0.0655436997824257,Not Persuadable,"[0, 5, 10, 15, 20, 25, 30]","[None, None, None, None, None, None, None]","[0.0, 2.28, 4.55, 6.83, 9.11, 11.38, 13.66]"
2368,34.01,0.0520310163291516,Persuadable,"[0, 5, 10, 15, 20, 25, 30]","[None, None, None, None, None, None, None]","[0.0, 1.7, 3.4, 5.1, 6.8, 8.5, 10.2]"
57,36.73,-0.0344610246195922,Not Persuadable,"[0, 5, 10, 15, 20, 25, 30]","[None, None, None, None, None, None, None]","[0.0, 1.84, 3.67, 5.51, 7.35, 9.18, 11.02]"
1310,37.0,0.0354398699115411,Persuadable,"[0, 5, 10, 15, 20, 25, 30]","[None, None, None, None, None, None, None]","[0.0, 1.85, 3.7, 5.55, 7.4, 9.25, 11.1]"
696,45.89,0.0816674975544437,Persuadable,"[0, 5, 10, 15, 20, 25, 30]","[None, None, None, None, None, None, None]","[0.0, 2.29, 4.59, 6.88, 9.18, 11.47, 13.77]"
4213,45.45,-0.0830467348909605,Not Persuadable,"[0, 5, 10, 15, 20, 25, 30]","[None, None, None, None, None, None, None]","[0.0, 2.27, 4.55, 6.82, 9.09, 11.36, 13.63]"
4763,29.23,0.129266682321981,Highly Persuadable,"[0, 5, 10, 15, 20, 25, 30]","[None, None, None, None, None, None, None]","[0.0, 1.46, 2.92, 4.38, 5.85, 7.31, 8.77]"
1752,41.29,0.0595827406741166,Persuadable,"[0, 5, 10, 15, 20, 25, 30]","[None, None, None, None, None, None, None]","[0.0, 2.06, 4.13, 6.19, 8.26, 10.32, 12.39]"
1925,45.55,0.0355284475293211,Persuadable,"[0, 5, 10, 15, 20, 25, 30]","[None, None, None, None, None, None, None]","[0.0, 2.28, 4.55, 6.83, 9.11, 11.39, 13.66]"
4031,32.78,0.1363097352861362,Highly Persuadable,"[0, 5, 10, 15, 20, 25, 30]","[None, None, None, None, None, None, None]","[0.0, 1.64, 3.28, 4.92, 6.56, 8.2, 9.83]"
320,23.24,-0.0627839236470949,Not Persuadable,"[0, 5, 10, 15, 20, 25, 30]","[None, None, None, None, None, None, None]","[0.0, 1.16, 2.32, 3.49, 4.65, 5.81, 6.97]"
2338,30.74,0.0813401666406303,Persuadable,"[0, 5, 10, 15, 20, 25, 30]","[None, None, None, None, None, None, None]","[0.0, 1.54, 3.07, 4.61, 6.15, 7.68, 9.22]"
683,31.78,0.0236810377966855,Persuadable,"[0, 5, 10, 15, 20, 25, 30]","[None, None, None, None, None, None, None]","[0.0, 1.59, 3.18, 4.77, 6.36, 7.95, 9.53]"
2331,30.5,0.1790503332885881,Highly Persuadable,"[0, 5, 10, 15, 20, 25, 30]","[None, None, None, None, None, None, None]","[0.0, 1.53, 3.05, 4.58, 6.1, 7.62, 9.15]"
4697,37.53,-0.0133504050752019,Not Persuadable,"[0, 5, 10, 15, 20, 25, 30]","[None, None, None, None, None, None, None]","[0.0, 1.88, 3.75, 5.63, 7.51, 9.38, 11.26]"
3566,28.58,-0.0904684322226686,Not Persuadable,"[0, 5, 10, 15, 20, 25, 30]","[None, None, None, None, None, None, None]","[0.0, 1.43, 2.86, 4.29, 5.72, 7.14, 8.57]"
3524,33.48,-0.0396114676873624,Not Persuadable,"[0, 5, 10, 15, 20, 25, 30]","[None, None, None, None, None, None, None]","[0.0, 1.67, 3.35, 5.02, 6.7, 8.37, 10.04]"
3857,14.93,0.0535291887644297,Persuadable,"[0, 5, 10, 15, 20, 25, 30]","[None, None, None, None, None, None, None]","[0.0, 0.75, 1.49, 2.24, 2.99, 3.73, 4.48]"
287,33.8,-0.0800070309703398,Not Persuadable,"[0, 5, 10, 15, 20, 25, 30]","[None, None, None, None, None, None, None]","[0.0, 1.69, 3.38, 5.07, 6.76, 8.45, 10.14]"
2187,35.2,0.200605145569616,Highly Persuadable,"[0, 5, 10, 15, 20, 25, 30]","[None, None, None, None, None, None, None]","[0.0, 1.76, 3.52, 5.28, 7.04, 8.8, 10.56]"
4274,35.1,-0.0757625809096105,Not Persuadable,"[0, 5, 10, 15, 20, 25, 30]","[None, None, None, None, None, None, None]","[0.0, 1.76, 3.51, 5.26, 7.02, 8.78, 10.53]"
3362,26.89,0.0790002765374188,Persuadable,"[0, 5, 10, 15, 20, 25, 30]","[None, None, None, None, None, None, None]","[0.0, 1.34, 2.69, 4.03, 5.38, 6.72, 8.07]"
1745,36.63,0.1774999189381093,Highly Persuadable,"[0, 5, 10, 15, 20, 25, 30]","[None, None, None, None, None, None, None]","[0.0, 1.83, 3.66, 5.49, 7.33, 9.16, 10.99]"
1741,18.01,0.0728116907697594,Persuadable,"[0, 5, 10, 15, 20, 25, 30]","[None, None, None, None, None, None, None]","[0.0, 0.9, 1.8, 2.7, 3.6, 4.5, 5.4]"
3516,19.15,0.1179100479911386,Highly Persuadable,"[0, 5, 10, 15, 20, 25, 30]","[None, None, None, None, None, None, None]","[0.0, 0.96, 1.92, 2.87, 3.83, 4.79, 5.74]"
1836,39.21,0.0830333095785969,Persuadable,"[0, 5, 10, 15, 20, 25, 30]","[None, None, None, None, None, None, None]","[0.0, 1.96, 3.92, 5.88, 7.84, 9.8, 11.76]"
2099,19.37,-0.0880245666762402,Not Persuadable,"[0, 5, 10, 15, 20, 25, 30]","[None, None, None, None, None, None, None]","[0.0, 0.97, 1.94, 2.91, 3.87, 4.84, 5.81]"
737,35.42,0.0668786850840191,Persuadable,"[0, 5, 10, 15, 20, 25, 30]","[None, None, None, None, None, None, None]","[0.0, 1.77, 3.54, 5.31, 7.08, 8.86, 10.63]"
3351,35.63,0.1243233720957694,Highly Persuadable,"[0, 5, 10, 15, 20, 25, 30]","[None, None, None, None, None, None, None]","[0.0, 1.78, 3.56, 5.34, 7.13, 8.91, 10.69]"
337,33.81,0.0903639375622166,Persuadable,"[0, 5, 10, 15, 20, 25, 30]","[None, None, None, None, None, None, None]","[0.0, 1.69, 3.38, 5.07, 6.76, 8.45, 10.14]"
3502,42.9,-0.0177682581780739,Not Persuadable,"[0, 5, 10, 15, 20, 25, 30]","[None, None, None, None, None, None, None]","[0.0, 2.15, 4.29, 6.43, 8.58, 10.72, 12.87]"
4562,26.06,-0.0386078129338894,Not Persuadable,"[0, 5, 10, 15, 20, 25, 30]","[None, None, None, None, None, None, None]","[0.0, 1.3, 2.61, 3.91, 5.21, 6.51, 7.82]"
2657,34.3,0.2030455010152001,Highly Persuadable,"[0, 5, 10, 15, 20, 25, 30]","[None, None, None, None, None, None, None]","[0.0, 1.71, 3.43, 5.14, 6.86, 8.57, 10.29]"
4415,45.49,0.0090123267000525,Persuadable,"[0, 5, 10, 15, 20, 25, 30]","[None, None, None, None, None, None, None]","[0.0, 2.27, 4.55, 6.82, 9.1, 11.37, 13.65]"
1072,30.07,0.1105198697078706,Highly Persuadable,"[0, 5, 10, 15, 20, 25, 30]","[None, None, None, None, None, None, None]","[0.0, 1.5, 3.01, 4.51, 6.01, 7.52, 9.02]"
2306,31.2,0.0500706414322696,Persuadable,"[0, 5, 10, 15, 20, 25, 30]","[None, None, None, None, None, None, None]","[0.0, 1.56, 3.12, 4.68, 6.24, 7.8, 9.36]"
1698,57.35,0.0955015500434217,Persuadable,"[0, 5, 10, 15, 20, 25, 30]","[None, None, None, None, None, None, None]","[0.0, 2.87, 5.74, 8.6, 11.47, 14.34, 17.2]"
3593,43.57,-0.0861929961278499,Not Persuadable,"[0, 5, 10, 15, 20, 25, 30]","[None, None, None, None, None, None, None]","[0.0, 2.18, 4.36, 6.54, 8.71, 10.89, 13.07]"
3634,38.27,0.1306841773319075,Highly Persuadable,"[0, 5, 10, 15, 20, 25, 30]","[None, None, None, None, None, None, None]","[0.0, 1.91, 3.83, 5.74, 7.65, 9.57, 11.48]"
4123,24.75,0.1439819465363517,Highly Persuadable,"[0, 5, 10, 15, 20, 25, 30]","[None, None, None, None, None, None, None]","[0.0, 1.24, 2.48, 3.71, 4.95, 6.19, 7.42]"
4955,31.4,-0.03544939584388,Not Persuadable,"[0, 5, 10, 15, 20, 25, 30]","[None, None, None, None, None, None, None]","[0.0, 1.57, 3.14, 4.71, 6.28, 7.85, 9.42]"
3382,49.68,-0.0164454179992732,Not Persuadable,"[0, 5, 10, 15, 20, 25, 30]","[None, None, None, None, None, None, None]","[0.0, 2.48, 4.97, 7.45, 9.94, 12.42, 14.9]"
1489,37.86,-0.0192010438714806,Not Persuadable,"[0, 5, 10, 15, 20, 25, 30]","[None, None, None, None, None, None, None]","[0.0, 1.89, 3.79, 5.68, 7.57, 9.46, 11.36]"
499,28.56,0.0040055456268701,Persuadable,"[0, 5, 10, 15, 20, 25, 30]","[None, None, None, None, None, None, None]","[0.0, 1.43, 2.86, 4.28, 5.71, 7.14, 8.57]"
4355,33.54,0.0471459712681645,Persuadable,"[0, 5, 10, 15, 20, 25, 30]","[None, None, None, None, None, None, None]","[0.0, 1.68, 3.35, 5.03, 6.71, 8.38, 10.06]"
3246,38.73,0.1256193945764508,Highly Persuadable,"[0, 5, 10, 15, 20, 25, 30]","[None, None, None, None, None, None, None]","[0.0, 1.94, 3.87, 5.81, 7.75, 9.68, 11.62]"
2573,28.98,-0.0360341272551112,Not Persuadable,"[0, 5, 10, 15, 20, 25, 30]","[None, None, None, None, None, None, None]","[0.0, 1.45, 2.9, 4.35, 5.8, 7.25, 8.69]"
2601,36.31,-0.0540949266646834,Not Persuadable,"[0, 5, 10, 15, 20, 25, 30]","[None, None, None, None, None, None, None]","[0.0, 1.82, 3.63, 5.45, 7.26, 9.08, 10.89]"
3289,22.33,0.1264279963743647,Highly Persuadable,"[0, 5, 10, 15, 20, 25, 30]","[None, None, None, None, None, None, None]","[0.0, 1.12, 2.23, 3.35, 4.47, 5.58, 6.7]"
4423,38.18,-0.0602318584640141,Not Persuadable,"[0, 5, 10, 15, 20, 25, 30]","[None, None, None, None, None, None, None]","[0.0, 1.91, 3.82, 5.73, 7.64, 9.54, 11.45]"
2146,28.22,-0.0697022624808953,Not Persuadable,"[0, 5, 10, 15, 20, 25, 30]","[None, None, None, None, None, None, None]","[0.0, 1.41, 2.82, 4.23, 5.64, 7.05, 8.47]"
1611,24.69,-0.0412212929579,Not Persuadable,"[0, 5, 10, 15, 20, 25, 30]","[None, None, None, None, None, None, None]","[0.0, 1.23, 2.47, 3.7, 4.94, 6.17, 7.41]"
2352,45.89,0.0351508111519902,Persuadable,"[0, 5, 10, 15, 20, 25, 30]","[None, None, None, None, None, None, None]","[0.0, 2.29, 4.59, 6.88, 9.18, 11.47, 13.77]"
4202,28.8,0.0247180464292804,Persuadable,"[0, 5, 10, 15, 20, 25, 30]","[None, None, None, None, None, None, None]","[0.0, 1.44, 2.88, 4.32, 5.76, 7.2, 8.64]"
3249,51.08,0.1060668998983318,Highly Persuadable,"[0, 5, 10, 15, 20, 25, 30]","[None, None, None, None, None, None, None]","[0.0, 2.55, 5.11, 7.66, 10.22, 12.77, 15.32]"
1023,42.21,0.0608623748031993,Persuadable,"[0, 5, 10, 15, 20, 25, 30]","[None, None, None, None, None, None, None]","[0.0, 2.11, 4.22, 6.33, 8.44, 10.55, 12.66]"
2298,38.4,0.0858193611864281,Persuadable,"[0, 5, 10, 15, 20, 25, 30]","[None, None, None, None, None, None, None]","[0.0, 1.92, 3.84, 5.76, 7.68, 9.6, 11.52]"
4897,31.7,0.0415696990470667,Persuadable,"[0, 5, 10, 15, 20, 25, 30]","[None, None, None, None, None, None, None]","[0.0, 1.58, 3.17, 4.75, 6.34, 7.92, 9.51]"
2705,42.16,0.0684348988406388,Persuadable,"[0, 5, 10, 15, 20, 25, 30]","[None, None, None, None, None, None, None]","[0.0, 2.11, 4.22, 6.32, 8.43, 10.54, 12.65]"
3079,27.41,-0.0203149598164531,Not Persuadable,"[0, 5, 10, 15, 20, 25, 30]","[None, None, None, None, None, None, None]","[0.0, 1.37, 2.74, 4.11, 5.48, 6.85, 8.22]"
2046,25.8,0.0622208762127605,Persuadable,"[0, 5, 10, 15, 20, 25, 30]","[None, None, None, None, None, None, None]","[0.0, 1.29, 2.58, 3.87, 5.16, 6.45, 7.74]"
666,24.3,0.0603219241371099,Persuadable,"[0, 5, 10, 15, 20, 25, 30]","[None, None, None, None, None, None, None]","[0.0, 1.22, 2.43, 3.65, 4.86, 6.08, 7.29]"
3951,45.95,-0.0669590473296211,Not Persuadable,"[0, 5, 10, 15, 20, 25, 30]","[None, None, None, None, None, None, None]","[0.0, 2.3, 4.6, 6.89, 9.19, 11.49, 13.79]"
2654,19.68,0.102512220448419,Highly Persuadable,"[0, 5, 10, 15, 20, 25, 30]","[None, None, None, None, None, None, None]","[0.0, 0.98, 1.97, 2.95, 3.94, 4.92, 5.9]"
1927,19.13,0.1003542396907629,Highly Persuadable,"[0, 5, 10, 15, 20, 25, 30]","[None, None, None, None, None, None, None]","[0.0, 0.96, 1.91, 2.87, 3.83, 4.78, 5.74]"
4276,46.8,0.1287646478403344,Highly Persuadable,"[0, 5, 10, 15, 20, 25, 30]","[None, None, None, None, None, None, None]","[0.0, 2.34, 4.68, 7.02, 9.36, 11.7, 14.04]"
2182,37.33,0.1949492373882907,Highly Persuadable,"[0, 5, 10, 15, 20, 25, 30]","[None, None, None, None, None, None, None]","[0.0, 1.87, 3.73, 5.6, 7.47, 9.33, 11.2]"
1018,38.98,0.0781068430680174,Persuadable,"[0, 5, 10, 15, 20, 25, 30]","[None, None, None, None, None, None, None]","[0.0, 1.95, 3.9, 5.85, 7.8, 9.74, 11.69]"
558,32.98,0.0548205615434721,Persuadable,"[0, 5, 10, 15, 20, 25, 30]","[None, None, None, None, None, None, None]","[0.0, 1.65, 3.3, 4.95, 6.6, 8.24, 9.89]"
2415,29.62,0.1598002334165498,Highly Persuadable,"[0, 5, 10, 15, 20, 25, 30]","[None, None, None, None, None, None, None]","[0.0, 1.48, 2.96, 4.44, 5.92, 7.41, 8.89]"
1208,41.48,-0.0476613589537472,Not Persuadable,"[0, 5, 10, 15, 20, 25, 30]","[None, None, None, None, None, None, None]","[0.0, 2.07, 4.15, 6.22, 8.3, 10.37, 12.44]"
3868,42.01,0.0317131215382528,Persuadable,"[0, 5, 10, 15, 20, 25, 30]","[None, None, None, None, None, None, None]","[0.0, 2.1, 4.2, 6.3, 8.4, 10.5, 12.6]"
2672,54.05,0.0777033563229387,Persuadable,"[0, 5, 10, 15, 20, 25, 30]","[None, None, None, None, None, None, None]","[0.0, 2.7, 5.41, 8.11, 10.81, 13.51, 16.21]"
4380,27.72,0.0369330521110824,Persuadable,"[0, 5, 10, 15, 20, 25, 30]","[None, None, None, None, None, None, None]","[0.0, 1.39, 2.77, 4.16, 5.54, 6.93, 8.32]"
1511,22.36,-0.0180332350101899,Not Persuadable,"[0, 5, 10, 15, 20, 25, 30]","[None, None, None, None, None, None, None]","[0.0, 1.12, 2.24, 3.35, 4.47, 5.59, 6.71]"
4288,45.6,-0.0136239796692739,Not Persuadable,"[0, 5, 10, 15, 20, 25, 30]","[None, None, None, None, None, None, None]","[0.0, 2.28, 4.56, 6.84, 9.12, 11.4, 13.68]"
246,14.88,0.1803037896054193,Highly Persuadable,"[0, 5, 10, 15, 20, 25, 30]","[None, None, None, None, None, None, None]","[0.0, 0.74, 1.49, 2.23, 2.98, 3.72, 4.46]"
1164,27.96,0.111181750086015,Highly Persuadable,"[0, 5, 10, 15, 20, 25, 30]","[None, None, None, None, None, None, None]","[0.0, 1.4, 2.8, 4.19, 5.59, 6.99, 8.39]"
4400,46.82,-0.1865744369558729,Not Persuadable,"[0, 5, 10, 15, 20, 25, 30]","[None, None, None, None, None, None, None]","[0.0, 2.34, 4.68, 7.02, 9.36, 11.71, 14.05]"
267,25.96,-0.0208824285744963,Not Persuadable,"[0, 5, 10, 15, 20, 25, 30]","[None, None, None, None, None, None, None]","[0.0, 1.3, 2.6, 3.89, 5.19, 6.49, 7.79]"
3075,62.1,-0.0431274604763325,Not Persuadable,"[0, 5, 10, 15, 20, 25, 30]","[None, None, None, None, None, None, None]","[0.0, 3.11, 6.21, 9.31, 12.42, 15.53, 18.63]"
1115,54.18,0.039742176073677,Persuadable,"[0, 5, 10, 15, 20, 25, 30]","[None, None, None, None, None, None, None]","[0.0, 2.71, 5.42, 8.13, 10.84, 13.54, 16.25]"
64,30.53,0.0222536024161479,Persuadable,"[0, 5, 10, 15, 20, 25, 30]","[None, None, None, None, None, None, None]","[0.0, 1.53, 3.05, 4.58, 6.11, 7.63, 9.16]"
2608,36.21,0.0473609206647632,Persuadable,"[0, 5, 10, 15, 20, 25, 30]","[None, None, None, None, None, None, None]","[0.0, 1.81, 3.62, 5.43, 7.24, 9.05, 10.86]"
4972,39.43,0.1159535660410792,Highly Persuadable,"[0, 5, 10, 15, 20, 25, 30]","[None, None, None, None, None, None, None]","[0.0, 1.97, 3.94, 5.91, 7.89, 9.86, 11.83]"
2979,43.9,0.0842606971606005,Persuadable,"[0, 5, 10, 15, 20, 25, 30]","[None, None, None, None, None, None, None]","[0.0, 2.19, 4.39, 6.58, 8.78, 10.97, 13.17]"
3027,51.17,-0.033903128879223,Not Persuadable,"[0, 5, 10, 15, 20, 25, 30]","[None, None, None, None, None, None, None]","[0.0, 2.56, 5.12, 7.68, 10.23, 12.79, 15.35]"
3092,64.74,0.0070942630536668,Persuadable,"[0, 5, 10, 15, 20, 25, 30]","[None, None, None, None, None, None, None]","[0.0, 3.24, 6.47, 9.71, 12.95, 16.18, 19.42]"
3920,35.0,0.0333286973557371,Persuadable,"[0, 5, 10, 15, 20, 25, 30]","[None, None, None, None, None, None, None]","[0.0, 1.75, 3.5, 5.25, 7.0, 8.75, 10.5]"
4352,29.68,0.0287592637094229,Persuadable,"[0, 5, 10, 15, 20, 25, 30]","[None, None, None, None, None, None, None]","[0.0, 1.48, 2.97, 4.45, 5.94, 7.42, 8.9]"
2275,26.62,0.1300933940703146,Highly Persuadable,"[0, 5, 10, 15, 20, 25, 30]","[None, None, None, None, None, None, None]","[0.0, 1.33, 2.66, 3.99, 5.32, 6.66, 7.99]"
2578,38.6,-0.0936742732305114,Not Persuadable,"[0, 5, 10, 15, 20, 25, 30]","[None, None, None, None, None, None, None]","[0.0, 1.93, 3.86, 5.79, 7.72, 9.65, 11.58]"
3517,24.92,0.0599645979431698,Persuadable,"[0, 5, 10, 15, 20, 25, 30]","[None, None, None, None, None, None, None]","[0.0, 1.25, 2.49, 3.74, 4.98, 6.23, 7.48]"
1238,22.23,0.0484075722077524,Persuadable,"[0, 5, 10, 15, 20, 25, 30]","[None, None, None, None, None, None, None]","[0.0, 1.11, 2.22, 3.33, 4.45, 5.56, 6.67]"
104,49.32,0.0253227579707408,Persuadable,"[0, 5, 10, 15, 20, 25, 30]","[None, None, None, None, None, None, None]","[0.0, 2.47, 4.93, 7.4, 9.86, 12.33, 14.8]"
2659,31.43,-0.077734895104823,Not Persuadable,"[0, 5, 10, 15, 20, 25, 30]","[None, None, None, None, None, None, None]","[0.0, 1.57, 3.14, 4.71, 6.29, 7.86, 9.43]"
273,28.72,0.0985881714921523,Persuadable,"[0, 5, 10, 15, 20, 25, 30]","[None, None, None, None, None, None, None]","[0.0, 1.44, 2.87, 4.31, 5.74, 7.18, 8.62]"
509,34.19,0.0026371372890424,Persuadable,"[0, 5, 10, 15, 20, 25, 30]","[None, None, None, None, None, None, None]","[0.0, 1.71, 3.42, 5.13, 6.84, 8.55, 10.26]"
4347,49.36,-0.0180213879274188,Not Persuadable,"[0, 5, 10, 15, 20, 25, 30]","[None, None, None, None, None, None, None]","[0.0, 2.47, 4.94, 7.4, 9.87, 12.34, 14.81]"
4944,36.73,0.1023737682289521,Highly Persuadable,"[0, 5, 10, 15, 20, 25, 30]","[None, None, None, None, None, None, None]","[0.0, 1.84, 3.67, 5.51, 7.35, 9.18, 11.02]"
4075,32.46,0.1378500564056969,Highly Persuadable,"[0, 5, 10, 15, 20, 25, 30]","[None, None, None, None, None, None, None]","[0.0, 1.62, 3.25, 4.87, 6.49, 8.12, 9.74]"
866,27.14,0.0773111127197904,Persuadable,"[0, 5, 10, 15, 20, 25, 30]","[None, None, None, None, None, None, None]","[0.0, 1.36, 2.71, 4.07, 5.43, 6.79, 8.14]"
4198,51.87,-0.0770395744431662,Not Persuadable,"[0, 5, 10, 15, 20, 25, 30]","[None, None, None, None, None, None, None]","[0.0, 2.59, 5.19, 7.78, 10.37, 12.97, 15.56]"
909,38.91,0.102726438289792,Highly Persuadable,"[0, 5, 10, 15, 20, 25, 30]","[None, None, None, None, None, None, None]","[0.0, 1.95, 3.89, 5.84, 7.78, 9.73, 11.67]"
3476,39.27,0.1418607449264556,Highly Persuadable,"[0, 5, 10, 15, 20, 25, 30]","[None, None, None, None, None, None, None]","[0.0, 1.96, 3.93, 5.89, 7.85, 9.82, 11.78]"
4110,43.86,0.1131004899275985,Highly Persuadable,"[0, 5, 10, 15, 20, 25, 30]","[None, None, None, None, None, None, None]","[0.0, 2.19, 4.39, 6.58, 8.77, 10.96, 13.16]"
3915,45.7,0.1010337902790945,Highly Persuadable,"[0, 5, 10, 15, 20, 25, 30]","[None, None, None, None, None, None, None]","[0.0, 2.29, 4.57, 6.86, 9.14, 11.43, 13.71]"
1628,28.12,0.1699233721477544,Highly Persuadable,"[0, 5, 10, 15, 20, 25, 30]","[None, None, None, None, None, None, None]","[0.0, 1.41, 2.81, 4.22, 5.62, 7.03, 8.44]"
4973,46.83,-0.0212707129403637,Not Persuadable,"[0, 5, 10, 15, 20, 25, 30]","[None, None, None, None, None, None, None]","[0.0, 2.34, 4.68, 7.02, 9.37, 11.71, 14.05]"
1523,50.09,0.0741628936488398,Persuadable,"[0, 5, 10, 15, 20, 25, 30]","[None, None, None, None, None, None, None]","[0.0, 2.5, 5.01, 7.51, 10.02, 12.52, 15.03]"
836,30.53,0.16962951812507,Highly Persuadable,"[0, 5, 10, 15, 20, 25, 30]","[None, None, None, None, None, None, None]","[0.0, 1.53, 3.05, 4.58, 6.11, 7.63, 9.16]"
359,22.29,0.0826257821399163,Persuadable,"[0, 5, 10, 15, 20, 25, 30]","[None, None, None, None, None, None, None]","[0.0, 1.11, 2.23, 3.34, 4.46, 5.57, 6.69]"
139,52.98,0.1476572050774053,Highly Persuadable,"[0, 5, 10, 15, 20, 25, 30]","[None, None, None, None, None, None, None]","[0.0, 2.65, 5.3, 7.95, 10.6, 13.24, 15.89]"
300,38.04,0.0467270890380367,Persuadable,"[0, 5, 10, 15, 20, 25, 30]","[None, None, None, None, None, None, None]","[0.0, 1.9, 3.8, 5.71, 7.61, 9.51, 11.41]"
1557,29.31,4.84655975928812e-05,Persuadable,"[0, 5, 10, 15, 20, 25, 30]","[None, None, None, None, None, None, None]","[0.0, 1.47, 2.93, 4.4, 5.86, 7.33, 8.79]"
1004,58.94,0.1697453658889673,Highly Persuadable,"[0, 5, 10, 15, 20, 25, 30]","[None, None, None, None, None, None, None]","[0.0, 2.95, 5.89, 8.84, 11.79, 14.73, 17.68]"
383,19.2,-0.1096740355292944,Not Persuadable,"[0, 5, 10, 15, 20, 25, 30]","[None, None, None, None, None, None, None]","[0.0, 0.96, 1.92, 2.88, 3.84, 4.8, 5.76]"
942,28.41,-0.0708443430063586,Not Persuadable,"[0, 5, 10, 15, 20, 25, 30]","[None, None, None, None, None, None, None]","[0.0, 1.42, 2.84, 4.26, 5.68, 7.1, 8.52]"
4228,44.78,0.0381380408976154,Persuadable,"[0, 5, 10, 15, 20, 25, 30]","[None, None, None, None, None, None, None]","[0.0, 2.24, 4.48, 6.72, 8.96, 11.2, 13.43]"
4553,43.61,-0.0222301657278177,Not Persuadable,"[0, 5, 10, 15, 20, 25, 30]","[None, None, None, None, None, None, None]","[0.0, 2.18, 4.36, 6.54, 8.72, 10.9, 13.08]"
762,28.44,0.1249718116708829,Highly Persuadable,"[0, 5, 10, 15, 20, 25, 30]","[None, None, None, None, None, None, None]","[0.0, 1.42, 2.84, 4.27, 5.69, 7.11, 8.53]"
1731,46.11,-0.0288288769913351,Not Persuadable,"[0, 5, 10, 15, 20, 25, 30]","[None, None, None, None, None, None, None]","[0.0, 2.31, 4.61, 6.92, 9.22, 11.53, 13.83]"
2824,33.68,0.0136356618353042,Persuadable,"[0, 5, 10, 15, 20, 25, 30]","[None, None, None, None, None, None, None]","[0.0, 1.68, 3.37, 5.05, 6.74, 8.42, 10.1]"
4731,39.58,0.0258026838428487,Persuadable,"[0, 5, 10, 15, 20, 25, 30]","[None, None, None, None, None, None, None]","[0.0, 1.98, 3.96, 5.94, 7.92, 9.89, 11.87]"
2102,25.93,-0.0271409457353759,Not Persuadable,"[0, 5, 10, 15, 20, 25, 30]","[None, None, None, None, None, None, None]","[0.0, 1.3, 2.59, 3.89, 5.19, 6.48, 7.78]"
4609,47.13,-0.0251274589372269,Not Persuadable,"[0, 5, 10, 15, 20, 25, 30]","[None, None, None, None, None, None, None]","[0.0, 2.36, 4.71, 7.07, 9.43, 11.78, 14.14]"
899,35.02,0.12090761020543,Highly Persuadable,"[0, 5, 10, 15, 20, 25, 30]","[None, None, None, None, None, None, None]","[0.0, 1.75, 3.5, 5.25, 7.0, 8.76, 10.51]"
4018,40.3,0.0714020477609766,Persuadable,"[0, 5, 10, 15, 20, 25, 30]","[None, None, None, None, None, None, None]","[0.0, 2.02, 4.03, 6.04, 8.06, 10.07, 12.09]"
3803,49.82,0.0672892400108863,Persuadable,"[0, 5, 10, 15, 20, 25, 30]","[None, None, None, None, None, None, None]","[0.0, 2.49, 4.98, 7.47, 9.96, 12.46, 14.95]"
1403,30.37,0.0725208447039685,Persuadable,"[0, 5, 10, 15, 20, 25, 30]","[None, None, None, None, None, None, None]","[0.0, 1.52, 3.04, 4.56, 6.07, 7.59, 9.11]"
2380,39.11,0.090356482956118,Persuadable,"[0, 5, 10, 15, 20, 25, 30]","[None, None, None, None, None, None, None]","[0.0, 1.96, 3.91, 5.87, 7.82, 9.78, 11.73]"
3804,36.9,0.013599994293755,Persuadable,"[0, 5, 10, 15, 20, 25, 30]","[None, None, None, None, None, None, None]","[0.0, 1.84, 3.69, 5.53, 7.38, 9.22, 11.07]"
4397,48.82,0.0523473075037126,Persuadable,"[0, 5, 10, 15, 20, 25, 30]","[None, None, None, None, None, None, None]","[0.0, 2.44, 4.88, 7.32, 9.76, 12.21, 14.65]"
2971,33.44,0.1229271925870832,Highly Persuadable,"[0, 5, 10, 15, 20, 25, 30]","[None, None, None, None, None, None, None]","[0.0, 1.67, 3.34, 5.02, 6.69, 8.36, 10.03]"
1513,42.08,0.0241206465346466,Persuadable,"[0, 5, 10, 15, 20, 25, 30]","[None, None, None, None, None, None, None]","[0.0, 2.1, 4.21, 6.31, 8.42, 10.52, 12.62]"
1189,56.17,0.0105909959434141,Persuadable,"[0, 5, 10, 15, 20, 25, 30]","[None, None, None, None, None, None, None]","[0.0, 2.81, 5.62, 8.43, 11.23, 14.04, 16.85]"
3771,38.25,0.0578338914210896,Persuadable,"[0, 5, 10, 15, 20, 25, 30]","[None, None, None, None, None, None, None]","[0.0, 1.91, 3.83, 5.74, 7.65, 9.56, 11.47]"
4929,44.15,0.162969122959858,Highly Persuadable,"[0, 5, 10, 15, 20, 25, 30]","[None, None, None, None, None, None, None]","[0.0, 2.21, 4.42, 6.62, 8.83, 11.04, 13.24]"
3895,33.71,-0.011547811558584,Not Persuadable,"[0, 5, 10, 15, 20, 25, 30]","[None, None, None, None, None, None, None]","[0.0, 1.69, 3.37, 5.06, 6.74, 8.43, 10.11]"
3949,33.63,0.1207277807123515,Highly Persuadable,"[0, 5, 10, 15, 20, 25, 30]","[None, None, None, None, None, None, None]","[0.0, 1.68, 3.36, 5.04, 6.73, 8.41, 10.09]"
109,49.8,0.0284429987213904,Persuadable,"[0, 5, 10, 15, 20, 25, 30]","[None, None, None, None, None, None, None]","[0.0, 2.49, 4.98, 7.47, 9.96, 12.45, 14.94]"
2749,39.8,0.0883689265731904,Persuadable,"[0, 5, 10, 15, 20, 25, 30]","[None, None, None, None, None, None, None]","[0.0, 1.99, 3.98, 5.97, 7.96, 9.95, 11.94]"
2324,40.65,0.0487743167154193,Persuadable,"[0, 5, 10, 15, 20, 25, 30]","[None, None, None, None, None, None, None]","[0.0, 2.03, 4.07, 6.1, 8.13, 10.16, 12.19]"
3504,20.74,0.079083575502147,Persuadable,"[0, 5, 10, 15, 20, 25, 30]","[None, None, None, None, None, None, None]","[0.0, 1.04, 2.07, 3.11, 4.15, 5.18, 6.22]"
59,33.93,0.0960416484654471,Persuadable,"[0, 5, 10, 15, 20, 25, 30]","[None, None, None, None, None, None, None]","[0.0, 1.7, 3.39, 5.09, 6.79, 8.48, 10.18]"
77,39.91,0.0794879103698593,Persuadable,"[0, 5, 10, 15, 20, 25, 30]","[None, None, None, None, None, None, None]","[0.0, 2.0, 3.99, 5.99, 7.98, 9.98, 11.97]"
797,49.83,-0.0061840149373581,Not Persuadable,"[0, 5, 10, 15, 20, 25, 30]","[None, None, None, None, None, None, None]","[0.0, 2.49, 4.98, 7.47, 9.97, 12.46, 14.95]"
369,34.96,0.0365718042061024,Persuadable,"[0, 5, 10, 15, 20, 25, 30]","[None, None, None, None, None, None, None]","[0.0, 1.75, 3.5, 5.24, 6.99, 8.74, 10.49]"
4916,28.11,-0.056255580002263,Not Persuadable,"[0, 5, 10, 15, 20, 25, 30]","[None, None, None, None, None, None, None]","[0.0, 1.41, 2.81, 4.22, 5.62, 7.03, 8.43]"
786,50.02,-0.014923503073985,Not Persuadable,"[0, 5, 10, 15, 20, 25, 30]","[None, None, None, None, None, None, None]","[0.0, 2.5, 5.0, 7.5, 10.0, 12.51, 15.01]"
2104,43.9,0.0682210849534816,Persuadable,"[0, 5, 10, 15, 20, 25, 30]","[None, None, None, None, None, None, None]","[0.0, 2.19, 4.39, 6.58, 8.78, 10.97, 13.17]"
4392,53.28,0.2219381874237019,Highly Persuadable,"[0, 5, 10, 15, 20, 25, 30]","[None, None, None, None, None, None, None]","[0.0, 2.66, 5.33, 7.99, 10.66, 13.32, 15.98]"
2035,38.33,-0.0748155314886383,Not Persuadable,"[0, 5, 10, 15, 20, 25, 30]","[None, None, None, None, None, None, None]","[0.0, 1.92, 3.83, 5.75, 7.67, 9.58, 11.5]"
2124,44.91,-0.0235020102643303,Not Persuadable,"[0, 5, 10, 15, 20, 25, 30]","[None, None, None, None, None, None, None]","[0.0, 2.25, 4.49, 6.74, 8.98, 11.23, 13.47]"
3779,34.69,-0.0373991117544362,Not Persuadable,"[0, 5, 10, 15, 20, 25, 30]","[None, None, None, None, None, None, None]","[0.0, 1.73, 3.47, 5.2, 6.94, 8.67, 10.41]"
2414,49.6,-0.0325492007165212,Not Persuadable,"[0, 5, 10, 15, 20, 25, 30]","[None, None, None, None, None, None, None]","[0.0, 2.48, 4.96, 7.44, 9.92, 12.4, 14.88]"
1729,65.71,0.1140693472872499,Highly Persuadable,"[0, 5, 10, 15, 20, 25, 30]","[None, None, None, None, None, None, None]","[0.0, 3.29, 6.57, 9.86, 13.14, 16.43, 19.71]"
122,21.38,0.1078795322656167,Highly Persuadable,"[0, 5, 10, 15, 20, 25, 30]","[None, None, None, None, None, None, None]","[0.0, 1.07, 2.14, 3.21, 4.28, 5.34, 6.41]"
1871,46.32,0.0433355439528635,Persuadable,"[0, 5, 10, 15, 20, 25, 30]","[None, None, None, None, None, None, None]","[0.0, 2.32, 4.63, 6.95, 9.26, 11.58, 13.9]"
2385,53.92,0.0233485030340399,Persuadable,"[0, 5, 10, 15, 20, 25, 30]","[None, None, None, None, None, None, None]","[0.0, 2.7, 5.39, 8.09, 10.78, 13.48, 16.18]"
3661,34.99,-0.0534653805304853,Not Persuadable,"[0, 5, 10, 15, 20, 25, 30]","[None, None, None, None, None, None, None]","[0.0, 1.75, 3.5, 5.25, 7.0, 8.75, 10.5]"
911,48.05,0.073198870893566,Persuadable,"[0, 5, 10, 15, 20, 25, 30]","[None, None, None, None, None, None, None]","[0.0, 2.4, 4.8, 7.21, 9.61, 12.01, 14.41]"
125,40.2,0.0647046855689013,Persuadable,"[0, 5, 10, 15, 20, 25, 30]","[None, None, None, None, None, None, None]","[0.0, 2.01, 4.02, 6.03, 8.04, 10.05, 12.06]"
4478,56.09,-0.0158264569584893,Not Persuadable,"[0, 5, 10, 15, 20, 25, 30]","[None, None, None, None, None, None, None]","[0.0, 2.8, 5.61, 8.41, 11.22, 14.02, 16.83]"
1587,42.96,0.0773019202536563,Persuadable,"[0, 5, 10, 15, 20, 25, 30]","[None, None, None, None, None, None, None]","[0.0, 2.15, 4.3, 6.44, 8.59, 10.74, 12.89]"
1258,40.25,0.0138085774900298,Persuadable,"[0, 5, 10, 15, 20, 25, 30]","[None, None, None, None, None, None, None]","[0.0, 2.01, 4.03, 6.04, 8.05, 10.06, 12.07]"
3457,55.0,0.0618851673255237,Persuadable,"[0, 5, 10, 15, 20, 25, 30]","[None, None, None, None, None, None, None]","[0.0, 2.75, 5.5, 8.25, 11.0, 13.75, 16.5]"
3497,32.7,0.1005367019097605,Highly Persuadable,"[0, 5, 10, 15, 20, 25, 30]","[None, None, None, None, None, None, None]","[0.0, 1.64, 3.27, 4.91, 6.54, 8.18, 9.81]"
3399,27.8,0.0555235338054244,Persuadable,"[0, 5, 10, 15, 20, 25, 30]","[None, None, None, None, None, None, None]","[0.0, 1.39, 2.78, 4.17, 5.56, 6.95, 8.34]"
1179,31.24,0.0424076353688072,Persuadable,"[0, 5, 10, 15, 20, 25, 30]","[None, None, None, None, None, None, None]","[0.0, 1.56, 3.12, 4.69, 6.25, 7.81, 9.37]"
2856,38.17,0.1008291337577005,Highly Persuadable,"[0, 5, 10, 15, 20, 25, 30]","[None, None, None, None, None, None, None]","[0.0, 1.91, 3.82, 5.73, 7.63, 9.54, 11.45]"
3486,57.2,-0.0206082738170701,Not Persuadable,"[0, 5, 10, 15, 20, 25, 30]","[None, None, None, None, None, None, None]","[0.0, 2.86, 5.72, 8.58, 11.44, 14.3, 17.16]"
4589,14.44,-0.0212916563395803,Not Persuadable,"[0, 5, 10, 15, 20, 25, 30]","[None, None, None, None, None, None, None]","[0.0, 0.72, 1.44, 2.17, 2.89, 3.61, 4.33]"
2119,32.89,0.0715481420317568,Persuadable,"[0, 5, 10, 15, 20, 25, 30]","[None, None, None, None, None, None, None]","[0.0, 1.64, 3.29, 4.93, 6.58, 8.22, 9.87]"
443,40.23,0.247976827855863,Highly Persuadable,"[0, 5, 10, 15, 20, 25, 30]","[None, None, None, None, None, None, None]","[0.0, 2.01, 4.02, 6.03, 8.05, 10.06, 12.07]"
3101,44.01,-0.0296387006238963,Not Persuadable,"[0, 5, 10, 15, 20, 25, 30]","[None, None, None, None, None, None, None]","[0.0, 2.2, 4.4, 6.6, 8.8, 11.0, 13.2]"
2887,33.43,0.1666365168125762,Highly Persuadable,"[0, 5, 10, 15, 20, 25, 30]","[None, None, None, None, None, None, None]","[0.0, 1.67, 3.34, 5.01, 6.69, 8.36, 10.03]"
926,49.73,0.0479920962262233,Persuadable,"[0, 5, 10, 15, 20, 25, 30]","[None, None, None, None, None, None, None]","[0.0, 2.49, 4.97, 7.46, 9.95, 12.43, 14.92]"
2348,33.45,0.0878940515904716,Persuadable,"[0, 5, 10, 15, 20, 25, 30]","[None, None, None, None, None, None, None]","[0.0, 1.67, 3.35, 5.02, 6.69, 8.36, 10.04]"
2375,35.78,0.0871601298724802,Persuadable,"[0, 5, 10, 15, 20, 25, 30]","[None, None, None, None, None, None, None]","[0.0, 1.79, 3.58, 5.37, 7.16, 8.95, 10.73]"
4781,25.44,0.1343751129512085,Highly Persuadable,"[0, 5, 10, 15, 20, 25, 30]","[None, None, None, None, None, None, None]","[0.0, 1.27, 2.54, 3.82, 5.09, 6.36, 7.63]"
1412,51.87,0.0158050295507273,Persuadable,"[0, 5, 10, 15, 20, 25, 30]","[None, None, None, None, None, None, None]","[0.0, 2.59, 5.19, 7.78, 10.37, 12.97, 15.56]"
3483,48.89,0.0161152691693061,Persuadable,"[0, 5, 10, 15, 20, 25, 30]","[None, None, None, None, None, None, None]","[0.0, 2.44, 4.89, 7.33, 9.78, 12.22, 14.67]"
3023,41.21,0.0988035617526287,Persuadable,"[0, 5, 10, 15, 20, 25, 30]","[None, None, None, None, None, None, None]","[0.0, 2.06, 4.12, 6.18, 8.24, 10.3, 12.36]"
1510,35.66,0.0843135432042566,Persuadable,"[0, 5, 10, 15, 20, 25, 30]","[None, None, None, None, None, None, None]","[0.0, 1.78, 3.57, 5.35, 7.13, 8.91, 10.7]"
1228,40.38,-0.0187049298893274,Not Persuadable,"[0, 5, 10, 15, 20, 25, 30]","[None, None, None, None, None, None, None]","[0.0, 2.02, 4.04, 6.06, 8.08, 10.1, 12.11]"
3619,31.26,0.1096297109881985,Highly Persuadable,"[0, 5, 10, 15, 20, 25, 30]","[None, None, None, None, None, None, None]","[0.0, 1.56, 3.13, 4.69, 6.25, 7.82, 9.38]"
2371,44.6,0.0199544466049831,Persuadable,"[0, 5, 10, 15, 20, 25, 30]","[None, None, None, None, None, None, None]","[0.0, 2.23, 4.46, 6.69, 8.92, 11.15, 13.38]"
3529,38.5,0.0543072280384508,Persuadable,"[0, 5, 10, 15, 20, 25, 30]","[None, None, None, None, None, None, None]","[0.0, 1.93, 3.85, 5.77, 7.7, 9.62, 11.55]"
2165,28.66,0.1595134098814229,Highly Persuadable,"[0, 5, 10, 15, 20, 25, 30]","[None, None, None, None, None, None, None]","[0.0, 1.43, 2.87, 4.3, 5.73, 7.17, 8.6]"
3296,34.69,-0.0437661242126156,Not Persuadable,"[0, 5, 10, 15, 20, 25, 30]","[None, None, None, None, None, None, None]","[0.0, 1.73, 3.47, 5.2, 6.94, 8.67, 10.41]"
325,53.96,0.1418162729956711,Highly Persuadable,"[0, 5, 10, 15, 20, 25, 30]","[None, None, None, None, None, None, None]","[0.0, 2.7, 5.4, 8.09, 10.79, 13.49, 16.19]"
3095,38.19,0.0403677651570575,Persuadable,"[0, 5, 10, 15, 20, 25, 30]","[None, None, None, None, None, None, None]","[0.0, 1.91, 3.82, 5.73, 7.64, 9.55, 11.46]"
3272,40.18,0.0634653172726964,Persuadable,"[0, 5, 10, 15, 20, 25, 30]","[None, None, None, None, None, None, None]","[0.0, 2.01, 4.02, 6.03, 8.04, 10.04, 12.05]"
2037,27.65,0.1114350671817554,Highly Persuadable,"[0, 5, 10, 15, 20, 25, 30]","[None, None, None, None, None, None, None]","[0.0, 1.38, 2.77, 4.15, 5.53, 6.91, 8.29]"
3314,36.4,0.0917057227101106,Persuadable,"[0, 5, 10, 15, 20, 25, 30]","[None, None, None, None, None, None, None]","[0.0, 1.82, 3.64, 5.46, 7.28, 9.1, 10.92]"
3051,41.53,0.1265608331092211,Highly Persuadable,"[0, 5, 10, 15, 20, 25, 30]","[None, None, None, None, None, None, None]","[0.0, 2.08, 4.15, 6.23, 8.31, 10.38, 12.46]"
1499,41.3,0.0615273283474482,Persuadable,"[0, 5, 10, 15, 20, 25, 30]","[None, None, None, None, None, None, None]","[0.0, 2.06, 4.13, 6.19, 8.26, 10.32, 12.39]"
1503,52.65,0.140954739216977,Highly Persuadable,"[0, 5, 10, 15, 20, 25, 30]","[None, None, None, None, None, None, None]","[0.0, 2.63, 5.27, 7.9, 10.53, 13.16, 15.79]"
1007,40.64,0.079714123479409,Persuadable,"[0, 5, 10, 15, 20, 25, 30]","[None, None, None, None, None, None, None]","[0.0, 2.03, 4.06, 6.1, 8.13, 10.16, 12.19]"
2635,55.92,0.0029823639922706,Persuadable,"[0, 5, 10, 15, 20, 25, 30]","[None, None, None, None, None, None, None]","[0.0, 2.8, 5.59, 8.39, 11.18, 13.98, 16.78]"
4909,22.73,0.1513693088746692,Highly Persuadable,"[0, 5, 10, 15, 20, 25, 30]","[None, None, None, None, None, None, None]","[0.0, 1.14, 2.27, 3.41, 4.55, 5.68, 6.82]"
3533,46.65,0.0736783953100707,Persuadable,"[0, 5, 10, 15, 20, 25, 30]","[None, None, None, None, None, None, None]","[0.0, 2.33, 4.67, 7.0, 9.33, 11.66, 13.99]"
1468,29.49,-0.0305445259123826,Not Persuadable,"[0, 5, 10, 15, 20, 25, 30]","[None, None, None, None, None, None, None]","[0.0, 1.47, 2.95, 4.42, 5.9, 7.37, 8.85]"
1226,48.13,-0.2019817598392254,Not Persuadable,"[0, 5, 10, 15, 20, 25, 30]","[None, None, None, None, None, None, None]","[0.0, 2.41, 4.81, 7.22, 9.63, 12.03, 14.44]"
2006,60.1,-0.0058770722218168,Not Persuadable,"[0, 5, 10, 15, 20, 25, 30]","[None, None, None, None, None, None, None]","[0.0, 3.01, 6.01, 9.02, 12.02, 15.03, 18.03]"
2283,45.16,0.0524569584136198,Persuadable,"[0, 5, 10, 15, 20, 25, 30]","[None, None, None, None, None, None, None]","[0.0, 2.26, 4.52, 6.77, 9.03, 11.29, 13.55]"
2111,49.89,-0.0816282972587152,Not Persuadable,"[0, 5, 10, 15, 20, 25, 30]","[None, None, None, None, None, None, None]","[0.0, 2.49, 4.99, 7.48, 9.98, 12.47, 14.97]"
1217,26.77,0.0635888885555397,Persuadable,"[0, 5, 10, 15, 20, 25, 30]","[None, None, None, None, None, None, None]","[0.0, 1.34, 2.68, 4.02, 5.35, 6.69, 8.03]"
3995,44.33,0.0315535874063232,Persuadable,"[0, 5, 10, 15, 20, 25, 30]","[None, None, None, None, None, None, None]","[0.0, 2.22, 4.43, 6.65, 8.87, 11.08, 13.3]"
4287,43.81,-0.0640893692228675,Not Persuadable,"[0, 5, 10, 15, 20, 25, 30]","[None, None, None, None, None, None, None]","[0.0, 2.19, 4.38, 6.57, 8.76, 10.95, 13.14]"
421,44.17,0.012110524699569,Persuadable,"[0, 5, 10, 15, 20, 25, 30]","[None, None, None, None, None, None, None]","[0.0, 2.21, 4.42, 6.63, 8.83, 11.04, 13.25]"
3438,23.11,0.0452701582110325,Persuadable,"[0, 5, 10, 15, 20, 25, 30]","[None, None, None, None, None, None, None]","[0.0, 1.16, 2.31, 3.47, 4.62, 5.78, 6.93]"
7,40.11,-0.0954399019548301,Not Persuadable,"[0, 5, 10, 15, 20, 25, 30]","[None, None, None, None, None, None, None]","[0.0, 2.01, 4.01, 6.02, 8.02, 10.03, 12.03]"
933,46.47,-0.0083665189152062,Not Persuadable,"[0, 5, 10, 15, 20, 25, 30]","[None, None, None, None, None, None, None]","[0.0, 2.32, 4.65, 6.97, 9.29, 11.62, 13.94]"
1692,38.61,0.0230686300938898,Persuadable,"[0, 5, 10, 15, 20, 25, 30]","[None, None, None, None, None, None, None]","[0.0, 1.93, 3.86, 5.79, 7.72, 9.65, 11.58]"
440,41.79,0.0570999138207105,Persuadable,"[0, 5, 10, 15, 20, 25, 30]","[None, None, None, None, None, None, None]","[0.0, 2.09, 4.18, 6.27, 8.36, 10.45, 12.54]"
1314,49.59,0.1100833530474069,Highly Persuadable,"[0, 5, 10, 15, 20, 25, 30]","[None, None, None, None, None, None, None]","[0.0, 2.48, 4.96, 7.44, 9.92, 12.4, 14.88]"
679,49.76,0.0941501436474895,Persuadable,"[0, 5, 10, 15, 20, 25, 30]","[None, None, None, None, None, None, None]","[0.0, 2.49, 4.98, 7.46, 9.95, 12.44, 14.93]"
4180,48.38,0.0485238490863614,Persuadable,"[0, 5, 10, 15, 20, 25, 30]","[None, None, None, None, None, None, None]","[0.0, 2.42, 4.84, 7.26, 9.68, 12.1, 14.51]"
4621,28.32,0.0613429643334884,Persuadable,"[0, 5, 10, 15, 20, 25, 30]","[None, None, None, None, None, None, None]","[0.0, 1.42, 2.83, 4.25, 5.66, 7.08, 8.5]"
2003,52.53,0.0151184247296494,Persuadable,"[0, 5, 10, 15, 20, 25, 30]","[None, None, None, None, None, None, None]","[0.0, 2.63, 5.25, 7.88, 10.51, 13.13, 15.76]"
2479,18.18,0.045798278318609,Persuadable,"[0, 5, 10, 15, 20, 25, 30]","[None, None, None, None, None, None, None]","[0.0, 0.91, 1.82, 2.73, 3.64, 4.54, 5.45]"
4644,37.31,0.06991949550039,Persuadable,"[0, 5, 10, 15, 20, 25, 30]","[None, None, None, None, None, None, None]","[0.0, 1.87, 3.73, 5.6, 7.46, 9.33, 11.19]"
2903,38.87,0.0664226323777042,Persuadable,"[0, 5, 10, 15, 20, 25, 30]","[None, None, None, None, None, None, None]","[0.0, 1.94, 3.89, 5.83, 7.77, 9.72, 11.66]"
2534,44.52,0.0548752294907795,Persuadable,"[0, 5, 10, 15, 20, 25, 30]","[None, None, None, None, None, None, None]","[0.0, 2.23, 4.45, 6.68, 8.9, 11.13, 13.36]"
4943,30.29,0.2099720730590136,Highly Persuadable,"[0, 5, 10, 15, 20, 25, 30]","[None, None, None, None, None, None, None]","[0.0, 1.51, 3.03, 4.54, 6.06, 7.57, 9.09]"
4056,43.81,-0.0743515918140472,Not Persuadable,"[0, 5, 10, 15, 20, 25, 30]","[None, None, None, None, None, None, None]","[0.0, 2.19, 4.38, 6.57, 8.76, 10.95, 13.14]"
3942,48.68,-0.171973674054716,Not Persuadable,"[0, 5, 10, 15, 20, 25, 30]","[None, None, None, None, None, None, None]","[0.0, 2.43, 4.87, 7.3, 9.74, 12.17, 14.6]"
4255,26.8,0.2353848894866517,Highly Persuadable,"[0, 5, 10, 15, 20, 25, 30]","[None, None, None, None, None, None, None]","[0.0, 1.34, 2.68, 4.02, 5.36, 6.7, 8.04]"
2793,28.97,0.0438384458001599,Persuadable,"[0, 5, 10, 15, 20, 25, 30]","[None, None, None, None, None, None, None]","[0.0, 1.45, 2.9, 4.35, 5.79, 7.24, 8.69]"
2656,33.84,-0.0237853858751436,Not Persuadable,"[0, 5, 10, 15, 20, 25, 30]","[None, None, None, None, None, None, None]","[0.0, 1.69, 3.38, 5.08, 6.77, 8.46, 10.15]"
195,31.93,0.0473376512355295,Persuadable,"[0, 5, 10, 15, 20, 25, 30]","[None, None, None, None, None, None, None]","[0.0, 1.6, 3.19, 4.79, 6.39, 7.98, 9.58]"
1475,32.89,0.0633182606929843,Persuadable,"[0, 5, 10, 15, 20, 25, 30]","[None, None, None, None, None, None, None]","[0.0, 1.64, 3.29, 4.93, 6.58, 8.22, 9.87]"
4297,39.11,0.0113441957453171,Persuadable,"[0, 5, 10, 15, 20, 25, 30]","[None, None, None, None, None, None, None]","[0.0, 1.96, 3.91, 5.87, 7.82, 9.78, 11.73]"
1212,29.74,0.1024590269968526,Highly Persuadable,"[0, 5, 10, 15, 20, 25, 30]","[None, None, None, None, None, None, None]","[0.0, 1.49, 2.97, 4.46, 5.95, 7.43, 8.92]"
2756,31.79,-0.0790603398310789,Not Persuadable,"[0, 5, 10, 15, 20, 25, 30]","[None, None, None, None, None, None, None]","[0.0, 1.59, 3.18, 4.77, 6.36, 7.95, 9.54]"
1658,16.29,-0.0014821646180536,Not Persuadable,"[0, 5, 10, 15, 20, 25, 30]","[None, None, None, None, None, None, None]","[0.0, 0.81, 1.63, 2.44, 3.26, 4.07, 4.89]"
2716,28.5,0.1461209591009102,Highly Persuadable,"[0, 5, 10, 15, 20, 25, 30]","[None, None, None, None, None, None, None]","[0.0, 1.43, 2.85, 4.27, 5.7, 7.12, 8.55]"
3035,57.1,0.0331105394009838,Persuadable,"[0, 5, 10, 15, 20, 25, 30]","[None, None, None, None, None, None, None]","[0.0, 2.86, 5.71, 8.56, 11.42, 14.28, 17.13]"
4095,39.47,0.1780948487930291,Highly Persuadable,"[0, 5, 10, 15, 20, 25, 30]","[None, None, None, None, None, None, None]","[0.0, 1.97, 3.95, 5.92, 7.89, 9.87, 11.84]"
3627,37.51,0.0608642053564779,Persuadable,"[0, 5, 10, 15, 20, 25, 30]","[None, None, None, None, None, None, None]","[0.0, 1.88, 3.75, 5.63, 7.5, 9.38, 11.25]"
1873,29.15,0.02725428981354,Persuadable,"[0, 5, 10, 15, 20, 25, 30]","[None, None, None, None, None, None, None]","[0.0, 1.46, 2.92, 4.37, 5.83, 7.29, 8.74]"
1878,56.68,-0.0136402946897428,Not Persuadable,"[0, 5, 10, 15, 20, 25, 30]","[None, None, None, None, None, None, None]","[0.0, 2.83, 5.67, 8.5, 11.34, 14.17, 17.0]"
1131,22.29,0.1578247868921335,Highly Persuadable,"[0, 5, 10, 15, 20, 25, 30]","[None, None, None, None, None, None, None]","[0.0, 1.11, 2.23, 3.34, 4.46, 5.57, 6.69]"
1462,35.84,0.0557470621686604,Persuadable,"[0, 5, 10, 15, 20, 25, 30]","[None, None, None, None, None, None, None]","[0.0, 1.79, 3.58, 5.38, 7.17, 8.96, 10.75]"
277,31.58,0.0910219241641848,Persuadable,"[0, 5, 10, 15, 20, 25, 30]","[None, None, None, None, None, None, None]","[0.0, 1.58, 3.16, 4.74, 6.32, 7.89, 9.47]"
4873,34.01,0.0844029987686873,Persuadable,"[0, 5, 10, 15, 20, 25, 30]","[None, None, None, None, None, None, None]","[0.0, 1.7, 3.4, 5.1, 6.8, 8.5, 10.2]"
2347,47.81,-0.0266697018726076,Not Persuadable,"[0, 5, 10, 15, 20, 25, 30]","[None, None, None, None, None, None, None]","[0.0, 2.39, 4.78, 7.17, 9.56, 11.95, 14.34]"
2312,45.49,0.0528766249772289,Persuadable,"[0, 5, 10, 15, 20, 25, 30]","[None, None, None, None, None, None, None]","[0.0, 2.27, 4.55, 6.82, 9.1, 11.37, 13.65]"
1303,42.29,0.0369808257163854,Persuadable,"[0, 5, 10, 15, 20, 25, 30]","[None, None, None, None, None, None, None]","[0.0, 2.11, 4.23, 6.34, 8.46, 10.57, 12.69]"
3065,50.5,0.0137028734875791,Persuadable,"[0, 5, 10, 15, 20, 25, 30]","[None, None, None, None, None, None, None]","[0.0, 2.53, 5.05, 7.57, 10.1, 12.62, 15.15]"
223,37.79,0.0888216208362354,Persuadable,"[0, 5, 10, 15, 20, 25, 30]","[None, None, None, None, None, None, None]","[0.0, 1.89, 3.78, 5.67, 7.56, 9.45, 11.34]"
4651,40.98,0.0396866188505511,Persuadable,"[0, 5, 10, 15, 20, 25, 30]","[None, None, None, None, None, None, None]","[0.0, 2.05, 4.1, 6.15, 8.2, 10.24, 12.29]"
4384,40.35,0.0126950512442696,Persuadable,"[0, 5, 10, 15, 20, 25, 30]","[None, None, None, None, None, None, None]","[0.0, 2.02, 4.04, 6.05, 8.07, 10.09, 12.11]"
574,46.42,-0.220895335873151,Not Persuadable,"[0, 5, 10, 15, 20, 25, 30]","[None, None, None, None, None, None, None]","[0.0, 2.32, 4.64, 6.96, 9.28, 11.61, 13.93]"
1237,33.06,-0.0653116893514652,Not Persuadable,"[0, 5, 10, 15, 20, 25, 30]","[None, None, None, None, None, None, None]","[0.0, 1.65, 3.31, 4.96, 6.61, 8.27, 9.92]"
3561,47.09,-0.0536271754501763,Not Persuadable,"[0, 5, 10, 15, 20, 25, 30]","[None, None, None, None, None, None, None]","[0.0, 2.35, 4.71, 7.06, 9.42, 11.77, 14.13]"
3689,45.73,0.0503909473896644,Persuadable,"[0, 5, 10, 15, 20, 25, 30]","[None, None, None, None, None, None, None]","[0.0, 2.29, 4.57, 6.86, 9.15, 11.43, 13.72]"
1335,28.23,0.1756400765574431,Highly Persuadable,"[0, 5, 10, 15, 20, 25, 30]","[None, None, None, None, None, None, None]","[0.0, 1.41, 2.82, 4.23, 5.65, 7.06, 8.47]"
2810,40.3,-0.0698019954942743,Not Persuadable,"[0, 5, 10, 15, 20, 25, 30]","[None, None, None, None, None, None, None]","[0.0, 2.02, 4.03, 6.04, 8.06, 10.07, 12.09]"
419,28.52,0.0599132981810984,Persuadable,"[0, 5, 10, 15, 20, 25, 30]","[None, None, None, None, None, None, None]","[0.0, 1.43, 2.85, 4.28, 5.7, 7.13, 8.56]"
268,30.17,0.0462236265688853,Persuadable,"[0, 5, 10, 15, 20, 25, 30]","[None, None, None, None, None, None, None]","[0.0, 1.51, 3.02, 4.53, 6.03, 7.54, 9.05]"
1105,33.04,0.0953913168187638,Persuadable,"[0, 5, 10, 15, 20, 25, 30]","[None, None, None, None, None, None, None]","[0.0, 1.65, 3.3, 4.96, 6.61, 8.26, 9.91]"
258,19.96,0.0043312186158827,Persuadable,"[0, 5, 10, 15, 20, 25, 30]","[None, None, None, None, None, None, None]","[0.0, 1.0, 2.0, 2.99, 3.99, 4.99, 5.99]"
296,63.26,0.0615103527628903,Persuadable,"[0, 5, 10, 15, 20, 25, 30]","[None, None, None, None, None, None, None]","[0.0, 3.16, 6.33, 9.49, 12.65, 15.81, 18.98]"
2532,28.25,-0.0150643432754439,Not Persuadable,"[0, 5, 10, 15, 20, 25, 30]","[None, None, None, None, None, None, None]","[0.0, 1.41, 2.83, 4.24, 5.65, 7.06, 8.47]"
387,40.51,-0.0141384348975437,Not Persuadable,"[0, 5, 10, 15, 20, 25, 30]","[None, None, None, None, None, None, None]","[0.0, 2.03, 4.05, 6.08, 8.1, 10.13, 12.15]"
3324,33.2,0.0377400091309529,Persuadable,"[0, 5, 10, 15, 20, 25, 30]","[None, None, None, None, None, None, None]","[0.0, 1.66, 3.32, 4.98, 6.64, 8.3, 9.96]"
3106,20.82,0.0583323591407988,Persuadable,"[0, 5, 10, 15, 20, 25, 30]","[None, None, None, None, None, None, None]","[0.0, 1.04, 2.08, 3.12, 4.16, 5.21, 6.25]"
2575,45.7,0.0348469111846023,Persuadable,"[0, 5, 10, 15, 20, 25, 30]","[None, None, None, None, None, None, None]","[0.0, 2.29, 4.57, 6.86, 9.14, 11.43, 13.71]"
4047,44.91,0.1562324690462546,Highly Persuadable,"[0, 5, 10, 15, 20, 25, 30]","[None, None, None, None, None, None, None]","[0.0, 2.25, 4.49, 6.74, 8.98, 11.23, 13.47]"
4346,38.56,-0.0256620463689835,Not Persuadable,"[0, 5, 10, 15, 20, 25, 30]","[None, None, None, None, None, None, None]","[0.0, 1.93, 3.86, 5.78, 7.71, 9.64, 11.57]"
4129,47.9,-0.0193841892026125,Not Persuadable,"[0, 5, 10, 15, 20, 25, 30]","[None, None, None, None, None, None, None]","[0.0, 2.4, 4.79, 7.18, 9.58, 11.97, 14.37]"
4162,23.45,0.0106458519548371,Persuadable,"[0, 5, 10, 15, 20, 25, 30]","[None, None, None, None, None, None, None]","[0.0, 1.17, 2.35, 3.52, 4.69, 5.86, 7.03]"
4395,44.22,-0.0266279301452975,Not Persuadable,"[0, 5, 10, 15, 20, 25, 30]","[None, None, None, None, None, None, None]","[0.0, 2.21, 4.42, 6.63, 8.84, 11.05, 13.27]"
1564,30.05,0.1437698330228679,Highly Persuadable,"[0, 5, 10, 15, 20, 25, 30]","[None, None, None, None, None, None, None]","[0.0, 1.5, 3.01, 4.51, 6.01, 7.51, 9.02]"
1920,16.75,0.0604595491796753,Persuadable,"[0, 5, 10, 15, 20, 25, 30]","[None, None, None, None, None, None, None]","[0.0, 0.84, 1.68, 2.51, 3.35, 4.19, 5.02]"
1401,46.99,0.1566729573090581,Highly Persuadable,"[0, 5, 10, 15, 20, 25, 30]","[None, None, None, None, None, None, None]","[0.0, 2.35, 4.7, 7.05, 9.4, 11.75, 14.1]"
713,38.1,0.0263058333525133,Persuadable,"[0, 5, 10, 15, 20, 25, 30]","[None, None, None, None, None, None, None]","[0.0, 1.91, 3.81, 5.71, 7.62, 9.53, 11.43]"
2365,45.27,0.0250627300508832,Persuadable,"[0, 5, 10, 15, 20, 25, 30]","[None, None, None, None, None, None, None]","[0.0, 2.26, 4.53, 6.79, 9.05, 11.32, 13.58]"
2943,34.23,0.0866043072550123,Persuadable,"[0, 5, 10, 15, 20, 25, 30]","[None, None, None, None, None, None, None]","[0.0, 1.71, 3.42, 5.13, 6.85, 8.56, 10.27]"
210,34.48,0.1672448825344571,Highly Persuadable,"[0, 5, 10, 15, 20, 25, 30]","[None, None, None, None, None, None, None]","[0.0, 1.72, 3.45, 5.17, 6.9, 8.62, 10.34]"
3962,49.17,0.0633082005909565,Persuadable,"[0, 5, 10, 15, 20, 25, 30]","[None, None, None, None, None, None, None]","[0.0, 2.46, 4.92, 7.38, 9.83, 12.29, 14.75]"
1290,33.01,-0.0142281644351721,Not Persuadable,"[0, 5, 10, 15, 20, 25, 30]","[None, None, None, None, None, None, None]","[0.0, 1.65, 3.3, 4.95, 6.6, 8.25, 9.9]"
2615,30.45,0.0956835933383437,Persuadable,"[0, 5, 10, 15, 20, 25, 30]","[None, None, None, None, None, None, None]","[0.0, 1.52, 3.04, 4.57, 6.09, 7.61, 9.13]"
450,49.05,0.0308239788342799,Persuadable,"[0, 5, 10, 15, 20, 25, 30]","[None, None, None, None, None, None, None]","[0.0, 2.45, 4.91, 7.36, 9.81, 12.26, 14.71]"
4103,28.49,0.0543586631044681,Persuadable,"[0, 5, 10, 15, 20, 25, 30]","[None, None, None, None, None, None, None]","[0.0, 1.42, 2.85, 4.27, 5.7, 7.12, 8.55]"
2585,48.94,0.0356380778387825,Persuadable,"[0, 5, 10, 15, 20, 25, 30]","[None, None, None, None, None, None, None]","[0.0, 2.45, 4.89, 7.34, 9.79, 12.23, 14.68]"
1821,32.87,0.0382197272163128,Persuadable,"[0, 5, 10, 15, 20, 25, 30]","[None, None, None, None, None, None, None]","[0.0, 1.64, 3.29, 4.93, 6.57, 8.22, 9.86]"
959,35.27,-0.0011028201206297,Not Persuadable,"[0, 5, 10, 15, 20, 25, 30]","[None, None, None, None, None, None, None]","[0.0, 1.76, 3.53, 5.29, 7.05, 8.82, 10.58]"
1794,37.72,0.0763354272803844,Persuadable,"[0, 5, 10, 15, 20, 25, 30]","[None, None, None, None, None, None, None]","[0.0, 1.89, 3.77, 5.66, 7.54, 9.43, 11.32]"
4952,39.88,0.098114198975439,Persuadable,"[0, 5, 10, 15, 20, 25, 30]","[None, None, None, None, None, None, None]","[0.0, 1.99, 3.99, 5.98, 7.98, 9.97, 11.96]"
655,21.65,0.040316836330011,Persuadable,"[0, 5, 10, 15, 20, 25, 30]","[None, None, None, None, None, None, None]","[0.0, 1.08, 2.17, 3.25, 4.33, 5.41, 6.49]"
2423,37.47,0.0149579004737827,Persuadable,"[0, 5, 10, 15, 20, 25, 30]","[None, None, None, None, None, None, None]","[0.0, 1.87, 3.75, 5.62, 7.49, 9.37, 11.24]"
3871,49.21,0.0082779000116076,Persuadable,"[0, 5, 10, 15, 20, 25, 30]","[None, None, None, None, None, None, None]","[0.0, 2.46, 4.92, 7.38, 9.84, 12.3, 14.76]"
2408,28.73,0.1015059283680904,Highly Persuadable,"[0, 5, 10, 15, 20, 25, 30]","[None, None, None, None, None, None, None]","[0.0, 1.44, 2.87, 4.31, 5.75, 7.18, 8.62]"
1761,53.28,-0.0536477056171482,Not Persuadable,"[0, 5, 10, 15, 20, 25, 30]","[None, None, None, None, None, None, None]","[0.0, 2.66, 5.33, 7.99, 10.66, 13.32, 15.98]"
2370,36.56,0.0225390428279372,Persuadable,"[0, 5, 10, 15, 20, 25, 30]","[None, None, None, None, None, None, None]","[0.0, 1.83, 3.66, 5.48, 7.31, 9.14, 10.97]"
3940,33.12,-0.1215376153398367,Not Persuadable,"[0, 5, 10, 15, 20, 25, 30]","[None, None, None, None, None, None, None]","[0.0, 1.66, 3.31, 4.97, 6.62, 8.28, 9.94]"
4370,61.18,0.024422037618465,Persuadable,"[0, 5, 10, 15, 20, 25, 30]","[None, None, None, None, None, None, None]","[0.0, 3.06, 6.12, 9.18, 12.24, 15.29, 18.35]"
412,44.08,0.0642597240783228,Persuadable,"[0, 5, 10, 15, 20, 25, 30]","[None, None, None, None, None, None, None]","[0.0, 2.2, 4.41, 6.61, 8.82, 11.02, 13.22]"
1775,28.15,0.0179395195901149,Persuadable,"[0, 5, 10, 15, 20, 25, 30]","[None, None, None, None, None, None, None]","[0.0, 1.41, 2.81, 4.22, 5.63, 7.04, 8.44]"
4463,46.3,0.0153960036241026,Persuadable,"[0, 5, 10, 15, 20, 25, 30]","[None, None, None, None, None, None, None]","[0.0, 2.31, 4.63, 6.94, 9.26, 11.57, 13.89]"
2202,43.21,0.0303799303713052,Persuadable,"[0, 5, 10, 15, 20, 25, 30]","[None, None, None, None, None, None, None]","[0.0, 2.16, 4.32, 6.48, 8.64, 10.8, 12.96]"
4092,33.63,0.0741352269189623,Persuadable,"[0, 5, 10, 15, 20, 25, 30]","[None, None, None, None, None, None, None]","[0.0, 1.68, 3.36, 5.04, 6.73, 8.41, 10.09]"
3723,37.53,0.0712361609498824,Persuadable,"[0, 5, 10, 15, 20, 25, 30]","[None, None, None, None, None, None, None]","[0.0, 1.88, 3.75, 5.63, 7.51, 9.38, 11.26]"
4322,28.68,0.064635663193565,Persuadable,"[0, 5, 10, 15, 20, 25, 30]","[None, None, None, None, None, None, None]","[0.0, 1.43, 2.87, 4.3, 5.74, 7.17, 8.6]"
4785,44.55,0.0772509658052012,Persuadable,"[0, 5, 10, 15, 20, 25, 30]","[None, None, None, None, None, None, None]","[0.0, 2.23, 4.46, 6.68, 8.91, 11.14, 13.36]"
3721,24.49,-0.0455468298900984,Not Persuadable,"[0, 5, 10, 15, 20, 25, 30]","[None, None, None, None, None, None, None]","[0.0, 1.22, 2.45, 3.67, 4.9, 6.12, 7.35]"
4641,30.8,0.0556457560323735,Persuadable,"[0, 5, 10, 15, 20, 25, 30]","[None, None, None, None, None, None, None]","[0.0, 1.54, 3.08, 4.62, 6.16, 7.7, 9.24]"
4687,27.15,-0.0096090844744306,Not Persuadable,"[0, 5, 10, 15, 20, 25, 30]","[None, None, None, None, None, None, None]","[0.0, 1.36, 2.71, 4.07, 5.43, 6.79, 8.14]"
3575,34.44,0.092901765037865,Persuadable,"[0, 5, 10, 15, 20, 25, 30]","[None, None, None, None, None, None, None]","[0.0, 1.72, 3.44, 5.17, 6.89, 8.61, 10.33]"
1984,22.19,0.0453864791224803,Persuadable,"[0, 5, 10, 15, 20, 25, 30]","[None, None, None, None, None, None, None]","[0.0, 1.11, 2.22, 3.33, 4.44, 5.55, 6.66]"
3383,58.38,-0.0111316357487948,Not Persuadable,"[0, 5, 10, 15, 20, 25, 30]","[None, None, None, None, None, None, None]","[0.0, 2.92, 5.84, 8.76, 11.68, 14.6, 17.51]"
4151,44.71,-0.0271197086755642,Not Persuadable,"[0, 5, 10, 15, 20, 25, 30]","[None, None, None, None, None, None, None]","[0.0, 2.24, 4.47, 6.71, 8.94, 11.18, 13.41]"
3587,36.65,0.0661813619276968,Persuadable,"[0, 5, 10, 15, 20, 25, 30]","[None, None, None, None, None, None, None]","[0.0, 1.83, 3.67, 5.5, 7.33, 9.16, 10.99]"
431,38.55,-0.0080875239156776,Not Persuadable,"[0, 5, 10, 15, 20, 25, 30]","[None, None, None, None, None, None, None]","[0.0, 1.93, 3.85, 5.78, 7.71, 9.64, 11.56]"
3124,54.15,-0.0568257665074131,Not Persuadable,"[0, 5, 10, 15, 20, 25, 30]","[None, None, None, None, None, None, None]","[0.0, 2.71, 5.42, 8.12, 10.83, 13.54, 16.24]"
3838,37.48,0.1134293450493671,Highly Persuadable,"[0, 5, 10, 15, 20, 25, 30]","[None, None, None, None, None, None, None]","[0.0, 1.87, 3.75, 5.62, 7.5, 9.37, 11.24]"
1367,40.56,0.105914828166955,Highly Persuadable,"[0, 5, 10, 15, 20, 25, 30]","[None, None, None, None, None, None, None]","[0.0, 2.03, 4.06, 6.08, 8.11, 10.14, 12.17]"
2611,27.49,0.0486237252118312,Persuadable,"[0, 5, 10, 15, 20, 25, 30]","[None, None, None, None, None, None, None]","[0.0, 1.37, 2.75, 4.12, 5.5, 6.87, 8.25]"
3840,50.83,-0.0346485834703132,Not Persuadable,"[0, 5, 10, 15, 20, 25, 30]","[None, None, None, None, None, None, None]","[0.0, 2.54, 5.08, 7.62, 10.17, 12.71, 15.25]"
1177,41.59,-0.071397964872647,Not Persuadable,"[0, 5, 10, 15, 20, 25, 30]","[None, None, None, None, None, None, None]","[0.0, 2.08, 4.16, 6.24, 8.32, 10.4, 12.48]"
3348,55.82,-0.0727981834166998,Not Persuadable,"[0, 5, 10, 15, 20, 25, 30]","[None, None, None, None, None, None, None]","[0.0, 2.79, 5.58, 8.37, 11.16, 13.96, 16.75]"
1477,34.82,-0.0894859218400064,Not Persuadable,"[0, 5, 10, 15, 20, 25, 30]","[None, None, None, None, None, None, None]","[0.0, 1.74, 3.48, 5.22, 6.96, 8.71, 10.45]"
3168,29.59,0.2114764817918707,Highly Persuadable,"[0, 5, 10, 15, 20, 25, 30]","[None, None, None, None, None, None, None]","[0.0, 1.48, 2.96, 4.44, 5.92, 7.4, 8.88]"
4969,38.48,0.1129609555265381,Highly Persuadable,"[0, 5, 10, 15, 20, 25, 30]","[None, None, None, None, None, None, None]","[0.0, 1.92, 3.85, 5.77, 7.7, 9.62, 11.54]"
103,46.83,0.021300565453647,Persuadable,"[0, 5, 10, 15, 20, 25, 30]","[None, None, None, None, None, None, None]","[0.0, 2.34, 4.68, 7.02, 9.37, 11.71, 14.05]"
1943,31.23,0.0844451582585164,Persuadable,"[0, 5, 10, 15, 20, 25, 30]","[None, None, None, None, None, None, None]","[0.0, 1.56, 3.12, 4.68, 6.25, 7.81, 9.37]"
4925,42.55,-0.0247593249264708,Not Persuadable,"[0, 5, 10, 15, 20, 25, 30]","[None, None, None, None, None, None, None]","[0.0, 2.13, 4.25, 6.38, 8.51, 10.64, 12.76]"
1264,30.8,0.0163583923644544,Persuadable,"[0, 5, 10, 15, 20, 25, 30]","[None, None, None, None, None, None, None]","[0.0, 1.54, 3.08, 4.62, 6.16, 7.7, 9.24]"
3378,36.75,0.0907028296864849,Persuadable,"[0, 5, 10, 15, 20, 25, 30]","[None, None, None, None, None, None, None]","[0.0, 1.84, 3.68, 5.51, 7.35, 9.19, 11.03]"
3154,39.33,0.1085712077664757,Highly Persuadable,"[0, 5, 10, 15, 20, 25, 30]","[None, None, None, None, None, None, None]","[0.0, 1.97, 3.93, 5.9, 7.87, 9.83, 11.8]"
4510,51.03,0.0999141079307814,Persuadable,"[0, 5, 10, 15, 20, 25, 30]","[None, None, None, None, None, None, None]","[0.0, 2.55, 5.1, 7.65, 10.21, 12.76, 15.31]"
3077,56.51,-0.0643897756780303,Not Persuadable,"[0, 5, 10, 15, 20, 25, 30]","[None, None, None, None, None, None, None]","[0.0, 2.83, 5.65, 8.48, 11.3, 14.13, 16.95]"
2755,50.06,0.0087252036180665,Persuadable,"[0, 5, 10, 15, 20, 25, 30]","[None, None, None, None, None, None, None]","[0.0, 2.5, 5.01, 7.51, 10.01, 12.52, 15.02]"
3604,42.97,-0.1357255166115893,Not Persuadable,"[0, 5, 10, 15, 20, 25, 30]","[None, None, None, None, None, None, None]","[0.0, 2.15, 4.3, 6.45, 8.59, 10.74, 12.89]"
3905,36.09,0.0135385825867512,Persuadable,"[0, 5, 10, 15, 20, 25, 30]","[None, None, None, None, None, None, None]","[0.0, 1.8, 3.61, 5.41, 7.22, 9.02, 10.83]"
2989,43.8,-0.0049552718227873,Not Persuadable,"[0, 5, 10, 15, 20, 25, 30]","[None, None, None, None, None, None, None]","[0.0, 2.19, 4.38, 6.57, 8.76, 10.95, 13.14]"
1644,22.11,0.1241929315424966,Highly Persuadable,"[0, 5, 10, 15, 20, 25, 30]","[None, None, None, None, None, None, None]","[0.0, 1.11, 2.21, 3.32, 4.42, 5.53, 6.63]"
4516,14.53,0.0123884881479208,Persuadable,"[0, 5, 10, 15, 20, 25, 30]","[None, None, None, None, None, None, None]","[0.0, 0.73, 1.45, 2.18, 2.91, 3.63, 4.36]"
1,36.8,0.1709895498011624,Highly Persuadable,"[0, 5, 10, 15, 20, 25, 30]","[None, None, None, None, None, None, None]","[0.0, 1.84, 3.68, 5.52, 7.36, 9.2, 11.04]"
1581,18.65,0.0369265181765845,Persuadable,"[0, 5, 10, 15, 20, 25, 30]","[None, None, None, None, None, None, None]","[0.0, 0.93, 1.86, 2.8, 3.73, 4.66, 5.59]"
4433,41.06,0.1097592433336414,Highly Persuadable,"[0, 5, 10, 15, 20, 25, 30]","[None, None, None, None, None, None, None]","[0.0, 2.05, 4.11, 6.16, 8.21, 10.27, 12.32]"
4126,40.14,0.0934316883717023,Persuadable,"[0, 5, 10, 15, 20, 25, 30]","[None, None, None, None, None, None, None]","[0.0, 2.01, 4.01, 6.02, 8.03, 10.04, 12.04]"
1357,44.52,-0.0157903276141003,Not Persuadable,"[0, 5, 10, 15, 20, 25, 30]","[None, None, None, None, None, None, None]","[0.0, 2.23, 4.45, 6.68, 8.9, 11.13, 13.36]"
3407,36.26,0.129000196065959,Highly Persuadable,"[0, 5, 10, 15, 20, 25, 30]","[None, None, None, None, None, None, None]","[0.0, 1.81, 3.63, 5.44, 7.25, 9.06, 10.88]"
2343,36.89,-0.0426833130042575,Not Persuadable,"[0, 5, 10, 15, 20, 25, 30]","[None, None, None, None, None, None, None]","[0.0, 1.84, 3.69, 5.53, 7.38, 9.22, 11.07]"
2406,29.03,0.1264477351479568,Highly Persuadable,"[0, 5, 10, 15, 20, 25, 30]","[None, None, None, None, None, None, None]","[0.0, 1.45, 2.9, 4.35, 5.81, 7.26, 8.71]"
2053,55.28,0.1655607299666085,Highly Persuadable,"[0, 5, 10, 15, 20, 25, 30]","[None, None, None, None, None, None, None]","[0.0, 2.76, 5.53, 8.29, 11.06, 13.82, 16.58]"
2234,34.89,0.0599129851984734,Persuadable,"[0, 5, 10, 15, 20, 25, 30]","[None, None, None, None, None, None, None]","[0.0, 1.74, 3.49, 5.23, 6.98, 8.72, 10.47]"
397,46.02,0.1645079987812309,Highly Persuadable,"[0, 5, 10, 15, 20, 25, 30]","[None, None, None, None, None, None, None]","[0.0, 2.3, 4.6, 6.9, 9.2, 11.51, 13.81]"
4115,36.61,-0.0030013017323015,Not Persuadable,"[0, 5, 10, 15, 20, 25, 30]","[None, None, None, None, None, None, None]","[0.0, 1.83, 3.66, 5.49, 7.32, 9.15, 10.98]"
1065,46.92,-0.0402710258687789,Not Persuadable,"[0, 5, 10, 15, 20, 25, 30]","[None, None, None, None, None, None, None]","[0.0, 2.35, 4.69, 7.04, 9.38, 11.73, 14.08]"
4624,45.23,0.0038024741815215,Persuadable,"[0, 5, 10, 15, 20, 25, 30]","[None, None, None, None, None, None, None]","[0.0, 2.26, 4.52, 6.78, 9.05, 11.31, 13.57]"
2169,37.86,0.0258459265898967,Persuadable,"[0, 5, 10, 15, 20, 25, 30]","[None, None, None, None, None, None, None]","[0.0, 1.89, 3.79, 5.68, 7.57, 9.46, 11.36]"
819,45.74,0.0171846575346552,Persuadable,"[0, 5, 10, 15, 20, 25, 30]","[None, None, None, None, None, None, None]","[0.0, 2.29, 4.57, 6.86, 9.15, 11.44, 13.72]"
1813,46.08,0.0186374958441944,Persuadable,"[0, 5, 10, 15, 20, 25, 30]","[None, None, None, None, None, None, None]","[0.0, 2.3, 4.61, 6.91, 9.22, 11.52, 13.82]"
2568,39.87,0.0946687238702158,Persuadable,"[0, 5, 10, 15, 20, 25, 30]","[None, None, None, None, None, None, None]","[0.0, 1.99, 3.99, 5.98, 7.97, 9.97, 11.96]"
1553,29.03,0.070799386095545,Persuadable,"[0, 5, 10, 15, 20, 25, 30]","[None, None, None, None, None, None, None]","[0.0, 1.45, 2.9, 4.35, 5.81, 7.26, 8.71]"
3136,52.42,-0.0835289284292236,Not Persuadable,"[0, 5, 10, 15, 20, 25, 30]","[None, None, None, None, None, None, None]","[0.0, 2.62, 5.24, 7.86, 10.48, 13.11, 15.73]"
817,32.66,0.0708568565805462,Persuadable,"[0, 5, 10, 15, 20, 25, 30]","[None, None, None, None, None, None, None]","[0.0, 1.63, 3.27, 4.9, 6.53, 8.16, 9.8]"
1573,40.82,0.0700119196547001,Persuadable,"[0, 5, 10, 15, 20, 25, 30]","[None, None, None, None, None, None, None]","[0.0, 2.04, 4.08, 6.12, 8.16, 10.21, 12.25]"
4526,31.17,0.0629966404273576,Persuadable,"[0, 5, 10, 15, 20, 25, 30]","[None, None, None, None, None, None, None]","[0.0, 1.56, 3.12, 4.68, 6.23, 7.79, 9.35]"
1801,32.78,0.0635408703562528,Persuadable,"[0, 5, 10, 15, 20, 25, 30]","[None, None, None, None, None, None, None]","[0.0, 1.64, 3.28, 4.92, 6.56, 8.2, 9.83]"
4946,49.18,-0.0306544982293939,Not Persuadable,"[0, 5, 10, 15, 20, 25, 30]","[None, None, None, None, None, None, None]","[0.0, 2.46, 4.92, 7.38, 9.84, 12.29, 14.75]"
382,38.98,0.1095903635807897,Highly Persuadable,"[0, 5, 10, 15, 20, 25, 30]","[None, None, None, None, None, None, None]","[0.0, 1.95, 3.9, 5.85, 7.8, 9.74, 11.69]"
3334,41.58,-0.0186627416336063,Not Persuadable,"[0, 5, 10, 15, 20, 25, 30]","[None, None, None, None, None, None, None]","[0.0, 2.08, 4.16, 6.24, 8.32, 10.39, 12.47]"
3842,33.82,0.1002912781427981,Highly Persuadable,"[0, 5, 10, 15, 20, 25, 30]","[None, None, None, None, None, None, None]","[0.0, 1.69, 3.38, 5.07, 6.76, 8.46, 10.15]"
2310,40.74,0.128762062497179,Highly Persuadable,"[0, 5, 10, 15, 20, 25, 30]","[None, None, None, None, None, None, None]","[0.0, 2.04, 4.07, 6.11, 8.15, 10.19, 12.22]"
3520,37.37,-0.0441201285012818,Not Persuadable,"[0, 5, 10, 15, 20, 25, 30]","[None, None, None, None, None, None, None]","[0.0, 1.87, 3.74, 5.61, 7.47, 9.34, 11.21]"
4941,60.81,0.0090485298673712,Persuadable,"[0, 5, 10, 15, 20, 25, 30]","[None, None, None, None, None, None, None]","[0.0, 3.04, 6.08, 9.12, 12.16, 15.2, 18.24]"
1781,35.18,0.1539684520670864,Highly Persuadable,"[0, 5, 10, 15, 20, 25, 30]","[None, None, None, None, None, None, None]","[0.0, 1.76, 3.52, 5.28, 7.04, 8.79, 10.55]"
2742,29.33,0.1713688760873262,Highly Persuadable,"[0, 5, 10, 15, 20, 25, 30]","[None, None, None, None, None, None, None]","[0.0, 1.47, 2.93, 4.4, 5.87, 7.33, 8.8]"
2623,42.75,0.1000944132764024,Highly Persuadable,"[0, 5, 10, 15, 20, 25, 30]","[None, None, None, None, None, None, None]","[0.0, 2.14, 4.28, 6.41, 8.55, 10.69, 12.82]"
2349,41.39,-0.1353872066720339,Not Persuadable,"[0, 5, 10, 15, 20, 25, 30]","[None, None, None, None, None, None, None]","[0.0, 2.07, 4.14, 6.21, 8.28, 10.35, 12.42]"
865,37.2,0.0013179960115461,Persuadable,"[0, 5, 10, 15, 20, 25, 30]","[None, None, None, None, None, None, None]","[0.0, 1.86, 3.72, 5.58, 7.44, 9.3, 11.16]"
3036,26.59,0.0857091199370559,Persuadable,"[0, 5, 10, 15, 20, 25, 30]","[None, None, None, None, None, None, None]","[0.0, 1.33, 2.66, 3.99, 5.32, 6.65, 7.98]"
3180,62.56,0.0906263753591833,Persuadable,"[0, 5, 10, 15, 20, 25, 30]","[None, None, None, None, None, None, None]","[0.0, 3.13, 6.26, 9.38, 12.51, 15.64, 18.77]"
555,41.17,0.0084125931452838,Persuadable,"[0, 5, 10, 15, 20, 25, 30]","[None, None, None, None, None, None, None]","[0.0, 2.06, 4.12, 6.18, 8.23, 10.29, 12.35]"
1160,30.58,0.0810674818656402,Persuadable,"[0, 5, 10, 15, 20, 25, 30]","[None, None, None, None, None, None, None]","[0.0, 1.53, 3.06, 4.59, 6.12, 7.64, 9.17]"
1214,52.94,0.0101462980495394,Persuadable,"[0, 5, 10, 15, 20, 25, 30]","[None, None, None, None, None, None, None]","[0.0, 2.65, 5.29, 7.94, 10.59, 13.23, 15.88]"
4236,45.6,-0.0680274168048613,Not Persuadable,"[0, 5, 10, 15, 20, 25, 30]","[None, None, None, None, None, None, None]","[0.0, 2.28, 4.56, 6.84, 9.12, 11.4, 13.68]"
3617,29.65,0.1146159015958895,Highly Persuadable,"[0, 5, 10, 15, 20, 25, 30]","[None, None, None, None, None, None, None]","[0.0, 1.48, 2.96, 4.45, 5.93, 7.41, 8.89]"
49,32.74,0.0702964312592769,Persuadable,"[0, 5, 10, 15, 20, 25, 30]","[None, None, None, None, None, None, None]","[0.0, 1.64, 3.27, 4.91, 6.55, 8.19, 9.82]"
3164,30.23,0.0927841326821371,Persuadable,"[0, 5, 10, 15, 20, 25, 30]","[None, None, None, None, None, None, None]","[0.0, 1.51, 3.02, 4.53, 6.05, 7.56, 9.07]"
701,29.8,0.0573838142788034,Persuadable,"[0, 5, 10, 15, 20, 25, 30]","[None, None, None, None, None, None, None]","[0.0, 1.49, 2.98, 4.47, 5.96, 7.45, 8.94]"
653,49.77,0.0690224234247731,Persuadable,"[0, 5, 10, 15, 20, 25, 30]","[None, None, None, None, None, None, None]","[0.0, 2.49, 4.98, 7.47, 9.95, 12.44, 14.93]"
3882,35.83,0.1279498741440885,Highly Persuadable,"[0, 5, 10, 15, 20, 25, 30]","[None, None, None, None, None, None, None]","[0.0, 1.79, 3.58, 5.37, 7.17, 8.96, 10.75]"
3327,41.96,0.0161050543092944,Persuadable,"[0, 5, 10, 15, 20, 25, 30]","[None, None, None, None, None, None, None]","[0.0, 2.1, 4.2, 6.29, 8.39, 10.49, 12.59]"
749,23.53,0.1860331879919545,Highly Persuadable,"[0, 5, 10, 15, 20, 25, 30]","[None, None, None, None, None, None, None]","[0.0, 1.18, 2.35, 3.53, 4.71, 5.88, 7.06]"
1456,35.13,-0.0328629216364767,Not Persuadable,"[0, 5, 10, 15, 20, 25, 30]","[None, None, None, None, None, None, None]","[0.0, 1.76, 3.51, 5.27, 7.03, 8.78, 10.54]"
4205,60.47,-0.0537735559112609,Not Persuadable,"[0, 5, 10, 15, 20, 25, 30]","[None, None, None, None, None, None, None]","[0.0, 3.02, 6.05, 9.07, 12.09, 15.12, 18.14]"
2101,42.74,-0.0051888570582964,Not Persuadable,"[0, 5, 10, 15, 20, 25, 30]","[None, None, None, None, None, None, None]","[0.0, 2.14, 4.27, 6.41, 8.55, 10.69, 12.82]"
2025,40.45,0.0209184425935933,Persuadable,"[0, 5, 10, 15, 20, 25, 30]","[None, None, None, None, None, None, None]","[0.0, 2.02, 4.05, 6.07, 8.09, 10.11, 12.13]"
867,38.56,-0.0050445351598637,Not Persuadable,"[0, 5, 10, 15, 20, 25, 30]","[None, None, None, None, None, None, None]","[0.0, 1.93, 3.86, 5.78, 7.71, 9.64, 11.57]"
753,35.4,-0.0259886510760146,Not Persuadable,"[0, 5, 10, 15, 20, 25, 30]","[None, None, None, None, None, None, None]","[0.0, 1.77, 3.54, 5.31, 7.08, 8.85, 10.62]"
1645,31.34,0.1883002961637236,Highly Persuadable,"[0, 5, 10, 15, 20, 25, 30]","[None, None, None, None, None, None, None]","[0.0, 1.57, 3.13, 4.7, 6.27, 7.83, 9.4]"
93,27.07,0.0635269159143778,Persuadable,"[0, 5, 10, 15, 20, 25, 30]","[None, None, None, None, None, None, None]","[0.0, 1.35, 2.71, 4.06, 5.41, 6.77, 8.12]"
4608,46.6,0.0463407794968778,Persuadable,"[0, 5, 10, 15, 20, 25, 30]","[None, None, None, None, None, None, None]","[0.0, 2.33, 4.66, 6.99, 9.32, 11.65, 13.98]"
3117,45.44,-0.0968894198648099,Not Persuadable,"[0, 5, 10, 15, 20, 25, 30]","[None, None, None, None, None, None, None]","[0.0, 2.27, 4.54, 6.82, 9.09, 11.36, 13.63]"
2448,42.56,0.0529543462194322,Persuadable,"[0, 5, 10, 15, 20, 25, 30]","[None, None, None, None, None, None, None]","[0.0, 2.13, 4.26, 6.38, 8.51, 10.64, 12.77]"
2645,37.08,0.18045491113011,Highly Persuadable,"[0, 5, 10, 15, 20, 25, 30]","[None, None, None, None, None, None, None]","[0.0, 1.85, 3.71, 5.56, 7.42, 9.27, 11.12]"
1491,38.78,-0.0176832409078503,Not Persuadable,"[0, 5, 10, 15, 20, 25, 30]","[None, None, None, None, None, None, None]","[0.0, 1.94, 3.88, 5.82, 7.76, 9.7, 11.63]"
2911,38.27,-0.0604591333688634,Not Persuadable,"[0, 5, 10, 15, 20, 25, 30]","[None, None, None, None, None, None, None]","[0.0, 1.91, 3.83, 5.74, 7.65, 9.57, 11.48]"
4374,42.58,0.0245710106974974,Persuadable,"[0, 5, 10, 15, 20, 25, 30]","[None, None, None, None, None, None, None]","[0.0, 2.13, 4.26, 6.39, 8.52, 10.64, 12.77]"
730,38.34,-0.0155395436722955,Not Persuadable,"[0, 5, 10, 15, 20, 25, 30]","[None, None, None, None, None, None, None]","[0.0, 1.92, 3.83, 5.75, 7.67, 9.59, 11.5]"
2733,35.09,0.1729112969832479,Highly Persuadable,"[0, 5, 10, 15, 20, 25, 30]","[None, None, None, None, None, None, None]","[0.0, 1.75, 3.51, 5.26, 7.02, 8.77, 10.53]"
2487,43.43,0.0169612568176109,Persuadable,"[0, 5, 10, 15, 20, 25, 30]","[None, None, None, None, None, None, None]","[0.0, 2.17, 4.34, 6.51, 8.69, 10.86, 13.03]"
3997,24.47,-0.013863905961998,Not Persuadable,"[0, 5, 10, 15, 20, 25, 30]","[None, None, None, None, None, None, None]","[0.0, 1.22, 2.45, 3.67, 4.89, 6.12, 7.34]"
1937,43.67,-0.0196510050552197,Not Persuadable,"[0, 5, 10, 15, 20, 25, 30]","[None, None, None, None, None, None, None]","[0.0, 2.18, 4.37, 6.55, 8.73, 10.92, 13.1]"
1746,40.77,0.0637362774148792,Persuadable,"[0, 5, 10, 15, 20, 25, 30]","[None, None, None, None, None, None, None]","[0.0, 2.04, 4.08, 6.12, 8.15, 10.19, 12.23]"
4450,28.02,-0.0616447767964286,Not Persuadable,"[0, 5, 10, 15, 20, 25, 30]","[None, None, None, None, None, None, None]","[0.0, 1.4, 2.8, 4.2, 5.6, 7.0, 8.41]"
4020,35.94,-0.0539004138920565,Not Persuadable,"[0, 5, 10, 15, 20, 25, 30]","[None, None, None, None, None, None, None]","[0.0, 1.8, 3.59, 5.39, 7.19, 8.98, 10.78]"
4102,39.68,0.0902019126108151,Persuadable,"[0, 5, 10, 15, 20, 25, 30]","[None, None, None, None, None, None, None]","[0.0, 1.98, 3.97, 5.95, 7.94, 9.92, 11.9]"
1958,41.31,0.0491693667992612,Persuadable,"[0, 5, 10, 15, 20, 25, 30]","[None, None, None, None, None, None, None]","[0.0, 2.07, 4.13, 6.2, 8.26, 10.33, 12.39]"
1111,37.38,0.1308122861282015,Highly Persuadable,"[0, 5, 10, 15, 20, 25, 30]","[None, None, None, None, None, None, None]","[0.0, 1.87, 3.74, 5.61, 7.48, 9.35, 11.21]"
3353,56.2,0.0254043343504417,Persuadable,"[0, 5, 10, 15, 20, 25, 30]","[None, None, None, None, None, None, None]","[0.0, 2.81, 5.62, 8.43, 11.24, 14.05, 16.86]"
4051,32.8,-0.1044113254266594,Not Persuadable,"[0, 5, 10, 15, 20, 25, 30]","[None, None, None, None, None, None, None]","[0.0, 1.64, 3.28, 4.92, 6.56, 8.2, 9.84]"
4482,34.16,0.0590860310722823,Persuadable,"[0, 5, 10, 15, 20, 25, 30]","[None, None, None, None, None, None, None]","[0.0, 1.71, 3.42, 5.12, 6.83, 8.54, 10.25]"
4167,20.71,0.0566803915700458,Persuadable,"[0, 5, 10, 15, 20, 25, 30]","[None, None, None, None, None, None, None]","[0.0, 1.04, 2.07, 3.11, 4.14, 5.18, 6.21]"
347,24.14,0.132686297951283,Highly Persuadable,"[0, 5, 10, 15, 20, 25, 30]","[None, None, None, None, None, None, None]","[0.0, 1.21, 2.41, 3.62, 4.83, 6.04, 7.24]"
1186,18.59,0.0469997344019798,Persuadable,"[0, 5, 10, 15, 20, 25, 30]","[None, None, None, None, None, None, None]","[0.0, 0.93, 1.86, 2.79, 3.72, 4.65, 5.58]"
4025,46.44,0.0763324897836304,Persuadable,"[0, 5, 10, 15, 20, 25, 30]","[None, None, None, None, None, None, None]","[0.0, 2.32, 4.64, 6.97, 9.29, 11.61, 13.93]"
1516,29.79,0.1656671295946422,Highly Persuadable,"[0, 5, 10, 15, 20, 25, 30]","[None, None, None, None, None, None, None]","[0.0, 1.49, 2.98, 4.47, 5.96, 7.45, 8.94]"
4680,57.31,-0.0389274273752489,Not Persuadable,"[0, 5, 10, 15, 20, 25, 30]","[None, None, None, None, None, None, None]","[0.0, 2.87, 5.73, 8.6, 11.46, 14.33, 17.19]"
579,19.25,0.0985906933471374,Persuadable,"[0, 5, 10, 15, 20, 25, 30]","[None, None, None, None, None, None, None]","[0.0, 0.96, 1.93, 2.89, 3.85, 4.81, 5.77]"
1965,42.37,0.0458634810052539,Persuadable,"[0, 5, 10, 15, 20, 25, 30]","[None, None, None, None, None, None, None]","[0.0, 2.12, 4.24, 6.36, 8.47, 10.59, 12.71]"
76,47.48,-0.016173626963776,Not Persuadable,"[0, 5, 10, 15, 20, 25, 30]","[None, None, None, None, None, None, None]","[0.0, 2.37, 4.75, 7.12, 9.5, 11.87, 14.24]"
1430,29.42,0.0232422579542586,Persuadable,"[0, 5, 10, 15, 20, 25, 30]","[None, None, None, None, None, None, None]","[0.0, 1.47, 2.94, 4.41, 5.88, 7.36, 8.83]"
3752,40.58,0.0382615608605416,Persuadable,"[0, 5, 10, 15, 20, 25, 30]","[None, None, None, None, None, None, None]","[0.0, 2.03, 4.06, 6.09, 8.12, 10.14, 12.17]"
4441,37.62,0.017090525835949,Persuadable,"[0, 5, 10, 15, 20, 25, 30]","[None, None, None, None, None, None, None]","[0.0, 1.88, 3.76, 5.64, 7.52, 9.4, 11.29]"
4324,29.72,0.1082183833754846,Highly Persuadable,"[0, 5, 10, 15, 20, 25, 30]","[None, None, None, None, None, None, None]","[0.0, 1.49, 2.97, 4.46, 5.94, 7.43, 8.92]"
4963,43.23,0.0014293949896111,Persuadable,"[0, 5, 10, 15, 20, 25, 30]","[None, None, None, None, None, None, None]","[0.0, 2.16, 4.32, 6.48, 8.65, 10.81, 12.97]"
1847,29.03,0.1099871240777689,Highly Persuadable,"[0, 5, 10, 15, 20, 25, 30]","[None, None, None, None, None, None, None]","[0.0, 1.45, 2.9, 4.35, 5.81, 7.26, 8.71]"
132,31.82,0.0655541959767291,Persuadable,"[0, 5, 10, 15, 20, 25, 30]","[None, None, None, None, None, None, None]","[0.0, 1.59, 3.18, 4.77, 6.36, 7.96, 9.55]"
179,22.71,-0.069681635485849,Not Persuadable,"[0, 5, 10, 15, 20, 25, 30]","[None, None, None, None, None, None, None]","[0.0, 1.14, 2.27, 3.41, 4.54, 5.68, 6.81]"
2965,43.48,-0.0366331956143574,Not Persuadable,"[0, 5, 10, 15, 20, 25, 30]","[None, None, None, None, None, None, None]","[0.0, 2.17, 4.35, 6.52, 8.7, 10.87, 13.04]"
4477,18.01,0.1715926329230494,Highly Persuadable,"[0, 5, 10, 15, 20, 25, 30]","[None, None, None, None, None, None, None]","[0.0, 0.9, 1.8, 2.7, 3.6, 4.5, 5.4]"
2711,34.62,-0.0103994096970655,Not Persuadable,"[0, 5, 10, 15, 20, 25, 30]","[None, None, None, None, None, None, None]","[0.0, 1.73, 3.46, 5.19, 6.92, 8.65, 10.39]"
4702,36.05,-0.0217982931329086,Not Persuadable,"[0, 5, 10, 15, 20, 25, 30]","[None, None, None, None, None, None, None]","[0.0, 1.8, 3.6, 5.41, 7.21, 9.01, 10.81]"
1843,37.52,0.1265078825270485,Highly Persuadable,"[0, 5, 10, 15, 20, 25, 30]","[None, None, None, None, None, None, None]","[0.0, 1.88, 3.75, 5.63, 7.5, 9.38, 11.26]"
2218,48.74,-0.1305518140250769,Not Persuadable,"[0, 5, 10, 15, 20, 25, 30]","[None, None, None, None, None, None, None]","[0.0, 2.44, 4.87, 7.31, 9.75, 12.19, 14.62]"
3594,31.08,0.0550168716481558,Persuadable,"[0, 5, 10, 15, 20, 25, 30]","[None, None, None, None, None, None, None]","[0.0, 1.55, 3.11, 4.66, 6.22, 7.77, 9.32]"
2389,32.6,0.0413118469233447,Persuadable,"[0, 5, 10, 15, 20, 25, 30]","[None, None, None, None, None, None, None]","[0.0, 1.63, 3.26, 4.89, 6.52, 8.15, 9.78]"
605,32.81,0.0248056707140726,Persuadable,"[0, 5, 10, 15, 20, 25, 30]","[None, None, None, None, None, None, None]","[0.0, 1.64, 3.28, 4.92, 6.56, 8.2, 9.84]"
2643,11.84,0.1721671326644916,Highly Persuadable,"[0, 5, 10, 15, 20, 25, 30]","[None, None, None, None, None, None, None]","[0.0, 0.59, 1.18, 1.78, 2.37, 2.96, 3.55]"
26,32.45,0.0267907851105405,Persuadable,"[0, 5, 10, 15, 20, 25, 30]","[None, None, None, None, None, None, None]","[0.0, 1.62, 3.25, 4.87, 6.49, 8.11, 9.74]"
659,29.28,0.0282524895107346,Persuadable,"[0, 5, 10, 15, 20, 25, 30]","[None, None, None, None, None, None, None]","[0.0, 1.46, 2.93, 4.39, 5.86, 7.32, 8.78]"
1897,20.18,-0.0796561309232402,Not Persuadable,"[0, 5, 10, 15, 20, 25, 30]","[None, None, None, None, None, None, None]","[0.0, 1.01, 2.02, 3.03, 4.04, 5.04, 6.05]"
3545,53.25,0.1493353736359222,Highly Persuadable,"[0, 5, 10, 15, 20, 25, 30]","[None, None, None, None, None, None, None]","[0.0, 2.66, 5.33, 7.99, 10.65, 13.31, 15.97]"
4769,34.3,0.0036375739413071,Persuadable,"[0, 5, 10, 15, 20, 25, 30]","[None, None, None, None, None, None, None]","[0.0, 1.71, 3.43, 5.14, 6.86, 8.57, 10.29]"
174,20.15,-0.0011418237696988,Not Persuadable,"[0, 5, 10, 15, 20, 25, 30]","[None, None, None, None, None, None, None]","[0.0, 1.01, 2.02, 3.02, 4.03, 5.04, 6.04]"
1612,12.53,0.0764031210319133,Persuadable,"[0, 5, 10, 15, 20, 25, 30]","[None, None, None, None, None, None, None]","[0.0, 0.63, 1.25, 1.88, 2.51, 3.13, 3.76]"
438,33.08,0.0134392651608536,Persuadable,"[0, 5, 10, 15, 20, 25, 30]","[None, None, None, None, None, None, None]","[0.0, 1.65, 3.31, 4.96, 6.62, 8.27, 9.92]"
332,46.23,0.107454398823496,Highly Persuadable,"[0, 5, 10, 15, 20, 25, 30]","[None, None, None, None, None, None, None]","[0.0, 2.31, 4.62, 6.93, 9.25, 11.56, 13.87]"
1455,47.75,0.0992358613550725,Persuadable,"[0, 5, 10, 15, 20, 25, 30]","[None, None, None, None, None, None, None]","[0.0, 2.39, 4.78, 7.16, 9.55, 11.94, 14.32]"
343,34.91,0.0601944100932045,Persuadable,"[0, 5, 10, 15, 20, 25, 30]","[None, None, None, None, None, None, None]","[0.0, 1.75, 3.49, 5.24, 6.98, 8.73, 10.47]"
3214,15.19,0.0457473865868219,Persuadable,"[0, 5, 10, 15, 20, 25, 30]","[None, None, None, None, None, None, None]","[0.0, 0.76, 1.52, 2.28, 3.04, 3.8, 4.56]"
2562,37.75,0.0047268745721111,Persuadable,"[0, 5, 10, 15, 20, 25, 30]","[None, None, None, None, None, None, None]","[0.0, 1.89, 3.78, 5.66, 7.55, 9.44, 11.32]"
1089,64.73,0.0232451985895509,Persuadable,"[0, 5, 10, 15, 20, 25, 30]","[None, None, None, None, None, None, None]","[0.0, 3.24, 6.47, 9.71, 12.95, 16.18, 19.42]"
480,42.05,-0.0295185632324993,Not Persuadable,"[0, 5, 10, 15, 20, 25, 30]","[None, None, None, None, None, None, None]","[0.0, 2.1, 4.21, 6.31, 8.41, 10.51, 12.61]"
728,38.7,-0.0189824276075439,Not Persuadable,"[0, 5, 10, 15, 20, 25, 30]","[None, None, None, None, None, None, None]","[0.0, 1.94, 3.87, 5.81, 7.74, 9.68, 11.61]"
3802,34.42,0.0533272621754427,Persuadable,"[0, 5, 10, 15, 20, 25, 30]","[None, None, None, None, None, None, None]","[0.0, 1.72, 3.44, 5.16, 6.88, 8.61, 10.33]"
977,47.91,-0.0581345273141139,Not Persuadable,"[0, 5, 10, 15, 20, 25, 30]","[None, None, None, None, None, None, None]","[0.0, 2.4, 4.79, 7.19, 9.58, 11.98, 14.37]"
2054,54.29,-0.0634768721337494,Not Persuadable,"[0, 5, 10, 15, 20, 25, 30]","[None, None, None, None, None, None, None]","[0.0, 2.71, 5.43, 8.14, 10.86, 13.57, 16.29]"
2993,46.74,-0.0041842016986709,Not Persuadable,"[0, 5, 10, 15, 20, 25, 30]","[None, None, None, None, None, None, None]","[0.0, 2.34, 4.67, 7.01, 9.35, 11.69, 14.02]"
1929,20.11,0.1033767092199247,Highly Persuadable,"[0, 5, 10, 15, 20, 25, 30]","[None, None, None, None, None, None, None]","[0.0, 1.01, 2.01, 3.02, 4.02, 5.03, 6.03]"
1469,49.2,0.1740510022490038,Highly Persuadable,"[0, 5, 10, 15, 20, 25, 30]","[None, None, None, None, None, None, None]","[0.0, 2.46, 4.92, 7.38, 9.84, 12.3, 14.76]"
1225,17.89,-0.0484637850987395,Not Persuadable,"[0, 5, 10, 15, 20, 25, 30]","[None, None, None, None, None, None, None]","[0.0, 0.89, 1.79, 2.68, 3.58, 4.47, 5.37]"
3729,36.32,0.0573466764807268,Persuadable,"[0, 5, 10, 15, 20, 25, 30]","[None, None, None, None, None, None, None]","[0.0, 1.82, 3.63, 5.45, 7.26, 9.08, 10.9]"
1953,37.62,-0.0029320628700966,Not Persuadable,"[0, 5, 10, 15, 20, 25, 30]","[None, None, None, None, None, None, None]","[0.0, 1.88, 3.76, 5.64, 7.52, 9.4, 11.29]"
4841,29.03,-0.0012737658186025,Not Persuadable,"[0, 5, 10, 15, 20, 25, 30]","[None, None, None, None, None, None, None]","[0.0, 1.45, 2.9, 4.35, 5.81, 7.26, 8.71]"
4616,53.16,0.1441601996244103,Highly Persuadable,"[0, 5, 10, 15, 20, 25, 30]","[None, None, None, None, None, None, None]","[0.0, 2.66, 5.32, 7.97, 10.63, 13.29, 15.95]"
1893,26.97,0.0775564766711761,Persuadable,"[0, 5, 10, 15, 20, 25, 30]","[None, None, None, None, None, None, None]","[0.0, 1.35, 2.7, 4.05, 5.39, 6.74, 8.09]"
1300,40.04,0.0360693350269251,Persuadable,"[0, 5, 10, 15, 20, 25, 30]","[None, None, None, None, None, None, None]","[0.0, 2.0, 4.0, 6.01, 8.01, 10.01, 12.01]"
3806,48.75,-0.0334934660712793,Not Persuadable,"[0, 5, 10, 15, 20, 25, 30]","[None, None, None, None, None, None, None]","[0.0, 2.44, 4.88, 7.31, 9.75, 12.19, 14.62]"
4610,53.06,-0.0335681637586321,Not Persuadable,"[0, 5, 10, 15, 20, 25, 30]","[None, None, None, None, None, None, None]","[0.0, 2.65, 5.31, 7.96, 10.61, 13.27, 15.92]"
661,19.8,-0.0610481627447163,Not Persuadable,"[0, 5, 10, 15, 20, 25, 30]","[None, None, None, None, None, None, None]","[0.0, 0.99, 1.98, 2.97, 3.96, 4.95, 5.94]"
4761,47.09,0.0680745750591678,Persuadable,"[0, 5, 10, 15, 20, 25, 30]","[None, None, None, None, None, None, None]","[0.0, 2.35, 4.71, 7.06, 9.42, 11.77, 14.13]"
2410,28.93,0.0394848248853019,Persuadable,"[0, 5, 10, 15, 20, 25, 30]","[None, None, None, None, None, None, None]","[0.0, 1.45, 2.89, 4.34, 5.79, 7.23, 8.68]"
4571,49.36,-0.0905958005924912,Not Persuadable,"[0, 5, 10, 15, 20, 25, 30]","[None, None, None, None, None, None, None]","[0.0, 2.47, 4.94, 7.4, 9.87, 12.34, 14.81]"
2992,44.41,0.0822280275130486,Persuadable,"[0, 5, 10, 15, 20, 25, 30]","[None, None, None, None, None, None, None]","[0.0, 2.22, 4.44, 6.66, 8.88, 11.1, 13.32]"
4735,25.2,0.0155095265964492,Persuadable,"[0, 5, 10, 15, 20, 25, 30]","[None, None, None, None, None, None, None]","[0.0, 1.26, 2.52, 3.78, 5.04, 6.3, 7.56]"
3067,52.98,0.1265806782173964,Highly Persuadable,"[0, 5, 10, 15, 20, 25, 30]","[None, None, None, None, None, None, None]","[0.0, 2.65, 5.3, 7.95, 10.6, 13.24, 15.89]"
2719,39.68,0.1896751384223622,Highly Persuadable,"[0, 5, 10, 15, 20, 25, 30]","[None, None, None, None, None, None, None]","[0.0, 1.98, 3.97, 5.95, 7.94, 9.92, 11.9]"
3614,32.36,0.0535289500527002,Persuadable,"[0, 5, 10, 15, 20, 25, 30]","[None, None, None, None, None, None, None]","[0.0, 1.62, 3.24, 4.85, 6.47, 8.09, 9.71]"
3207,33.7,0.0458314144720946,Persuadable,"[0, 5, 10, 15, 20, 25, 30]","[None, None, None, None, None, None, None]","[0.0, 1.69, 3.37, 5.06, 6.74, 8.43, 10.11]"
1279,41.77,-0.0442481221460424,Not Persuadable,"[0, 5, 10, 15, 20, 25, 30]","[None, None, None, None, None, None, None]","[0.0, 2.09, 4.18, 6.27, 8.35, 10.44, 12.53]"
3086,37.88,-0.1133985744396324,Not Persuadable,"[0, 5, 10, 15, 20, 25, 30]","[None, None, None, None, None, None, None]","[0.0, 1.89, 3.79, 5.68, 7.58, 9.47, 11.36]"
1622,43.34,-0.1115579782965535,Not Persuadable,"[0, 5, 10, 15, 20, 25, 30]","[None, None, None, None, None, None, None]","[0.0, 2.17, 4.33, 6.5, 8.67, 10.84, 13.0]"
3692,34.91,0.0498737682082994,Persuadable,"[0, 5, 10, 15, 20, 25, 30]","[None, None, None, None, None, None, None]","[0.0, 1.75, 3.49, 5.24, 6.98, 8.73, 10.47]"
2847,45.53,-0.0770010830456854,Not Persuadable,"[0, 5, 10, 15, 20, 25, 30]","[None, None, None, None, None, None, None]","[0.0, 2.28, 4.55, 6.83, 9.11, 11.38, 13.66]"
68,41.1,0.063466630326209,Persuadable,"[0, 5, 10, 15, 20, 25, 30]","[None, None, None, None, None, None, None]","[0.0, 2.06, 4.11, 6.17, 8.22, 10.28, 12.33]"
4265,30.8,0.0576695276274337,Persuadable,"[0, 5, 10, 15, 20, 25, 30]","[None, None, None, None, None, None, None]","[0.0, 1.54, 3.08, 4.62, 6.16, 7.7, 9.24]"
4627,13.77,0.1513244723972496,Highly Persuadable,"[0, 5, 10, 15, 20, 25, 30]","[None, None, None, None, None, None, None]","[0.0, 0.69, 1.38, 2.07, 2.75, 3.44, 4.13]"
3809,48.37,-0.0999951893933878,Not Persuadable,"[0, 5, 10, 15, 20, 25, 30]","[None, None, None, None, None, None, None]","[0.0, 2.42, 4.84, 7.26, 9.67, 12.09, 14.51]"
821,33.06,0.0181603884753268,Persuadable,"[0, 5, 10, 15, 20, 25, 30]","[None, None, None, None, None, None, None]","[0.0, 1.65, 3.31, 4.96, 6.61, 8.27, 9.92]"
1227,42.29,0.0346111414744623,Persuadable,"[0, 5, 10, 15, 20, 25, 30]","[None, None, None, None, None, None, None]","[0.0, 2.11, 4.23, 6.34, 8.46, 10.57, 12.69]"
3007,17.02,0.1117092496989899,Highly Persuadable,"[0, 5, 10, 15, 20, 25, 30]","[None, None, None, None, None, None, None]","[0.0, 0.85, 1.7, 2.55, 3.4, 4.25, 5.11]"
4273,30.57,0.0657362167992979,Persuadable,"[0, 5, 10, 15, 20, 25, 30]","[None, None, None, None, None, None, None]","[0.0, 1.53, 3.06, 4.59, 6.11, 7.64, 9.17]"
2759,46.34,-0.1191614327895507,Not Persuadable,"[0, 5, 10, 15, 20, 25, 30]","[None, None, None, None, None, None, None]","[0.0, 2.32, 4.63, 6.95, 9.27, 11.59, 13.9]"
4468,19.06,0.1773748026122958,Highly Persuadable,"[0, 5, 10, 15, 20, 25, 30]","[None, None, None, None, None, None, None]","[0.0, 0.95, 1.91, 2.86, 3.81, 4.76, 5.72]"
4280,26.27,0.0339710842099353,Persuadable,"[0, 5, 10, 15, 20, 25, 30]","[None, None, None, None, None, None, None]","[0.0, 1.31, 2.63, 3.94, 5.25, 6.57, 7.88]"
3365,27.79,0.1896067250642887,Highly Persuadable,"[0, 5, 10, 15, 20, 25, 30]","[None, None, None, None, None, None, None]","[0.0, 1.39, 2.78, 4.17, 5.56, 6.95, 8.34]"
1144,28.42,0.0239149233080786,Persuadable,"[0, 5, 10, 15, 20, 25, 30]","[None, None, None, None, None, None, None]","[0.0, 1.42, 2.84, 4.26, 5.68, 7.11, 8.53]"
398,39.2,0.0074022791137676,Persuadable,"[0, 5, 10, 15, 20, 25, 30]","[None, None, None, None, None, None, None]","[0.0, 1.96, 3.92, 5.88, 7.84, 9.8, 11.76]"
2922,50.82,-0.0012514697382785,Not Persuadable,"[0, 5, 10, 15, 20, 25, 30]","[None, None, None, None, None, None, None]","[0.0, 2.54, 5.08, 7.62, 10.16, 12.71, 15.25]"
4312,40.37,0.1274836867893306,Highly Persuadable,"[0, 5, 10, 15, 20, 25, 30]","[None, None, None, None, None, None, None]","[0.0, 2.02, 4.04, 6.06, 8.07, 10.09, 12.11]"
3037,32.47,0.1197274034100322,Highly Persuadable,"[0, 5, 10, 15, 20, 25, 30]","[None, None, None, None, None, None, None]","[0.0, 1.62, 3.25, 4.87, 6.49, 8.12, 9.74]"
1399,44.23,0.025164751892944,Persuadable,"[0, 5, 10, 15, 20, 25, 30]","[None, None, None, None, None, None, None]","[0.0, 2.21, 4.42, 6.63, 8.85, 11.06, 13.27]"
1660,39.66,0.1448977279124677,Highly Persuadable,"[0, 5, 10, 15, 20, 25, 30]","[None, None, None, None, None, None, None]","[0.0, 1.98, 3.97, 5.95, 7.93, 9.91, 11.9]"
980,24.56,0.0811675139443645,Persuadable,"[0, 5, 10, 15, 20, 25, 30]","[None, None, None, None, None, None, None]","[0.0, 1.23, 2.46, 3.68, 4.91, 6.14, 7.37]"
1299,35.41,0.0658327210740689,Persuadable,"[0, 5, 10, 15, 20, 25, 30]","[None, None, None, None, None, None, None]","[0.0, 1.77, 3.54, 5.31, 7.08, 8.85, 10.62]"
3419,33.76,0.0371084601142833,Persuadable,"[0, 5, 10, 15, 20, 25, 30]","[None, None, None, None, None, None, None]","[0.0, 1.69, 3.38, 5.06, 6.75, 8.44, 10.13]"
83,39.88,0.1142016951075085,Highly Persuadable,"[0, 5, 10, 15, 20, 25, 30]","[None, None, None, None, None, None, None]","[0.0, 1.99, 3.99, 5.98, 7.98, 9.97, 11.96]"
3709,30.31,0.164808845668533,Highly Persuadable,"[0, 5, 10, 15, 20, 25, 30]","[None, None, None, None, None, None, None]","[0.0, 1.52, 3.03, 4.55, 6.06, 7.58, 9.09]"
2474,21.13,0.2340917085753088,Highly Persuadable,"[0, 5, 10, 15, 20, 25, 30]","[None, None, None, None, None, None, None]","[0.0, 1.06, 2.11, 3.17, 4.23, 5.28, 6.34]"
3758,45.47,0.0015270316371459,Persuadable,"[0, 5, 10, 15, 20, 25, 30]","[None, None, None, None, None, None, None]","[0.0, 2.27, 4.55, 6.82, 9.09, 11.37, 13.64]"
3800,38.03,0.029840100363642,Persuadable,"[0, 5, 10, 15, 20, 25, 30]","[None, None, None, None, None, None, None]","[0.0, 1.9, 3.8, 5.7, 7.61, 9.51, 11.41]"
2304,36.07,0.0495678293496476,Persuadable,"[0, 5, 10, 15, 20, 25, 30]","[None, None, None, None, None, None, None]","[0.0, 1.8, 3.61, 5.41, 7.21, 9.02, 10.82]"
424,17.02,-0.0163989472002415,Not Persuadable,"[0, 5, 10, 15, 20, 25, 30]","[None, None, None, None, None, None, None]","[0.0, 0.85, 1.7, 2.55, 3.4, 4.25, 5.11]"
4350,28.06,0.0431389921204907,Persuadable,"[0, 5, 10, 15, 20, 25, 30]","[None, None, None, None, None, None, None]","[0.0, 1.4, 2.81, 4.21, 5.61, 7.01, 8.42]"
1905,40.57,0.0873911466240611,Persuadable,"[0, 5, 10, 15, 20, 25, 30]","[None, None, None, None, None, None, None]","[0.0, 2.03, 4.06, 6.09, 8.11, 10.14, 12.17]"
4625,48.66,0.0109357784947298,Persuadable,"[0, 5, 10, 15, 20, 25, 30]","[None, None, None, None, None, None, None]","[0.0, 2.43, 4.87, 7.3, 9.73, 12.16, 14.6]"
4120,37.38,0.0238982038951025,Persuadable,"[0, 5, 10, 15, 20, 25, 30]","[None, None, None, None, None, None, None]","[0.0, 1.87, 3.74, 5.61, 7.48, 9.35, 11.21]"
4317,40.26,0.0685696142070342,Persuadable,"[0, 5, 10, 15, 20, 25, 30]","[None, None, None, None, None, None, None]","[0.0, 2.01, 4.03, 6.04, 8.05, 10.06, 12.08]"
1566,48.6,-0.0783043360337406,Not Persuadable,"[0, 5, 10, 15, 20, 25, 30]","[None, None, None, None, None, None, None]","[0.0, 2.43, 4.86, 7.29, 9.72, 12.15, 14.58]"
3371,47.24,0.0531741488513739,Persuadable,"[0, 5, 10, 15, 20, 25, 30]","[None, None, None, None, None, None, None]","[0.0, 2.36, 4.72, 7.09, 9.45, 11.81, 14.17]"
840,42.98,-0.0093254600701931,Not Persuadable,"[0, 5, 10, 15, 20, 25, 30]","[None, None, None, None, None, None, None]","[0.0, 2.15, 4.3, 6.45, 8.6, 10.74, 12.89]"
501,11.03,0.0346534626043749,Persuadable,"[0, 5, 10, 15, 20, 25, 30]","[None, None, None, None, None, None, None]","[0.0, 0.55, 1.1, 1.65, 2.21, 2.76, 3.31]"
142,26.21,0.1709096187945723,Highly Persuadable,"[0, 5, 10, 15, 20, 25, 30]","[None, None, None, None, None, None, None]","[0.0, 1.31, 2.62, 3.93, 5.24, 6.55, 7.86]"
1378,46.32,0.0204379287670632,Persuadable,"[0, 5, 10, 15, 20, 25, 30]","[None, None, None, None, None, None, None]","[0.0, 2.32, 4.63, 6.95, 9.26, 11.58, 13.9]"
4016,29.43,0.0664480813267519,Persuadable,"[0, 5, 10, 15, 20, 25, 30]","[None, None, None, None, None, None, None]","[0.0, 1.47, 2.94, 4.41, 5.89, 7.36, 8.83]"
3260,32.97,0.0292559489625667,Persuadable,"[0, 5, 10, 15, 20, 25, 30]","[None, None, None, None, None, None, None]","[0.0, 1.65, 3.3, 4.95, 6.59, 8.24, 9.89]"
1139,35.76,0.066060911138205,Persuadable,"[0, 5, 10, 15, 20, 25, 30]","[None, None, None, None, None, None, None]","[0.0, 1.79, 3.58, 5.36, 7.15, 8.94, 10.73]"
3097,45.5,-0.1093262149523055,Not Persuadable,"[0, 5, 10, 15, 20, 25, 30]","[None, None, None, None, None, None, None]","[0.0, 2.27, 4.55, 6.83, 9.1, 11.38, 13.65]"
1788,29.3,0.1234104711516907,Highly Persuadable,"[0, 5, 10, 15, 20, 25, 30]","[None, None, None, None, None, None, None]","[0.0, 1.47, 2.93, 4.39, 5.86, 7.33, 8.79]"
2582,52.24,0.0399971485411633,Persuadable,"[0, 5, 10, 15, 20, 25, 30]","[None, None, None, None, None, None, None]","[0.0, 2.61, 5.22, 7.84, 10.45, 13.06, 15.67]"
551,45.92,-0.0131792164869571,Not Persuadable,"[0, 5, 10, 15, 20, 25, 30]","[None, None, None, None, None, None, None]","[0.0, 2.3, 4.59, 6.89, 9.18, 11.48, 13.78]"
3115,40.59,0.0578593786727176,Persuadable,"[0, 5, 10, 15, 20, 25, 30]","[None, None, None, None, None, None, None]","[0.0, 2.03, 4.06, 6.09, 8.12, 10.15, 12.18]"
2020,36.24,0.1331500916443887,Highly Persuadable,"[0, 5, 10, 15, 20, 25, 30]","[None, None, None, None, None, None, None]","[0.0, 1.81, 3.62, 5.44, 7.25, 9.06, 10.87]"
949,45.24,0.0439151633649338,Persuadable,"[0, 5, 10, 15, 20, 25, 30]","[None, None, None, None, None, None, None]","[0.0, 2.26, 4.52, 6.79, 9.05, 11.31, 13.57]"
2276,29.83,0.0963585550805723,Persuadable,"[0, 5, 10, 15, 20, 25, 30]","[None, None, None, None, None, None, None]","[0.0, 1.49, 2.98, 4.47, 5.97, 7.46, 8.95]"
533,33.24,0.0673025351978414,Persuadable,"[0, 5, 10, 15, 20, 25, 30]","[None, None, None, None, None, None, None]","[0.0, 1.66, 3.32, 4.99, 6.65, 8.31, 9.97]"
1830,33.67,0.1649670845567792,Highly Persuadable,"[0, 5, 10, 15, 20, 25, 30]","[None, None, None, None, None, None, None]","[0.0, 1.68, 3.37, 5.05, 6.73, 8.42, 10.1]"
2933,48.47,0.092998360074805,Persuadable,"[0, 5, 10, 15, 20, 25, 30]","[None, None, None, None, None, None, None]","[0.0, 2.42, 4.85, 7.27, 9.69, 12.12, 14.54]"
4429,32.89,0.1199201947861721,Highly Persuadable,"[0, 5, 10, 15, 20, 25, 30]","[None, None, None, None, None, None, None]","[0.0, 1.64, 3.29, 4.93, 6.58, 8.22, 9.87]"
3890,35.6,0.031474680812119,Persuadable,"[0, 5, 10, 15, 20, 25, 30]","[None, None, None, None, None, None, None]","[0.0, 1.78, 3.56, 5.34, 7.12, 8.9, 10.68]"
1603,61.31,0.0806936938976422,Persuadable,"[0, 5, 10, 15, 20, 25, 30]","[None, None, None, None, None, None, None]","[0.0, 3.07, 6.13, 9.2, 12.26, 15.33, 18.39]"
640,44.54,-0.0821361305482637,Not Persuadable,"[0, 5, 10, 15, 20, 25, 30]","[None, None, None, None, None, None, None]","[0.0, 2.23, 4.45, 6.68, 8.91, 11.13, 13.36]"
4843,30.81,0.038479789809744,Persuadable,"[0, 5, 10, 15, 20, 25, 30]","[None, None, None, None, None, None, None]","[0.0, 1.54, 3.08, 4.62, 6.16, 7.7, 9.24]"
968,29.96,0.0762324484253815,Persuadable,"[0, 5, 10, 15, 20, 25, 30]","[None, None, None, None, None, None, None]","[0.0, 1.5, 3.0, 4.49, 5.99, 7.49, 8.99]"
4248,41.46,0.0405365190653274,Persuadable,"[0, 5, 10, 15, 20, 25, 30]","[None, None, None, None, None, None, None]","[0.0, 2.07, 4.15, 6.22, 8.29, 10.37, 12.44]"
2641,29.24,0.0801647006488052,Persuadable,"[0, 5, 10, 15, 20, 25, 30]","[None, None, None, None, None, None, None]","[0.0, 1.46, 2.92, 4.39, 5.85, 7.31, 8.77]"
1684,44.3,0.1381172867348268,Highly Persuadable,"[0, 5, 10, 15, 20, 25, 30]","[None, None, None, None, None, None, None]","[0.0, 2.21, 4.43, 6.64, 8.86, 11.07, 13.29]"
4481,42.06,0.1074358287075662,Highly Persuadable,"[0, 5, 10, 15, 20, 25, 30]","[None, None, None, None, None, None, None]","[0.0, 2.1, 4.21, 6.31, 8.41, 10.52, 12.62]"
2358,35.49,-0.0630341761247482,Not Persuadable,"[0, 5, 10, 15, 20, 25, 30]","[None, None, None, None, None, None, None]","[0.0, 1.77, 3.55, 5.32, 7.1, 8.87, 10.65]"
156,44.43,0.0146332889257088,Persuadable,"[0, 5, 10, 15, 20, 25, 30]","[None, None, None, None, None, None, None]","[0.0, 2.22, 4.44, 6.66, 8.89, 11.11, 13.33]"
2630,52.34,-0.1547094602652354,Not Persuadable,"[0, 5, 10, 15, 20, 25, 30]","[None, None, None, None, None, None, None]","[0.0, 2.62, 5.23, 7.85, 10.47, 13.09, 15.7]"
4160,52.38,0.0260696539591043,Persuadable,"[0, 5, 10, 15, 20, 25, 30]","[None, None, None, None, None, None, None]","[0.0, 2.62, 5.24, 7.86, 10.48, 13.1, 15.71]"
1090,33.47,0.0992563088239585,Persuadable,"[0, 5, 10, 15, 20, 25, 30]","[None, None, None, None, None, None, None]","[0.0, 1.67, 3.35, 5.02, 6.69, 8.37, 10.04]"
3821,59.24,0.0075055320517575,Persuadable,"[0, 5, 10, 15, 20, 25, 30]","[None, None, None, None, None, None, None]","[0.0, 2.96, 5.92, 8.89, 11.85, 14.81, 17.77]"
4251,45.06,-0.0063717762734649,Not Persuadable,"[0, 5, 10, 15, 20, 25, 30]","[None, None, None, None, None, None, None]","[0.0, 2.25, 4.51, 6.76, 9.01, 11.27, 13.52]"
289,43.71,0.1327131047822967,Highly Persuadable,"[0, 5, 10, 15, 20, 25, 30]","[None, None, None, None, None, None, None]","[0.0, 2.19, 4.37, 6.56, 8.74, 10.93, 13.11]"
931,40.75,0.0726950737692037,Persuadable,"[0, 5, 10, 15, 20, 25, 30]","[None, None, None, None, None, None, None]","[0.0, 2.04, 4.08, 6.11, 8.15, 10.19, 12.22]"
2551,29.62,0.0143115609653576,Persuadable,"[0, 5, 10, 15, 20, 25, 30]","[None, None, None, None, None, None, None]","[0.0, 1.48, 2.96, 4.44, 5.92, 7.41, 8.89]"
2278,51.92,0.0151882169203566,Persuadable,"[0, 5, 10, 15, 20, 25, 30]","[None, None, None, None, None, None, None]","[0.0, 2.6, 5.19, 7.79, 10.38, 12.98, 15.58]"
3387,25.16,0.0914430569437056,Persuadable,"[0, 5, 10, 15, 20, 25, 30]","[None, None, None, None, None, None, None]","[0.0, 1.26, 2.52, 3.77, 5.03, 6.29, 7.55]"
2699,35.38,0.0765978492814053,Persuadable,"[0, 5, 10, 15, 20, 25, 30]","[None, None, None, None, None, None, None]","[0.0, 1.77, 3.54, 5.31, 7.08, 8.85, 10.61]"
3894,35.29,-0.0080973925114903,Not Persuadable,"[0, 5, 10, 15, 20, 25, 30]","[None, None, None, None, None, None, None]","[0.0, 1.76, 3.53, 5.29, 7.06, 8.82, 10.59]"
943,35.19,0.0862479838700798,Persuadable,"[0, 5, 10, 15, 20, 25, 30]","[None, None, None, None, None, None, None]","[0.0, 1.76, 3.52, 5.28, 7.04, 8.8, 10.56]"
3878,37.85,0.2084297697927702,Highly Persuadable,"[0, 5, 10, 15, 20, 25, 30]","[None, None, None, None, None, None, None]","[0.0, 1.89, 3.79, 5.68, 7.57, 9.46, 11.36]"
4673,35.16,0.0999618110484994,Persuadable,"[0, 5, 10, 15, 20, 25, 30]","[None, None, None, None, None, None, None]","[0.0, 1.76, 3.52, 5.27, 7.03, 8.79, 10.55]"
1699,30.34,0.1223918580635963,Highly Persuadable,"[0, 5, 10, 15, 20, 25, 30]","[None, None, None, None, None, None, None]","[0.0, 1.52, 3.03, 4.55, 6.07, 7.58, 9.1]"
4719,43.02,-0.0466679258648822,Not Persuadable,"[0, 5, 10, 15, 20, 25, 30]","[None, None, None, None, None, None, None]","[0.0, 2.15, 4.3, 6.45, 8.6, 10.76, 12.91]"
3197,32.16,0.0097340170417838,Persuadable,"[0, 5, 10, 15, 20, 25, 30]","[None, None, None, None, None, None, None]","[0.0, 1.61, 3.22, 4.82, 6.43, 8.04, 9.65]"
2522,49.55,-0.0124858729428059,Not Persuadable,"[0, 5, 10, 15, 20, 25, 30]","[None, None, None, None, None, None, None]","[0.0, 2.48, 4.96, 7.43, 9.91, 12.39, 14.86]"
2827,45.86,-0.0544445769199869,Not Persuadable,"[0, 5, 10, 15, 20, 25, 30]","[None, None, None, None, None, None, None]","[0.0, 2.29, 4.59, 6.88, 9.17, 11.46, 13.76]"
986,36.45,0.1184063839589582,Highly Persuadable,"[0, 5, 10, 15, 20, 25, 30]","[None, None, None, None, None, None, None]","[0.0, 1.82, 3.65, 5.47, 7.29, 9.11, 10.94]"
2788,51.38,0.022821252202273,Persuadable,"[0, 5, 10, 15, 20, 25, 30]","[None, None, None, None, None, None, None]","[0.0, 2.57, 5.14, 7.71, 10.28, 12.85, 15.41]"
3083,42.15,0.0032100942881189,Persuadable,"[0, 5, 10, 15, 20, 25, 30]","[None, None, None, None, None, None, None]","[0.0, 2.11, 4.21, 6.32, 8.43, 10.54, 12.64]"
2584,26.47,0.1287156489606348,Highly Persuadable,"[0, 5, 10, 15, 20, 25, 30]","[None, None, None, None, None, None, None]","[0.0, 1.32, 2.65, 3.97, 5.29, 6.62, 7.94]"
4788,18.15,0.1069860109383376,Highly Persuadable,"[0, 5, 10, 15, 20, 25, 30]","[None, None, None, None, None, None, None]","[0.0, 0.91, 1.81, 2.72, 3.63, 4.54, 5.44]"
982,39.39,0.1040252786009854,Highly Persuadable,"[0, 5, 10, 15, 20, 25, 30]","[None, None, None, None, None, None, None]","[0.0, 1.97, 3.94, 5.91, 7.88, 9.85, 11.82]"
2750,34.42,-0.0587961898986535,Not Persuadable,"[0, 5, 10, 15, 20, 25, 30]","[None, None, None, None, None, None, None]","[0.0, 1.72, 3.44, 5.16, 6.88, 8.61, 10.33]"
2446,44.58,0.1238844961096258,Highly Persuadable,"[0, 5, 10, 15, 20, 25, 30]","[None, None, None, None, None, None, None]","[0.0, 2.23, 4.46, 6.69, 8.92, 11.14, 13.37]"
4698,39.76,0.1471512479736572,Highly Persuadable,"[0, 5, 10, 15, 20, 25, 30]","[None, None, None, None, None, None, None]","[0.0, 1.99, 3.98, 5.96, 7.95, 9.94, 11.93]"
2958,56.71,0.1190560465886794,Highly Persuadable,"[0, 5, 10, 15, 20, 25, 30]","[None, None, None, None, None, None, None]","[0.0, 2.84, 5.67, 8.51, 11.34, 14.18, 17.01]"
3544,36.02,0.0695604527316314,Persuadable,"[0, 5, 10, 15, 20, 25, 30]","[None, None, None, None, None, None, None]","[0.0, 1.8, 3.6, 5.4, 7.2, 9.01, 10.81]"
4708,38.66,0.0633721290812631,Persuadable,"[0, 5, 10, 15, 20, 25, 30]","[None, None, None, None, None, None, None]","[0.0, 1.93, 3.87, 5.8, 7.73, 9.66, 11.6]"
1458,48.73,-0.1373388329477298,Not Persuadable,"[0, 5, 10, 15, 20, 25, 30]","[None, None, None, None, None, None, None]","[0.0, 2.44, 4.87, 7.31, 9.75, 12.18, 14.62]"
1396,38.98,-0.0018921545720716,Not Persuadable,"[0, 5, 10, 15, 20, 25, 30]","[None, None, None, None, None, None, None]","[0.0, 1.95, 3.9, 5.85, 7.8, 9.74, 11.69]"
265,24.61,0.1618994083645878,Highly Persuadable,"[0, 5, 10, 15, 20, 25, 30]","[None, None, None, None, None, None, None]","[0.0, 1.23, 2.46, 3.69, 4.92, 6.15, 7.38]"
3683,33.33,0.1069557582305598,Highly Persuadable,"[0, 5, 10, 15, 20, 25, 30]","[None, None, None, None, None, None, None]","[0.0, 1.67, 3.33, 5.0, 6.67, 8.33, 10.0]"
930,36.91,0.1088771589130359,Highly Persuadable,"[0, 5, 10, 15, 20, 25, 30]","[None, None, None, None, None, None, None]","[0.0, 1.85, 3.69, 5.54, 7.38, 9.23, 11.07]"
3076,21.66,0.0827163254134472,Persuadable,"[0, 5, 10, 15, 20, 25, 30]","[None, None, None, None, None, None, None]","[0.0, 1.08, 2.17, 3.25, 4.33, 5.42, 6.5]"
2708,21.85,0.0293624296238806,Persuadable,"[0, 5, 10, 15, 20, 25, 30]","[None, None, None, None, None, None, None]","[0.0, 1.09, 2.19, 3.28, 4.37, 5.46, 6.56]"
247,52.6,0.0500576720294566,Persuadable,"[0, 5, 10, 15, 20, 25, 30]","[None, None, None, None, None, None, None]","[0.0, 2.63, 5.26, 7.89, 10.52, 13.15, 15.78]"
3608,34.82,0.0073057330546802,Persuadable,"[0, 5, 10, 15, 20, 25, 30]","[None, None, None, None, None, None, None]","[0.0, 1.74, 3.48, 5.22, 6.96, 8.71, 10.45]"
1759,40.17,0.0856098752088728,Persuadable,"[0, 5, 10, 15, 20, 25, 30]","[None, None, None, None, None, None, None]","[0.0, 2.01, 4.02, 6.03, 8.03, 10.04, 12.05]"
4915,44.59,0.0496770980915108,Persuadable,"[0, 5, 10, 15, 20, 25, 30]","[None, None, None, None, None, None, None]","[0.0, 2.23, 4.46, 6.69, 8.92, 11.15, 13.38]"
2826,36.26,-0.0369707918752985,Not Persuadable,"[0, 5, 10, 15, 20, 25, 30]","[None, None, None, None, None, None, None]","[0.0, 1.81, 3.63, 5.44, 7.25, 9.06, 10.88]"
924,24.33,0.0792700748639206,Persuadable,"[0, 5, 10, 15, 20, 25, 30]","[None, None, None, None, None, None, None]","[0.0, 1.22, 2.43, 3.65, 4.87, 6.08, 7.3]"
3096,40.21,-0.0179777616839847,Not Persuadable,"[0, 5, 10, 15, 20, 25, 30]","[None, None, None, None, None, None, None]","[0.0, 2.01, 4.02, 6.03, 8.04, 10.05, 12.06]"
269,36.93,0.1879695282275557,Highly Persuadable,"[0, 5, 10, 15, 20, 25, 30]","[None, None, None, None, None, None, None]","[0.0, 1.85, 3.69, 5.54, 7.39, 9.23, 11.08]"
670,28.63,0.0072670968770737,Persuadable,"[0, 5, 10, 15, 20, 25, 30]","[None, None, None, None, None, None, None]","[0.0, 1.43, 2.86, 4.29, 5.73, 7.16, 8.59]"
2751,30.98,0.2758400061805479,Highly Persuadable,"[0, 5, 10, 15, 20, 25, 30]","[None, None, None, None, None, None, None]","[0.0, 1.55, 3.1, 4.65, 6.2, 7.75, 9.29]"
1911,51.12,-0.0553925451012164,Not Persuadable,"[0, 5, 10, 15, 20, 25, 30]","[None, None, None, None, None, None, None]","[0.0, 2.56, 5.11, 7.67, 10.22, 12.78, 15.34]"
3001,54.02,-0.0236418079012664,Not Persuadable,"[0, 5, 10, 15, 20, 25, 30]","[None, None, None, None, None, None, None]","[0.0, 2.7, 5.4, 8.1, 10.8, 13.51, 16.21]"
1153,40.57,0.0754075996892094,Persuadable,"[0, 5, 10, 15, 20, 25, 30]","[None, None, None, None, None, None, None]","[0.0, 2.03, 4.06, 6.09, 8.11, 10.14, 12.17]"
4828,36.34,0.0714789342304768,Persuadable,"[0, 5, 10, 15, 20, 25, 30]","[None, None, None, None, None, None, None]","[0.0, 1.82, 3.63, 5.45, 7.27, 9.09, 10.9]"
3471,21.19,0.0084251959797586,Persuadable,"[0, 5, 10, 15, 20, 25, 30]","[None, None, None, None, None, None, None]","[0.0, 1.06, 2.12, 3.18, 4.24, 5.3, 6.36]"
4252,36.96,-0.0021973004043941,Not Persuadable,"[0, 5, 10, 15, 20, 25, 30]","[None, None, None, None, None, None, None]","[0.0, 1.85, 3.7, 5.54, 7.39, 9.24, 11.09]"
3896,45.3,-0.0209748090166411,Not Persuadable,"[0, 5, 10, 15, 20, 25, 30]","[None, None, None, None, None, None, None]","[0.0, 2.27, 4.53, 6.79, 9.06, 11.32, 13.59]"
2188,26.57,-0.0341815309200419,Not Persuadable,"[0, 5, 10, 15, 20, 25, 30]","[None, None, None, None, None, None, None]","[0.0, 1.33, 2.66, 3.99, 5.31, 6.64, 7.97]"
2998,32.5,0.1086154328248253,Highly Persuadable,"[0, 5, 10, 15, 20, 25, 30]","[None, None, None, None, None, None, None]","[0.0, 1.62, 3.25, 4.88, 6.5, 8.12, 9.75]"
1916,9.6,-0.0646813854181116,Not Persuadable,"[0, 5, 10, 15, 20, 25, 30]","[None, None, None, None, None, None, None]","[0.0, 0.48, 0.96, 1.44, 1.92, 2.4, 2.88]"
613,21.53,0.1215041206677063,Highly Persuadable,"[0, 5, 10, 15, 20, 25, 30]","[None, None, None, None, None, None, None]","[0.0, 1.08, 2.15, 3.23, 4.31, 5.38, 6.46]"
3751,29.97,0.0523721998859942,Persuadable,"[0, 5, 10, 15, 20, 25, 30]","[None, None, None, None, None, None, None]","[0.0, 1.5, 3.0, 4.5, 5.99, 7.49, 8.99]"
4604,40.37,0.0053971319285471,Persuadable,"[0, 5, 10, 15, 20, 25, 30]","[None, None, None, None, None, None, None]","[0.0, 2.02, 4.04, 6.06, 8.07, 10.09, 12.11]"
1899,36.65,0.0208039023243788,Persuadable,"[0, 5, 10, 15, 20, 25, 30]","[None, None, None, None, None, None, None]","[0.0, 1.83, 3.67, 5.5, 7.33, 9.16, 10.99]"
1650,25.38,-0.0394775949072986,Not Persuadable,"[0, 5, 10, 15, 20, 25, 30]","[None, None, None, None, None, None, None]","[0.0, 1.27, 2.54, 3.81, 5.08, 6.34, 7.61]"
3169,21.32,0.1030481372783834,Highly Persuadable,"[0, 5, 10, 15, 20, 25, 30]","[None, None, None, None, None, None, None]","[0.0, 1.07, 2.13, 3.2, 4.26, 5.33, 6.4]"
259,35.1,0.1161177600876118,Highly Persuadable,"[0, 5, 10, 15, 20, 25, 30]","[None, None, None, None, None, None, None]","[0.0, 1.76, 3.51, 5.26, 7.02, 8.78, 10.53]"
848,47.12,0.1399531041466875,Highly Persuadable,"[0, 5, 10, 15, 20, 25, 30]","[None, None, None, None, None, None, None]","[0.0, 2.36, 4.71, 7.07, 9.42, 11.78, 14.14]"
4373,26.45,0.028816762053215,Persuadable,"[0, 5, 10, 15, 20, 25, 30]","[None, None, None, None, None, None, None]","[0.0, 1.32, 2.65, 3.97, 5.29, 6.61, 7.93]"
1234,51.48,0.1193705356504917,Highly Persuadable,"[0, 5, 10, 15, 20, 25, 30]","[None, None, None, None, None, None, None]","[0.0, 2.57, 5.15, 7.72, 10.3, 12.87, 15.44]"
1128,29.68,0.1257189642496711,Highly Persuadable,"[0, 5, 10, 15, 20, 25, 30]","[None, None, None, None, None, None, None]","[0.0, 1.48, 2.97, 4.45, 5.94, 7.42, 8.9]"
1968,39.26,0.1283759788185046,Highly Persuadable,"[0, 5, 10, 15, 20, 25, 30]","[None, None, None, None, None, None, None]","[0.0, 1.96, 3.93, 5.89, 7.85, 9.81, 11.78]"
559,36.55,-0.0323769623487532,Not Persuadable,"[0, 5, 10, 15, 20, 25, 30]","[None, None, None, None, None, None, None]","[0.0, 1.83, 3.65, 5.48, 7.31, 9.14, 10.96]"
4778,43.87,0.0262224222904771,Persuadable,"[0, 5, 10, 15, 20, 25, 30]","[None, None, None, None, None, None, None]","[0.0, 2.19, 4.39, 6.58, 8.77, 10.97, 13.16]"
485,46.07,-0.0586695032589375,Not Persuadable,"[0, 5, 10, 15, 20, 25, 30]","[None, None, None, None, None, None, None]","[0.0, 2.3, 4.61, 6.91, 9.21, 11.52, 13.82]"
1321,23.57,0.1407769714073395,Highly Persuadable,"[0, 5, 10, 15, 20, 25, 30]","[None, None, None, None, None, None, None]","[0.0, 1.18, 2.36, 3.54, 4.71, 5.89, 7.07]"
2760,44.5,0.1578052892839512,Highly Persuadable,"[0, 5, 10, 15, 20, 25, 30]","[None, None, None, None, None, None, None]","[0.0, 2.23, 4.45, 6.67, 8.9, 11.12, 13.35]"
8,42.97,0.011973670602627,Persuadable,"[0, 5, 10, 15, 20, 25, 30]","[None, None, None, None, None, None, None]","[0.0, 2.15, 4.3, 6.45, 8.59, 10.74, 12.89]"
3460,45.52,0.0153937029483062,Persuadable,"[0, 5, 10, 15, 20, 25, 30]","[None, None, None, None, None, None, None]","[0.0, 2.28, 4.55, 6.83, 9.1, 11.38, 13.66]"
3205,44.93,0.1037248533216476,Highly Persuadable,"[0, 5, 10, 15, 20, 25, 30]","[None, None, None, None, None, None, None]","[0.0, 2.25, 4.49, 6.74, 8.99, 11.23, 13.48]"
1451,28.21,0.0120924010873764,Persuadable,"[0, 5, 10, 15, 20, 25, 30]","[None, None, None, None, None, None, None]","[0.0, 1.41, 2.82, 4.23, 5.64, 7.05, 8.46]"
3999,51.68,-0.060976500595342,Not Persuadable,"[0, 5, 10, 15, 20, 25, 30]","[None, None, None, None, None, None, None]","[0.0, 2.58, 5.17, 7.75, 10.34, 12.92, 15.5]"
1815,48.29,-0.028962867736274,Not Persuadable,"[0, 5, 10, 15, 20, 25, 30]","[None, None, None, None, None, None, None]","[0.0, 2.41, 4.83, 7.24, 9.66, 12.07, 14.49]"
774,51.59,0.1583097395100666,Highly Persuadable,"[0, 5, 10, 15, 20, 25, 30]","[None, None, None, None, None, None, None]","[0.0, 2.58, 5.16, 7.74, 10.32, 12.9, 15.48]"
1012,34.87,0.0270190306231317,Persuadable,"[0, 5, 10, 15, 20, 25, 30]","[None, None, None, None, None, None, None]","[0.0, 1.74, 3.49, 5.23, 6.97, 8.72, 10.46]"
2834,30.98,-0.0159393677250115,Not Persuadable,"[0, 5, 10, 15, 20, 25, 30]","[None, None, None, None, None, None, None]","[0.0, 1.55, 3.1, 4.65, 6.2, 7.75, 9.29]"
2464,24.72,0.0852049100721348,Persuadable,"[0, 5, 10, 15, 20, 25, 30]","[None, None, None, None, None, None, None]","[0.0, 1.24, 2.47, 3.71, 4.94, 6.18, 7.42]"
1992,36.82,0.0837714422644522,Persuadable,"[0, 5, 10, 15, 20, 25, 30]","[None, None, None, None, None, None, None]","[0.0, 1.84, 3.68, 5.52, 7.36, 9.21, 11.05]"
1278,44.2,-0.0152014463256822,Not Persuadable,"[0, 5, 10, 15, 20, 25, 30]","[None, None, None, None, None, None, None]","[0.0, 2.21, 4.42, 6.63, 8.84, 11.05, 13.26]"
1784,36.62,0.073228362350033,Persuadable,"[0, 5, 10, 15, 20, 25, 30]","[None, None, None, None, None, None, None]","[0.0, 1.83, 3.66, 5.49, 7.32, 9.15, 10.99]"
4066,37.01,0.0239865496102016,Persuadable,"[0, 5, 10, 15, 20, 25, 30]","[None, None, None, None, None, None, None]","[0.0, 1.85, 3.7, 5.55, 7.4, 9.25, 11.1]"
447,40.81,-0.0398227092982792,Not Persuadable,"[0, 5, 10, 15, 20, 25, 30]","[None, None, None, None, None, None, None]","[0.0, 2.04, 4.08, 6.12, 8.16, 10.2, 12.24]"
881,50.96,0.0382236706499312,Persuadable,"[0, 5, 10, 15, 20, 25, 30]","[None, None, None, None, None, None, None]","[0.0, 2.55, 5.1, 7.64, 10.19, 12.74, 15.29]"
4470,15.55,-0.0442174012766596,Not Persuadable,"[0, 5, 10, 15, 20, 25, 30]","[None, None, None, None, None, None, None]","[0.0, 0.78, 1.56, 2.33, 3.11, 3.89, 4.67]"
782,46.16,-0.060780892892712,Not Persuadable,"[0, 5, 10, 15, 20, 25, 30]","[None, None, None, None, None, None, None]","[0.0, 2.31, 4.62, 6.92, 9.23, 11.54, 13.85]"
1750,30.83,0.0760511015186178,Persuadable,"[0, 5, 10, 15, 20, 25, 30]","[None, None, None, None, None, None, None]","[0.0, 1.54, 3.08, 4.62, 6.17, 7.71, 9.25]"
3404,61.87,0.0941327859856592,Persuadable,"[0, 5, 10, 15, 20, 25, 30]","[None, None, None, None, None, None, None]","[0.0, 3.09, 6.19, 9.28, 12.37, 15.47, 18.56]"
4892,33.36,0.01523527342854,Persuadable,"[0, 5, 10, 15, 20, 25, 30]","[None, None, None, None, None, None, None]","[0.0, 1.67, 3.34, 5.0, 6.67, 8.34, 10.01]"
884,42.69,-0.0092663491711343,Not Persuadable,"[0, 5, 10, 15, 20, 25, 30]","[None, None, None, None, None, None, None]","[0.0, 2.13, 4.27, 6.4, 8.54, 10.67, 12.81]"
2945,25.47,0.130336799505299,Highly Persuadable,"[0, 5, 10, 15, 20, 25, 30]","[None, None, None, None, None, None, None]","[0.0, 1.27, 2.55, 3.82, 5.09, 6.37, 7.64]"
1092,45.17,0.0718966057652904,Persuadable,"[0, 5, 10, 15, 20, 25, 30]","[None, None, None, None, None, None, None]","[0.0, 2.26, 4.52, 6.78, 9.03, 11.29, 13.55]"
4672,23.2,0.0184875377731933,Persuadable,"[0, 5, 10, 15, 20, 25, 30]","[None, None, None, None, None, None, None]","[0.0, 1.16, 2.32, 3.48, 4.64, 5.8, 6.96]"
532,29.96,0.0903170973567905,Persuadable,"[0, 5, 10, 15, 20, 25, 30]","[None, None, None, None, None, None, None]","[0.0, 1.5, 3.0, 4.49, 5.99, 7.49, 8.99]"
4041,44.43,-0.0028517393731491,Not Persuadable,"[0, 5, 10, 15, 20, 25, 30]","[None, None, None, None, None, None, None]","[0.0, 2.22, 4.44, 6.66, 8.89, 11.11, 13.33]"
3340,37.13,0.0371109863904068,Persuadable,"[0, 5, 10, 15, 20, 25, 30]","[None, None, None, None, None, None, None]","[0.0, 1.86, 3.71, 5.57, 7.43, 9.28, 11.14]"
4590,32.7,0.0207064177126475,Persuadable,"[0, 5, 10, 15, 20, 25, 30]","[None, None, None, None, None, None, None]","[0.0, 1.64, 3.27, 4.91, 6.54, 8.18, 9.81]"
1728,39.51,-0.0305785362208166,Not Persuadable,"[0, 5, 10, 15, 20, 25, 30]","[None, None, None, None, None, None, None]","[0.0, 1.98, 3.95, 5.93, 7.9, 9.88, 11.85]"
611,38.59,0.0462408203704082,Persuadable,"[0, 5, 10, 15, 20, 25, 30]","[None, None, None, None, None, None, None]","[0.0, 1.93, 3.86, 5.79, 7.72, 9.65, 11.58]"
571,43.52,0.0399516165889528,Persuadable,"[0, 5, 10, 15, 20, 25, 30]","[None, None, None, None, None, None, None]","[0.0, 2.18, 4.35, 6.53, 8.7, 10.88, 13.06]"
2687,31.33,0.0725574799248411,Persuadable,"[0, 5, 10, 15, 20, 25, 30]","[None, None, None, None, None, None, None]","[0.0, 1.57, 3.13, 4.7, 6.27, 7.83, 9.4]"
3044,23.41,-0.0177991562193536,Not Persuadable,"[0, 5, 10, 15, 20, 25, 30]","[None, None, None, None, None, None, None]","[0.0, 1.17, 2.34, 3.51, 4.68, 5.85, 7.02]"
344,25.16,-0.0071767986025856,Not Persuadable,"[0, 5, 10, 15, 20, 25, 30]","[None, None, None, None, None, None, None]","[0.0, 1.26, 2.52, 3.77, 5.03, 6.29, 7.55]"
3016,48.91,0.0343964948550755,Persuadable,"[0, 5, 10, 15, 20, 25, 30]","[None, None, None, None, None, None, None]","[0.0, 2.45, 4.89, 7.34, 9.78, 12.23, 14.67]"
3155,23.79,0.036177280154117,Persuadable,"[0, 5, 10, 15, 20, 25, 30]","[None, None, None, None, None, None, None]","[0.0, 1.19, 2.38, 3.57, 4.76, 5.95, 7.14]"
435,42.09,0.0405771402050651,Persuadable,"[0, 5, 10, 15, 20, 25, 30]","[None, None, None, None, None, None, None]","[0.0, 2.1, 4.21, 6.31, 8.42, 10.52, 12.63]"
1904,35.43,0.0546499644936166,Persuadable,"[0, 5, 10, 15, 20, 25, 30]","[None, None, None, None, None, None, None]","[0.0, 1.77, 3.54, 5.31, 7.09, 8.86, 10.63]"
3823,32.06,0.0862159990981305,Persuadable,"[0, 5, 10, 15, 20, 25, 30]","[None, None, None, None, None, None, None]","[0.0, 1.6, 3.21, 4.81, 6.41, 8.02, 9.62]"
2790,22.1,0.1111023329260332,Highly Persuadable,"[0, 5, 10, 15, 20, 25, 30]","[None, None, None, None, None, None, None]","[0.0, 1.11, 2.21, 3.31, 4.42, 5.53, 6.63]"
2070,33.94,0.0074053464539932,Persuadable,"[0, 5, 10, 15, 20, 25, 30]","[None, None, None, None, None, None, None]","[0.0, 1.7, 3.39, 5.09, 6.79, 8.48, 10.18]"
1538,43.87,0.0430939292747076,Persuadable,"[0, 5, 10, 15, 20, 25, 30]","[None, None, None, None, None, None, None]","[0.0, 2.19, 4.39, 6.58, 8.77, 10.97, 13.16]"
2268,44.73,-0.0238892288223732,Not Persuadable,"[0, 5, 10, 15, 20, 25, 30]","[None, None, None, None, None, None, None]","[0.0, 2.24, 4.47, 6.71, 8.95, 11.18, 13.42]"
2362,18.77,0.161995316619711,Highly Persuadable,"[0, 5, 10, 15, 20, 25, 30]","[None, None, None, None, None, None, None]","[0.0, 0.94, 1.88, 2.82, 3.75, 4.69, 5.63]"
1518,28.61,-0.0196033172644108,Not Persuadable,"[0, 5, 10, 15, 20, 25, 30]","[None, None, None, None, None, None, None]","[0.0, 1.43, 2.86, 4.29, 5.72, 7.15, 8.58]"
966,48.02,0.065998068657619,Persuadable,"[0, 5, 10, 15, 20, 25, 30]","[None, None, None, None, None, None, None]","[0.0, 2.4, 4.8, 7.2, 9.6, 12.01, 14.41]"
4417,37.02,-0.0538828114433121,Not Persuadable,"[0, 5, 10, 15, 20, 25, 30]","[None, None, None, None, None, None, None]","[0.0, 1.85, 3.7, 5.55, 7.4, 9.26, 11.11]"
529,48.46,-0.1182113804179494,Not Persuadable,"[0, 5, 10, 15, 20, 25, 30]","[None, None, None, None, None, None, None]","[0.0, 2.42, 4.85, 7.27, 9.69, 12.12, 14.54]"
177,47.48,0.0530889527184932,Persuadable,"[0, 5, 10, 15, 20, 25, 30]","[None, None, None, None, None, None, None]","[0.0, 2.37, 4.75, 7.12, 9.5, 11.87, 14.24]"
4595,30.53,0.0078503439245352,Persuadable,"[0, 5, 10, 15, 20, 25, 30]","[None, None, None, None, None, None, None]","[0.0, 1.53, 3.05, 4.58, 6.11, 7.63, 9.16]"
4109,26.37,0.053066870189153,Persuadable,"[0, 5, 10, 15, 20, 25, 30]","[None, None, None, None, None, None, None]","[0.0, 1.32, 2.64, 3.96, 5.27, 6.59, 7.91]"
4308,24.83,0.0127969367288748,Persuadable,"[0, 5, 10, 15, 20, 25, 30]","[None, None, None, None, None, None, None]","[0.0, 1.24, 2.48, 3.72, 4.97, 6.21, 7.45]"
573,20.13,0.0101619865668075,Persuadable,"[0, 5, 10, 15, 20, 25, 30]","[None, None, None, None, None, None, None]","[0.0, 1.01, 2.01, 3.02, 4.03, 5.03, 6.04]"
2315,46.7,0.0949399752028147,Persuadable,"[0, 5, 10, 15, 20, 25, 30]","[None, None, None, None, None, None, None]","[0.0, 2.34, 4.67, 7.0, 9.34, 11.68, 14.01]"
3525,53.97,-0.0238084588309188,Not Persuadable,"[0, 5, 10, 15, 20, 25, 30]","[None, None, None, None, None, None, None]","[0.0, 2.7, 5.4, 8.1, 10.79, 13.49, 16.19]"
2940,51.65,0.0189564435341752,Persuadable,"[0, 5, 10, 15, 20, 25, 30]","[None, None, None, None, None, None, None]","[0.0, 2.58, 5.17, 7.75, 10.33, 12.91, 15.49]"
3227,33.14,0.0754252557551328,Persuadable,"[0, 5, 10, 15, 20, 25, 30]","[None, None, None, None, None, None, None]","[0.0, 1.66, 3.31, 4.97, 6.63, 8.29, 9.94]"
4328,31.67,0.0294488517990615,Persuadable,"[0, 5, 10, 15, 20, 25, 30]","[None, None, None, None, None, None, None]","[0.0, 1.58, 3.17, 4.75, 6.33, 7.92, 9.5]"
2209,33.64,0.1165050067115845,Highly Persuadable,"[0, 5, 10, 15, 20, 25, 30]","[None, None, None, None, None, None, None]","[0.0, 1.68, 3.36, 5.05, 6.73, 8.41, 10.09]"
2581,52.53,-0.0371966089348949,Not Persuadable,"[0, 5, 10, 15, 20, 25, 30]","[None, None, None, None, None, None, None]","[0.0, 2.63, 5.25, 7.88, 10.51, 13.13, 15.76]"
2771,43.38,0.0159181974387006,Persuadable,"[0, 5, 10, 15, 20, 25, 30]","[None, None, None, None, None, None, None]","[0.0, 2.17, 4.34, 6.51, 8.68, 10.85, 13.01]"
384,35.27,-0.0733992890839553,Not Persuadable,"[0, 5, 10, 15, 20, 25, 30]","[None, None, None, None, None, None, None]","[0.0, 1.76, 3.53, 5.29, 7.05, 8.82, 10.58]"
853,53.33,0.0284238948076629,Persuadable,"[0, 5, 10, 15, 20, 25, 30]","[None, None, None, None, None, None, None]","[0.0, 2.67, 5.33, 8.0, 10.67, 13.33, 16.0]"
1881,19.93,0.0246339551637991,Persuadable,"[0, 5, 10, 15, 20, 25, 30]","[None, None, None, None, None, None, None]","[0.0, 1.0, 1.99, 2.99, 3.99, 4.98, 5.98]"
371,33.13,0.0636529517852082,Persuadable,"[0, 5, 10, 15, 20, 25, 30]","[None, None, None, None, None, None, None]","[0.0, 1.66, 3.31, 4.97, 6.63, 8.28, 9.94]"
4338,30.9,0.1576484360905675,Highly Persuadable,"[0, 5, 10, 15, 20, 25, 30]","[None, None, None, None, None, None, None]","[0.0, 1.54, 3.09, 4.63, 6.18, 7.72, 9.27]"
4334,43.91,0.0199737579121129,Persuadable,"[0, 5, 10, 15, 20, 25, 30]","[None, None, None, None, None, None, None]","[0.0, 2.2, 4.39, 6.59, 8.78, 10.98, 13.17]"
1106,46.0,-0.0646630490395111,Not Persuadable,"[0, 5, 10, 15, 20, 25, 30]","[None, None, None, None, None, None, None]","[0.0, 2.3, 4.6, 6.9, 9.2, 11.5, 13.8]"
2587,37.06,0.0368193106578515,Persuadable,"[0, 5, 10, 15, 20, 25, 30]","[None, None, None, None, None, None, None]","[0.0, 1.85, 3.71, 5.56, 7.41, 9.27, 11.12]"
3965,31.35,0.172332049342926,Highly Persuadable,"[0, 5, 10, 15, 20, 25, 30]","[None, None, None, None, None, None, None]","[0.0, 1.57, 3.14, 4.7, 6.27, 7.84, 9.4]"
1337,33.52,0.1913323229034166,Highly Persuadable,"[0, 5, 10, 15, 20, 25, 30]","[None, None, None, None, None, None, None]","[0.0, 1.68, 3.35, 5.03, 6.7, 8.38, 10.06]"
2190,30.1,0.0276101553728765,Persuadable,"[0, 5, 10, 15, 20, 25, 30]","[None, None, None, None, None, None, None]","[0.0, 1.51, 3.01, 4.51, 6.02, 7.53, 9.03]"
4605,32.61,-0.0204083551170202,Not Persuadable,"[0, 5, 10, 15, 20, 25, 30]","[None, None, None, None, None, None, None]","[0.0, 1.63, 3.26, 4.89, 6.52, 8.15, 9.78]"
2673,33.32,0.041904768301269,Persuadable,"[0, 5, 10, 15, 20, 25, 30]","[None, None, None, None, None, None, None]","[0.0, 1.67, 3.33, 5.0, 6.66, 8.33, 10.0]"
3618,26.71,-0.0333773694987375,Not Persuadable,"[0, 5, 10, 15, 20, 25, 30]","[None, None, None, None, None, None, None]","[0.0, 1.34, 2.67, 4.01, 5.34, 6.68, 8.01]"
2946,44.53,-0.0507004259387506,Not Persuadable,"[0, 5, 10, 15, 20, 25, 30]","[None, None, None, None, None, None, None]","[0.0, 2.23, 4.45, 6.68, 8.91, 11.13, 13.36]"
4859,36.74,0.0719378471721504,Persuadable,"[0, 5, 10, 15, 20, 25, 30]","[None, None, None, None, None, None, None]","[0.0, 1.84, 3.67, 5.51, 7.35, 9.19, 11.02]"
1172,37.36,-0.0440106262755724,Not Persuadable,"[0, 5, 10, 15, 20, 25, 30]","[None, None, None, None, None, None, None]","[0.0, 1.87, 3.74, 5.6, 7.47, 9.34, 11.21]"
3993,44.26,-0.1277525750268295,Not Persuadable,"[0, 5, 10, 15, 20, 25, 30]","[None, None, None, None, None, None, None]","[0.0, 2.21, 4.43, 6.64, 8.85, 11.06, 13.28]"
4279,13.72,0.0354104626362848,Persuadable,"[0, 5, 10, 15, 20, 25, 30]","[None, None, None, None, None, None, None]","[0.0, 0.69, 1.37, 2.06, 2.74, 3.43, 4.12]"
1423,22.57,0.1272749153595795,Highly Persuadable,"[0, 5, 10, 15, 20, 25, 30]","[None, None, None, None, None, None, None]","[0.0, 1.13, 2.26, 3.39, 4.51, 5.64, 6.77]"
3208,32.67,0.1285207409148916,Highly Persuadable,"[0, 5, 10, 15, 20, 25, 30]","[None, None, None, None, None, None, None]","[0.0, 1.63, 3.27, 4.9, 6.53, 8.17, 9.8]"
4128,42.84,0.037855157405692,Persuadable,"[0, 5, 10, 15, 20, 25, 30]","[None, None, None, None, None, None, None]","[0.0, 2.14, 4.28, 6.43, 8.57, 10.71, 12.85]"
4363,62.13,0.0443673727936984,Persuadable,"[0, 5, 10, 15, 20, 25, 30]","[None, None, None, None, None, None, None]","[0.0, 3.11, 6.21, 9.32, 12.43, 15.53, 18.64]"
1465,46.4,-0.0395908998741454,Not Persuadable,"[0, 5, 10, 15, 20, 25, 30]","[None, None, None, None, None, None, None]","[0.0, 2.32, 4.64, 6.96, 9.28, 11.6, 13.92]"
875,22.86,0.0632272685175553,Persuadable,"[0, 5, 10, 15, 20, 25, 30]","[None, None, None, None, None, None, None]","[0.0, 1.14, 2.29, 3.43, 4.57, 5.71, 6.86]"
2340,39.92,0.0433946090703566,Persuadable,"[0, 5, 10, 15, 20, 25, 30]","[None, None, None, None, None, None, None]","[0.0, 2.0, 3.99, 5.99, 7.98, 9.98, 11.98]"
4351,32.57,-0.0199321736942157,Not Persuadable,"[0, 5, 10, 15, 20, 25, 30]","[None, None, None, None, None, None, None]","[0.0, 1.63, 3.26, 4.89, 6.51, 8.14, 9.77]"
1252,49.74,0.1527893401754459,Highly Persuadable,"[0, 5, 10, 15, 20, 25, 30]","[None, None, None, None, None, None, None]","[0.0, 2.49, 4.97, 7.46, 9.95, 12.44, 14.92]"
4970,54.23,0.0319627903835852,Persuadable,"[0, 5, 10, 15, 20, 25, 30]","[None, None, None, None, None, None, None]","[0.0, 2.71, 5.42, 8.13, 10.85, 13.56, 16.27]"
841,35.58,0.0853678766080897,Persuadable,"[0, 5, 10, 15, 20, 25, 30]","[None, None, None, None, None, None, None]","[0.0, 1.78, 3.56, 5.34, 7.12, 8.89, 10.67]"
3085,30.13,0.1167995930086776,Highly Persuadable,"[0, 5, 10, 15, 20, 25, 30]","[None, None, None, None, None, None, None]","[0.0, 1.51, 3.01, 4.52, 6.03, 7.53, 9.04]"
582,40.78,0.0934165082375982,Persuadable,"[0, 5, 10, 15, 20, 25, 30]","[None, None, None, None, None, None, None]","[0.0, 2.04, 4.08, 6.12, 8.16, 10.2, 12.23]"
205,27.49,0.0582852140956581,Persuadable,"[0, 5, 10, 15, 20, 25, 30]","[None, None, None, None, None, None, None]","[0.0, 1.37, 2.75, 4.12, 5.5, 6.87, 8.25]"
1642,41.21,0.1656792002713508,Highly Persuadable,"[0, 5, 10, 15, 20, 25, 30]","[None, None, None, None, None, None, None]","[0.0, 2.06, 4.12, 6.18, 8.24, 10.3, 12.36]"
2015,43.8,0.052470498100153,Persuadable,"[0, 5, 10, 15, 20, 25, 30]","[None, None, None, None, None, None, None]","[0.0, 2.19, 4.38, 6.57, 8.76, 10.95, 13.14]"
906,45.6,0.0311564627778083,Persuadable,"[0, 5, 10, 15, 20, 25, 30]","[None, None, None, None, None, None, None]","[0.0, 2.28, 4.56, 6.84, 9.12, 11.4, 13.68]"
632,54.16,0.0108216224064337,Persuadable,"[0, 5, 10, 15, 20, 25, 30]","[None, None, None, None, None, None, None]","[0.0, 2.71, 5.42, 8.12, 10.83, 13.54, 16.25]"
4794,26.64,-0.0187201075964669,Not Persuadable,"[0, 5, 10, 15, 20, 25, 30]","[None, None, None, None, None, None, None]","[0.0, 1.33, 2.66, 4.0, 5.33, 6.66, 7.99]"
1975,36.1,0.0988787238334119,Persuadable,"[0, 5, 10, 15, 20, 25, 30]","[None, None, None, None, None, None, None]","[0.0, 1.81, 3.61, 5.42, 7.22, 9.03, 10.83]"
163,38.96,-0.0226773914650793,Not Persuadable,"[0, 5, 10, 15, 20, 25, 30]","[None, None, None, None, None, None, None]","[0.0, 1.95, 3.9, 5.84, 7.79, 9.74, 11.69]"
3188,29.6,0.1427990477486217,Highly Persuadable,"[0, 5, 10, 15, 20, 25, 30]","[None, None, None, None, None, None, None]","[0.0, 1.48, 2.96, 4.44, 5.92, 7.4, 8.88]"
2880,41.47,0.1331266080729609,Highly Persuadable,"[0, 5, 10, 15, 20, 25, 30]","[None, None, None, None, None, None, None]","[0.0, 2.07, 4.15, 6.22, 8.29, 10.37, 12.44]"
4506,36.06,0.0648855560854906,Persuadable,"[0, 5, 10, 15, 20, 25, 30]","[None, None, None, None, None, None, None]","[0.0, 1.8, 3.61, 5.41, 7.21, 9.02, 10.82]"
618,65.79,0.0549631411708019,Persuadable,"[0, 5, 10, 15, 20, 25, 30]","[None, None, None, None, None, None, None]","[0.0, 3.29, 6.58, 9.87, 13.16, 16.45, 19.74]"
4087,31.8,0.0491423208482051,Persuadable,"[0, 5, 10, 15, 20, 25, 30]","[None, None, None, None, None, None, None]","[0.0, 1.59, 3.18, 4.77, 6.36, 7.95, 9.54]"
1432,35.67,-0.0119040397815146,Not Persuadable,"[0, 5, 10, 15, 20, 25, 30]","[None, None, None, None, None, None, None]","[0.0, 1.78, 3.57, 5.35, 7.13, 8.92, 10.7]"
548,37.19,0.0074867023452077,Persuadable,"[0, 5, 10, 15, 20, 25, 30]","[None, None, None, None, None, None, None]","[0.0, 1.86, 3.72, 5.58, 7.44, 9.3, 11.16]"
3350,28.66,0.1477962241992274,Highly Persuadable,"[0, 5, 10, 15, 20, 25, 30]","[None, None, None, None, None, None, None]","[0.0, 1.43, 2.87, 4.3, 5.73, 7.17, 8.6]"
4557,32.32,0.1915030226577516,Highly Persuadable,"[0, 5, 10, 15, 20, 25, 30]","[None, None, None, None, None, None, None]","[0.0, 1.62, 3.23, 4.85, 6.46, 8.08, 9.7]"
4233,46.66,-0.1318991971472612,Not Persuadable,"[0, 5, 10, 15, 20, 25, 30]","[None, None, None, None, None, None, None]","[0.0, 2.33, 4.67, 7.0, 9.33, 11.66, 14.0]"
2403,36.08,0.0216311810478382,Persuadable,"[0, 5, 10, 15, 20, 25, 30]","[None, None, None, None, None, None, None]","[0.0, 1.8, 3.61, 5.41, 7.22, 9.02, 10.82]"
2681,52.16,-0.0232544878528769,Not Persuadable,"[0, 5, 10, 15, 20, 25, 30]","[None, None, None, None, None, None, None]","[0.0, 2.61, 5.22, 7.82, 10.43, 13.04, 15.65]"
2493,41.46,0.1345006831324123,Highly Persuadable,"[0, 5, 10, 15, 20, 25, 30]","[None, None, None, None, None, None, None]","[0.0, 2.07, 4.15, 6.22, 8.29, 10.37, 12.44]"
4084,40.87,-0.0505270607148619,Not Persuadable,"[0, 5, 10, 15, 20, 25, 30]","[None, None, None, None, None, None, None]","[0.0, 2.04, 4.09, 6.13, 8.17, 10.22, 12.26]"
1862,31.47,0.0403075522603011,Persuadable,"[0, 5, 10, 15, 20, 25, 30]","[None, None, None, None, None, None, None]","[0.0, 1.57, 3.15, 4.72, 6.29, 7.87, 9.44]"
641,22.92,0.0993332252360926,Persuadable,"[0, 5, 10, 15, 20, 25, 30]","[None, None, None, None, None, None, None]","[0.0, 1.15, 2.29, 3.44, 4.58, 5.73, 6.88]"
3003,48.35,-0.0397482472658057,Not Persuadable,"[0, 5, 10, 15, 20, 25, 30]","[None, None, None, None, None, None, None]","[0.0, 2.42, 4.84, 7.25, 9.67, 12.09, 14.5]"
638,44.81,-0.0289841484804168,Not Persuadable,"[0, 5, 10, 15, 20, 25, 30]","[None, None, None, None, None, None, None]","[0.0, 2.24, 4.48, 6.72, 8.96, 11.2, 13.44]"
4121,30.42,0.0667713909151942,Persuadable,"[0, 5, 10, 15, 20, 25, 30]","[None, None, None, None, None, None, None]","[0.0, 1.52, 3.04, 4.56, 6.08, 7.61, 9.13]"
3929,32.36,0.1336977685115971,Highly Persuadable,"[0, 5, 10, 15, 20, 25, 30]","[None, None, None, None, None, None, None]","[0.0, 1.62, 3.24, 4.85, 6.47, 8.09, 9.71]"
3002,34.62,0.1098507745958747,Highly Persuadable,"[0, 5, 10, 15, 20, 25, 30]","[None, None, None, None, None, None, None]","[0.0, 1.73, 3.46, 5.19, 6.92, 8.65, 10.39]"
2097,32.03,0.0669967514667977,Persuadable,"[0, 5, 10, 15, 20, 25, 30]","[None, None, None, None, None, None, None]","[0.0, 1.6, 3.2, 4.8, 6.41, 8.01, 9.61]"
3911,60.99,0.0350885903008454,Persuadable,"[0, 5, 10, 15, 20, 25, 30]","[None, None, None, None, None, None, None]","[0.0, 3.05, 6.1, 9.15, 12.2, 15.25, 18.3]"
4032,51.6,0.1024729058333399,Highly Persuadable,"[0, 5, 10, 15, 20, 25, 30]","[None, None, None, None, None, None, None]","[0.0, 2.58, 5.16, 7.74, 10.32, 12.9, 15.48]"
3693,20.03,0.0405383328681323,Persuadable,"[0, 5, 10, 15, 20, 25, 30]","[None, None, None, None, None, None, None]","[0.0, 1.0, 2.0, 3.0, 4.01, 5.01, 6.01]"
2857,42.73,0.0157170456353581,Persuadable,"[0, 5, 10, 15, 20, 25, 30]","[None, None, None, None, None, None, None]","[0.0, 2.14, 4.27, 6.41, 8.55, 10.68, 12.82]"
922,57.23,0.1022339374876661,Highly Persuadable,"[0, 5, 10, 15, 20, 25, 30]","[None, None, None, None, None, None, None]","[0.0, 2.86, 5.72, 8.58, 11.45, 14.31, 17.17]"
547,41.6,0.0644311012933839,Persuadable,"[0, 5, 10, 15, 20, 25, 30]","[None, None, None, None, None, None, None]","[0.0, 2.08, 4.16, 6.24, 8.32, 10.4, 12.48]"
3685,60.92,-0.0219143669156496,Not Persuadable,"[0, 5, 10, 15, 20, 25, 30]","[None, None, None, None, None, None, None]","[0.0, 3.05, 6.09, 9.14, 12.18, 15.23, 18.28]"
1901,16.91,-0.0107333784989736,Not Persuadable,"[0, 5, 10, 15, 20, 25, 30]","[None, None, None, None, None, None, None]","[0.0, 0.85, 1.69, 2.54, 3.38, 4.23, 5.07]"
2029,53.46,0.0421340616538297,Persuadable,"[0, 5, 10, 15, 20, 25, 30]","[None, None, None, None, None, None, None]","[0.0, 2.67, 5.35, 8.02, 10.69, 13.37, 16.04]"
2302,19.86,0.2345932557838681,Highly Persuadable,"[0, 5, 10, 15, 20, 25, 30]","[None, None, None, None, None, None, None]","[0.0, 0.99, 1.99, 2.98, 3.97, 4.96, 5.96]"
1886,46.31,0.0403293701700787,Persuadable,"[0, 5, 10, 15, 20, 25, 30]","[None, None, None, None, None, None, None]","[0.0, 2.32, 4.63, 6.95, 9.26, 11.58, 13.89]"
1643,23.15,0.0481802603957472,Persuadable,"[0, 5, 10, 15, 20, 25, 30]","[None, None, None, None, None, None, None]","[0.0, 1.16, 2.31, 3.47, 4.63, 5.79, 6.94]"
3526,45.63,0.0587746141124126,Persuadable,"[0, 5, 10, 15, 20, 25, 30]","[None, None, None, None, None, None, None]","[0.0, 2.28, 4.56, 6.84, 9.13, 11.41, 13.69]"
4820,23.75,0.0096143234628214,Persuadable,"[0, 5, 10, 15, 20, 25, 30]","[None, None, None, None, None, None, None]","[0.0, 1.19, 2.38, 3.56, 4.75, 5.94, 7.12]"
2098,41.09,-0.0083573704528575,Not Persuadable,"[0, 5, 10, 15, 20, 25, 30]","[None, None, None, None, None, None, None]","[0.0, 2.05, 4.11, 6.16, 8.22, 10.27, 12.33]"
4368,34.4,0.0314307930802349,Persuadable,"[0, 5, 10, 15, 20, 25, 30]","[None, None, None, None, None, None, None]","[0.0, 1.72, 3.44, 5.16, 6.88, 8.6, 10.32]"
4663,46.17,-0.1015932779043555,Not Persuadable,"[0, 5, 10, 15, 20, 25, 30]","[None, None, None, None, None, None, None]","[0.0, 2.31, 4.62, 6.93, 9.23, 11.54, 13.85]"
4505,49.5,-0.0625773489689457,Not Persuadable,"[0, 5, 10, 15, 20, 25, 30]","[None, None, None, None, None, None, None]","[0.0, 2.48, 4.95, 7.42, 9.9, 12.38, 14.85]"
4978,32.11,0.0944964445880477,Persuadable,"[0, 5, 10, 15, 20, 25, 30]","[None, None, None, None, None, None, None]","[0.0, 1.61, 3.21, 4.82, 6.42, 8.03, 9.63]"
837,34.08,0.0906933711218043,Persuadable,"[0, 5, 10, 15, 20, 25, 30]","[None, None, None, None, None, None, None]","[0.0, 1.7, 3.41, 5.11, 6.82, 8.52, 10.22]"
602,47.29,-0.1015448421933746,Not Persuadable,"[0, 5, 10, 15, 20, 25, 30]","[None, None, None, None, None, None, None]","[0.0, 2.36, 4.73, 7.09, 9.46, 11.82, 14.19]"
2185,44.03,0.0221539065866212,Persuadable,"[0, 5, 10, 15, 20, 25, 30]","[None, None, None, None, None, None, None]","[0.0, 2.2, 4.4, 6.6, 8.81, 11.01, 13.21]"
3884,48.18,0.0714577465586446,Persuadable,"[0, 5, 10, 15, 20, 25, 30]","[None, None, None, None, None, None, None]","[0.0, 2.41, 4.82, 7.23, 9.64, 12.04, 14.45]"
2805,33.12,0.150554655367778,Highly Persuadable,"[0, 5, 10, 15, 20, 25, 30]","[None, None, None, None, None, None, None]","[0.0, 1.66, 3.31, 4.97, 6.62, 8.28, 9.94]"
4318,32.6,-0.0321314562735485,Not Persuadable,"[0, 5, 10, 15, 20, 25, 30]","[None, None, None, None, None, None, None]","[0.0, 1.63, 3.26, 4.89, 6.52, 8.15, 9.78]"
1583,49.28,-0.0929019721352042,Not Persuadable,"[0, 5, 10, 15, 20, 25, 30]","[None, None, None, None, None, None, None]","[0.0, 2.46, 4.93, 7.39, 9.86, 12.32, 14.78]"
4726,37.49,0.0682456843828488,Persuadable,"[0, 5, 10, 15, 20, 25, 30]","[None, None, None, None, None, None, None]","[0.0, 1.87, 3.75, 5.62, 7.5, 9.37, 11.25]"
3319,43.86,-0.0063669008293627,Not Persuadable,"[0, 5, 10, 15, 20, 25, 30]","[None, None, None, None, None, None, None]","[0.0, 2.19, 4.39, 6.58, 8.77, 10.96, 13.16]"
3978,47.28,-0.037075485243053,Not Persuadable,"[0, 5, 10, 15, 20, 25, 30]","[None, None, None, None, None, None, None]","[0.0, 2.36, 4.73, 7.09, 9.46, 11.82, 14.18]"
1071,32.55,0.0498386437366289,Persuadable,"[0, 5, 10, 15, 20, 25, 30]","[None, None, None, None, None, None, None]","[0.0, 1.63, 3.25, 4.88, 6.51, 8.14, 9.76]"
1776,43.11,0.0224522604603715,Persuadable,"[0, 5, 10, 15, 20, 25, 30]","[None, None, None, None, None, None, None]","[0.0, 2.16, 4.31, 6.47, 8.62, 10.78, 12.93]"
4819,48.84,-0.0496874569013948,Not Persuadable,"[0, 5, 10, 15, 20, 25, 30]","[None, None, None, None, None, None, None]","[0.0, 2.44, 4.88, 7.33, 9.77, 12.21, 14.65]"
1284,27.29,-0.0435767841096646,Not Persuadable,"[0, 5, 10, 15, 20, 25, 30]","[None, None, None, None, None, None, None]","[0.0, 1.36, 2.73, 4.09, 5.46, 6.82, 8.19]"
3066,45.92,-0.0767372470018878,Not Persuadable,"[0, 5, 10, 15, 20, 25, 30]","[None, None, None, None, None, None, None]","[0.0, 2.3, 4.59, 6.89, 9.18, 11.48, 13.78]"
4764,45.89,-0.0060546709554031,Not Persuadable,"[0, 5, 10, 15, 20, 25, 30]","[None, None, None, None, None, None, None]","[0.0, 2.29, 4.59, 6.88, 9.18, 11.47, 13.77]"
1837,45.93,-0.0617691329406878,Not Persuadable,"[0, 5, 10, 15, 20, 25, 30]","[None, None, None, None, None, None, None]","[0.0, 2.3, 4.59, 6.89, 9.19, 11.48, 13.78]"
4253,42.78,-0.0179214431239385,Not Persuadable,"[0, 5, 10, 15, 20, 25, 30]","[None, None, None, None, None, None, None]","[0.0, 2.14, 4.28, 6.42, 8.56, 10.7, 12.83]"
1020,35.48,0.0288438431832722,Persuadable,"[0, 5, 10, 15, 20, 25, 30]","[None, None, None, None, None, None, None]","[0.0, 1.77, 3.55, 5.32, 7.1, 8.87, 10.64]"
3221,40.24,0.0663501693485673,Persuadable,"[0, 5, 10, 15, 20, 25, 30]","[None, None, None, None, None, None, None]","[0.0, 2.01, 4.02, 6.04, 8.05, 10.06, 12.07]"
1327,36.35,-0.0435683633135787,Not Persuadable,"[0, 5, 10, 15, 20, 25, 30]","[None, None, None, None, None, None, None]","[0.0, 1.82, 3.64, 5.45, 7.27, 9.09, 10.9]"
476,32.52,0.1825914052646266,Highly Persuadable,"[0, 5, 10, 15, 20, 25, 30]","[None, None, None, None, None, None, None]","[0.0, 1.63, 3.25, 4.88, 6.5, 8.13, 9.76]"
3464,22.39,0.088386249570551,Persuadable,"[0, 5, 10, 15, 20, 25, 30]","[None, None, None, None, None, None, None]","[0.0, 1.12, 2.24, 3.36, 4.48, 5.6, 6.72]"
1652,40.18,0.0613064812106673,Persuadable,"[0, 5, 10, 15, 20, 25, 30]","[None, None, None, None, None, None, None]","[0.0, 2.01, 4.02, 6.03, 8.04, 10.04, 12.05]"
4017,45.14,-0.0012843017224387,Not Persuadable,"[0, 5, 10, 15, 20, 25, 30]","[None, None, None, None, None, None, None]","[0.0, 2.26, 4.51, 6.77, 9.03, 11.29, 13.54]"
4296,50.07,0.0275837984264578,Persuadable,"[0, 5, 10, 15, 20, 25, 30]","[None, None, None, None, None, None, None]","[0.0, 2.5, 5.01, 7.51, 10.01, 12.52, 15.02]"
4190,46.53,0.0017931090294971,Persuadable,"[0, 5, 10, 15, 20, 25, 30]","[None, None, None, None, None, None, None]","[0.0, 2.33, 4.65, 6.98, 9.31, 11.63, 13.96]"
4671,29.57,0.1955851637551929,Highly Persuadable,"[0, 5, 10, 15, 20, 25, 30]","[None, None, None, None, None, None, None]","[0.0, 1.48, 2.96, 4.44, 5.91, 7.39, 8.87]"
2599,34.1,0.0083024136683547,Persuadable,"[0, 5, 10, 15, 20, 25, 30]","[None, None, None, None, None, None, None]","[0.0, 1.71, 3.41, 5.12, 6.82, 8.53, 10.23]"
1374,43.37,-0.1029018158896322,Not Persuadable,"[0, 5, 10, 15, 20, 25, 30]","[None, None, None, None, None, None, None]","[0.0, 2.17, 4.34, 6.51, 8.67, 10.84, 13.01]"
740,37.18,0.028582706789971,Persuadable,"[0, 5, 10, 15, 20, 25, 30]","[None, None, None, None, None, None, None]","[0.0, 1.86, 3.72, 5.58, 7.44, 9.29, 11.15]"
4408,29.91,0.1250636102241209,Highly Persuadable,"[0, 5, 10, 15, 20, 25, 30]","[None, None, None, None, None, None, None]","[0.0, 1.5, 2.99, 4.49, 5.98, 7.48, 8.97]"
4693,43.7,0.0491596472169699,Persuadable,"[0, 5, 10, 15, 20, 25, 30]","[None, None, None, None, None, None, None]","[0.0, 2.19, 4.37, 6.56, 8.74, 10.93, 13.11]"
868,29.0,0.0911754773059335,Persuadable,"[0, 5, 10, 15, 20, 25, 30]","[None, None, None, None, None, None, None]","[0.0, 1.45, 2.9, 4.35, 5.8, 7.25, 8.7]"
1141,65.74,0.0362535938854444,Persuadable,"[0, 5, 10, 15, 20, 25, 30]","[None, None, None, None, None, None, None]","[0.0, 3.29, 6.57, 9.86, 13.15, 16.43, 19.72]"
998,45.75,-0.0442298801616697,Not Persuadable,"[0, 5, 10, 15, 20, 25, 30]","[None, None, None, None, None, None, None]","[0.0, 2.29, 4.58, 6.86, 9.15, 11.44, 13.72]"
1338,29.49,0.0169073154874739,Persuadable,"[0, 5, 10, 15, 20, 25, 30]","[None, None, None, None, None, None, None]","[0.0, 1.47, 2.95, 4.42, 5.9, 7.37, 8.85]"
542,22.74,0.0605840402050688,Persuadable,"[0, 5, 10, 15, 20, 25, 30]","[None, None, None, None, None, None, None]","[0.0, 1.14, 2.27, 3.41, 4.55, 5.68, 6.82]"
1100,26.45,0.1158524511453973,Highly Persuadable,"[0, 5, 10, 15, 20, 25, 30]","[None, None, None, None, None, None, None]","[0.0, 1.32, 2.65, 3.97, 5.29, 6.61, 7.93]"
1133,37.03,0.1185267763296119,Highly Persuadable,"[0, 5, 10, 15, 20, 25, 30]","[None, None, None, None, None, None, None]","[0.0, 1.85, 3.7, 5.55, 7.41, 9.26, 11.11]"
4083,49.26,-0.0942519861578562,Not Persuadable,"[0, 5, 10, 15, 20, 25, 30]","[None, None, None, None, None, None, None]","[0.0, 2.46, 4.93, 7.39, 9.85, 12.31, 14.78]"
4130,34.39,0.0312355565658701,Persuadable,"[0, 5, 10, 15, 20, 25, 30]","[None, None, None, None, None, None, None]","[0.0, 1.72, 3.44, 5.16, 6.88, 8.6, 10.32]"
2259,49.88,0.0143819988731992,Persuadable,"[0, 5, 10, 15, 20, 25, 30]","[None, None, None, None, None, None, None]","[0.0, 2.49, 4.99, 7.48, 9.98, 12.47, 14.96]"
4006,42.23,0.0087558119886206,Persuadable,"[0, 5, 10, 15, 20, 25, 30]","[None, None, None, None, None, None, None]","[0.0, 2.11, 4.22, 6.33, 8.45, 10.56, 12.67]"
60,32.9,0.1410618381067051,Highly Persuadable,"[0, 5, 10, 15, 20, 25, 30]","[None, None, None, None, None, None, None]","[0.0, 1.65, 3.29, 4.93, 6.58, 8.22, 9.87]"
4204,60.75,-0.0330932517398112,Not Persuadable,"[0, 5, 10, 15, 20, 25, 30]","[None, None, None, None, None, None, None]","[0.0, 3.04, 6.08, 9.11, 12.15, 15.19, 18.22]"
1939,34.98,-0.0508107885778489,Not Persuadable,"[0, 5, 10, 15, 20, 25, 30]","[None, None, None, None, None, None, None]","[0.0, 1.75, 3.5, 5.25, 7.0, 8.74, 10.49]"
2592,45.46,0.0046773863479329,Persuadable,"[0, 5, 10, 15, 20, 25, 30]","[None, None, None, None, None, None, None]","[0.0, 2.27, 4.55, 6.82, 9.09, 11.37, 13.64]"
4947,38.43,0.0058248590095284,Persuadable,"[0, 5, 10, 15, 20, 25, 30]","[None, None, None, None, None, None, None]","[0.0, 1.92, 3.84, 5.76, 7.69, 9.61, 11.53]"
1079,48.09,0.0682651412658636,Persuadable,"[0, 5, 10, 15, 20, 25, 30]","[None, None, None, None, None, None, None]","[0.0, 2.4, 4.81, 7.21, 9.62, 12.02, 14.43]"
3380,44.12,-0.0133421831283688,Not Persuadable,"[0, 5, 10, 15, 20, 25, 30]","[None, None, None, None, None, None, None]","[0.0, 2.21, 4.41, 6.62, 8.82, 11.03, 13.24]"
3143,38.29,0.0307275958641182,Persuadable,"[0, 5, 10, 15, 20, 25, 30]","[None, None, None, None, None, None, None]","[0.0, 1.91, 3.83, 5.74, 7.66, 9.57, 11.49]"
2504,39.48,0.0691471085800497,Persuadable,"[0, 5, 10, 15, 20, 25, 30]","[None, None, None, None, None, None, None]","[0.0, 1.97, 3.95, 5.92, 7.9, 9.87, 11.84]"
941,21.87,0.1877675647316946,Highly Persuadable,"[0, 5, 10, 15, 20, 25, 30]","[None, None, None, None, None, None, None]","[0.0, 1.09, 2.19, 3.28, 4.37, 5.47, 6.56]"
1081,34.27,0.1154992204991162,Highly Persuadable,"[0, 5, 10, 15, 20, 25, 30]","[None, None, None, None, None, None, None]","[0.0, 1.71, 3.43, 5.14, 6.85, 8.57, 10.28]"
188,12.01,0.0050509219783719,Persuadable,"[0, 5, 10, 15, 20, 25, 30]","[None, None, None, None, None, None, None]","[0.0, 0.6, 1.2, 1.8, 2.4, 3.0, 3.6]"
2650,42.7,0.0178226576005116,Persuadable,"[0, 5, 10, 15, 20, 25, 30]","[None, None, None, None, None, None, None]","[0.0, 2.14, 4.27, 6.41, 8.54, 10.68, 12.81]"
2086,48.35,-0.1116340817390703,Not Persuadable,"[0, 5, 10, 15, 20, 25, 30]","[None, None, None, None, None, None, None]","[0.0, 2.42, 4.84, 7.25, 9.67, 12.09, 14.5]"
2250,44.85,0.025179237555511,Persuadable,"[0, 5, 10, 15, 20, 25, 30]","[None, None, None, None, None, None, None]","[0.0, 2.24, 4.49, 6.73, 8.97, 11.21, 13.46]"
4901,16.86,-0.0045119939407022,Not Persuadable,"[0, 5, 10, 15, 20, 25, 30]","[None, None, None, None, None, None, None]","[0.0, 0.84, 1.69, 2.53, 3.37, 4.21, 5.06]"
2024,44.36,0.0055027730933623,Persuadable,"[0, 5, 10, 15, 20, 25, 30]","[None, None, None, None, None, None, None]","[0.0, 2.22, 4.44, 6.65, 8.87, 11.09, 13.31]"
2698,61.69,0.0183178872249758,Persuadable,"[0, 5, 10, 15, 20, 25, 30]","[None, None, None, None, None, None, None]","[0.0, 3.08, 6.17, 9.25, 12.34, 15.42, 18.51]"
4067,27.8,0.142362881229075,Highly Persuadable,"[0, 5, 10, 15, 20, 25, 30]","[None, None, None, None, None, None, None]","[0.0, 1.39, 2.78, 4.17, 5.56, 6.95, 8.34]"
3625,31.29,0.0218480145521688,Persuadable,"[0, 5, 10, 15, 20, 25, 30]","[None, None, None, None, None, None, None]","[0.0, 1.56, 3.13, 4.69, 6.26, 7.82, 9.39]"
227,46.21,-0.0892303197450817,Not Persuadable,"[0, 5, 10, 15, 20, 25, 30]","[None, None, None, None, None, None, None]","[0.0, 2.31, 4.62, 6.93, 9.24, 11.55, 13.86]"
3320,62.34,0.0029365523900477,Persuadable,"[0, 5, 10, 15, 20, 25, 30]","[None, None, None, None, None, None, None]","[0.0, 3.12, 6.23, 9.35, 12.47, 15.59, 18.7]"
1930,43.16,0.0064551285261475,Persuadable,"[0, 5, 10, 15, 20, 25, 30]","[None, None, None, None, None, None, None]","[0.0, 2.16, 4.32, 6.47, 8.63, 10.79, 12.95]"
3936,44.47,0.1892019839469529,Highly Persuadable,"[0, 5, 10, 15, 20, 25, 30]","[None, None, None, None, None, None, None]","[0.0, 2.22, 4.45, 6.67, 8.89, 11.12, 13.34]"
4787,38.16,-0.1061315427168795,Not Persuadable,"[0, 5, 10, 15, 20, 25, 30]","[None, None, None, None, None, None, None]","[0.0, 1.91, 3.82, 5.72, 7.63, 9.54, 11.45]"
1405,46.05,-0.0349190148513266,Not Persuadable,"[0, 5, 10, 15, 20, 25, 30]","[None, None, None, None, None, None, None]","[0.0, 2.3, 4.6, 6.91, 9.21, 11.51, 13.81]"
2180,41.83,0.0540331707707187,Persuadable,"[0, 5, 10, 15, 20, 25, 30]","[None, None, None, None, None, None, None]","[0.0, 2.09, 4.18, 6.27, 8.37, 10.46, 12.55]"
698,26.76,0.1256624901259422,Highly Persuadable,"[0, 5, 10, 15, 20, 25, 30]","[None, None, None, None, None, None, None]","[0.0, 1.34, 2.68, 4.01, 5.35, 6.69, 8.03]"
1125,39.46,0.0798305797357203,Persuadable,"[0, 5, 10, 15, 20, 25, 30]","[None, None, None, None, None, None, None]","[0.0, 1.97, 3.95, 5.92, 7.89, 9.87, 11.84]"
2811,40.67,0.0940428933928396,Persuadable,"[0, 5, 10, 15, 20, 25, 30]","[None, None, None, None, None, None, None]","[0.0, 2.03, 4.07, 6.1, 8.13, 10.17, 12.2]"
2935,44.79,0.0460677837712108,Persuadable,"[0, 5, 10, 15, 20, 25, 30]","[None, None, None, None, None, None, None]","[0.0, 2.24, 4.48, 6.72, 8.96, 11.2, 13.44]"
1779,36.89,-0.0417237975113721,Not Persuadable,"[0, 5, 10, 15, 20, 25, 30]","[None, None, None, None, None, None, None]","[0.0, 1.84, 3.69, 5.53, 7.38, 9.22, 11.07]"
2874,28.61,0.0990785258103702,Persuadable,"[0, 5, 10, 15, 20, 25, 30]","[None, None, None, None, None, None, None]","[0.0, 1.43, 2.86, 4.29, 5.72, 7.15, 8.58]"
1038,38.82,0.0075321322970785,Persuadable,"[0, 5, 10, 15, 20, 25, 30]","[None, None, None, None, None, None, None]","[0.0, 1.94, 3.88, 5.82, 7.76, 9.71, 11.65]"
4185,29.64,-0.0415915517124712,Not Persuadable,"[0, 5, 10, 15, 20, 25, 30]","[None, None, None, None, None, None, None]","[0.0, 1.48, 2.96, 4.45, 5.93, 7.41, 8.89]"
2257,58.7,-0.0015253458511165,Not Persuadable,"[0, 5, 10, 15, 20, 25, 30]","[None, None, None, None, None, None, None]","[0.0, 2.94, 5.87, 8.8, 11.74, 14.68, 17.61]"
314,25.37,0.0953706832572746,Persuadable,"[0, 5, 10, 15, 20, 25, 30]","[None, None, None, None, None, None, None]","[0.0, 1.27, 2.54, 3.81, 5.07, 6.34, 7.61]"
2282,40.39,0.113159318763538,Highly Persuadable,"[0, 5, 10, 15, 20, 25, 30]","[None, None, None, None, None, None, None]","[0.0, 2.02, 4.04, 6.06, 8.08, 10.1, 12.12]"
1417,63.58,0.0193772371653018,Persuadable,"[0, 5, 10, 15, 20, 25, 30]","[None, None, None, None, None, None, None]","[0.0, 3.18, 6.36, 9.54, 12.72, 15.89, 19.07]"
1037,27.17,0.0681655054171664,Persuadable,"[0, 5, 10, 15, 20, 25, 30]","[None, None, None, None, None, None, None]","[0.0, 1.36, 2.72, 4.08, 5.43, 6.79, 8.15]"
2160,21.56,-0.0376004182269598,Not Persuadable,"[0, 5, 10, 15, 20, 25, 30]","[None, None, None, None, None, None, None]","[0.0, 1.08, 2.16, 3.23, 4.31, 5.39, 6.47]"
4173,23.39,0.0547338796083905,Persuadable,"[0, 5, 10, 15, 20, 25, 30]","[None, None, None, None, None, None, None]","[0.0, 1.17, 2.34, 3.51, 4.68, 5.85, 7.02]"
1755,27.72,0.0461600590304451,Persuadable,"[0, 5, 10, 15, 20, 25, 30]","[None, None, None, None, None, None, None]","[0.0, 1.39, 2.77, 4.16, 5.54, 6.93, 8.32]"
3128,49.79,0.1798135162661076,Highly Persuadable,"[0, 5, 10, 15, 20, 25, 30]","[None, None, None, None, None, None, None]","[0.0, 2.49, 4.98, 7.47, 9.96, 12.45, 14.94]"
3635,42.74,0.0021107022373894,Persuadable,"[0, 5, 10, 15, 20, 25, 30]","[None, None, None, None, None, None, None]","[0.0, 2.14, 4.27, 6.41, 8.55, 10.69, 12.82]"
4975,41.61,0.0432474398824437,Persuadable,"[0, 5, 10, 15, 20, 25, 30]","[None, None, None, None, None, None, None]","[0.0, 2.08, 4.16, 6.24, 8.32, 10.4, 12.48]"
4531,50.26,0.1409844489136916,Highly Persuadable,"[0, 5, 10, 15, 20, 25, 30]","[None, None, None, None, None, None, None]","[0.0, 2.51, 5.03, 7.54, 10.05, 12.56, 15.08]"
3361,36.91,0.0710802866557267,Persuadable,"[0, 5, 10, 15, 20, 25, 30]","[None, None, None, None, None, None, None]","[0.0, 1.85, 3.69, 5.54, 7.38, 9.23, 11.07]"
4751,21.05,0.1395963769133846,Highly Persuadable,"[0, 5, 10, 15, 20, 25, 30]","[None, None, None, None, None, None, None]","[0.0, 1.05, 2.1, 3.16, 4.21, 5.26, 6.32]"
1507,21.49,0.1223779483454606,Highly Persuadable,"[0, 5, 10, 15, 20, 25, 30]","[None, None, None, None, None, None, None]","[0.0, 1.07, 2.15, 3.22, 4.3, 5.37, 6.45]"
1924,52.19,0.1893576490373536,Highly Persuadable,"[0, 5, 10, 15, 20, 25, 30]","[None, None, None, None, None, None, None]","[0.0, 2.61, 5.22, 7.83, 10.44, 13.05, 15.66]"
449,40.76,-0.0606565527492703,Not Persuadable,"[0, 5, 10, 15, 20, 25, 30]","[None, None, None, None, None, None, None]","[0.0, 2.04, 4.08, 6.11, 8.15, 10.19, 12.23]"
2459,24.01,0.043725609869405,Persuadable,"[0, 5, 10, 15, 20, 25, 30]","[None, None, None, None, None, None, None]","[0.0, 1.2, 2.4, 3.6, 4.8, 6.0, 7.2]"
2544,40.79,0.1184870425029307,Highly Persuadable,"[0, 5, 10, 15, 20, 25, 30]","[None, None, None, None, None, None, None]","[0.0, 2.04, 4.08, 6.12, 8.16, 10.2, 12.24]"
4980,27.26,0.1860377072400195,Highly Persuadable,"[0, 5, 10, 15, 20, 25, 30]","[None, None, None, None, None, None, None]","[0.0, 1.36, 2.73, 4.09, 5.45, 6.82, 8.18]"
4574,44.79,0.0886111201880679,Persuadable,"[0, 5, 10, 15, 20, 25, 30]","[None, None, None, None, None, None, None]","[0.0, 2.24, 4.48, 6.72, 8.96, 11.2, 13.44]"
362,40.0,-0.042967259196176,Not Persuadable,"[0, 5, 10, 15, 20, 25, 30]","[None, None, None, None, None, None, None]","[0.0, 2.0, 4.0, 6.0, 8.0, 10.0, 12.0]"
2184,24.3,0.1631446717418464,Highly Persuadable,"[0, 5, 10, 15, 20, 25, 30]","[None, None, None, None, None, None, None]","[0.0, 1.22, 2.43, 3.65, 4.86, 6.08, 7.29]"
1135,45.14,-0.0035770693999704,Not Persuadable,"[0, 5, 10, 15, 20, 25, 30]","[None, None, None, None, None, None, None]","[0.0, 2.26, 4.51, 6.77, 9.03, 11.29, 13.54]"
3899,35.7,-0.0010350529224732,Not Persuadable,"[0, 5, 10, 15, 20, 25, 30]","[None, None, None, None, None, None, None]","[0.0, 1.79, 3.57, 5.36, 7.14, 8.93, 10.71]"
2156,31.58,0.0407298635415157,Persuadable,"[0, 5, 10, 15, 20, 25, 30]","[None, None, None, None, None, None, None]","[0.0, 1.58, 3.16, 4.74, 6.32, 7.89, 9.47]"
1831,43.38,0.0462568843512892,Persuadable,"[0, 5, 10, 15, 20, 25, 30]","[None, None, None, None, None, None, None]","[0.0, 2.17, 4.34, 6.51, 8.68, 10.85, 13.01]"
1054,61.17,0.0018356512194827,Persuadable,"[0, 5, 10, 15, 20, 25, 30]","[None, None, None, None, None, None, None]","[0.0, 3.06, 6.12, 9.18, 12.23, 15.29, 18.35]"
23,45.89,-0.0830789791529199,Not Persuadable,"[0, 5, 10, 15, 20, 25, 30]","[None, None, None, None, None, None, None]","[0.0, 2.29, 4.59, 6.88, 9.18, 11.47, 13.77]"
2067,48.61,0.025036754955236,Persuadable,"[0, 5, 10, 15, 20, 25, 30]","[None, None, None, None, None, None, None]","[0.0, 2.43, 4.86, 7.29, 9.72, 12.15, 14.58]"
1654,21.76,0.188978726832028,Highly Persuadable,"[0, 5, 10, 15, 20, 25, 30]","[None, None, None, None, None, None, None]","[0.0, 1.09, 2.18, 3.26, 4.35, 5.44, 6.53]"
2603,42.8,-0.0238886277365437,Not Persuadable,"[0, 5, 10, 15, 20, 25, 30]","[None, None, None, None, None, None, None]","[0.0, 2.14, 4.28, 6.42, 8.56, 10.7, 12.84]"
3226,44.45,0.026381483609617,Persuadable,"[0, 5, 10, 15, 20, 25, 30]","[None, None, None, None, None, None, None]","[0.0, 2.22, 4.45, 6.67, 8.89, 11.11, 13.34]"
2813,21.66,0.0060120485938977,Persuadable,"[0, 5, 10, 15, 20, 25, 30]","[None, None, None, None, None, None, None]","[0.0, 1.08, 2.17, 3.25, 4.33, 5.42, 6.5]"
4055,49.7,0.0472818022266684,Persuadable,"[0, 5, 10, 15, 20, 25, 30]","[None, None, None, None, None, None, None]","[0.0, 2.49, 4.97, 7.46, 9.94, 12.43, 14.91]"
2326,56.27,0.1872694760138636,Highly Persuadable,"[0, 5, 10, 15, 20, 25, 30]","[None, None, None, None, None, None, None]","[0.0, 2.81, 5.63, 8.44, 11.25, 14.07, 16.88]"
461,54.7,0.0340584098105977,Persuadable,"[0, 5, 10, 15, 20, 25, 30]","[None, None, None, None, None, None, None]","[0.0, 2.74, 5.47, 8.21, 10.94, 13.68, 16.41]"
1068,43.55,-0.0366250093773551,Not Persuadable,"[0, 5, 10, 15, 20, 25, 30]","[None, None, None, None, None, None, None]","[0.0, 2.18, 4.35, 6.53, 8.71, 10.89, 13.06]"
88,34.23,-0.0269697484769974,Not Persuadable,"[0, 5, 10, 15, 20, 25, 30]","[None, None, None, None, None, None, None]","[0.0, 1.71, 3.42, 5.13, 6.85, 8.56, 10.27]"
1431,39.29,0.1612735006320576,Highly Persuadable,"[0, 5, 10, 15, 20, 25, 30]","[None, None, None, None, None, None, None]","[0.0, 1.96, 3.93, 5.89, 7.86, 9.82, 11.79]"
2663,37.86,-0.0338685117057891,Not Persuadable,"[0, 5, 10, 15, 20, 25, 30]","[None, None, None, None, None, None, None]","[0.0, 1.89, 3.79, 5.68, 7.57, 9.46, 11.36]"
283,34.79,-0.0345945791359592,Not Persuadable,"[0, 5, 10, 15, 20, 25, 30]","[None, None, None, None, None, None, None]","[0.0, 1.74, 3.48, 5.22, 6.96, 8.7, 10.44]"
463,33.89,0.0186051969712411,Persuadable,"[0, 5, 10, 15, 20, 25, 30]","[None, None, None, None, None, None, None]","[0.0, 1.69, 3.39, 5.08, 6.78, 8.47, 10.17]"
213,31.38,0.0522181213511833,Persuadable,"[0, 5, 10, 15, 20, 25, 30]","[None, None, None, None, None, None, None]","[0.0, 1.57, 3.14, 4.71, 6.28, 7.84, 9.41]"
2634,30.78,0.0410223143319187,Persuadable,"[0, 5, 10, 15, 20, 25, 30]","[None, None, None, None, None, None, None]","[0.0, 1.54, 3.08, 4.62, 6.16, 7.7, 9.23]"
1369,41.76,0.2181945484542026,Highly Persuadable,"[0, 5, 10, 15, 20, 25, 30]","[None, None, None, None, None, None, None]","[0.0, 2.09, 4.18, 6.26, 8.35, 10.44, 12.53]"
235,35.44,0.0482145919297144,Persuadable,"[0, 5, 10, 15, 20, 25, 30]","[None, None, None, None, None, None, None]","[0.0, 1.77, 3.54, 5.32, 7.09, 8.86, 10.63]"
3552,33.39,0.0296305648103803,Persuadable,"[0, 5, 10, 15, 20, 25, 30]","[None, None, None, None, None, None, None]","[0.0, 1.67, 3.34, 5.01, 6.68, 8.35, 10.02]"
598,36.04,0.045567017332848,Persuadable,"[0, 5, 10, 15, 20, 25, 30]","[None, None, None, None, None, None, None]","[0.0, 1.8, 3.6, 5.41, 7.21, 9.01, 10.81]"
4431,24.44,0.0751947342424409,Persuadable,"[0, 5, 10, 15, 20, 25, 30]","[None, None, None, None, None, None, None]","[0.0, 1.22, 2.44, 3.67, 4.89, 6.11, 7.33]"
2251,37.86,0.0078823142760062,Persuadable,"[0, 5, 10, 15, 20, 25, 30]","[None, None, None, None, None, None, None]","[0.0, 1.89, 3.79, 5.68, 7.57, 9.46, 11.36]"
4050,30.66,0.0455162843941911,Persuadable,"[0, 5, 10, 15, 20, 25, 30]","[None, None, None, None, None, None, None]","[0.0, 1.53, 3.07, 4.6, 6.13, 7.67, 9.2]"
2284,37.84,0.0291972037629245,Persuadable,"[0, 5, 10, 15, 20, 25, 30]","[None, None, None, None, None, None, None]","[0.0, 1.89, 3.78, 5.68, 7.57, 9.46, 11.35]"
663,31.57,0.0573288994036853,Persuadable,"[0, 5, 10, 15, 20, 25, 30]","[None, None, None, None, None, None, None]","[0.0, 1.58, 3.16, 4.74, 6.31, 7.89, 9.47]"
4974,24.49,0.0844996153395961,Persuadable,"[0, 5, 10, 15, 20, 25, 30]","[None, None, None, None, None, None, None]","[0.0, 1.22, 2.45, 3.67, 4.9, 6.12, 7.35]"
2286,49.43,-0.0530732570358357,Not Persuadable,"[0, 5, 10, 15, 20, 25, 30]","[None, None, None, None, None, None, None]","[0.0, 2.47, 4.94, 7.41, 9.89, 12.36, 14.83]"
4727,38.3,0.0190254139190074,Persuadable,"[0, 5, 10, 15, 20, 25, 30]","[None, None, None, None, None, None, None]","[0.0, 1.92, 3.83, 5.74, 7.66, 9.57, 11.49]"
3209,26.9,-0.0067369739635671,Not Persuadable,"[0, 5, 10, 15, 20, 25, 30]","[None, None, None, None, None, None, None]","[0.0, 1.34, 2.69, 4.03, 5.38, 6.72, 8.07]"
2519,57.5,0.1326154243793873,Highly Persuadable,"[0, 5, 10, 15, 20, 25, 30]","[None, None, None, None, None, None, None]","[0.0, 2.88, 5.75, 8.62, 11.5, 14.38, 17.25]"
3448,42.29,0.0295023234755587,Persuadable,"[0, 5, 10, 15, 20, 25, 30]","[None, None, None, None, None, None, None]","[0.0, 2.11, 4.23, 6.34, 8.46, 10.57, 12.69]"
780,24.86,0.1097186834070665,Highly Persuadable,"[0, 5, 10, 15, 20, 25, 30]","[None, None, None, None, None, None, None]","[0.0, 1.24, 2.49, 3.73, 4.97, 6.21, 7.46]"
4211,48.92,-0.0064315230739168,Not Persuadable,"[0, 5, 10, 15, 20, 25, 30]","[None, None, None, None, None, None, None]","[0.0, 2.45, 4.89, 7.34, 9.78, 12.23, 14.68]"
3442,44.51,-0.0431337755739617,Not Persuadable,"[0, 5, 10, 15, 20, 25, 30]","[None, None, None, None, None, None, None]","[0.0, 2.23, 4.45, 6.68, 8.9, 11.13, 13.35]"
4874,9.59,0.0760957566405369,Persuadable,"[0, 5, 10, 15, 20, 25, 30]","[None, None, None, None, None, None, None]","[0.0, 0.48, 0.96, 1.44, 1.92, 2.4, 2.88]"
4469,36.95,0.0238562712789117,Persuadable,"[0, 5, 10, 15, 20, 25, 30]","[None, None, None, None, None, None, None]","[0.0, 1.85, 3.7, 5.54, 7.39, 9.24, 11.09]"
4846,31.88,-0.0424180000556151,Not Persuadable,"[0, 5, 10, 15, 20, 25, 30]","[None, None, None, None, None, None, None]","[0.0, 1.59, 3.19, 4.78, 6.38, 7.97, 9.56]"
686,30.74,0.1481880311885243,Highly Persuadable,"[0, 5, 10, 15, 20, 25, 30]","[None, None, None, None, None, None, None]","[0.0, 1.54, 3.07, 4.61, 6.15, 7.68, 9.22]"
3185,38.86,0.023709720552231,Persuadable,"[0, 5, 10, 15, 20, 25, 30]","[None, None, None, None, None, None, None]","[0.0, 1.94, 3.89, 5.83, 7.77, 9.71, 11.66]"
4254,25.21,0.1022065069040422,Highly Persuadable,"[0, 5, 10, 15, 20, 25, 30]","[None, None, None, None, None, None, None]","[0.0, 1.26, 2.52, 3.78, 5.04, 6.3, 7.56]"
4122,28.43,-0.060581342865855,Not Persuadable,"[0, 5, 10, 15, 20, 25, 30]","[None, None, None, None, None, None, None]","[0.0, 1.42, 2.84, 4.26, 5.69, 7.11, 8.53]"
2172,24.71,0.0442743091807492,Persuadable,"[0, 5, 10, 15, 20, 25, 30]","[None, None, None, None, None, None, None]","[0.0, 1.24, 2.47, 3.71, 4.94, 6.18, 7.41]"
3556,44.04,2.990030837637101e-06,Persuadable,"[0, 5, 10, 15, 20, 25, 30]","[None, None, None, None, None, None, None]","[0.0, 2.2, 4.4, 6.61, 8.81, 11.01, 13.21]"
1851,53.4,-0.1161223137257887,Not Persuadable,"[0, 5, 10, 15, 20, 25, 30]","[None, None, None, None, None, None, None]","[0.0, 2.67, 5.34, 8.01, 10.68, 13.35, 16.02]"
488,54.47,-0.045033611421383,Not Persuadable,"[0, 5, 10, 15, 20, 25, 30]","[None, None, None, None, None, None, None]","[0.0, 2.72, 5.45, 8.17, 10.89, 13.62, 16.34]"
1689,58.54,0.1990034580297283,Highly Persuadable,"[0, 5, 10, 15, 20, 25, 30]","[None, None, None, None, None, None, None]","[0.0, 2.93, 5.85, 8.78, 11.71, 14.63, 17.56]"
2231,22.02,-0.0151071467617851,Not Persuadable,"[0, 5, 10, 15, 20, 25, 30]","[None, None, None, None, None, None, None]","[0.0, 1.1, 2.2, 3.3, 4.4, 5.5, 6.61]"
3280,37.91,0.0065313551344251,Persuadable,"[0, 5, 10, 15, 20, 25, 30]","[None, None, None, None, None, None, None]","[0.0, 1.9, 3.79, 5.69, 7.58, 9.48, 11.37]"
2321,19.5,0.1519309302731003,Highly Persuadable,"[0, 5, 10, 15, 20, 25, 30]","[None, None, None, None, None, None, None]","[0.0, 0.98, 1.95, 2.92, 3.9, 4.88, 5.85]"
783,45.54,-0.0379863831201955,Not Persuadable,"[0, 5, 10, 15, 20, 25, 30]","[None, None, None, None, None, None, None]","[0.0, 2.28, 4.55, 6.83, 9.11, 11.38, 13.66]"
522,40.63,0.1695917844374704,Highly Persuadable,"[0, 5, 10, 15, 20, 25, 30]","[None, None, None, None, None, None, None]","[0.0, 2.03, 4.06, 6.09, 8.13, 10.16, 12.19]"
523,42.08,0.0237984146730695,Persuadable,"[0, 5, 10, 15, 20, 25, 30]","[None, None, None, None, None, None, None]","[0.0, 2.1, 4.21, 6.31, 8.42, 10.52, 12.62]"
3600,38.56,-0.0845921394715505,Not Persuadable,"[0, 5, 10, 15, 20, 25, 30]","[None, None, None, None, None, None, None]","[0.0, 1.93, 3.86, 5.78, 7.71, 9.64, 11.57]"
3971,29.56,-0.0554055414508219,Not Persuadable,"[0, 5, 10, 15, 20, 25, 30]","[None, None, None, None, None, None, None]","[0.0, 1.48, 2.96, 4.43, 5.91, 7.39, 8.87]"
2399,30.81,0.147525336496638,Highly Persuadable,"[0, 5, 10, 15, 20, 25, 30]","[None, None, None, None, None, None, None]","[0.0, 1.54, 3.08, 4.62, 6.16, 7.7, 9.24]"
2208,37.59,-0.0577009874738744,Not Persuadable,"[0, 5, 10, 15, 20, 25, 30]","[None, None, None, None, None, None, None]","[0.0, 1.88, 3.76, 5.64, 7.52, 9.4, 11.28]"
3494,38.91,0.0776458394099063,Persuadable,"[0, 5, 10, 15, 20, 25, 30]","[None, None, None, None, None, None, None]","[0.0, 1.95, 3.89, 5.84, 7.78, 9.73, 11.67]"
3569,31.64,0.0515898970947696,Persuadable,"[0, 5, 10, 15, 20, 25, 30]","[None, None, None, None, None, None, None]","[0.0, 1.58, 3.16, 4.75, 6.33, 7.91, 9.49]"
3756,32.89,0.1241160746205031,Highly Persuadable,"[0, 5, 10, 15, 20, 25, 30]","[None, None, None, None, None, None, None]","[0.0, 1.64, 3.29, 4.93, 6.58, 8.22, 9.87]"
2838,46.4,-0.0596887255746359,Not Persuadable,"[0, 5, 10, 15, 20, 25, 30]","[None, None, None, None, None, None, None]","[0.0, 2.32, 4.64, 6.96, 9.28, 11.6, 13.92]"
1512,30.67,0.128780819241987,Highly Persuadable,"[0, 5, 10, 15, 20, 25, 30]","[None, None, None, None, None, None, None]","[0.0, 1.53, 3.07, 4.6, 6.13, 7.67, 9.2]"
1883,36.45,-0.0402858715431128,Not Persuadable,"[0, 5, 10, 15, 20, 25, 30]","[None, None, None, None, None, None, None]","[0.0, 1.82, 3.65, 5.47, 7.29, 9.11, 10.94]"
652,15.46,0.1303352380002334,Highly Persuadable,"[0, 5, 10, 15, 20, 25, 30]","[None, None, None, None, None, None, None]","[0.0, 0.77, 1.55, 2.32, 3.09, 3.87, 4.64]"
2802,53.36,-0.0705424106918275,Not Persuadable,"[0, 5, 10, 15, 20, 25, 30]","[None, None, None, None, None, None, None]","[0.0, 2.67, 5.34, 8.0, 10.67, 13.34, 16.01]"
3406,36.48,0.0084949952579844,Persuadable,"[0, 5, 10, 15, 20, 25, 30]","[None, None, None, None, None, None, None]","[0.0, 1.82, 3.65, 5.47, 7.3, 9.12, 10.94]"
370,44.73,0.1051281425753666,Highly Persuadable,"[0, 5, 10, 15, 20, 25, 30]","[None, None, None, None, None, None, None]","[0.0, 2.24, 4.47, 6.71, 8.95, 11.18, 13.42]"
2655,33.61,0.0190791236939141,Persuadable,"[0, 5, 10, 15, 20, 25, 30]","[None, None, None, None, None, None, None]","[0.0, 1.68, 3.36, 5.04, 6.72, 8.4, 10.08]"
119,34.05,0.0490995315728263,Persuadable,"[0, 5, 10, 15, 20, 25, 30]","[None, None, None, None, None, None, None]","[0.0, 1.7, 3.4, 5.11, 6.81, 8.51, 10.21]"
4014,39.56,-0.0232064009198694,Not Persuadable,"[0, 5, 10, 15, 20, 25, 30]","[None, None, None, None, None, None, None]","[0.0, 1.98, 3.96, 5.93, 7.91, 9.89, 11.87]"
3050,59.76,0.0555806820908086,Persuadable,"[0, 5, 10, 15, 20, 25, 30]","[None, None, None, None, None, None, None]","[0.0, 2.99, 5.98, 8.96, 11.95, 14.94, 17.93]"
2217,28.38,0.0908859229742958,Persuadable,"[0, 5, 10, 15, 20, 25, 30]","[None, None, None, None, None, None, None]","[0.0, 1.42, 2.84, 4.26, 5.68, 7.09, 8.51]"
3559,47.7,-0.1506273209124977,Not Persuadable,"[0, 5, 10, 15, 20, 25, 30]","[None, None, None, None, None, None, None]","[0.0, 2.39, 4.77, 7.16, 9.54, 11.93, 14.31]"
1614,43.9,0.1075682565485025,Highly Persuadable,"[0, 5, 10, 15, 20, 25, 30]","[None, None, None, None, None, None, None]","[0.0, 2.19, 4.39, 6.58, 8.78, 10.97, 13.17]"
4257,27.42,-0.0311482920629099,Not Persuadable,"[0, 5, 10, 15, 20, 25, 30]","[None, None, None, None, None, None, None]","[0.0, 1.37, 2.74, 4.11, 5.48, 6.86, 8.23]"
963,44.55,0.0215837486768565,Persuadable,"[0, 5, 10, 15, 20, 25, 30]","[None, None, None, None, None, None, None]","[0.0, 2.23, 4.46, 6.68, 8.91, 11.14, 13.36]"
2511,43.81,-0.0260038983204742,Not Persuadable,"[0, 5, 10, 15, 20, 25, 30]","[None, None, None, None, None, None, None]","[0.0, 2.19, 4.38, 6.57, 8.76, 10.95, 13.14]"
3564,36.36,-0.0188491167701325,Not Persuadable,"[0, 5, 10, 15, 20, 25, 30]","[None, None, None, None, None, None, None]","[0.0, 1.82, 3.64, 5.45, 7.27, 9.09, 10.91]"
4652,48.08,-0.0716985816612771,Not Persuadable,"[0, 5, 10, 15, 20, 25, 30]","[None, None, None, None, None, None, None]","[0.0, 2.4, 4.81, 7.21, 9.62, 12.02, 14.42]"
3461,26.17,0.0782982424894611,Persuadable,"[0, 5, 10, 15, 20, 25, 30]","[None, None, None, None, None, None, None]","[0.0, 1.31, 2.62, 3.93, 5.23, 6.54, 7.85]"
3048,30.77,0.2023535602208522,Highly Persuadable,"[0, 5, 10, 15, 20, 25, 30]","[None, None, None, None, None, None, None]","[0.0, 1.54, 3.08, 4.62, 6.15, 7.69, 9.23]"
2416,35.83,0.0566785032806416,Persuadable,"[0, 5, 10, 15, 20, 25, 30]","[None, None, None, None, None, None, None]","[0.0, 1.79, 3.58, 5.37, 7.17, 8.96, 10.75]"
4665,50.87,0.0709772292651313,Persuadable,"[0, 5, 10, 15, 20, 25, 30]","[None, None, None, None, None, None, None]","[0.0, 2.54, 5.09, 7.63, 10.17, 12.72, 15.26]"
4247,40.82,0.0749337033648772,Persuadable,"[0, 5, 10, 15, 20, 25, 30]","[None, None, None, None, None, None, None]","[0.0, 2.04, 4.08, 6.12, 8.16, 10.21, 12.25]"
2186,55.36,0.0481033552261105,Persuadable,"[0, 5, 10, 15, 20, 25, 30]","[None, None, None, None, None, None, None]","[0.0, 2.77, 5.54, 8.3, 11.07, 13.84, 16.61]"
2837,35.85,-0.0513139335670464,Not Persuadable,"[0, 5, 10, 15, 20, 25, 30]","[None, None, None, None, None, None, None]","[0.0, 1.79, 3.59, 5.38, 7.17, 8.96, 10.76]"
2038,31.29,0.1087377359887364,Highly Persuadable,"[0, 5, 10, 15, 20, 25, 30]","[None, None, None, None, None, None, None]","[0.0, 1.56, 3.13, 4.69, 6.26, 7.82, 9.39]"
4272,33.33,0.0141358311116303,Persuadable,"[0, 5, 10, 15, 20, 25, 30]","[None, None, None, None, None, None, None]","[0.0, 1.67, 3.33, 5.0, 6.67, 8.33, 10.0]"
773,45.84,0.054245472029012,Persuadable,"[0, 5, 10, 15, 20, 25, 30]","[None, None, None, None, None, None, None]","[0.0, 2.29, 4.58, 6.88, 9.17, 11.46, 13.75]"
1285,44.18,0.0176326779164552,Persuadable,"[0, 5, 10, 15, 20, 25, 30]","[None, None, None, None, None, None, None]","[0.0, 2.21, 4.42, 6.63, 8.84, 11.04, 13.25]"
4614,62.03,0.1182333693133621,Highly Persuadable,"[0, 5, 10, 15, 20, 25, 30]","[None, None, None, None, None, None, None]","[0.0, 3.1, 6.2, 9.3, 12.41, 15.51, 18.61]"
4747,32.66,0.1459670158966174,Highly Persuadable,"[0, 5, 10, 15, 20, 25, 30]","[None, None, None, None, None, None, None]","[0.0, 1.63, 3.27, 4.9, 6.53, 8.16, 9.8]"
1415,22.22,-0.0474594936672497,Not Persuadable,"[0, 5, 10, 15, 20, 25, 30]","[None, None, None, None, None, None, None]","[0.0, 1.11, 2.22, 3.33, 4.44, 5.55, 6.67]"
1235,37.61,-0.0258124647940232,Not Persuadable,"[0, 5, 10, 15, 20, 25, 30]","[None, None, None, None, None, None, None]","[0.0, 1.88, 3.76, 5.64, 7.52, 9.4, 11.28]"
2715,25.68,0.0075049880761087,Persuadable,"[0, 5, 10, 15, 20, 25, 30]","[None, None, None, None, None, None, None]","[0.0, 1.28, 2.57, 3.85, 5.14, 6.42, 7.7]"
436,41.07,0.1069575423400128,Highly Persuadable,"[0, 5, 10, 15, 20, 25, 30]","[None, None, None, None, None, None, None]","[0.0, 2.05, 4.11, 6.16, 8.21, 10.27, 12.32]"
1675,54.55,0.1440097793542028,Highly Persuadable,"[0, 5, 10, 15, 20, 25, 30]","[None, None, None, None, None, None, None]","[0.0, 2.73, 5.46, 8.18, 10.91, 13.64, 16.36]"
366,54.03,0.2426653459054523,Highly Persuadable,"[0, 5, 10, 15, 20, 25, 30]","[None, None, None, None, None, None, None]","[0.0, 2.7, 5.4, 8.1, 10.81, 13.51, 16.21]"
2665,35.42,0.0118503128157403,Persuadable,"[0, 5, 10, 15, 20, 25, 30]","[None, None, None, None, None, None, None]","[0.0, 1.77, 3.54, 5.31, 7.08, 8.86, 10.63]"
232,8.7,0.0593340596646996,Persuadable,"[0, 5, 10, 15, 20, 25, 30]","[None, None, None, None, None, None, None]","[0.0, 0.43, 0.87, 1.3, 1.74, 2.17, 2.61]"
4278,21.62,0.2291433222554488,Highly Persuadable,"[0, 5, 10, 15, 20, 25, 30]","[None, None, None, None, None, None, None]","[0.0, 1.08, 2.16, 3.24, 4.32, 5.41, 6.49]"
4060,42.68,0.0707972297339499,Persuadable,"[0, 5, 10, 15, 20, 25, 30]","[None, None, None, None, None, None, None]","[0.0, 2.13, 4.27, 6.4, 8.54, 10.67, 12.8]"
4410,28.9,0.1421500048225345,Highly Persuadable,"[0, 5, 10, 15, 20, 25, 30]","[None, None, None, None, None, None, None]","[0.0, 1.45, 2.89, 4.33, 5.78, 7.22, 8.67]"
408,41.77,-0.0317152780737169,Not Persuadable,"[0, 5, 10, 15, 20, 25, 30]","[None, None, None, None, None, None, None]","[0.0, 2.09, 4.18, 6.27, 8.35, 10.44, 12.53]"
2091,25.94,0.0421561673412367,Persuadable,"[0, 5, 10, 15, 20, 25, 30]","[None, None, None, None, None, None, None]","[0.0, 1.3, 2.59, 3.89, 5.19, 6.49, 7.78]"
87,39.89,-0.0214843693151063,Not Persuadable,"[0, 5, 10, 15, 20, 25, 30]","[None, None, None, None, None, None, None]","[0.0, 1.99, 3.99, 5.98, 7.98, 9.97, 11.97]"
845,42.11,0.0365286764726583,Persuadable,"[0, 5, 10, 15, 20, 25, 30]","[None, None, None, None, None, None, None]","[0.0, 2.11, 4.21, 6.32, 8.42, 10.53, 12.63]"
1032,36.26,0.1115811330223381,Highly Persuadable,"[0, 5, 10, 15, 20, 25, 30]","[None, None, None, None, None, None, None]","[0.0, 1.81, 3.63, 5.44, 7.25, 9.06, 10.88]"
2647,26.46,0.1441768192800064,Highly Persuadable,"[0, 5, 10, 15, 20, 25, 30]","[None, None, None, None, None, None, None]","[0.0, 1.32, 2.65, 3.97, 5.29, 6.62, 7.94]"
4078,30.06,0.0849127027413011,Persuadable,"[0, 5, 10, 15, 20, 25, 30]","[None, None, None, None, None, None, None]","[0.0, 1.5, 3.01, 4.51, 6.01, 7.51, 9.02]"
4289,33.7,0.1321821875873452,Highly Persuadable,"[0, 5, 10, 15, 20, 25, 30]","[None, None, None, None, None, None, None]","[0.0, 1.69, 3.37, 5.06, 6.74, 8.43, 10.11]"
3245,37.95,0.002848393722052,Persuadable,"[0, 5, 10, 15, 20, 25, 30]","[None, None, None, None, None, None, None]","[0.0, 1.9, 3.8, 5.69, 7.59, 9.49, 11.38]"
2674,25.99,0.2493968120437592,Highly Persuadable,"[0, 5, 10, 15, 20, 25, 30]","[None, None, None, None, None, None, None]","[0.0, 1.3, 2.6, 3.9, 5.2, 6.5, 7.8]"
856,39.99,0.0112389655790826,Persuadable,"[0, 5, 10, 15, 20, 25, 30]","[None, None, None, None, None, None, None]","[0.0, 2.0, 4.0, 6.0, 8.0, 10.0, 12.0]"
79,63.15,0.0939598994656189,Persuadable,"[0, 5, 10, 15, 20, 25, 30]","[None, None, None, None, None, None, None]","[0.0, 3.16, 6.32, 9.47, 12.63, 15.79, 18.95]"
2248,44.75,0.0228597155889981,Persuadable,"[0, 5, 10, 15, 20, 25, 30]","[None, None, None, None, None, None, None]","[0.0, 2.24, 4.48, 6.71, 8.95, 11.19, 13.42]"
4581,18.74,0.0306230679752598,Persuadable,"[0, 5, 10, 15, 20, 25, 30]","[None, None, None, None, None, None, None]","[0.0, 0.94, 1.87, 2.81, 3.75, 4.68, 5.62]"
3675,27.27,0.0470670044734099,Persuadable,"[0, 5, 10, 15, 20, 25, 30]","[None, None, None, None, None, None, None]","[0.0, 1.36, 2.73, 4.09, 5.45, 6.82, 8.18]"
2928,57.57,-0.0022403770404484,Not Persuadable,"[0, 5, 10, 15, 20, 25, 30]","[None, None, None, None, None, None, None]","[0.0, 2.88, 5.76, 8.64, 11.51, 14.39, 17.27]"
2925,34.78,0.015185069092394,Persuadable,"[0, 5, 10, 15, 20, 25, 30]","[None, None, None, None, None, None, None]","[0.0, 1.74, 3.48, 5.22, 6.96, 8.7, 10.43]"
2280,26.56,0.0717773406535566,Persuadable,"[0, 5, 10, 15, 20, 25, 30]","[None, None, None, None, None, None, None]","[0.0, 1.33, 2.66, 3.98, 5.31, 6.64, 7.97]"
4951,37.14,0.0058464065572786,Persuadable,"[0, 5, 10, 15, 20, 25, 30]","[None, None, None, None, None, None, None]","[0.0, 1.86, 3.71, 5.57, 7.43, 9.29, 11.14]"
4169,36.4,-0.0572469224381794,Not Persuadable,"[0, 5, 10, 15, 20, 25, 30]","[None, None, None, None, None, None, None]","[0.0, 1.82, 3.64, 5.46, 7.28, 9.1, 10.92]"
3889,45.88,0.0214657850361832,Persuadable,"[0, 5, 10, 15, 20, 25, 30]","[None, None, None, None, None, None, None]","[0.0, 2.29, 4.59, 6.88, 9.18, 11.47, 13.76]"
3444,41.15,0.0671235700145381,Persuadable,"[0, 5, 10, 15, 20, 25, 30]","[None, None, None, None, None, None, None]","[0.0, 2.06, 4.12, 6.17, 8.23, 10.29, 12.34]"
2177,40.08,0.0384946209762728,Persuadable,"[0, 5, 10, 15, 20, 25, 30]","[None, None, None, None, None, None, None]","[0.0, 2.0, 4.01, 6.01, 8.02, 10.02, 12.02]"
425,35.4,0.0094317659003483,Persuadable,"[0, 5, 10, 15, 20, 25, 30]","[None, None, None, None, None, None, None]","[0.0, 1.77, 3.54, 5.31, 7.08, 8.85, 10.62]"
393,33.56,0.0770901382371408,Persuadable,"[0, 5, 10, 15, 20, 25, 30]","[None, None, None, None, None, None, None]","[0.0, 1.68, 3.36, 5.03, 6.71, 8.39, 10.07]"
4805,41.83,0.0676721448616653,Persuadable,"[0, 5, 10, 15, 20, 25, 30]","[None, None, None, None, None, None, None]","[0.0, 2.09, 4.18, 6.27, 8.37, 10.46, 12.55]"
3650,55.5,-0.006134750036944,Not Persuadable,"[0, 5, 10, 15, 20, 25, 30]","[None, None, None, None, None, None, None]","[0.0, 2.78, 5.55, 8.32, 11.1, 13.88, 16.65]"
105,22.55,0.1116059138028887,Highly Persuadable,"[0, 5, 10, 15, 20, 25, 30]","[None, None, None, None, None, None, None]","[0.0, 1.13, 2.26, 3.38, 4.51, 5.64, 6.76]"
3921,37.27,0.0134499191141422,Persuadable,"[0, 5, 10, 15, 20, 25, 30]","[None, None, None, None, None, None, None]","[0.0, 1.86, 3.73, 5.59, 7.45, 9.32, 11.18]"
3152,45.92,-0.115444008943528,Not Persuadable,"[0, 5, 10, 15, 20, 25, 30]","[None, None, None, None, None, None, None]","[0.0, 2.3, 4.59, 6.89, 9.18, 11.48, 13.78]"
1949,60.74,0.0889302804920118,Persuadable,"[0, 5, 10, 15, 20, 25, 30]","[None, None, None, None, None, None, None]","[0.0, 3.04, 6.07, 9.11, 12.15, 15.19, 18.22]"
1460,45.15,0.0902572621079131,Persuadable,"[0, 5, 10, 15, 20, 25, 30]","[None, None, None, None, None, None, None]","[0.0, 2.26, 4.51, 6.77, 9.03, 11.29, 13.54]"
3897,35.33,-0.0456196538434644,Not Persuadable,"[0, 5, 10, 15, 20, 25, 30]","[None, None, None, None, None, None, None]","[0.0, 1.77, 3.53, 5.3, 7.07, 8.83, 10.6]"
2819,55.07,0.1995789883285803,Highly Persuadable,"[0, 5, 10, 15, 20, 25, 30]","[None, None, None, None, None, None, None]","[0.0, 2.75, 5.51, 8.26, 11.01, 13.77, 16.52]"
2722,52.64,0.0720543751072114,Persuadable,"[0, 5, 10, 15, 20, 25, 30]","[None, None, None, None, None, None, None]","[0.0, 2.63, 5.26, 7.9, 10.53, 13.16, 15.79]"
4800,25.03,0.0762465093338674,Persuadable,"[0, 5, 10, 15, 20, 25, 30]","[None, None, None, None, None, None, None]","[0.0, 1.25, 2.5, 3.75, 5.01, 6.26, 7.51]"
1588,41.76,-0.0072717485088507,Not Persuadable,"[0, 5, 10, 15, 20, 25, 30]","[None, None, None, None, None, None, None]","[0.0, 2.09, 4.18, 6.26, 8.35, 10.44, 12.53]"
4223,39.71,0.0220315291488809,Persuadable,"[0, 5, 10, 15, 20, 25, 30]","[None, None, None, None, None, None, None]","[0.0, 1.99, 3.97, 5.96, 7.94, 9.93, 11.91]"
1732,38.06,0.1223566984904793,Highly Persuadable,"[0, 5, 10, 15, 20, 25, 30]","[None, None, None, None, None, None, None]","[0.0, 1.9, 3.81, 5.71, 7.61, 9.52, 11.42]"
4775,27.89,0.0867268830615796,Persuadable,"[0, 5, 10, 15, 20, 25, 30]","[None, None, None, None, None, None, None]","[0.0, 1.39, 2.79, 4.18, 5.58, 6.97, 8.37]"
3732,49.26,0.1299337142244932,Highly Persuadable,"[0, 5, 10, 15, 20, 25, 30]","[None, None, None, None, None, None, None]","[0.0, 2.46, 4.93, 7.39, 9.85, 12.31, 14.78]"
3700,26.96,0.0697284114437503,Persuadable,"[0, 5, 10, 15, 20, 25, 30]","[None, None, None, None, None, None, None]","[0.0, 1.35, 2.7, 4.04, 5.39, 6.74, 8.09]"
1792,34.54,0.175978800226265,Highly Persuadable,"[0, 5, 10, 15, 20, 25, 30]","[None, None, None, None, None, None, None]","[0.0, 1.73, 3.45, 5.18, 6.91, 8.63, 10.36]"
2356,22.63,-0.0211122458319376,Not Persuadable,"[0, 5, 10, 15, 20, 25, 30]","[None, None, None, None, None, None, None]","[0.0, 1.13, 2.26, 3.39, 4.53, 5.66, 6.79]"
1941,37.6,-0.1021820402783291,Not Persuadable,"[0, 5, 10, 15, 20, 25, 30]","[None, None, None, None, None, None, None]","[0.0, 1.88, 3.76, 5.64, 7.52, 9.4, 11.28]"
703,40.63,0.0919468831690096,Persuadable,"[0, 5, 10, 15, 20, 25, 30]","[None, None, None, None, None, None, None]","[0.0, 2.03, 4.06, 6.09, 8.13, 10.16, 12.19]"
2443,38.2,-0.0471057462118482,Not Persuadable,"[0, 5, 10, 15, 20, 25, 30]","[None, None, None, None, None, None, None]","[0.0, 1.91, 3.82, 5.73, 7.64, 9.55, 11.46]"
2830,36.59,-0.0533629589301901,Not Persuadable,"[0, 5, 10, 15, 20, 25, 30]","[None, None, None, None, None, None, None]","[0.0, 1.83, 3.66, 5.49, 7.32, 9.15, 10.98]"
497,27.77,0.0472869923629456,Persuadable,"[0, 5, 10, 15, 20, 25, 30]","[None, None, None, None, None, None, None]","[0.0, 1.39, 2.78, 4.17, 5.55, 6.94, 8.33]"
465,26.5,0.0135105491122227,Persuadable,"[0, 5, 10, 15, 20, 25, 30]","[None, None, None, None, None, None, None]","[0.0, 1.33, 2.65, 3.97, 5.3, 6.62, 7.95]"
2703,29.66,-0.0788538753870628,Not Persuadable,"[0, 5, 10, 15, 20, 25, 30]","[None, None, None, None, None, None, None]","[0.0, 1.48, 2.97, 4.45, 5.93, 7.42, 8.9]"
4344,43.28,0.0016095531092757,Persuadable,"[0, 5, 10, 15, 20, 25, 30]","[None, None, None, None, None, None, None]","[0.0, 2.16, 4.33, 6.49, 8.66, 10.82, 12.98]"
173,30.13,0.1160619310739417,Highly Persuadable,"[0, 5, 10, 15, 20, 25, 30]","[None, None, None, None, None, None, None]","[0.0, 1.51, 3.01, 4.52, 6.03, 7.53, 9.04]"
4096,31.1,0.0012200432851934,Persuadable,"[0, 5, 10, 15, 20, 25, 30]","[None, None, None, None, None, None, None]","[0.0, 1.56, 3.11, 4.67, 6.22, 7.78, 9.33]"
4807,38.01,0.0284281643987997,Persuadable,"[0, 5, 10, 15, 20, 25, 30]","[None, None, None, None, None, None, None]","[0.0, 1.9, 3.8, 5.7, 7.6, 9.5, 11.4]"
2541,41.11,0.0543443668267748,Persuadable,"[0, 5, 10, 15, 20, 25, 30]","[None, None, None, None, None, None, None]","[0.0, 2.06, 4.11, 6.17, 8.22, 10.28, 12.33]"
3278,18.18,-0.0805782588526185,Not Persuadable,"[0, 5, 10, 15, 20, 25, 30]","[None, None, None, None, None, None, None]","[0.0, 0.91, 1.82, 2.73, 3.64, 4.54, 5.45]"
4210,44.45,0.0749824713113216,Persuadable,"[0, 5, 10, 15, 20, 25, 30]","[None, None, None, None, None, None, None]","[0.0, 2.22, 4.45, 6.67, 8.89, 11.11, 13.34]"
2261,34.42,0.0395633240295412,Persuadable,"[0, 5, 10, 15, 20, 25, 30]","[None, None, None, None, None, None, None]","[0.0, 1.72, 3.44, 5.16, 6.88, 8.61, 10.33]"
2113,49.28,0.1835263076548607,Highly Persuadable,"[0, 5, 10, 15, 20, 25, 30]","[None, None, None, None, None, None, None]","[0.0, 2.46, 4.93, 7.39, 9.86, 12.32, 14.78]"
901,33.99,0.1435896852498468,Highly Persuadable,"[0, 5, 10, 15, 20, 25, 30]","[None, None, None, None, None, None, None]","[0.0, 1.7, 3.4, 5.1, 6.8, 8.5, 10.2]"
1447,62.18,-0.1006016350311502,Not Persuadable,"[0, 5, 10, 15, 20, 25, 30]","[None, None, None, None, None, None, None]","[0.0, 3.11, 6.22, 9.33, 12.44, 15.54, 18.65]"
3592,31.48,0.1217590755230146,Highly Persuadable,"[0, 5, 10, 15, 20, 25, 30]","[None, None, None, None, None, None, None]","[0.0, 1.57, 3.15, 4.72, 6.3, 7.87, 9.44]"
742,49.37,0.111560542153026,Highly Persuadable,"[0, 5, 10, 15, 20, 25, 30]","[None, None, None, None, None, None, None]","[0.0, 2.47, 4.94, 7.41, 9.87, 12.34, 14.81]"
2294,55.77,-0.0140079159192212,Not Persuadable,"[0, 5, 10, 15, 20, 25, 30]","[None, None, None, None, None, None, None]","[0.0, 2.79, 5.58, 8.37, 11.15, 13.94, 16.73]"
2453,40.59,0.2271799092891171,Highly Persuadable,"[0, 5, 10, 15, 20, 25, 30]","[None, None, None, None, None, None, None]","[0.0, 2.03, 4.06, 6.09, 8.12, 10.15, 12.18]"
2843,32.06,0.1457955110347594,Highly Persuadable,"[0, 5, 10, 15, 20, 25, 30]","[None, None, None, None, None, None, None]","[0.0, 1.6, 3.21, 4.81, 6.41, 8.02, 9.62]"
4097,41.44,0.2038857941933392,Highly Persuadable,"[0, 5, 10, 15, 20, 25, 30]","[None, None, None, None, None, None, None]","[0.0, 2.07, 4.14, 6.22, 8.29, 10.36, 12.43]"
1207,50.69,0.0763067445071656,Persuadable,"[0, 5, 10, 15, 20, 25, 30]","[None, None, None, None, None, None, None]","[0.0, 2.53, 5.07, 7.6, 10.14, 12.67, 15.21]"
510,37.83,0.1623087524103985,Highly Persuadable,"[0, 5, 10, 15, 20, 25, 30]","[None, None, None, None, None, None, None]","[0.0, 1.89, 3.78, 5.67, 7.57, 9.46, 11.35]"
3290,32.31,0.1220241740306843,Highly Persuadable,"[0, 5, 10, 15, 20, 25, 30]","[None, None, None, None, None, None, None]","[0.0, 1.62, 3.23, 4.85, 6.46, 8.08, 9.69]"
2818,37.52,0.0125518063539501,Persuadable,"[0, 5, 10, 15, 20, 25, 30]","[None, None, None, None, None, None, None]","[0.0, 1.88, 3.75, 5.63, 7.5, 9.38, 11.26]"
3367,34.4,0.1053563063307877,Highly Persuadable,"[0, 5, 10, 15, 20, 25, 30]","[None, None, None, None, None, None, None]","[0.0, 1.72, 3.44, 5.16, 6.88, 8.6, 10.32]"
1550,22.31,0.0537302673417418,Persuadable,"[0, 5, 10, 15, 20, 25, 30]","[None, None, None, None, None, None, None]","[0.0, 1.12, 2.23, 3.35, 4.46, 5.58, 6.69]"
3283,37.0,0.026868307617933,Persuadable,"[0, 5, 10, 15, 20, 25, 30]","[None, None, None, None, None, None, None]","[0.0, 1.85, 3.7, 5.55, 7.4, 9.25, 11.1]"
2203,44.1,0.0934303380762121,Persuadable,"[0, 5, 10, 15, 20, 25, 30]","[None, None, None, None, None, None, None]","[0.0, 2.21, 4.41, 6.62, 8.82, 11.03, 13.23]"
2567,37.22,0.1373267190263966,Highly Persuadable,"[0, 5, 10, 15, 20, 25, 30]","[None, None, None, None, None, None, None]","[0.0, 1.86, 3.72, 5.58, 7.44, 9.3, 11.17]"
2695,53.16,0.0755242625252401,Persuadable,"[0, 5, 10, 15, 20, 25, 30]","[None, None, None, None, None, None, None]","[0.0, 2.66, 5.32, 7.97, 10.63, 13.29, 15.95]"
2045,29.42,0.1025722034287996,Highly Persuadable,"[0, 5, 10, 15, 20, 25, 30]","[None, None, None, None, None, None, None]","[0.0, 1.47, 2.94, 4.41, 5.88, 7.36, 8.83]"
768,48.34,0.0306573293019791,Persuadable,"[0, 5, 10, 15, 20, 25, 30]","[None, None, None, None, None, None, None]","[0.0, 2.42, 4.83, 7.25, 9.67, 12.09, 14.5]"
4883,33.76,0.0060163864799722,Persuadable,"[0, 5, 10, 15, 20, 25, 30]","[None, None, None, None, None, None, None]","[0.0, 1.69, 3.38, 5.06, 6.75, 8.44, 10.13]"
4154,40.18,0.0426613344095915,Persuadable,"[0, 5, 10, 15, 20, 25, 30]","[None, None, None, None, None, None, None]","[0.0, 2.01, 4.02, 6.03, 8.04, 10.04, 12.05]"
422,32.22,0.1779229802904745,Highly Persuadable,"[0, 5, 10, 15, 20, 25, 30]","[None, None, None, None, None, None, None]","[0.0, 1.61, 3.22, 4.83, 6.44, 8.05, 9.67]"
124,48.53,0.0581483171154856,Persuadable,"[0, 5, 10, 15, 20, 25, 30]","[None, None, None, None, None, None, None]","[0.0, 2.43, 4.85, 7.28, 9.71, 12.13, 14.56]"
4543,18.91,-0.0727178876134571,Not Persuadable,"[0, 5, 10, 15, 20, 25, 30]","[None, None, None, None, None, None, None]","[0.0, 0.95, 1.89, 2.84, 3.78, 4.73, 5.67]"
2644,28.35,-0.0120533582283388,Not Persuadable,"[0, 5, 10, 15, 20, 25, 30]","[None, None, None, None, None, None, None]","[0.0, 1.42, 2.84, 4.25, 5.67, 7.09, 8.51]"
820,45.01,-0.0290777633346213,Not Persuadable,"[0, 5, 10, 15, 20, 25, 30]","[None, None, None, None, None, None, None]","[0.0, 2.25, 4.5, 6.75, 9.0, 11.25, 13.5]"
1404,30.75,0.1116615740186955,Highly Persuadable,"[0, 5, 10, 15, 20, 25, 30]","[None, None, None, None, None, None, None]","[0.0, 1.54, 3.08, 4.61, 6.15, 7.69, 9.22]"
1383,28.16,-0.0492211921351518,Not Persuadable,"[0, 5, 10, 15, 20, 25, 30]","[None, None, None, None, None, None, None]","[0.0, 1.41, 2.82, 4.22, 5.63, 7.04, 8.45]"
2149,34.46,0.1051371292513485,Highly Persuadable,"[0, 5, 10, 15, 20, 25, 30]","[None, None, None, None, None, None, None]","[0.0, 1.72, 3.45, 5.17, 6.89, 8.62, 10.34]"
1576,43.28,-0.0585778761521032,Not Persuadable,"[0, 5, 10, 15, 20, 25, 30]","[None, None, None, None, None, None, None]","[0.0, 2.16, 4.33, 6.49, 8.66, 10.82, 12.98]"
1639,36.87,0.0541706664306938,Persuadable,"[0, 5, 10, 15, 20, 25, 30]","[None, None, None, None, None, None, None]","[0.0, 1.84, 3.69, 5.53, 7.37, 9.22, 11.06]"
1796,52.32,0.0630052738210809,Persuadable,"[0, 5, 10, 15, 20, 25, 30]","[None, None, None, None, None, None, None]","[0.0, 2.62, 5.23, 7.85, 10.46, 13.08, 15.7]"
4826,54.81,0.1010369928945575,Highly Persuadable,"[0, 5, 10, 15, 20, 25, 30]","[None, None, None, None, None, None, None]","[0.0, 2.74, 5.48, 8.22, 10.96, 13.7, 16.44]"
400,42.29,-0.007676797239897,Not Persuadable,"[0, 5, 10, 15, 20, 25, 30]","[None, None, None, None, None, None, None]","[0.0, 2.11, 4.23, 6.34, 8.46, 10.57, 12.69]"
2311,34.27,-0.0591183066831007,Not Persuadable,"[0, 5, 10, 15, 20, 25, 30]","[None, None, None, None, None, None, None]","[0.0, 1.71, 3.43, 5.14, 6.85, 8.57, 10.28]"
883,38.29,-0.0069243634558607,Not Persuadable,"[0, 5, 10, 15, 20, 25, 30]","[None, None, None, None, None, None, None]","[0.0, 1.91, 3.83, 5.74, 7.66, 9.57, 11.49]"
4984,42.81,0.0806355752654074,Persuadable,"[0, 5, 10, 15, 20, 25, 30]","[None, None, None, None, None, None, None]","[0.0, 2.14, 4.28, 6.42, 8.56, 10.7, 12.84]"
4161,41.11,0.0015139932433915,Persuadable,"[0, 5, 10, 15, 20, 25, 30]","[None, None, None, None, None, None, None]","[0.0, 2.06, 4.11, 6.17, 8.22, 10.28, 12.33]"
1353,40.86,0.049028886488543,Persuadable,"[0, 5, 10, 15, 20, 25, 30]","[None, None, None, None, None, None, None]","[0.0, 2.04, 4.09, 6.13, 8.17, 10.21, 12.26]"
2758,39.4,-0.0064335727286552,Not Persuadable,"[0, 5, 10, 15, 20, 25, 30]","[None, None, None, None, None, None, None]","[0.0, 1.97, 3.94, 5.91, 7.88, 9.85, 11.82]"
4561,45.01,-0.0582013679111026,Not Persuadable,"[0, 5, 10, 15, 20, 25, 30]","[None, None, None, None, None, None, None]","[0.0, 2.25, 4.5, 6.75, 9.0, 11.25, 13.5]"
2131,46.5,0.0539531788398352,Persuadable,"[0, 5, 10, 15, 20, 25, 30]","[None, None, None, None, None, None, None]","[0.0, 2.33, 4.65, 6.97, 9.3, 11.62, 13.95]"
983,39.09,-0.0278948046733162,Not Persuadable,"[0, 5, 10, 15, 20, 25, 30]","[None, None, None, None, None, None, None]","[0.0, 1.95, 3.91, 5.86, 7.82, 9.77, 11.73]"
457,27.73,-0.0281167934800463,Not Persuadable,"[0, 5, 10, 15, 20, 25, 30]","[None, None, None, None, None, None, None]","[0.0, 1.39, 2.77, 4.16, 5.55, 6.93, 8.32]"
3850,53.74,0.0510267068998557,Persuadable,"[0, 5, 10, 15, 20, 25, 30]","[None, None, None, None, None, None, None]","[0.0, 2.69, 5.37, 8.06, 10.75, 13.44, 16.12]"
1080,33.35,0.0593966150405822,Persuadable,"[0, 5, 10, 15, 20, 25, 30]","[None, None, None, None, None, None, None]","[0.0, 1.67, 3.34, 5.0, 6.67, 8.34, 10.01]"
1951,47.1,0.0096215995861658,Persuadable,"[0, 5, 10, 15, 20, 25, 30]","[None, None, None, None, None, None, None]","[0.0, 2.35, 4.71, 7.07, 9.42, 11.78, 14.13]"
4325,47.19,0.006260051296066,Persuadable,"[0, 5, 10, 15, 20, 25, 30]","[None, None, None, None, None, None, None]","[0.0, 2.36, 4.72, 7.08, 9.44, 11.8, 14.16]"
690,40.01,0.0255081409356867,Persuadable,"[0, 5, 10, 15, 20, 25, 30]","[None, None, None, None, None, None, None]","[0.0, 2.0, 4.0, 6.0, 8.0, 10.0, 12.0]"
2430,51.78,0.0607897567929345,Persuadable,"[0, 5, 10, 15, 20, 25, 30]","[None, None, None, None, None, None, None]","[0.0, 2.59, 5.18, 7.77, 10.36, 12.95, 15.53]"
642,24.82,0.0518643504011165,Persuadable,"[0, 5, 10, 15, 20, 25, 30]","[None, None, None, None, None, None, None]","[0.0, 1.24, 2.48, 3.72, 4.96, 6.21, 7.45]"
2393,38.97,0.0068491775899532,Persuadable,"[0, 5, 10, 15, 20, 25, 30]","[None, None, None, None, None, None, None]","[0.0, 1.95, 3.9, 5.85, 7.79, 9.74, 11.69]"
1954,51.89,-0.0087905242359607,Not Persuadable,"[0, 5, 10, 15, 20, 25, 30]","[None, None, None, None, None, None, None]","[0.0, 2.59, 5.19, 7.78, 10.38, 12.97, 15.57]"
2764,44.28,0.041903388182507,Persuadable,"[0, 5, 10, 15, 20, 25, 30]","[None, None, None, None, None, None, None]","[0.0, 2.21, 4.43, 6.64, 8.86, 11.07, 13.28]"
4454,68.13,0.0906927757441455,Persuadable,"[0, 5, 10, 15, 20, 25, 30]","[None, None, None, None, None, None, None]","[0.0, 3.41, 6.81, 10.22, 13.63, 17.03, 20.44]"
3451,30.87,0.0909416270463592,Persuadable,"[0, 5, 10, 15, 20, 25, 30]","[None, None, None, None, None, None, None]","[0.0, 1.54, 3.09, 4.63, 6.17, 7.72, 9.26]"
3352,35.83,0.0663861630294171,Persuadable,"[0, 5, 10, 15, 20, 25, 30]","[None, None, None, None, None, None, None]","[0.0, 1.79, 3.58, 5.37, 7.17, 8.96, 10.75]"
4777,37.73,0.1178354855463476,Highly Persuadable,"[0, 5, 10, 15, 20, 25, 30]","[None, None, None, None, None, None, None]","[0.0, 1.89, 3.77, 5.66, 7.55, 9.43, 11.32]"
3335,33.44,0.0256713065569711,Persuadable,"[0, 5, 10, 15, 20, 25, 30]","[None, None, None, None, None, None, None]","[0.0, 1.67, 3.34, 5.02, 6.69, 8.36, 10.03]"
1885,22.6,-0.0489455570620032,Not Persuadable,"[0, 5, 10, 15, 20, 25, 30]","[None, None, None, None, None, None, None]","[0.0, 1.13, 2.26, 3.39, 4.52, 5.65, 6.78]"
390,26.26,0.1206998694814375,Highly Persuadable,"[0, 5, 10, 15, 20, 25, 30]","[None, None, None, None, None, None, None]","[0.0, 1.31, 2.63, 3.94, 5.25, 6.57, 7.88]"
2495,23.06,0.0721383418400912,Persuadable,"[0, 5, 10, 15, 20, 25, 30]","[None, None, None, None, None, None, None]","[0.0, 1.15, 2.31, 3.46, 4.61, 5.76, 6.92]"
3133,28.36,0.0408256250845754,Persuadable,"[0, 5, 10, 15, 20, 25, 30]","[None, None, None, None, None, None, None]","[0.0, 1.42, 2.84, 4.25, 5.67, 7.09, 8.51]"
2907,29.54,0.0309126405972916,Persuadable,"[0, 5, 10, 15, 20, 25, 30]","[None, None, None, None, None, None, None]","[0.0, 1.48, 2.95, 4.43, 5.91, 7.38, 8.86]"
846,62.12,0.0259006949526277,Persuadable,"[0, 5, 10, 15, 20, 25, 30]","[None, None, None, None, None, None, None]","[0.0, 3.11, 6.21, 9.32, 12.42, 15.53, 18.64]"
543,50.37,0.0450296671335962,Persuadable,"[0, 5, 10, 15, 20, 25, 30]","[None, None, None, None, None, None, None]","[0.0, 2.52, 5.04, 7.56, 10.07, 12.59, 15.11]"
92,33.6,0.178224482798814,Highly Persuadable,"[0, 5, 10, 15, 20, 25, 30]","[None, None, None, None, None, None, None]","[0.0, 1.68, 3.36, 5.04, 6.72, 8.4, 10.08]"
3908,21.13,-0.0117955042154181,Not Persuadable,"[0, 5, 10, 15, 20, 25, 30]","[None, None, None, None, None, None, None]","[0.0, 1.06, 2.11, 3.17, 4.23, 5.28, 6.34]"
1980,28.95,0.0911755818702624,Persuadable,"[0, 5, 10, 15, 20, 25, 30]","[None, None, None, None, None, None, None]","[0.0, 1.45, 2.9, 4.34, 5.79, 7.24, 8.68]"
2828,53.35,0.0395603907063057,Persuadable,"[0, 5, 10, 15, 20, 25, 30]","[None, None, None, None, None, None, None]","[0.0, 2.67, 5.34, 8.0, 10.67, 13.34, 16.0]"
4100,51.53,-0.0956727773352571,Not Persuadable,"[0, 5, 10, 15, 20, 25, 30]","[None, None, None, None, None, None, None]","[0.0, 2.58, 5.15, 7.73, 10.31, 12.88, 15.46]"
2918,44.52,-0.017979376577733,Not Persuadable,"[0, 5, 10, 15, 20, 25, 30]","[None, None, None, None, None, None, None]","[0.0, 2.23, 4.45, 6.68, 8.9, 11.13, 13.36]"
2530,43.16,0.0278078005699099,Persuadable,"[0, 5, 10, 15, 20, 25, 30]","[None, None, None, None, None, None, None]","[0.0, 2.16, 4.32, 6.47, 8.63, 10.79, 12.95]"
1677,40.55,0.0955231811063453,Persuadable,"[0, 5, 10, 15, 20, 25, 30]","[None, None, None, None, None, None, None]","[0.0, 2.03, 4.05, 6.08, 8.11, 10.14, 12.16]"
1049,38.62,0.0060243301062527,Persuadable,"[0, 5, 10, 15, 20, 25, 30]","[None, None, None, None, None, None, None]","[0.0, 1.93, 3.86, 5.79, 7.72, 9.65, 11.59]"
1961,30.52,0.0507394558745058,Persuadable,"[0, 5, 10, 15, 20, 25, 30]","[None, None, None, None, None, None, None]","[0.0, 1.53, 3.05, 4.58, 6.1, 7.63, 9.16]"
2531,22.99,0.011896405088041,Persuadable,"[0, 5, 10, 15, 20, 25, 30]","[None, None, None, None, None, None, None]","[0.0, 1.15, 2.3, 3.45, 4.6, 5.75, 6.9]"
4502,35.91,0.0583168270812441,Persuadable,"[0, 5, 10, 15, 20, 25, 30]","[None, None, None, None, None, None, None]","[0.0, 1.8, 3.59, 5.39, 7.18, 8.98, 10.77]"
238,51.26,0.0157833663207589,Persuadable,"[0, 5, 10, 15, 20, 25, 30]","[None, None, None, None, None, None, None]","[0.0, 2.56, 5.13, 7.69, 10.25, 12.81, 15.38]"
4127,28.23,-0.0094876981931075,Not Persuadable,"[0, 5, 10, 15, 20, 25, 30]","[None, None, None, None, None, None, None]","[0.0, 1.41, 2.82, 4.23, 5.65, 7.06, 8.47]"
3505,44.69,-0.0966294829222737,Not Persuadable,"[0, 5, 10, 15, 20, 25, 30]","[None, None, None, None, None, None, None]","[0.0, 2.23, 4.47, 6.7, 8.94, 11.17, 13.41]"
1134,36.99,-0.066921128195798,Not Persuadable,"[0, 5, 10, 15, 20, 25, 30]","[None, None, None, None, None, None, None]","[0.0, 1.85, 3.7, 5.55, 7.4, 9.25, 11.1]"
1806,34.67,0.0723087452857766,Persuadable,"[0, 5, 10, 15, 20, 25, 30]","[None, None, None, None, None, None, None]","[0.0, 1.73, 3.47, 5.2, 6.93, 8.67, 10.4]"
4153,34.35,-0.1264369580247105,Not Persuadable,"[0, 5, 10, 15, 20, 25, 30]","[None, None, None, None, None, None, None]","[0.0, 1.72, 3.44, 5.15, 6.87, 8.59, 10.3]"
164,38.94,-0.0002505446674711,Not Persuadable,"[0, 5, 10, 15, 20, 25, 30]","[None, None, None, None, None, None, None]","[0.0, 1.95, 3.89, 5.84, 7.79, 9.73, 11.68]"
3509,34.62,0.0685643995035135,Persuadable,"[0, 5, 10, 15, 20, 25, 30]","[None, None, None, None, None, None, None]","[0.0, 1.73, 3.46, 5.19, 6.92, 8.65, 10.39]"
4720,40.15,0.0423374315016701,Persuadable,"[0, 5, 10, 15, 20, 25, 30]","[None, None, None, None, None, None, None]","[0.0, 2.01, 4.01, 6.02, 8.03, 10.04, 12.04]"
3865,47.68,-0.0019460448464259,Not Persuadable,"[0, 5, 10, 15, 20, 25, 30]","[None, None, None, None, None, None, None]","[0.0, 2.38, 4.77, 7.15, 9.54, 11.92, 14.3]"
3690,33.57,-0.036435416510005,Not Persuadable,"[0, 5, 10, 15, 20, 25, 30]","[None, None, None, None, None, None, None]","[0.0, 1.68, 3.36, 5.04, 6.71, 8.39, 10.07]"
3215,23.27,0.0933414365783941,Persuadable,"[0, 5, 10, 15, 20, 25, 30]","[None, None, None, None, None, None, None]","[0.0, 1.16, 2.33, 3.49, 4.65, 5.82, 6.98]"
3653,42.68,0.0975995590718968,Persuadable,"[0, 5, 10, 15, 20, 25, 30]","[None, None, None, None, None, None, None]","[0.0, 2.13, 4.27, 6.4, 8.54, 10.67, 12.8]"
3958,59.48,0.1310265074202865,Highly Persuadable,"[0, 5, 10, 15, 20, 25, 30]","[None, None, None, None, None, None, None]","[0.0, 2.97, 5.95, 8.92, 11.9, 14.87, 17.84]"
1812,28.72,0.016473090186244,Persuadable,"[0, 5, 10, 15, 20, 25, 30]","[None, None, None, None, None, None, None]","[0.0, 1.44, 2.87, 4.31, 5.74, 7.18, 8.62]"
3986,52.66,0.0920539201405315,Persuadable,"[0, 5, 10, 15, 20, 25, 30]","[None, None, None, None, None, None, None]","[0.0, 2.63, 5.27, 7.9, 10.53, 13.16, 15.8]"
3165,59.22,0.0888340848155679,Persuadable,"[0, 5, 10, 15, 20, 25, 30]","[None, None, None, None, None, None, None]","[0.0, 2.96, 5.92, 8.88, 11.84, 14.8, 17.77]"
1429,45.98,0.2531068113093277,Highly Persuadable,"[0, 5, 10, 15, 20, 25, 30]","[None, None, None, None, None, None, None]","[0.0, 2.3, 4.6, 6.9, 9.2, 11.49, 13.79]"
3632,56.67,0.0407986329717009,Persuadable,"[0, 5, 10, 15, 20, 25, 30]","[None, None, None, None, None, None, None]","[0.0, 2.83, 5.67, 8.5, 11.33, 14.17, 17.0]"
4386,25.29,0.0910861706184752,Persuadable,"[0, 5, 10, 15, 20, 25, 30]","[None, None, None, None, None, None, None]","[0.0, 1.26, 2.53, 3.79, 5.06, 6.32, 7.59]"
3412,39.78,-0.0286411674109605,Not Persuadable,"[0, 5, 10, 15, 20, 25, 30]","[None, None, None, None, None, None, None]","[0.0, 1.99, 3.98, 5.97, 7.96, 9.95, 11.93]"
4471,38.23,0.0863161556069768,Persuadable,"[0, 5, 10, 15, 20, 25, 30]","[None, None, None, None, None, None, None]","[0.0, 1.91, 3.82, 5.73, 7.65, 9.56, 11.47]"
4855,40.95,0.0576020751986076,Persuadable,"[0, 5, 10, 15, 20, 25, 30]","[None, None, None, None, None, None, None]","[0.0, 2.05, 4.1, 6.14, 8.19, 10.24, 12.29]"
2836,25.54,0.1958762969810119,Highly Persuadable,"[0, 5, 10, 15, 20, 25, 30]","[None, None, None, None, None, None, None]","[0.0, 1.28, 2.55, 3.83, 5.11, 6.38, 7.66]"
1453,41.44,0.0377876187489535,Persuadable,"[0, 5, 10, 15, 20, 25, 30]","[None, None, None, None, None, None, None]","[0.0, 2.07, 4.14, 6.22, 8.29, 10.36, 12.43]"
594,38.93,-0.0340233987514075,Not Persuadable,"[0, 5, 10, 15, 20, 25, 30]","[None, None, None, None, None, None, None]","[0.0, 1.95, 3.89, 5.84, 7.79, 9.73, 11.68]"
42,39.08,0.0267359942499428,Persuadable,"[0, 5, 10, 15, 20, 25, 30]","[None, None, None, None, None, None, None]","[0.0, 1.95, 3.91, 5.86, 7.82, 9.77, 11.72]"
561,32.49,0.0569970437299044,Persuadable,"[0, 5, 10, 15, 20, 25, 30]","[None, None, None, None, None, None, None]","[0.0, 1.62, 3.25, 4.87, 6.5, 8.12, 9.75]"
2952,61.11,0.0655538770919562,Persuadable,"[0, 5, 10, 15, 20, 25, 30]","[None, None, None, None, None, None, None]","[0.0, 3.06, 6.11, 9.17, 12.22, 15.28, 18.33]"
3743,28.41,0.0968326815540053,Persuadable,"[0, 5, 10, 15, 20, 25, 30]","[None, None, None, None, None, None, None]","[0.0, 1.42, 2.84, 4.26, 5.68, 7.1, 8.52]"
244,41.05,0.0617821479186239,Persuadable,"[0, 5, 10, 15, 20, 25, 30]","[None, None, None, None, None, None, None]","[0.0, 2.05, 4.1, 6.16, 8.21, 10.26, 12.31]"
1340,36.16,-0.0769608334531317,Not Persuadable,"[0, 5, 10, 15, 20, 25, 30]","[None, None, None, None, None, None, None]","[0.0, 1.81, 3.62, 5.42, 7.23, 9.04, 10.85]"
4038,42.45,-0.0181589177478522,Not Persuadable,"[0, 5, 10, 15, 20, 25, 30]","[None, None, None, None, None, None, None]","[0.0, 2.12, 4.25, 6.37, 8.49, 10.61, 12.74]"
4809,33.58,0.0543451997241487,Persuadable,"[0, 5, 10, 15, 20, 25, 30]","[None, None, None, None, None, None, None]","[0.0, 1.68, 3.36, 5.04, 6.72, 8.39, 10.07]"
3818,34.88,0.1984546347683084,Highly Persuadable,"[0, 5, 10, 15, 20, 25, 30]","[None, None, None, None, None, None, None]","[0.0, 1.74, 3.49, 5.23, 6.98, 8.72, 10.46]"
1443,47.7,0.1728159332876535,Highly Persuadable,"[0, 5, 10, 15, 20, 25, 30]","[None, None, None, None, None, None, None]","[0.0, 2.39, 4.77, 7.16, 9.54, 11.93, 14.31]"
262,33.44,0.0010694431412859,Persuadable,"[0, 5, 10, 15, 20, 25, 30]","[None, None, None, None, None, None, None]","[0.0, 1.67, 3.34, 5.02, 6.69, 8.36, 10.03]"
3177,39.79,0.017361362121999,Persuadable,"[0, 5, 10, 15, 20, 25, 30]","[None, None, None, None, None, None, None]","[0.0, 1.99, 3.98, 5.97, 7.96, 9.95, 11.94]"
1690,54.15,0.0324231038824533,Persuadable,"[0, 5, 10, 15, 20, 25, 30]","[None, None, None, None, None, None, None]","[0.0, 2.71, 5.42, 8.12, 10.83, 13.54, 16.24]"
1726,21.93,-0.0149171617511011,Not Persuadable,"[0, 5, 10, 15, 20, 25, 30]","[None, None, None, None, None, None, None]","[0.0, 1.1, 2.19, 3.29, 4.39, 5.48, 6.58]"
4560,28.31,-0.0083883211124231,Not Persuadable,"[0, 5, 10, 15, 20, 25, 30]","[None, None, None, None, None, None, None]","[0.0, 1.42, 2.83, 4.25, 5.66, 7.08, 8.49]"
835,26.34,0.0839787450765907,Persuadable,"[0, 5, 10, 15, 20, 25, 30]","[None, None, None, None, None, None, None]","[0.0, 1.32, 2.63, 3.95, 5.27, 6.58, 7.9]"
1867,35.8,-0.0154271782080276,Not Persuadable,"[0, 5, 10, 15, 20, 25, 30]","[None, None, None, None, None, None, None]","[0.0, 1.79, 3.58, 5.37, 7.16, 8.95, 10.74]"
2497,37.69,0.0129890089594854,Persuadable,"[0, 5, 10, 15, 20, 25, 30]","[None, None, None, None, None, None, None]","[0.0, 1.88, 3.77, 5.65, 7.54, 9.42, 11.31]"
2011,15.56,-0.0114867734383422,Not Persuadable,"[0, 5, 10, 15, 20, 25, 30]","[None, None, None, None, None, None, None]","[0.0, 0.78, 1.56, 2.33, 3.11, 3.89, 4.67]"
341,26.75,-0.0163213808205874,Not Persuadable,"[0, 5, 10, 15, 20, 25, 30]","[None, None, None, None, None, None, None]","[0.0, 1.34, 2.68, 4.01, 5.35, 6.69, 8.03]"
3322,43.58,0.0227073524833497,Persuadable,"[0, 5, 10, 15, 20, 25, 30]","[None, None, None, None, None, None, None]","[0.0, 2.18, 4.36, 6.54, 8.72, 10.89, 13.07]"
1602,42.01,-0.0422067512779253,Not Persuadable,"[0, 5, 10, 15, 20, 25, 30]","[None, None, None, None, None, None, None]","[0.0, 2.1, 4.2, 6.3, 8.4, 10.5, 12.6]"
3019,52.57,0.0955815769664536,Persuadable,"[0, 5, 10, 15, 20, 25, 30]","[None, None, None, None, None, None, None]","[0.0, 2.63, 5.26, 7.89, 10.51, 13.14, 15.77]"
4705,37.86,0.1140226714367405,Highly Persuadable,"[0, 5, 10, 15, 20, 25, 30]","[None, None, None, None, None, None, None]","[0.0, 1.89, 3.79, 5.68, 7.57, 9.46, 11.36]"
481,45.39,0.0530571477280684,Persuadable,"[0, 5, 10, 15, 20, 25, 30]","[None, None, None, None, None, None, None]","[0.0, 2.27, 4.54, 6.81, 9.08, 11.35, 13.62]"
2930,41.39,0.1180333875326461,Highly Persuadable,"[0, 5, 10, 15, 20, 25, 30]","[None, None, None, None, None, None, None]","[0.0, 2.07, 4.14, 6.21, 8.28, 10.35, 12.42]"
3919,28.13,0.0655929993183229,Persuadable,"[0, 5, 10, 15, 20, 25, 30]","[None, None, None, None, None, None, None]","[0.0, 1.41, 2.81, 4.22, 5.63, 7.03, 8.44]"
3410,44.49,0.0437385301016651,Persuadable,"[0, 5, 10, 15, 20, 25, 30]","[None, None, None, None, None, None, None]","[0.0, 2.22, 4.45, 6.67, 8.9, 11.12, 13.35]"
4649,37.51,0.1850488136684673,Highly Persuadable,"[0, 5, 10, 15, 20, 25, 30]","[None, None, None, None, None, None, None]","[0.0, 1.88, 3.75, 5.63, 7.5, 9.38, 11.25]"
3506,49.07,0.0759926232557861,Persuadable,"[0, 5, 10, 15, 20, 25, 30]","[None, None, None, None, None, None, None]","[0.0, 2.45, 4.91, 7.36, 9.81, 12.27, 14.72]"
4009,21.29,0.0486329464195174,Persuadable,"[0, 5, 10, 15, 20, 25, 30]","[None, None, None, None, None, None, None]","[0.0, 1.06, 2.13, 3.19, 4.26, 5.32, 6.39]"
1767,34.0,0.0327765035161841,Persuadable,"[0, 5, 10, 15, 20, 25, 30]","[None, None, None, None, None, None, None]","[0.0, 1.7, 3.4, 5.1, 6.8, 8.5, 10.2]"
4484,42.92,0.0079629777072941,Persuadable,"[0, 5, 10, 15, 20, 25, 30]","[None, None, None, None, None, None, None]","[0.0, 2.15, 4.29, 6.44, 8.58, 10.73, 12.88]"
2454,27.65,-0.023826054837647,Not Persuadable,"[0, 5, 10, 15, 20, 25, 30]","[None, None, None, None, None, None, None]","[0.0, 1.38, 2.77, 4.15, 5.53, 6.91, 8.29]"
2893,36.07,-0.0073730884623031,Not Persuadable,"[0, 5, 10, 15, 20, 25, 30]","[None, None, None, None, None, None, None]","[0.0, 1.8, 3.61, 5.41, 7.21, 9.02, 10.82]"
3834,35.35,0.0114550160900739,Persuadable,"[0, 5, 10, 15, 20, 25, 30]","[None, None, None, None, None, None, None]","[0.0, 1.77, 3.54, 5.3, 7.07, 8.84, 10.61]"
4035,39.37,0.019282980399263,Persuadable,"[0, 5, 10, 15, 20, 25, 30]","[None, None, None, None, None, None, None]","[0.0, 1.97, 3.94, 5.91, 7.87, 9.84, 11.81]"
4688,48.91,-0.0483450800778059,Not Persuadable,"[0, 5, 10, 15, 20, 25, 30]","[None, None, None, None, None, None, None]","[0.0, 2.45, 4.89, 7.34, 9.78, 12.23, 14.67]"
3698,24.72,0.0665244107529643,Persuadable,"[0, 5, 10, 15, 20, 25, 30]","[None, None, None, None, None, None, None]","[0.0, 1.24, 2.47, 3.71, 4.94, 6.18, 7.42]"
1272,45.37,0.0587972078496366,Persuadable,"[0, 5, 10, 15, 20, 25, 30]","[None, None, None, None, None, None, None]","[0.0, 2.27, 4.54, 6.81, 9.07, 11.34, 13.61]"
4512,34.55,0.1221616171732645,Highly Persuadable,"[0, 5, 10, 15, 20, 25, 30]","[None, None, None, None, None, None, None]","[0.0, 1.73, 3.46, 5.18, 6.91, 8.64, 10.36]"
3110,15.71,-0.073522770410122,Not Persuadable,"[0, 5, 10, 15, 20, 25, 30]","[None, None, None, None, None, None, None]","[0.0, 0.79, 1.57, 2.36, 3.14, 3.93, 4.71]"
4152,40.71,0.0175182142168429,Persuadable,"[0, 5, 10, 15, 20, 25, 30]","[None, None, None, None, None, None, None]","[0.0, 2.04, 4.07, 6.11, 8.14, 10.18, 12.21]"
348,52.56,0.0785176307532837,Persuadable,"[0, 5, 10, 15, 20, 25, 30]","[None, None, None, None, None, None, None]","[0.0, 2.63, 5.26, 7.88, 10.51, 13.14, 15.77]"
3900,41.88,-0.0010322173163345,Not Persuadable,"[0, 5, 10, 15, 20, 25, 30]","[None, None, None, None, None, None, None]","[0.0, 2.09, 4.19, 6.28, 8.38, 10.47, 12.56]"
4634,34.96,-0.020509120533704,Not Persuadable,"[0, 5, 10, 15, 20, 25, 30]","[None, None, None, None, None, None, None]","[0.0, 1.75, 3.5, 5.24, 6.99, 8.74, 10.49]"
2563,30.63,-0.0336642206104058,Not Persuadable,"[0, 5, 10, 15, 20, 25, 30]","[None, None, None, None, None, None, None]","[0.0, 1.53, 3.06, 4.59, 6.13, 7.66, 9.19]"
4601,31.86,0.1360515692809454,Highly Persuadable,"[0, 5, 10, 15, 20, 25, 30]","[None, None, None, None, None, None, None]","[0.0, 1.59, 3.19, 4.78, 6.37, 7.96, 9.56]"
1424,56.14,0.1384054840543097,Highly Persuadable,"[0, 5, 10, 15, 20, 25, 30]","[None, None, None, None, None, None, None]","[0.0, 2.81, 5.61, 8.42, 11.23, 14.04, 16.84]"
657,29.93,0.1083488568934238,Highly Persuadable,"[0, 5, 10, 15, 20, 25, 30]","[None, None, None, None, None, None, None]","[0.0, 1.5, 2.99, 4.49, 5.99, 7.48, 8.98]"
2103,52.53,-0.1169056049508362,Not Persuadable,"[0, 5, 10, 15, 20, 25, 30]","[None, None, None, None, None, None, None]","[0.0, 2.63, 5.25, 7.88, 10.51, 13.13, 15.76]"
633,19.06,-0.0440460199826603,Not Persuadable,"[0, 5, 10, 15, 20, 25, 30]","[None, None, None, None, None, None, None]","[0.0, 0.95, 1.91, 2.86, 3.81, 4.76, 5.72]"
2908,25.12,-0.0299374782930544,Not Persuadable,"[0, 5, 10, 15, 20, 25, 30]","[None, None, None, None, None, None, None]","[0.0, 1.26, 2.51, 3.77, 5.02, 6.28, 7.54]"
2494,25.71,0.0559451854767048,Persuadable,"[0, 5, 10, 15, 20, 25, 30]","[None, None, None, None, None, None, None]","[0.0, 1.29, 2.57, 3.86, 5.14, 6.43, 7.71]"
2666,44.0,0.0192279595338065,Persuadable,"[0, 5, 10, 15, 20, 25, 30]","[None, None, None, None, None, None, None]","[0.0, 2.2, 4.4, 6.6, 8.8, 11.0, 13.2]"
3231,23.85,-0.0008094838580793,Not Persuadable,"[0, 5, 10, 15, 20, 25, 30]","[None, None, None, None, None, None, None]","[0.0, 1.19, 2.39, 3.58, 4.77, 5.96, 7.16]"
3980,35.79,-0.0593782431314907,Not Persuadable,"[0, 5, 10, 15, 20, 25, 30]","[None, None, None, None, None, None, None]","[0.0, 1.79, 3.58, 5.37, 7.16, 8.95, 10.74]"
3323,33.25,0.1848923417307622,Highly Persuadable,"[0, 5, 10, 15, 20, 25, 30]","[None, None, None, None, None, None, None]","[0.0, 1.66, 3.33, 4.99, 6.65, 8.31, 9.97]"
3514,21.21,0.038697334789643,Persuadable,"[0, 5, 10, 15, 20, 25, 30]","[None, None, None, None, None, None, None]","[0.0, 1.06, 2.12, 3.18, 4.24, 5.3, 6.36]"
3613,16.83,0.166344501513702,Highly Persuadable,"[0, 5, 10, 15, 20, 25, 30]","[None, None, None, None, None, None, None]","[0.0, 0.84, 1.68, 2.52, 3.37, 4.21, 5.05]"
2501,52.69,0.0256019633136763,Persuadable,"[0, 5, 10, 15, 20, 25, 30]","[None, None, None, None, None, None, None]","[0.0, 2.63, 5.27, 7.9, 10.54, 13.17, 15.81]"
1466,18.95,0.1144500548429431,Highly Persuadable,"[0, 5, 10, 15, 20, 25, 30]","[None, None, None, None, None, None, None]","[0.0, 0.95, 1.9, 2.84, 3.79, 4.74, 5.68]"
4704,42.07,0.0452390417553246,Persuadable,"[0, 5, 10, 15, 20, 25, 30]","[None, None, None, None, None, None, None]","[0.0, 2.1, 4.21, 6.31, 8.41, 10.52, 12.62]"
116,38.51,0.0009176491139167,Persuadable,"[0, 5, 10, 15, 20, 25, 30]","[None, None, None, None, None, None, None]","[0.0, 1.93, 3.85, 5.78, 7.7, 9.63, 11.55]"
1822,39.76,-0.0871432643926508,Not Persuadable,"[0, 5, 10, 15, 20, 25, 30]","[None, None, None, None, None, None, None]","[0.0, 1.99, 3.98, 5.96, 7.95, 9.94, 11.93]"
1495,25.84,0.1512066895013555,Highly Persuadable,"[0, 5, 10, 15, 20, 25, 30]","[None, None, None, None, None, None, None]","[0.0, 1.29, 2.58, 3.88, 5.17, 6.46, 7.75]"
2402,49.32,0.1125221944673476,Highly Persuadable,"[0, 5, 10, 15, 20, 25, 30]","[None, None, None, None, None, None, None]","[0.0, 2.47, 4.93, 7.4, 9.86, 12.33, 14.8]"
1233,41.35,-0.0352711865646867,Not Persuadable,"[0, 5, 10, 15, 20, 25, 30]","[None, None, None, None, None, None, None]","[0.0, 2.07, 4.14, 6.2, 8.27, 10.34, 12.4]"
2662,40.93,0.0360435098729803,Persuadable,"[0, 5, 10, 15, 20, 25, 30]","[None, None, None, None, None, None, None]","[0.0, 2.05, 4.09, 6.14, 8.19, 10.23, 12.28]"
2888,19.03,0.0115643035548856,Persuadable,"[0, 5, 10, 15, 20, 25, 30]","[None, None, None, None, None, None, None]","[0.0, 0.95, 1.9, 2.85, 3.81, 4.76, 5.71]"
4642,32.21,0.0850743509598302,Persuadable,"[0, 5, 10, 15, 20, 25, 30]","[None, None, None, None, None, None, None]","[0.0, 1.61, 3.22, 4.83, 6.44, 8.05, 9.66]"
1154,34.12,0.0169983845722222,Persuadable,"[0, 5, 10, 15, 20, 25, 30]","[None, None, None, None, None, None, None]","[0.0, 1.71, 3.41, 5.12, 6.82, 8.53, 10.24]"
3867,53.46,0.0143211464501927,Persuadable,"[0, 5, 10, 15, 20, 25, 30]","[None, None, None, None, None, None, None]","[0.0, 2.67, 5.35, 8.02, 10.69, 13.37, 16.04]"
58,33.81,0.0027586890995481,Persuadable,"[0, 5, 10, 15, 20, 25, 30]","[None, None, None, None, None, None, None]","[0.0, 1.69, 3.38, 5.07, 6.76, 8.45, 10.14]"
3411,31.02,-0.0060648914869671,Not Persuadable,"[0, 5, 10, 15, 20, 25, 30]","[None, None, None, None, None, None, None]","[0.0, 1.55, 3.1, 4.65, 6.2, 7.75, 9.31]"
4464,56.88,0.0401955737890444,Persuadable,"[0, 5, 10, 15, 20, 25, 30]","[None, None, None, None, None, None, None]","[0.0, 2.84, 5.69, 8.53, 11.38, 14.22, 17.06]"
4956,60.05,0.0638371547047459,Persuadable,"[0, 5, 10, 15, 20, 25, 30]","[None, None, None, None, None, None, None]","[0.0, 3.0, 6.0, 9.01, 12.01, 15.01, 18.01]"
1736,44.26,0.1136981582593787,Highly Persuadable,"[0, 5, 10, 15, 20, 25, 30]","[None, None, None, None, None, None, None]","[0.0, 2.21, 4.43, 6.64, 8.85, 11.06, 13.28]"
2197,35.76,0.0261523713634484,Persuadable,"[0, 5, 10, 15, 20, 25, 30]","[None, None, None, None, None, None, None]","[0.0, 1.79, 3.58, 5.36, 7.15, 8.94, 10.73]"
3784,22.04,-0.0336660050351932,Not Persuadable,"[0, 5, 10, 15, 20, 25, 30]","[None, None, None, None, None, None, None]","[0.0, 1.1, 2.2, 3.31, 4.41, 5.51, 6.61]"
2476,51.45,0.0035705739482341,Persuadable,"[0, 5, 10, 15, 20, 25, 30]","[None, None, None, None, None, None, None]","[0.0, 2.57, 5.15, 7.72, 10.29, 12.86, 15.44]"
2565,58.82,0.0242091917890725,Persuadable,"[0, 5, 10, 15, 20, 25, 30]","[None, None, None, None, None, None, None]","[0.0, 2.94, 5.88, 8.82, 11.76, 14.71, 17.65]"
3174,40.7,0.0732860740218694,Persuadable,"[0, 5, 10, 15, 20, 25, 30]","[None, None, None, None, None, None, None]","[0.0, 2.04, 4.07, 6.11, 8.14, 10.18, 12.21]"
4053,41.56,-0.0356473652834769,Not Persuadable,"[0, 5, 10, 15, 20, 25, 30]","[None, None, None, None, None, None, None]","[0.0, 2.08, 4.16, 6.23, 8.31, 10.39, 12.47]"
3674,28.9,0.025286101643521,Persuadable,"[0, 5, 10, 15, 20, 25, 30]","[None, None, None, None, None, None, None]","[0.0, 1.45, 2.89, 4.33, 5.78, 7.22, 8.67]"
708,45.84,-0.032152632695385,Not Persuadable,"[0, 5, 10, 15, 20, 25, 30]","[None, None, None, None, None, None, None]","[0.0, 2.29, 4.58, 6.88, 9.17, 11.46, 13.75]"
4291,21.52,0.2205982946317592,Highly Persuadable,"[0, 5, 10, 15, 20, 25, 30]","[None, None, None, None, None, None, None]","[0.0, 1.08, 2.15, 3.23, 4.3, 5.38, 6.46]"
1094,27.11,0.010548306337485,Persuadable,"[0, 5, 10, 15, 20, 25, 30]","[None, None, None, None, None, None, None]","[0.0, 1.36, 2.71, 4.07, 5.42, 6.78, 8.13]"
3805,49.22,0.1594998704434592,Highly Persuadable,"[0, 5, 10, 15, 20, 25, 30]","[None, None, None, None, None, None, None]","[0.0, 2.46, 4.92, 7.38, 9.84, 12.3, 14.77]"
1377,29.44,0.1200681248141932,Highly Persuadable,"[0, 5, 10, 15, 20, 25, 30]","[None, None, None, None, None, None, None]","[0.0, 1.47, 2.94, 4.42, 5.89, 7.36, 8.83]"
4924,45.15,0.0535840485736561,Persuadable,"[0, 5, 10, 15, 20, 25, 30]","[None, None, None, None, None, None, None]","[0.0, 2.26, 4.51, 6.77, 9.03, 11.29, 13.54]"
73,37.56,0.1008939116816063,Highly Persuadable,"[0, 5, 10, 15, 20, 25, 30]","[None, None, None, None, None, None, None]","[0.0, 1.88, 3.76, 5.63, 7.51, 9.39, 11.27]"
1923,51.04,-0.1143437420859037,Not Persuadable,"[0, 5, 10, 15, 20, 25, 30]","[None, None, None, None, None, None, None]","[0.0, 2.55, 5.1, 7.66, 10.21, 12.76, 15.31]"
3189,43.28,0.0330189148221078,Persuadable,"[0, 5, 10, 15, 20, 25, 30]","[None, None, None, None, None, None, None]","[0.0, 2.16, 4.33, 6.49, 8.66, 10.82, 12.98]"
1765,43.96,0.0282504490974902,Persuadable,"[0, 5, 10, 15, 20, 25, 30]","[None, None, None, None, None, None, None]","[0.0, 2.2, 4.4, 6.59, 8.79, 10.99, 13.19]"
744,31.24,0.0151675497684772,Persuadable,"[0, 5, 10, 15, 20, 25, 30]","[None, None, None, None, None, None, None]","[0.0, 1.56, 3.12, 4.69, 6.25, 7.81, 9.37]"
2894,36.06,0.0445389395453901,Persuadable,"[0, 5, 10, 15, 20, 25, 30]","[None, None, None, None, None, None, None]","[0.0, 1.8, 3.61, 5.41, 7.21, 9.02, 10.82]"
1006,37.86,0.2394099150034521,Highly Persuadable,"[0, 5, 10, 15, 20, 25, 30]","[None, None, None, None, None, None, None]","[0.0, 1.89, 3.79, 5.68, 7.57, 9.46, 11.36]"
2669,54.31,0.1553430366256194,Highly Persuadable,"[0, 5, 10, 15, 20, 25, 30]","[None, None, None, None, None, None, None]","[0.0, 2.72, 5.43, 8.15, 10.86, 13.58, 16.29]"
1191,49.8,0.0858614840813743,Persuadable,"[0, 5, 10, 15, 20, 25, 30]","[None, None, None, None, None, None, None]","[0.0, 2.49, 4.98, 7.47, 9.96, 12.45, 14.94]"
4664,33.07,0.0335662905928726,Persuadable,"[0, 5, 10, 15, 20, 25, 30]","[None, None, None, None, None, None, None]","[0.0, 1.65, 3.31, 4.96, 6.61, 8.27, 9.92]"
2602,24.69,0.0039727401661977,Persuadable,"[0, 5, 10, 15, 20, 25, 30]","[None, None, None, None, None, None, None]","[0.0, 1.23, 2.47, 3.7, 4.94, 6.17, 7.41]"
1126,28.18,0.0460707823823719,Persuadable,"[0, 5, 10, 15, 20, 25, 30]","[None, None, None, None, None, None, None]","[0.0, 1.41, 2.82, 4.23, 5.64, 7.04, 8.45]"
1242,44.12,-0.0958262553933226,Not Persuadable,"[0, 5, 10, 15, 20, 25, 30]","[None, None, None, None, None, None, None]","[0.0, 2.21, 4.41, 6.62, 8.82, 11.03, 13.24]"
3631,38.82,0.0346050944725824,Persuadable,"[0, 5, 10, 15, 20, 25, 30]","[None, None, None, None, None, None, None]","[0.0, 1.94, 3.88, 5.82, 7.76, 9.71, 11.65]"
4140,35.62,0.0824870992669455,Persuadable,"[0, 5, 10, 15, 20, 25, 30]","[None, None, None, None, None, None, None]","[0.0, 1.78, 3.56, 5.34, 7.12, 8.9, 10.69]"
4852,38.71,0.1379556781399641,Highly Persuadable,"[0, 5, 10, 15, 20, 25, 30]","[None, None, None, None, None, None, None]","[0.0, 1.94, 3.87, 5.81, 7.74, 9.68, 11.61]"
999,39.77,0.0840500747413714,Persuadable,"[0, 5, 10, 15, 20, 25, 30]","[None, None, None, None, None, None, None]","[0.0, 1.99, 3.98, 5.97, 7.95, 9.94, 11.93]"
4793,27.61,-0.0447261477685155,Not Persuadable,"[0, 5, 10, 15, 20, 25, 30]","[None, None, None, None, None, None, None]","[0.0, 1.38, 2.76, 4.14, 5.52, 6.9, 8.28]"
2685,29.49,0.0549119281824276,Persuadable,"[0, 5, 10, 15, 20, 25, 30]","[None, None, None, None, None, None, None]","[0.0, 1.47, 2.95, 4.42, 5.9, 7.37, 8.85]"
1578,42.28,0.0546399335592633,Persuadable,"[0, 5, 10, 15, 20, 25, 30]","[None, None, None, None, None, None, None]","[0.0, 2.11, 4.23, 6.34, 8.46, 10.57, 12.68]"
4801,28.73,0.1361849190792593,Highly Persuadable,"[0, 5, 10, 15, 20, 25, 30]","[None, None, None, None, None, None, None]","[0.0, 1.44, 2.87, 4.31, 5.75, 7.18, 8.62]"
1827,28.85,0.0846053417503577,Persuadable,"[0, 5, 10, 15, 20, 25, 30]","[None, None, None, None, None, None, None]","[0.0, 1.44, 2.89, 4.33, 5.77, 7.21, 8.65]"
3308,52.65,0.1285712273515752,Highly Persuadable,"[0, 5, 10, 15, 20, 25, 30]","[None, None, None, None, None, None, None]","[0.0, 2.63, 5.27, 7.9, 10.53, 13.16, 15.79]"
5000,30.24,0.1424306826256269,Highly Persuadable,"[0, 5, 10, 15, 20, 25, 30]","[None, None, None, None, None, None, None]","[0.0, 1.51, 3.02, 4.54, 6.05, 7.56, 9.07]"
3553,25.54,-0.0184024316207734,Not Persuadable,"[0, 5, 10, 15, 20, 25, 30]","[None, None, None, None, None, None, None]","[0.0, 1.28, 2.55, 3.83, 5.11, 6.38, 7.66]"
441,32.14,0.0858721476528895,Persuadable,"[0, 5, 10, 15, 20, 25, 30]","[None, None, None, None, None, None, None]","[0.0, 1.61, 3.21, 4.82, 6.43, 8.04, 9.64]"
4962,36.11,0.1456355469799475,Highly Persuadable,"[0, 5, 10, 15, 20, 25, 30]","[None, None, None, None, None, None, None]","[0.0, 1.81, 3.61, 5.42, 7.22, 9.03, 10.83]"
1101,54.39,-0.0049690230075689,Not Persuadable,"[0, 5, 10, 15, 20, 25, 30]","[None, None, None, None, None, None, None]","[0.0, 2.72, 5.44, 8.16, 10.88, 13.6, 16.32]"
4029,41.64,0.0344382691006514,Persuadable,"[0, 5, 10, 15, 20, 25, 30]","[None, None, None, None, None, None, None]","[0.0, 2.08, 4.16, 6.25, 8.33, 10.41, 12.49]"
4954,42.43,-0.0493475292878576,Not Persuadable,"[0, 5, 10, 15, 20, 25, 30]","[None, None, None, None, None, None, None]","[0.0, 2.12, 4.24, 6.36, 8.49, 10.61, 12.73]"
650,40.5,0.0863798915006932,Persuadable,"[0, 5, 10, 15, 20, 25, 30]","[None, None, None, None, None, None, None]","[0.0, 2.02, 4.05, 6.08, 8.1, 10.12, 12.15]"
1547,42.47,-0.1120472996800935,Not Persuadable,"[0, 5, 10, 15, 20, 25, 30]","[None, None, None, None, None, None, None]","[0.0, 2.12, 4.25, 6.37, 8.49, 10.62, 12.74]"
3555,40.1,0.1708992310109253,Highly Persuadable,"[0, 5, 10, 15, 20, 25, 30]","[None, None, None, None, None, None, None]","[0.0, 2.01, 4.01, 6.01, 8.02, 10.03, 12.03]"
3577,28.24,-0.0296395479007818,Not Persuadable,"[0, 5, 10, 15, 20, 25, 30]","[None, None, None, None, None, None, None]","[0.0, 1.41, 2.82, 4.24, 5.65, 7.06, 8.47]"
3816,26.21,-0.0568553743320981,Not Persuadable,"[0, 5, 10, 15, 20, 25, 30]","[None, None, None, None, None, None, None]","[0.0, 1.31, 2.62, 3.93, 5.24, 6.55, 7.86]"
3760,30.94,0.0858828593336407,Persuadable,"[0, 5, 10, 15, 20, 25, 30]","[None, None, None, None, None, None, None]","[0.0, 1.55, 3.09, 4.64, 6.19, 7.74, 9.28]"
631,29.66,0.0761954252529121,Persuadable,"[0, 5, 10, 15, 20, 25, 30]","[None, None, None, None, None, None, None]","[0.0, 1.48, 2.97, 4.45, 5.93, 7.42, 8.9]"
673,38.45,0.1118778188172156,Highly Persuadable,"[0, 5, 10, 15, 20, 25, 30]","[None, None, None, None, None, None, None]","[0.0, 1.92, 3.85, 5.77, 7.69, 9.61, 11.54]"
1250,23.61,0.1087966271046935,Highly Persuadable,"[0, 5, 10, 15, 20, 25, 30]","[None, None, None, None, None, None, None]","[0.0, 1.18, 2.36, 3.54, 4.72, 5.9, 7.08]"
483,45.18,-0.1330914685324811,Not Persuadable,"[0, 5, 10, 15, 20, 25, 30]","[None, None, None, None, None, None, None]","[0.0, 2.26, 4.52, 6.78, 9.04, 11.29, 13.55]"
1585,35.59,-0.0544136625054336,Not Persuadable,"[0, 5, 10, 15, 20, 25, 30]","[None, None, None, None, None, None, None]","[0.0, 1.78, 3.56, 5.34, 7.12, 8.9, 10.68]"
3090,42.84,-0.0513489458879478,Not Persuadable,"[0, 5, 10, 15, 20, 25, 30]","[None, None, None, None, None, None, None]","[0.0, 2.14, 4.28, 6.43, 8.57, 10.71, 12.85]"
4638,24.86,0.1380705448536941,Highly Persuadable,"[0, 5, 10, 15, 20, 25, 30]","[None, None, None, None, None, None, None]","[0.0, 1.24, 2.49, 3.73, 4.97, 6.21, 7.46]"
3054,41.83,0.0151045232091364,Persuadable,"[0, 5, 10, 15, 20, 25, 30]","[None, None, None, None, None, None, None]","[0.0, 2.09, 4.18, 6.27, 8.37, 10.46, 12.55]"
1463,30.05,0.0738741711496309,Persuadable,"[0, 5, 10, 15, 20, 25, 30]","[None, None, None, None, None, None, None]","[0.0, 1.5, 3.01, 4.51, 6.01, 7.51, 9.02]"
3948,30.24,0.0391983149197381,Persuadable,"[0, 5, 10, 15, 20, 25, 30]","[None, None, None, None, None, None, None]","[0.0, 1.51, 3.02, 4.54, 6.05, 7.56, 9.07]"
3640,42.1,-0.0105238858500694,Not Persuadable,"[0, 5, 10, 15, 20, 25, 30]","[None, None, None, None, None, None, None]","[0.0, 2.1, 4.21, 6.32, 8.42, 10.53, 12.63]"
2579,37.86,-0.0688703407558414,Not Persuadable,"[0, 5, 10, 15, 20, 25, 30]","[None, None, None, None, None, None, None]","[0.0, 1.89, 3.79, 5.68, 7.57, 9.46, 11.36]"
3820,24.99,0.0536904056374142,Persuadable,"[0, 5, 10, 15, 20, 25, 30]","[None, None, None, None, None, None, None]","[0.0, 1.25, 2.5, 3.75, 5.0, 6.25, 7.5]"
50,55.7,0.0564465668973936,Persuadable,"[0, 5, 10, 15, 20, 25, 30]","[None, None, None, None, None, None, None]","[0.0, 2.79, 5.57, 8.36, 11.14, 13.93, 16.71]"
4300,41.58,0.1086535608059053,Highly Persuadable,"[0, 5, 10, 15, 20, 25, 30]","[None, None, None, None, None, None, None]","[0.0, 2.08, 4.16, 6.24, 8.32, 10.39, 12.47]"
3072,45.01,-0.0470263098669927,Not Persuadable,"[0, 5, 10, 15, 20, 25, 30]","[None, None, None, None, None, None, None]","[0.0, 2.25, 4.5, 6.75, 9.0, 11.25, 13.5]"
859,25.25,-0.0012332833750481,Not Persuadable,"[0, 5, 10, 15, 20, 25, 30]","[None, None, None, None, None, None, None]","[0.0, 1.26, 2.53, 3.79, 5.05, 6.31, 7.57]"
1073,32.4,0.1395591817881999,Highly Persuadable,"[0, 5, 10, 15, 20, 25, 30]","[None, None, None, None, None, None, None]","[0.0, 1.62, 3.24, 4.86, 6.48, 8.1, 9.72]"
720,41.79,0.1122346103157673,Highly Persuadable,"[0, 5, 10, 15, 20, 25, 30]","[None, None, None, None, None, None, None]","[0.0, 2.09, 4.18, 6.27, 8.36, 10.45, 12.54]"
3173,51.54,-0.0068792000185017,Not Persuadable,"[0, 5, 10, 15, 20, 25, 30]","[None, None, None, None, None, None, None]","[0.0, 2.58, 5.15, 7.73, 10.31, 12.88, 15.46]"
2632,33.53,0.2073429611047213,Highly Persuadable,"[0, 5, 10, 15, 20, 25, 30]","[None, None, None, None, None, None, None]","[0.0, 1.68, 3.35, 5.03, 6.71, 8.38, 10.06]"
4884,27.08,0.1155838905695059,Highly Persuadable,"[0, 5, 10, 15, 20, 25, 30]","[None, None, None, None, None, None, None]","[0.0, 1.35, 2.71, 4.06, 5.42, 6.77, 8.12]"
1661,43.29,-0.0326793476251811,Not Persuadable,"[0, 5, 10, 15, 20, 25, 30]","[None, None, None, None, None, None, None]","[0.0, 2.16, 4.33, 6.49, 8.66, 10.82, 12.99]"
1657,38.19,0.0380459496275771,Persuadable,"[0, 5, 10, 15, 20, 25, 30]","[None, None, None, None, None, None, None]","[0.0, 1.91, 3.82, 5.73, 7.64, 9.55, 11.46]"
2426,33.64,-0.1325204414951944,Not Persuadable,"[0, 5, 10, 15, 20, 25, 30]","[None, None, None, None, None, None, None]","[0.0, 1.68, 3.36, 5.05, 6.73, 8.41, 10.09]"
3541,48.01,-0.0939708999314132,Not Persuadable,"[0, 5, 10, 15, 20, 25, 30]","[None, None, None, None, None, None, None]","[0.0, 2.4, 4.8, 7.2, 9.6, 12.0, 14.4]"
4239,47.37,-0.0845293680276819,Not Persuadable,"[0, 5, 10, 15, 20, 25, 30]","[None, None, None, None, None, None, None]","[0.0, 2.37, 4.74, 7.11, 9.47, 11.84, 14.21]"
4985,36.13,0.0946552553538353,Persuadable,"[0, 5, 10, 15, 20, 25, 30]","[None, None, None, None, None, None, None]","[0.0, 1.81, 3.61, 5.42, 7.23, 9.03, 10.84]"
4432,5.0,-0.0520936709309722,Not Persuadable,"[0, 5, 10, 15, 20, 25, 30]","[None, None, None, None, None, None, None]","[0.0, 0.25, 0.5, 0.75, 1.0, 1.25, 1.5]"
4487,49.76,0.0384009799541771,Persuadable,"[0, 5, 10, 15, 20, 25, 30]","[None, None, None, None, None, None, None]","[0.0, 2.49, 4.98, 7.46, 9.95, 12.44, 14.93]"
3321,32.51,0.0016519956008352,Persuadable,"[0, 5, 10, 15, 20, 25, 30]","[None, None, None, None, None, None, None]","[0.0, 1.63, 3.25, 4.88, 6.5, 8.13, 9.75]"
4762,24.88,-0.0193528876226274,Not Persuadable,"[0, 5, 10, 15, 20, 25, 30]","[None, None, None, None, None, None, None]","[0.0, 1.24, 2.49, 3.73, 4.98, 6.22, 7.46]"
4136,33.87,-0.1159255140233101,Not Persuadable,"[0, 5, 10, 15, 20, 25, 30]","[None, None, None, None, None, None, None]","[0.0, 1.69, 3.39, 5.08, 6.77, 8.47, 10.16]"
2607,45.15,0.0154525681015405,Persuadable,"[0, 5, 10, 15, 20, 25, 30]","[None, None, None, None, None, None, None]","[0.0, 2.26, 4.51, 6.77, 9.03, 11.29, 13.54]"
1386,45.3,0.053933350310417,Persuadable,"[0, 5, 10, 15, 20, 25, 30]","[None, None, None, None, None, None, None]","[0.0, 2.27, 4.53, 6.79, 9.06, 11.32, 13.59]"
3854,33.36,0.1122328809793136,Highly Persuadable,"[0, 5, 10, 15, 20, 25, 30]","[None, None, None, None, None, None, None]","[0.0, 1.67, 3.34, 5.0, 6.67, 8.34, 10.01]"
1400,39.25,-0.0760895322956289,Not Persuadable,"[0, 5, 10, 15, 20, 25, 30]","[None, None, None, None, None, None, None]","[0.0, 1.96, 3.93, 5.89, 7.85, 9.81, 11.78]"
1196,37.86,-0.0495398379077077,Not Persuadable,"[0, 5, 10, 15, 20, 25, 30]","[None, None, None, None, None, None, None]","[0.0, 1.89, 3.79, 5.68, 7.57, 9.46, 11.36]"
1409,20.13,0.2438287166559062,Highly Persuadable,"[0, 5, 10, 15, 20, 25, 30]","[None, None, None, None, None, None, None]","[0.0, 1.01, 2.01, 3.02, 4.03, 5.03, 6.04]"
3843,38.9,0.1461725804946563,Highly Persuadable,"[0, 5, 10, 15, 20, 25, 30]","[None, None, None, None, None, None, None]","[0.0, 1.95, 3.89, 5.83, 7.78, 9.72, 11.67]"
1799,36.86,0.0253277660753106,Persuadable,"[0, 5, 10, 15, 20, 25, 30]","[None, None, None, None, None, None, None]","[0.0, 1.84, 3.69, 5.53, 7.37, 9.21, 11.06]"
1476,30.18,0.1109980010055037,Highly Persuadable,"[0, 5, 10, 15, 20, 25, 30]","[None, None, None, None, None, None, None]","[0.0, 1.51, 3.02, 4.53, 6.04, 7.54, 9.05]"
3232,43.09,-0.1391218141528306,Not Persuadable,"[0, 5, 10, 15, 20, 25, 30]","[None, None, None, None, None, None, None]","[0.0, 2.15, 4.31, 6.46, 8.62, 10.77, 12.93]"
36,39.18,0.0550499341919731,Persuadable,"[0, 5, 10, 15, 20, 25, 30]","[None, None, None, None, None, None, None]","[0.0, 1.96, 3.92, 5.88, 7.84, 9.79, 11.75]"
3558,54.78,0.0798359473732162,Persuadable,"[0, 5, 10, 15, 20, 25, 30]","[None, None, None, None, None, None, None]","[0.0, 2.74, 5.48, 8.22, 10.96, 13.7, 16.43]"
2346,11.55,-0.1073831637946628,Not Persuadable,"[0, 5, 10, 15, 20, 25, 30]","[None, None, None, None, None, None, None]","[0.0, 0.58, 1.16, 1.73, 2.31, 2.89, 3.47]"
3193,51.48,0.0694336720654474,Persuadable,"[0, 5, 10, 15, 20, 25, 30]","[None, None, None, None, None, None, None]","[0.0, 2.57, 5.15, 7.72, 10.3, 12.87, 15.44]"
2360,40.8,0.0346176347704269,Persuadable,"[0, 5, 10, 15, 20, 25, 30]","[None, None, None, None, None, None, None]","[0.0, 2.04, 4.08, 6.12, 8.16, 10.2, 12.24]"
2207,36.88,0.0012159002672737,Persuadable,"[0, 5, 10, 15, 20, 25, 30]","[None, None, None, None, None, None, None]","[0.0, 1.84, 3.69, 5.53, 7.38, 9.22, 11.06]"
3786,34.21,0.0179645619777111,Persuadable,"[0, 5, 10, 15, 20, 25, 30]","[None, None, None, None, None, None, None]","[0.0, 1.71, 3.42, 5.13, 6.84, 8.55, 10.26]"
1287,48.34,0.0012445387756223,Persuadable,"[0, 5, 10, 15, 20, 25, 30]","[None, None, None, None, None, None, None]","[0.0, 2.42, 4.83, 7.25, 9.67, 12.09, 14.5]"
350,38.63,0.0500319182884012,Persuadable,"[0, 5, 10, 15, 20, 25, 30]","[None, None, None, None, None, None, None]","[0.0, 1.93, 3.86, 5.79, 7.73, 9.66, 11.59]"
2138,39.45,0.0976212931414113,Persuadable,"[0, 5, 10, 15, 20, 25, 30]","[None, None, None, None, None, None, None]","[0.0, 1.97, 3.95, 5.92, 7.89, 9.86, 11.84]"
2692,31.81,0.107854704074729,Highly Persuadable,"[0, 5, 10, 15, 20, 25, 30]","[None, None, None, None, None, None, None]","[0.0, 1.59, 3.18, 4.77, 6.36, 7.95, 9.54]"
3394,21.46,-0.0418196426548102,Not Persuadable,"[0, 5, 10, 15, 20, 25, 30]","[None, None, None, None, None, None, None]","[0.0, 1.07, 2.15, 3.22, 4.29, 5.37, 6.44]"
4535,37.59,0.0685594448955296,Persuadable,"[0, 5, 10, 15, 20, 25, 30]","[None, None, None, None, None, None, None]","[0.0, 1.88, 3.76, 5.64, 7.52, 9.4, 11.28]"
1682,34.63,0.1650793670410727,Highly Persuadable,"[0, 5, 10, 15, 20, 25, 30]","[None, None, None, None, None, None, None]","[0.0, 1.73, 3.46, 5.19, 6.93, 8.66, 10.39]"
4040,38.1,-0.0725498609967929,Not Persuadable,"[0, 5, 10, 15, 20, 25, 30]","[None, None, None, None, None, None, None]","[0.0, 1.91, 3.81, 5.71, 7.62, 9.53, 11.43]"
1444,39.73,0.0819868365499095,Persuadable,"[0, 5, 10, 15, 20, 25, 30]","[None, None, None, None, None, None, None]","[0.0, 1.99, 3.97, 5.96, 7.95, 9.93, 11.92]"
3259,32.59,0.1096474905683863,Highly Persuadable,"[0, 5, 10, 15, 20, 25, 30]","[None, None, None, None, None, None, None]","[0.0, 1.63, 3.26, 4.89, 6.52, 8.15, 9.78]"
1672,35.43,0.0017466209952553,Persuadable,"[0, 5, 10, 15, 20, 25, 30]","[None, None, None, None, None, None, None]","[0.0, 1.77, 3.54, 5.31, 7.09, 8.86, 10.63]"
2969,35.73,0.0258422537779311,Persuadable,"[0, 5, 10, 15, 20, 25, 30]","[None, None, None, None, None, None, None]","[0.0, 1.79, 3.57, 5.36, 7.15, 8.93, 10.72]"
1180,24.14,0.0645655770336337,Persuadable,"[0, 5, 10, 15, 20, 25, 30]","[None, None, None, None, None, None, None]","[0.0, 1.21, 2.41, 3.62, 4.83, 6.04, 7.24]"
2799,43.67,0.0229960099335468,Persuadable,"[0, 5, 10, 15, 20, 25, 30]","[None, None, None, None, None, None, None]","[0.0, 2.18, 4.37, 6.55, 8.73, 10.92, 13.1]"
1693,45.82,0.0288831012110687,Persuadable,"[0, 5, 10, 15, 20, 25, 30]","[None, None, None, None, None, None, None]","[0.0, 2.29, 4.58, 6.87, 9.16, 11.46, 13.75]"
3893,25.83,0.0126696306301181,Persuadable,"[0, 5, 10, 15, 20, 25, 30]","[None, None, None, None, None, None, None]","[0.0, 1.29, 2.58, 3.87, 5.17, 6.46, 7.75]"
373,36.81,-0.0431384449916798,Not Persuadable,"[0, 5, 10, 15, 20, 25, 30]","[None, None, None, None, None, None, None]","[0.0, 1.84, 3.68, 5.52, 7.36, 9.2, 11.04]"
3629,38.31,0.0700392535245185,Persuadable,"[0, 5, 10, 15, 20, 25, 30]","[None, None, None, None, None, None, None]","[0.0, 1.92, 3.83, 5.75, 7.66, 9.58, 11.49]"
1917,38.9,0.0055495659436741,Persuadable,"[0, 5, 10, 15, 20, 25, 30]","[None, None, None, None, None, None, None]","[0.0, 1.95, 3.89, 5.83, 7.78, 9.72, 11.67]"
1358,30.12,0.1860791180774916,Highly Persuadable,"[0, 5, 10, 15, 20, 25, 30]","[None, None, None, None, None, None, None]","[0.0, 1.51, 3.01, 4.52, 6.02, 7.53, 9.04]"
1826,52.47,-0.0614388243664597,Not Persuadable,"[0, 5, 10, 15, 20, 25, 30]","[None, None, None, None, None, None, None]","[0.0, 2.62, 5.25, 7.87, 10.49, 13.12, 15.74]"
787,40.25,0.1305361324322388,Highly Persuadable,"[0, 5, 10, 15, 20, 25, 30]","[None, None, None, None, None, None, None]","[0.0, 2.01, 4.03, 6.04, 8.05, 10.06, 12.07]"
470,39.26,0.0923027765033809,Persuadable,"[0, 5, 10, 15, 20, 25, 30]","[None, None, None, None, None, None, None]","[0.0, 1.96, 3.93, 5.89, 7.85, 9.81, 11.78]"
141,44.32,-0.0206239372124181,Not Persuadable,"[0, 5, 10, 15, 20, 25, 30]","[None, None, None, None, None, None, None]","[0.0, 2.22, 4.43, 6.65, 8.86, 11.08, 13.3]"
789,17.87,0.0659502169558964,Persuadable,"[0, 5, 10, 15, 20, 25, 30]","[None, None, None, None, None, None, None]","[0.0, 0.89, 1.79, 2.68, 3.57, 4.47, 5.36]"
324,30.57,0.1943144117559026,Highly Persuadable,"[0, 5, 10, 15, 20, 25, 30]","[None, None, None, None, None, None, None]","[0.0, 1.53, 3.06, 4.59, 6.11, 7.64, 9.17]"
51,52.02,0.0700306039828416,Persuadable,"[0, 5, 10, 15, 20, 25, 30]","[None, None, None, None, None, None, None]","[0.0, 2.6, 5.2, 7.8, 10.4, 13.01, 15.61]"
715,16.99,0.0495177028149387,Persuadable,"[0, 5, 10, 15, 20, 25, 30]","[None, None, None, None, None, None, None]","[0.0, 0.85, 1.7, 2.55, 3.4, 4.25, 5.1]"
4499,59.23,0.0755051163874346,Persuadable,"[0, 5, 10, 15, 20, 25, 30]","[None, None, None, None, None, None, None]","[0.0, 2.96, 5.92, 8.88, 11.85, 14.81, 17.77]"
2841,29.37,0.0123874287103732,Persuadable,"[0, 5, 10, 15, 20, 25, 30]","[None, None, None, None, None, None, None]","[0.0, 1.47, 2.94, 4.41, 5.87, 7.34, 8.81]"
2447,28.56,-0.0326140057101642,Not Persuadable,"[0, 5, 10, 15, 20, 25, 30]","[None, None, None, None, None, None, None]","[0.0, 1.43, 2.86, 4.28, 5.71, 7.14, 8.57]"
4824,38.17,-0.0469216939913603,Not Persuadable,"[0, 5, 10, 15, 20, 25, 30]","[None, None, None, None, None, None, None]","[0.0, 1.91, 3.82, 5.73, 7.63, 9.54, 11.45]"
4430,25.13,0.0794194271027932,Persuadable,"[0, 5, 10, 15, 20, 25, 30]","[None, None, None, None, None, None, None]","[0.0, 1.26, 2.51, 3.77, 5.03, 6.28, 7.54]"
4607,34.85,0.0095249486653138,Persuadable,"[0, 5, 10, 15, 20, 25, 30]","[None, None, None, None, None, None, None]","[0.0, 1.74, 3.49, 5.23, 6.97, 8.71, 10.46]"
3699,27.15,0.0398867458928277,Persuadable,"[0, 5, 10, 15, 20, 25, 30]","[None, None, None, None, None, None, None]","[0.0, 1.36, 2.71, 4.07, 5.43, 6.79, 8.14]"
2667,30.43,0.2312150812231378,Highly Persuadable,"[0, 5, 10, 15, 20, 25, 30]","[None, None, None, None, None, None, None]","[0.0, 1.52, 3.04, 4.56, 6.09, 7.61, 9.13]"
407,12.28,0.0601112340558443,Persuadable,"[0, 5, 10, 15, 20, 25, 30]","[None, None, None, None, None, None, None]","[0.0, 0.61, 1.23, 1.84, 2.46, 3.07, 3.68]"
4385,47.83,-0.0163020053444263,Not Persuadable,"[0, 5, 10, 15, 20, 25, 30]","[None, None, None, None, None, None, None]","[0.0, 2.39, 4.78, 7.17, 9.57, 11.96, 14.35]"
1005,22.48,0.035774094124561,Persuadable,"[0, 5, 10, 15, 20, 25, 30]","[None, None, None, None, None, None, None]","[0.0, 1.12, 2.25, 3.37, 4.5, 5.62, 6.74]"
3528,54.43,0.0076511962078072,Persuadable,"[0, 5, 10, 15, 20, 25, 30]","[None, None, None, None, None, None, None]","[0.0, 2.72, 5.44, 8.16, 10.89, 13.61, 16.33]"
891,42.69,0.0069840423230352,Persuadable,"[0, 5, 10, 15, 20, 25, 30]","[None, None, None, None, None, None, None]","[0.0, 2.13, 4.27, 6.4, 8.54, 10.67, 12.81]"
2412,31.14,-0.0356298095242648,Not Persuadable,"[0, 5, 10, 15, 20, 25, 30]","[None, None, None, None, None, None, None]","[0.0, 1.56, 3.11, 4.67, 6.23, 7.79, 9.34]"
2546,51.26,0.111654722448023,Highly Persuadable,"[0, 5, 10, 15, 20, 25, 30]","[None, None, None, None, None, None, None]","[0.0, 2.56, 5.13, 7.69, 10.25, 12.81, 15.38]"
3622,51.43,0.0152166348181232,Persuadable,"[0, 5, 10, 15, 20, 25, 30]","[None, None, None, None, None, None, None]","[0.0, 2.57, 5.14, 7.71, 10.29, 12.86, 15.43]"
2391,33.8,-0.0109373653137888,Not Persuadable,"[0, 5, 10, 15, 20, 25, 30]","[None, None, None, None, None, None, None]","[0.0, 1.69, 3.38, 5.07, 6.76, 8.45, 10.14]"
3959,48.63,-0.0719714884262545,Not Persuadable,"[0, 5, 10, 15, 20, 25, 30]","[None, None, None, None, None, None, None]","[0.0, 2.43, 4.86, 7.29, 9.73, 12.16, 14.59]"
43,44.16,0.0970770365715737,Persuadable,"[0, 5, 10, 15, 20, 25, 30]","[None, None, None, None, None, None, None]","[0.0, 2.21, 4.42, 6.62, 8.83, 11.04, 13.25]"
2831,51.02,-0.0318145638546475,Not Persuadable,"[0, 5, 10, 15, 20, 25, 30]","[None, None, None, None, None, None, None]","[0.0, 2.55, 5.1, 7.65, 10.2, 12.76, 15.31]"
4146,38.72,-0.0655295748932316,Not Persuadable,"[0, 5, 10, 15, 20, 25, 30]","[None, None, None, None, None, None, None]","[0.0, 1.94, 3.87, 5.81, 7.74, 9.68, 11.62]"
304,40.65,0.0063975918899213,Persuadable,"[0, 5, 10, 15, 20, 25, 30]","[None, None, None, None, None, None, None]","[0.0, 2.03, 4.07, 6.1, 8.13, 10.16, 12.19]"
4524,49.53,-0.0070366995158599,Not Persuadable,"[0, 5, 10, 15, 20, 25, 30]","[None, None, None, None, None, None, None]","[0.0, 2.48, 4.95, 7.43, 9.91, 12.38, 14.86]"
3766,44.13,0.0362692972597048,Persuadable,"[0, 5, 10, 15, 20, 25, 30]","[None, None, None, None, None, None, None]","[0.0, 2.21, 4.41, 6.62, 8.83, 11.03, 13.24]"
665,46.72,0.0144044440674916,Persuadable,"[0, 5, 10, 15, 20, 25, 30]","[None, None, None, None, None, None, None]","[0.0, 2.34, 4.67, 7.01, 9.34, 11.68, 14.02]"
1178,23.09,0.0612418452724346,Persuadable,"[0, 5, 10, 15, 20, 25, 30]","[None, None, None, None, None, None, None]","[0.0, 1.15, 2.31, 3.46, 4.62, 5.77, 6.93]"
2677,35.2,-0.1122360368517912,Not Persuadable,"[0, 5, 10, 15, 20, 25, 30]","[None, None, None, None, None, None, None]","[0.0, 1.76, 3.52, 5.28, 7.04, 8.8, 10.56]"
1948,40.18,0.0095446998145477,Persuadable,"[0, 5, 10, 15, 20, 25, 30]","[None, None, None, None, None, None, None]","[0.0, 2.01, 4.02, 6.03, 8.04, 10.04, 12.05]"
2502,37.42,0.0956351411672764,Persuadable,"[0, 5, 10, 15, 20, 25, 30]","[None, None, None, None, None, None, None]","[0.0, 1.87, 3.74, 5.61, 7.48, 9.36, 11.23]"
1474,31.63,0.0585416474650561,Persuadable,"[0, 5, 10, 15, 20, 25, 30]","[None, None, None, None, None, None, None]","[0.0, 1.58, 3.16, 4.74, 6.33, 7.91, 9.49]"
3500,48.37,0.0041661449194195,Persuadable,"[0, 5, 10, 15, 20, 25, 30]","[None, None, None, None, None, None, None]","[0.0, 2.42, 4.84, 7.26, 9.67, 12.09, 14.51]"
3537,33.45,0.1181129245703284,Highly Persuadable,"[0, 5, 10, 15, 20, 25, 30]","[None, None, None, None, None, None, None]","[0.0, 1.67, 3.35, 5.02, 6.69, 8.36, 10.04]"
2133,33.65,0.1110536082571613,Highly Persuadable,"[0, 5, 10, 15, 20, 25, 30]","[None, None, None, None, None, None, None]","[0.0, 1.68, 3.37, 5.05, 6.73, 8.41, 10.09]"
1027,26.96,-0.0187591366772434,Not Persuadable,"[0, 5, 10, 15, 20, 25, 30]","[None, None, None, None, None, None, None]","[0.0, 1.35, 2.7, 4.04, 5.39, 6.74, 8.09]"
962,43.48,-0.0798564513798401,Not Persuadable,"[0, 5, 10, 15, 20, 25, 30]","[None, None, None, None, None, None, None]","[0.0, 2.17, 4.35, 6.52, 8.7, 10.87, 13.04]"
2890,33.87,0.0025683907326225,Persuadable,"[0, 5, 10, 15, 20, 25, 30]","[None, None, None, None, None, None, None]","[0.0, 1.69, 3.39, 5.08, 6.77, 8.47, 10.16]"
3972,20.66,0.106731381374562,Highly Persuadable,"[0, 5, 10, 15, 20, 25, 30]","[None, None, None, None, None, None, None]","[0.0, 1.03, 2.07, 3.1, 4.13, 5.17, 6.2]"
2010,37.02,0.0540905223291918,Persuadable,"[0, 5, 10, 15, 20, 25, 30]","[None, None, None, None, None, None, None]","[0.0, 1.85, 3.7, 5.55, 7.4, 9.26, 11.11]"
2150,26.94,0.0675852694584551,Persuadable,"[0, 5, 10, 15, 20, 25, 30]","[None, None, None, None, None, None, None]","[0.0, 1.35, 2.69, 4.04, 5.39, 6.74, 8.08]"
3339,26.8,0.0538169664023588,Persuadable,"[0, 5, 10, 15, 20, 25, 30]","[None, None, None, None, None, None, None]","[0.0, 1.34, 2.68, 4.02, 5.36, 6.7, 8.04]"
2339,45.03,0.0550295463748161,Persuadable,"[0, 5, 10, 15, 20, 25, 30]","[None, None, None, None, None, None, None]","[0.0, 2.25, 4.5, 6.75, 9.01, 11.26, 13.51]"
3907,20.09,0.0686776331324909,Persuadable,"[0, 5, 10, 15, 20, 25, 30]","[None, None, None, None, None, None, None]","[0.0, 1.0, 2.01, 3.01, 4.02, 5.02, 6.03]"
305,49.91,-0.075011700452792,Not Persuadable,"[0, 5, 10, 15, 20, 25, 30]","[None, None, None, None, None, None, None]","[0.0, 2.5, 4.99, 7.49, 9.98, 12.48, 14.97]"
1441,53.81,-0.0680847162084472,Not Persuadable,"[0, 5, 10, 15, 20, 25, 30]","[None, None, None, None, None, None, None]","[0.0, 2.69, 5.38, 8.07, 10.76, 13.45, 16.14]"
1497,45.5,0.0693277812775101,Persuadable,"[0, 5, 10, 15, 20, 25, 30]","[None, None, None, None, None, None, None]","[0.0, 2.27, 4.55, 6.83, 9.1, 11.38, 13.65]"
2653,43.07,0.0915185916910116,Persuadable,"[0, 5, 10, 15, 20, 25, 30]","[None, None, None, None, None, None, None]","[0.0, 2.15, 4.31, 6.46, 8.61, 10.77, 12.92]"
2876,41.6,0.0602820654947011,Persuadable,"[0, 5, 10, 15, 20, 25, 30]","[None, None, None, None, None, None, None]","[0.0, 2.08, 4.16, 6.24, 8.32, 10.4, 12.48]"
917,50.92,0.0774684132990298,Persuadable,"[0, 5, 10, 15, 20, 25, 30]","[None, None, None, None, None, None, None]","[0.0, 2.55, 5.09, 7.64, 10.18, 12.73, 15.28]"
4894,41.02,-0.091109495932171,Not Persuadable,"[0, 5, 10, 15, 20, 25, 30]","[None, None, None, None, None, None, None]","[0.0, 2.05, 4.1, 6.15, 8.2, 10.26, 12.31]"
3740,42.62,0.1149160760873985,Highly Persuadable,"[0, 5, 10, 15, 20, 25, 30]","[None, None, None, None, None, None, None]","[0.0, 2.13, 4.26, 6.39, 8.52, 10.65, 12.79]"
2773,29.9,0.1092339800953249,Highly Persuadable,"[0, 5, 10, 15, 20, 25, 30]","[None, None, None, None, None, None, None]","[0.0, 1.5, 2.99, 4.48, 5.98, 7.47, 8.97]"
1625,40.49,0.1047353934156619,Highly Persuadable,"[0, 5, 10, 15, 20, 25, 30]","[None, None, None, None, None, None, None]","[0.0, 2.02, 4.05, 6.07, 8.1, 10.12, 12.15]"
3856,18.13,-0.0156749250333514,Not Persuadable,"[0, 5, 10, 15, 20, 25, 30]","[None, None, None, None, None, None, None]","[0.0, 0.91, 1.81, 2.72, 3.63, 4.53, 5.44]"
822,42.41,0.0635286966092348,Persuadable,"[0, 5, 10, 15, 20, 25, 30]","[None, None, None, None, None, None, None]","[0.0, 2.12, 4.24, 6.36, 8.48, 10.6, 12.72]"
3808,34.19,0.0045508022603165,Persuadable,"[0, 5, 10, 15, 20, 25, 30]","[None, None, None, None, None, None, None]","[0.0, 1.71, 3.42, 5.13, 6.84, 8.55, 10.26]"
1355,50.03,0.0349169854802258,Persuadable,"[0, 5, 10, 15, 20, 25, 30]","[None, None, None, None, None, None, None]","[0.0, 2.5, 5.0, 7.5, 10.01, 12.51, 15.01]"
4508,30.26,0.0073656555450844,Persuadable,"[0, 5, 10, 15, 20, 25, 30]","[None, None, None, None, None, None, None]","[0.0, 1.51, 3.03, 4.54, 6.05, 7.57, 9.08]"
851,39.79,0.0710416711450193,Persuadable,"[0, 5, 10, 15, 20, 25, 30]","[None, None, None, None, None, None, None]","[0.0, 1.99, 3.98, 5.97, 7.96, 9.95, 11.94]"
1001,36.88,0.0637223725621447,Persuadable,"[0, 5, 10, 15, 20, 25, 30]","[None, None, None, None, None, None, None]","[0.0, 1.84, 3.69, 5.53, 7.38, 9.22, 11.06]"
3393,31.71,0.0618722327279074,Persuadable,"[0, 5, 10, 15, 20, 25, 30]","[None, None, None, None, None, None, None]","[0.0, 1.59, 3.17, 4.76, 6.34, 7.93, 9.51]"
19,25.34,0.0181766410881346,Persuadable,"[0, 5, 10, 15, 20, 25, 30]","[None, None, None, None, None, None, None]","[0.0, 1.27, 2.53, 3.8, 5.07, 6.33, 7.6]"
1638,44.37,0.0590875798293405,Persuadable,"[0, 5, 10, 15, 20, 25, 30]","[None, None, None, None, None, None, None]","[0.0, 2.22, 4.44, 6.66, 8.87, 11.09, 13.31]"
1668,39.72,0.0704983575667197,Persuadable,"[0, 5, 10, 15, 20, 25, 30]","[None, None, None, None, None, None, None]","[0.0, 1.99, 3.97, 5.96, 7.94, 9.93, 11.92]"
494,39.86,0.1281532398284114,Highly Persuadable,"[0, 5, 10, 15, 20, 25, 30]","[None, None, None, None, None, None, None]","[0.0, 1.99, 3.99, 5.98, 7.97, 9.96, 11.96]"
1348,21.51,-0.0095418798341385,Not Persuadable,"[0, 5, 10, 15, 20, 25, 30]","[None, None, None, None, None, None, None]","[0.0, 1.08, 2.15, 3.23, 4.3, 5.38, 6.45]"
3746,31.08,0.1061525538664516,Highly Persuadable,"[0, 5, 10, 15, 20, 25, 30]","[None, None, None, None, None, None, None]","[0.0, 1.55, 3.11, 4.66, 6.22, 7.77, 9.32]"
3271,38.83,0.0023490593493174,Persuadable,"[0, 5, 10, 15, 20, 25, 30]","[None, None, None, None, None, None, None]","[0.0, 1.94, 3.88, 5.82, 7.77, 9.71, 11.65]"
3633,33.81,0.0703906977079373,Persuadable,"[0, 5, 10, 15, 20, 25, 30]","[None, None, None, None, None, None, None]","[0.0, 1.69, 3.38, 5.07, 6.76, 8.45, 10.14]"
3498,49.2,0.024141692168233,Persuadable,"[0, 5, 10, 15, 20, 25, 30]","[None, None, None, None, None, None, None]","[0.0, 2.46, 4.92, 7.38, 9.84, 12.3, 14.76]"
688,53.09,0.0522169489147467,Persuadable,"[0, 5, 10, 15, 20, 25, 30]","[None, None, None, None, None, None, None]","[0.0, 2.65, 5.31, 7.96, 10.62, 13.27, 15.93]"
3750,31.67,-0.0337755437589664,Not Persuadable,"[0, 5, 10, 15, 20, 25, 30]","[None, None, None, None, None, None, None]","[0.0, 1.58, 3.17, 4.75, 6.33, 7.92, 9.5]"
1609,52.51,0.0844420893673145,Persuadable,"[0, 5, 10, 15, 20, 25, 30]","[None, None, None, None, None, None, None]","[0.0, 2.63, 5.25, 7.88, 10.5, 13.13, 15.75]"
4101,42.08,-0.0054445707250031,Not Persuadable,"[0, 5, 10, 15, 20, 25, 30]","[None, None, None, None, None, None, None]","[0.0, 2.1, 4.21, 6.31, 8.42, 10.52, 12.62]"
4114,42.88,0.0123666898476325,Persuadable,"[0, 5, 10, 15, 20, 25, 30]","[None, None, None, None, None, None, None]","[0.0, 2.14, 4.29, 6.43, 8.58, 10.72, 12.86]"
1010,46.06,0.0361408608600122,Persuadable,"[0, 5, 10, 15, 20, 25, 30]","[None, None, None, None, None, None, None]","[0.0, 2.3, 4.61, 6.91, 9.21, 11.52, 13.82]"
2409,17.82,0.0415270688714848,Persuadable,"[0, 5, 10, 15, 20, 25, 30]","[None, None, None, None, None, None, None]","[0.0, 0.89, 1.78, 2.67, 3.56, 4.46, 5.35]"
1093,55.25,0.0227763191477622,Persuadable,"[0, 5, 10, 15, 20, 25, 30]","[None, None, None, None, None, None, None]","[0.0, 2.76, 5.53, 8.29, 11.05, 13.81, 16.57]"
1328,22.96,0.0817828912959085,Persuadable,"[0, 5, 10, 15, 20, 25, 30]","[None, None, None, None, None, None, None]","[0.0, 1.15, 2.3, 3.44, 4.59, 5.74, 6.89]"
1678,29.38,0.0504057459620158,Persuadable,"[0, 5, 10, 15, 20, 25, 30]","[None, None, None, None, None, None, None]","[0.0, 1.47, 2.94, 4.41, 5.88, 7.34, 8.81]"
2000,53.78,-0.0411631348308191,Not Persuadable,"[0, 5, 10, 15, 20, 25, 30]","[None, None, None, None, None, None, None]","[0.0, 2.69, 5.38, 8.07, 10.76, 13.45, 16.13]"
1311,34.06,0.0004942301112682,Persuadable,"[0, 5, 10, 15, 20, 25, 30]","[None, None, None, None, None, None, None]","[0.0, 1.7, 3.41, 5.11, 6.81, 8.52, 10.22]"
3274,40.28,-0.0065572773837809,Not Persuadable,"[0, 5, 10, 15, 20, 25, 30]","[None, None, None, None, None, None, None]","[0.0, 2.01, 4.03, 6.04, 8.06, 10.07, 12.08]"
1988,49.66,-0.1616862972642431,Not Persuadable,"[0, 5, 10, 15, 20, 25, 30]","[None, None, None, None, None, None, None]","[0.0, 2.48, 4.97, 7.45, 9.93, 12.41, 14.9]"
3667,29.57,-0.0075576670725366,Not Persuadable,"[0, 5, 10, 15, 20, 25, 30]","[None, None, None, None, None, None, None]","[0.0, 1.48, 2.96, 4.44, 5.91, 7.39, 8.87]"
345,28.53,0.0420421451609859,Persuadable,"[0, 5, 10, 15, 20, 25, 30]","[None, None, None, None, None, None, None]","[0.0, 1.43, 2.85, 4.28, 5.71, 7.13, 8.56]"
4196,30.27,-0.0479831670845159,Not Persuadable,"[0, 5, 10, 15, 20, 25, 30]","[None, None, None, None, None, None, None]","[0.0, 1.51, 3.03, 4.54, 6.05, 7.57, 9.08]"
987,25.81,0.0737493123517143,Persuadable,"[0, 5, 10, 15, 20, 25, 30]","[None, None, None, None, None, None, None]","[0.0, 1.29, 2.58, 3.87, 5.16, 6.45, 7.74]"
3870,46.46,-0.0042921153104605,Not Persuadable,"[0, 5, 10, 15, 20, 25, 30]","[None, None, None, None, None, None, None]","[0.0, 2.32, 4.65, 6.97, 9.29, 11.62, 13.94]"
3826,37.53,0.0647223039852774,Persuadable,"[0, 5, 10, 15, 20, 25, 30]","[None, None, None, None, None, None, None]","[0.0, 1.88, 3.75, 5.63, 7.51, 9.38, 11.26]"
4323,29.18,0.0781443172050103,Persuadable,"[0, 5, 10, 15, 20, 25, 30]","[None, None, None, None, None, None, None]","[0.0, 1.46, 2.92, 4.38, 5.84, 7.29, 8.75]"
4021,25.63,0.0578876116231932,Persuadable,"[0, 5, 10, 15, 20, 25, 30]","[None, None, None, None, None, None, None]","[0.0, 1.28, 2.56, 3.84, 5.13, 6.41, 7.69]"
3107,37.43,0.1189874665113012,Highly Persuadable,"[0, 5, 10, 15, 20, 25, 30]","[None, None, None, None, None, None, None]","[0.0, 1.87, 3.74, 5.61, 7.49, 9.36, 11.23]"
3872,61.23,-0.0540727504310956,Not Persuadable,"[0, 5, 10, 15, 20, 25, 30]","[None, None, None, None, None, None, None]","[0.0, 3.06, 6.12, 9.18, 12.25, 15.31, 18.37]"
1143,46.49,-0.016597575353343,Not Persuadable,"[0, 5, 10, 15, 20, 25, 30]","[None, None, None, None, None, None, None]","[0.0, 2.32, 4.65, 6.97, 9.3, 11.62, 13.95]"
2359,54.09,-0.0271167098041972,Not Persuadable,"[0, 5, 10, 15, 20, 25, 30]","[None, None, None, None, None, None, None]","[0.0, 2.7, 5.41, 8.11, 10.82, 13.52, 16.23]"
1199,32.92,-0.0134603228063859,Not Persuadable,"[0, 5, 10, 15, 20, 25, 30]","[None, None, None, None, None, None, None]","[0.0, 1.65, 3.29, 4.94, 6.58, 8.23, 9.88]"
86,53.54,0.0632989595269957,Persuadable,"[0, 5, 10, 15, 20, 25, 30]","[None, None, None, None, None, None, None]","[0.0, 2.68, 5.35, 8.03, 10.71, 13.38, 16.06]"
1519,44.8,0.03362965463705,Persuadable,"[0, 5, 10, 15, 20, 25, 30]","[None, None, None, None, None, None, None]","[0.0, 2.24, 4.48, 6.72, 8.96, 11.2, 13.44]"
517,30.9,0.1755953611085932,Highly Persuadable,"[0, 5, 10, 15, 20, 25, 30]","[None, None, None, None, None, None, None]","[0.0, 1.54, 3.09, 4.63, 6.18, 7.72, 9.27]"
1382,35.72,0.0155526430835248,Persuadable,"[0, 5, 10, 15, 20, 25, 30]","[None, None, None, None, None, None, None]","[0.0, 1.79, 3.57, 5.36, 7.14, 8.93, 10.72]"
2717,37.13,0.0074981821835862,Persuadable,"[0, 5, 10, 15, 20, 25, 30]","[None, None, None, None, None, None, None]","[0.0, 1.86, 3.71, 5.57, 7.43, 9.28, 11.14]"
4917,23.31,0.1211772706316808,Highly Persuadable,"[0, 5, 10, 15, 20, 25, 30]","[None, None, None, None, None, None, None]","[0.0, 1.17, 2.33, 3.5, 4.66, 5.83, 6.99]"
1015,24.72,0.1607080768897846,Highly Persuadable,"[0, 5, 10, 15, 20, 25, 30]","[None, None, None, None, None, None, None]","[0.0, 1.24, 2.47, 3.71, 4.94, 6.18, 7.42]"
129,34.3,0.0772254681160905,Persuadable,"[0, 5, 10, 15, 20, 25, 30]","[None, None, None, None, None, None, None]","[0.0, 1.71, 3.43, 5.14, 6.86, 8.57, 10.29]"
1365,37.15,0.1394961751440562,Highly Persuadable,"[0, 5, 10, 15, 20, 25, 30]","[None, None, None, None, None, None, None]","[0.0, 1.86, 3.71, 5.57, 7.43, 9.29, 11.14]"
3642,63.71,0.0095907651937117,Persuadable,"[0, 5, 10, 15, 20, 25, 30]","[None, None, None, None, None, None, None]","[0.0, 3.19, 6.37, 9.56, 12.74, 15.93, 19.11]"
3140,38.27,0.0423394795740948,Persuadable,"[0, 5, 10, 15, 20, 25, 30]","[None, None, None, None, None, None, None]","[0.0, 1.91, 3.83, 5.74, 7.65, 9.57, 11.48]"
892,54.29,-0.050475805037218,Not Persuadable,"[0, 5, 10, 15, 20, 25, 30]","[None, None, None, None, None, None, None]","[0.0, 2.71, 5.43, 8.14, 10.86, 13.57, 16.29]"
2794,27.85,0.0945001394658663,Persuadable,"[0, 5, 10, 15, 20, 25, 30]","[None, None, None, None, None, None, None]","[0.0, 1.39, 2.79, 4.18, 5.57, 6.96, 8.36]"
4218,57.59,0.0675594307348303,Persuadable,"[0, 5, 10, 15, 20, 25, 30]","[None, None, None, None, None, None, None]","[0.0, 2.88, 5.76, 8.64, 11.52, 14.4, 17.28]"
1360,34.39,0.1127087973022202,Highly Persuadable,"[0, 5, 10, 15, 20, 25, 30]","[None, None, None, None, None, None, None]","[0.0, 1.72, 3.44, 5.16, 6.88, 8.6, 10.32]"
308,46.84,0.0943148968637552,Persuadable,"[0, 5, 10, 15, 20, 25, 30]","[None, None, None, None, None, None, None]","[0.0, 2.34, 4.68, 7.03, 9.37, 11.71, 14.05]"
1662,57.3,0.1293770640050626,Highly Persuadable,"[0, 5, 10, 15, 20, 25, 30]","[None, None, None, None, None, None, None]","[0.0, 2.87, 5.73, 8.59, 11.46, 14.32, 17.19]"
2432,52.27,0.053777760667185,Persuadable,"[0, 5, 10, 15, 20, 25, 30]","[None, None, None, None, None, None, None]","[0.0, 2.61, 5.23, 7.84, 10.45, 13.07, 15.68]"
4550,14.5,-0.1100487501287533,Not Persuadable,"[0, 5, 10, 15, 20, 25, 30]","[None, None, None, None, None, None, None]","[0.0, 0.73, 1.45, 2.17, 2.9, 3.62, 4.35]"
1318,28.47,0.0382473043846158,Persuadable,"[0, 5, 10, 15, 20, 25, 30]","[None, None, None, None, None, None, None]","[0.0, 1.42, 2.85, 4.27, 5.69, 7.12, 8.54]"
4314,27.74,0.1251719731861154,Highly Persuadable,"[0, 5, 10, 15, 20, 25, 30]","[None, None, None, None, None, None, None]","[0.0, 1.39, 2.77, 4.16, 5.55, 6.93, 8.32]"
2475,45.04,0.0644970087205727,Persuadable,"[0, 5, 10, 15, 20, 25, 30]","[None, None, None, None, None, None, None]","[0.0, 2.25, 4.5, 6.76, 9.01, 11.26, 13.51]"
2543,39.01,-0.030552185855664,Not Persuadable,"[0, 5, 10, 15, 20, 25, 30]","[None, None, None, None, None, None, None]","[0.0, 1.95, 3.9, 5.85, 7.8, 9.75, 11.7]"
1247,35.85,0.1801080920042143,Highly Persuadable,"[0, 5, 10, 15, 20, 25, 30]","[None, None, None, None, None, None, None]","[0.0, 1.79, 3.59, 5.38, 7.17, 8.96, 10.76]"
1209,42.69,-0.0361408380124801,Not Persuadable,"[0, 5, 10, 15, 20, 25, 30]","[None, None, None, None, None, None, None]","[0.0, 2.13, 4.27, 6.4, 8.54, 10.67, 12.81]"
217,40.56,0.0909393106152951,Persuadable,"[0, 5, 10, 15, 20, 25, 30]","[None, None, None, None, None, None, None]","[0.0, 2.03, 4.06, 6.08, 8.11, 10.14, 12.17]"
4303,34.06,0.0182778139912091,Persuadable,"[0, 5, 10, 15, 20, 25, 30]","[None, None, None, None, None, None, None]","[0.0, 1.7, 3.41, 5.11, 6.81, 8.52, 10.22]"
3078,43.87,-0.0131640411263285,Not Persuadable,"[0, 5, 10, 15, 20, 25, 30]","[None, None, None, None, None, None, None]","[0.0, 2.19, 4.39, 6.58, 8.77, 10.97, 13.16]"
1240,40.56,0.067391371579828,Persuadable,"[0, 5, 10, 15, 20, 25, 30]","[None, None, None, None, None, None, None]","[0.0, 2.03, 4.06, 6.08, 8.11, 10.14, 12.17]"
2290,32.32,0.1027846000574354,Highly Persuadable,"[0, 5, 10, 15, 20, 25, 30]","[None, None, None, None, None, None, None]","[0.0, 1.62, 3.23, 4.85, 6.46, 8.08, 9.7]"
2741,31.8,0.0605775077019178,Persuadable,"[0, 5, 10, 15, 20, 25, 30]","[None, None, None, None, None, None, None]","[0.0, 1.59, 3.18, 4.77, 6.36, 7.95, 9.54]"
276,35.45,-0.0054438891725432,Not Persuadable,"[0, 5, 10, 15, 20, 25, 30]","[None, None, None, None, None, None, None]","[0.0, 1.77, 3.55, 5.32, 7.09, 8.86, 10.63]"
490,45.47,-0.0555871098130157,Not Persuadable,"[0, 5, 10, 15, 20, 25, 30]","[None, None, None, None, None, None, None]","[0.0, 2.27, 4.55, 6.82, 9.09, 11.37, 13.64]"
1036,31.27,0.0494584438003699,Persuadable,"[0, 5, 10, 15, 20, 25, 30]","[None, None, None, None, None, None, None]","[0.0, 1.56, 3.13, 4.69, 6.25, 7.82, 9.38]"
1230,41.85,0.128478547733266,Highly Persuadable,"[0, 5, 10, 15, 20, 25, 30]","[None, None, None, None, None, None, None]","[0.0, 2.09, 4.19, 6.28, 8.37, 10.46, 12.55]"
4596,33.55,0.1048529979778703,Highly Persuadable,"[0, 5, 10, 15, 20, 25, 30]","[None, None, None, None, None, None, None]","[0.0, 1.68, 3.35, 5.03, 6.71, 8.39, 10.06]"
1009,39.85,0.1141054416280064,Highly Persuadable,"[0, 5, 10, 15, 20, 25, 30]","[None, None, None, None, None, None, None]","[0.0, 1.99, 3.99, 5.98, 7.97, 9.96, 11.96]"
4076,24.54,0.1583103756181612,Highly Persuadable,"[0, 5, 10, 15, 20, 25, 30]","[None, None, None, None, None, None, None]","[0.0, 1.23, 2.45, 3.68, 4.91, 6.13, 7.36]"
3138,47.58,0.1237813563377897,Highly Persuadable,"[0, 5, 10, 15, 20, 25, 30]","[None, None, None, None, None, None, None]","[0.0, 2.38, 4.76, 7.14, 9.52, 11.89, 14.27]"
3198,5.0,0.0943660806092381,Persuadable,"[0, 5, 10, 15, 20, 25, 30]","[None, None, None, None, None, None, None]","[0.0, 0.25, 0.5, 0.75, 1.0, 1.25, 1.5]"
2533,23.53,0.0245869911956222,Persuadable,"[0, 5, 10, 15, 20, 25, 30]","[None, None, None, None, None, None, None]","[0.0, 1.18, 2.35, 3.53, 4.71, 5.88, 7.06]"
4406,30.63,-0.0549472412448996,Not Persuadable,"[0, 5, 10, 15, 20, 25, 30]","[None, None, None, None, None, None, None]","[0.0, 1.53, 3.06, 4.59, 6.13, 7.66, 9.19]"
1059,48.88,-0.1268937297281315,Not Persuadable,"[0, 5, 10, 15, 20, 25, 30]","[None, None, None, None, None, None, None]","[0.0, 2.44, 4.89, 7.33, 9.78, 12.22, 14.66]"
2167,34.29,0.0177953795853475,Persuadable,"[0, 5, 10, 15, 20, 25, 30]","[None, None, None, None, None, None, None]","[0.0, 1.71, 3.43, 5.14, 6.86, 8.57, 10.29]"
3389,33.89,0.041289169651621,Persuadable,"[0, 5, 10, 15, 20, 25, 30]","[None, None, None, None, None, None, None]","[0.0, 1.69, 3.39, 5.08, 6.78, 8.47, 10.17]"
282,22.26,0.0469155083847075,Persuadable,"[0, 5, 10, 15, 20, 25, 30]","[None, None, None, None, None, None, None]","[0.0, 1.11, 2.23, 3.34, 4.45, 5.57, 6.68]"
4827,38.5,0.0178842859543541,Persuadable,"[0, 5, 10, 15, 20, 25, 30]","[None, None, None, None, None, None, None]","[0.0, 1.93, 3.85, 5.77, 7.7, 9.62, 11.55]"
1317,36.25,0.0523915893708761,Persuadable,"[0, 5, 10, 15, 20, 25, 30]","[None, None, None, None, None, None, None]","[0.0, 1.81, 3.62, 5.44, 7.25, 9.06, 10.88]"
4989,40.06,0.0779546358435716,Persuadable,"[0, 5, 10, 15, 20, 25, 30]","[None, None, None, None, None, None, None]","[0.0, 2.0, 4.01, 6.01, 8.01, 10.02, 12.02]"
969,49.74,0.004307784164379,Persuadable,"[0, 5, 10, 15, 20, 25, 30]","[None, None, None, None, None, None, None]","[0.0, 2.49, 4.97, 7.46, 9.95, 12.44, 14.92]"
4498,24.78,0.0329303738110332,Persuadable,"[0, 5, 10, 15, 20, 25, 30]","[None, None, None, None, None, None, None]","[0.0, 1.24, 2.48, 3.72, 4.96, 6.2, 7.43]"
3939,48.1,0.1010359851672894,Highly Persuadable,"[0, 5, 10, 15, 20, 25, 30]","[None, None, None, None, None, None, None]","[0.0, 2.41, 4.81, 7.21, 9.62, 12.03, 14.43]"
3182,24.42,0.155528862170391,Highly Persuadable,"[0, 5, 10, 15, 20, 25, 30]","[None, None, None, None, None, None, None]","[0.0, 1.22, 2.44, 3.66, 4.88, 6.11, 7.33]"
3536,39.47,0.0863211239157279,Persuadable,"[0, 5, 10, 15, 20, 25, 30]","[None, None, None, None, None, None, None]","[0.0, 1.97, 3.95, 5.92, 7.89, 9.87, 11.84]"
620,58.99,0.0835384259170526,Persuadable,"[0, 5, 10, 15, 20, 25, 30]","[None, None, None, None, None, None, None]","[0.0, 2.95, 5.9, 8.85, 11.8, 14.75, 17.7]"
3250,29.77,0.1363443727407868,Highly Persuadable,"[0, 5, 10, 15, 20, 25, 30]","[None, None, None, None, None, None, None]","[0.0, 1.49, 2.98, 4.47, 5.95, 7.44, 8.93]"
1743,39.85,0.1213372780277235,Highly Persuadable,"[0, 5, 10, 15, 20, 25, 30]","[None, None, None, None, None, None, None]","[0.0, 1.99, 3.99, 5.98, 7.97, 9.96, 11.96]"
1391,37.86,0.0085309030293161,Persuadable,"[0, 5, 10, 15, 20, 25, 30]","[None, None, None, None, None, None, None]","[0.0, 1.89, 3.79, 5.68, 7.57, 9.46, 11.36]"
4069,37.86,-0.0094823377302509,Not Persuadable,"[0, 5, 10, 15, 20, 25, 30]","[None, None, None, None, None, None, None]","[0.0, 1.89, 3.79, 5.68, 7.57, 9.46, 11.36]"
1848,24.23,0.0648418670189983,Persuadable,"[0, 5, 10, 15, 20, 25, 30]","[None, None, None, None, None, None, None]","[0.0, 1.21, 2.42, 3.63, 4.85, 6.06, 7.27]"
1580,40.27,0.138053610353459,Highly Persuadable,"[0, 5, 10, 15, 20, 25, 30]","[None, None, None, None, None, None, None]","[0.0, 2.01, 4.03, 6.04, 8.05, 10.07, 12.08]"
1656,44.51,0.0051258964163969,Persuadable,"[0, 5, 10, 15, 20, 25, 30]","[None, None, None, None, None, None, None]","[0.0, 2.23, 4.45, 6.68, 8.9, 11.13, 13.35]"
2353,25.18,0.0760479027934942,Persuadable,"[0, 5, 10, 15, 20, 25, 30]","[None, None, None, None, None, None, None]","[0.0, 1.26, 2.52, 3.78, 5.04, 6.29, 7.55]"
2213,43.69,-0.0535401295448915,Not Persuadable,"[0, 5, 10, 15, 20, 25, 30]","[None, None, None, None, None, None, None]","[0.0, 2.18, 4.37, 6.55, 8.74, 10.92, 13.11]"
2021,26.26,0.053201100664336,Persuadable,"[0, 5, 10, 15, 20, 25, 30]","[None, None, None, None, None, None, None]","[0.0, 1.31, 2.63, 3.94, 5.25, 6.57, 7.88]"
4983,24.07,0.1252623843359546,Highly Persuadable,"[0, 5, 10, 15, 20, 25, 30]","[None, None, None, None, None, None, None]","[0.0, 1.2, 2.41, 3.61, 4.81, 6.02, 7.22]"
1957,41.11,0.0125377290853231,Persuadable,"[0, 5, 10, 15, 20, 25, 30]","[None, None, None, None, None, None, None]","[0.0, 2.06, 4.11, 6.17, 8.22, 10.28, 12.33]"
1308,38.25,0.0690142098571817,Persuadable,"[0, 5, 10, 15, 20, 25, 30]","[None, None, None, None, None, None, None]","[0.0, 1.91, 3.83, 5.74, 7.65, 9.56, 11.47]"
2004,30.08,0.0089924143191946,Persuadable,"[0, 5, 10, 15, 20, 25, 30]","[None, None, None, None, None, None, None]","[0.0, 1.5, 3.01, 4.51, 6.02, 7.52, 9.02]"
4662,40.14,0.081600019516794,Persuadable,"[0, 5, 10, 15, 20, 25, 30]","[None, None, None, None, None, None, None]","[0.0, 2.01, 4.01, 6.02, 8.03, 10.04, 12.04]"
576,15.21,-0.0249271490388616,Not Persuadable,"[0, 5, 10, 15, 20, 25, 30]","[None, None, None, None, None, None, None]","[0.0, 0.76, 1.52, 2.28, 3.04, 3.8, 4.56]"
2361,46.73,0.0479705886979968,Persuadable,"[0, 5, 10, 15, 20, 25, 30]","[None, None, None, None, None, None, None]","[0.0, 2.34, 4.67, 7.01, 9.35, 11.68, 14.02]"
4212,45.55,-0.1062537097181361,Not Persuadable,"[0, 5, 10, 15, 20, 25, 30]","[None, None, None, None, None, None, None]","[0.0, 2.28, 4.55, 6.83, 9.11, 11.39, 13.66]"
4447,44.03,-0.0701034929094932,Not Persuadable,"[0, 5, 10, 15, 20, 25, 30]","[None, None, None, None, None, None, None]","[0.0, 2.2, 4.4, 6.6, 8.81, 11.01, 13.21]"
1707,29.0,0.1106426146088756,Highly Persuadable,"[0, 5, 10, 15, 20, 25, 30]","[None, None, None, None, None, None, None]","[0.0, 1.45, 2.9, 4.35, 5.8, 7.25, 8.7]"
3761,36.44,0.0334516951048891,Persuadable,"[0, 5, 10, 15, 20, 25, 30]","[None, None, None, None, None, None, None]","[0.0, 1.82, 3.64, 5.47, 7.29, 9.11, 10.93]"
4458,35.24,-0.0411728794304953,Not Persuadable,"[0, 5, 10, 15, 20, 25, 30]","[None, None, None, None, None, None, None]","[0.0, 1.76, 3.52, 5.29, 7.05, 8.81, 10.57]"
1281,50.42,0.0282175619157839,Persuadable,"[0, 5, 10, 15, 20, 25, 30]","[None, None, None, None, None, None, None]","[0.0, 2.52, 5.04, 7.56, 10.08, 12.61, 15.13]"
862,28.33,-0.0422675372553824,Not Persuadable,"[0, 5, 10, 15, 20, 25, 30]","[None, None, None, None, None, None, None]","[0.0, 1.42, 2.83, 4.25, 5.67, 7.08, 8.5]"
4155,43.34,0.0851637794856331,Persuadable,"[0, 5, 10, 15, 20, 25, 30]","[None, None, None, None, None, None, None]","[0.0, 2.17, 4.33, 6.5, 8.67, 10.84, 13.0]"
1802,58.6,0.0661739487895095,Persuadable,"[0, 5, 10, 15, 20, 25, 30]","[None, None, None, None, None, None, None]","[0.0, 2.93, 5.86, 8.79, 11.72, 14.65, 17.58]"
1629,29.44,0.1217318136450052,Highly Persuadable,"[0, 5, 10, 15, 20, 25, 30]","[None, None, None, None, None, None, None]","[0.0, 1.47, 2.94, 4.42, 5.89, 7.36, 8.83]"
1994,36.12,0.11601649470962,Highly Persuadable,"[0, 5, 10, 15, 20, 25, 30]","[None, None, None, None, None, None, None]","[0.0, 1.81, 3.61, 5.42, 7.22, 9.03, 10.84]"
2640,39.43,0.1639909359499006,Highly Persuadable,"[0, 5, 10, 15, 20, 25, 30]","[None, None, None, None, None, None, None]","[0.0, 1.97, 3.94, 5.91, 7.89, 9.86, 11.83]"
270,38.31,-0.0200407824455991,Not Persuadable,"[0, 5, 10, 15, 20, 25, 30]","[None, None, None, None, None, None, None]","[0.0, 1.92, 3.83, 5.75, 7.66, 9.58, 11.49]"
630,39.48,0.0641419340496562,Persuadable,"[0, 5, 10, 15, 20, 25, 30]","[None, None, None, None, None, None, None]","[0.0, 1.97, 3.95, 5.92, 7.9, 9.87, 11.84]"
3082,34.71,0.056993887358109,Persuadable,"[0, 5, 10, 15, 20, 25, 30]","[None, None, None, None, None, None, None]","[0.0, 1.74, 3.47, 5.21, 6.94, 8.68, 10.41]"
2335,25.08,0.0960468238205377,Persuadable,"[0, 5, 10, 15, 20, 25, 30]","[None, None, None, None, None, None, None]","[0.0, 1.25, 2.51, 3.76, 5.02, 6.27, 7.52]"
2967,41.16,0.0926747830572623,Persuadable,"[0, 5, 10, 15, 20, 25, 30]","[None, None, None, None, None, None, None]","[0.0, 2.06, 4.12, 6.17, 8.23, 10.29, 12.35]"
301,41.09,0.1176717849883146,Highly Persuadable,"[0, 5, 10, 15, 20, 25, 30]","[None, None, None, None, None, None, None]","[0.0, 2.05, 4.11, 6.16, 8.22, 10.27, 12.33]"
460,35.93,0.1776472377376478,Highly Persuadable,"[0, 5, 10, 15, 20, 25, 30]","[None, None, None, None, None, None, None]","[0.0, 1.8, 3.59, 5.39, 7.19, 8.98, 10.78]"
1448,37.08,-0.0333156283747229,Not Persuadable,"[0, 5, 10, 15, 20, 25, 30]","[None, None, None, None, None, None, None]","[0.0, 1.85, 3.71, 5.56, 7.42, 9.27, 11.12]"
1473,36.19,-0.0615199077218258,Not Persuadable,"[0, 5, 10, 15, 20, 25, 30]","[None, None, None, None, None, None, None]","[0.0, 1.81, 3.62, 5.43, 7.24, 9.05, 10.86]"
2047,41.18,0.203989697943255,Highly Persuadable,"[0, 5, 10, 15, 20, 25, 30]","[None, None, None, None, None, None, None]","[0.0, 2.06, 4.12, 6.18, 8.24, 10.29, 12.35]"
4238,40.54,0.1541626164968048,Highly Persuadable,"[0, 5, 10, 15, 20, 25, 30]","[None, None, None, None, None, None, None]","[0.0, 2.03, 4.05, 6.08, 8.11, 10.13, 12.16]"
3783,35.03,0.1260475740739711,Highly Persuadable,"[0, 5, 10, 15, 20, 25, 30]","[None, None, None, None, None, None, None]","[0.0, 1.75, 3.5, 5.25, 7.01, 8.76, 10.51]"
2114,27.67,0.0603607490777954,Persuadable,"[0, 5, 10, 15, 20, 25, 30]","[None, None, None, None, None, None, None]","[0.0, 1.38, 2.77, 4.15, 5.53, 6.92, 8.3]"
28,52.42,-0.0484954024760863,Not Persuadable,"[0, 5, 10, 15, 20, 25, 30]","[None, None, None, None, None, None, None]","[0.0, 2.62, 5.24, 7.86, 10.48, 13.11, 15.73]"
3858,55.57,0.1113271525803809,Highly Persuadable,"[0, 5, 10, 15, 20, 25, 30]","[None, None, None, None, None, None, None]","[0.0, 2.78, 5.56, 8.34, 11.11, 13.89, 16.67]"
4533,31.77,-0.01623460712314,Not Persuadable,"[0, 5, 10, 15, 20, 25, 30]","[None, None, None, None, None, None, None]","[0.0, 1.59, 3.18, 4.77, 6.35, 7.94, 9.53]"
838,32.92,0.1787683268969747,Highly Persuadable,"[0, 5, 10, 15, 20, 25, 30]","[None, None, None, None, None, None, None]","[0.0, 1.65, 3.29, 4.94, 6.58, 8.23, 9.88]"
3845,61.37,0.0059477124012676,Persuadable,"[0, 5, 10, 15, 20, 25, 30]","[None, None, None, None, None, None, None]","[0.0, 3.07, 6.14, 9.21, 12.27, 15.34, 18.41]"
2009,34.76,0.0736386027272685,Persuadable,"[0, 5, 10, 15, 20, 25, 30]","[None, None, None, None, None, None, None]","[0.0, 1.74, 3.48, 5.21, 6.95, 8.69, 10.43]"
4918,37.43,0.0992370885649982,Persuadable,"[0, 5, 10, 15, 20, 25, 30]","[None, None, None, None, None, None, None]","[0.0, 1.87, 3.74, 5.61, 7.49, 9.36, 11.23]"
504,28.46,0.054673174654893,Persuadable,"[0, 5, 10, 15, 20, 25, 30]","[None, None, None, None, None, None, None]","[0.0, 1.42, 2.85, 4.27, 5.69, 7.12, 8.54]"
3222,44.05,-0.039450990241088,Not Persuadable,"[0, 5, 10, 15, 20, 25, 30]","[None, None, None, None, None, None, None]","[0.0, 2.2, 4.41, 6.61, 8.81, 11.01, 13.21]"
4315,46.72,0.0156137080774758,Persuadable,"[0, 5, 10, 15, 20, 25, 30]","[None, None, None, None, None, None, None]","[0.0, 2.34, 4.67, 7.01, 9.34, 11.68, 14.02]"
381,36.36,0.0075328336106509,Persuadable,"[0, 5, 10, 15, 20, 25, 30]","[None, None, None, None, None, None, None]","[0.0, 1.82, 3.64, 5.45, 7.27, 9.09, 10.91]"
1852,49.13,0.1204354866755618,Highly Persuadable,"[0, 5, 10, 15, 20, 25, 30]","[None, None, None, None, None, None, None]","[0.0, 2.46, 4.91, 7.37, 9.83, 12.28, 14.74]"
1526,47.0,0.1497270909154989,Highly Persuadable,"[0, 5, 10, 15, 20, 25, 30]","[None, None, None, None, None, None, None]","[0.0, 2.35, 4.7, 7.05, 9.4, 11.75, 14.1]"
2366,41.48,-0.0216536109722517,Not Persuadable,"[0, 5, 10, 15, 20, 25, 30]","[None, None, None, None, None, None, None]","[0.0, 2.07, 4.15, 6.22, 8.3, 10.37, 12.44]"
3244,62.13,0.0208251225842969,Persuadable,"[0, 5, 10, 15, 20, 25, 30]","[None, None, None, None, None, None, None]","[0.0, 3.11, 6.21, 9.32, 12.43, 15.53, 18.64]"
3053,35.68,-0.0471975217822826,Not Persuadable,"[0, 5, 10, 15, 20, 25, 30]","[None, None, None, None, None, None, None]","[0.0, 1.78, 3.57, 5.35, 7.14, 8.92, 10.7]"
2885,42.96,-0.0329371401059911,Not Persuadable,"[0, 5, 10, 15, 20, 25, 30]","[None, None, None, None, None, None, None]","[0.0, 2.15, 4.3, 6.44, 8.59, 10.74, 12.89]"
2341,41.92,0.0433616010919155,Persuadable,"[0, 5, 10, 15, 20, 25, 30]","[None, None, None, None, None, None, None]","[0.0, 2.1, 4.19, 6.29, 8.38, 10.48, 12.58]"
375,37.68,0.071262573316581,Persuadable,"[0, 5, 10, 15, 20, 25, 30]","[None, None, None, None, None, None, None]","[0.0, 1.88, 3.77, 5.65, 7.54, 9.42, 11.3]"
3276,36.23,-0.0273428261437947,Not Persuadable,"[0, 5, 10, 15, 20, 25, 30]","[None, None, None, None, None, None, None]","[0.0, 1.81, 3.62, 5.43, 7.25, 9.06, 10.87]"
2382,22.17,-0.037614438627555,Not Persuadable,"[0, 5, 10, 15, 20, 25, 30]","[None, None, None, None, None, None, None]","[0.0, 1.11, 2.22, 3.33, 4.43, 5.54, 6.65]"
4320,28.13,-0.0346400941434523,Not Persuadable,"[0, 5, 10, 15, 20, 25, 30]","[None, None, None, None, None, None, None]","[0.0, 1.41, 2.81, 4.22, 5.63, 7.03, 8.44]"
940,45.27,-0.0971774788131661,Not Persuadable,"[0, 5, 10, 15, 20, 25, 30]","[None, None, None, None, None, None, None]","[0.0, 2.26, 4.53, 6.79, 9.05, 11.32, 13.58]"
3869,39.61,0.0336358808161601,Persuadable,"[0, 5, 10, 15, 20, 25, 30]","[None, None, None, None, None, None, None]","[0.0, 1.98, 3.96, 5.94, 7.92, 9.9, 11.88]"
4175,48.04,-0.2466082825874126,Not Persuadable,"[0, 5, 10, 15, 20, 25, 30]","[None, None, None, None, None, None, None]","[0.0, 2.4, 4.8, 7.21, 9.61, 12.01, 14.41]"
2800,9.4,0.1909043730263133,Highly Persuadable,"[0, 5, 10, 15, 20, 25, 30]","[None, None, None, None, None, None, None]","[0.0, 0.47, 0.94, 1.41, 1.88, 2.35, 2.82]"
2148,47.86,0.0238698524246242,Persuadable,"[0, 5, 10, 15, 20, 25, 30]","[None, None, None, None, None, None, None]","[0.0, 2.39, 4.79, 7.18, 9.57, 11.96, 14.36]"
3836,33.03,0.0884217130605538,Persuadable,"[0, 5, 10, 15, 20, 25, 30]","[None, None, None, None, None, None, None]","[0.0, 1.65, 3.3, 4.95, 6.61, 8.26, 9.91]"
4551,42.32,-0.0338794172573176,Not Persuadable,"[0, 5, 10, 15, 20, 25, 30]","[None, None, None, None, None, None, None]","[0.0, 2.12, 4.23, 6.35, 8.46, 10.58, 12.7]"
4226,34.19,0.1337929765283803,Highly Persuadable,"[0, 5, 10, 15, 20, 25, 30]","[None, None, None, None, None, None, None]","[0.0, 1.71, 3.42, 5.13, 6.84, 8.55, 10.26]"
2069,48.96,-0.009387247945571,Not Persuadable,"[0, 5, 10, 15, 20, 25, 30]","[None, None, None, None, None, None, None]","[0.0, 2.45, 4.9, 7.34, 9.79, 12.24, 14.69]"
530,44.24,0.0985411647207527,Persuadable,"[0, 5, 10, 15, 20, 25, 30]","[None, None, None, None, None, None, None]","[0.0, 2.21, 4.42, 6.64, 8.85, 11.06, 13.27]"
4865,36.55,0.0199485202011999,Persuadable,"[0, 5, 10, 15, 20, 25, 30]","[None, None, None, None, None, None, None]","[0.0, 1.83, 3.65, 5.48, 7.31, 9.14, 10.96]"
637,46.99,-0.0441961351800987,Not Persuadable,"[0, 5, 10, 15, 20, 25, 30]","[None, None, None, None, None, None, None]","[0.0, 2.35, 4.7, 7.05, 9.4, 11.75, 14.1]"
1270,36.43,0.2232517245850332,Highly Persuadable,"[0, 5, 10, 15, 20, 25, 30]","[None, None, None, None, None, None, None]","[0.0, 1.82, 3.64, 5.46, 7.29, 9.11, 10.93]"
186,43.0,-0.2025923962277441,Not Persuadable,"[0, 5, 10, 15, 20, 25, 30]","[None, None, None, None, None, None, None]","[0.0, 2.15, 4.3, 6.45, 8.6, 10.75, 12.9]"
3837,43.64,-0.0333917422460624,Not Persuadable,"[0, 5, 10, 15, 20, 25, 30]","[None, None, None, None, None, None, None]","[0.0, 2.18, 4.36, 6.55, 8.73, 10.91, 13.09]"
3195,40.88,0.1249389282478554,Highly Persuadable,"[0, 5, 10, 15, 20, 25, 30]","[None, None, None, None, None, None, None]","[0.0, 2.04, 4.09, 6.13, 8.18, 10.22, 12.26]"
3470,42.17,0.0204232027843885,Persuadable,"[0, 5, 10, 15, 20, 25, 30]","[None, None, None, None, None, None, None]","[0.0, 2.11, 4.22, 6.33, 8.43, 10.54, 12.65]"
1798,33.18,0.0119998581016595,Persuadable,"[0, 5, 10, 15, 20, 25, 30]","[None, None, None, None, None, None, None]","[0.0, 1.66, 3.32, 4.98, 6.64, 8.29, 9.95]"
2980,55.97,0.0495788058605226,Persuadable,"[0, 5, 10, 15, 20, 25, 30]","[None, None, None, None, None, None, None]","[0.0, 2.8, 5.6, 8.4, 11.19, 13.99, 16.79]"
1442,38.41,-0.0113106351244529,Not Persuadable,"[0, 5, 10, 15, 20, 25, 30]","[None, None, None, None, None, None, None]","[0.0, 1.92, 3.84, 5.76, 7.68, 9.6, 11.52]"
3443,41.66,0.1335761543657194,Highly Persuadable,"[0, 5, 10, 15, 20, 25, 30]","[None, None, None, None, None, None, None]","[0.0, 2.08, 4.17, 6.25, 8.33, 10.41, 12.5]"
4885,52.08,0.022838361863693,Persuadable,"[0, 5, 10, 15, 20, 25, 30]","[None, None, None, None, None, None, None]","[0.0, 2.6, 5.21, 7.81, 10.42, 13.02, 15.62]"
1536,36.88,0.1088465078948816,Highly Persuadable,"[0, 5, 10, 15, 20, 25, 30]","[None, None, None, None, None, None, None]","[0.0, 1.84, 3.69, 5.53, 7.38, 9.22, 11.06]"
3459,27.6,0.0975184087622871,Persuadable,"[0, 5, 10, 15, 20, 25, 30]","[None, None, None, None, None, None, None]","[0.0, 1.38, 2.76, 4.14, 5.52, 6.9, 8.28]"
1274,35.57,0.0150846854616495,Persuadable,"[0, 5, 10, 15, 20, 25, 30]","[None, None, None, None, None, None, None]","[0.0, 1.78, 3.56, 5.34, 7.11, 8.89, 10.67]"
2468,33.65,0.0611344436994704,Persuadable,"[0, 5, 10, 15, 20, 25, 30]","[None, None, None, None, None, None, None]","[0.0, 1.68, 3.37, 5.05, 6.73, 8.41, 10.09]"
608,45.3,0.0070304585110422,Persuadable,"[0, 5, 10, 15, 20, 25, 30]","[None, None, None, None, None, None, None]","[0.0, 2.27, 4.53, 6.79, 9.06, 11.32, 13.59]"
3403,39.16,-0.068743642849012,Not Persuadable,"[0, 5, 10, 15, 20, 25, 30]","[None, None, None, None, None, None, None]","[0.0, 1.96, 3.92, 5.87, 7.83, 9.79, 11.75]"
1713,37.35,-0.0393909185172953,Not Persuadable,"[0, 5, 10, 15, 20, 25, 30]","[None, None, None, None, None, None, None]","[0.0, 1.87, 3.74, 5.6, 7.47, 9.34, 11.21]"
2200,30.48,-0.0526718835829951,Not Persuadable,"[0, 5, 10, 15, 20, 25, 30]","[None, None, None, None, None, None, None]","[0.0, 1.52, 3.05, 4.57, 6.1, 7.62, 9.14]"
956,49.92,0.1288733241273407,Highly Persuadable,"[0, 5, 10, 15, 20, 25, 30]","[None, None, None, None, None, None, None]","[0.0, 2.5, 4.99, 7.49, 9.98, 12.48, 14.98]"
2580,60.47,-0.0303137442037078,Not Persuadable,"[0, 5, 10, 15, 20, 25, 30]","[None, None, None, None, None, None, None]","[0.0, 3.02, 6.05, 9.07, 12.09, 15.12, 18.14]"
3916,41.58,0.0697549680691199,Persuadable,"[0, 5, 10, 15, 20, 25, 30]","[None, None, None, None, None, None, None]","[0.0, 2.08, 4.16, 6.24, 8.32, 10.39, 12.47]"
4436,28.56,0.0482683418407369,Persuadable,"[0, 5, 10, 15, 20, 25, 30]","[None, None, None, None, None, None, None]","[0.0, 1.43, 2.86, 4.28, 5.71, 7.14, 8.57]"
4803,43.72,0.0463571308254914,Persuadable,"[0, 5, 10, 15, 20, 25, 30]","[None, None, None, None, None, None, None]","[0.0, 2.19, 4.37, 6.56, 8.74, 10.93, 13.12]"
3704,42.28,-0.009746502481894,Not Persuadable,"[0, 5, 10, 15, 20, 25, 30]","[None, None, None, None, None, None, None]","[0.0, 2.11, 4.23, 6.34, 8.46, 10.57, 12.68]"
404,19.74,0.0607620546355111,Persuadable,"[0, 5, 10, 15, 20, 25, 30]","[None, None, None, None, None, None, None]","[0.0, 0.99, 1.97, 2.96, 3.95, 4.93, 5.92]"
2072,49.64,-0.0912396970123027,Not Persuadable,"[0, 5, 10, 15, 20, 25, 30]","[None, None, None, None, None, None, None]","[0.0, 2.48, 4.96, 7.45, 9.93, 12.41, 14.89]"
4766,31.33,0.1535144746194188,Highly Persuadable,"[0, 5, 10, 15, 20, 25, 30]","[None, None, None, None, None, None, None]","[0.0, 1.57, 3.13, 4.7, 6.27, 7.83, 9.4]"
1978,45.05,-0.0442028092547871,Not Persuadable,"[0, 5, 10, 15, 20, 25, 30]","[None, None, None, None, None, None, None]","[0.0, 2.25, 4.5, 6.76, 9.01, 11.26, 13.51]"
159,27.98,-0.0433950901172201,Not Persuadable,"[0, 5, 10, 15, 20, 25, 30]","[None, None, None, None, None, None, None]","[0.0, 1.4, 2.8, 4.2, 5.6, 7.0, 8.39]"
1749,43.88,-0.004838599646506,Not Persuadable,"[0, 5, 10, 15, 20, 25, 30]","[None, None, None, None, None, None, None]","[0.0, 2.19, 4.39, 6.58, 8.78, 10.97, 13.16]"
2910,29.95,0.1000142146682453,Highly Persuadable,"[0, 5, 10, 15, 20, 25, 30]","[None, None, None, None, None, None, None]","[0.0, 1.5, 3.0, 4.49, 5.99, 7.49, 8.98]"
3551,35.22,0.0034229622300933,Persuadable,"[0, 5, 10, 15, 20, 25, 30]","[None, None, None, None, None, None, None]","[0.0, 1.76, 3.52, 5.28, 7.04, 8.8, 10.57]"
903,46.29,0.020972285601127,Persuadable,"[0, 5, 10, 15, 20, 25, 30]","[None, None, None, None, None, None, None]","[0.0, 2.31, 4.63, 6.94, 9.26, 11.57, 13.89]"
353,39.99,0.0539068345054781,Persuadable,"[0, 5, 10, 15, 20, 25, 30]","[None, None, None, None, None, None, None]","[0.0, 2.0, 4.0, 6.0, 8.0, 10.0, 12.0]"
1231,43.35,-0.0762229894885186,Not Persuadable,"[0, 5, 10, 15, 20, 25, 30]","[None, None, None, None, None, None, None]","[0.0, 2.17, 4.33, 6.5, 8.67, 10.84, 13.01]"
4681,45.67,0.0279178144745724,Persuadable,"[0, 5, 10, 15, 20, 25, 30]","[None, None, None, None, None, None, None]","[0.0, 2.28, 4.57, 6.85, 9.13, 11.42, 13.7]"
2141,47.18,-0.063270256928255,Not Persuadable,"[0, 5, 10, 15, 20, 25, 30]","[None, None, None, None, None, None, None]","[0.0, 2.36, 4.72, 7.08, 9.44, 11.79, 14.15]"
445,61.39,0.0996779104193988,Persuadable,"[0, 5, 10, 15, 20, 25, 30]","[None, None, None, None, None, None, None]","[0.0, 3.07, 6.14, 9.21, 12.28, 15.35, 18.42]"
4959,40.04,0.0416093450771732,Persuadable,"[0, 5, 10, 15, 20, 25, 30]","[None, None, None, None, None, None, None]","[0.0, 2.0, 4.0, 6.01, 8.01, 10.01, 12.01]"
755,48.26,-0.0253843292102654,Not Persuadable,"[0, 5, 10, 15, 20, 25, 30]","[None, None, None, None, None, None, None]","[0.0, 2.41, 4.83, 7.24, 9.65, 12.06, 14.48]"
1738,41.89,0.1346520352644439,Highly Persuadable,"[0, 5, 10, 15, 20, 25, 30]","[None, None, None, None, None, None, None]","[0.0, 2.09, 4.19, 6.28, 8.38, 10.47, 12.57]"
2972,23.45,-0.0003290030696758,Not Persuadable,"[0, 5, 10, 15, 20, 25, 30]","[None, None, None, None, None, None, None]","[0.0, 1.17, 2.35, 3.52, 4.69, 5.86, 7.03]"
4990,35.08,0.1293613616133749,Highly Persuadable,"[0, 5, 10, 15, 20, 25, 30]","[None, None, None, None, None, None, None]","[0.0, 1.75, 3.51, 5.26, 7.02, 8.77, 10.52]"
2921,41.54,0.05693319629705,Persuadable,"[0, 5, 10, 15, 20, 25, 30]","[None, None, None, None, None, None, None]","[0.0, 2.08, 4.15, 6.23, 8.31, 10.38, 12.46]"
312,38.92,0.0252783599767576,Persuadable,"[0, 5, 10, 15, 20, 25, 30]","[None, None, None, None, None, None, None]","[0.0, 1.95, 3.89, 5.84, 7.78, 9.73, 11.68]"
549,33.99,0.1641774086575266,Highly Persuadable,"[0, 5, 10, 15, 20, 25, 30]","[None, None, None, None, None, None, None]","[0.0, 1.7, 3.4, 5.1, 6.8, 8.5, 10.2]"
4640,43.1,0.0046671515171832,Persuadable,"[0, 5, 10, 15, 20, 25, 30]","[None, None, None, None, None, None, None]","[0.0, 2.16, 4.31, 6.46, 8.62, 10.78, 12.93]"
4772,25.89,-0.0530039438467597,Not Persuadable,"[0, 5, 10, 15, 20, 25, 30]","[None, None, None, None, None, None, None]","[0.0, 1.29, 2.59, 3.88, 5.18, 6.47, 7.77]"
1990,29.87,0.2153291743592899,Highly Persuadable,"[0, 5, 10, 15, 20, 25, 30]","[None, None, None, None, None, None, None]","[0.0, 1.49, 2.99, 4.48, 5.97, 7.47, 8.96]"
307,38.87,0.02015619864775,Persuadable,"[0, 5, 10, 15, 20, 25, 30]","[None, None, None, None, None, None, None]","[0.0, 1.94, 3.89, 5.83, 7.77, 9.72, 11.66]"
2336,44.17,0.0072050683736865,Persuadable,"[0, 5, 10, 15, 20, 25, 30]","[None, None, None, None, None, None, None]","[0.0, 2.21, 4.42, 6.63, 8.83, 11.04, 13.25]"
695,23.44,0.1050500381426414,Highly Persuadable,"[0, 5, 10, 15, 20, 25, 30]","[None, None, None, None, None, None, None]","[0.0, 1.17, 2.34, 3.52, 4.69, 5.86, 7.03]"
2357,39.26,-0.0602789409892106,Not Persuadable,"[0, 5, 10, 15, 20, 25, 30]","[None, None, None, None, None, None, None]","[0.0, 1.96, 3.93, 5.89, 7.85, 9.81, 11.78]"
1928,41.34,-0.0255387678091385,Not Persuadable,"[0, 5, 10, 15, 20, 25, 30]","[None, None, None, None, None, None, None]","[0.0, 2.07, 4.13, 6.2, 8.27, 10.34, 12.4]"
685,33.22,0.1305857033101639,Highly Persuadable,"[0, 5, 10, 15, 20, 25, 30]","[None, None, None, None, None, None, None]","[0.0, 1.66, 3.32, 4.98, 6.64, 8.3, 9.97]"
750,33.27,0.1077967644693665,Highly Persuadable,"[0, 5, 10, 15, 20, 25, 30]","[None, None, None, None, None, None, None]","[0.0, 1.66, 3.33, 4.99, 6.65, 8.32, 9.98]"
4675,36.44,0.0318369873550843,Persuadable,"[0, 5, 10, 15, 20, 25, 30]","[None, None, None, None, None, None, None]","[0.0, 1.82, 3.64, 5.47, 7.29, 9.11, 10.93]"
1267,40.28,0.1343278600340105,Highly Persuadable,"[0, 5, 10, 15, 20, 25, 30]","[None, None, None, None, None, None, None]","[0.0, 2.01, 4.03, 6.04, 8.06, 10.07, 12.08]"
3983,20.58,0.0871810287026214,Persuadable,"[0, 5, 10, 15, 20, 25, 30]","[None, None, None, None, None, None, None]","[0.0, 1.03, 2.06, 3.09, 4.12, 5.14, 6.17]"
3546,32.85,0.110269508993628,Highly Persuadable,"[0, 5, 10, 15, 20, 25, 30]","[None, None, None, None, None, None, None]","[0.0, 1.64, 3.29, 4.93, 6.57, 8.21, 9.86]"
4771,47.77,-0.0352127790243155,Not Persuadable,"[0, 5, 10, 15, 20, 25, 30]","[None, None, None, None, None, None, None]","[0.0, 2.39, 4.78, 7.17, 9.55, 11.94, 14.33]"
4003,44.62,-0.1446350427665771,Not Persuadable,"[0, 5, 10, 15, 20, 25, 30]","[None, None, None, None, None, None, None]","[0.0, 2.23, 4.46, 6.69, 8.92, 11.15, 13.39]"
3084,22.6,-0.0449681135024584,Not Persuadable,"[0, 5, 10, 15, 20, 25, 30]","[None, None, None, None, None, None, None]","[0.0, 1.13, 2.26, 3.39, 4.52, 5.65, 6.78]"
3062,42.28,0.0456729076373097,Persuadable,"[0, 5, 10, 15, 20, 25, 30]","[None, None, None, None, None, None, None]","[0.0, 2.11, 4.23, 6.34, 8.46, 10.57, 12.68]"
3026,39.02,0.1273307543654679,Highly Persuadable,"[0, 5, 10, 15, 20, 25, 30]","[None, None, None, None, None, None, None]","[0.0, 1.95, 3.9, 5.85, 7.8, 9.76, 11.71]"
971,50.16,0.0688625365625146,Persuadable,"[0, 5, 10, 15, 20, 25, 30]","[None, None, None, None, None, None, None]","[0.0, 2.51, 5.02, 7.52, 10.03, 12.54, 15.05]"
14,61.21,0.1085281819393069,Highly Persuadable,"[0, 5, 10, 15, 20, 25, 30]","[None, None, None, None, None, None, None]","[0.0, 3.06, 6.12, 9.18, 12.24, 15.3, 18.36]"
874,46.65,-0.0689187516435708,Not Persuadable,"[0, 5, 10, 15, 20, 25, 30]","[None, None, None, None, None, None, None]","[0.0, 2.33, 4.67, 7.0, 9.33, 11.66, 13.99]"
809,30.65,0.0431275752449223,Persuadable,"[0, 5, 10, 15, 20, 25, 30]","[None, None, None, None, None, None, None]","[0.0, 1.53, 3.06, 4.6, 6.13, 7.66, 9.19]"
3199,46.85,-0.0023138709668885,Not Persuadable,"[0, 5, 10, 15, 20, 25, 30]","[None, None, None, None, None, None, None]","[0.0, 2.34, 4.69, 7.03, 9.37, 11.71, 14.05]"
515,41.57,0.0675073273806387,Persuadable,"[0, 5, 10, 15, 20, 25, 30]","[None, None, None, None, None, None, None]","[0.0, 2.08, 4.16, 6.24, 8.31, 10.39, 12.47]"
4483,32.82,0.1426944228687872,Highly Persuadable,"[0, 5, 10, 15, 20, 25, 30]","[None, None, None, None, None, None, None]","[0.0, 1.64, 3.28, 4.92, 6.56, 8.21, 9.85]"
410,46.46,0.0360483079556142,Persuadable,"[0, 5, 10, 15, 20, 25, 30]","[None, None, None, None, None, None, None]","[0.0, 2.32, 4.65, 6.97, 9.29, 11.62, 13.94]"
3424,41.93,0.0349452555147599,Persuadable,"[0, 5, 10, 15, 20, 25, 30]","[None, None, None, None, None, None, None]","[0.0, 2.1, 4.19, 6.29, 8.39, 10.48, 12.58]"
4353,29.28,0.1271867458521822,Highly Persuadable,"[0, 5, 10, 15, 20, 25, 30]","[None, None, None, None, None, None, None]","[0.0, 1.46, 2.93, 4.39, 5.86, 7.32, 8.78]"
208,16.51,0.0283303132968658,Persuadable,"[0, 5, 10, 15, 20, 25, 30]","[None, None, None, None, None, None, None]","[0.0, 0.83, 1.65, 2.48, 3.3, 4.13, 4.95]"
3239,47.58,0.0624385987430428,Persuadable,"[0, 5, 10, 15, 20, 25, 30]","[None, None, None, None, None, None, None]","[0.0, 2.38, 4.76, 7.14, 9.52, 11.89, 14.27]"
459,27.39,0.0977902933419404,Persuadable,"[0, 5, 10, 15, 20, 25, 30]","[None, None, None, None, None, None, None]","[0.0, 1.37, 2.74, 4.11, 5.48, 6.85, 8.22]"
3671,45.38,0.0085234290454686,Persuadable,"[0, 5, 10, 15, 20, 25, 30]","[None, None, None, None, None, None, None]","[0.0, 2.27, 4.54, 6.81, 9.08, 11.35, 13.61]"
2431,21.38,-0.0041060422487712,Not Persuadable,"[0, 5, 10, 15, 20, 25, 30]","[None, None, None, None, None, None, None]","[0.0, 1.07, 2.14, 3.21, 4.28, 5.34, 6.41]"
3979,24.04,-0.0227783780845675,Not Persuadable,"[0, 5, 10, 15, 20, 25, 30]","[None, None, None, None, None, None, None]","[0.0, 1.2, 2.4, 3.61, 4.81, 6.01, 7.21]"
111,20.85,0.0596657370912523,Persuadable,"[0, 5, 10, 15, 20, 25, 30]","[None, None, None, None, None, None, None]","[0.0, 1.04, 2.09, 3.13, 4.17, 5.21, 6.25]"
3765,47.45,-0.0268479338095516,Not Persuadable,"[0, 5, 10, 15, 20, 25, 30]","[None, None, None, None, None, None, None]","[0.0, 2.37, 4.75, 7.12, 9.49, 11.86, 14.24]"
4063,29.02,-0.0029162255278251,Not Persuadable,"[0, 5, 10, 15, 20, 25, 30]","[None, None, None, None, None, None, None]","[0.0, 1.45, 2.9, 4.35, 5.8, 7.25, 8.71]"
1884,24.03,0.0583775560106535,Persuadable,"[0, 5, 10, 15, 20, 25, 30]","[None, None, None, None, None, None, None]","[0.0, 1.2, 2.4, 3.6, 4.81, 6.01, 7.21]"
1714,35.48,0.0631907487773358,Persuadable,"[0, 5, 10, 15, 20, 25, 30]","[None, None, None, None, None, None, None]","[0.0, 1.77, 3.55, 5.32, 7.1, 8.87, 10.64]"
3977,51.12,-0.1053939752388195,Not Persuadable,"[0, 5, 10, 15, 20, 25, 30]","[None, None, None, None, None, None, None]","[0.0, 2.56, 5.11, 7.67, 10.22, 12.78, 15.34]"
3415,40.85,0.1716835014170407,Highly Persuadable,"[0, 5, 10, 15, 20, 25, 30]","[None, None, None, None, None, None, None]","[0.0, 2.04, 4.08, 6.13, 8.17, 10.21, 12.26]"
553,28.75,0.0611046046769703,Persuadable,"[0, 5, 10, 15, 20, 25, 30]","[None, None, None, None, None, None, None]","[0.0, 1.44, 2.88, 4.31, 5.75, 7.19, 8.62]"
1440,48.41,0.0203492772651871,Persuadable,"[0, 5, 10, 15, 20, 25, 30]","[None, None, None, None, None, None, None]","[0.0, 2.42, 4.84, 7.26, 9.68, 12.1, 14.52]"
2271,53.85,0.0484984933579043,Persuadable,"[0, 5, 10, 15, 20, 25, 30]","[None, None, None, None, None, None, None]","[0.0, 2.69, 5.39, 8.08, 10.77, 13.46, 16.16]"
3145,36.89,-0.0072619963874259,Not Persuadable,"[0, 5, 10, 15, 20, 25, 30]","[None, None, None, None, None, None, None]","[0.0, 1.84, 3.69, 5.53, 7.38, 9.22, 11.07]"
2822,52.17,0.135217919090506,Highly Persuadable,"[0, 5, 10, 15, 20, 25, 30]","[None, None, None, None, None, None, None]","[0.0, 2.61, 5.22, 7.83, 10.43, 13.04, 15.65]"
4792,41.05,-0.058124357299296,Not Persuadable,"[0, 5, 10, 15, 20, 25, 30]","[None, None, None, None, None, None, None]","[0.0, 2.05, 4.1, 6.16, 8.21, 10.26, 12.31]"
1926,20.42,-0.0202805887767308,Not Persuadable,"[0, 5, 10, 15, 20, 25, 30]","[None, None, None, None, None, None, None]","[0.0, 1.02, 2.04, 3.06, 4.08, 5.11, 6.13]"
635,34.81,0.0452167764400994,Persuadable,"[0, 5, 10, 15, 20, 25, 30]","[None, None, None, None, None, None, None]","[0.0, 1.74, 3.48, 5.22, 6.96, 8.7, 10.44]"
4816,38.74,-0.0590752074816628,Not Persuadable,"[0, 5, 10, 15, 20, 25, 30]","[None, None, None, None, None, None, None]","[0.0, 1.94, 3.87, 5.81, 7.75, 9.69, 11.62]"
317,34.93,0.115190920985562,Highly Persuadable,"[0, 5, 10, 15, 20, 25, 30]","[None, None, None, None, None, None, None]","[0.0, 1.75, 3.49, 5.24, 6.99, 8.73, 10.48]"
4227,28.9,-0.0312597595562434,Not Persuadable,"[0, 5, 10, 15, 20, 25, 30]","[None, None, None, None, None, None, None]","[0.0, 1.45, 2.89, 4.33, 5.78, 7.22, 8.67]"
4710,26.53,0.0414080585742725,Persuadable,"[0, 5, 10, 15, 20, 25, 30]","[None, None, None, None, None, None, None]","[0.0, 1.33, 2.65, 3.98, 5.31, 6.63, 7.96]"
1329,43.07,0.1062570325971305,Highly Persuadable,"[0, 5, 10, 15, 20, 25, 30]","[None, None, None, None, None, None, None]","[0.0, 2.15, 4.31, 6.46, 8.61, 10.77, 12.92]"
428,44.74,-0.1378534094291306,Not Persuadable,"[0, 5, 10, 15, 20, 25, 30]","[None, None, None, None, None, None, None]","[0.0, 2.24, 4.47, 6.71, 8.95, 11.19, 13.42]"
4042,34.27,0.0807088975429846,Persuadable,"[0, 5, 10, 15, 20, 25, 30]","[None, None, None, None, None, None, None]","[0.0, 1.71, 3.43, 5.14, 6.85, 8.57, 10.28]"
106,36.37,0.0877535048226127,Persuadable,"[0, 5, 10, 15, 20, 25, 30]","[None, None, None, None, None, None, None]","[0.0, 1.82, 3.64, 5.46, 7.27, 9.09, 10.91]"
3042,46.66,-0.0999770391185311,Not Persuadable,"[0, 5, 10, 15, 20, 25, 30]","[None, None, None, None, None, None, None]","[0.0, 2.33, 4.67, 7.0, 9.33, 11.66, 14.0]"
143,27.04,0.0245875846120763,Persuadable,"[0, 5, 10, 15, 20, 25, 30]","[None, None, None, None, None, None, None]","[0.0, 1.35, 2.7, 4.06, 5.41, 6.76, 8.11]"
2170,29.16,0.0554875330926533,Persuadable,"[0, 5, 10, 15, 20, 25, 30]","[None, None, None, None, None, None, None]","[0.0, 1.46, 2.92, 4.37, 5.83, 7.29, 8.75]"
3345,18.98,-0.0009337234896647,Not Persuadable,"[0, 5, 10, 15, 20, 25, 30]","[None, None, None, None, None, None, None]","[0.0, 0.95, 1.9, 2.85, 3.8, 4.75, 5.69]"
90,52.73,0.1135736127803897,Highly Persuadable,"[0, 5, 10, 15, 20, 25, 30]","[None, None, None, None, None, None, None]","[0.0, 2.64, 5.27, 7.91, 10.55, 13.18, 15.82]"
2919,33.9,0.0568642075183795,Persuadable,"[0, 5, 10, 15, 20, 25, 30]","[None, None, None, None, None, None, None]","[0.0, 1.7, 3.39, 5.08, 6.78, 8.47, 10.17]"
3238,44.08,-0.1193296486471002,Not Persuadable,"[0, 5, 10, 15, 20, 25, 30]","[None, None, None, None, None, None, None]","[0.0, 2.2, 4.41, 6.61, 8.82, 11.02, 13.22]"
2242,39.2,-0.1691149153427676,Not Persuadable,"[0, 5, 10, 15, 20, 25, 30]","[None, None, None, None, None, None, None]","[0.0, 1.96, 3.92, 5.88, 7.84, 9.8, 11.76]"
3175,42.72,-0.0155548461913796,Not Persuadable,"[0, 5, 10, 15, 20, 25, 30]","[None, None, None, None, None, None, None]","[0.0, 2.14, 4.27, 6.41, 8.54, 10.68, 12.82]"
3428,50.66,0.066048569238884,Persuadable,"[0, 5, 10, 15, 20, 25, 30]","[None, None, None, None, None, None, None]","[0.0, 2.53, 5.07, 7.6, 10.13, 12.66, 15.2]"
2164,40.81,0.04180488318146,Persuadable,"[0, 5, 10, 15, 20, 25, 30]","[None, None, None, None, None, None, None]","[0.0, 2.04, 4.08, 6.12, 8.16, 10.2, 12.24]"
2637,46.32,0.0857823954671131,Persuadable,"[0, 5, 10, 15, 20, 25, 30]","[None, None, None, None, None, None, None]","[0.0, 2.32, 4.63, 6.95, 9.26, 11.58, 13.9]"
1950,56.66,0.1599511209397587,Highly Persuadable,"[0, 5, 10, 15, 20, 25, 30]","[None, None, None, None, None, None, None]","[0.0, 2.83, 5.67, 8.5, 11.33, 14.16, 17.0]"
1769,51.53,0.011541407265447,Persuadable,"[0, 5, 10, 15, 20, 25, 30]","[None, None, None, None, None, None, None]","[0.0, 2.58, 5.15, 7.73, 10.31, 12.88, 15.46]"
3299,20.75,0.0341990892451755,Persuadable,"[0, 5, 10, 15, 20, 25, 30]","[None, None, None, None, None, None, None]","[0.0, 1.04, 2.08, 3.11, 4.15, 5.19, 6.22]"
2273,22.39,0.0242219431750699,Persuadable,"[0, 5, 10, 15, 20, 25, 30]","[None, None, None, None, None, None, None]","[0.0, 1.12, 2.24, 3.36, 4.48, 5.6, 6.72]"
2,29.06,0.0101622770450272,Persuadable,"[0, 5, 10, 15, 20, 25, 30]","[None, None, None, None, None, None, None]","[0.0, 1.45, 2.91, 4.36, 5.81, 7.26, 8.72]"
3542,29.87,0.0679161808547268,Persuadable,"[0, 5, 10, 15, 20, 25, 30]","[None, None, None, None, None, None, None]","[0.0, 1.49, 2.99, 4.48, 5.97, 7.47, 8.96]"
4968,24.74,-0.0440516313113128,Not Persuadable,"[0, 5, 10, 15, 20, 25, 30]","[None, None, None, None, None, None, None]","[0.0, 1.24, 2.47, 3.71, 4.95, 6.18, 7.42]"
1952,56.51,0.0439212976828472,Persuadable,"[0, 5, 10, 15, 20, 25, 30]","[None, None, None, None, None, None, None]","[0.0, 2.83, 5.65, 8.48, 11.3, 14.13, 16.95]"
936,32.36,-0.0122502279922075,Not Persuadable,"[0, 5, 10, 15, 20, 25, 30]","[None, None, None, None, None, None, None]","[0.0, 1.62, 3.24, 4.85, 6.47, 8.09, 9.71]"
4307,23.87,0.0344584768454016,Persuadable,"[0, 5, 10, 15, 20, 25, 30]","[None, None, None, None, None, None, None]","[0.0, 1.19, 2.39, 3.58, 4.77, 5.97, 7.16]"
2721,43.49,0.0278576963057337,Persuadable,"[0, 5, 10, 15, 20, 25, 30]","[None, None, None, None, None, None, None]","[0.0, 2.17, 4.35, 6.52, 8.7, 10.87, 13.05]"
4105,30.16,0.047381344758466,Persuadable,"[0, 5, 10, 15, 20, 25, 30]","[None, None, None, None, None, None, None]","[0.0, 1.51, 3.02, 4.52, 6.03, 7.54, 9.05]"
1110,41.36,0.0423225868042766,Persuadable,"[0, 5, 10, 15, 20, 25, 30]","[None, None, None, None, None, None, None]","[0.0, 2.07, 4.14, 6.2, 8.27, 10.34, 12.41]"
3606,32.37,0.0237069852830342,Persuadable,"[0, 5, 10, 15, 20, 25, 30]","[None, None, None, None, None, None, None]","[0.0, 1.62, 3.24, 4.86, 6.47, 8.09, 9.71]"
592,32.63,0.0586723790648807,Persuadable,"[0, 5, 10, 15, 20, 25, 30]","[None, None, None, None, None, None, None]","[0.0, 1.63, 3.26, 4.89, 6.53, 8.16, 9.79]"
1696,28.3,-0.0004182604836396,Not Persuadable,"[0, 5, 10, 15, 20, 25, 30]","[None, None, None, None, None, None, None]","[0.0, 1.42, 2.83, 4.25, 5.66, 7.08, 8.49]"
3480,36.13,0.0184805378554741,Persuadable,"[0, 5, 10, 15, 20, 25, 30]","[None, None, None, None, None, None, None]","[0.0, 1.81, 3.61, 5.42, 7.23, 9.03, 10.84]"
2937,15.66,-0.057212327426187,Not Persuadable,"[0, 5, 10, 15, 20, 25, 30]","[None, None, None, None, None, None, None]","[0.0, 0.78, 1.57, 2.35, 3.13, 3.92, 4.7]"
4214,51.92,0.0526883025296582,Persuadable,"[0, 5, 10, 15, 20, 25, 30]","[None, None, None, None, None, None, None]","[0.0, 2.6, 5.19, 7.79, 10.38, 12.98, 15.58]"
3427,36.73,0.0385210184974091,Persuadable,"[0, 5, 10, 15, 20, 25, 30]","[None, None, None, None, None, None, None]","[0.0, 1.84, 3.67, 5.51, 7.35, 9.18, 11.02]"
1577,28.1,0.1157889129486553,Highly Persuadable,"[0, 5, 10, 15, 20, 25, 30]","[None, None, None, None, None, None, None]","[0.0, 1.41, 2.81, 4.21, 5.62, 7.03, 8.43]"
3973,35.46,0.132981941386468,Highly Persuadable,"[0, 5, 10, 15, 20, 25, 30]","[None, None, None, None, None, None, None]","[0.0, 1.77, 3.55, 5.32, 7.09, 8.87, 10.64]"
214,30.76,0.0860743876021436,Persuadable,"[0, 5, 10, 15, 20, 25, 30]","[None, None, None, None, None, None, None]","[0.0, 1.54, 3.08, 4.61, 6.15, 7.69, 9.23]"
779,61.02,-0.0125964433953862,Not Persuadable,"[0, 5, 10, 15, 20, 25, 30]","[None, None, None, None, None, None, None]","[0.0, 3.05, 6.1, 9.15, 12.2, 15.26, 18.31]"
1416,29.62,0.2176780899074996,Highly Persuadable,"[0, 5, 10, 15, 20, 25, 30]","[None, None, None, None, None, None, None]","[0.0, 1.48, 2.96, 4.44, 5.92, 7.41, 8.89]"
4770,33.98,-0.0032037182961445,Not Persuadable,"[0, 5, 10, 15, 20, 25, 30]","[None, None, None, None, None, None, None]","[0.0, 1.7, 3.4, 5.1, 6.8, 8.49, 10.19]"
2044,51.28,0.0473726116380387,Persuadable,"[0, 5, 10, 15, 20, 25, 30]","[None, None, None, None, None, None, None]","[0.0, 2.56, 5.13, 7.69, 10.26, 12.82, 15.38]"
2849,28.59,0.0681630833787781,Persuadable,"[0, 5, 10, 15, 20, 25, 30]","[None, None, None, None, None, None, None]","[0.0, 1.43, 2.86, 4.29, 5.72, 7.15, 8.58]"
4548,40.56,-0.0604836357482255,Not Persuadable,"[0, 5, 10, 15, 20, 25, 30]","[None, None, None, None, None, None, None]","[0.0, 2.03, 4.06, 6.08, 8.11, 10.14, 12.17]"
3682,34.92,-0.0248276579274264,Not Persuadable,"[0, 5, 10, 15, 20, 25, 30]","[None, None, None, None, None, None, None]","[0.0, 1.75, 3.49, 5.24, 6.98, 8.73, 10.48]"
3832,48.53,-0.0164826669773621,Not Persuadable,"[0, 5, 10, 15, 20, 25, 30]","[None, None, None, None, None, None, None]","[0.0, 2.43, 4.85, 7.28, 9.71, 12.13, 14.56]"
1568,34.41,-0.0236753974288258,Not Persuadable,"[0, 5, 10, 15, 20, 25, 30]","[None, None, None, None, None, None, None]","[0.0, 1.72, 3.44, 5.16, 6.88, 8.6, 10.32]"
166,41.48,0.0509899568056583,Persuadable,"[0, 5, 10, 15, 20, 25, 30]","[None, None, None, None, None, None, None]","[0.0, 2.07, 4.15, 6.22, 8.3, 10.37, 12.44]"
4725,49.44,-0.1193806885970935,Not Persuadable,"[0, 5, 10, 15, 20, 25, 30]","[None, None, None, None, None, None, None]","[0.0, 2.47, 4.94, 7.42, 9.89, 12.36, 14.83]"
3602,71.58,0.0432039607191688,Persuadable,"[0, 5, 10, 15, 20, 25, 30]","[None, None, None, None, None, None, None]","[0.0, 3.58, 7.16, 10.74, 14.32, 17.89, 21.47]"
4937,34.34,0.0468245265285398,Persuadable,"[0, 5, 10, 15, 20, 25, 30]","[None, None, None, None, None, None, None]","[0.0, 1.72, 3.43, 5.15, 6.87, 8.59, 10.3]"
1344,36.91,0.0683321858070321,Persuadable,"[0, 5, 10, 15, 20, 25, 30]","[None, None, None, None, None, None, None]","[0.0, 1.85, 3.69, 5.54, 7.38, 9.23, 11.07]"
2014,30.52,0.0971768265495553,Persuadable,"[0, 5, 10, 15, 20, 25, 30]","[None, None, None, None, None, None, None]","[0.0, 1.53, 3.05, 4.58, 6.1, 7.63, 9.16]"
274,47.47,-0.0098909669650053,Not Persuadable,"[0, 5, 10, 15, 20, 25, 30]","[None, None, None, None, None, None, None]","[0.0, 2.37, 4.75, 7.12, 9.49, 11.87, 14.24]"
72,35.32,-0.0335583513265956,Not Persuadable,"[0, 5, 10, 15, 20, 25, 30]","[None, None, None, None, None, None, None]","[0.0, 1.77, 3.53, 5.3, 7.06, 8.83, 10.6]"
3906,39.7,-0.0379737345077159,Not Persuadable,"[0, 5, 10, 15, 20, 25, 30]","[None, None, None, None, None, None, None]","[0.0, 1.99, 3.97, 5.96, 7.94, 9.93, 11.91]"
1088,38.74,-0.03219459316424,Not Persuadable,"[0, 5, 10, 15, 20, 25, 30]","[None, None, None, None, None, None, None]","[0.0, 1.94, 3.87, 5.81, 7.75, 9.69, 11.62]"
395,47.68,0.0037853983690698,Persuadable,"[0, 5, 10, 15, 20, 25, 30]","[None, None, None, None, None, None, None]","[0.0, 2.38, 4.77, 7.15, 9.54, 11.92, 14.3]"
584,40.75,0.0501516396035347,Persuadable,"[0, 5, 10, 15, 20, 25, 30]","[None, None, None, None, None, None, None]","[0.0, 2.04, 4.08, 6.11, 8.15, 10.19, 12.22]"
1368,32.93,0.156680660260936,Highly Persuadable,"[0, 5, 10, 15, 20, 25, 30]","[None, None, None, None, None, None, None]","[0.0, 1.65, 3.29, 4.94, 6.59, 8.23, 9.88]"
4998,43.2,-0.032019214517002,Not Persuadable,"[0, 5, 10, 15, 20, 25, 30]","[None, None, None, None, None, None, None]","[0.0, 2.16, 4.32, 6.48, 8.64, 10.8, 12.96]"
4653,47.04,0.0567092563734168,Persuadable,"[0, 5, 10, 15, 20, 25, 30]","[None, None, None, None, None, None, None]","[0.0, 2.35, 4.7, 7.06, 9.41, 11.76, 14.11]"
2549,46.41,0.0650808683746356,Persuadable,"[0, 5, 10, 15, 20, 25, 30]","[None, None, None, None, None, None, None]","[0.0, 2.32, 4.64, 6.96, 9.28, 11.6, 13.92]"
1014,46.67,-0.1489201562682404,Not Persuadable,"[0, 5, 10, 15, 20, 25, 30]","[None, None, None, None, None, None, None]","[0.0, 2.33, 4.67, 7.0, 9.33, 11.67, 14.0]"
4908,39.22,0.0472218109477615,Persuadable,"[0, 5, 10, 15, 20, 25, 30]","[None, None, None, None, None, None, None]","[0.0, 1.96, 3.92, 5.88, 7.84, 9.8, 11.77]"
3004,24.21,0.0516416372412617,Persuadable,"[0, 5, 10, 15, 20, 25, 30]","[None, None, None, None, None, None, None]","[0.0, 1.21, 2.42, 3.63, 4.84, 6.05, 7.26]"
4948,45.15,-0.1058818253447903,Not Persuadable,"[0, 5, 10, 15, 20, 25, 30]","[None, None, None, None, None, None, None]","[0.0, 2.26, 4.51, 6.77, 9.03, 11.29, 13.54]"
4182,31.98,0.0821831139350003,Persuadable,"[0, 5, 10, 15, 20, 25, 30]","[None, None, None, None, None, None, None]","[0.0, 1.6, 3.2, 4.8, 6.4, 8.0, 9.59]"
3549,36.04,0.0904879502843393,Persuadable,"[0, 5, 10, 15, 20, 25, 30]","[None, None, None, None, None, None, None]","[0.0, 1.8, 3.6, 5.41, 7.21, 9.01, 10.81]"
1764,49.77,-0.1383141580107325,Not Persuadable,"[0, 5, 10, 15, 20, 25, 30]","[None, None, None, None, None, None, None]","[0.0, 2.49, 4.98, 7.47, 9.95, 12.44, 14.93]"
1876,36.93,-0.0180330866170889,Not Persuadable,"[0, 5, 10, 15, 20, 25, 30]","[None, None, None, None, None, None, None]","[0.0, 1.85, 3.69, 5.54, 7.39, 9.23, 11.08]"
1260,30.03,0.1888419122952824,Highly Persuadable,"[0, 5, 10, 15, 20, 25, 30]","[None, None, None, None, None, None, None]","[0.0, 1.5, 3.0, 4.5, 6.01, 7.51, 9.01]"
4541,47.13,-0.0289344737853186,Not Persuadable,"[0, 5, 10, 15, 20, 25, 30]","[None, None, None, None, None, None, None]","[0.0, 2.36, 4.71, 7.07, 9.43, 11.78, 14.14]"
2254,14.12,-0.0838819129916077,Not Persuadable,"[0, 5, 10, 15, 20, 25, 30]","[None, None, None, None, None, None, None]","[0.0, 0.71, 1.41, 2.12, 2.82, 3.53, 4.24]"
2782,51.47,0.0678906637111548,Persuadable,"[0, 5, 10, 15, 20, 25, 30]","[None, None, None, None, None, None, None]","[0.0, 2.57, 5.15, 7.72, 10.29, 12.87, 15.44]"
3611,57.39,-0.0761104005933654,Not Persuadable,"[0, 5, 10, 15, 20, 25, 30]","[None, None, None, None, None, None, None]","[0.0, 2.87, 5.74, 8.61, 11.48, 14.35, 17.22]"
527,39.8,-0.0507471462219286,Not Persuadable,"[0, 5, 10, 15, 20, 25, 30]","[None, None, None, None, None, None, None]","[0.0, 1.99, 3.98, 5.97, 7.96, 9.95, 11.94]"
4748,34.92,0.0374579231882683,Persuadable,"[0, 5, 10, 15, 20, 25, 30]","[None, None, None, None, None, None, None]","[0.0, 1.75, 3.49, 5.24, 6.98, 8.73, 10.48]"
2947,49.84,0.051535100313357,Persuadable,"[0, 5, 10, 15, 20, 25, 30]","[None, None, None, None, None, None, None]","[0.0, 2.49, 4.98, 7.48, 9.97, 12.46, 14.95]"
378,33.2,0.0099409130716275,Persuadable,"[0, 5, 10, 15, 20, 25, 30]","[None, None, None, None, None, None, None]","[0.0, 1.66, 3.32, 4.98, 6.64, 8.3, 9.96]"
1560,30.33,0.1943260520350277,Highly Persuadable,"[0, 5, 10, 15, 20, 25, 30]","[None, None, None, None, None, None, None]","[0.0, 1.52, 3.03, 4.55, 6.07, 7.58, 9.1]"
3839,21.17,0.0983565127605622,Persuadable,"[0, 5, 10, 15, 20, 25, 30]","[None, None, None, None, None, None, None]","[0.0, 1.06, 2.12, 3.18, 4.23, 5.29, 6.35]"
1964,36.39,0.0279868374197576,Persuadable,"[0, 5, 10, 15, 20, 25, 30]","[None, None, None, None, None, None, None]","[0.0, 1.82, 3.64, 5.46, 7.28, 9.1, 10.92]"
4743,20.47,0.0355514894160556,Persuadable,"[0, 5, 10, 15, 20, 25, 30]","[None, None, None, None, None, None, None]","[0.0, 1.02, 2.05, 3.07, 4.09, 5.12, 6.14]"
349,35.92,-0.0571047859989132,Not Persuadable,"[0, 5, 10, 15, 20, 25, 30]","[None, None, None, None, None, None, None]","[0.0, 1.8, 3.59, 5.39, 7.18, 8.98, 10.78]"
2435,6.25,0.1412506619307075,Highly Persuadable,"[0, 5, 10, 15, 20, 25, 30]","[None, None, None, None, None, None, None]","[0.0, 0.31, 0.62, 0.94, 1.25, 1.56, 1.88]"
2247,21.5,0.0314343624672846,Persuadable,"[0, 5, 10, 15, 20, 25, 30]","[None, None, None, None, None, None, None]","[0.0, 1.07, 2.15, 3.23, 4.3, 5.38, 6.45]"
4467,42.0,0.0706949980994605,Persuadable,"[0, 5, 10, 15, 20, 25, 30]","[None, None, None, None, None, None, None]","[0.0, 2.1, 4.2, 6.3, 8.4, 10.5, 12.6]"
1710,47.42,-0.0768117898132586,Not Persuadable,"[0, 5, 10, 15, 20, 25, 30]","[None, None, None, None, None, None, None]","[0.0, 2.37, 4.74, 7.11, 9.48, 11.86, 14.23]"
1051,24.27,0.0888405156180348,Persuadable,"[0, 5, 10, 15, 20, 25, 30]","[None, None, None, None, None, None, None]","[0.0, 1.21, 2.43, 3.64, 4.85, 6.07, 7.28]"
591,39.57,-0.0133134535407912,Not Persuadable,"[0, 5, 10, 15, 20, 25, 30]","[None, None, None, None, None, None, None]","[0.0, 1.98, 3.96, 5.94, 7.91, 9.89, 11.87]"
520,43.2,-0.0755068651610924,Not Persuadable,"[0, 5, 10, 15, 20, 25, 30]","[None, None, None, None, None, None, None]","[0.0, 2.16, 4.32, 6.48, 8.64, 10.8, 12.96]"
4504,41.33,0.0619463062879383,Persuadable,"[0, 5, 10, 15, 20, 25, 30]","[None, None, None, None, None, None, None]","[0.0, 2.07, 4.13, 6.2, 8.27, 10.33, 12.4]"
4754,39.75,0.1284126724334444,Highly Persuadable,"[0, 5, 10, 15, 20, 25, 30]","[None, None, None, None, None, None, None]","[0.0, 1.99, 3.98, 5.96, 7.95, 9.94, 11.92]"
2478,44.7,0.0555282338703085,Persuadable,"[0, 5, 10, 15, 20, 25, 30]","[None, None, None, None, None, None, None]","[0.0, 2.24, 4.47, 6.71, 8.94, 11.18, 13.41]"
1084,11.41,0.1900071794697128,Highly Persuadable,"[0, 5, 10, 15, 20, 25, 30]","[None, None, None, None, None, None, None]","[0.0, 0.57, 1.14, 1.71, 2.28, 2.85, 3.42]"
3607,27.88,-0.0060639430932719,Not Persuadable,"[0, 5, 10, 15, 20, 25, 30]","[None, None, None, None, None, None, None]","[0.0, 1.39, 2.79, 4.18, 5.58, 6.97, 8.36]"
4789,51.75,0.1317557889710515,Highly Persuadable,"[0, 5, 10, 15, 20, 25, 30]","[None, None, None, None, None, None, None]","[0.0, 2.59, 5.18, 7.76, 10.35, 12.94, 15.52]"
4520,31.21,0.1217082865092424,Highly Persuadable,"[0, 5, 10, 15, 20, 25, 30]","[None, None, None, None, None, None, None]","[0.0, 1.56, 3.12, 4.68, 6.24, 7.8, 9.36]"
1295,48.15,-0.0403300294308238,Not Persuadable,"[0, 5, 10, 15, 20, 25, 30]","[None, None, None, None, None, None, None]","[0.0, 2.41, 4.82, 7.22, 9.63, 12.04, 14.44]"
1810,29.2,0.0791992924417038,Persuadable,"[0, 5, 10, 15, 20, 25, 30]","[None, None, None, None, None, None, None]","[0.0, 1.46, 2.92, 4.38, 5.84, 7.3, 8.76]"
792,39.33,0.0538450734250672,Persuadable,"[0, 5, 10, 15, 20, 25, 30]","[None, None, None, None, None, None, None]","[0.0, 1.97, 3.93, 5.9, 7.87, 9.83, 11.8]"
793,34.73,0.1094254877527288,Highly Persuadable,"[0, 5, 10, 15, 20, 25, 30]","[None, None, None, None, None, None, None]","[0.0, 1.74, 3.47, 5.21, 6.95, 8.68, 10.42]"
4319,26.85,-0.0126072665599108,Not Persuadable,"[0, 5, 10, 15, 20, 25, 30]","[None, None, None, None, None, None, None]","[0.0, 1.34, 2.69, 4.03, 5.37, 6.71, 8.05]"
1856,24.46,-0.0018559181190329,Not Persuadable,"[0, 5, 10, 15, 20, 25, 30]","[None, None, None, None, None, None, None]","[0.0, 1.22, 2.45, 3.67, 4.89, 6.12, 7.34]"
4768,23.74,0.0059558841197999,Persuadable,"[0, 5, 10, 15, 20, 25, 30]","[None, None, None, None, None, None, None]","[0.0, 1.19, 2.37, 3.56, 4.75, 5.93, 7.12]"
1981,48.06,0.0793446233293278,Persuadable,"[0, 5, 10, 15, 20, 25, 30]","[None, None, None, None, None, None, None]","[0.0, 2.4, 4.81, 7.21, 9.61, 12.02, 14.42]"
3234,53.81,0.1237795538940843,Highly Persuadable,"[0, 5, 10, 15, 20, 25, 30]","[None, None, None, None, None, None, None]","[0.0, 2.69, 5.38, 8.07, 10.76, 13.45, 16.14]"
3927,30.23,0.0637272035826173,Persuadable,"[0, 5, 10, 15, 20, 25, 30]","[None, None, None, None, None, None, None]","[0.0, 1.51, 3.02, 4.53, 6.05, 7.56, 9.07]"
3401,35.55,0.0680603287714349,Persuadable,"[0, 5, 10, 15, 20, 25, 30]","[None, None, None, None, None, None, None]","[0.0, 1.78, 3.55, 5.33, 7.11, 8.89, 10.66]"
3329,45.31,-0.0055709138001875,Not Persuadable,"[0, 5, 10, 15, 20, 25, 30]","[None, None, None, None, None, None, None]","[0.0, 2.27, 4.53, 6.8, 9.06, 11.33, 13.59]"
1531,38.11,0.1249991625101732,Highly Persuadable,"[0, 5, 10, 15, 20, 25, 30]","[None, None, None, None, None, None, None]","[0.0, 1.91, 3.81, 5.72, 7.62, 9.53, 11.43]"
1411,38.26,0.0394386031822913,Persuadable,"[0, 5, 10, 15, 20, 25, 30]","[None, None, None, None, None, None, None]","[0.0, 1.91, 3.83, 5.74, 7.65, 9.56, 11.48]"
4305,27.2,-0.0685697977003121,Not Persuadable,"[0, 5, 10, 15, 20, 25, 30]","[None, None, None, None, None, None, None]","[0.0, 1.36, 2.72, 4.08, 5.44, 6.8, 8.16]"
4981,30.3,0.0538618399541883,Persuadable,"[0, 5, 10, 15, 20, 25, 30]","[None, None, None, None, None, None, None]","[0.0, 1.52, 3.03, 4.54, 6.06, 7.58, 9.09]"
84,29.15,0.065489430078973,Persuadable,"[0, 5, 10, 15, 20, 25, 30]","[None, None, None, None, None, None, None]","[0.0, 1.46, 2.92, 4.37, 5.83, 7.29, 8.74]"
869,38.57,0.0318337835164984,Persuadable,"[0, 5, 10, 15, 20, 25, 30]","[None, None, None, None, None, None, None]","[0.0, 1.93, 3.86, 5.79, 7.71, 9.64, 11.57]"
2351,53.04,0.0175550201494323,Persuadable,"[0, 5, 10, 15, 20, 25, 30]","[None, None, None, None, None, None, None]","[0.0, 2.65, 5.3, 7.96, 10.61, 13.26, 15.91]"
21,23.48,0.0247936758342771,Persuadable,"[0, 5, 10, 15, 20, 25, 30]","[None, None, None, None, None, None, None]","[0.0, 1.17, 2.35, 3.52, 4.7, 5.87, 7.04]"
3440,45.44,-0.1856159118860695,Not Persuadable,"[0, 5, 10, 15, 20, 25, 30]","[None, None, None, None, None, None, None]","[0.0, 2.27, 4.54, 6.82, 9.09, 11.36, 13.63]"
2796,25.92,0.0530495682679793,Persuadable,"[0, 5, 10, 15, 20, 25, 30]","[None, None, None, None, None, None, None]","[0.0, 1.3, 2.59, 3.89, 5.18, 6.48, 7.78]"
4583,49.26,0.0684450931800569,Persuadable,"[0, 5, 10, 15, 20, 25, 30]","[None, None, None, None, None, None, None]","[0.0, 2.46, 4.93, 7.39, 9.85, 12.31, 14.78]"
1563,35.32,0.0059308738139051,Persuadable,"[0, 5, 10, 15, 20, 25, 30]","[None, None, None, None, None, None, None]","[0.0, 1.77, 3.53, 5.3, 7.06, 8.83, 10.6]"
3094,48.84,-0.0393855937456064,Not Persuadable,"[0, 5, 10, 15, 20, 25, 30]","[None, None, None, None, None, None, None]","[0.0, 2.44, 4.88, 7.33, 9.77, 12.21, 14.65]"
3156,18.58,0.1573151450456735,Highly Persuadable,"[0, 5, 10, 15, 20, 25, 30]","[None, None, None, None, None, None, None]","[0.0, 0.93, 1.86, 2.79, 3.72, 4.64, 5.57]"
974,41.11,-0.0336435198231699,Not Persuadable,"[0, 5, 10, 15, 20, 25, 30]","[None, None, None, None, None, None, None]","[0.0, 2.06, 4.11, 6.17, 8.22, 10.28, 12.33]"
1711,54.11,0.0826337919807607,Persuadable,"[0, 5, 10, 15, 20, 25, 30]","[None, None, None, None, None, None, None]","[0.0, 2.71, 5.41, 8.12, 10.82, 13.53, 16.23]"
3202,31.95,0.1125401262138197,Highly Persuadable,"[0, 5, 10, 15, 20, 25, 30]","[None, None, None, None, None, None, None]","[0.0, 1.6, 3.2, 4.79, 6.39, 7.99, 9.58]"
4000,20.26,0.107372425182018,Highly Persuadable,"[0, 5, 10, 15, 20, 25, 30]","[None, None, None, None, None, None, None]","[0.0, 1.01, 2.03, 3.04, 4.05, 5.07, 6.08]"
4830,32.69,-0.0257062052337662,Not Persuadable,"[0, 5, 10, 15, 20, 25, 30]","[None, None, None, None, None, None, None]","[0.0, 1.63, 3.27, 4.9, 6.54, 8.17, 9.81]"
1099,26.55,0.0556527595960149,Persuadable,"[0, 5, 10, 15, 20, 25, 30]","[None, None, None, None, None, None, None]","[0.0, 1.33, 2.66, 3.98, 5.31, 6.64, 7.96]"
4261,49.55,0.0020793364922488,Persuadable,"[0, 5, 10, 15, 20, 25, 30]","[None, None, None, None, None, None, None]","[0.0, 2.48, 4.96, 7.43, 9.91, 12.39, 14.86]"
2845,37.5,-0.0660996403936763,Not Persuadable,"[0, 5, 10, 15, 20, 25, 30]","[None, None, None, None, None, None, None]","[0.0, 1.88, 3.75, 5.62, 7.5, 9.38, 11.25]"
887,44.01,0.1343658211776991,Highly Persuadable,"[0, 5, 10, 15, 20, 25, 30]","[None, None, None, None, None, None, None]","[0.0, 2.2, 4.4, 6.6, 8.8, 11.0, 13.2]"
4942,35.31,0.0453425410045818,Persuadable,"[0, 5, 10, 15, 20, 25, 30]","[None, None, None, None, None, None, None]","[0.0, 1.77, 3.53, 5.3, 7.06, 8.83, 10.59]"
4850,41.65,0.0195243668047878,Persuadable,"[0, 5, 10, 15, 20, 25, 30]","[None, None, None, None, None, None, None]","[0.0, 2.08, 4.17, 6.25, 8.33, 10.41, 12.49]"
4591,41.08,0.168634545680186,Highly Persuadable,"[0, 5, 10, 15, 20, 25, 30]","[None, None, None, None, None, None, None]","[0.0, 2.05, 4.11, 6.16, 8.22, 10.27, 12.32]"
3831,18.84,-0.0890565406091971,Not Persuadable,"[0, 5, 10, 15, 20, 25, 30]","[None, None, None, None, None, None, None]","[0.0, 0.94, 1.88, 2.83, 3.77, 4.71, 5.65]"
4412,46.01,-0.0501622031162684,Not Persuadable,"[0, 5, 10, 15, 20, 25, 30]","[None, None, None, None, None, None, None]","[0.0, 2.3, 4.6, 6.9, 9.2, 11.5, 13.8]"
516,28.89,0.0323094095303659,Persuadable,"[0, 5, 10, 15, 20, 25, 30]","[None, None, None, None, None, None, None]","[0.0, 1.44, 2.89, 4.33, 5.78, 7.22, 8.67]"
4631,33.85,0.0463960456295787,Persuadable,"[0, 5, 10, 15, 20, 25, 30]","[None, None, None, None, None, None, None]","[0.0, 1.69, 3.39, 5.08, 6.77, 8.46, 10.15]"
738,45.58,0.061512238187615,Persuadable,"[0, 5, 10, 15, 20, 25, 30]","[None, None, None, None, None, None, None]","[0.0, 2.28, 4.56, 6.84, 9.12, 11.39, 13.67]"
1454,44.02,0.0544448686284666,Persuadable,"[0, 5, 10, 15, 20, 25, 30]","[None, None, None, None, None, None, None]","[0.0, 2.2, 4.4, 6.6, 8.8, 11.01, 13.21]"
3990,38.51,-0.0206291633056626,Not Persuadable,"[0, 5, 10, 15, 20, 25, 30]","[None, None, None, None, None, None, None]","[0.0, 1.93, 3.85, 5.78, 7.7, 9.63, 11.55]"
4711,17.61,0.0223747788695743,Persuadable,"[0, 5, 10, 15, 20, 25, 30]","[None, None, None, None, None, None, None]","[0.0, 0.88, 1.76, 2.64, 3.52, 4.4, 5.28]"
2507,28.16,-0.114424056974645,Not Persuadable,"[0, 5, 10, 15, 20, 25, 30]","[None, None, None, None, None, None, None]","[0.0, 1.41, 2.82, 4.22, 5.63, 7.04, 8.45]"
2995,22.71,0.0373736339065671,Persuadable,"[0, 5, 10, 15, 20, 25, 30]","[None, None, None, None, None, None, None]","[0.0, 1.14, 2.27, 3.41, 4.54, 5.68, 6.81]"
2127,39.81,0.0983509452985273,Persuadable,"[0, 5, 10, 15, 20, 25, 30]","[None, None, None, None, None, None, None]","[0.0, 1.99, 3.98, 5.97, 7.96, 9.95, 11.94]"
2927,41.41,0.0039474524588068,Persuadable,"[0, 5, 10, 15, 20, 25, 30]","[None, None, None, None, None, None, None]","[0.0, 2.07, 4.14, 6.21, 8.28, 10.35, 12.42]"
4756,64.35,0.2374764722696028,Highly Persuadable,"[0, 5, 10, 15, 20, 25, 30]","[None, None, None, None, None, None, None]","[0.0, 3.22, 6.43, 9.65, 12.87, 16.09, 19.3]"
907,38.67,0.1485180649356008,Highly Persuadable,"[0, 5, 10, 15, 20, 25, 30]","[None, None, None, None, None, None, None]","[0.0, 1.93, 3.87, 5.8, 7.73, 9.67, 11.6]"
3666,24.97,0.0293540869842816,Persuadable,"[0, 5, 10, 15, 20, 25, 30]","[None, None, None, None, None, None, None]","[0.0, 1.25, 2.5, 3.75, 4.99, 6.24, 7.49]"
1031,43.82,-0.0411082641075236,Not Persuadable,"[0, 5, 10, 15, 20, 25, 30]","[None, None, None, None, None, None, None]","[0.0, 2.19, 4.38, 6.57, 8.76, 10.96, 13.15]"
2508,38.96,0.1199146990646077,Highly Persuadable,"[0, 5, 10, 15, 20, 25, 30]","[None, None, None, None, None, None, None]","[0.0, 1.95, 3.9, 5.84, 7.79, 9.74, 11.69]"
2429,45.87,0.1111200997364882,Highly Persuadable,"[0, 5, 10, 15, 20, 25, 30]","[None, None, None, None, None, None, None]","[0.0, 2.29, 4.59, 6.88, 9.17, 11.47, 13.76]"
948,19.69,0.1258633283024159,Highly Persuadable,"[0, 5, 10, 15, 20, 25, 30]","[None, None, None, None, None, None, None]","[0.0, 0.98, 1.97, 2.95, 3.94, 4.92, 5.91]"
3825,32.94,0.0995849422451635,Persuadable,"[0, 5, 10, 15, 20, 25, 30]","[None, None, None, None, None, None, None]","[0.0, 1.65, 3.29, 4.94, 6.59, 8.23, 9.88]"
4086,39.98,0.1752533281830822,Highly Persuadable,"[0, 5, 10, 15, 20, 25, 30]","[None, None, None, None, None, None, None]","[0.0, 2.0, 4.0, 6.0, 8.0, 9.99, 11.99]"
716,35.84,-0.0405834950548058,Not Persuadable,"[0, 5, 10, 15, 20, 25, 30]","[None, None, None, None, None, None, None]","[0.0, 1.79, 3.58, 5.38, 7.17, 8.96, 10.75]"
4074,50.88,0.1360406094875707,Highly Persuadable,"[0, 5, 10, 15, 20, 25, 30]","[None, None, None, None, None, None, None]","[0.0, 2.54, 5.09, 7.63, 10.18, 12.72, 15.26]"
687,50.51,0.0598245153744729,Persuadable,"[0, 5, 10, 15, 20, 25, 30]","[None, None, None, None, None, None, None]","[0.0, 2.53, 5.05, 7.58, 10.1, 12.63, 15.15]"
704,34.07,0.004609642259408,Persuadable,"[0, 5, 10, 15, 20, 25, 30]","[None, None, None, None, None, None, None]","[0.0, 1.7, 3.41, 5.11, 6.81, 8.52, 10.22]"
3342,42.91,0.0726930496508596,Persuadable,"[0, 5, 10, 15, 20, 25, 30]","[None, None, None, None, None, None, None]","[0.0, 2.15, 4.29, 6.44, 8.58, 10.73, 12.87]"
2354,36.77,0.0764611009032566,Persuadable,"[0, 5, 10, 15, 20, 25, 30]","[None, None, None, None, None, None, None]","[0.0, 1.84, 3.68, 5.52, 7.35, 9.19, 11.03]"
2258,23.11,0.1918914168703081,Highly Persuadable,"[0, 5, 10, 15, 20, 25, 30]","[None, None, None, None, None, None, None]","[0.0, 1.16, 2.31, 3.47, 4.62, 5.78, 6.93]"
3568,11.06,-0.0279681383823061,Not Persuadable,"[0, 5, 10, 15, 20, 25, 30]","[None, None, None, None, None, None, None]","[0.0, 0.55, 1.11, 1.66, 2.21, 2.77, 3.32]"
474,50.38,-0.0934751187786839,Not Persuadable,"[0, 5, 10, 15, 20, 25, 30]","[None, None, None, None, None, None, None]","[0.0, 2.52, 5.04, 7.56, 10.08, 12.6, 15.11]"
22,50.59,-0.0678776696394787,Not Persuadable,"[0, 5, 10, 15, 20, 25, 30]","[None, None, None, None, None, None, None]","[0.0, 2.53, 5.06, 7.59, 10.12, 12.65, 15.18]"
2753,27.03,0.0621188747407586,Persuadable,"[0, 5, 10, 15, 20, 25, 30]","[None, None, None, None, None, None, None]","[0.0, 1.35, 2.7, 4.05, 5.41, 6.76, 8.11]"
886,56.22,0.0901455040390011,Persuadable,"[0, 5, 10, 15, 20, 25, 30]","[None, None, None, None, None, None, None]","[0.0, 2.81, 5.62, 8.43, 11.24, 14.05, 16.87]"
2449,44.34,0.1397848838721166,Highly Persuadable,"[0, 5, 10, 15, 20, 25, 30]","[None, None, None, None, None, None, None]","[0.0, 2.22, 4.43, 6.65, 8.87, 11.09, 13.3]"
918,32.7,0.1410662392093866,Highly Persuadable,"[0, 5, 10, 15, 20, 25, 30]","[None, None, None, None, None, None, None]","[0.0, 1.64, 3.27, 4.91, 6.54, 8.18, 9.81]"
4438,43.13,-0.0842784335112438,Not Persuadable,"[0, 5, 10, 15, 20, 25, 30]","[None, None, None, None, None, None, None]","[0.0, 2.16, 4.31, 6.47, 8.63, 10.78, 12.94]"
4677,39.4,0.0091471121483807,Persuadable,"[0, 5, 10, 15, 20, 25, 30]","[None, None, None, None, None, None, None]","[0.0, 1.97, 3.94, 5.91, 7.88, 9.85, 11.82]"
2240,45.86,-0.123401105026258,Not Persuadable,"[0, 5, 10, 15, 20, 25, 30]","[None, None, None, None, None, None, None]","[0.0, 2.29, 4.59, 6.88, 9.17, 11.46, 13.76]"
3863,33.59,0.0791625702127569,Persuadable,"[0, 5, 10, 15, 20, 25, 30]","[None, None, None, None, None, None, None]","[0.0, 1.68, 3.36, 5.04, 6.72, 8.4, 10.08]"
3396,26.63,0.1479643576788606,Highly Persuadable,"[0, 5, 10, 15, 20, 25, 30]","[None, None, None, None, None, None, None]","[0.0, 1.33, 2.66, 3.99, 5.33, 6.66, 7.99]"
1266,32.14,0.170914384008833,Highly Persuadable,"[0, 5, 10, 15, 20, 25, 30]","[None, None, None, None, None, None, None]","[0.0, 1.61, 3.21, 4.82, 6.43, 8.04, 9.64]"
484,39.91,0.0787934140754759,Persuadable,"[0, 5, 10, 15, 20, 25, 30]","[None, None, None, None, None, None, None]","[0.0, 2.0, 3.99, 5.99, 7.98, 9.98, 11.97]"
4348,26.13,-0.079690434520509,Not Persuadable,"[0, 5, 10, 15, 20, 25, 30]","[None, None, None, None, None, None, None]","[0.0, 1.31, 2.61, 3.92, 5.23, 6.53, 7.84]"
2964,21.26,0.0263023554660419,Persuadable,"[0, 5, 10, 15, 20, 25, 30]","[None, None, None, None, None, None, None]","[0.0, 1.06, 2.13, 3.19, 4.25, 5.32, 6.38]"
1220,31.18,-0.0328890543231531,Not Persuadable,"[0, 5, 10, 15, 20, 25, 30]","[None, None, None, None, None, None, None]","[0.0, 1.56, 3.12, 4.68, 6.24, 7.79, 9.35]"
278,37.4,-0.0248055207989999,Not Persuadable,"[0, 5, 10, 15, 20, 25, 30]","[None, None, None, None, None, None, None]","[0.0, 1.87, 3.74, 5.61, 7.48, 9.35, 11.22]"
989,37.19,0.127640553185204,Highly Persuadable,"[0, 5, 10, 15, 20, 25, 30]","[None, None, None, None, None, None, None]","[0.0, 1.86, 3.72, 5.58, 7.44, 9.3, 11.16]"
2085,43.13,0.0170070648757389,Persuadable,"[0, 5, 10, 15, 20, 25, 30]","[None, None, None, None, None, None, None]","[0.0, 2.16, 4.31, 6.47, 8.63, 10.78, 12.94]"
1246,46.61,-0.0093023028653222,Not Persuadable,"[0, 5, 10, 15, 20, 25, 30]","[None, None, None, None, None, None, None]","[0.0, 2.33, 4.66, 6.99, 9.32, 11.65, 13.98]"
2383,42.98,-0.0083454835249765,Not Persuadable,"[0, 5, 10, 15, 20, 25, 30]","[None, None, None, None, None, None, None]","[0.0, 2.15, 4.3, 6.45, 8.6, 10.74, 12.89]"
572,45.19,0.0429484344138919,Persuadable,"[0, 5, 10, 15, 20, 25, 30]","[None, None, None, None, None, None, None]","[0.0, 2.26, 4.52, 6.78, 9.04, 11.3, 13.56]"
1436,46.51,0.041014265812439,Persuadable,"[0, 5, 10, 15, 20, 25, 30]","[None, None, None, None, None, None, None]","[0.0, 2.33, 4.65, 6.98, 9.3, 11.63, 13.95]"
994,54.15,-0.0883548674811381,Not Persuadable,"[0, 5, 10, 15, 20, 25, 30]","[None, None, None, None, None, None, None]","[0.0, 2.71, 5.42, 8.12, 10.83, 13.54, 16.24]"
3468,24.58,0.0312132674840923,Persuadable,"[0, 5, 10, 15, 20, 25, 30]","[None, None, None, None, None, None, None]","[0.0, 1.23, 2.46, 3.69, 4.92, 6.14, 7.37]"
3998,28.15,0.0564300975892022,Persuadable,"[0, 5, 10, 15, 20, 25, 30]","[None, None, None, None, None, None, None]","[0.0, 1.41, 2.81, 4.22, 5.63, 7.04, 8.44]"
586,46.63,-0.0235832634117984,Not Persuadable,"[0, 5, 10, 15, 20, 25, 30]","[None, None, None, None, None, None, None]","[0.0, 2.33, 4.66, 6.99, 9.33, 11.66, 13.99]"
3677,27.08,0.045791134649285,Persuadable,"[0, 5, 10, 15, 20, 25, 30]","[None, None, None, None, None, None, None]","[0.0, 1.35, 2.71, 4.06, 5.42, 6.77, 8.12]"
2515,51.79,0.0099470869438991,Persuadable,"[0, 5, 10, 15, 20, 25, 30]","[None, None, None, None, None, None, None]","[0.0, 2.59, 5.18, 7.77, 10.36, 12.95, 15.54]"
1350,34.52,0.0418598366826856,Persuadable,"[0, 5, 10, 15, 20, 25, 30]","[None, None, None, None, None, None, None]","[0.0, 1.73, 3.45, 5.18, 6.9, 8.63, 10.36]"
1008,26.83,-0.0250947506221155,Not Persuadable,"[0, 5, 10, 15, 20, 25, 30]","[None, None, None, None, None, None, None]","[0.0, 1.34, 2.68, 4.02, 5.37, 6.71, 8.05]"
675,31.85,0.0843856791134464,Persuadable,"[0, 5, 10, 15, 20, 25, 30]","[None, None, None, None, None, None, None]","[0.0, 1.59, 3.19, 4.78, 6.37, 7.96, 9.55]"
2413,28.45,0.162369015806551,Highly Persuadable,"[0, 5, 10, 15, 20, 25, 30]","[None, None, None, None, None, None, None]","[0.0, 1.42, 2.85, 4.27, 5.69, 7.11, 8.54]"
2904,39.28,0.0999180697149439,Persuadable,"[0, 5, 10, 15, 20, 25, 30]","[None, None, None, None, None, None, None]","[0.0, 1.96, 3.93, 5.89, 7.86, 9.82, 11.78]"
448,32.74,-0.0450795047365274,Not Persuadable,"[0, 5, 10, 15, 20, 25, 30]","[None, None, None, None, None, None, None]","[0.0, 1.64, 3.27, 4.91, 6.55, 8.19, 9.82]"
3489,27.63,0.1057582989247953,Highly Persuadable,"[0, 5, 10, 15, 20, 25, 30]","[None, None, None, None, None, None, None]","[0.0, 1.38, 2.76, 4.14, 5.53, 6.91, 8.29]"
4905,42.86,-0.0446847914389288,Not Persuadable,"[0, 5, 10, 15, 20, 25, 30]","[None, None, None, None, None, None, None]","[0.0, 2.14, 4.29, 6.43, 8.57, 10.71, 12.86]"
3722,34.28,0.1317737413545674,Highly Persuadable,"[0, 5, 10, 15, 20, 25, 30]","[None, None, None, None, None, None, None]","[0.0, 1.71, 3.43, 5.14, 6.86, 8.57, 10.28]"
360,34.57,-0.0026711243067161,Not Persuadable,"[0, 5, 10, 15, 20, 25, 30]","[None, None, None, None, None, None, None]","[0.0, 1.73, 3.46, 5.19, 6.91, 8.64, 10.37]"
2065,56.11,0.0797271989039877,Persuadable,"[0, 5, 10, 15, 20, 25, 30]","[None, None, None, None, None, None, None]","[0.0, 2.81, 5.61, 8.42, 11.22, 14.03, 16.83]"
4460,58.03,0.0519546251650651,Persuadable,"[0, 5, 10, 15, 20, 25, 30]","[None, None, None, None, None, None, None]","[0.0, 2.9, 5.8, 8.7, 11.61, 14.51, 17.41]"
3829,17.98,0.064743699907048,Persuadable,"[0, 5, 10, 15, 20, 25, 30]","[None, None, None, None, None, None, None]","[0.0, 0.9, 1.8, 2.7, 3.6, 4.5, 5.39]"
1691,34.44,-0.0159218570860849,Not Persuadable,"[0, 5, 10, 15, 20, 25, 30]","[None, None, None, None, None, None, None]","[0.0, 1.72, 3.44, 5.17, 6.89, 8.61, 10.33]"
4337,33.76,0.032097771897581,Persuadable,"[0, 5, 10, 15, 20, 25, 30]","[None, None, None, None, None, None, None]","[0.0, 1.69, 3.38, 5.06, 6.75, 8.44, 10.13]"
1549,29.47,0.0897583886499542,Persuadable,"[0, 5, 10, 15, 20, 25, 30]","[None, None, None, None, None, None, None]","[0.0, 1.47, 2.95, 4.42, 5.89, 7.37, 8.84]"
1248,29.46,0.1627994092384477,Highly Persuadable,"[0, 5, 10, 15, 20, 25, 30]","[None, None, None, None, None, None, None]","[0.0, 1.47, 2.95, 4.42, 5.89, 7.37, 8.84]"
1986,42.7,0.0577537009240712,Persuadable,"[0, 5, 10, 15, 20, 25, 30]","[None, None, None, None, None, None, None]","[0.0, 2.14, 4.27, 6.41, 8.54, 10.68, 12.81]"
295,15.57,0.0415357570146676,Persuadable,"[0, 5, 10, 15, 20, 25, 30]","[None, None, None, None, None, None, None]","[0.0, 0.78, 1.56, 2.34, 3.11, 3.89, 4.67]"
1548,44.89,-0.0225169228590302,Not Persuadable,"[0, 5, 10, 15, 20, 25, 30]","[None, None, None, None, None, None, None]","[0.0, 2.24, 4.49, 6.73, 8.98, 11.22, 13.47]"
2013,47.12,0.019407407386085,Persuadable,"[0, 5, 10, 15, 20, 25, 30]","[None, None, None, None, None, None, None]","[0.0, 2.36, 4.71, 7.07, 9.42, 11.78, 14.14]"
589,46.29,-0.0088217821048678,Not Persuadable,"[0, 5, 10, 15, 20, 25, 30]","[None, None, None, None, None, None, None]","[0.0, 2.31, 4.63, 6.94, 9.26, 11.57, 13.89]"
3330,49.8,-0.014320508749918,Not Persuadable,"[0, 5, 10, 15, 20, 25, 30]","[None, None, None, None, None, None, None]","[0.0, 2.49, 4.98, 7.47, 9.96, 12.45, 14.94]"
2404,34.99,0.0601450625136237,Persuadable,"[0, 5, 10, 15, 20, 25, 30]","[None, None, None, None, None, None, None]","[0.0, 1.75, 3.5, 5.25, 7.0, 8.75, 10.5]"
2130,33.78,0.1793564479560497,Highly Persuadable,"[0, 5, 10, 15, 20, 25, 30]","[None, None, None, None, None, None, None]","[0.0, 1.69, 3.38, 5.07, 6.76, 8.45, 10.13]"
4399,33.34,0.1472699065243114,Highly Persuadable,"[0, 5, 10, 15, 20, 25, 30]","[None, None, None, None, None, None, None]","[0.0, 1.67, 3.33, 5.0, 6.67, 8.34, 10.0]"
2411,39.12,0.015642031699659,Persuadable,"[0, 5, 10, 15, 20, 25, 30]","[None, None, None, None, None, None, None]","[0.0, 1.96, 3.91, 5.87, 7.82, 9.78, 11.74]"
2720,20.28,-0.0576199590236944,Not Persuadable,"[0, 5, 10, 15, 20, 25, 30]","[None, None, None, None, None, None, None]","[0.0, 1.01, 2.03, 3.04, 4.06, 5.07, 6.08]"
4565,35.59,0.1744462734260032,Highly Persuadable,"[0, 5, 10, 15, 20, 25, 30]","[None, None, None, None, None, None, None]","[0.0, 1.78, 3.56, 5.34, 7.12, 8.9, 10.68]"
426,28.25,0.0191706067214374,Persuadable,"[0, 5, 10, 15, 20, 25, 30]","[None, None, None, None, None, None, None]","[0.0, 1.41, 2.83, 4.24, 5.65, 7.06, 8.47]"
2583,37.65,0.0926653528377527,Persuadable,"[0, 5, 10, 15, 20, 25, 30]","[None, None, None, None, None, None, None]","[0.0, 1.88, 3.77, 5.65, 7.53, 9.41, 11.29]"
1055,32.87,0.0597712237262598,Persuadable,"[0, 5, 10, 15, 20, 25, 30]","[None, None, None, None, None, None, None]","[0.0, 1.64, 3.29, 4.93, 6.57, 8.22, 9.86]"
3985,26.64,0.125191339680681,Highly Persuadable,"[0, 5, 10, 15, 20, 25, 30]","[None, None, None, None, None, None, None]","[0.0, 1.33, 2.66, 4.0, 5.33, 6.66, 7.99]"
4573,50.19,-0.126035698563633,Not Persuadable,"[0, 5, 10, 15, 20, 25, 30]","[None, None, None, None, None, None, None]","[0.0, 2.51, 5.02, 7.53, 10.04, 12.55, 15.06]"
557,35.35,0.0076089614675075,Persuadable,"[0, 5, 10, 15, 20, 25, 30]","[None, None, None, None, None, None, None]","[0.0, 1.77, 3.54, 5.3, 7.07, 8.84, 10.61]"
4369,25.27,0.0293697127865273,Persuadable,"[0, 5, 10, 15, 20, 25, 30]","[None, None, None, None, None, None, None]","[0.0, 1.26, 2.53, 3.79, 5.05, 6.32, 7.58]"
3957,29.55,0.1767386552638541,Highly Persuadable,"[0, 5, 10, 15, 20, 25, 30]","[None, None, None, None, None, None, None]","[0.0, 1.48, 2.96, 4.43, 5.91, 7.39, 8.87]"
4723,36.0,0.1470446895284366,Highly Persuadable,"[0, 5, 10, 15, 20, 25, 30]","[None, None, None, None, None, None, None]","[0.0, 1.8, 3.6, 5.4, 7.2, 9.0, 10.8]"
2470,40.68,0.167472693492879,Highly Persuadable,"[0, 5, 10, 15, 20, 25, 30]","[None, None, None, None, None, None, None]","[0.0, 2.03, 4.07, 6.1, 8.14, 10.17, 12.2]"
4721,46.04,0.01057488053601,Persuadable,"[0, 5, 10, 15, 20, 25, 30]","[None, None, None, None, None, None, None]","[0.0, 2.3, 4.6, 6.91, 9.21, 11.51, 13.81]"
356,49.36,-0.0047855917197163,Not Persuadable,"[0, 5, 10, 15, 20, 25, 30]","[None, None, None, None, None, None, None]","[0.0, 2.47, 4.94, 7.4, 9.87, 12.34, 14.81]"
1194,45.32,0.1305305665186297,Highly Persuadable,"[0, 5, 10, 15, 20, 25, 30]","[None, None, None, None, None, None, None]","[0.0, 2.27, 4.53, 6.8, 9.06, 11.33, 13.6]"
1717,49.97,0.0289356674497115,Persuadable,"[0, 5, 10, 15, 20, 25, 30]","[None, None, None, None, None, None, None]","[0.0, 2.5, 5.0, 7.5, 9.99, 12.49, 14.99]"
3417,34.59,0.0553017267226829,Persuadable,"[0, 5, 10, 15, 20, 25, 30]","[None, None, None, None, None, None, None]","[0.0, 1.73, 3.46, 5.19, 6.92, 8.65, 10.38]"
2605,44.22,0.0490642400276795,Persuadable,"[0, 5, 10, 15, 20, 25, 30]","[None, None, None, None, None, None, None]","[0.0, 2.21, 4.42, 6.63, 8.84, 11.05, 13.27]"
4359,40.51,0.0711071269726985,Persuadable,"[0, 5, 10, 15, 20, 25, 30]","[None, None, None, None, None, None, None]","[0.0, 2.03, 4.05, 6.08, 8.1, 10.13, 12.15]"
2829,48.69,-0.1093422056505407,Not Persuadable,"[0, 5, 10, 15, 20, 25, 30]","[None, None, None, None, None, None, None]","[0.0, 2.43, 4.87, 7.3, 9.74, 12.17, 14.61]"
1705,35.58,0.0490946775299636,Persuadable,"[0, 5, 10, 15, 20, 25, 30]","[None, None, None, None, None, None, None]","[0.0, 1.78, 3.56, 5.34, 7.12, 8.89, 10.67]"
2864,35.4,-0.138363427522498,Not Persuadable,"[0, 5, 10, 15, 20, 25, 30]","[None, None, None, None, None, None, None]","[0.0, 1.77, 3.54, 5.31, 7.08, 8.85, 10.62]"
2619,28.28,0.0057216646895636,Persuadable,"[0, 5, 10, 15, 20, 25, 30]","[None, None, None, None, None, None, None]","[0.0, 1.41, 2.83, 4.24, 5.66, 7.07, 8.48]"
2401,39.8,0.1042846500017712,Highly Persuadable,"[0, 5, 10, 15, 20, 25, 30]","[None, None, None, None, None, None, None]","[0.0, 1.99, 3.98, 5.97, 7.96, 9.95, 11.94]"
2140,50.81,0.0478264569354105,Persuadable,"[0, 5, 10, 15, 20, 25, 30]","[None, None, None, None, None, None, None]","[0.0, 2.54, 5.08, 7.62, 10.16, 12.7, 15.24]"
3240,36.0,-0.0096731027225515,Not Persuadable,"[0, 5, 10, 15, 20, 25, 30]","[None, None, None, None, None, None, None]","[0.0, 1.8, 3.6, 5.4, 7.2, 9.0, 10.8]"
2384,37.86,0.0092641545884439,Persuadable,"[0, 5, 10, 15, 20, 25, 30]","[None, None, None, None, None, None, None]","[0.0, 1.89, 3.79, 5.68, 7.57, 9.46, 11.36]"
3219,54.43,-0.0234621086476686,Not Persuadable,"[0, 5, 10, 15, 20, 25, 30]","[None, None, None, None, None, None, None]","[0.0, 2.72, 5.44, 8.16, 10.89, 13.61, 16.33]"
4193,30.62,0.1422153376605494,Highly Persuadable,"[0, 5, 10, 15, 20, 25, 30]","[None, None, None, None, None, None, None]","[0.0, 1.53, 3.06, 4.59, 6.12, 7.66, 9.19]"
1286,34.84,0.120377088080027,Highly Persuadable,"[0, 5, 10, 15, 20, 25, 30]","[None, None, None, None, None, None, None]","[0.0, 1.74, 3.48, 5.23, 6.97, 8.71, 10.45]"
3815,55.53,0.0731066069843615,Persuadable,"[0, 5, 10, 15, 20, 25, 30]","[None, None, None, None, None, None, None]","[0.0, 2.78, 5.55, 8.33, 11.11, 13.88, 16.66]"
3859,40.09,0.0829343716122066,Persuadable,"[0, 5, 10, 15, 20, 25, 30]","[None, None, None, None, None, None, None]","[0.0, 2.0, 4.01, 6.01, 8.02, 10.02, 12.03]"
4479,52.21,0.0524549080697314,Persuadable,"[0, 5, 10, 15, 20, 25, 30]","[None, None, None, None, None, None, None]","[0.0, 2.61, 5.22, 7.83, 10.44, 13.05, 15.66]"
2088,22.07,0.0228856777163486,Persuadable,"[0, 5, 10, 15, 20, 25, 30]","[None, None, None, None, None, None, None]","[0.0, 1.1, 2.21, 3.31, 4.41, 5.52, 6.62]"
1890,37.26,0.0436717305783552,Persuadable,"[0, 5, 10, 15, 20, 25, 30]","[None, None, None, None, None, None, None]","[0.0, 1.86, 3.73, 5.59, 7.45, 9.31, 11.18]"
4900,28.51,-0.0388533224799973,Not Persuadable,"[0, 5, 10, 15, 20, 25, 30]","[None, None, None, None, None, None, None]","[0.0, 1.43, 2.85, 4.28, 5.7, 7.13, 8.55]"
1592,37.2,0.0474975386910677,Persuadable,"[0, 5, 10, 15, 20, 25, 30]","[None, None, None, None, None, None, None]","[0.0, 1.86, 3.72, 5.58, 7.44, 9.3, 11.16]"
1347,35.39,0.027243063437101,Persuadable,"[0, 5, 10, 15, 20, 25, 30]","[None, None, None, None, None, None, None]","[0.0, 1.77, 3.54, 5.31, 7.08, 8.85, 10.62]"
4442,40.65,-0.0666994028944874,Not Persuadable,"[0, 5, 10, 15, 20, 25, 30]","[None, None, None, None, None, None, None]","[0.0, 2.03, 4.07, 6.1, 8.13, 10.16, 12.19]"
2163,38.44,0.0610585604699638,Persuadable,"[0, 5, 10, 15, 20, 25, 30]","[None, None, None, None, None, None, None]","[0.0, 1.92, 3.84, 5.77, 7.69, 9.61, 11.53]"
2397,44.37,-0.0673243621152619,Not Persuadable,"[0, 5, 10, 15, 20, 25, 30]","[None, None, None, None, None, None, None]","[0.0, 2.22, 4.44, 6.66, 8.87, 11.09, 13.31]"
3662,49.03,-0.1177308456453066,Not Persuadable,"[0, 5, 10, 15, 20, 25, 30]","[None, None, None, None, None, None, None]","[0.0, 2.45, 4.9, 7.35, 9.81, 12.26, 14.71]"
2272,42.73,0.0264026428188599,Persuadable,"[0, 5, 10, 15, 20, 25, 30]","[None, None, None, None, None, None, None]","[0.0, 2.14, 4.27, 6.41, 8.55, 10.68, 12.82]"
4501,35.16,0.0392631681101694,Persuadable,"[0, 5, 10, 15, 20, 25, 30]","[None, None, None, None, None, None, None]","[0.0, 1.76, 3.52, 5.27, 7.03, 8.79, 10.55]"
3112,38.71,-0.1565047183927573,Not Persuadable,"[0, 5, 10, 15, 20, 25, 30]","[None, None, None, None, None, None, None]","[0.0, 1.94, 3.87, 5.81, 7.74, 9.68, 11.61]"
1138,26.51,0.1574917003891994,Highly Persuadable,"[0, 5, 10, 15, 20, 25, 30]","[None, None, None, None, None, None, None]","[0.0, 1.33, 2.65, 3.98, 5.3, 6.63, 7.95]"
4594,45.73,0.0453718790776477,Persuadable,"[0, 5, 10, 15, 20, 25, 30]","[None, None, None, None, None, None, None]","[0.0, 2.29, 4.57, 6.86, 9.15, 11.43, 13.72]"
973,24.61,0.0312511571465854,Persuadable,"[0, 5, 10, 15, 20, 25, 30]","[None, None, None, None, None, None, None]","[0.0, 1.23, 2.46, 3.69, 4.92, 6.15, 7.38]"
796,28.65,0.1112709891947878,Highly Persuadable,"[0, 5, 10, 15, 20, 25, 30]","[None, None, None, None, None, None, None]","[0.0, 1.43, 2.87, 4.3, 5.73, 7.16, 8.59]"
3021,48.42,-0.0762151338360314,Not Persuadable,"[0, 5, 10, 15, 20, 25, 30]","[None, None, None, None, None, None, None]","[0.0, 2.42, 4.84, 7.26, 9.68, 12.11, 14.53]"
1712,22.56,-0.0646618289446857,Not Persuadable,"[0, 5, 10, 15, 20, 25, 30]","[None, None, None, None, None, None, None]","[0.0, 1.13, 2.26, 3.38, 4.51, 5.64, 6.77]"
3388,34.51,-0.0112216623858513,Not Persuadable,"[0, 5, 10, 15, 20, 25, 30]","[None, None, None, None, None, None, None]","[0.0, 1.73, 3.45, 5.18, 6.9, 8.63, 10.35]"
37,53.75,-0.0171225723630336,Not Persuadable,"[0, 5, 10, 15, 20, 25, 30]","[None, None, None, None, None, None, None]","[0.0, 2.69, 5.38, 8.06, 10.75, 13.44, 16.12]"
454,31.69,0.0213838620772101,Persuadable,"[0, 5, 10, 15, 20, 25, 30]","[None, None, None, None, None, None, None]","[0.0, 1.58, 3.17, 4.75, 6.34, 7.92, 9.51]"
914,30.68,0.0570232488898755,Persuadable,"[0, 5, 10, 15, 20, 25, 30]","[None, None, None, None, None, None, None]","[0.0, 1.53, 3.07, 4.6, 6.14, 7.67, 9.2]"
4099,33.33,0.0512414275099809,Persuadable,"[0, 5, 10, 15, 20, 25, 30]","[None, None, None, None, None, None, None]","[0.0, 1.67, 3.33, 5.0, 6.67, 8.33, 10.0]"
1200,39.85,0.0269482212132022,Persuadable,"[0, 5, 10, 15, 20, 25, 30]","[None, None, None, None, None, None, None]","[0.0, 1.99, 3.99, 5.98, 7.97, 9.96, 11.96]"
1275,29.42,0.0597694195748721,Persuadable,"[0, 5, 10, 15, 20, 25, 30]","[None, None, None, None, None, None, None]","[0.0, 1.47, 2.94, 4.41, 5.88, 7.36, 8.83]"
2376,41.04,-0.0902007818366347,Not Persuadable,"[0, 5, 10, 15, 20, 25, 30]","[None, None, None, None, None, None, None]","[0.0, 2.05, 4.1, 6.16, 8.21, 10.26, 12.31]"
38,36.35,0.0371517106990438,Persuadable,"[0, 5, 10, 15, 20, 25, 30]","[None, None, None, None, None, None, None]","[0.0, 1.82, 3.64, 5.45, 7.27, 9.09, 10.9]"
975,42.91,0.0321354282132182,Persuadable,"[0, 5, 10, 15, 20, 25, 30]","[None, None, None, None, None, None, None]","[0.0, 2.15, 4.29, 6.44, 8.58, 10.73, 12.87]"
3196,45.99,0.1101566810236679,Highly Persuadable,"[0, 5, 10, 15, 20, 25, 30]","[None, None, None, None, None, None, None]","[0.0, 2.3, 4.6, 6.9, 9.2, 11.5, 13.8]"
984,56.76,0.0366290266938926,Persuadable,"[0, 5, 10, 15, 20, 25, 30]","[None, None, None, None, None, None, None]","[0.0, 2.84, 5.68, 8.51, 11.35, 14.19, 17.03]"
3923,39.29,-0.0192894508633679,Not Persuadable,"[0, 5, 10, 15, 20, 25, 30]","[None, None, None, None, None, None, None]","[0.0, 1.96, 3.93, 5.89, 7.86, 9.82, 11.79]"
4088,18.4,0.0550674829574571,Persuadable,"[0, 5, 10, 15, 20, 25, 30]","[None, None, None, None, None, None, None]","[0.0, 0.92, 1.84, 2.76, 3.68, 4.6, 5.52]"
1419,57.39,0.0286072645286096,Persuadable,"[0, 5, 10, 15, 20, 25, 30]","[None, None, None, None, None, None, None]","[0.0, 2.87, 5.74, 8.61, 11.48, 14.35, 17.22]"
3333,56.26,-0.0124603339654109,Not Persuadable,"[0, 5, 10, 15, 20, 25, 30]","[None, None, None, None, None, None, None]","[0.0, 2.81, 5.63, 8.44, 11.25, 14.06, 16.88]"
1561,29.19,0.0722231288868282,Persuadable,"[0, 5, 10, 15, 20, 25, 30]","[None, None, None, None, None, None, None]","[0.0, 1.46, 2.92, 4.38, 5.84, 7.3, 8.76]"
40,38.25,0.0510996198748076,Persuadable,"[0, 5, 10, 15, 20, 25, 30]","[None, None, None, None, None, None, None]","[0.0, 1.91, 3.83, 5.74, 7.65, 9.56, 11.47]"
1487,30.39,0.2271974349737084,Highly Persuadable,"[0, 5, 10, 15, 20, 25, 30]","[None, None, None, None, None, None, None]","[0.0, 1.52, 3.04, 4.56, 6.08, 7.6, 9.12]"
3902,24.34,0.1151313089537465,Highly Persuadable,"[0, 5, 10, 15, 20, 25, 30]","[None, None, None, None, None, None, None]","[0.0, 1.22, 2.43, 3.65, 4.87, 6.08, 7.3]"
170,45.03,-0.0004237191321856,Not Persuadable,"[0, 5, 10, 15, 20, 25, 30]","[None, None, None, None, None, None, None]","[0.0, 2.25, 4.5, 6.75, 9.01, 11.26, 13.51]"
1356,38.47,0.1797088137380874,Highly Persuadable,"[0, 5, 10, 15, 20, 25, 30]","[None, None, None, None, None, None, None]","[0.0, 1.92, 3.85, 5.77, 7.69, 9.62, 11.54]"
2786,64.59,0.0176092680023715,Persuadable,"[0, 5, 10, 15, 20, 25, 30]","[None, None, None, None, None, None, None]","[0.0, 3.23, 6.46, 9.69, 12.92, 16.15, 19.38]"
3651,37.86,0.0926544008649352,Persuadable,"[0, 5, 10, 15, 20, 25, 30]","[None, None, None, None, None, None, None]","[0.0, 1.89, 3.79, 5.68, 7.57, 9.46, 11.36]"
4759,36.16,-0.0222983760600763,Not Persuadable,"[0, 5, 10, 15, 20, 25, 30]","[None, None, None, None, None, None, None]","[0.0, 1.81, 3.62, 5.42, 7.23, 9.04, 10.85]"
4023,34.2,0.1213400051347043,Highly Persuadable,"[0, 5, 10, 15, 20, 25, 30]","[None, None, None, None, None, None, None]","[0.0, 1.71, 3.42, 5.13, 6.84, 8.55, 10.26]"
2683,44.35,-0.0026026899033827,Not Persuadable,"[0, 5, 10, 15, 20, 25, 30]","[None, None, None, None, None, None, None]","[0.0, 2.22, 4.44, 6.65, 8.87, 11.09, 13.3]"
4715,34.54,0.0846568997768155,Persuadable,"[0, 5, 10, 15, 20, 25, 30]","[None, None, None, None, None, None, None]","[0.0, 1.73, 3.45, 5.18, 6.91, 8.63, 10.36]"
4044,47.36,-0.1032123312790001,Not Persuadable,"[0, 5, 10, 15, 20, 25, 30]","[None, None, None, None, None, None, None]","[0.0, 2.37, 4.74, 7.1, 9.47, 11.84, 14.21]"
1641,43.53,-0.0579978071187869,Not Persuadable,"[0, 5, 10, 15, 20, 25, 30]","[None, None, None, None, None, None, None]","[0.0, 2.18, 4.35, 6.53, 8.71, 10.88, 13.06]"
1291,42.3,0.0753908709077694,Persuadable,"[0, 5, 10, 15, 20, 25, 30]","[None, None, None, None, None, None, None]","[0.0, 2.11, 4.23, 6.34, 8.46, 10.57, 12.69]"
1381,35.57,-0.0009243360002346,Not Persuadable,"[0, 5, 10, 15, 20, 25, 30]","[None, None, None, None, None, None, None]","[0.0, 1.78, 3.56, 5.34, 7.11, 8.89, 10.67]"
1934,43.36,0.0744378063146087,Persuadable,"[0, 5, 10, 15, 20, 25, 30]","[None, None, None, None, None, None, None]","[0.0, 2.17, 4.34, 6.5, 8.67, 10.84, 13.01]"
580,40.49,0.1272587517538777,Highly Persuadable,"[0, 5, 10, 15, 20, 25, 30]","[None, None, None, None, None, None, None]","[0.0, 2.02, 4.05, 6.07, 8.1, 10.12, 12.15]"
4230,32.38,-0.0010260052238739,Not Persuadable,"[0, 5, 10, 15, 20, 25, 30]","[None, None, None, None, None, None, None]","[0.0, 1.62, 3.24, 4.86, 6.48, 8.1, 9.71]"
3161,48.73,-0.0914127272914016,Not Persuadable,"[0, 5, 10, 15, 20, 25, 30]","[None, None, None, None, None, None, None]","[0.0, 2.44, 4.87, 7.31, 9.75, 12.18, 14.62]"
2031,41.27,0.068137774634022,Persuadable,"[0, 5, 10, 15, 20, 25, 30]","[None, None, None, None, None, None, None]","[0.0, 2.06, 4.13, 6.19, 8.25, 10.32, 12.38]"
893,55.84,0.1207802237632616,Highly Persuadable,"[0, 5, 10, 15, 20, 25, 30]","[None, None, None, None, None, None, None]","[0.0, 2.79, 5.58, 8.38, 11.17, 13.96, 16.75]"
4588,37.6,0.0465652830104721,Persuadable,"[0, 5, 10, 15, 20, 25, 30]","[None, None, None, None, None, None, None]","[0.0, 1.88, 3.76, 5.64, 7.52, 9.4, 11.28]"
781,39.36,0.0770732641189078,Persuadable,"[0, 5, 10, 15, 20, 25, 30]","[None, None, None, None, None, None, None]","[0.0, 1.97, 3.94, 5.9, 7.87, 9.84, 11.81]"
160,29.28,0.1415859563759071,Highly Persuadable,"[0, 5, 10, 15, 20, 25, 30]","[None, None, None, None, None, None, None]","[0.0, 1.46, 2.93, 4.39, 5.86, 7.32, 8.78]"
3,44.36,0.0269817923535893,Persuadable,"[0, 5, 10, 15, 20, 25, 30]","[None, None, None, None, None, None, None]","[0.0, 2.22, 4.44, 6.65, 8.87, 11.09, 13.31]"
2264,33.11,0.0218779599838346,Persuadable,"[0, 5, 10, 15, 20, 25, 30]","[None, None, None, None, None, None, None]","[0.0, 1.66, 3.31, 4.97, 6.62, 8.28, 9.93]"
3217,34.87,0.0246275578411958,Persuadable,"[0, 5, 10, 15, 20, 25, 30]","[None, None, None, None, None, None, None]","[0.0, 1.74, 3.49, 5.23, 6.97, 8.72, 10.46]"
2110,32.08,0.0583444629686134,Persuadable,"[0, 5, 10, 15, 20, 25, 30]","[None, None, None, None, None, None, None]","[0.0, 1.6, 3.21, 4.81, 6.42, 8.02, 9.62]"
850,36.38,0.0445631493749568,Persuadable,"[0, 5, 10, 15, 20, 25, 30]","[None, None, None, None, None, None, None]","[0.0, 1.82, 3.64, 5.46, 7.28, 9.1, 10.91]"
2738,41.55,0.0938161138490836,Persuadable,"[0, 5, 10, 15, 20, 25, 30]","[None, None, None, None, None, None, None]","[0.0, 2.08, 4.16, 6.23, 8.31, 10.39, 12.46]"
2467,33.64,0.1236236258746446,Highly Persuadable,"[0, 5, 10, 15, 20, 25, 30]","[None, None, None, None, None, None, None]","[0.0, 1.68, 3.36, 5.05, 6.73, 8.41, 10.09]"
4010,26.66,0.0176596238101067,Persuadable,"[0, 5, 10, 15, 20, 25, 30]","[None, None, None, None, None, None, None]","[0.0, 1.33, 2.67, 4.0, 5.33, 6.67, 8.0]"
3669,22.23,0.0792054847661988,Persuadable,"[0, 5, 10, 15, 20, 25, 30]","[None, None, None, None, None, None, None]","[0.0, 1.11, 2.22, 3.33, 4.45, 5.56, 6.67]"
1597,32.54,0.0226187991576477,Persuadable,"[0, 5, 10, 15, 20, 25, 30]","[None, None, None, None, None, None, None]","[0.0, 1.63, 3.25, 4.88, 6.51, 8.13, 9.76]"
1777,24.39,0.0290205716966858,Persuadable,"[0, 5, 10, 15, 20, 25, 30]","[None, None, None, None, None, None, None]","[0.0, 1.22, 2.44, 3.66, 4.88, 6.1, 7.32]"
1914,48.4,-0.0107742871545452,Not Persuadable,"[0, 5, 10, 15, 20, 25, 30]","[None, None, None, None, None, None, None]","[0.0, 2.42, 4.84, 7.26, 9.68, 12.1, 14.52]"
1044,28.64,0.060767937608631,Persuadable,"[0, 5, 10, 15, 20, 25, 30]","[None, None, None, None, None, None, None]","[0.0, 1.43, 2.86, 4.3, 5.73, 7.16, 8.59]"
4783,37.1,-0.0401491578738396,Not Persuadable,"[0, 5, 10, 15, 20, 25, 30]","[None, None, None, None, None, None, None]","[0.0, 1.86, 3.71, 5.57, 7.42, 9.28, 11.13]"
1545,56.04,0.1058564278871185,Highly Persuadable,"[0, 5, 10, 15, 20, 25, 30]","[None, None, None, None, None, None, None]","[0.0, 2.8, 5.6, 8.41, 11.21, 14.01, 16.81]"
2737,37.53,-0.0153002044995763,Not Persuadable,"[0, 5, 10, 15, 20, 25, 30]","[None, None, None, None, None, None, None]","[0.0, 1.88, 3.75, 5.63, 7.51, 9.38, 11.26]"
3725,54.39,0.1009814829776482,Highly Persuadable,"[0, 5, 10, 15, 20, 25, 30]","[None, None, None, None, None, None, None]","[0.0, 2.72, 5.44, 8.16, 10.88, 13.6, 16.32]"
4628,51.92,-0.0258058312405073,Not Persuadable,"[0, 5, 10, 15, 20, 25, 30]","[None, None, None, None, None, None, None]","[0.0, 2.6, 5.19, 7.79, 10.38, 12.98, 15.58]"
54,35.38,0.1191985027858122,Highly Persuadable,"[0, 5, 10, 15, 20, 25, 30]","[None, None, None, None, None, None, None]","[0.0, 1.77, 3.54, 5.31, 7.08, 8.85, 10.61]"
1797,39.98,0.1575186787454398,Highly Persuadable,"[0, 5, 10, 15, 20, 25, 30]","[None, None, None, None, None, None, None]","[0.0, 2.0, 4.0, 6.0, 8.0, 9.99, 11.99]"
3589,25.1,0.0206764980410808,Persuadable,"[0, 5, 10, 15, 20, 25, 30]","[None, None, None, None, None, None, None]","[0.0, 1.26, 2.51, 3.77, 5.02, 6.28, 7.53]"
1912,36.87,0.0703918814147869,Persuadable,"[0, 5, 10, 15, 20, 25, 30]","[None, None, None, None, None, None, None]","[0.0, 1.84, 3.69, 5.53, 7.37, 9.22, 11.06]"
2307,50.32,0.0385859338333536,Persuadable,"[0, 5, 10, 15, 20, 25, 30]","[None, None, None, None, None, None, None]","[0.0, 2.52, 5.03, 7.55, 10.06, 12.58, 15.1]"
2554,28.65,0.0462256053167606,Persuadable,"[0, 5, 10, 15, 20, 25, 30]","[None, None, None, None, None, None, None]","[0.0, 1.43, 2.87, 4.3, 5.73, 7.16, 8.59]"
2801,40.38,0.0482509017093915,Persuadable,"[0, 5, 10, 15, 20, 25, 30]","[None, None, None, None, None, None, None]","[0.0, 2.02, 4.04, 6.06, 8.08, 10.1, 12.11]"
937,32.95,0.2040303830316596,Highly Persuadable,"[0, 5, 10, 15, 20, 25, 30]","[None, None, None, None, None, None, None]","[0.0, 1.65, 3.3, 4.94, 6.59, 8.24, 9.88]"
4439,43.85,0.0554947544245392,Persuadable,"[0, 5, 10, 15, 20, 25, 30]","[None, None, None, None, None, None, None]","[0.0, 2.19, 4.39, 6.58, 8.77, 10.96, 13.15]"
825,29.34,0.1894964615768279,Highly Persuadable,"[0, 5, 10, 15, 20, 25, 30]","[None, None, None, None, None, None, None]","[0.0, 1.47, 2.93, 4.4, 5.87, 7.33, 8.8]"
4744,43.92,0.0001974567114622,Persuadable,"[0, 5, 10, 15, 20, 25, 30]","[None, None, None, None, None, None, None]","[0.0, 2.2, 4.39, 6.59, 8.78, 10.98, 13.18]"
3179,33.06,0.2042263128638412,Highly Persuadable,"[0, 5, 10, 15, 20, 25, 30]","[None, None, None, None, None, None, None]","[0.0, 1.65, 3.31, 4.96, 6.61, 8.27, 9.92]"
3402,52.93,0.1086925269619271,Highly Persuadable,"[0, 5, 10, 15, 20, 25, 30]","[None, None, None, None, None, None, None]","[0.0, 2.65, 5.29, 7.94, 10.59, 13.23, 15.88]"
1390,41.3,0.0549120918872602,Persuadable,"[0, 5, 10, 15, 20, 25, 30]","[None, None, None, None, None, None, None]","[0.0, 2.06, 4.13, 6.19, 8.26, 10.32, 12.39]"
3565,34.86,-0.0136070671745278,Not Persuadable,"[0, 5, 10, 15, 20, 25, 30]","[None, None, None, None, None, None, None]","[0.0, 1.74, 3.49, 5.23, 6.97, 8.71, 10.46]"
4887,34.17,-0.0077131966960283,Not Persuadable,"[0, 5, 10, 15, 20, 25, 30]","[None, None, None, None, None, None, None]","[0.0, 1.71, 3.42, 5.13, 6.83, 8.54, 10.25]"
885,38.49,0.0936232806544041,Persuadable,"[0, 5, 10, 15, 20, 25, 30]","[None, None, None, None, None, None, None]","[0.0, 1.92, 3.85, 5.77, 7.7, 9.62, 11.55]"
4358,30.77,0.0735218868085078,Persuadable,"[0, 5, 10, 15, 20, 25, 30]","[None, None, None, None, None, None, None]","[0.0, 1.54, 3.08, 4.62, 6.15, 7.69, 9.23]"
1608,36.78,0.1342734944730815,Highly Persuadable,"[0, 5, 10, 15, 20, 25, 30]","[None, None, None, None, None, None, None]","[0.0, 1.84, 3.68, 5.52, 7.36, 9.2, 11.03]"
1595,21.48,0.0993491987497123,Persuadable,"[0, 5, 10, 15, 20, 25, 30]","[None, None, None, None, None, None, None]","[0.0, 1.07, 2.15, 3.22, 4.3, 5.37, 6.44]"
772,47.7,-0.0930657817443359,Not Persuadable,"[0, 5, 10, 15, 20, 25, 30]","[None, None, None, None, None, None, None]","[0.0, 2.39, 4.77, 7.16, 9.54, 11.93, 14.31]"
2612,44.91,-0.1395131073194206,Not Persuadable,"[0, 5, 10, 15, 20, 25, 30]","[None, None, None, None, None, None, None]","[0.0, 2.25, 4.49, 6.74, 8.98, 11.23, 13.47]"
3873,24.56,0.0415624648860342,Persuadable,"[0, 5, 10, 15, 20, 25, 30]","[None, None, None, None, None, None, None]","[0.0, 1.23, 2.46, 3.68, 4.91, 6.14, 7.37]"
2274,38.37,0.086661684155921,Persuadable,"[0, 5, 10, 15, 20, 25, 30]","[None, None, None, None, None, None, None]","[0.0, 1.92, 3.84, 5.76, 7.67, 9.59, 11.51]"
1869,33.61,0.076965306503339,Persuadable,"[0, 5, 10, 15, 20, 25, 30]","[None, None, None, None, None, None, None]","[0.0, 1.68, 3.36, 5.04, 6.72, 8.4, 10.08]"
1086,40.3,0.022318844765373,Persuadable,"[0, 5, 10, 15, 20, 25, 30]","[None, None, None, None, None, None, None]","[0.0, 2.02, 4.03, 6.04, 8.06, 10.07, 12.09]"
11,45.72,-0.0797740420095248,Not Persuadable,"[0, 5, 10, 15, 20, 25, 30]","[None, None, None, None, None, None, None]","[0.0, 2.29, 4.57, 6.86, 9.14, 11.43, 13.72]"
3847,37.23,0.0046405022897874,Persuadable,"[0, 5, 10, 15, 20, 25, 30]","[None, None, None, None, None, None, None]","[0.0, 1.86, 3.72, 5.58, 7.45, 9.31, 11.17]"
1326,61.19,0.0883199473653459,Persuadable,"[0, 5, 10, 15, 20, 25, 30]","[None, None, None, None, None, None, None]","[0.0, 3.06, 6.12, 9.18, 12.24, 15.3, 18.36]"
3391,32.26,0.0619154577522574,Persuadable,"[0, 5, 10, 15, 20, 25, 30]","[None, None, None, None, None, None, None]","[0.0, 1.61, 3.23, 4.84, 6.45, 8.06, 9.68]"
1464,38.48,-0.0231261752398913,Not Persuadable,"[0, 5, 10, 15, 20, 25, 30]","[None, None, None, None, None, None, None]","[0.0, 1.92, 3.85, 5.77, 7.7, 9.62, 11.54]"
807,30.96,0.0168875119719918,Persuadable,"[0, 5, 10, 15, 20, 25, 30]","[None, None, None, None, None, None, None]","[0.0, 1.55, 3.1, 4.64, 6.19, 7.74, 9.29]"
3754,33.73,0.1186222943430892,Highly Persuadable,"[0, 5, 10, 15, 20, 25, 30]","[None, None, None, None, None, None, None]","[0.0, 1.69, 3.37, 5.06, 6.75, 8.43, 10.12]"
4004,28.66,0.1540162301295753,Highly Persuadable,"[0, 5, 10, 15, 20, 25, 30]","[None, None, None, None, None, None, None]","[0.0, 1.43, 2.87, 4.3, 5.73, 7.17, 8.6]"
3790,45.14,0.0832646028859012,Persuadable,"[0, 5, 10, 15, 20, 25, 30]","[None, None, None, None, None, None, None]","[0.0, 2.26, 4.51, 6.77, 9.03, 11.29, 13.54]"
2109,39.46,0.144894937295543,Highly Persuadable,"[0, 5, 10, 15, 20, 25, 30]","[None, None, None, None, None, None, None]","[0.0, 1.97, 3.95, 5.92, 7.89, 9.87, 11.84]"
4246,39.43,0.0923183626821427,Persuadable,"[0, 5, 10, 15, 20, 25, 30]","[None, None, None, None, None, None, None]","[0.0, 1.97, 3.94, 5.91, 7.89, 9.86, 11.83]"
4967,33.11,0.0121042595097831,Persuadable,"[0, 5, 10, 15, 20, 25, 30]","[None, None, None, None, None, None, None]","[0.0, 1.66, 3.31, 4.97, 6.62, 8.28, 9.93]"
2235,19.82,-0.0438633742953735,Not Persuadable,"[0, 5, 10, 15, 20, 25, 30]","[None, None, None, None, None, None, None]","[0.0, 0.99, 1.98, 2.97, 3.96, 4.96, 5.95]"
3212,30.59,0.0180420115521131,Persuadable,"[0, 5, 10, 15, 20, 25, 30]","[None, None, None, None, None, None, None]","[0.0, 1.53, 3.06, 4.59, 6.12, 7.65, 9.18]"
964,40.93,0.0673148922013684,Persuadable,"[0, 5, 10, 15, 20, 25, 30]","[None, None, None, None, None, None, None]","[0.0, 2.05, 4.09, 6.14, 8.19, 10.23, 12.28]"
3416,38.75,-0.0933920894105352,Not Persuadable,"[0, 5, 10, 15, 20, 25, 30]","[None, None, None, None, None, None, None]","[0.0, 1.94, 3.88, 5.81, 7.75, 9.69, 11.62]"
3772,35.38,0.0822418236279572,Persuadable,"[0, 5, 10, 15, 20, 25, 30]","[None, None, None, None, None, None, None]","[0.0, 1.77, 3.54, 5.31, 7.08, 8.85, 10.61]"
399,26.2,0.0936457487239251,Persuadable,"[0, 5, 10, 15, 20, 25, 30]","[None, None, None, None, None, None, None]","[0.0, 1.31, 2.62, 3.93, 5.24, 6.55, 7.86]"
2633,35.15,0.026229033153877,Persuadable,"[0, 5, 10, 15, 20, 25, 30]","[None, None, None, None, None, None, None]","[0.0, 1.76, 3.52, 5.27, 7.03, 8.79, 10.54]"
4862,18.98,0.2334957078615245,Highly Persuadable,"[0, 5, 10, 15, 20, 25, 30]","[None, None, None, None, None, None, None]","[0.0, 0.95, 1.9, 2.85, 3.8, 4.75, 5.69]"
2997,54.07,0.092452803346812,Persuadable,"[0, 5, 10, 15, 20, 25, 30]","[None, None, None, None, None, None, None]","[0.0, 2.7, 5.41, 8.11, 10.81, 13.52, 16.22]"
705,31.54,0.0467055606051402,Persuadable,"[0, 5, 10, 15, 20, 25, 30]","[None, None, None, None, None, None, None]","[0.0, 1.58, 3.15, 4.73, 6.31, 7.88, 9.46]"
432,34.59,0.0385073559934638,Persuadable,"[0, 5, 10, 15, 20, 25, 30]","[None, None, None, None, None, None, None]","[0.0, 1.73, 3.46, 5.19, 6.92, 8.65, 10.38]"
293,49.31,-0.0068262296244873,Not Persuadable,"[0, 5, 10, 15, 20, 25, 30]","[None, None, None, None, None, None, None]","[0.0, 2.47, 4.93, 7.4, 9.86, 12.33, 14.79]"
4878,39.43,0.0577613327130318,Persuadable,"[0, 5, 10, 15, 20, 25, 30]","[None, None, None, None, None, None, None]","[0.0, 1.97, 3.94, 5.91, 7.89, 9.86, 11.83]"
146,35.54,-0.0067012353598121,Not Persuadable,"[0, 5, 10, 15, 20, 25, 30]","[None, None, None, None, None, None, None]","[0.0, 1.78, 3.55, 5.33, 7.11, 8.88, 10.66]"
4156,37.86,0.002897026064608,Persuadable,"[0, 5, 10, 15, 20, 25, 30]","[None, None, None, None, None, None, None]","[0.0, 1.89, 3.79, 5.68, 7.57, 9.46, 11.36]"
2034,31.01,0.0838896243197679,Persuadable,"[0, 5, 10, 15, 20, 25, 30]","[None, None, None, None, None, None, None]","[0.0, 1.55, 3.1, 4.65, 6.2, 7.75, 9.3]"
4216,68.34,0.1667498805788199,Highly Persuadable,"[0, 5, 10, 15, 20, 25, 30]","[None, None, None, None, None, None, None]","[0.0, 3.42, 6.83, 10.25, 13.67, 17.09, 20.5]"
1166,42.05,0.0767976187225895,Persuadable,"[0, 5, 10, 15, 20, 25, 30]","[None, None, None, None, None, None, None]","[0.0, 2.1, 4.21, 6.31, 8.41, 10.51, 12.61]"
3501,42.76,-0.0658113991940423,Not Persuadable,"[0, 5, 10, 15, 20, 25, 30]","[None, None, None, None, None, None, None]","[0.0, 2.14, 4.28, 6.41, 8.55, 10.69, 12.83]"
2051,43.12,0.1511360953894056,Highly Persuadable,"[0, 5, 10, 15, 20, 25, 30]","[None, None, None, None, None, None, None]","[0.0, 2.16, 4.31, 6.47, 8.62, 10.78, 12.94]"
2625,31.24,0.1446468312432687,Highly Persuadable,"[0, 5, 10, 15, 20, 25, 30]","[None, None, None, None, None, None, None]","[0.0, 1.56, 3.12, 4.69, 6.25, 7.81, 9.37]"
4389,41.33,-0.0598467636547223,Not Persuadable,"[0, 5, 10, 15, 20, 25, 30]","[None, None, None, None, None, None, None]","[0.0, 2.07, 4.13, 6.2, 8.27, 10.33, 12.4]"
340,51.88,-0.0238718421607897,Not Persuadable,"[0, 5, 10, 15, 20, 25, 30]","[None, None, None, None, None, None, None]","[0.0, 2.59, 5.19, 7.78, 10.38, 12.97, 15.56]"
3898,52.93,-0.0018823475108983,Not Persuadable,"[0, 5, 10, 15, 20, 25, 30]","[None, None, None, None, None, None, None]","[0.0, 2.65, 5.29, 7.94, 10.59, 13.23, 15.88]"
3691,22.36,0.0972348288347,Persuadable,"[0, 5, 10, 15, 20, 25, 30]","[None, None, None, None, None, None, None]","[0.0, 1.12, 2.24, 3.35, 4.47, 5.59, 6.71]"
2974,57.38,0.0542524461727783,Persuadable,"[0, 5, 10, 15, 20, 25, 30]","[None, None, None, None, None, None, None]","[0.0, 2.87, 5.74, 8.61, 11.48, 14.35, 17.21]"
266,51.15,-0.0118701063618572,Not Persuadable,"[0, 5, 10, 15, 20, 25, 30]","[None, None, None, None, None, None, None]","[0.0, 2.56, 5.12, 7.67, 10.23, 12.79, 15.34]"
2425,25.75,0.0183061314993569,Persuadable,"[0, 5, 10, 15, 20, 25, 30]","[None, None, None, None, None, None, None]","[0.0, 1.29, 2.58, 3.86, 5.15, 6.44, 7.72]"
1263,42.98,0.0182556861797189,Persuadable,"[0, 5, 10, 15, 20, 25, 30]","[None, None, None, None, None, None, None]","[0.0, 2.15, 4.3, 6.45, 8.6, 10.74, 12.89]"
1772,45.6,-0.021609965873211,Not Persuadable,"[0, 5, 10, 15, 20, 25, 30]","[None, None, None, None, None, None, None]","[0.0, 2.28, 4.56, 6.84, 9.12, 11.4, 13.68]"
3512,39.43,-0.0406154655526402,Not Persuadable,"[0, 5, 10, 15, 20, 25, 30]","[None, None, None, None, None, None, None]","[0.0, 1.97, 3.94, 5.91, 7.89, 9.86, 11.83]"
272,32.5,0.1127844593872114,Highly Persuadable,"[0, 5, 10, 15, 20, 25, 30]","[None, None, None, None, None, None, None]","[0.0, 1.62, 3.25, 4.88, 6.5, 8.12, 9.75]"
697,43.63,-0.0422416079301077,Not Persuadable,"[0, 5, 10, 15, 20, 25, 30]","[None, None, None, None, None, None, None]","[0.0, 2.18, 4.36, 6.54, 8.73, 10.91, 13.09]"
748,33.7,0.0843991979553585,Persuadable,"[0, 5, 10, 15, 20, 25, 30]","[None, None, None, None, None, None, None]","[0.0, 1.69, 3.37, 5.06, 6.74, 8.43, 10.11]"
245,61.93,0.1129431249058005,Highly Persuadable,"[0, 5, 10, 15, 20, 25, 30]","[None, None, None, None, None, None, None]","[0.0, 3.1, 6.19, 9.29, 12.39, 15.48, 18.58]"
318,40.48,0.0310442393744548,Persuadable,"[0, 5, 10, 15, 20, 25, 30]","[None, None, None, None, None, None, None]","[0.0, 2.02, 4.05, 6.07, 8.1, 10.12, 12.14]"
477,51.35,0.0375759707775096,Persuadable,"[0, 5, 10, 15, 20, 25, 30]","[None, None, None, None, None, None, None]","[0.0, 2.57, 5.14, 7.7, 10.27, 12.84, 15.4]"
2033,36.72,-0.0297911211898135,Not Persuadable,"[0, 5, 10, 15, 20, 25, 30]","[None, None, None, None, None, None, None]","[0.0, 1.84, 3.67, 5.51, 7.34, 9.18, 11.02]"
958,37.54,0.0784517970717981,Persuadable,"[0, 5, 10, 15, 20, 25, 30]","[None, None, None, None, None, None, None]","[0.0, 1.88, 3.75, 5.63, 7.51, 9.38, 11.26]"
3835,41.68,0.1259867232153299,Highly Persuadable,"[0, 5, 10, 15, 20, 25, 30]","[None, None, None, None, None, None, None]","[0.0, 2.08, 4.17, 6.25, 8.34, 10.42, 12.5]"
814,33.88,0.0092613399512071,Persuadable,"[0, 5, 10, 15, 20, 25, 30]","[None, None, None, None, None, None, None]","[0.0, 1.69, 3.39, 5.08, 6.78, 8.47, 10.16]"
4181,29.38,0.0280507502338465,Persuadable,"[0, 5, 10, 15, 20, 25, 30]","[None, None, None, None, None, None, None]","[0.0, 1.47, 2.94, 4.41, 5.88, 7.34, 8.81]"
1915,30.44,-0.1308225163467017,Not Persuadable,"[0, 5, 10, 15, 20, 25, 30]","[None, None, None, None, None, None, None]","[0.0, 1.52, 3.04, 4.57, 6.09, 7.61, 9.13]"
4613,45.42,-0.0039931485317694,Not Persuadable,"[0, 5, 10, 15, 20, 25, 30]","[None, None, None, None, None, None, None]","[0.0, 2.27, 4.54, 6.81, 9.08, 11.36, 13.63]"
3488,32.5,-0.1051331221733375,Not Persuadable,"[0, 5, 10, 15, 20, 25, 30]","[None, None, None, None, None, None, None]","[0.0, 1.62, 3.25, 4.88, 6.5, 8.12, 9.75]"
1298,50.1,0.0115894540138739,Persuadable,"[0, 5, 10, 15, 20, 25, 30]","[None, None, None, None, None, None, None]","[0.0, 2.51, 5.01, 7.51, 10.02, 12.53, 15.03]"
4049,38.82,0.0120230924557812,Persuadable,"[0, 5, 10, 15, 20, 25, 30]","[None, None, None, None, None, None, None]","[0.0, 1.94, 3.88, 5.82, 7.76, 9.71, 11.65]"
1805,47.61,-0.005676894500078,Not Persuadable,"[0, 5, 10, 15, 20, 25, 30]","[None, None, None, None, None, None, None]","[0.0, 2.38, 4.76, 7.14, 9.52, 11.9, 14.28]"
759,36.99,0.1311957130279676,Highly Persuadable,"[0, 5, 10, 15, 20, 25, 30]","[None, None, None, None, None, None, None]","[0.0, 1.85, 3.7, 5.55, 7.4, 9.25, 11.1]"
251,23.63,0.1250578378106557,Highly Persuadable,"[0, 5, 10, 15, 20, 25, 30]","[None, None, None, None, None, None, None]","[0.0, 1.18, 2.36, 3.54, 4.73, 5.91, 7.09]"
2462,33.4,-0.039562191796094,Not Persuadable,"[0, 5, 10, 15, 20, 25, 30]","[None, None, None, None, None, None, None]","[0.0, 1.67, 3.34, 5.01, 6.68, 8.35, 10.02]"
546,41.15,0.0555552092758306,Persuadable,"[0, 5, 10, 15, 20, 25, 30]","[None, None, None, None, None, None, None]","[0.0, 2.06, 4.12, 6.17, 8.23, 10.29, 12.34]"
3242,19.22,0.06579492224351,Persuadable,"[0, 5, 10, 15, 20, 25, 30]","[None, None, None, None, None, None, None]","[0.0, 0.96, 1.92, 2.88, 3.84, 4.8, 5.77]"
739,25.33,0.0535063564876938,Persuadable,"[0, 5, 10, 15, 20, 25, 30]","[None, None, None, None, None, None, None]","[0.0, 1.27, 2.53, 3.8, 5.07, 6.33, 7.6]"
311,33.85,-0.0025390450026664,Not Persuadable,"[0, 5, 10, 15, 20, 25, 30]","[None, None, None, None, None, None, None]","[0.0, 1.69, 3.39, 5.08, 6.77, 8.46, 10.15]"
3886,33.0,0.0529165401122416,Persuadable,"[0, 5, 10, 15, 20, 25, 30]","[None, None, None, None, None, None, None]","[0.0, 1.65, 3.3, 4.95, 6.6, 8.25, 9.9]"
2942,28.71,0.0322844262825432,Persuadable,"[0, 5, 10, 15, 20, 25, 30]","[None, None, None, None, None, None, None]","[0.0, 1.44, 2.87, 4.31, 5.74, 7.18, 8.61]"
1132,36.44,0.001666332226866,Persuadable,"[0, 5, 10, 15, 20, 25, 30]","[None, None, None, None, None, None, None]","[0.0, 1.82, 3.64, 5.47, 7.29, 9.11, 10.93]"
1450,50.54,-0.01620508005737,Not Persuadable,"[0, 5, 10, 15, 20, 25, 30]","[None, None, None, None, None, None, None]","[0.0, 2.53, 5.05, 7.58, 10.11, 12.63, 15.16]"
4930,38.3,0.0267223427067715,Persuadable,"[0, 5, 10, 15, 20, 25, 30]","[None, None, None, None, None, None, None]","[0.0, 1.92, 3.83, 5.74, 7.66, 9.57, 11.49]"
16,52.28,-0.1433421638358901,Not Persuadable,"[0, 5, 10, 15, 20, 25, 30]","[None, None, None, None, None, None, None]","[0.0, 2.61, 5.23, 7.84, 10.46, 13.07, 15.68]"
3233,15.42,0.1190639276177905,Highly Persuadable,"[0, 5, 10, 15, 20, 25, 30]","[None, None, None, None, None, None, None]","[0.0, 0.77, 1.54, 2.31, 3.08, 3.85, 4.63]"
2770,42.81,0.0546796459030223,Persuadable,"[0, 5, 10, 15, 20, 25, 30]","[None, None, None, None, None, None, None]","[0.0, 2.14, 4.28, 6.42, 8.56, 10.7, 12.84]"
3469,43.5,0.0352871393128224,Persuadable,"[0, 5, 10, 15, 20, 25, 30]","[None, None, None, None, None, None, None]","[0.0, 2.18, 4.35, 6.52, 8.7, 10.88, 13.05]"
921,24.13,0.029409124868351,Persuadable,"[0, 5, 10, 15, 20, 25, 30]","[None, None, None, None, None, None, None]","[0.0, 1.21, 2.41, 3.62, 4.83, 6.03, 7.24]"
3030,40.3,0.1754502512163155,Highly Persuadable,"[0, 5, 10, 15, 20, 25, 30]","[None, None, None, None, None, None, None]","[0.0, 2.02, 4.03, 6.04, 8.06, 10.07, 12.09]"
1373,33.4,0.0125122198363583,Persuadable,"[0, 5, 10, 15, 20, 25, 30]","[None, None, None, None, None, None, None]","[0.0, 1.67, 3.34, 5.01, 6.68, 8.35, 10.02]"
3588,38.79,-0.0119708349927998,Not Persuadable,"[0, 5, 10, 15, 20, 25, 30]","[None, None, None, None, None, None, None]","[0.0, 1.94, 3.88, 5.82, 7.76, 9.7, 11.64]"
2545,41.26,0.0241485416594904,Persuadable,"[0, 5, 10, 15, 20, 25, 30]","[None, None, None, None, None, None, None]","[0.0, 2.06, 4.13, 6.19, 8.25, 10.31, 12.38]"
3599,28.49,-0.0850849039311922,Not Persuadable,"[0, 5, 10, 15, 20, 25, 30]","[None, None, None, None, None, None, None]","[0.0, 1.42, 2.85, 4.27, 5.7, 7.12, 8.55]"
39,23.94,0.145175394504396,Highly Persuadable,"[0, 5, 10, 15, 20, 25, 30]","[None, None, None, None, None, None, None]","[0.0, 1.2, 2.39, 3.59, 4.79, 5.99, 7.18]"
364,19.14,0.120374374258162,Highly Persuadable,"[0, 5, 10, 15, 20, 25, 30]","[None, None, None, None, None, None, None]","[0.0, 0.96, 1.91, 2.87, 3.83, 4.79, 5.74]"
4111,35.22,0.109723433021367,Highly Persuadable,"[0, 5, 10, 15, 20, 25, 30]","[None, None, None, None, None, None, None]","[0.0, 1.76, 3.52, 5.28, 7.04, 8.8, 10.57]"
183,36.65,0.0979631506224863,Persuadable,"[0, 5, 10, 15, 20, 25, 30]","[None, None, None, None, None, None, None]","[0.0, 1.83, 3.67, 5.5, 7.33, 9.16, 10.99]"
3034,42.86,-0.0642404764597406,Not Persuadable,"[0, 5, 10, 15, 20, 25, 30]","[None, None, None, None, None, None, None]","[0.0, 2.14, 4.29, 6.43, 8.57, 10.71, 12.86]"
2984,38.2,-0.0099975793649672,Not Persuadable,"[0, 5, 10, 15, 20, 25, 30]","[None, None, None, None, None, None, None]","[0.0, 1.91, 3.82, 5.73, 7.64, 9.55, 11.46]"
1195,53.97,0.0093520434879335,Persuadable,"[0, 5, 10, 15, 20, 25, 30]","[None, None, None, None, None, None, None]","[0.0, 2.7, 5.4, 8.1, 10.79, 13.49, 16.19]"
2853,49.99,0.1010952131772137,Highly Persuadable,"[0, 5, 10, 15, 20, 25, 30]","[None, None, None, None, None, None, None]","[0.0, 2.5, 5.0, 7.5, 10.0, 12.5, 15.0]"
3785,31.33,0.0478372414860488,Persuadable,"[0, 5, 10, 15, 20, 25, 30]","[None, None, None, None, None, None, None]","[0.0, 1.57, 3.13, 4.7, 6.27, 7.83, 9.4]"
1122,57.01,0.1891044009435721,Highly Persuadable,"[0, 5, 10, 15, 20, 25, 30]","[None, None, None, None, None, None, None]","[0.0, 2.85, 5.7, 8.55, 11.4, 14.25, 17.1]"
2236,44.23,0.0756693718715897,Persuadable,"[0, 5, 10, 15, 20, 25, 30]","[None, None, None, None, None, None, None]","[0.0, 2.21, 4.42, 6.63, 8.85, 11.06, 13.27]"
2668,38.53,-0.0891566251544266,Not Persuadable,"[0, 5, 10, 15, 20, 25, 30]","[None, None, None, None, None, None, None]","[0.0, 1.93, 3.85, 5.78, 7.71, 9.63, 11.56]"
3718,52.12,0.1974155098797645,Highly Persuadable,"[0, 5, 10, 15, 20, 25, 30]","[None, None, None, None, None, None, None]","[0.0, 2.61, 5.21, 7.82, 10.42, 13.03, 15.64]"
3224,51.71,0.0938450756258103,Persuadable,"[0, 5, 10, 15, 20, 25, 30]","[None, None, None, None, None, None, None]","[0.0, 2.59, 5.17, 7.76, 10.34, 12.93, 15.51]"
1183,9.99,0.1170976590389465,Highly Persuadable,"[0, 5, 10, 15, 20, 25, 30]","[None, None, None, None, None, None, None]","[0.0, 0.5, 1.0, 1.5, 2.0, 2.5, 3.0]"
4194,43.27,-0.0169399589323087,Not Persuadable,"[0, 5, 10, 15, 20, 25, 30]","[None, None, None, None, None, None, None]","[0.0, 2.16, 4.33, 6.49, 8.65, 10.82, 12.98]"
4304,40.45,0.0084932176703217,Persuadable,"[0, 5, 10, 15, 20, 25, 30]","[None, None, None, None, None, None, None]","[0.0, 2.02, 4.05, 6.07, 8.09, 10.11, 12.13]"
615,39.39,0.0422171047946254,Persuadable,"[0, 5, 10, 15, 20, 25, 30]","[None, None, None, None, None, None, None]","[0.0, 1.97, 3.94, 5.91, 7.88, 9.85, 11.82]"
4919,36.66,-0.0134274778671234,Not Persuadable,"[0, 5, 10, 15, 20, 25, 30]","[None, None, None, None, None, None, None]","[0.0, 1.83, 3.67, 5.5, 7.33, 9.16, 11.0]"
1467,41.45,0.0064754756743838,Persuadable,"[0, 5, 10, 15, 20, 25, 30]","[None, None, None, None, None, None, None]","[0.0, 2.07, 4.15, 6.22, 8.29, 10.36, 12.44]"
402,36.66,0.01323462680468,Persuadable,"[0, 5, 10, 15, 20, 25, 30]","[None, None, None, None, None, None, None]","[0.0, 1.83, 3.67, 5.5, 7.33, 9.16, 11.0]"
3043,35.52,0.0470283687549009,Persuadable,"[0, 5, 10, 15, 20, 25, 30]","[None, None, None, None, None, None, None]","[0.0, 1.78, 3.55, 5.33, 7.1, 8.88, 10.66]"
935,29.64,0.1918406210022309,Highly Persuadable,"[0, 5, 10, 15, 20, 25, 30]","[None, None, None, None, None, None, None]","[0.0, 1.48, 2.96, 4.45, 5.93, 7.41, 8.89]"
2420,22.24,0.0129140109257561,Persuadable,"[0, 5, 10, 15, 20, 25, 30]","[None, None, None, None, None, None, None]","[0.0, 1.11, 2.22, 3.34, 4.45, 5.56, 6.67]"
4048,48.9,0.043611942515506,Persuadable,"[0, 5, 10, 15, 20, 25, 30]","[None, None, None, None, None, None, None]","[0.0, 2.45, 4.89, 7.33, 9.78, 12.22, 14.67]"
4525,30.16,0.1520302246031215,Highly Persuadable,"[0, 5, 10, 15, 20, 25, 30]","[None, None, None, None, None, None, None]","[0.0, 1.51, 3.02, 4.52, 6.03, 7.54, 9.05]"
2642,21.49,0.0480810687654389,Persuadable,"[0, 5, 10, 15, 20, 25, 30]","[None, None, None, None, None, None, None]","[0.0, 1.07, 2.15, 3.22, 4.3, 5.37, 6.45]"
4036,39.62,0.1429043670312248,Highly Persuadable,"[0, 5, 10, 15, 20, 25, 30]","[None, None, None, None, None, None, None]","[0.0, 1.98, 3.96, 5.94, 7.92, 9.9, 11.89]"
727,15.89,-0.0595658133661425,Not Persuadable,"[0, 5, 10, 15, 20, 25, 30]","[None, None, None, None, None, None, None]","[0.0, 0.79, 1.59, 2.38, 3.18, 3.97, 4.77]"
827,51.09,0.0780809707320305,Persuadable,"[0, 5, 10, 15, 20, 25, 30]","[None, None, None, None, None, None, None]","[0.0, 2.55, 5.11, 7.66, 10.22, 12.77, 15.33]"
1522,55.2,-0.0173726365619011,Not Persuadable,"[0, 5, 10, 15, 20, 25, 30]","[None, None, None, None, None, None, None]","[0.0, 2.76, 5.52, 8.28, 11.04, 13.8, 16.56]"
4755,35.7,0.0146001713590775,Persuadable,"[0, 5, 10, 15, 20, 25, 30]","[None, None, None, None, None, None, None]","[0.0, 1.79, 3.57, 5.36, 7.14, 8.93, 10.71]"
2931,30.38,0.0838803129542005,Persuadable,"[0, 5, 10, 15, 20, 25, 30]","[None, None, None, None, None, None, None]","[0.0, 1.52, 3.04, 4.56, 6.08, 7.59, 9.11]"
137,37.08,0.0204986515317322,Persuadable,"[0, 5, 10, 15, 20, 25, 30]","[None, None, None, None, None, None, None]","[0.0, 1.85, 3.71, 5.56, 7.42, 9.27, 11.12]"
3591,26.33,-0.115347323523966,Not Persuadable,"[0, 5, 10, 15, 20, 25, 30]","[None, None, None, None, None, None, None]","[0.0, 1.32, 2.63, 3.95, 5.27, 6.58, 7.9]"
629,47.36,0.006755301770171,Persuadable,"[0, 5, 10, 15, 20, 25, 30]","[None, None, None, None, None, None, None]","[0.0, 2.37, 4.74, 7.1, 9.47, 11.84, 14.21]"
335,55.21,0.002979042467361,Persuadable,"[0, 5, 10, 15, 20, 25, 30]","[None, None, None, None, None, None, None]","[0.0, 2.76, 5.52, 8.28, 11.04, 13.8, 16.56]"
391,37.97,0.0421948353691421,Persuadable,"[0, 5, 10, 15, 20, 25, 30]","[None, None, None, None, None, None, None]","[0.0, 1.9, 3.8, 5.7, 7.59, 9.49, 11.39]"
4398,49.65,-0.1079978943296976,Not Persuadable,"[0, 5, 10, 15, 20, 25, 30]","[None, None, None, None, None, None, None]","[0.0, 2.48, 4.96, 7.45, 9.93, 12.41, 14.89]"
4886,31.42,0.1690519731580374,Highly Persuadable,"[0, 5, 10, 15, 20, 25, 30]","[None, None, None, None, None, None, None]","[0.0, 1.57, 3.14, 4.71, 6.28, 7.86, 9.43]"
4208,42.4,-0.0153420917686645,Not Persuadable,"[0, 5, 10, 15, 20, 25, 30]","[None, None, None, None, None, None, None]","[0.0, 2.12, 4.24, 6.36, 8.48, 10.6, 12.72]"
1818,42.46,-0.0055573679936775,Not Persuadable,"[0, 5, 10, 15, 20, 25, 30]","[None, None, None, None, None, None, None]","[0.0, 2.12, 4.25, 6.37, 8.49, 10.62, 12.74]"
401,38.42,0.0282128174463578,Persuadable,"[0, 5, 10, 15, 20, 25, 30]","[None, None, None, None, None, None, None]","[0.0, 1.92, 3.84, 5.76, 7.68, 9.61, 11.53]"
711,42.64,0.0936145747875728,Persuadable,"[0, 5, 10, 15, 20, 25, 30]","[None, None, None, None, None, None, None]","[0.0, 2.13, 4.26, 6.4, 8.53, 10.66, 12.79]"
1040,34.93,0.0586998754345935,Persuadable,"[0, 5, 10, 15, 20, 25, 30]","[None, None, None, None, None, None, None]","[0.0, 1.75, 3.49, 5.24, 6.99, 8.73, 10.48]"
4292,26.32,0.1549355124487212,Highly Persuadable,"[0, 5, 10, 15, 20, 25, 30]","[None, None, None, None, None, None, None]","[0.0, 1.32, 2.63, 3.95, 5.26, 6.58, 7.9]"
3360,36.19,0.1776251002743601,Highly Persuadable,"[0, 5, 10, 15, 20, 25, 30]","[None, None, None, None, None, None, None]","[0.0, 1.81, 3.62, 5.43, 7.24, 9.05, 10.86]"
47,47.58,-0.0610874737273699,Not Persuadable,"[0, 5, 10, 15, 20, 25, 30]","[None, None, None, None, None, None, None]","[0.0, 2.38, 4.76, 7.14, 9.52, 11.89, 14.27]"
1562,35.37,0.0595983707501735,Persuadable,"[0, 5, 10, 15, 20, 25, 30]","[None, None, None, None, None, None, None]","[0.0, 1.77, 3.54, 5.31, 7.07, 8.84, 10.61]"
4810,41.23,0.0573338382826528,Persuadable,"[0, 5, 10, 15, 20, 25, 30]","[None, None, None, None, None, None, None]","[0.0, 2.06, 4.12, 6.18, 8.25, 10.31, 12.37]"
3643,48.15,-0.1400614894100509,Not Persuadable,"[0, 5, 10, 15, 20, 25, 30]","[None, None, None, None, None, None, None]","[0.0, 2.41, 4.82, 7.22, 9.63, 12.04, 14.44]"
3727,58.66,0.0953435896954163,Persuadable,"[0, 5, 10, 15, 20, 25, 30]","[None, None, None, None, None, None, None]","[0.0, 2.93, 5.87, 8.8, 11.73, 14.66, 17.6]"
4854,32.53,0.0998388904352885,Persuadable,"[0, 5, 10, 15, 20, 25, 30]","[None, None, None, None, None, None, None]","[0.0, 1.63, 3.25, 4.88, 6.51, 8.13, 9.76]"
1113,42.72,-0.0476813012333228,Not Persuadable,"[0, 5, 10, 15, 20, 25, 30]","[None, None, None, None, None, None, None]","[0.0, 2.14, 4.27, 6.41, 8.54, 10.68, 12.82]"
2514,45.67,-0.0283971079657347,Not Persuadable,"[0, 5, 10, 15, 20, 25, 30]","[None, None, None, None, None, None, None]","[0.0, 2.28, 4.57, 6.85, 9.13, 11.42, 13.7]"
3609,40.04,0.1889149316316579,Highly Persuadable,"[0, 5, 10, 15, 20, 25, 30]","[None, None, None, None, None, None, None]","[0.0, 2.0, 4.0, 6.01, 8.01, 10.01, 12.01]"
1224,41.17,0.10514489237439,Highly Persuadable,"[0, 5, 10, 15, 20, 25, 30]","[None, None, None, None, None, None, None]","[0.0, 2.06, 4.12, 6.18, 8.23, 10.29, 12.35]"
4079,27.69,0.0774626689166356,Persuadable,"[0, 5, 10, 15, 20, 25, 30]","[None, None, None, None, None, None, None]","[0.0, 1.38, 2.77, 4.15, 5.54, 6.92, 8.31]"
3024,37.62,0.181690763627673,Highly Persuadable,"[0, 5, 10, 15, 20, 25, 30]","[None, None, None, None, None, None, None]","[0.0, 1.88, 3.76, 5.64, 7.52, 9.4, 11.29]"
2422,53.17,0.0302451984054024,Persuadable,"[0, 5, 10, 15, 20, 25, 30]","[None, None, None, None, None, None, None]","[0.0, 2.66, 5.32, 7.98, 10.63, 13.29, 15.95]"
1509,44.71,-0.0582734380535424,Not Persuadable,"[0, 5, 10, 15, 20, 25, 30]","[None, None, None, None, None, None, None]","[0.0, 2.24, 4.47, 6.71, 8.94, 11.18, 13.41]"
1751,34.44,0.0824287308509067,Persuadable,"[0, 5, 10, 15, 20, 25, 30]","[None, None, None, None, None, None, None]","[0.0, 1.72, 3.44, 5.17, 6.89, 8.61, 10.33]"
4848,52.83,-0.0679673176114599,Not Persuadable,"[0, 5, 10, 15, 20, 25, 30]","[None, None, None, None, None, None, None]","[0.0, 2.64, 5.28, 7.92, 10.57, 13.21, 15.85]"
4106,42.38,0.0956465894890017,Persuadable,"[0, 5, 10, 15, 20, 25, 30]","[None, None, None, None, None, None, None]","[0.0, 2.12, 4.24, 6.36, 8.48, 10.6, 12.71]"
1800,47.18,-0.0138542802492951,Not Persuadable,"[0, 5, 10, 15, 20, 25, 30]","[None, None, None, None, None, None, None]","[0.0, 2.36, 4.72, 7.08, 9.44, 11.79, 14.15]"
339,32.9,-0.0834024249696295,Not Persuadable,"[0, 5, 10, 15, 20, 25, 30]","[None, None, None, None, None, None, None]","[0.0, 1.65, 3.29, 4.93, 6.58, 8.22, 9.87]"
216,42.14,0.0220557320452173,Persuadable,"[0, 5, 10, 15, 20, 25, 30]","[None, None, None, None, None, None, None]","[0.0, 2.11, 4.21, 6.32, 8.43, 10.54, 12.64]"
3664,40.81,0.1045422914547595,Highly Persuadable,"[0, 5, 10, 15, 20, 25, 30]","[None, None, None, None, None, None, None]","[0.0, 2.04, 4.08, 6.12, 8.16, 10.2, 12.24]"
1342,41.24,0.1003617719705165,Highly Persuadable,"[0, 5, 10, 15, 20, 25, 30]","[None, None, None, None, None, None, None]","[0.0, 2.06, 4.12, 6.19, 8.25, 10.31, 12.37]"
12,33.14,-0.0202499330364576,Not Persuadable,"[0, 5, 10, 15, 20, 25, 30]","[None, None, None, None, None, None, None]","[0.0, 1.66, 3.31, 4.97, 6.63, 8.29, 9.94]"
1521,43.57,0.0679453391346093,Persuadable,"[0, 5, 10, 15, 20, 25, 30]","[None, None, None, None, None, None, None]","[0.0, 2.18, 4.36, 6.54, 8.71, 10.89, 13.07]"
3641,26.0,0.061071041755292,Persuadable,"[0, 5, 10, 15, 20, 25, 30]","[None, None, None, None, None, None, None]","[0.0, 1.3, 2.6, 3.9, 5.2, 6.5, 7.8]"
3956,30.8,0.1291506637554971,Highly Persuadable,"[0, 5, 10, 15, 20, 25, 30]","[None, None, None, None, None, None, None]","[0.0, 1.54, 3.08, 4.62, 6.16, 7.7, 9.24]"
3794,30.65,0.0577431828186662,Persuadable,"[0, 5, 10, 15, 20, 25, 30]","[None, None, None, None, None, None, None]","[0.0, 1.53, 3.06, 4.6, 6.13, 7.66, 9.19]"
3005,31.47,0.0032529132004694,Persuadable,"[0, 5, 10, 15, 20, 25, 30]","[None, None, None, None, None, None, None]","[0.0, 1.57, 3.15, 4.72, 6.29, 7.87, 9.44]"
2865,34.2,0.0703285173441098,Persuadable,"[0, 5, 10, 15, 20, 25, 30]","[None, None, None, None, None, None, None]","[0.0, 1.71, 3.42, 5.13, 6.84, 8.55, 10.26]"
3116,36.44,0.0071658001403708,Persuadable,"[0, 5, 10, 15, 20, 25, 30]","[None, None, None, None, None, None, None]","[0.0, 1.82, 3.64, 5.47, 7.29, 9.11, 10.93]"
4851,19.72,0.1001592507811068,Highly Persuadable,"[0, 5, 10, 15, 20, 25, 30]","[None, None, None, None, None, None, None]","[0.0, 0.99, 1.97, 2.96, 3.94, 4.93, 5.92]"
2323,58.76,0.1277650564334312,Highly Persuadable,"[0, 5, 10, 15, 20, 25, 30]","[None, None, None, None, None, None, None]","[0.0, 2.94, 5.88, 8.81, 11.75, 14.69, 17.63]"
2572,42.91,0.1045338927552431,Highly Persuadable,"[0, 5, 10, 15, 20, 25, 30]","[None, None, None, None, None, None, None]","[0.0, 2.15, 4.29, 6.44, 8.58, 10.73, 12.87]"
2914,14.09,0.0460749872066028,Persuadable,"[0, 5, 10, 15, 20, 25, 30]","[None, None, None, None, None, None, None]","[0.0, 0.7, 1.41, 2.11, 2.82, 3.52, 4.23]"
102,61.01,0.0087873925751507,Persuadable,"[0, 5, 10, 15, 20, 25, 30]","[None, None, None, None, None, None, None]","[0.0, 3.05, 6.1, 9.15, 12.2, 15.25, 18.3]"
3550,54.61,0.1935676030184918,Highly Persuadable,"[0, 5, 10, 15, 20, 25, 30]","[None, None, None, None, None, None, None]","[0.0, 2.73, 5.46, 8.19, 10.92, 13.65, 16.38]"
1459,34.89,-0.0715698463332887,Not Persuadable,"[0, 5, 10, 15, 20, 25, 30]","[None, None, None, None, None, None, None]","[0.0, 1.74, 3.49, 5.23, 6.98, 8.72, 10.47]"
172,44.93,-0.0615450064227298,Not Persuadable,"[0, 5, 10, 15, 20, 25, 30]","[None, None, None, None, None, None, None]","[0.0, 2.25, 4.49, 6.74, 8.99, 11.23, 13.48]"
108,46.26,0.027243944073184,Persuadable,"[0, 5, 10, 15, 20, 25, 30]","[None, None, None, None, None, None, None]","[0.0, 2.31, 4.63, 6.94, 9.25, 11.56, 13.88]"
4206,39.74,-0.0363210685332637,Not Persuadable,"[0, 5, 10, 15, 20, 25, 30]","[None, None, None, None, None, None, None]","[0.0, 1.99, 3.97, 5.96, 7.95, 9.94, 11.92]"
3570,37.69,0.181830438770029,Highly Persuadable,"[0, 5, 10, 15, 20, 25, 30]","[None, None, None, None, None, None, None]","[0.0, 1.88, 3.77, 5.65, 7.54, 9.42, 11.31]"
4306,44.14,0.0699634059961724,Persuadable,"[0, 5, 10, 15, 20, 25, 30]","[None, None, None, None, None, None, None]","[0.0, 2.21, 4.41, 6.62, 8.83, 11.04, 13.24]"
4082,47.82,0.0062572260965549,Persuadable,"[0, 5, 10, 15, 20, 25, 30]","[None, None, None, None, None, None, None]","[0.0, 2.39, 4.78, 7.17, 9.56, 11.96, 14.35]"
3880,36.82,0.0981829999642307,Persuadable,"[0, 5, 10, 15, 20, 25, 30]","[None, None, None, None, None, None, None]","[0.0, 1.84, 3.68, 5.52, 7.36, 9.21, 11.05]"
4690,31.34,0.0722389937720466,Persuadable,"[0, 5, 10, 15, 20, 25, 30]","[None, None, None, None, None, None, None]","[0.0, 1.57, 3.13, 4.7, 6.27, 7.83, 9.4]"
4089,22.06,0.1266875325040657,Highly Persuadable,"[0, 5, 10, 15, 20, 25, 30]","[None, None, None, None, None, None, None]","[0.0, 1.1, 2.21, 3.31, 4.41, 5.51, 6.62]"
61,31.5,0.1225529958575511,Highly Persuadable,"[0, 5, 10, 15, 20, 25, 30]","[None, None, None, None, None, None, None]","[0.0, 1.58, 3.15, 4.72, 6.3, 7.88, 9.45]"
1241,47.38,0.053065731985885,Persuadable,"[0, 5, 10, 15, 20, 25, 30]","[None, None, None, None, None, None, None]","[0.0, 2.37, 4.74, 7.11, 9.48, 11.85, 14.21]"
4648,55.52,0.0834729938829939,Persuadable,"[0, 5, 10, 15, 20, 25, 30]","[None, None, None, None, None, None, None]","[0.0, 2.78, 5.55, 8.33, 11.1, 13.88, 16.66]"
1041,32.2,0.0837969676961059,Persuadable,"[0, 5, 10, 15, 20, 25, 30]","[None, None, None, None, None, None, None]","[0.0, 1.61, 3.22, 4.83, 6.44, 8.05, 9.66]"
4197,28.62,0.0232705939538164,Persuadable,"[0, 5, 10, 15, 20, 25, 30]","[None, None, None, None, None, None, None]","[0.0, 1.43, 2.86, 4.29, 5.72, 7.16, 8.59]"
2761,26.97,-0.0156225655506531,Not Persuadable,"[0, 5, 10, 15, 20, 25, 30]","[None, None, None, None, None, None, None]","[0.0, 1.35, 2.7, 4.05, 5.39, 6.74, 8.09]"
2121,45.02,-0.1335969846770867,Not Persuadable,"[0, 5, 10, 15, 20, 25, 30]","[None, None, None, None, None, None, None]","[0.0, 2.25, 4.5, 6.75, 9.0, 11.26, 13.51]"
1525,30.39,0.1181306048741457,Highly Persuadable,"[0, 5, 10, 15, 20, 25, 30]","[None, None, None, None, None, None, None]","[0.0, 1.52, 3.04, 4.56, 6.08, 7.6, 9.12]"
3522,26.18,0.0827169281128364,Persuadable,"[0, 5, 10, 15, 20, 25, 30]","[None, None, None, None, None, None, None]","[0.0, 1.31, 2.62, 3.93, 5.24, 6.54, 7.85]"
154,50.21,-0.0030392335417569,Not Persuadable,"[0, 5, 10, 15, 20, 25, 30]","[None, None, None, None, None, None, None]","[0.0, 2.51, 5.02, 7.53, 10.04, 12.55, 15.06]"
2249,40.04,0.0478287820144823,Persuadable,"[0, 5, 10, 15, 20, 25, 30]","[None, None, None, None, None, None, None]","[0.0, 2.0, 4.0, 6.01, 8.01, 10.01, 12.01]"
482,38.66,0.0170645611120236,Persuadable,"[0, 5, 10, 15, 20, 25, 30]","[None, None, None, None, None, None, None]","[0.0, 1.93, 3.87, 5.8, 7.73, 9.66, 11.6]"
4243,23.95,0.0151302146583374,Persuadable,"[0, 5, 10, 15, 20, 25, 30]","[None, None, None, None, None, None, None]","[0.0, 1.2, 2.4, 3.59, 4.79, 5.99, 7.18]"
4316,36.6,0.011380358906251,Persuadable,"[0, 5, 10, 15, 20, 25, 30]","[None, None, None, None, None, None, None]","[0.0, 1.83, 3.66, 5.49, 7.32, 9.15, 10.98]"
3579,64.36,0.0868084456021774,Persuadable,"[0, 5, 10, 15, 20, 25, 30]","[None, None, None, None, None, None, None]","[0.0, 3.22, 6.44, 9.65, 12.87, 16.09, 19.31]"
4490,25.86,0.0226995232199792,Persuadable,"[0, 5, 10, 15, 20, 25, 30]","[None, None, None, None, None, None, None]","[0.0, 1.29, 2.59, 3.88, 5.17, 6.46, 7.76]"
3563,29.82,0.1356158554674387,Highly Persuadable,"[0, 5, 10, 15, 20, 25, 30]","[None, None, None, None, None, None, None]","[0.0, 1.49, 2.98, 4.47, 5.96, 7.46, 8.95]"
3316,29.31,0.1494516894704047,Highly Persuadable,"[0, 5, 10, 15, 20, 25, 30]","[None, None, None, None, None, None, None]","[0.0, 1.47, 2.93, 4.4, 5.86, 7.33, 8.79]"
1763,37.91,-0.1051468726444865,Not Persuadable,"[0, 5, 10, 15, 20, 25, 30]","[None, None, None, None, None, None, None]","[0.0, 1.9, 3.79, 5.69, 7.58, 9.48, 11.37]"
3539,44.83,0.0811174461648221,Persuadable,"[0, 5, 10, 15, 20, 25, 30]","[None, None, None, None, None, None, None]","[0.0, 2.24, 4.48, 6.72, 8.97, 11.21, 13.45]"
4814,32.16,0.0237637056887204,Persuadable,"[0, 5, 10, 15, 20, 25, 30]","[None, None, None, None, None, None, None]","[0.0, 1.61, 3.22, 4.82, 6.43, 8.04, 9.65]"
751,42.76,0.0453245986824325,Persuadable,"[0, 5, 10, 15, 20, 25, 30]","[None, None, None, None, None, None, None]","[0.0, 2.14, 4.28, 6.41, 8.55, 10.69, 12.83]"
3620,33.99,-0.0577955931943623,Not Persuadable,"[0, 5, 10, 15, 20, 25, 30]","[None, None, None, None, None, None, None]","[0.0, 1.7, 3.4, 5.1, 6.8, 8.5, 10.2]"
1786,29.92,0.0854287940392815,Persuadable,"[0, 5, 10, 15, 20, 25, 30]","[None, None, None, None, None, None, None]","[0.0, 1.5, 2.99, 4.49, 5.98, 7.48, 8.98]"
4281,38.51,0.000689319452218,Persuadable,"[0, 5, 10, 15, 20, 25, 30]","[None, None, None, None, None, None, None]","[0.0, 1.93, 3.85, 5.78, 7.7, 9.63, 11.55]"
3384,30.48,0.1556033706497753,Highly Persuadable,"[0, 5, 10, 15, 20, 25, 30]","[None, None, None, None, None, None, None]","[0.0, 1.52, 3.05, 4.57, 6.1, 7.62, 9.14]"
4148,30.2,-0.0133301103506763,Not Persuadable,"[0, 5, 10, 15, 20, 25, 30]","[None, None, None, None, None, None, None]","[0.0, 1.51, 3.02, 4.53, 6.04, 7.55, 9.06]"
406,51.79,0.1075892949451483,Highly Persuadable,"[0, 5, 10, 15, 20, 25, 30]","[None, None, None, None, None, None, None]","[0.0, 2.59, 5.18, 7.77, 10.36, 12.95, 15.54]"
758,38.23,0.010373187135699,Persuadable,"[0, 5, 10, 15, 20, 25, 30]","[None, None, None, None, None, None, None]","[0.0, 1.91, 3.82, 5.73, 7.65, 9.56, 11.47]"
2712,38.83,0.0164626303297,Persuadable,"[0, 5, 10, 15, 20, 25, 30]","[None, None, None, None, None, None, None]","[0.0, 1.94, 3.88, 5.82, 7.77, 9.71, 11.65]"
2671,36.61,0.1739887125895715,Highly Persuadable,"[0, 5, 10, 15, 20, 25, 30]","[None, None, None, None, None, None, None]","[0.0, 1.83, 3.66, 5.49, 7.32, 9.15, 10.98]"
4002,35.22,0.0052027270619179,Persuadable,"[0, 5, 10, 15, 20, 25, 30]","[None, None, None, None, None, None, None]","[0.0, 1.76, 3.52, 5.28, 7.04, 8.8, 10.57]"
98,60.69,0.0197155471014876,Persuadable,"[0, 5, 10, 15, 20, 25, 30]","[None, None, None, None, None, None, None]","[0.0, 3.03, 6.07, 9.1, 12.14, 15.17, 18.21]"
1334,46.23,-0.0162227273791934,Not Persuadable,"[0, 5, 10, 15, 20, 25, 30]","[None, None, None, None, None, None, None]","[0.0, 2.31, 4.62, 6.93, 9.25, 11.56, 13.87]"
4462,36.78,0.0061897636723997,Persuadable,"[0, 5, 10, 15, 20, 25, 30]","[None, None, None, None, None, None, None]","[0.0, 1.84, 3.68, 5.52, 7.36, 9.2, 11.03]"
2792,27.58,0.095750794413858,Persuadable,"[0, 5, 10, 15, 20, 25, 30]","[None, None, None, None, None, None, None]","[0.0, 1.38, 2.76, 4.14, 5.52, 6.89, 8.27]"
2855,24.61,-0.0092613853226392,Not Persuadable,"[0, 5, 10, 15, 20, 25, 30]","[None, None, None, None, None, None, None]","[0.0, 1.23, 2.46, 3.69, 4.92, 6.15, 7.38]"
187,47.87,-0.0411586334717322,Not Persuadable,"[0, 5, 10, 15, 20, 25, 30]","[None, None, None, None, None, None, None]","[0.0, 2.39, 4.79, 7.18, 9.57, 11.97, 14.36]"
4404,55.49,-0.0622708855087324,Not Persuadable,"[0, 5, 10, 15, 20, 25, 30]","[None, None, None, None, None, None, None]","[0.0, 2.77, 5.55, 8.32, 11.1, 13.87, 16.65]"
2724,32.85,0.1174778408235811,Highly Persuadable,"[0, 5, 10, 15, 20, 25, 30]","[None, None, None, None, None, None, None]","[0.0, 1.64, 3.29, 4.93, 6.57, 8.21, 9.86]"
3584,23.89,-0.0052733147953408,Not Persuadable,"[0, 5, 10, 15, 20, 25, 30]","[None, None, None, None, None, None, None]","[0.0, 1.19, 2.39, 3.58, 4.78, 5.97, 7.17]"
2059,54.53,0.1436988496359514,Highly Persuadable,"[0, 5, 10, 15, 20, 25, 30]","[None, None, None, None, None, None, None]","[0.0, 2.73, 5.45, 8.18, 10.91, 13.63, 16.36]"
1320,41.86,0.0446231526340549,Persuadable,"[0, 5, 10, 15, 20, 25, 30]","[None, None, None, None, None, None, None]","[0.0, 2.09, 4.19, 6.28, 8.37, 10.46, 12.56]"
149,43.77,0.0827355084404635,Persuadable,"[0, 5, 10, 15, 20, 25, 30]","[None, None, None, None, None, None, None]","[0.0, 2.19, 4.38, 6.57, 8.75, 10.94, 13.13]"
29,52.94,0.0848906086116273,Persuadable,"[0, 5, 10, 15, 20, 25, 30]","[None, None, None, None, None, None, None]","[0.0, 2.65, 5.29, 7.94, 10.59, 13.23, 15.88]"
4150,34.31,-0.0488284881697777,Not Persuadable,"[0, 5, 10, 15, 20, 25, 30]","[None, None, None, None, None, None, None]","[0.0, 1.72, 3.43, 5.15, 6.86, 8.58, 10.29]"
4220,42.02,0.0657782493643151,Persuadable,"[0, 5, 10, 15, 20, 25, 30]","[None, None, None, None, None, None, None]","[0.0, 2.1, 4.2, 6.3, 8.4, 10.51, 12.61]"
3364,40.31,-0.0822472287795251,Not Persuadable,"[0, 5, 10, 15, 20, 25, 30]","[None, None, None, None, None, None, None]","[0.0, 2.02, 4.03, 6.05, 8.06, 10.08, 12.09]"
693,38.56,0.0057628270483116,Persuadable,"[0, 5, 10, 15, 20, 25, 30]","[None, None, None, None, None, None, None]","[0.0, 1.93, 3.86, 5.78, 7.71, 9.64, 11.57]"
2867,40.74,0.1266995605234596,Highly Persuadable,"[0, 5, 10, 15, 20, 25, 30]","[None, None, None, None, None, None, None]","[0.0, 2.04, 4.07, 6.11, 8.15, 10.19, 12.22]"
3777,41.15,0.0392979079352111,Persuadable,"[0, 5, 10, 15, 20, 25, 30]","[None, None, None, None, None, None, None]","[0.0, 2.06, 4.12, 6.17, 8.23, 10.29, 12.34]"
1387,48.8,-0.0233503113061959,Not Persuadable,"[0, 5, 10, 15, 20, 25, 30]","[None, None, None, None, None, None, None]","[0.0, 2.44, 4.88, 7.32, 9.76, 12.2, 14.64]"
1846,34.99,-0.0028286394051796,Not Persuadable,"[0, 5, 10, 15, 20, 25, 30]","[None, None, None, None, None, None, None]","[0.0, 1.75, 3.5, 5.25, 7.0, 8.75, 10.5]"
4741,56.56,0.0928732313829305,Persuadable,"[0, 5, 10, 15, 20, 25, 30]","[None, None, None, None, None, None, None]","[0.0, 2.83, 5.66, 8.48, 11.31, 14.14, 16.97]"
130,42.52,-0.0999338081602392,Not Persuadable,"[0, 5, 10, 15, 20, 25, 30]","[None, None, None, None, None, None, None]","[0.0, 2.13, 4.25, 6.38, 8.5, 10.63, 12.76]"
1600,35.7,-0.0100374991724972,Not Persuadable,"[0, 5, 10, 15, 20, 25, 30]","[None, None, None, None, None, None, None]","[0.0, 1.79, 3.57, 5.36, 7.14, 8.93, 10.71]"
3630,42.51,0.0486181763108412,Persuadable,"[0, 5, 10, 15, 20, 25, 30]","[None, None, None, None, None, None, None]","[0.0, 2.13, 4.25, 6.38, 8.5, 10.63, 12.75]"
4514,36.19,0.0412312602578882,Persuadable,"[0, 5, 10, 15, 20, 25, 30]","[None, None, None, None, None, None, None]","[0.0, 1.81, 3.62, 5.43, 7.24, 9.05, 10.86]"
702,36.89,-0.0107441491539466,Not Persuadable,"[0, 5, 10, 15, 20, 25, 30]","[None, None, None, None, None, None, None]","[0.0, 1.84, 3.69, 5.53, 7.38, 9.22, 11.07]"
4418,41.5,-0.0070797322320491,Not Persuadable,"[0, 5, 10, 15, 20, 25, 30]","[None, None, None, None, None, None, None]","[0.0, 2.08, 4.15, 6.22, 8.3, 10.38, 12.45]"
3029,36.81,-0.0472793748183648,Not Persuadable,"[0, 5, 10, 15, 20, 25, 30]","[None, None, None, None, None, None, None]","[0.0, 1.84, 3.68, 5.52, 7.36, 9.2, 11.04]"
2970,52.78,0.212267730042186,Highly Persuadable,"[0, 5, 10, 15, 20, 25, 30]","[None, None, None, None, None, None, None]","[0.0, 2.64, 5.28, 7.92, 10.56, 13.2, 15.83]"
4367,49.6,0.0176820823557357,Persuadable,"[0, 5, 10, 15, 20, 25, 30]","[None, None, None, None, None, None, None]","[0.0, 2.48, 4.96, 7.44, 9.92, 12.4, 14.88]"
1709,46.1,-0.0022490741227483,Not Persuadable,"[0, 5, 10, 15, 20, 25, 30]","[None, None, None, None, None, None, None]","[0.0, 2.31, 4.61, 6.92, 9.22, 11.53, 13.83]"
2954,39.84,-0.045814305295262,Not Persuadable,"[0, 5, 10, 15, 20, 25, 30]","[None, None, None, None, None, None, None]","[0.0, 1.99, 3.98, 5.98, 7.97, 9.96, 11.95]"
455,37.93,0.0649059452520756,Persuadable,"[0, 5, 10, 15, 20, 25, 30]","[None, None, None, None, None, None, None]","[0.0, 1.9, 3.79, 5.69, 7.59, 9.48, 11.38]"
2869,41.46,0.0368066808867411,Persuadable,"[0, 5, 10, 15, 20, 25, 30]","[None, None, None, None, None, None, None]","[0.0, 2.07, 4.15, 6.22, 8.29, 10.37, 12.44]"
2041,35.19,0.2241840201644034,Highly Persuadable,"[0, 5, 10, 15, 20, 25, 30]","[None, None, None, None, None, None, None]","[0.0, 1.76, 3.52, 5.28, 7.04, 8.8, 10.56]"
1773,43.34,0.0194048049112627,Persuadable,"[0, 5, 10, 15, 20, 25, 30]","[None, None, None, None, None, None, None]","[0.0, 2.17, 4.33, 6.5, 8.67, 10.84, 13.0]"
2316,29.56,0.0685991529784496,Persuadable,"[0, 5, 10, 15, 20, 25, 30]","[None, None, None, None, None, None, None]","[0.0, 1.48, 2.96, 4.43, 5.91, 7.39, 8.87]"
610,45.48,-0.0582519099909145,Not Persuadable,"[0, 5, 10, 15, 20, 25, 30]","[None, None, None, None, None, None, None]","[0.0, 2.27, 4.55, 6.82, 9.1, 11.37, 13.64]"
168,33.35,-0.0597226674596854,Not Persuadable,"[0, 5, 10, 15, 20, 25, 30]","[None, None, None, None, None, None, None]","[0.0, 1.67, 3.34, 5.0, 6.67, 8.34, 10.01]"
731,37.08,0.1006479429803556,Highly Persuadable,"[0, 5, 10, 15, 20, 25, 30]","[None, None, None, None, None, None, None]","[0.0, 1.85, 3.71, 5.56, 7.42, 9.27, 11.12]"
4259,34.96,0.0188063069162712,Persuadable,"[0, 5, 10, 15, 20, 25, 30]","[None, None, None, None, None, None, None]","[0.0, 1.75, 3.5, 5.24, 6.99, 8.74, 10.49]"
3359,48.17,-0.0124585806145303,Not Persuadable,"[0, 5, 10, 15, 20, 25, 30]","[None, None, None, None, None, None, None]","[0.0, 2.41, 4.82, 7.23, 9.63, 12.04, 14.45]"
2075,36.89,0.0920964316195571,Persuadable,"[0, 5, 10, 15, 20, 25, 30]","[None, None, None, None, None, None, None]","[0.0, 1.84, 3.69, 5.53, 7.38, 9.22, 11.07]"
4700,59.82,0.0876904455255131,Persuadable,"[0, 5, 10, 15, 20, 25, 30]","[None, None, None, None, None, None, None]","[0.0, 2.99, 5.98, 8.97, 11.96, 14.96, 17.95]"
3701,24.53,0.1478845657981746,Highly Persuadable,"[0, 5, 10, 15, 20, 25, 30]","[None, None, None, None, None, None, None]","[0.0, 1.23, 2.45, 3.68, 4.91, 6.13, 7.36]"
1623,44.95,0.0480393745258404,Persuadable,"[0, 5, 10, 15, 20, 25, 30]","[None, None, None, None, None, None, None]","[0.0, 2.25, 4.5, 6.74, 8.99, 11.24, 13.49]"
588,45.74,0.0530435878101828,Persuadable,"[0, 5, 10, 15, 20, 25, 30]","[None, None, None, None, None, None, None]","[0.0, 2.29, 4.57, 6.86, 9.15, 11.44, 13.72]"
1402,44.08,-0.0545484981175206,Not Persuadable,"[0, 5, 10, 15, 20, 25, 30]","[None, None, None, None, None, None, None]","[0.0, 2.2, 4.41, 6.61, 8.82, 11.02, 13.22]"
3046,41.11,0.0697860887236466,Persuadable,"[0, 5, 10, 15, 20, 25, 30]","[None, None, None, None, None, None, None]","[0.0, 2.06, 4.11, 6.17, 8.22, 10.28, 12.33]"
3225,56.84,0.0444446963770962,Persuadable,"[0, 5, 10, 15, 20, 25, 30]","[None, None, None, None, None, None, None]","[0.0, 2.84, 5.68, 8.53, 11.37, 14.21, 17.05]"
1701,33.9,-0.0442028261037088,Not Persuadable,"[0, 5, 10, 15, 20, 25, 30]","[None, None, None, None, None, None, None]","[0.0, 1.7, 3.39, 5.08, 6.78, 8.47, 10.17]"
3089,32.92,0.0761934215940692,Persuadable,"[0, 5, 10, 15, 20, 25, 30]","[None, None, None, None, None, None, None]","[0.0, 1.65, 3.29, 4.94, 6.58, 8.23, 9.88]"
4401,32.59,-0.0395859083721387,Not Persuadable,"[0, 5, 10, 15, 20, 25, 30]","[None, None, None, None, None, None, None]","[0.0, 1.63, 3.26, 4.89, 6.52, 8.15, 9.78]"
2982,45.72,0.0852536407445518,Persuadable,"[0, 5, 10, 15, 20, 25, 30]","[None, None, None, None, None, None, None]","[0.0, 2.29, 4.57, 6.86, 9.14, 11.43, 13.72]"
41,27.35,0.0574742661364827,Persuadable,"[0, 5, 10, 15, 20, 25, 30]","[None, None, None, None, None, None, None]","[0.0, 1.37, 2.74, 4.1, 5.47, 6.84, 8.21]"
1380,47.15,0.0591778384536368,Persuadable,"[0, 5, 10, 15, 20, 25, 30]","[None, None, None, None, None, None, None]","[0.0, 2.36, 4.71, 7.07, 9.43, 11.79, 14.14]"
2090,42.89,0.042488491936348,Persuadable,"[0, 5, 10, 15, 20, 25, 30]","[None, None, None, None, None, None, None]","[0.0, 2.14, 4.29, 6.43, 8.58, 10.72, 12.87]"
2176,59.67,0.0655290326451324,Persuadable,"[0, 5, 10, 15, 20, 25, 30]","[None, None, None, None, None, None, None]","[0.0, 2.98, 5.97, 8.95, 11.93, 14.92, 17.9]"
3218,21.59,-0.0738315583150184,Not Persuadable,"[0, 5, 10, 15, 20, 25, 30]","[None, None, None, None, None, None, None]","[0.0, 1.08, 2.16, 3.24, 4.32, 5.4, 6.48]"
2886,24.66,0.1121172267437053,Highly Persuadable,"[0, 5, 10, 15, 20, 25, 30]","[None, None, None, None, None, None, None]","[0.0, 1.23, 2.47, 3.7, 4.93, 6.17, 7.4]"
75,43.77,0.0220272005490724,Persuadable,"[0, 5, 10, 15, 20, 25, 30]","[None, None, None, None, None, None, None]","[0.0, 2.19, 4.38, 6.57, 8.75, 10.94, 13.13]"
3928,24.7,0.1271626154668631,Highly Persuadable,"[0, 5, 10, 15, 20, 25, 30]","[None, None, None, None, None, None, None]","[0.0, 1.24, 2.47, 3.7, 4.94, 6.17, 7.41]"
3909,34.97,0.0976857413306819,Persuadable,"[0, 5, 10, 15, 20, 25, 30]","[None, None, None, None, None, None, None]","[0.0, 1.75, 3.5, 5.25, 6.99, 8.74, 10.49]"
2658,27.91,-0.0418248722471253,Not Persuadable,"[0, 5, 10, 15, 20, 25, 30]","[None, None, None, None, None, None, None]","[0.0, 1.4, 2.79, 4.19, 5.58, 6.98, 8.37]"
3181,24.37,-0.0239628439538757,Not Persuadable,"[0, 5, 10, 15, 20, 25, 30]","[None, None, None, None, None, None, None]","[0.0, 1.22, 2.44, 3.66, 4.87, 6.09, 7.31]"
2077,37.07,0.0781744928674738,Persuadable,"[0, 5, 10, 15, 20, 25, 30]","[None, None, None, None, None, None, None]","[0.0, 1.85, 3.71, 5.56, 7.41, 9.27, 11.12]"
442,38.7,0.2291106953773519,Highly Persuadable,"[0, 5, 10, 15, 20, 25, 30]","[None, None, None, None, None, None, None]","[0.0, 1.94, 3.87, 5.81, 7.74, 9.68, 11.61]"
4070,31.04,0.0791830232679061,Persuadable,"[0, 5, 10, 15, 20, 25, 30]","[None, None, None, None, None, None, None]","[0.0, 1.55, 3.1, 4.66, 6.21, 7.76, 9.31]"
2052,51.79,0.0801455092874966,Persuadable,"[0, 5, 10, 15, 20, 25, 30]","[None, None, None, None, None, None, None]","[0.0, 2.59, 5.18, 7.77, 10.36, 12.95, 15.54]"
2542,33.68,-0.0340149950096457,Not Persuadable,"[0, 5, 10, 15, 20, 25, 30]","[None, None, None, None, None, None, None]","[0.0, 1.68, 3.37, 5.05, 6.74, 8.42, 10.1]"
3307,27.88,0.0812926156480982,Persuadable,"[0, 5, 10, 15, 20, 25, 30]","[None, None, None, None, None, None, None]","[0.0, 1.39, 2.79, 4.18, 5.58, 6.97, 8.36]"
1302,25.91,-0.0292558275868082,Not Persuadable,"[0, 5, 10, 15, 20, 25, 30]","[None, None, None, None, None, None, None]","[0.0, 1.3, 2.59, 3.89, 5.18, 6.48, 7.77]"
1782,42.93,0.0297766132094668,Persuadable,"[0, 5, 10, 15, 20, 25, 30]","[None, None, None, None, None, None, None]","[0.0, 2.15, 4.29, 6.44, 8.59, 10.73, 12.88]"
4825,33.22,0.1729594355606764,Highly Persuadable,"[0, 5, 10, 15, 20, 25, 30]","[None, None, None, None, None, None, None]","[0.0, 1.66, 3.32, 4.98, 6.64, 8.3, 9.97]"
3431,40.17,-0.0508665109093901,Not Persuadable,"[0, 5, 10, 15, 20, 25, 30]","[None, None, None, None, None, None, None]","[0.0, 2.01, 4.02, 6.03, 8.03, 10.04, 12.05]"
1305,61.34,0.0503865281835666,Persuadable,"[0, 5, 10, 15, 20, 25, 30]","[None, None, None, None, None, None, None]","[0.0, 3.07, 6.13, 9.2, 12.27, 15.34, 18.4]"
237,26.32,0.0223820402973002,Persuadable,"[0, 5, 10, 15, 20, 25, 30]","[None, None, None, None, None, None, None]","[0.0, 1.32, 2.63, 3.95, 5.26, 6.58, 7.9]"
2600,50.09,-0.0712102188503269,Not Persuadable,"[0, 5, 10, 15, 20, 25, 30]","[None, None, None, None, None, None, None]","[0.0, 2.5, 5.01, 7.51, 10.02, 12.52, 15.03]"
521,44.89,0.024817564184354,Persuadable,"[0, 5, 10, 15, 20, 25, 30]","[None, None, None, None, None, None, None]","[0.0, 2.24, 4.49, 6.73, 8.98, 11.22, 13.47]"
2574,53.8,0.0629145309122058,Persuadable,"[0, 5, 10, 15, 20, 25, 30]","[None, None, None, None, None, None, None]","[0.0, 2.69, 5.38, 8.07, 10.76, 13.45, 16.14]"
3281,38.73,0.0580338179139123,Persuadable,"[0, 5, 10, 15, 20, 25, 30]","[None, None, None, None, None, None, None]","[0.0, 1.94, 3.87, 5.81, 7.75, 9.68, 11.62]"
3187,38.41,0.0464688739649494,Persuadable,"[0, 5, 10, 15, 20, 25, 30]","[None, None, None, None, None, None, None]","[0.0, 1.92, 3.84, 5.76, 7.68, 9.6, 11.52]"
2769,42.74,0.022579380476004,Persuadable,"[0, 5, 10, 15, 20, 25, 30]","[None, None, None, None, None, None, None]","[0.0, 2.14, 4.27, 6.41, 8.55, 10.69, 12.82]"
736,25.54,0.0627692634944227,Persuadable,"[0, 5, 10, 15, 20, 25, 30]","[None, None, None, None, None, None, None]","[0.0, 1.28, 2.55, 3.83, 5.11, 6.38, 7.66]"
4714,44.64,-0.0585619393934623,Not Persuadable,"[0, 5, 10, 15, 20, 25, 30]","[None, None, None, None, None, None, None]","[0.0, 2.23, 4.46, 6.7, 8.93, 11.16, 13.39]"
4940,36.0,0.0421352906953158,Persuadable,"[0, 5, 10, 15, 20, 25, 30]","[None, None, None, None, None, None, None]","[0.0, 1.8, 3.6, 5.4, 7.2, 9.0, 10.8]"
2107,46.82,0.073424474257516,Persuadable,"[0, 5, 10, 15, 20, 25, 30]","[None, None, None, None, None, None, None]","[0.0, 2.34, 4.68, 7.02, 9.36, 11.71, 14.05]"
2680,40.01,0.0598897226239812,Persuadable,"[0, 5, 10, 15, 20, 25, 30]","[None, None, None, None, None, None, None]","[0.0, 2.0, 4.0, 6.0, 8.0, 10.0, 12.0]"
3230,35.47,-0.0169702101059241,Not Persuadable,"[0, 5, 10, 15, 20, 25, 30]","[None, None, None, None, None, None, None]","[0.0, 1.77, 3.55, 5.32, 7.09, 8.87, 10.64]"
2762,40.22,-0.0283675157421877,Not Persuadable,"[0, 5, 10, 15, 20, 25, 30]","[None, None, None, None, None, None, None]","[0.0, 2.01, 4.02, 6.03, 8.04, 10.05, 12.07]"
593,49.3,0.0466140181977211,Persuadable,"[0, 5, 10, 15, 20, 25, 30]","[None, None, None, None, None, None, None]","[0.0, 2.46, 4.93, 7.39, 9.86, 12.32, 14.79]"
1304,33.02,0.1124173828724613,Highly Persuadable,"[0, 5, 10, 15, 20, 25, 30]","[None, None, None, None, None, None, None]","[0.0, 1.65, 3.3, 4.95, 6.6, 8.26, 9.91]"
1388,18.15,0.0627676389899201,Persuadable,"[0, 5, 10, 15, 20, 25, 30]","[None, None, None, None, None, None, None]","[0.0, 0.91, 1.81, 2.72, 3.63, 4.54, 5.44]"
4706,49.85,0.0653309964377578,Persuadable,"[0, 5, 10, 15, 20, 25, 30]","[None, None, None, None, None, None, None]","[0.0, 2.49, 4.99, 7.48, 9.97, 12.46, 14.96]"
4537,37.91,-0.0169679260758053,Not Persuadable,"[0, 5, 10, 15, 20, 25, 30]","[None, None, None, None, None, None, None]","[0.0, 1.9, 3.79, 5.69, 7.58, 9.48, 11.37]"
3966,31.2,-5.840665248373891e-05,Not Persuadable,"[0, 5, 10, 15, 20, 25, 30]","[None, None, None, None, None, None, None]","[0.0, 1.56, 3.12, 4.68, 6.24, 7.8, 9.36]"
1891,20.9,-0.0244590257019998,Not Persuadable,"[0, 5, 10, 15, 20, 25, 30]","[None, None, None, None, None, None, None]","[0.0, 1.04, 2.09, 3.13, 4.18, 5.22, 6.27]"
2988,33.12,0.0521157797033021,Persuadable,"[0, 5, 10, 15, 20, 25, 30]","[None, None, None, None, None, None, None]","[0.0, 1.66, 3.31, 4.97, 6.62, 8.28, 9.94]"
4935,38.95,0.0176645402485037,Persuadable,"[0, 5, 10, 15, 20, 25, 30]","[None, None, None, None, None, None, None]","[0.0, 1.95, 3.9, 5.84, 7.79, 9.74, 11.69]"
3298,36.15,0.0675581005866041,Persuadable,"[0, 5, 10, 15, 20, 25, 30]","[None, None, None, None, None, None, None]","[0.0, 1.81, 3.62, 5.42, 7.23, 9.04, 10.84]"
905,35.74,-0.0150182098683684,Not Persuadable,"[0, 5, 10, 15, 20, 25, 30]","[None, None, None, None, None, None, None]","[0.0, 1.79, 3.57, 5.36, 7.15, 8.94, 10.72]"
4620,27.36,0.1443927681350487,Highly Persuadable,"[0, 5, 10, 15, 20, 25, 30]","[None, None, None, None, None, None, None]","[0.0, 1.37, 2.74, 4.1, 5.47, 6.84, 8.21]"
1280,28.76,0.0487087356716341,Persuadable,"[0, 5, 10, 15, 20, 25, 30]","[None, None, None, None, None, None, None]","[0.0, 1.44, 2.88, 4.31, 5.75, 7.19, 8.63]"
934,37.8,-0.0384380092019079,Not Persuadable,"[0, 5, 10, 15, 20, 25, 30]","[None, None, None, None, None, None, None]","[0.0, 1.89, 3.78, 5.67, 7.56, 9.45, 11.34]"
4910,33.14,0.1468364417652713,Highly Persuadable,"[0, 5, 10, 15, 20, 25, 30]","[None, None, None, None, None, None, None]","[0.0, 1.66, 3.31, 4.97, 6.63, 8.29, 9.94]"
2309,35.07,0.0166241394094813,Persuadable,"[0, 5, 10, 15, 20, 25, 30]","[None, None, None, None, None, None, None]","[0.0, 1.75, 3.51, 5.26, 7.01, 8.77, 10.52]"
1556,39.72,0.1151899167382296,Highly Persuadable,"[0, 5, 10, 15, 20, 25, 30]","[None, None, None, None, None, None, None]","[0.0, 1.99, 3.97, 5.96, 7.94, 9.93, 11.92]"
4544,24.69,0.2350302328687404,Highly Persuadable,"[0, 5, 10, 15, 20, 25, 30]","[None, None, None, None, None, None, None]","[0.0, 1.23, 2.47, 3.7, 4.94, 6.17, 7.41]"
3191,31.36,0.0488176094218455,Persuadable,"[0, 5, 10, 15, 20, 25, 30]","[None, None, None, None, None, None, None]","[0.0, 1.57, 3.14, 4.7, 6.27, 7.84, 9.41]"
4452,47.33,0.005508660272522,Persuadable,"[0, 5, 10, 15, 20, 25, 30]","[None, None, None, None, None, None, None]","[0.0, 2.37, 4.73, 7.1, 9.47, 11.83, 14.2]"
707,43.06,0.0425979203559113,Persuadable,"[0, 5, 10, 15, 20, 25, 30]","[None, None, None, None, None, None, None]","[0.0, 2.15, 4.31, 6.46, 8.61, 10.77, 12.92]"
4701,38.17,0.0564078292811499,Persuadable,"[0, 5, 10, 15, 20, 25, 30]","[None, None, None, None, None, None, None]","[0.0, 1.91, 3.82, 5.73, 7.63, 9.54, 11.45]"
3071,32.98,0.1365686008266069,Highly Persuadable,"[0, 5, 10, 15, 20, 25, 30]","[None, None, None, None, None, None, None]","[0.0, 1.65, 3.3, 4.95, 6.6, 8.24, 9.89]"
746,51.86,-0.0004690267169779,Not Persuadable,"[0, 5, 10, 15, 20, 25, 30]","[None, None, None, None, None, None, None]","[0.0, 2.59, 5.19, 7.78, 10.37, 12.96, 15.56]"
3595,49.34,-0.1255837518538978,Not Persuadable,"[0, 5, 10, 15, 20, 25, 30]","[None, None, None, None, None, None, None]","[0.0, 2.47, 4.93, 7.4, 9.87, 12.34, 14.8]"
1940,30.13,0.1235358245637825,Highly Persuadable,"[0, 5, 10, 15, 20, 25, 30]","[None, None, None, None, None, None, None]","[0.0, 1.51, 3.01, 4.52, 6.03, 7.53, 9.04]"
4411,35.15,-0.004544991123992,Not Persuadable,"[0, 5, 10, 15, 20, 25, 30]","[None, None, None, None, None, None, None]","[0.0, 1.76, 3.52, 5.27, 7.03, 8.79, 10.54]"
2863,23.36,0.0532844714297933,Persuadable,"[0, 5, 10, 15, 20, 25, 30]","[None, None, None, None, None, None, None]","[0.0, 1.17, 2.34, 3.5, 4.67, 5.84, 7.01]"
4707,23.37,0.0470051837417442,Persuadable,"[0, 5, 10, 15, 20, 25, 30]","[None, None, None, None, None, None, None]","[0.0, 1.17, 2.34, 3.51, 4.67, 5.84, 7.01]"
514,25.18,0.0998747325036983,Persuadable,"[0, 5, 10, 15, 20, 25, 30]","[None, None, None, None, None, None, None]","[0.0, 1.26, 2.52, 3.78, 5.04, 6.29, 7.55]"
82,38.32,-0.0103415833922124,Not Persuadable,"[0, 5, 10, 15, 20, 25, 30]","[None, None, None, None, None, None, None]","[0.0, 1.92, 3.83, 5.75, 7.66, 9.58, 11.5]"
4987,45.9,0.0165851281192669,Persuadable,"[0, 5, 10, 15, 20, 25, 30]","[None, None, None, None, None, None, None]","[0.0, 2.29, 4.59, 6.88, 9.18, 11.47, 13.77]"
1309,38.53,0.020467222070991,Persuadable,"[0, 5, 10, 15, 20, 25, 30]","[None, None, None, None, None, None, None]","[0.0, 1.93, 3.85, 5.78, 7.71, 9.63, 11.56]"
4559,41.1,0.1532506231445324,Highly Persuadable,"[0, 5, 10, 15, 20, 25, 30]","[None, None, None, None, None, None, None]","[0.0, 2.06, 4.11, 6.17, 8.22, 10.28, 12.33]"
915,41.3,0.0787491290990777,Persuadable,"[0, 5, 10, 15, 20, 25, 30]","[None, None, None, None, None, None, None]","[0.0, 2.06, 4.13, 6.19, 8.26, 10.32, 12.39]"
3453,18.47,0.0178068853574082,Persuadable,"[0, 5, 10, 15, 20, 25, 30]","[None, None, None, None, None, None, None]","[0.0, 0.92, 1.85, 2.77, 3.69, 4.62, 5.54]"
3696,49.66,-0.0587903622351996,Not Persuadable,"[0, 5, 10, 15, 20, 25, 30]","[None, None, None, None, None, None, None]","[0.0, 2.48, 4.97, 7.45, 9.93, 12.41, 14.9]"
4815,43.87,0.017294108094646,Persuadable,"[0, 5, 10, 15, 20, 25, 30]","[None, None, None, None, None, None, None]","[0.0, 2.19, 4.39, 6.58, 8.77, 10.97, 13.16]"
3157,39.27,-0.0312374788941325,Not Persuadable,"[0, 5, 10, 15, 20, 25, 30]","[None, None, None, None, None, None, None]","[0.0, 1.96, 3.93, 5.89, 7.85, 9.82, 11.78]"
2199,39.41,0.1307083648221878,Highly Persuadable,"[0, 5, 10, 15, 20, 25, 30]","[None, None, None, None, None, None, None]","[0.0, 1.97, 3.94, 5.91, 7.88, 9.85, 11.82]"
4242,38.03,0.0288457893303844,Persuadable,"[0, 5, 10, 15, 20, 25, 30]","[None, None, None, None, None, None, None]","[0.0, 1.9, 3.8, 5.7, 7.61, 9.51, 11.41]"
775,57.03,-0.0262625479556873,Not Persuadable,"[0, 5, 10, 15, 20, 25, 30]","[None, None, None, None, None, None, None]","[0.0, 2.85, 5.7, 8.55, 11.41, 14.26, 17.11]"
330,38.16,-0.0437473099026952,Not Persuadable,"[0, 5, 10, 15, 20, 25, 30]","[None, None, None, None, None, None, None]","[0.0, 1.91, 3.82, 5.72, 7.63, 9.54, 11.45]"
2055,43.43,0.0582803036171949,Persuadable,"[0, 5, 10, 15, 20, 25, 30]","[None, None, None, None, None, None, None]","[0.0, 2.17, 4.34, 6.51, 8.69, 10.86, 13.03]"
2002,20.29,0.1572579311537238,Highly Persuadable,"[0, 5, 10, 15, 20, 25, 30]","[None, None, None, None, None, None, None]","[0.0, 1.01, 2.03, 3.04, 4.06, 5.07, 6.09]"
944,13.76,-0.1138758052801295,Not Persuadable,"[0, 5, 10, 15, 20, 25, 30]","[None, None, None, None, None, None, None]","[0.0, 0.69, 1.38, 2.06, 2.75, 3.44, 4.13]"
823,44.46,0.0395280204619494,Persuadable,"[0, 5, 10, 15, 20, 25, 30]","[None, None, None, None, None, None, None]","[0.0, 2.22, 4.45, 6.67, 8.89, 11.12, 13.34]"
4538,42.06,0.1511108454504045,Highly Persuadable,"[0, 5, 10, 15, 20, 25, 30]","[None, None, None, None, None, None, None]","[0.0, 2.1, 4.21, 6.31, 8.41, 10.52, 12.62]"
910,35.88,0.0527820787769249,Persuadable,"[0, 5, 10, 15, 20, 25, 30]","[None, None, None, None, None, None, None]","[0.0, 1.79, 3.59, 5.38, 7.18, 8.97, 10.76]"
2517,53.81,0.1741620847245623,Highly Persuadable,"[0, 5, 10, 15, 20, 25, 30]","[None, None, None, None, None, None, None]","[0.0, 2.69, 5.38, 8.07, 10.76, 13.45, 16.14]"
182,42.42,-0.0023020924661516,Not Persuadable,"[0, 5, 10, 15, 20, 25, 30]","[None, None, None, None, None, None, None]","[0.0, 2.12, 4.24, 6.36, 8.48, 10.61, 12.73]"
165,28.07,0.0397279272986768,Persuadable,"[0, 5, 10, 15, 20, 25, 30]","[None, None, None, None, None, None, None]","[0.0, 1.4, 2.81, 4.21, 5.61, 7.02, 8.42]"
1524,42.45,0.0078264661817309,Persuadable,"[0, 5, 10, 15, 20, 25, 30]","[None, None, None, None, None, None, None]","[0.0, 2.12, 4.25, 6.37, 8.49, 10.61, 12.74]"
452,23.75,0.0762191566325526,Persuadable,"[0, 5, 10, 15, 20, 25, 30]","[None, None, None, None, None, None, None]","[0.0, 1.19, 2.38, 3.56, 4.75, 5.94, 7.12]"
2539,43.82,-0.0641209073897885,Not Persuadable,"[0, 5, 10, 15, 20, 25, 30]","[None, None, None, None, None, None, None]","[0.0, 2.19, 4.38, 6.57, 8.76, 10.96, 13.15]"
4689,27.77,0.1304993755072767,Highly Persuadable,"[0, 5, 10, 15, 20, 25, 30]","[None, None, None, None, None, None, None]","[0.0, 1.39, 2.78, 4.17, 5.55, 6.94, 8.33]"
4786,40.82,-0.0218715373745255,Not Persuadable,"[0, 5, 10, 15, 20, 25, 30]","[None, None, None, None, None, None, None]","[0.0, 2.04, 4.08, 6.12, 8.16, 10.21, 12.25]"
1312,52.22,0.1474438778621412,Highly Persuadable,"[0, 5, 10, 15, 20, 25, 30]","[None, None, None, None, None, None, None]","[0.0, 2.61, 5.22, 7.83, 10.44, 13.05, 15.67]"
3150,43.37,0.0943587085440701,Persuadable,"[0, 5, 10, 15, 20, 25, 30]","[None, None, None, None, None, None, None]","[0.0, 2.17, 4.34, 6.51, 8.67, 10.84, 13.01]"
1112,43.9,0.0488827213472621,Persuadable,"[0, 5, 10, 15, 20, 25, 30]","[None, None, None, None, None, None, None]","[0.0, 2.19, 4.39, 6.58, 8.78, 10.97, 13.17]"
4558,30.81,-0.0122612220896995,Not Persuadable,"[0, 5, 10, 15, 20, 25, 30]","[None, None, None, None, None, None, None]","[0.0, 1.54, 3.08, 4.62, 6.16, 7.7, 9.24]"
3875,26.45,-0.0390265024086753,Not Persuadable,"[0, 5, 10, 15, 20, 25, 30]","[None, None, None, None, None, None, None]","[0.0, 1.32, 2.65, 3.97, 5.29, 6.61, 7.93]"
3490,42.4,-0.0234629184651133,Not Persuadable,"[0, 5, 10, 15, 20, 25, 30]","[None, None, None, None, None, None, None]","[0.0, 2.12, 4.24, 6.36, 8.48, 10.6, 12.72]"
1288,33.48,0.0954379347827429,Persuadable,"[0, 5, 10, 15, 20, 25, 30]","[None, None, None, None, None, None, None]","[0.0, 1.67, 3.35, 5.02, 6.7, 8.37, 10.04]"
4546,38.2,0.1332443166606298,Highly Persuadable,"[0, 5, 10, 15, 20, 25, 30]","[None, None, None, None, None, None, None]","[0.0, 1.91, 3.82, 5.73, 7.64, 9.55, 11.46]"
4656,22.95,0.0491518144951259,Persuadable,"[0, 5, 10, 15, 20, 25, 30]","[None, None, None, None, None, None, None]","[0.0, 1.15, 2.29, 3.44, 4.59, 5.74, 6.88]"
3681,32.49,0.1205105764329945,Highly Persuadable,"[0, 5, 10, 15, 20, 25, 30]","[None, None, None, None, None, None, None]","[0.0, 1.62, 3.25, 4.87, 6.5, 8.12, 9.75]"
4341,32.68,0.018503869334177,Persuadable,"[0, 5, 10, 15, 20, 25, 30]","[None, None, None, None, None, None, None]","[0.0, 1.63, 3.27, 4.9, 6.54, 8.17, 9.8]"
4178,23.14,0.0516586441799876,Persuadable,"[0, 5, 10, 15, 20, 25, 30]","[None, None, None, None, None, None, None]","[0.0, 1.16, 2.31, 3.47, 4.63, 5.79, 6.94]"
3301,40.23,0.043112251364014,Persuadable,"[0, 5, 10, 15, 20, 25, 30]","[None, None, None, None, None, None, None]","[0.0, 2.01, 4.02, 6.03, 8.05, 10.06, 12.07]"
3311,38.96,0.0174636590161184,Persuadable,"[0, 5, 10, 15, 20, 25, 30]","[None, None, None, None, None, None, None]","[0.0, 1.95, 3.9, 5.84, 7.79, 9.74, 11.69]"
4567,25.57,-0.0352833122027515,Not Persuadable,"[0, 5, 10, 15, 20, 25, 30]","[None, None, None, None, None, None, None]","[0.0, 1.28, 2.56, 3.84, 5.11, 6.39, 7.67]"
3126,26.73,0.0997258604157573,Persuadable,"[0, 5, 10, 15, 20, 25, 30]","[None, None, None, None, None, None, None]","[0.0, 1.34, 2.67, 4.01, 5.35, 6.68, 8.02]"
328,43.19,0.08736166997086,Persuadable,"[0, 5, 10, 15, 20, 25, 30]","[None, None, None, None, None, None, None]","[0.0, 2.16, 4.32, 6.48, 8.64, 10.8, 12.96]"
1791,18.3,-0.0754930222451481,Not Persuadable,"[0, 5, 10, 15, 20, 25, 30]","[None, None, None, None, None, None, None]","[0.0, 0.92, 1.83, 2.75, 3.66, 4.58, 5.49]"
2491,29.12,0.1726978934575063,Highly Persuadable,"[0, 5, 10, 15, 20, 25, 30]","[None, None, None, None, None, None, None]","[0.0, 1.46, 2.91, 4.37, 5.82, 7.28, 8.74]"
2007,19.91,0.1600843263552473,Highly Persuadable,"[0, 5, 10, 15, 20, 25, 30]","[None, None, None, None, None, None, None]","[0.0, 1.0, 1.99, 2.99, 3.98, 4.98, 5.97]"
2008,38.19,0.0464520819538693,Persuadable,"[0, 5, 10, 15, 20, 25, 30]","[None, None, None, None, None, None, None]","[0.0, 1.91, 3.82, 5.73, 7.64, 9.55, 11.46]"
1859,67.37,0.1052488124365178,Highly Persuadable,"[0, 5, 10, 15, 20, 25, 30]","[None, None, None, None, None, None, None]","[0.0, 3.37, 6.74, 10.11, 13.47, 16.84, 20.21]"
4696,51.05,-0.0193378578513299,Not Persuadable,"[0, 5, 10, 15, 20, 25, 30]","[None, None, None, None, None, None, None]","[0.0, 2.55, 5.11, 7.66, 10.21, 12.76, 15.31]"
313,52.84,-0.0722890007776801,Not Persuadable,"[0, 5, 10, 15, 20, 25, 30]","[None, None, None, None, None, None, None]","[0.0, 2.64, 5.28, 7.93, 10.57, 13.21, 15.85]"
833,24.84,0.0080955615941531,Persuadable,"[0, 5, 10, 15, 20, 25, 30]","[None, None, None, None, None, None, None]","[0.0, 1.24, 2.48, 3.73, 4.97, 6.21, 7.45]"
3080,47.53,-0.0175177584840911,Not Persuadable,"[0, 5, 10, 15, 20, 25, 30]","[None, None, None, None, None, None, None]","[0.0, 2.38, 4.75, 7.13, 9.51, 11.88, 14.26]"
4728,32.46,0.1645291987494888,Highly Persuadable,"[0, 5, 10, 15, 20, 25, 30]","[None, None, None, None, None, None, None]","[0.0, 1.62, 3.25, 4.87, 6.49, 8.12, 9.74]"
3463,22.67,0.1362566692589214,Highly Persuadable,"[0, 5, 10, 15, 20, 25, 30]","[None, None, None, None, None, None, None]","[0.0, 1.13, 2.27, 3.4, 4.53, 5.67, 6.8]"
1202,31.5,0.2271765702541264,Highly Persuadable,"[0, 5, 10, 15, 20, 25, 30]","[None, None, None, None, None, None, None]","[0.0, 1.58, 3.15, 4.72, 6.3, 7.88, 9.45]"
4402,41.02,0.0863254155221394,Persuadable,"[0, 5, 10, 15, 20, 25, 30]","[None, None, None, None, None, None, None]","[0.0, 2.05, 4.1, 6.15, 8.2, 10.26, 12.31]"
3548,57.08,0.0232540582114327,Persuadable,"[0, 5, 10, 15, 20, 25, 30]","[None, None, None, None, None, None, None]","[0.0, 2.85, 5.71, 8.56, 11.42, 14.27, 17.12]"
4012,30.09,-0.092688529342384,Not Persuadable,"[0, 5, 10, 15, 20, 25, 30]","[None, None, None, None, None, None, None]","[0.0, 1.5, 3.01, 4.51, 6.02, 7.52, 9.03]"
2135,19.48,-0.0240832063581754,Not Persuadable,"[0, 5, 10, 15, 20, 25, 30]","[None, None, None, None, None, None, None]","[0.0, 0.97, 1.95, 2.92, 3.9, 4.87, 5.84]"
3452,47.82,-0.0657373369579286,Not Persuadable,"[0, 5, 10, 15, 20, 25, 30]","[None, None, None, None, None, None, None]","[0.0, 2.39, 4.78, 7.17, 9.56, 11.96, 14.35]"
2210,39.35,0.0795002461510682,Persuadable,"[0, 5, 10, 15, 20, 25, 30]","[None, None, None, None, None, None, None]","[0.0, 1.97, 3.94, 5.9, 7.87, 9.84, 11.8]"
1902,61.35,-0.0231083399820807,Not Persuadable,"[0, 5, 10, 15, 20, 25, 30]","[None, None, None, None, None, None, None]","[0.0, 3.07, 6.14, 9.2, 12.27, 15.34, 18.41]"
1482,31.62,0.0900006783875702,Persuadable,"[0, 5, 10, 15, 20, 25, 30]","[None, None, None, None, None, None, None]","[0.0, 1.58, 3.16, 4.74, 6.32, 7.91, 9.49]"
778,38.95,0.1212945577306669,Highly Persuadable,"[0, 5, 10, 15, 20, 25, 30]","[None, None, None, None, None, None, None]","[0.0, 1.95, 3.9, 5.84, 7.79, 9.74, 11.69]"
800,35.74,0.1581966769812659,Highly Persuadable,"[0, 5, 10, 15, 20, 25, 30]","[None, None, None, None, None, None, None]","[0.0, 1.79, 3.57, 5.36, 7.15, 8.94, 10.72]"
3715,36.55,0.0839374720957882,Persuadable,"[0, 5, 10, 15, 20, 25, 30]","[None, None, None, None, None, None, None]","[0.0, 1.83, 3.65, 5.48, 7.31, 9.14, 10.96]"
3943,49.43,-0.0805656233697347,Not Persuadable,"[0, 5, 10, 15, 20, 25, 30]","[None, None, None, None, None, None, None]","[0.0, 2.47, 4.94, 7.41, 9.89, 12.36, 14.83]"
55,30.25,0.1016273022015096,Highly Persuadable,"[0, 5, 10, 15, 20, 25, 30]","[None, None, None, None, None, None, None]","[0.0, 1.51, 3.03, 4.54, 6.05, 7.56, 9.07]"
2973,31.99,0.1673277721250856,Highly Persuadable,"[0, 5, 10, 15, 20, 25, 30]","[None, None, None, None, None, None, None]","[0.0, 1.6, 3.2, 4.8, 6.4, 8.0, 9.6]"
3336,31.95,0.0056068681647944,Persuadable,"[0, 5, 10, 15, 20, 25, 30]","[None, None, None, None, None, None, None]","[0.0, 1.6, 3.2, 4.79, 6.39, 7.99, 9.58]"
1921,47.82,-0.0050379519124452,Not Persuadable,"[0, 5, 10, 15, 20, 25, 30]","[None, None, None, None, None, None, None]","[0.0, 2.39, 4.78, 7.17, 9.56, 11.96, 14.35]"
3716,65.17,0.1257808966315699,Highly Persuadable,"[0, 5, 10, 15, 20, 25, 30]","[None, None, None, None, None, None, None]","[0.0, 3.26, 6.52, 9.78, 13.03, 16.29, 19.55]"
4657,40.78,-0.0505039162856895,Not Persuadable,"[0, 5, 10, 15, 20, 25, 30]","[None, None, None, None, None, None, None]","[0.0, 2.04, 4.08, 6.12, 8.16, 10.2, 12.23]"
947,45.1,-0.0579332185751417,Not Persuadable,"[0, 5, 10, 15, 20, 25, 30]","[None, None, None, None, None, None, None]","[0.0, 2.26, 4.51, 6.76, 9.02, 11.28, 13.53]"
1702,39.74,0.0458830281127256,Persuadable,"[0, 5, 10, 15, 20, 25, 30]","[None, None, None, None, None, None, None]","[0.0, 1.99, 3.97, 5.96, 7.95, 9.94, 11.92]"
3294,40.89,0.0799224422908176,Persuadable,"[0, 5, 10, 15, 20, 25, 30]","[None, None, None, None, None, None, None]","[0.0, 2.04, 4.09, 6.13, 8.18, 10.22, 12.27]"
2162,22.79,0.0022096226022728,Persuadable,"[0, 5, 10, 15, 20, 25, 30]","[None, None, None, None, None, None, None]","[0.0, 1.14, 2.28, 3.42, 4.56, 5.7, 6.84]"
1137,29.76,0.1123472286475828,Highly Persuadable,"[0, 5, 10, 15, 20, 25, 30]","[None, None, None, None, None, None, None]","[0.0, 1.49, 2.98, 4.46, 5.95, 7.44, 8.93]"
988,29.05,0.0556133095201251,Persuadable,"[0, 5, 10, 15, 20, 25, 30]","[None, None, None, None, None, None, None]","[0.0, 1.45, 2.91, 4.36, 5.81, 7.26, 8.71]"
2550,32.47,0.1270504202633896,Highly Persuadable,"[0, 5, 10, 15, 20, 25, 30]","[None, None, None, None, None, None, None]","[0.0, 1.62, 3.25, 4.87, 6.49, 8.12, 9.74]"
194,52.44,0.0350340294323536,Persuadable,"[0, 5, 10, 15, 20, 25, 30]","[None, None, None, None, None, None, None]","[0.0, 2.62, 5.24, 7.87, 10.49, 13.11, 15.73]"
3058,60.12,0.120086362318144,Highly Persuadable,"[0, 5, 10, 15, 20, 25, 30]","[None, None, None, None, None, None, None]","[0.0, 3.01, 6.01, 9.02, 12.02, 15.03, 18.04]"
3247,28.76,0.1505591748420379,Highly Persuadable,"[0, 5, 10, 15, 20, 25, 30]","[None, None, None, None, None, None, None]","[0.0, 1.44, 2.88, 4.31, 5.75, 7.19, 8.63]"
1395,52.24,-0.0264345618815255,Not Persuadable,"[0, 5, 10, 15, 20, 25, 30]","[None, None, None, None, None, None, None]","[0.0, 2.61, 5.22, 7.84, 10.45, 13.06, 15.67]"
2638,41.09,0.0203629028403345,Persuadable,"[0, 5, 10, 15, 20, 25, 30]","[None, None, None, None, None, None, None]","[0.0, 2.05, 4.11, 6.16, 8.22, 10.27, 12.33]"
769,29.11,-0.0774893679004195,Not Persuadable,"[0, 5, 10, 15, 20, 25, 30]","[None, None, None, None, None, None, None]","[0.0, 1.46, 2.91, 4.37, 5.82, 7.28, 8.73]"
4713,43.8,-0.0630251912078942,Not Persuadable,"[0, 5, 10, 15, 20, 25, 30]","[None, None, None, None, None, None, None]","[0.0, 2.19, 4.38, 6.57, 8.76, 10.95, 13.14]"
3091,44.89,0.0657630440231043,Persuadable,"[0, 5, 10, 15, 20, 25, 30]","[None, None, None, None, None, None, None]","[0.0, 2.24, 4.49, 6.73, 8.98, 11.22, 13.47]"
3496,27.92,0.0937595233930107,Persuadable,"[0, 5, 10, 15, 20, 25, 30]","[None, None, None, None, None, None, None]","[0.0, 1.4, 2.79, 4.19, 5.58, 6.98, 8.38]"
3216,32.05,0.0444951832180027,Persuadable,"[0, 5, 10, 15, 20, 25, 30]","[None, None, None, None, None, None, None]","[0.0, 1.6, 3.21, 4.81, 6.41, 8.01, 9.61]"
286,35.0,0.0422367622590948,Persuadable,"[0, 5, 10, 15, 20, 25, 30]","[None, None, None, None, None, None, None]","[0.0, 1.75, 3.5, 5.25, 7.0, 8.75, 10.5]"
4949,58.5,0.1129345454611054,Highly Persuadable,"[0, 5, 10, 15, 20, 25, 30]","[None, None, None, None, None, None, None]","[0.0, 2.93, 5.85, 8.78, 11.7, 14.62, 17.55]"
429,45.32,0.0082393030719675,Persuadable,"[0, 5, 10, 15, 20, 25, 30]","[None, None, None, None, None, None, None]","[0.0, 2.27, 4.53, 6.8, 9.06, 11.33, 13.6]"
4459,40.98,0.053540075095951,Persuadable,"[0, 5, 10, 15, 20, 25, 30]","[None, None, None, None, None, None, None]","[0.0, 2.05, 4.1, 6.15, 8.2, 10.24, 12.29]"
2333,44.48,0.0340960199401746,Persuadable,"[0, 5, 10, 15, 20, 25, 30]","[None, None, None, None, None, None, None]","[0.0, 2.22, 4.45, 6.67, 8.9, 11.12, 13.34]"
2718,42.98,-0.0879744107345779,Not Persuadable,"[0, 5, 10, 15, 20, 25, 30]","[None, None, None, None, None, None, None]","[0.0, 2.15, 4.3, 6.45, 8.6, 10.74, 12.89]"
2080,15.1,0.1258219613624214,Highly Persuadable,"[0, 5, 10, 15, 20, 25, 30]","[None, None, None, None, None, None, None]","[0.0, 0.76, 1.51, 2.26, 3.02, 3.77, 4.53]"
3390,42.67,0.0606066292758256,Persuadable,"[0, 5, 10, 15, 20, 25, 30]","[None, None, None, None, None, None, None]","[0.0, 2.13, 4.27, 6.4, 8.53, 10.67, 12.8]"
723,32.58,-0.0012096259191731,Not Persuadable,"[0, 5, 10, 15, 20, 25, 30]","[None, None, None, None, None, None, None]","[0.0, 1.63, 3.26, 4.89, 6.52, 8.14, 9.77]"
952,46.39,-0.0486657085065331,Not Persuadable,"[0, 5, 10, 15, 20, 25, 30]","[None, None, None, None, None, None, None]","[0.0, 2.32, 4.64, 6.96, 9.28, 11.6, 13.92]"
4394,34.13,-0.0256280354244901,Not Persuadable,"[0, 5, 10, 15, 20, 25, 30]","[None, None, None, None, None, None, None]","[0.0, 1.71, 3.41, 5.12, 6.83, 8.53, 10.24]"
4377,24.22,0.1351084517850186,Highly Persuadable,"[0, 5, 10, 15, 20, 25, 30]","[None, None, None, None, None, None, None]","[0.0, 1.21, 2.42, 3.63, 4.84, 6.05, 7.27]"
2263,40.56,0.0329793147913058,Persuadable,"[0, 5, 10, 15, 20, 25, 30]","[None, None, None, None, None, None, None]","[0.0, 2.03, 4.06, 6.08, 8.11, 10.14, 12.17]"
990,39.96,0.0378099744330155,Persuadable,"[0, 5, 10, 15, 20, 25, 30]","[None, None, None, None, None, None, None]","[0.0, 2.0, 4.0, 5.99, 7.99, 9.99, 11.99]"
3213,38.98,-0.0208533712334653,Not Persuadable,"[0, 5, 10, 15, 20, 25, 30]","[None, None, None, None, None, None, None]","[0.0, 1.95, 3.9, 5.85, 7.8, 9.74, 11.69]"
1760,43.81,0.0399664413381391,Persuadable,"[0, 5, 10, 15, 20, 25, 30]","[None, None, None, None, None, None, None]","[0.0, 2.19, 4.38, 6.57, 8.76, 10.95, 13.14]"
4117,36.41,-0.0500125470840297,Not Persuadable,"[0, 5, 10, 15, 20, 25, 30]","[None, None, None, None, None, None, None]","[0.0, 1.82, 3.64, 5.46, 7.28, 9.1, 10.92]"
327,44.69,0.0300768279541247,Persuadable,"[0, 5, 10, 15, 20, 25, 30]","[None, None, None, None, None, None, None]","[0.0, 2.23, 4.47, 6.7, 8.94, 11.17, 13.41]"
2609,53.54,0.1403008076017912,Highly Persuadable,"[0, 5, 10, 15, 20, 25, 30]","[None, None, None, None, None, None, None]","[0.0, 2.68, 5.35, 8.03, 10.71, 13.38, 16.06]"
1384,24.31,0.0927352567101358,Persuadable,"[0, 5, 10, 15, 20, 25, 30]","[None, None, None, None, None, None, None]","[0.0, 1.22, 2.43, 3.65, 4.86, 6.08, 7.29]"
1725,52.59,0.115728132355546,Highly Persuadable,"[0, 5, 10, 15, 20, 25, 30]","[None, None, None, None, None, None, None]","[0.0, 2.63, 5.26, 7.89, 10.52, 13.15, 15.78]"
1087,33.66,0.093204009513405,Persuadable,"[0, 5, 10, 15, 20, 25, 30]","[None, None, None, None, None, None, None]","[0.0, 1.68, 3.37, 5.05, 6.73, 8.41, 10.1]"
2524,28.63,0.0947848510641825,Persuadable,"[0, 5, 10, 15, 20, 25, 30]","[None, None, None, None, None, None, None]","[0.0, 1.43, 2.86, 4.29, 5.73, 7.16, 8.59]"
342,54.73,0.0662865427504141,Persuadable,"[0, 5, 10, 15, 20, 25, 30]","[None, None, None, None, None, None, None]","[0.0, 2.74, 5.47, 8.21, 10.95, 13.68, 16.42]"
3702,28.73,0.0166862449306206,Persuadable,"[0, 5, 10, 15, 20, 25, 30]","[None, None, None, None, None, None, None]","[0.0, 1.44, 2.87, 4.31, 5.75, 7.18, 8.62]"
148,26.82,0.021259608922603,Persuadable,"[0, 5, 10, 15, 20, 25, 30]","[None, None, None, None, None, None, None]","[0.0, 1.34, 2.68, 4.02, 5.36, 6.71, 8.05]"
689,37.71,0.0298989343117736,Persuadable,"[0, 5, 10, 15, 20, 25, 30]","[None, None, None, None, None, None, None]","[0.0, 1.89, 3.77, 5.66, 7.54, 9.43, 11.31]"
3433,29.49,0.1698083333311077,Highly Persuadable,"[0, 5, 10, 15, 20, 25, 30]","[None, None, None, None, None, None, None]","[0.0, 1.47, 2.95, 4.42, 5.9, 7.37, 8.85]"
1108,44.4,0.0509514161745413,Persuadable,"[0, 5, 10, 15, 20, 25, 30]","[None, None, None, None, None, None, None]","[0.0, 2.22, 4.44, 6.66, 8.88, 11.1, 13.32]"
849,54.14,-0.0758494268905613,Not Persuadable,"[0, 5, 10, 15, 20, 25, 30]","[None, None, None, None, None, None, None]","[0.0, 2.71, 5.41, 8.12, 10.83, 13.54, 16.24]"
967,30.74,0.1610157844249474,Highly Persuadable,"[0, 5, 10, 15, 20, 25, 30]","[None, None, None, None, None, None, None]","[0.0, 1.54, 3.07, 4.61, 6.15, 7.68, 9.22]"
4993,30.42,0.1494901155469507,Highly Persuadable,"[0, 5, 10, 15, 20, 25, 30]","[None, None, None, None, None, None, None]","[0.0, 1.52, 3.04, 4.56, 6.08, 7.61, 9.13]"
1493,17.38,0.1343508749331544,Highly Persuadable,"[0, 5, 10, 15, 20, 25, 30]","[None, None, None, None, None, None, None]","[0.0, 0.87, 1.74, 2.61, 3.48, 4.34, 5.21]"
3954,46.82,-0.0055259790796828,Not Persuadable,"[0, 5, 10, 15, 20, 25, 30]","[None, None, None, None, None, None, None]","[0.0, 2.34, 4.68, 7.02, 9.36, 11.71, 14.05]"
2204,41.04,0.1055971455835512,Highly Persuadable,"[0, 5, 10, 15, 20, 25, 30]","[None, None, None, None, None, None, None]","[0.0, 2.05, 4.1, 6.16, 8.21, 10.26, 12.31]"
2714,51.8,-0.189473562479633,Not Persuadable,"[0, 5, 10, 15, 20, 25, 30]","[None, None, None, None, None, None, None]","[0.0, 2.59, 5.18, 7.77, 10.36, 12.95, 15.54]"
662,50.82,0.1076361691195798,Highly Persuadable,"[0, 5, 10, 15, 20, 25, 30]","[None, None, None, None, None, None, None]","[0.0, 2.54, 5.08, 7.62, 10.16, 12.71, 15.25]"
1003,36.26,-0.023033209344615,Not Persuadable,"[0, 5, 10, 15, 20, 25, 30]","[None, None, None, None, None, None, None]","[0.0, 1.81, 3.63, 5.44, 7.25, 9.06, 10.88]"
63,50.46,-0.0285816894194231,Not Persuadable,"[0, 5, 10, 15, 20, 25, 30]","[None, None, None, None, None, None, None]","[0.0, 2.52, 5.05, 7.57, 10.09, 12.62, 15.14]"
285,35.46,0.0047802947008013,Persuadable,"[0, 5, 10, 15, 20, 25, 30]","[None, None, None, None, None, None, None]","[0.0, 1.77, 3.55, 5.32, 7.09, 8.87, 10.64]"
2225,24.0,-0.0115745882992897,Not Persuadable,"[0, 5, 10, 15, 20, 25, 30]","[None, None, None, None, None, None, None]","[0.0, 1.2, 2.4, 3.6, 4.8, 6.0, 7.2]"
4717,32.99,0.0847285306286326,Persuadable,"[0, 5, 10, 15, 20, 25, 30]","[None, None, None, None, None, None, None]","[0.0, 1.65, 3.3, 4.95, 6.6, 8.25, 9.9]"
1880,21.52,0.0217047282175778,Persuadable,"[0, 5, 10, 15, 20, 25, 30]","[None, None, None, None, None, None, None]","[0.0, 1.08, 2.15, 3.23, 4.3, 5.38, 6.46]"
3573,28.78,0.104433110550657,Highly Persuadable,"[0, 5, 10, 15, 20, 25, 30]","[None, None, None, None, None, None, None]","[0.0, 1.44, 2.88, 4.32, 5.76, 7.2, 8.63]"
4868,37.86,-0.0208412316358903,Not Persuadable,"[0, 5, 10, 15, 20, 25, 30]","[None, None, None, None, None, None, None]","[0.0, 1.89, 3.79, 5.68, 7.57, 9.46, 11.36]"
1204,35.69,0.0745372516156476,Persuadable,"[0, 5, 10, 15, 20, 25, 30]","[None, None, None, None, None, None, None]","[0.0, 1.78, 3.57, 5.35, 7.14, 8.92, 10.71]"
1991,38.15,0.1793872846755408,Highly Persuadable,"[0, 5, 10, 15, 20, 25, 30]","[None, None, None, None, None, None, None]","[0.0, 1.91, 3.81, 5.72, 7.63, 9.54, 11.44]"
25,35.0,0.1117733910407733,Highly Persuadable,"[0, 5, 10, 15, 20, 25, 30]","[None, None, None, None, None, None, None]","[0.0, 1.75, 3.5, 5.25, 7.0, 8.75, 10.5]"
4863,41.7,-0.031874844283062,Not Persuadable,"[0, 5, 10, 15, 20, 25, 30]","[None, None, None, None, None, None, None]","[0.0, 2.09, 4.17, 6.25, 8.34, 10.43, 12.51]"
4112,41.19,0.1081848070614553,Highly Persuadable,"[0, 5, 10, 15, 20, 25, 30]","[None, None, None, None, None, None, None]","[0.0, 2.06, 4.12, 6.18, 8.24, 10.3, 12.36]"
4177,46.72,0.0163899637539535,Persuadable,"[0, 5, 10, 15, 20, 25, 30]","[None, None, None, None, None, None, None]","[0.0, 2.34, 4.67, 7.01, 9.34, 11.68, 14.02]"
763,47.64,0.0679948317957145,Persuadable,"[0, 5, 10, 15, 20, 25, 30]","[None, None, None, None, None, None, None]","[0.0, 2.38, 4.76, 7.15, 9.53, 11.91, 14.29]"
876,36.24,-0.090230159908012,Not Persuadable,"[0, 5, 10, 15, 20, 25, 30]","[None, None, None, None, None, None, None]","[0.0, 1.81, 3.62, 5.44, 7.25, 9.06, 10.87]"
4753,37.71,0.1836212403931884,Highly Persuadable,"[0, 5, 10, 15, 20, 25, 30]","[None, None, None, None, None, None, None]","[0.0, 1.89, 3.77, 5.66, 7.54, 9.43, 11.31]"
939,36.85,0.0626415894191878,Persuadable,"[0, 5, 10, 15, 20, 25, 30]","[None, None, None, None, None, None, None]","[0.0, 1.84, 3.69, 5.53, 7.37, 9.21, 11.05]"
2688,33.65,0.0260853020464045,Persuadable,"[0, 5, 10, 15, 20, 25, 30]","[None, None, None, None, None, None, None]","[0.0, 1.68, 3.37, 5.05, 6.73, 8.41, 10.09]"
3601,38.84,0.1602644309029763,Highly Persuadable,"[0, 5, 10, 15, 20, 25, 30]","[None, None, None, None, None, None, None]","[0.0, 1.94, 3.88, 5.83, 7.77, 9.71, 11.65]"
2395,16.85,0.0099019728233923,Persuadable,"[0, 5, 10, 15, 20, 25, 30]","[None, None, None, None, None, None, None]","[0.0, 0.84, 1.69, 2.53, 3.37, 4.21, 5.06]"
4578,39.86,0.1316453370381758,Highly Persuadable,"[0, 5, 10, 15, 20, 25, 30]","[None, None, None, None, None, None, None]","[0.0, 1.99, 3.99, 5.98, 7.97, 9.96, 11.96]"
4991,32.15,0.0873942955663861,Persuadable,"[0, 5, 10, 15, 20, 25, 30]","[None, None, None, None, None, None, None]","[0.0, 1.61, 3.21, 4.82, 6.43, 8.04, 9.64]"
4134,44.85,-0.0011719227173951,Not Persuadable,"[0, 5, 10, 15, 20, 25, 30]","[None, None, None, None, None, None, None]","[0.0, 2.24, 4.49, 6.73, 8.97, 11.21, 13.46]"
4575,45.18,0.1120035430124546,Highly Persuadable,"[0, 5, 10, 15, 20, 25, 30]","[None, None, None, None, None, None, None]","[0.0, 2.26, 4.52, 6.78, 9.04, 11.29, 13.55]"
386,46.68,0.1545720991824443,Highly Persuadable,"[0, 5, 10, 15, 20, 25, 30]","[None, None, None, None, None, None, None]","[0.0, 2.33, 4.67, 7.0, 9.34, 11.67, 14.0]"
4592,37.07,0.0973590761073841,Persuadable,"[0, 5, 10, 15, 20, 25, 30]","[None, None, None, None, None, None, None]","[0.0, 1.85, 3.71, 5.56, 7.41, 9.27, 11.12]"
4580,44.37,0.0265051406021937,Persuadable,"[0, 5, 10, 15, 20, 25, 30]","[None, None, None, None, None, None, None]","[0.0, 2.22, 4.44, 6.66, 8.87, 11.09, 13.31]"
537,26.69,0.2048747527436563,Highly Persuadable,"[0, 5, 10, 15, 20, 25, 30]","[None, None, None, None, None, None, None]","[0.0, 1.33, 2.67, 4.0, 5.34, 6.67, 8.01]"
4676,40.22,0.1681079560112693,Highly Persuadable,"[0, 5, 10, 15, 20, 25, 30]","[None, None, None, None, None, None, None]","[0.0, 2.01, 4.02, 6.03, 8.04, 10.05, 12.07]"
3508,44.98,0.0053510787483815,Persuadable,"[0, 5, 10, 15, 20, 25, 30]","[None, None, None, None, None, None, None]","[0.0, 2.25, 4.5, 6.75, 9.0, 11.24, 13.49]"
202,39.3,0.0347621637571758,Persuadable,"[0, 5, 10, 15, 20, 25, 30]","[None, None, None, None, None, None, None]","[0.0, 1.96, 3.93, 5.89, 7.86, 9.82, 11.79]"
1333,31.6,0.0476413677230955,Persuadable,"[0, 5, 10, 15, 20, 25, 30]","[None, None, None, None, None, None, None]","[0.0, 1.58, 3.16, 4.74, 6.32, 7.9, 9.48]"
3503,27.95,0.0946877669636432,Persuadable,"[0, 5, 10, 15, 20, 25, 30]","[None, None, None, None, None, None, None]","[0.0, 1.4, 2.79, 4.19, 5.59, 6.99, 8.38]"
2709,42.82,0.0088261200712411,Persuadable,"[0, 5, 10, 15, 20, 25, 30]","[None, None, None, None, None, None, None]","[0.0, 2.14, 4.28, 6.42, 8.56, 10.71, 12.85]"
4022,38.29,-0.0560197543440648,Not Persuadable,"[0, 5, 10, 15, 20, 25, 30]","[None, None, None, None, None, None, None]","[0.0, 1.91, 3.83, 5.74, 7.66, 9.57, 11.49]"
1855,41.35,0.1652639059657004,Highly Persuadable,"[0, 5, 10, 15, 20, 25, 30]","[None, None, None, None, None, None, None]","[0.0, 2.07, 4.14, 6.2, 8.27, 10.34, 12.4]"
4480,33.61,0.1225408409875318,Highly Persuadable,"[0, 5, 10, 15, 20, 25, 30]","[None, None, None, None, None, None, None]","[0.0, 1.68, 3.36, 5.04, 6.72, 8.4, 10.08]"
2873,34.16,0.0392673862697177,Persuadable,"[0, 5, 10, 15, 20, 25, 30]","[None, None, None, None, None, None, None]","[0.0, 1.71, 3.42, 5.12, 6.83, 8.54, 10.25]"
3031,39.64,0.0966383461698891,Persuadable,"[0, 5, 10, 15, 20, 25, 30]","[None, None, None, None, None, None, None]","[0.0, 1.98, 3.96, 5.95, 7.93, 9.91, 11.89]"
1206,21.06,0.0756781806376686,Persuadable,"[0, 5, 10, 15, 20, 25, 30]","[None, None, None, None, None, None, None]","[0.0, 1.05, 2.11, 3.16, 4.21, 5.26, 6.32]"
1646,31.38,0.0007606098803096,Persuadable,"[0, 5, 10, 15, 20, 25, 30]","[None, None, None, None, None, None, None]","[0.0, 1.57, 3.14, 4.71, 6.28, 7.84, 9.41]"
3418,46.5,0.0161194963076467,Persuadable,"[0, 5, 10, 15, 20, 25, 30]","[None, None, None, None, None, None, None]","[0.0, 2.33, 4.65, 6.97, 9.3, 11.62, 13.95]"
3477,23.59,0.0595106305046359,Persuadable,"[0, 5, 10, 15, 20, 25, 30]","[None, None, None, None, None, None, None]","[0.0, 1.18, 2.36, 3.54, 4.72, 5.9, 7.08]"
2862,42.13,0.0160776093784932,Persuadable,"[0, 5, 10, 15, 20, 25, 30]","[None, None, None, None, None, None, None]","[0.0, 2.11, 4.21, 6.32, 8.43, 10.53, 12.64]"
1793,54.03,-0.007490876826517,Not Persuadable,"[0, 5, 10, 15, 20, 25, 30]","[None, None, None, None, None, None, None]","[0.0, 2.7, 5.4, 8.1, 10.81, 13.51, 16.21]"
3798,41.74,0.03839150235886,Persuadable,"[0, 5, 10, 15, 20, 25, 30]","[None, None, None, None, None, None, None]","[0.0, 2.09, 4.17, 6.26, 8.35, 10.44, 12.52]"
3369,43.34,0.0847486438055643,Persuadable,"[0, 5, 10, 15, 20, 25, 30]","[None, None, None, None, None, None, None]","[0.0, 2.17, 4.33, 6.5, 8.67, 10.84, 13.0]"
3368,39.51,0.0796985178072316,Persuadable,"[0, 5, 10, 15, 20, 25, 30]","[None, None, None, None, None, None, None]","[0.0, 1.98, 3.95, 5.93, 7.9, 9.88, 11.85]"
3534,36.72,0.0516357875040915,Persuadable,"[0, 5, 10, 15, 20, 25, 30]","[None, None, None, None, None, None, None]","[0.0, 1.84, 3.67, 5.51, 7.34, 9.18, 11.02]"
3450,53.31,0.0690229593188764,Persuadable,"[0, 5, 10, 15, 20, 25, 30]","[None, None, None, None, None, None, None]","[0.0, 2.67, 5.33, 8.0, 10.66, 13.33, 15.99]"
604,31.44,0.0282664211665011,Persuadable,"[0, 5, 10, 15, 20, 25, 30]","[None, None, None, None, None, None, None]","[0.0, 1.57, 3.14, 4.72, 6.29, 7.86, 9.43]"
3057,36.32,-0.0192757696542826,Not Persuadable,"[0, 5, 10, 15, 20, 25, 30]","[None, None, None, None, None, None, None]","[0.0, 1.82, 3.63, 5.45, 7.26, 9.08, 10.9]"
4371,37.99,0.0733358727806266,Persuadable,"[0, 5, 10, 15, 20, 25, 30]","[None, None, None, None, None, None, None]","[0.0, 1.9, 3.8, 5.7, 7.6, 9.5, 11.4]"
127,38.52,-0.152909549956191,Not Persuadable,"[0, 5, 10, 15, 20, 25, 30]","[None, None, None, None, None, None, None]","[0.0, 1.93, 3.85, 5.78, 7.7, 9.63, 11.56]"
3877,40.55,0.0658498221052964,Persuadable,"[0, 5, 10, 15, 20, 25, 30]","[None, None, None, None, None, None, None]","[0.0, 2.03, 4.05, 6.08, 8.11, 10.14, 12.16]"
2936,10.66,-0.0550216481122776,Not Persuadable,"[0, 5, 10, 15, 20, 25, 30]","[None, None, None, None, None, None, None]","[0.0, 0.53, 1.07, 1.6, 2.13, 2.67, 3.2]"
3532,48.41,-0.0882483940324754,Not Persuadable,"[0, 5, 10, 15, 20, 25, 30]","[None, None, None, None, None, None, None]","[0.0, 2.42, 4.84, 7.26, 9.68, 12.1, 14.52]"
2731,42.79,0.0601741407444195,Persuadable,"[0, 5, 10, 15, 20, 25, 30]","[None, None, None, None, None, None, None]","[0.0, 2.14, 4.28, 6.42, 8.56, 10.7, 12.84]"
828,51.51,0.1150511284954981,Highly Persuadable,"[0, 5, 10, 15, 20, 25, 30]","[None, None, None, None, None, None, None]","[0.0, 2.58, 5.15, 7.73, 10.3, 12.88, 15.45]"
1640,32.16,0.0734885978054267,Persuadable,"[0, 5, 10, 15, 20, 25, 30]","[None, None, None, None, None, None, None]","[0.0, 1.61, 3.22, 4.82, 6.43, 8.04, 9.65]"
985,32.23,0.0595012806697911,Persuadable,"[0, 5, 10, 15, 20, 25, 30]","[None, None, None, None, None, None, None]","[0.0, 1.61, 3.22, 4.83, 6.45, 8.06, 9.67]"
3282,27.92,0.096354494665715,Persuadable,"[0, 5, 10, 15, 20, 25, 30]","[None, None, None, None, None, None, None]","[0.0, 1.4, 2.79, 4.19, 5.58, 6.98, 8.38]"
4982,50.16,-0.041482655950587,Not Persuadable,"[0, 5, 10, 15, 20, 25, 30]","[None, None, None, None, None, None, None]","[0.0, 2.51, 5.02, 7.52, 10.03, 12.54, 15.05]"
2189,33.26,0.007103228503062,Persuadable,"[0, 5, 10, 15, 20, 25, 30]","[None, None, None, None, None, None, None]","[0.0, 1.66, 3.33, 4.99, 6.65, 8.31, 9.98]"
4623,17.66,0.1151627001265628,Highly Persuadable,"[0, 5, 10, 15, 20, 25, 30]","[None, None, None, None, None, None, None]","[0.0, 0.88, 1.77, 2.65, 3.53, 4.42, 5.3]"
2444,23.39,-0.0006845881209981,Not Persuadable,"[0, 5, 10, 15, 20, 25, 30]","[None, None, None, None, None, None, None]","[0.0, 1.17, 2.34, 3.51, 4.68, 5.85, 7.02]"
363,49.13,0.0271177790201116,Persuadable,"[0, 5, 10, 15, 20, 25, 30]","[None, None, None, None, None, None, None]","[0.0, 2.46, 4.91, 7.37, 9.83, 12.28, 14.74]"
2350,36.6,-0.0211486086386906,Not Persuadable,"[0, 5, 10, 15, 20, 25, 30]","[None, None, None, None, None, None, None]","[0.0, 1.83, 3.66, 5.49, 7.32, 9.15, 10.98]"
346,44.66,-0.0775479663659852,Not Persuadable,"[0, 5, 10, 15, 20, 25, 30]","[None, None, None, None, None, None, None]","[0.0, 2.23, 4.47, 6.7, 8.93, 11.16, 13.4]"
815,43.98,-0.0030821288004293,Not Persuadable,"[0, 5, 10, 15, 20, 25, 30]","[None, None, None, None, None, None, None]","[0.0, 2.2, 4.4, 6.6, 8.8, 10.99, 13.19]"
3206,29.7,0.1383777104625497,Highly Persuadable,"[0, 5, 10, 15, 20, 25, 30]","[None, None, None, None, None, None, None]","[0.0, 1.49, 2.97, 4.46, 5.94, 7.42, 8.91]"
4170,54.99,0.0680102777841748,Persuadable,"[0, 5, 10, 15, 20, 25, 30]","[None, None, None, None, None, None, None]","[0.0, 2.75, 5.5, 8.25, 11.0, 13.75, 16.5]"
4806,29.96,0.0390117974391271,Persuadable,"[0, 5, 10, 15, 20, 25, 30]","[None, None, None, None, None, None, None]","[0.0, 1.5, 3.0, 4.49, 5.99, 7.49, 8.99]"
3326,42.76,0.0160085969108779,Persuadable,"[0, 5, 10, 15, 20, 25, 30]","[None, None, None, None, None, None, None]","[0.0, 2.14, 4.28, 6.41, 8.55, 10.69, 12.83]"
4107,29.65,0.0494150599542512,Persuadable,"[0, 5, 10, 15, 20, 25, 30]","[None, None, None, None, None, None, None]","[0.0, 1.48, 2.96, 4.45, 5.93, 7.41, 8.89]"
2117,40.42,0.1116938717187596,Highly Persuadable,"[0, 5, 10, 15, 20, 25, 30]","[None, None, None, None, None, None, None]","[0.0, 2.02, 4.04, 6.06, 8.08, 10.11, 12.13]"
1835,49.41,0.0922702712232753,Persuadable,"[0, 5, 10, 15, 20, 25, 30]","[None, None, None, None, None, None, None]","[0.0, 2.47, 4.94, 7.41, 9.88, 12.35, 14.82]"
794,38.68,0.000566617831262,Persuadable,"[0, 5, 10, 15, 20, 25, 30]","[None, None, None, None, None, None, None]","[0.0, 1.93, 3.87, 5.8, 7.74, 9.67, 11.6]"
4957,43.44,-0.0254200459168894,Not Persuadable,"[0, 5, 10, 15, 20, 25, 30]","[None, None, None, None, None, None, None]","[0.0, 2.17, 4.34, 6.52, 8.69, 10.86, 13.03]"
2675,32.29,0.0558015604657077,Persuadable,"[0, 5, 10, 15, 20, 25, 30]","[None, None, None, None, None, None, None]","[0.0, 1.61, 3.23, 4.84, 6.46, 8.07, 9.69]"
95,45.19,-0.0146239098876059,Not Persuadable,"[0, 5, 10, 15, 20, 25, 30]","[None, None, None, None, None, None, None]","[0.0, 2.26, 4.52, 6.78, 9.04, 11.3, 13.56]"
3757,41.77,0.154574943651531,Highly Persuadable,"[0, 5, 10, 15, 20, 25, 30]","[None, None, None, None, None, None, None]","[0.0, 2.09, 4.18, 6.27, 8.35, 10.44, 12.53]"
2892,47.41,0.0542636392703588,Persuadable,"[0, 5, 10, 15, 20, 25, 30]","[None, None, None, None, None, None, None]","[0.0, 2.37, 4.74, 7.11, 9.48, 11.85, 14.22]"
2372,46.38,0.0777086435697137,Persuadable,"[0, 5, 10, 15, 20, 25, 30]","[None, None, None, None, None, None, None]","[0.0, 2.32, 4.64, 6.96, 9.28, 11.6, 13.91]"
4420,36.0,0.0857481025442947,Persuadable,"[0, 5, 10, 15, 20, 25, 30]","[None, None, None, None, None, None, None]","[0.0, 1.8, 3.6, 5.4, 7.2, 9.0, 10.8]"
4443,44.74,0.0177196079393763,Persuadable,"[0, 5, 10, 15, 20, 25, 30]","[None, None, None, None, None, None, None]","[0.0, 2.24, 4.47, 6.71, 8.95, 11.19, 13.42]"
3229,35.08,0.0820593594524447,Persuadable,"[0, 5, 10, 15, 20, 25, 30]","[None, None, None, None, None, None, None]","[0.0, 1.75, 3.51, 5.26, 7.02, 8.77, 10.52]"
2854,19.57,0.1190396750392404,Highly Persuadable,"[0, 5, 10, 15, 20, 25, 30]","[None, None, None, None, None, None, None]","[0.0, 0.98, 1.96, 2.94, 3.91, 4.89, 5.87]"
2913,38.32,0.0557017099884244,Persuadable,"[0, 5, 10, 15, 20, 25, 30]","[None, None, None, None, None, None, None]","[0.0, 1.92, 3.83, 5.75, 7.66, 9.58, 11.5]"
1866,41.7,0.0238910451864925,Persuadable,"[0, 5, 10, 15, 20, 25, 30]","[None, None, None, None, None, None, None]","[0.0, 2.09, 4.17, 6.25, 8.34, 10.43, 12.51]"
1858,37.84,-0.0230570681393749,Not Persuadable,"[0, 5, 10, 15, 20, 25, 30]","[None, None, None, None, None, None, None]","[0.0, 1.89, 3.78, 5.68, 7.57, 9.46, 11.35]"
2646,44.02,-0.0443700366935235,Not Persuadable,"[0, 5, 10, 15, 20, 25, 30]","[None, None, None, None, None, None, None]","[0.0, 2.2, 4.4, 6.6, 8.8, 11.01, 13.21]"
2244,16.21,-0.1273606873698566,Not Persuadable,"[0, 5, 10, 15, 20, 25, 30]","[None, None, None, None, None, None, None]","[0.0, 0.81, 1.62, 2.43, 3.24, 4.05, 4.86]"
2337,69.04,0.1118737099865997,Highly Persuadable,"[0, 5, 10, 15, 20, 25, 30]","[None, None, None, None, None, None, None]","[0.0, 3.45, 6.9, 10.36, 13.81, 17.26, 20.71]"
951,25.78,0.0948809524057237,Persuadable,"[0, 5, 10, 15, 20, 25, 30]","[None, None, None, None, None, None, None]","[0.0, 1.29, 2.58, 3.87, 5.16, 6.45, 7.73]"
3069,53.64,0.1759531952701894,Highly Persuadable,"[0, 5, 10, 15, 20, 25, 30]","[None, None, None, None, None, None, None]","[0.0, 2.68, 5.36, 8.05, 10.73, 13.41, 16.09]"
1121,49.39,0.0303355248176514,Persuadable,"[0, 5, 10, 15, 20, 25, 30]","[None, None, None, None, None, None, None]","[0.0, 2.47, 4.94, 7.41, 9.88, 12.35, 14.82]"
2598,33.31,0.1617429189245008,Highly Persuadable,"[0, 5, 10, 15, 20, 25, 30]","[None, None, None, None, None, None, None]","[0.0, 1.67, 3.33, 5.0, 6.66, 8.33, 9.99]"
2205,52.34,0.1425036321274302,Highly Persuadable,"[0, 5, 10, 15, 20, 25, 30]","[None, None, None, None, None, None, None]","[0.0, 2.62, 5.23, 7.85, 10.47, 13.09, 15.7]"
420,16.7,0.0051631276902225,Persuadable,"[0, 5, 10, 15, 20, 25, 30]","[None, None, None, None, None, None, None]","[0.0, 0.83, 1.67, 2.5, 3.34, 4.17, 5.01]"
923,55.8,0.1316444536047314,Highly Persuadable,"[0, 5, 10, 15, 20, 25, 30]","[None, None, None, None, None, None, None]","[0.0, 2.79, 5.58, 8.37, 11.16, 13.95, 16.74]"
1255,32.46,-0.0548532400555959,Not Persuadable,"[0, 5, 10, 15, 20, 25, 30]","[None, None, None, None, None, None, None]","[0.0, 1.62, 3.25, 4.87, 6.49, 8.12, 9.74]"
478,41.71,0.0659368385412404,Persuadable,"[0, 5, 10, 15, 20, 25, 30]","[None, None, None, None, None, None, None]","[0.0, 2.09, 4.17, 6.26, 8.34, 10.43, 12.51]"
2036,30.86,0.0846423273680775,Persuadable,"[0, 5, 10, 15, 20, 25, 30]","[None, None, None, None, None, None, None]","[0.0, 1.54, 3.09, 4.63, 6.17, 7.71, 9.26]"
1203,35.61,0.085419339015505,Persuadable,"[0, 5, 10, 15, 20, 25, 30]","[None, None, None, None, None, None, None]","[0.0, 1.78, 3.56, 5.34, 7.12, 8.9, 10.68]"
2627,37.81,0.084633194097744,Persuadable,"[0, 5, 10, 15, 20, 25, 30]","[None, None, None, None, None, None, None]","[0.0, 1.89, 3.78, 5.67, 7.56, 9.45, 11.34]"
4829,20.61,-0.1017454714858426,Not Persuadable,"[0, 5, 10, 15, 20, 25, 30]","[None, None, None, None, None, None, None]","[0.0, 1.03, 2.06, 3.09, 4.12, 5.15, 6.18]"
1971,54.29,-0.0974659712478523,Not Persuadable,"[0, 5, 10, 15, 20, 25, 30]","[None, None, None, None, None, None, None]","[0.0, 2.71, 5.43, 8.14, 10.86, 13.57, 16.29]"
3111,33.12,0.1030580511390345,Highly Persuadable,"[0, 5, 10, 15, 20, 25, 30]","[None, None, None, None, None, None, None]","[0.0, 1.66, 3.31, 4.97, 6.62, 8.28, 9.94]"
4019,37.86,-0.1064601164601364,Not Persuadable,"[0, 5, 10, 15, 20, 25, 30]","[None, None, None, None, None, None, None]","[0.0, 1.89, 3.79, 5.68, 7.57, 9.46, 11.36]"
2152,38.97,0.0476448648334396,Persuadable,"[0, 5, 10, 15, 20, 25, 30]","[None, None, None, None, None, None, None]","[0.0, 1.95, 3.9, 5.85, 7.79, 9.74, 11.69]"
3688,35.29,0.0067659800272822,Persuadable,"[0, 5, 10, 15, 20, 25, 30]","[None, None, None, None, None, None, None]","[0.0, 1.76, 3.53, 5.29, 7.06, 8.82, 10.59]"
1998,19.33,-0.0439461188460619,Not Persuadable,"[0, 5, 10, 15, 20, 25, 30]","[None, None, None, None, None, None, None]","[0.0, 0.97, 1.93, 2.9, 3.87, 4.83, 5.8]"
4034,47.73,0.0477315778350964,Persuadable,"[0, 5, 10, 15, 20, 25, 30]","[None, None, None, None, None, None, None]","[0.0, 2.39, 4.77, 7.16, 9.55, 11.93, 14.32]"
3055,22.55,0.046424508341443,Persuadable,"[0, 5, 10, 15, 20, 25, 30]","[None, None, None, None, None, None, None]","[0.0, 1.13, 2.26, 3.38, 4.51, 5.64, 6.76]"
1249,47.24,-0.030963401679723,Not Persuadable,"[0, 5, 10, 15, 20, 25, 30]","[None, None, None, None, None, None, None]","[0.0, 2.36, 4.72, 7.09, 9.45, 11.81, 14.17]"
2193,45.04,0.0204519514234875,Persuadable,"[0, 5, 10, 15, 20, 25, 30]","[None, None, None, None, None, None, None]","[0.0, 2.25, 4.5, 6.76, 9.01, 11.26, 13.51]"
2713,42.86,-0.0194521629587269,Not Persuadable,"[0, 5, 10, 15, 20, 25, 30]","[None, None, None, None, None, None, None]","[0.0, 2.14, 4.29, 6.43, 8.57, 10.71, 12.86]"
993,45.52,0.0378672138377221,Persuadable,"[0, 5, 10, 15, 20, 25, 30]","[None, None, None, None, None, None, None]","[0.0, 2.28, 4.55, 6.83, 9.1, 11.38, 13.66]"
2191,33.07,0.0961946568216937,Persuadable,"[0, 5, 10, 15, 20, 25, 30]","[None, None, None, None, None, None, None]","[0.0, 1.65, 3.31, 4.96, 6.61, 8.27, 9.92]"
3763,51.21,0.0991277741183314,Persuadable,"[0, 5, 10, 15, 20, 25, 30]","[None, None, None, None, None, None, None]","[0.0, 2.56, 5.12, 7.68, 10.24, 12.8, 15.36]"
3598,25.52,0.0604962410813938,Persuadable,"[0, 5, 10, 15, 20, 25, 30]","[None, None, None, None, None, None, None]","[0.0, 1.28, 2.55, 3.83, 5.1, 6.38, 7.66]"
1319,40.39,-0.0102928232386145,Not Persuadable,"[0, 5, 10, 15, 20, 25, 30]","[None, None, None, None, None, None, None]","[0.0, 2.02, 4.04, 6.06, 8.08, 10.1, 12.12]"
1864,48.24,0.0151538671179331,Persuadable,"[0, 5, 10, 15, 20, 25, 30]","[None, None, None, None, None, None, None]","[0.0, 2.41, 4.82, 7.24, 9.65, 12.06, 14.47]"
2344,26.07,0.0811338079127507,Persuadable,"[0, 5, 10, 15, 20, 25, 30]","[None, None, None, None, None, None, None]","[0.0, 1.3, 2.61, 3.91, 5.21, 6.52, 7.82]"
2450,43.27,0.0513589677286771,Persuadable,"[0, 5, 10, 15, 20, 25, 30]","[None, None, None, None, None, None, None]","[0.0, 2.16, 4.33, 6.49, 8.65, 10.82, 12.98]"
2137,38.22,0.1348987004459575,Highly Persuadable,"[0, 5, 10, 15, 20, 25, 30]","[None, None, None, None, None, None, None]","[0.0, 1.91, 3.82, 5.73, 7.64, 9.55, 11.47]"
1066,36.8,0.1165624845334947,Highly Persuadable,"[0, 5, 10, 15, 20, 25, 30]","[None, None, None, None, None, None, None]","[0.0, 1.84, 3.68, 5.52, 7.36, 9.2, 11.04]"
4971,35.15,0.0568279645949156,Persuadable,"[0, 5, 10, 15, 20, 25, 30]","[None, None, None, None, None, None, None]","[0.0, 1.76, 3.52, 5.27, 7.03, 8.79, 10.54]"
2622,30.01,0.0358037124687992,Persuadable,"[0, 5, 10, 15, 20, 25, 30]","[None, None, None, None, None, None, None]","[0.0, 1.5, 3.0, 4.5, 6.0, 7.5, 9.0]"
78,36.3,0.0633967278663058,Persuadable,"[0, 5, 10, 15, 20, 25, 30]","[None, None, None, None, None, None, None]","[0.0, 1.81, 3.63, 5.44, 7.26, 9.07, 10.89]"
2899,37.59,-0.008803376793547,Not Persuadable,"[0, 5, 10, 15, 20, 25, 30]","[None, None, None, None, None, None, None]","[0.0, 1.88, 3.76, 5.64, 7.52, 9.4, 11.28]"
1315,49.58,-0.058576673941171,Not Persuadable,"[0, 5, 10, 15, 20, 25, 30]","[None, None, None, None, None, None, None]","[0.0, 2.48, 4.96, 7.44, 9.92, 12.39, 14.87]"
4383,35.01,0.058237355948232,Persuadable,"[0, 5, 10, 15, 20, 25, 30]","[None, None, None, None, None, None, None]","[0.0, 1.75, 3.5, 5.25, 7.0, 8.75, 10.5]"
873,28.07,0.1478077168234201,Highly Persuadable,"[0, 5, 10, 15, 20, 25, 30]","[None, None, None, None, None, None, None]","[0.0, 1.4, 2.81, 4.21, 5.61, 7.02, 8.42]"
3851,48.79,0.1419593268773004,Highly Persuadable,"[0, 5, 10, 15, 20, 25, 30]","[None, None, None, None, None, None, None]","[0.0, 2.44, 4.88, 7.32, 9.76, 12.2, 14.64]"
4798,49.82,0.0552598866170394,Persuadable,"[0, 5, 10, 15, 20, 25, 30]","[None, None, None, None, None, None, None]","[0.0, 2.49, 4.98, 7.47, 9.96, 12.46, 14.95]"
2966,20.24,0.1587224055933508,Highly Persuadable,"[0, 5, 10, 15, 20, 25, 30]","[None, None, None, None, None, None, None]","[0.0, 1.01, 2.02, 3.04, 4.05, 5.06, 6.07]"
3392,41.42,-0.0348359126468059,Not Persuadable,"[0, 5, 10, 15, 20, 25, 30]","[None, None, None, None, None, None, None]","[0.0, 2.07, 4.14, 6.21, 8.28, 10.36, 12.43]"
2561,37.67,0.004325522197606,Persuadable,"[0, 5, 10, 15, 20, 25, 30]","[None, None, None, None, None, None, None]","[0.0, 1.88, 3.77, 5.65, 7.53, 9.42, 11.3]"
4907,57.58,0.1160679044715619,Highly Persuadable,"[0, 5, 10, 15, 20, 25, 30]","[None, None, None, None, None, None, None]","[0.0, 2.88, 5.76, 8.64, 11.52, 14.39, 17.27]"
2636,52.43,-0.0904163176842664,Not Persuadable,"[0, 5, 10, 15, 20, 25, 30]","[None, None, None, None, None, None, None]","[0.0, 2.62, 5.24, 7.86, 10.49, 13.11, 15.73]"
3531,67.4,0.1603450624745142,Highly Persuadable,"[0, 5, 10, 15, 20, 25, 30]","[None, None, None, None, None, None, None]","[0.0, 3.37, 6.74, 10.11, 13.48, 16.85, 20.22]"
376,52.32,0.0835306916294088,Persuadable,"[0, 5, 10, 15, 20, 25, 30]","[None, None, None, None, None, None, None]","[0.0, 2.62, 5.23, 7.85, 10.46, 13.08, 15.7]"
1909,32.44,0.0331857391025486,Persuadable,"[0, 5, 10, 15, 20, 25, 30]","[None, None, None, None, None, None, None]","[0.0, 1.62, 3.24, 4.87, 6.49, 8.11, 9.73]"
4343,53.84,-0.0944972497889961,Not Persuadable,"[0, 5, 10, 15, 20, 25, 30]","[None, None, None, None, None, None, None]","[0.0, 2.69, 5.38, 8.08, 10.77, 13.46, 16.15]"
4832,38.79,-0.0415198184557304,Not Persuadable,"[0, 5, 10, 15, 20, 25, 30]","[None, None, None, None, None, None, None]","[0.0, 1.94, 3.88, 5.82, 7.76, 9.7, 11.64]"
4028,23.02,-0.0460865970542095,Not Persuadable,"[0, 5, 10, 15, 20, 25, 30]","[None, None, None, None, None, None, None]","[0.0, 1.15, 2.3, 3.45, 4.6, 5.75, 6.91]"
1605,51.6,-0.0330351418375097,Not Persuadable,"[0, 5, 10, 15, 20, 25, 30]","[None, None, None, None, None, None, None]","[0.0, 2.58, 5.16, 7.74, 10.32, 12.9, 15.48]"
1119,42.71,0.0019603765110191,Persuadable,"[0, 5, 10, 15, 20, 25, 30]","[None, None, None, None, None, None, None]","[0.0, 2.14, 4.27, 6.41, 8.54, 10.68, 12.81]"
3678,46.55,-0.0031148912428192,Not Persuadable,"[0, 5, 10, 15, 20, 25, 30]","[None, None, None, None, None, None, None]","[0.0, 2.33, 4.66, 6.98, 9.31, 11.64, 13.96]"
3491,47.55,-0.2150082016503058,Not Persuadable,"[0, 5, 10, 15, 20, 25, 30]","[None, None, None, None, None, None, None]","[0.0, 2.38, 4.75, 7.13, 9.51, 11.89, 14.26]"
4875,28.88,0.0801726838984807,Persuadable,"[0, 5, 10, 15, 20, 25, 30]","[None, None, None, None, None, None, None]","[0.0, 1.44, 2.89, 4.33, 5.78, 7.22, 8.66]"
2959,35.04,0.0399001800286492,Persuadable,"[0, 5, 10, 15, 20, 25, 30]","[None, None, None, None, None, None, None]","[0.0, 1.75, 3.5, 5.26, 7.01, 8.76, 10.51]"
1995,30.55,0.0863579719266983,Persuadable,"[0, 5, 10, 15, 20, 25, 30]","[None, None, None, None, None, None, None]","[0.0, 1.53, 3.06, 4.58, 6.11, 7.64, 9.16]"
4966,32.99,0.024012068002313,Persuadable,"[0, 5, 10, 15, 20, 25, 30]","[None, None, None, None, None, None, None]","[0.0, 1.65, 3.3, 4.95, 6.6, 8.25, 9.9]"
4366,47.98,-0.1671908328463996,Not Persuadable,"[0, 5, 10, 15, 20, 25, 30]","[None, None, None, None, None, None, None]","[0.0, 2.4, 4.8, 7.2, 9.6, 11.99, 14.39]"
2377,30.49,0.0528430058455264,Persuadable,"[0, 5, 10, 15, 20, 25, 30]","[None, None, None, None, None, None, None]","[0.0, 1.52, 3.05, 4.57, 6.1, 7.62, 9.15]"
1343,50.62,0.0045219091547056,Persuadable,"[0, 5, 10, 15, 20, 25, 30]","[None, None, None, None, None, None, None]","[0.0, 2.53, 5.06, 7.59, 10.12, 12.65, 15.19]"
321,45.06,-0.1183081635255186,Not Persuadable,"[0, 5, 10, 15, 20, 25, 30]","[None, None, None, None, None, None, None]","[0.0, 2.25, 4.51, 6.76, 9.01, 11.27, 13.52]"
1620,36.81,0.06366199510362,Persuadable,"[0, 5, 10, 15, 20, 25, 30]","[None, None, None, None, None, None, None]","[0.0, 1.84, 3.68, 5.52, 7.36, 9.2, 11.04]"
3714,32.76,0.0271607093397921,Persuadable,"[0, 5, 10, 15, 20, 25, 30]","[None, None, None, None, None, None, None]","[0.0, 1.64, 3.28, 4.91, 6.55, 8.19, 9.83]"
2061,40.91,-0.0306126028427371,Not Persuadable,"[0, 5, 10, 15, 20, 25, 30]","[None, None, None, None, None, None, None]","[0.0, 2.05, 4.09, 6.14, 8.18, 10.23, 12.27]"
2220,34.52,-0.0458656828783627,Not Persuadable,"[0, 5, 10, 15, 20, 25, 30]","[None, None, None, None, None, None, None]","[0.0, 1.73, 3.45, 5.18, 6.9, 8.63, 10.36]"
1674,27.41,0.1127340675945629,Highly Persuadable,"[0, 5, 10, 15, 20, 25, 30]","[None, None, None, None, None, None, None]","[0.0, 1.37, 2.74, 4.11, 5.48, 6.85, 8.22]"
261,34.5,-0.0467479215279053,Not Persuadable,"[0, 5, 10, 15, 20, 25, 30]","[None, None, None, None, None, None, None]","[0.0, 1.73, 3.45, 5.17, 6.9, 8.62, 10.35]"
4428,26.38,-0.0187708843471305,Not Persuadable,"[0, 5, 10, 15, 20, 25, 30]","[None, None, None, None, None, None, None]","[0.0, 1.32, 2.64, 3.96, 5.28, 6.59, 7.91]"
2040,23.55,0.0238680087995946,Persuadable,"[0, 5, 10, 15, 20, 25, 30]","[None, None, None, None, None, None, None]","[0.0, 1.18, 2.35, 3.53, 4.71, 5.89, 7.07]"
902,42.61,-0.0479331552648218,Not Persuadable,"[0, 5, 10, 15, 20, 25, 30]","[None, None, None, None, None, None, None]","[0.0, 2.13, 4.26, 6.39, 8.52, 10.65, 12.78]"
3745,45.26,0.1469311231027809,Highly Persuadable,"[0, 5, 10, 15, 20, 25, 30]","[None, None, None, None, None, None, None]","[0.0, 2.26, 4.53, 6.79, 9.05, 11.31, 13.58]"
2027,34.75,0.0282040194496083,Persuadable,"[0, 5, 10, 15, 20, 25, 30]","[None, None, None, None, None, None, None]","[0.0, 1.74, 3.48, 5.21, 6.95, 8.69, 10.42]"
4235,42.41,0.03370117123105,Persuadable,"[0, 5, 10, 15, 20, 25, 30]","[None, None, None, None, None, None, None]","[0.0, 2.12, 4.24, 6.36, 8.48, 10.6, 12.72]"
1918,46.89,-0.0559709358085171,Not Persuadable,"[0, 5, 10, 15, 20, 25, 30]","[None, None, None, None, None, None, None]","[0.0, 2.34, 4.69, 7.03, 9.38, 11.72, 14.07]"
1829,26.4,0.1516568035839864,Highly Persuadable,"[0, 5, 10, 15, 20, 25, 30]","[None, None, None, None, None, None, None]","[0.0, 1.32, 2.64, 3.96, 5.28, 6.6, 7.92]"
1574,29.43,0.1463256903868134,Highly Persuadable,"[0, 5, 10, 15, 20, 25, 30]","[None, None, None, None, None, None, None]","[0.0, 1.47, 2.94, 4.41, 5.89, 7.36, 8.83]"
4405,33.0,0.1315423693858463,Highly Persuadable,"[0, 5, 10, 15, 20, 25, 30]","[None, None, None, None, None, None, None]","[0.0, 1.65, 3.3, 4.95, 6.6, 8.25, 9.9]"
4209,31.47,0.1156972413623698,Highly Persuadable,"[0, 5, 10, 15, 20, 25, 30]","[None, None, None, None, None, None, None]","[0.0, 1.57, 3.15, 4.72, 6.29, 7.87, 9.44]"
225,39.27,0.0842437594356809,Persuadable,"[0, 5, 10, 15, 20, 25, 30]","[None, None, None, None, None, None, None]","[0.0, 1.96, 3.93, 5.89, 7.85, 9.82, 11.78]"
724,38.97,-0.0281107218305638,Not Persuadable,"[0, 5, 10, 15, 20, 25, 30]","[None, None, None, None, None, None, None]","[0.0, 1.95, 3.9, 5.85, 7.79, 9.74, 11.69]"
4686,24.08,-0.0175240115892913,Not Persuadable,"[0, 5, 10, 15, 20, 25, 30]","[None, None, None, None, None, None, None]","[0.0, 1.2, 2.41, 3.61, 4.82, 6.02, 7.22]"
1142,24.5,0.0136826851012707,Persuadable,"[0, 5, 10, 15, 20, 25, 30]","[None, None, None, None, None, None, None]","[0.0, 1.23, 2.45, 3.67, 4.9, 6.12, 7.35]"
2763,30.06,0.1598170293575956,Highly Persuadable,"[0, 5, 10, 15, 20, 25, 30]","[None, None, None, None, None, None, None]","[0.0, 1.5, 3.01, 4.51, 6.01, 7.51, 9.02]"
847,62.29,-0.0076508360129273,Not Persuadable,"[0, 5, 10, 15, 20, 25, 30]","[None, None, None, None, None, None, None]","[0.0, 3.11, 6.23, 9.34, 12.46, 15.57, 18.69]"
2552,44.25,0.0332528854408442,Persuadable,"[0, 5, 10, 15, 20, 25, 30]","[None, None, None, None, None, None, None]","[0.0, 2.21, 4.42, 6.64, 8.85, 11.06, 13.28]"
2929,33.23,0.0557477264836557,Persuadable,"[0, 5, 10, 15, 20, 25, 30]","[None, None, None, None, None, None, None]","[0.0, 1.66, 3.32, 4.98, 6.65, 8.31, 9.97]"
118,21.66,0.1578442979262383,Highly Persuadable,"[0, 5, 10, 15, 20, 25, 30]","[None, None, None, None, None, None, None]","[0.0, 1.08, 2.17, 3.25, 4.33, 5.42, 6.5]"
646,28.49,0.0346974580258257,Persuadable,"[0, 5, 10, 15, 20, 25, 30]","[None, None, None, None, None, None, None]","[0.0, 1.42, 2.85, 4.27, 5.7, 7.12, 8.55]"
4,43.73,-0.0378397526052232,Not Persuadable,"[0, 5, 10, 15, 20, 25, 30]","[None, None, None, None, None, None, None]","[0.0, 2.19, 4.37, 6.56, 8.75, 10.93, 13.12]"
4171,40.98,0.054065894997656,Persuadable,"[0, 5, 10, 15, 20, 25, 30]","[None, None, None, None, None, None, None]","[0.0, 2.05, 4.1, 6.15, 8.2, 10.24, 12.29]"
468,64.49,0.021458869824075,Persuadable,"[0, 5, 10, 15, 20, 25, 30]","[None, None, None, None, None, None, None]","[0.0, 3.22, 6.45, 9.67, 12.9, 16.12, 19.35]"
6,33.23,0.0815533015931513,Persuadable,"[0, 5, 10, 15, 20, 25, 30]","[None, None, None, None, None, None, None]","[0.0, 1.66, 3.32, 4.98, 6.65, 8.31, 9.97]"
920,36.46,0.0448436173674491,Persuadable,"[0, 5, 10, 15, 20, 25, 30]","[None, None, None, None, None, None, None]","[0.0, 1.82, 3.65, 5.47, 7.29, 9.12, 10.94]"
2596,29.24,0.0948876316524238,Persuadable,"[0, 5, 10, 15, 20, 25, 30]","[None, None, None, None, None, None, None]","[0.0, 1.46, 2.92, 4.39, 5.85, 7.31, 8.77]"
1064,36.52,0.0427164736742208,Persuadable,"[0, 5, 10, 15, 20, 25, 30]","[None, None, None, None, None, None, None]","[0.0, 1.83, 3.65, 5.48, 7.3, 9.13, 10.96]"
2591,32.99,-0.043550447712124,Not Persuadable,"[0, 5, 10, 15, 20, 25, 30]","[None, None, None, None, None, None, None]","[0.0, 1.65, 3.3, 4.95, 6.6, 8.25, 9.9]"
243,32.11,-0.0001625039342747,Not Persuadable,"[0, 5, 10, 15, 20, 25, 30]","[None, None, None, None, None, None, None]","[0.0, 1.61, 3.21, 4.82, 6.42, 8.03, 9.63]"
1161,45.4,0.0052131290766471,Persuadable,"[0, 5, 10, 15, 20, 25, 30]","[None, None, None, None, None, None, None]","[0.0, 2.27, 4.54, 6.81, 9.08, 11.35, 13.62]"
2871,37.96,0.0177219814893922,Persuadable,"[0, 5, 10, 15, 20, 25, 30]","[None, None, None, None, None, None, None]","[0.0, 1.9, 3.8, 5.69, 7.59, 9.49, 11.39]"
3736,34.48,0.0273460699043693,Persuadable,"[0, 5, 10, 15, 20, 25, 30]","[None, None, None, None, None, None, None]","[0.0, 1.72, 3.45, 5.17, 6.9, 8.62, 10.34]"
2398,26.05,0.0164275788245328,Persuadable,"[0, 5, 10, 15, 20, 25, 30]","[None, None, None, None, None, None, None]","[0.0, 1.3, 2.61, 3.91, 5.21, 6.51, 7.81]"
3518,32.6,0.0617064607986431,Persuadable,"[0, 5, 10, 15, 20, 25, 30]","[None, None, None, None, None, None, None]","[0.0, 1.63, 3.26, 4.89, 6.52, 8.15, 9.78]"
3422,30.76,0.0327214522375917,Persuadable,"[0, 5, 10, 15, 20, 25, 30]","[None, None, None, None, None, None, None]","[0.0, 1.54, 3.08, 4.61, 6.15, 7.69, 9.23]"
2564,41.13,0.0312437889180054,Persuadable,"[0, 5, 10, 15, 20, 25, 30]","[None, None, None, None, None, None, None]","[0.0, 2.06, 4.11, 6.17, 8.23, 10.28, 12.34]"
1606,24.17,0.0205383766334036,Persuadable,"[0, 5, 10, 15, 20, 25, 30]","[None, None, None, None, None, None, None]","[0.0, 1.21, 2.42, 3.63, 4.83, 6.04, 7.25]"
4839,40.44,0.0482480820684602,Persuadable,"[0, 5, 10, 15, 20, 25, 30]","[None, None, None, None, None, None, None]","[0.0, 2.02, 4.04, 6.07, 8.09, 10.11, 12.13]"
2325,30.07,0.0203636423454562,Persuadable,"[0, 5, 10, 15, 20, 25, 30]","[None, None, None, None, None, None, None]","[0.0, 1.5, 3.01, 4.51, 6.01, 7.52, 9.02]"
2710,20.35,0.060100685712507,Persuadable,"[0, 5, 10, 15, 20, 25, 30]","[None, None, None, None, None, None, None]","[0.0, 1.02, 2.04, 3.05, 4.07, 5.09, 6.11]"
4409,39.45,0.044619223035726,Persuadable,"[0, 5, 10, 15, 20, 25, 30]","[None, None, None, None, None, None, None]","[0.0, 1.97, 3.95, 5.92, 7.89, 9.86, 11.84]"
1313,38.25,0.058737055321482,Persuadable,"[0, 5, 10, 15, 20, 25, 30]","[None, None, None, None, None, None, None]","[0.0, 1.91, 3.83, 5.74, 7.65, 9.56, 11.47]"
3449,33.22,0.099333458237237,Persuadable,"[0, 5, 10, 15, 20, 25, 30]","[None, None, None, None, None, None, None]","[0.0, 1.66, 3.32, 4.98, 6.64, 8.3, 9.97]"
3813,36.55,-0.0106306984403798,Not Persuadable,"[0, 5, 10, 15, 20, 25, 30]","[None, None, None, None, None, None, None]","[0.0, 1.83, 3.65, 5.48, 7.31, 9.14, 10.96]"
4666,49.69,0.1029878698522854,Highly Persuadable,"[0, 5, 10, 15, 20, 25, 30]","[None, None, None, None, None, None, None]","[0.0, 2.48, 4.97, 7.45, 9.94, 12.42, 14.91]"
2363,26.62,0.1908682762634761,Highly Persuadable,"[0, 5, 10, 15, 20, 25, 30]","[None, None, None, None, None, None, None]","[0.0, 1.33, 2.66, 3.99, 5.32, 6.66, 7.99]"
1976,28.42,0.0443850476168987,Persuadable,"[0, 5, 10, 15, 20, 25, 30]","[None, None, None, None, None, None, None]","[0.0, 1.42, 2.84, 4.26, 5.68, 7.11, 8.53]"
3515,48.06,0.0230858998242696,Persuadable,"[0, 5, 10, 15, 20, 25, 30]","[None, None, None, None, None, None, None]","[0.0, 2.4, 4.81, 7.21, 9.61, 12.02, 14.42]"
1762,28.07,0.0520101696464478,Persuadable,"[0, 5, 10, 15, 20, 25, 30]","[None, None, None, None, None, None, None]","[0.0, 1.4, 2.81, 4.21, 5.61, 7.02, 8.42]"
2740,38.38,-0.0393589803317219,Not Persuadable,"[0, 5, 10, 15, 20, 25, 30]","[None, None, None, None, None, None, None]","[0.0, 1.92, 3.84, 5.76, 7.68, 9.6, 11.51]"
4670,25.91,0.051371366559606,Persuadable,"[0, 5, 10, 15, 20, 25, 30]","[None, None, None, None, None, None, None]","[0.0, 1.3, 2.59, 3.89, 5.18, 6.48, 7.77]"
2473,27.13,0.0426998414694888,Persuadable,"[0, 5, 10, 15, 20, 25, 30]","[None, None, None, None, None, None, None]","[0.0, 1.36, 2.71, 4.07, 5.43, 6.78, 8.14]"
4008,42.69,0.0987565721221627,Persuadable,"[0, 5, 10, 15, 20, 25, 30]","[None, None, None, None, None, None, None]","[0.0, 2.13, 4.27, 6.4, 8.54, 10.67, 12.81]"
1494,28.14,0.1315158470229874,Highly Persuadable,"[0, 5, 10, 15, 20, 25, 30]","[None, None, None, None, None, None, None]","[0.0, 1.41, 2.81, 4.22, 5.63, 7.04, 8.44]"
4207,46.95,-0.1649899738679787,Not Persuadable,"[0, 5, 10, 15, 20, 25, 30]","[None, None, None, None, None, None, None]","[0.0, 2.35, 4.7, 7.04, 9.39, 11.74, 14.09]"
2159,39.24,-0.0188693081751238,Not Persuadable,"[0, 5, 10, 15, 20, 25, 30]","[None, None, None, None, None, None, None]","[0.0, 1.96, 3.92, 5.89, 7.85, 9.81, 11.77]"
1170,40.83,0.0865149758365514,Persuadable,"[0, 5, 10, 15, 20, 25, 30]","[None, None, None, None, None, None, None]","[0.0, 2.04, 4.08, 6.12, 8.17, 10.21, 12.25]"
4527,32.72,0.030924235506921,Persuadable,"[0, 5, 10, 15, 20, 25, 30]","[None, None, None, None, None, None, None]","[0.0, 1.64, 3.27, 4.91, 6.54, 8.18, 9.82]"
233,30.38,0.1547078119307303,Highly Persuadable,"[0, 5, 10, 15, 20, 25, 30]","[None, None, None, None, None, None, None]","[0.0, 1.52, 3.04, 4.56, 6.08, 7.59, 9.11]"
67,32.58,0.1348603215909014,Highly Persuadable,"[0, 5, 10, 15, 20, 25, 30]","[None, None, None, None, None, None, None]","[0.0, 1.63, 3.26, 4.89, 6.52, 8.14, 9.77]"
1604,42.0,-0.0564423274928511,Not Persuadable,"[0, 5, 10, 15, 20, 25, 30]","[None, None, None, None, None, None, None]","[0.0, 2.1, 4.2, 6.3, 8.4, 10.5, 12.6]"
3284,41.34,0.2078617324890307,Highly Persuadable,"[0, 5, 10, 15, 20, 25, 30]","[None, None, None, None, None, None, None]","[0.0, 2.07, 4.13, 6.2, 8.27, 10.34, 12.4]"
3597,30.53,0.0954251395715387,Persuadable,"[0, 5, 10, 15, 20, 25, 30]","[None, None, None, None, None, None, None]","[0.0, 1.53, 3.05, 4.58, 6.11, 7.63, 9.16]"
126,48.12,0.1289718114061827,Highly Persuadable,"[0, 5, 10, 15, 20, 25, 30]","[None, None, None, None, None, None, None]","[0.0, 2.41, 4.81, 7.22, 9.62, 12.03, 14.44]"
1297,25.03,0.045126837881966,Persuadable,"[0, 5, 10, 15, 20, 25, 30]","[None, None, None, None, None, None, None]","[0.0, 1.25, 2.5, 3.75, 5.01, 6.26, 7.51]"
1977,33.1,-0.0342571292036215,Not Persuadable,"[0, 5, 10, 15, 20, 25, 30]","[None, None, None, None, None, None, None]","[0.0, 1.66, 3.31, 4.96, 6.62, 8.28, 9.93]"
4528,37.96,-0.053795058529257,Not Persuadable,"[0, 5, 10, 15, 20, 25, 30]","[None, None, None, None, None, None, None]","[0.0, 1.9, 3.8, 5.69, 7.59, 9.49, 11.39]"
4534,29.16,0.1242532541665041,Highly Persuadable,"[0, 5, 10, 15, 20, 25, 30]","[None, None, None, None, None, None, None]","[0.0, 1.46, 2.92, 4.37, 5.83, 7.29, 8.75]"
2076,24.37,-0.0510802960303725,Not Persuadable,"[0, 5, 10, 15, 20, 25, 30]","[None, None, None, None, None, None, None]","[0.0, 1.22, 2.44, 3.66, 4.87, 6.09, 7.31]"
3087,45.05,0.0150283374510757,Persuadable,"[0, 5, 10, 15, 20, 25, 30]","[None, None, None, None, None, None, None]","[0.0, 2.25, 4.5, 6.76, 9.01, 11.26, 13.51]"
4356,32.9,0.0255376462676367,Persuadable,"[0, 5, 10, 15, 20, 25, 30]","[None, None, None, None, None, None, None]","[0.0, 1.65, 3.29, 4.93, 6.58, 8.22, 9.87]"
3346,27.72,0.0688035107206478,Persuadable,"[0, 5, 10, 15, 20, 25, 30]","[None, None, None, None, None, None, None]","[0.0, 1.39, 2.77, 4.16, 5.54, 6.93, 8.32]"
4920,48.95,0.050497202107249,Persuadable,"[0, 5, 10, 15, 20, 25, 30]","[None, None, None, None, None, None, None]","[0.0, 2.45, 4.9, 7.34, 9.79, 12.24, 14.69]"
2798,33.8,-0.0285811112677397,Not Persuadable,"[0, 5, 10, 15, 20, 25, 30]","[None, None, None, None, None, None, None]","[0.0, 1.69, 3.38, 5.07, 6.76, 8.45, 10.14]"
919,38.38,-0.0072928771451724,Not Persuadable,"[0, 5, 10, 15, 20, 25, 30]","[None, None, None, None, None, None, None]","[0.0, 1.92, 3.84, 5.76, 7.68, 9.6, 11.51]"
1647,36.22,0.0604801465832009,Persuadable,"[0, 5, 10, 15, 20, 25, 30]","[None, None, None, None, None, None, None]","[0.0, 1.81, 3.62, 5.43, 7.24, 9.05, 10.87]"
365,49.5,-0.0117360253024787,Not Persuadable,"[0, 5, 10, 15, 20, 25, 30]","[None, None, None, None, None, None, None]","[0.0, 2.48, 4.95, 7.42, 9.9, 12.38, 14.85]"
3288,52.76,0.035633812993817,Persuadable,"[0, 5, 10, 15, 20, 25, 30]","[None, None, None, None, None, None, None]","[0.0, 2.64, 5.28, 7.91, 10.55, 13.19, 15.83]"
2126,30.75,0.0386835716509375,Persuadable,"[0, 5, 10, 15, 20, 25, 30]","[None, None, None, None, None, None, None]","[0.0, 1.54, 3.08, 4.61, 6.15, 7.69, 9.22]"
4124,50.01,-0.0629961606343516,Not Persuadable,"[0, 5, 10, 15, 20, 25, 30]","[None, None, None, None, None, None, None]","[0.0, 2.5, 5.0, 7.5, 10.0, 12.5, 15.0]"
526,31.84,0.0484202856844943,Persuadable,"[0, 5, 10, 15, 20, 25, 30]","[None, None, None, None, None, None, None]","[0.0, 1.59, 3.18, 4.78, 6.37, 7.96, 9.55]"
56,31.3,0.124433512366884,Highly Persuadable,"[0, 5, 10, 15, 20, 25, 30]","[None, None, None, None, None, None, None]","[0.0, 1.57, 3.13, 4.7, 6.26, 7.83, 9.39]"
639,37.19,0.1655284729949326,Highly Persuadable,"[0, 5, 10, 15, 20, 25, 30]","[None, None, None, None, None, None, None]","[0.0, 1.86, 3.72, 5.58, 7.44, 9.3, 11.16]"
303,37.23,0.0677332415746711,Persuadable,"[0, 5, 10, 15, 20, 25, 30]","[None, None, None, None, None, None, None]","[0.0, 1.86, 3.72, 5.58, 7.45, 9.31, 11.17]"
2767,33.12,0.0284999558016867,Persuadable,"[0, 5, 10, 15, 20, 25, 30]","[None, None, None, None, None, None, None]","[0.0, 1.66, 3.31, 4.97, 6.62, 8.28, 9.94]"
1277,31.89,0.0913456617197378,Persuadable,"[0, 5, 10, 15, 20, 25, 30]","[None, None, None, None, None, None, None]","[0.0, 1.59, 3.19, 4.78, 6.38, 7.97, 9.57]"
2056,38.18,-0.1147817985596999,Not Persuadable,"[0, 5, 10, 15, 20, 25, 30]","[None, None, None, None, None, None, None]","[0.0, 1.91, 3.82, 5.73, 7.64, 9.54, 11.45]"
3645,36.58,-0.0068678716733756,Not Persuadable,"[0, 5, 10, 15, 20, 25, 30]","[None, None, None, None, None, None, None]","[0.0, 1.83, 3.66, 5.49, 7.32, 9.14, 10.97]"
4144,45.41,0.0777780627784461,Persuadable,"[0, 5, 10, 15, 20, 25, 30]","[None, None, None, None, None, None, None]","[0.0, 2.27, 4.54, 6.81, 9.08, 11.35, 13.62]"
2879,16.23,-0.0651174210129022,Not Persuadable,"[0, 5, 10, 15, 20, 25, 30]","[None, None, None, None, None, None, None]","[0.0, 0.81, 1.62, 2.43, 3.25, 4.06, 4.87]"
4203,33.87,0.0746181454170863,Persuadable,"[0, 5, 10, 15, 20, 25, 30]","[None, None, None, None, None, None, None]","[0.0, 1.69, 3.39, 5.08, 6.77, 8.47, 10.16]"
2287,28.17,0.0431803931825832,Persuadable,"[0, 5, 10, 15, 20, 25, 30]","[None, None, None, None, None, None, None]","[0.0, 1.41, 2.82, 4.23, 5.63, 7.04, 8.45]"
2262,41.93,0.0504413988437825,Persuadable,"[0, 5, 10, 15, 20, 25, 30]","[None, None, None, None, None, None, None]","[0.0, 2.1, 4.19, 6.29, 8.39, 10.48, 12.58]"
2297,46.29,0.1339192656844485,Highly Persuadable,"[0, 5, 10, 15, 20, 25, 30]","[None, None, None, None, None, None, None]","[0.0, 2.31, 4.63, 6.94, 9.26, 11.57, 13.89]"
1754,37.21,0.0411051294593378,Persuadable,"[0, 5, 10, 15, 20, 25, 30]","[None, None, None, None, None, None, None]","[0.0, 1.86, 3.72, 5.58, 7.44, 9.3, 11.16]"
1969,43.48,-0.1019770138592083,Not Persuadable,"[0, 5, 10, 15, 20, 25, 30]","[None, None, None, None, None, None, None]","[0.0, 2.17, 4.35, 6.52, 8.7, 10.87, 13.04]"
4362,32.49,-0.0430695265648275,Not Persuadable,"[0, 5, 10, 15, 20, 25, 30]","[None, None, None, None, None, None, None]","[0.0, 1.62, 3.25, 4.87, 6.5, 8.12, 9.75]"
3118,39.89,0.058536590007795,Persuadable,"[0, 5, 10, 15, 20, 25, 30]","[None, None, None, None, None, None, None]","[0.0, 1.99, 3.99, 5.98, 7.98, 9.97, 11.97]"
2394,41.43,0.1142676887743975,Highly Persuadable,"[0, 5, 10, 15, 20, 25, 30]","[None, None, None, None, None, None, None]","[0.0, 2.07, 4.14, 6.21, 8.29, 10.36, 12.43]"
524,42.24,0.0628754165552593,Persuadable,"[0, 5, 10, 15, 20, 25, 30]","[None, None, None, None, None, None, None]","[0.0, 2.11, 4.22, 6.34, 8.45, 10.56, 12.67]"
3901,55.86,0.0929429280865606,Persuadable,"[0, 5, 10, 15, 20, 25, 30]","[None, None, None, None, None, None, None]","[0.0, 2.79, 5.59, 8.38, 11.17, 13.96, 16.76]"
3123,40.3,0.2046789144439646,Highly Persuadable,"[0, 5, 10, 15, 20, 25, 30]","[None, None, None, None, None, None, None]","[0.0, 2.02, 4.03, 6.04, 8.06, 10.07, 12.09]"
4157,32.33,0.1576437573817203,Highly Persuadable,"[0, 5, 10, 15, 20, 25, 30]","[None, None, None, None, None, None, None]","[0.0, 1.62, 3.23, 4.85, 6.47, 8.08, 9.7]"
1970,33.6,0.1378025347248049,Highly Persuadable,"[0, 5, 10, 15, 20, 25, 30]","[None, None, None, None, None, None, None]","[0.0, 1.68, 3.36, 5.04, 6.72, 8.4, 10.08]"
672,49.85,-0.0677280745381862,Not Persuadable,"[0, 5, 10, 15, 20, 25, 30]","[None, None, None, None, None, None, None]","[0.0, 2.49, 4.99, 7.48, 9.97, 12.46, 14.96]"
4189,33.78,-0.0180178216749475,Not Persuadable,"[0, 5, 10, 15, 20, 25, 30]","[None, None, None, None, None, None, None]","[0.0, 1.69, 3.38, 5.07, 6.76, 8.45, 10.13]"
667,38.89,0.0532460701684776,Persuadable,"[0, 5, 10, 15, 20, 25, 30]","[None, None, None, None, None, None, None]","[0.0, 1.94, 3.89, 5.83, 7.78, 9.72, 11.67]"
4349,36.51,0.0727798107488136,Persuadable,"[0, 5, 10, 15, 20, 25, 30]","[None, None, None, None, None, None, None]","[0.0, 1.83, 3.65, 5.48, 7.3, 9.13, 10.95]"
1888,37.7,0.0771954367216558,Persuadable,"[0, 5, 10, 15, 20, 25, 30]","[None, None, None, None, None, None, None]","[0.0, 1.89, 3.77, 5.66, 7.54, 9.43, 11.31]"
3267,35.06,0.1009680261767835,Highly Persuadable,"[0, 5, 10, 15, 20, 25, 30]","[None, None, None, None, None, None, None]","[0.0, 1.75, 3.51, 5.26, 7.01, 8.77, 10.52]"
281,36.73,0.0348924025009956,Persuadable,"[0, 5, 10, 15, 20, 25, 30]","[None, None, None, None, None, None, None]","[0.0, 1.84, 3.67, 5.51, 7.35, 9.18, 11.02]"
1720,42.86,-0.044203590595899,Not Persuadable,"[0, 5, 10, 15, 20, 25, 30]","[None, None, None, None, None, None, None]","[0.0, 2.14, 4.29, 6.43, 8.57, 10.71, 12.86]"
2948,40.76,0.0428894092101073,Persuadable,"[0, 5, 10, 15, 20, 25, 30]","[None, None, None, None, None, None, None]","[0.0, 2.04, 4.08, 6.11, 8.15, 10.19, 12.23]"
900,43.15,-0.0794125065883897,Not Persuadable,"[0, 5, 10, 15, 20, 25, 30]","[None, None, None, None, None, None, None]","[0.0, 2.16, 4.32, 6.47, 8.63, 10.79, 12.94]"
4861,36.11,-0.0034089670011376,Not Persuadable,"[0, 5, 10, 15, 20, 25, 30]","[None, None, None, None, None, None, None]","[0.0, 1.81, 3.61, 5.42, 7.22, 9.03, 10.83]"
761,62.62,0.0665179793055998,Persuadable,"[0, 5, 10, 15, 20, 25, 30]","[None, None, None, None, None, None, None]","[0.0, 3.13, 6.26, 9.39, 12.52, 15.65, 18.79]"
1907,18.57,0.0252326864271847,Persuadable,"[0, 5, 10, 15, 20, 25, 30]","[None, None, None, None, None, None, None]","[0.0, 0.93, 1.86, 2.79, 3.71, 4.64, 5.57]"
4043,28.17,0.0102520343522088,Persuadable,"[0, 5, 10, 15, 20, 25, 30]","[None, None, None, None, None, None, None]","[0.0, 1.41, 2.82, 4.23, 5.63, 7.04, 8.45]"
3824,22.32,0.1517596343938403,Highly Persuadable,"[0, 5, 10, 15, 20, 25, 30]","[None, None, None, None, None, None, None]","[0.0, 1.12, 2.23, 3.35, 4.46, 5.58, 6.7]"
4139,21.7,0.0455549812212163,Persuadable,"[0, 5, 10, 15, 20, 25, 30]","[None, None, None, None, None, None, None]","[0.0, 1.08, 2.17, 3.25, 4.34, 5.42, 6.51]"
3819,40.79,-0.0004551434595994,Not Persuadable,"[0, 5, 10, 15, 20, 25, 30]","[None, None, None, None, None, None, None]","[0.0, 2.04, 4.08, 6.12, 8.16, 10.2, 12.24]"
4301,51.17,-0.0189310672601325,Not Persuadable,"[0, 5, 10, 15, 20, 25, 30]","[None, None, None, None, None, None, None]","[0.0, 2.56, 5.12, 7.68, 10.23, 12.79, 15.35]"
2594,46.48,-1.5564150015095644e-05,Not Persuadable,"[0, 5, 10, 15, 20, 25, 30]","[None, None, None, None, None, None, None]","[0.0, 2.32, 4.65, 6.97, 9.3, 11.62, 13.94]"
4165,40.44,0.063706675937438,Persuadable,"[0, 5, 10, 15, 20, 25, 30]","[None, None, None, None, None, None, None]","[0.0, 2.02, 4.04, 6.07, 8.09, 10.11, 12.13]"
3032,48.78,0.0571561438641294,Persuadable,"[0, 5, 10, 15, 20, 25, 30]","[None, None, None, None, None, None, None]","[0.0, 2.44, 4.88, 7.32, 9.76, 12.2, 14.63]"
3580,47.73,0.119497707273004,Highly Persuadable,"[0, 5, 10, 15, 20, 25, 30]","[None, None, None, None, None, None, None]","[0.0, 2.39, 4.77, 7.16, 9.55, 11.93, 14.32]"
2833,30.49,0.0955412561727281,Persuadable,"[0, 5, 10, 15, 20, 25, 30]","[None, None, None, None, None, None, None]","[0.0, 1.52, 3.05, 4.57, 6.1, 7.62, 9.15]"
3473,51.27,-0.0042797311083965,Not Persuadable,"[0, 5, 10, 15, 20, 25, 30]","[None, None, None, None, None, None, None]","[0.0, 2.56, 5.13, 7.69, 10.25, 12.82, 15.38]"
138,38.95,0.002409743688964,Persuadable,"[0, 5, 10, 15, 20, 25, 30]","[None, None, None, None, None, None, None]","[0.0, 1.95, 3.9, 5.84, 7.79, 9.74, 11.69]"
2181,45.23,0.0393102250352001,Persuadable,"[0, 5, 10, 15, 20, 25, 30]","[None, None, None, None, None, None, None]","[0.0, 2.26, 4.52, 6.78, 9.05, 11.31, 13.57]"
2129,31.01,-0.0003880176357624,Not Persuadable,"[0, 5, 10, 15, 20, 25, 30]","[None, None, None, None, None, None, None]","[0.0, 1.55, 3.1, 4.65, 6.2, 7.75, 9.3]"
3178,33.92,0.0074453531874712,Persuadable,"[0, 5, 10, 15, 20, 25, 30]","[None, None, None, None, None, None, None]","[0.0, 1.7, 3.39, 5.09, 6.78, 8.48, 10.18]"
4378,41.36,0.0291983108376533,Persuadable,"[0, 5, 10, 15, 20, 25, 30]","[None, None, None, None, None, None, None]","[0.0, 2.07, 4.14, 6.2, 8.27, 10.34, 12.41]"
4262,49.0,0.1674806756497333,Highly Persuadable,"[0, 5, 10, 15, 20, 25, 30]","[None, None, None, None, None, None, None]","[0.0, 2.45, 4.9, 7.35, 9.8, 12.25, 14.7]"
4345,32.39,0.1285957324174841,Highly Persuadable,"[0, 5, 10, 15, 20, 25, 30]","[None, None, None, None, None, None, None]","[0.0, 1.62, 3.24, 4.86, 6.48, 8.1, 9.72]"
1332,34.4,-0.0002315231609701,Not Persuadable,"[0, 5, 10, 15, 20, 25, 30]","[None, None, None, None, None, None, None]","[0.0, 1.72, 3.44, 5.16, 6.88, 8.6, 10.32]"
2018,49.75,0.077165227686595,Persuadable,"[0, 5, 10, 15, 20, 25, 30]","[None, None, None, None, None, None, None]","[0.0, 2.49, 4.98, 7.46, 9.95, 12.44, 14.92]"
2483,43.74,-0.0479291700012152,Not Persuadable,"[0, 5, 10, 15, 20, 25, 30]","[None, None, None, None, None, None, None]","[0.0, 2.19, 4.37, 6.56, 8.75, 10.94, 13.12]"
1359,47.27,-0.0151379204366438,Not Persuadable,"[0, 5, 10, 15, 20, 25, 30]","[None, None, None, None, None, None, None]","[0.0, 2.36, 4.73, 7.09, 9.45, 11.82, 14.18]"
1330,46.28,0.0257177461699964,Persuadable,"[0, 5, 10, 15, 20, 25, 30]","[None, None, None, None, None, None, None]","[0.0, 2.31, 4.63, 6.94, 9.26, 11.57, 13.88]"
2151,31.27,0.191471512294823,Highly Persuadable,"[0, 5, 10, 15, 20, 25, 30]","[None, None, None, None, None, None, None]","[0.0, 1.56, 3.13, 4.69, 6.25, 7.82, 9.38]"
2123,17.12,0.0831744348638722,Persuadable,"[0, 5, 10, 15, 20, 25, 30]","[None, None, None, None, None, None, None]","[0.0, 0.86, 1.71, 2.57, 3.42, 4.28, 5.14]"
3982,32.32,0.1130551252608781,Highly Persuadable,"[0, 5, 10, 15, 20, 25, 30]","[None, None, None, None, None, None, None]","[0.0, 1.62, 3.23, 4.85, 6.46, 8.08, 9.7]"
1253,42.9,-0.1077993446141633,Not Persuadable,"[0, 5, 10, 15, 20, 25, 30]","[None, None, None, None, None, None, None]","[0.0, 2.15, 4.29, 6.43, 8.58, 10.72, 12.87]"
3279,29.48,-0.0286405385625817,Not Persuadable,"[0, 5, 10, 15, 20, 25, 30]","[None, None, None, None, None, None, None]","[0.0, 1.47, 2.95, 4.42, 5.9, 7.37, 8.84]"
3375,37.36,-0.0732991016239631,Not Persuadable,"[0, 5, 10, 15, 20, 25, 30]","[None, None, None, None, None, None, None]","[0.0, 1.87, 3.74, 5.6, 7.47, 9.34, 11.21]"
2815,9.88,0.1105017812860191,Highly Persuadable,"[0, 5, 10, 15, 20, 25, 30]","[None, None, None, None, None, None, None]","[0.0, 0.49, 0.99, 1.48, 1.98, 2.47, 2.96]"
1849,20.95,0.0700667655599662,Persuadable,"[0, 5, 10, 15, 20, 25, 30]","[None, None, None, None, None, None, None]","[0.0, 1.05, 2.1, 3.14, 4.19, 5.24, 6.28]"
3038,23.25,-0.0150364447446341,Not Persuadable,"[0, 5, 10, 15, 20, 25, 30]","[None, None, None, None, None, None, None]","[0.0, 1.16, 2.33, 3.49, 4.65, 5.81, 6.97]"
389,40.67,-0.0429667416067552,Not Persuadable,"[0, 5, 10, 15, 20, 25, 30]","[None, None, None, None, None, None, None]","[0.0, 2.03, 4.07, 6.1, 8.13, 10.17, 12.2]"
236,36.39,-0.0504570872524589,Not Persuadable,"[0, 5, 10, 15, 20, 25, 30]","[None, None, None, None, None, None, None]","[0.0, 1.82, 3.64, 5.46, 7.28, 9.1, 10.92]"
1078,34.01,0.0656348566977162,Persuadable,"[0, 5, 10, 15, 20, 25, 30]","[None, None, None, None, None, None, None]","[0.0, 1.7, 3.4, 5.1, 6.8, 8.5, 10.2]"
1985,24.76,0.1255658810833508,Highly Persuadable,"[0, 5, 10, 15, 20, 25, 30]","[None, None, None, None, None, None, None]","[0.0, 1.24, 2.48, 3.71, 4.95, 6.19, 7.43]"
4364,22.78,0.068073803905024,Persuadable,"[0, 5, 10, 15, 20, 25, 30]","[None, None, None, None, None, None, None]","[0.0, 1.14, 2.28, 3.42, 4.56, 5.7, 6.83]"
3963,35.52,0.1391090943245723,Highly Persuadable,"[0, 5, 10, 15, 20, 25, 30]","[None, None, None, None, None, None, None]","[0.0, 1.78, 3.55, 5.33, 7.1, 8.88, 10.66]"
771,48.03,0.0504463691484517,Persuadable,"[0, 5, 10, 15, 20, 25, 30]","[None, None, None, None, None, None, None]","[0.0, 2.4, 4.8, 7.2, 9.61, 12.01, 14.41]"
2166,48.83,0.0229526510851647,Persuadable,"[0, 5, 10, 15, 20, 25, 30]","[None, None, None, None, None, None, None]","[0.0, 2.44, 4.88, 7.32, 9.77, 12.21, 14.65]"
674,40.24,-0.049961687591553,Not Persuadable,"[0, 5, 10, 15, 20, 25, 30]","[None, None, None, None, None, None, None]","[0.0, 2.01, 4.02, 6.04, 8.05, 10.06, 12.07]"
250,32.31,0.1551716097787844,Highly Persuadable,"[0, 5, 10, 15, 20, 25, 30]","[None, None, None, None, None, None, None]","[0.0, 1.62, 3.23, 4.85, 6.46, 8.08, 9.69]"
1575,33.68,0.1462447438410618,Highly Persuadable,"[0, 5, 10, 15, 20, 25, 30]","[None, None, None, None, None, None, None]","[0.0, 1.68, 3.37, 5.05, 6.74, 8.42, 10.1]"
3420,45.6,0.0834266191413264,Persuadable,"[0, 5, 10, 15, 20, 25, 30]","[None, None, None, None, None, None, None]","[0.0, 2.28, 4.56, 6.84, 9.12, 11.4, 13.68]"
2082,52.53,0.0030105388422768,Persuadable,"[0, 5, 10, 15, 20, 25, 30]","[None, None, None, None, None, None, None]","[0.0, 2.63, 5.25, 7.88, 10.51, 13.13, 15.76]"
1824,49.76,0.0136077289824914,Persuadable,"[0, 5, 10, 15, 20, 25, 30]","[None, None, None, None, None, None, None]","[0.0, 2.49, 4.98, 7.46, 9.95, 12.44, 14.93]"
717,49.21,-0.153954680440889,Not Persuadable,"[0, 5, 10, 15, 20, 25, 30]","[None, None, None, None, None, None, None]","[0.0, 2.46, 4.92, 7.38, 9.84, 12.3, 14.76]"
4679,29.15,0.1291064809141556,Highly Persuadable,"[0, 5, 10, 15, 20, 25, 30]","[None, None, None, None, None, None, None]","[0.0, 1.46, 2.92, 4.37, 5.83, 7.29, 8.74]"
2049,53.97,-0.1075221843527683,Not Persuadable,"[0, 5, 10, 15, 20, 25, 30]","[None, None, None, None, None, None, None]","[0.0, 2.7, 5.4, 8.1, 10.79, 13.49, 16.19]"
4179,23.73,0.1324375328874411,Highly Persuadable,"[0, 5, 10, 15, 20, 25, 30]","[None, None, None, None, None, None, None]","[0.0, 1.19, 2.37, 3.56, 4.75, 5.93, 7.12]"
2725,30.44,0.1606443797895942,Highly Persuadable,"[0, 5, 10, 15, 20, 25, 30]","[None, None, None, None, None, None, None]","[0.0, 1.52, 3.04, 4.57, 6.09, 7.61, 9.13]"
4532,27.09,0.2348638038071627,Highly Persuadable,"[0, 5, 10, 15, 20, 25, 30]","[None, None, None, None, None, None, None]","[0.0, 1.35, 2.71, 4.06, 5.42, 6.77, 8.13]"
1461,44.28,0.0377524023591748,Persuadable,"[0, 5, 10, 15, 20, 25, 30]","[None, None, None, None, None, None, None]","[0.0, 2.21, 4.43, 6.64, 8.86, 11.07, 13.28]"
1669,34.68,0.1506324898045974,Highly Persuadable,"[0, 5, 10, 15, 20, 25, 30]","[None, None, None, None, None, None, None]","[0.0, 1.73, 3.47, 5.2, 6.94, 8.67, 10.4]"
2757,36.09,-0.0582767385936883,Not Persuadable,"[0, 5, 10, 15, 20, 25, 30]","[None, None, None, None, None, None, None]","[0.0, 1.8, 3.61, 5.41, 7.22, 9.02, 10.83]"
2001,38.34,0.0154184454857077,Persuadable,"[0, 5, 10, 15, 20, 25, 30]","[None, None, None, None, None, None, None]","[0.0, 1.92, 3.83, 5.75, 7.67, 9.59, 11.5]"
405,47.21,0.0848464326375947,Persuadable,"[0, 5, 10, 15, 20, 25, 30]","[None, None, None, None, None, None, None]","[0.0, 2.36, 4.72, 7.08, 9.44, 11.8, 14.16]"
385,49.13,-0.0898222623448482,Not Persuadable,"[0, 5, 10, 15, 20, 25, 30]","[None, None, None, None, None, None, None]","[0.0, 2.46, 4.91, 7.37, 9.83, 12.28, 14.74]"
4503,14.41,-0.0375722856073152,Not Persuadable,"[0, 5, 10, 15, 20, 25, 30]","[None, None, None, None, None, None, None]","[0.0, 0.72, 1.44, 2.16, 2.88, 3.6, 4.32]"
2153,47.42,-0.0967012370837154,Not Persuadable,"[0, 5, 10, 15, 20, 25, 30]","[None, None, None, None, None, None, None]","[0.0, 2.37, 4.74, 7.11, 9.48, 11.86, 14.23]"
1634,26.81,0.1042983008892056,Highly Persuadable,"[0, 5, 10, 15, 20, 25, 30]","[None, None, None, None, None, None, None]","[0.0, 1.34, 2.68, 4.02, 5.36, 6.7, 8.04]"
4597,49.25,0.1081975997609553,Highly Persuadable,"[0, 5, 10, 15, 20, 25, 30]","[None, None, None, None, None, None, None]","[0.0, 2.46, 4.93, 7.39, 9.85, 12.31, 14.77]"
3926,34.75,0.0613926129582129,Persuadable,"[0, 5, 10, 15, 20, 25, 30]","[None, None, None, None, None, None, None]","[0.0, 1.74, 3.48, 5.21, 6.95, 8.69, 10.42]"
4159,36.6,-0.0084561474597381,Not Persuadable,"[0, 5, 10, 15, 20, 25, 30]","[None, None, None, None, None, None, None]","[0.0, 1.83, 3.66, 5.49, 7.32, 9.15, 10.98]"
224,25.95,0.1341538611781996,Highly Persuadable,"[0, 5, 10, 15, 20, 25, 30]","[None, None, None, None, None, None, None]","[0.0, 1.3, 2.6, 3.89, 5.19, 6.49, 7.78]"
2194,34.34,0.1512039724025695,Highly Persuadable,"[0, 5, 10, 15, 20, 25, 30]","[None, None, None, None, None, None, None]","[0.0, 1.72, 3.43, 5.15, 6.87, 8.59, 10.3]"
3137,39.68,0.0644122560832049,Persuadable,"[0, 5, 10, 15, 20, 25, 30]","[None, None, None, None, None, None, None]","[0.0, 1.98, 3.97, 5.95, 7.94, 9.92, 11.9]"
1825,28.52,0.0569769767103518,Persuadable,"[0, 5, 10, 15, 20, 25, 30]","[None, None, None, None, None, None, None]","[0.0, 1.43, 2.85, 4.28, 5.7, 7.13, 8.56]"
4611,27.2,0.0892674449292161,Persuadable,"[0, 5, 10, 15, 20, 25, 30]","[None, None, None, None, None, None, None]","[0.0, 1.36, 2.72, 4.08, 5.44, 6.8, 8.16]"
798,38.46,0.0071918103803252,Persuadable,"[0, 5, 10, 15, 20, 25, 30]","[None, None, None, None, None, None, None]","[0.0, 1.92, 3.85, 5.77, 7.69, 9.62, 11.54]"
2872,40.49,-0.0262455176484056,Not Persuadable,"[0, 5, 10, 15, 20, 25, 30]","[None, None, None, None, None, None, None]","[0.0, 2.02, 4.05, 6.07, 8.1, 10.12, 12.15]"
10,34.6,0.04517084838309,Persuadable,"[0, 5, 10, 15, 20, 25, 30]","[None, None, None, None, None, None, None]","[0.0, 1.73, 3.46, 5.19, 6.92, 8.65, 10.38]"
1945,39.24,0.1157198428086718,Highly Persuadable,"[0, 5, 10, 15, 20, 25, 30]","[None, None, None, None, None, None, None]","[0.0, 1.96, 3.92, 5.89, 7.85, 9.81, 11.77]"
1839,50.1,0.115710625499602,Highly Persuadable,"[0, 5, 10, 15, 20, 25, 30]","[None, None, None, None, None, None, None]","[0.0, 2.51, 5.01, 7.51, 10.02, 12.53, 15.03]"
256,36.7,-0.0058289667273271,Not Persuadable,"[0, 5, 10, 15, 20, 25, 30]","[None, None, None, None, None, None, None]","[0.0, 1.84, 3.67, 5.5, 7.34, 9.18, 11.01]"
4519,37.08,0.119889422796522,Highly Persuadable,"[0, 5, 10, 15, 20, 25, 30]","[None, None, None, None, None, None, None]","[0.0, 1.85, 3.71, 5.56, 7.42, 9.27, 11.12]"
1582,30.34,0.183086334181222,Highly Persuadable,"[0, 5, 10, 15, 20, 25, 30]","[None, None, None, None, None, None, None]","[0.0, 1.52, 3.03, 4.55, 6.07, 7.58, 9.1]"
2957,40.91,0.0344921258479119,Persuadable,"[0, 5, 10, 15, 20, 25, 30]","[None, None, None, None, None, None, None]","[0.0, 2.05, 4.09, 6.14, 8.18, 10.23, 12.27]"
925,30.12,0.1472761126972356,Highly Persuadable,"[0, 5, 10, 15, 20, 25, 30]","[None, None, None, None, None, None, None]","[0.0, 1.51, 3.01, 4.52, 6.02, 7.53, 9.04]"
4440,31.2,0.0585296902966311,Persuadable,"[0, 5, 10, 15, 20, 25, 30]","[None, None, None, None, None, None, None]","[0.0, 1.56, 3.12, 4.68, 6.24, 7.8, 9.36]"
2509,32.58,-0.0501301416386215,Not Persuadable,"[0, 5, 10, 15, 20, 25, 30]","[None, None, None, None, None, None, None]","[0.0, 1.63, 3.26, 4.89, 6.52, 8.14, 9.77]"
3776,23.16,0.1394605325149351,Highly Persuadable,"[0, 5, 10, 15, 20, 25, 30]","[None, None, None, None, None, None, None]","[0.0, 1.16, 2.32, 3.47, 4.63, 5.79, 6.95]"
4137,39.83,-0.1020491229389387,Not Persuadable,"[0, 5, 10, 15, 20, 25, 30]","[None, None, None, None, None, None, None]","[0.0, 1.99, 3.98, 5.97, 7.97, 9.96, 11.95]"
2780,25.35,0.1589579927126616,Highly Persuadable,"[0, 5, 10, 15, 20, 25, 30]","[None, None, None, None, None, None, None]","[0.0, 1.27, 2.54, 3.8, 5.07, 6.34, 7.61]"
540,33.59,0.1114164619555842,Highly Persuadable,"[0, 5, 10, 15, 20, 25, 30]","[None, None, None, None, None, None, None]","[0.0, 1.68, 3.36, 5.04, 6.72, 8.4, 10.08]"
2746,32.72,0.0456387106774925,Persuadable,"[0, 5, 10, 15, 20, 25, 30]","[None, None, None, None, None, None, None]","[0.0, 1.64, 3.27, 4.91, 6.54, 8.18, 9.82]"
4509,23.8,0.0197693079643874,Persuadable,"[0, 5, 10, 15, 20, 25, 30]","[None, None, None, None, None, None, None]","[0.0, 1.19, 2.38, 3.57, 4.76, 5.95, 7.14]"
4582,32.41,0.0552934251077555,Persuadable,"[0, 5, 10, 15, 20, 25, 30]","[None, None, None, None, None, None, None]","[0.0, 1.62, 3.24, 4.86, 6.48, 8.1, 9.72]"
1146,38.39,0.0276562108491231,Persuadable,"[0, 5, 10, 15, 20, 25, 30]","[None, None, None, None, None, None, None]","[0.0, 1.92, 3.84, 5.76, 7.68, 9.6, 11.52]"
668,37.73,0.1032256689339388,Highly Persuadable,"[0, 5, 10, 15, 20, 25, 30]","[None, None, None, None, None, None, None]","[0.0, 1.89, 3.77, 5.66, 7.55, 9.43, 11.32]"
3020,29.85,0.0162851846062505,Persuadable,"[0, 5, 10, 15, 20, 25, 30]","[None, None, None, None, None, None, None]","[0.0, 1.49, 2.99, 4.48, 5.97, 7.46, 8.96]"
358,36.2,0.124737727547797,Highly Persuadable,"[0, 5, 10, 15, 20, 25, 30]","[None, None, None, None, None, None, None]","[0.0, 1.81, 3.62, 5.43, 7.24, 9.05, 10.86]"
2832,41.73,0.1833596399165754,Highly Persuadable,"[0, 5, 10, 15, 20, 25, 30]","[None, None, None, None, None, None, None]","[0.0, 2.09, 4.17, 6.26, 8.35, 10.43, 12.52]"
2784,41.31,0.1317714715318056,Highly Persuadable,"[0, 5, 10, 15, 20, 25, 30]","[None, None, None, None, None, None, None]","[0.0, 2.07, 4.13, 6.2, 8.26, 10.33, 12.39]"
1354,33.08,0.0021361943587698,Persuadable,"[0, 5, 10, 15, 20, 25, 30]","[None, None, None, None, None, None, None]","[0.0, 1.65, 3.31, 4.96, 6.62, 8.27, 9.92]"
471,31.13,0.1547238709476382,Highly Persuadable,"[0, 5, 10, 15, 20, 25, 30]","[None, None, None, None, None, None, None]","[0.0, 1.56, 3.11, 4.67, 6.23, 7.78, 9.34]"
2704,24.33,-0.0425784631252493,Not Persuadable,"[0, 5, 10, 15, 20, 25, 30]","[None, None, None, None, None, None, None]","[0.0, 1.22, 2.43, 3.65, 4.87, 6.08, 7.3]"
3331,36.3,0.0042761596733832,Persuadable,"[0, 5, 10, 15, 20, 25, 30]","[None, None, None, None, None, None, None]","[0.0, 1.81, 3.63, 5.44, 7.26, 9.07, 10.89]"
3638,44.54,-0.0262106860472026,Not Persuadable,"[0, 5, 10, 15, 20, 25, 30]","[None, None, None, None, None, None, None]","[0.0, 2.23, 4.45, 6.68, 8.91, 11.13, 13.36]"
1397,51.19,-0.0222274163759902,Not Persuadable,"[0, 5, 10, 15, 20, 25, 30]","[None, None, None, None, None, None, None]","[0.0, 2.56, 5.12, 7.68, 10.24, 12.8, 15.36]"
3585,42.27,-0.0079900831027813,Not Persuadable,"[0, 5, 10, 15, 20, 25, 30]","[None, None, None, None, None, None, None]","[0.0, 2.11, 4.23, 6.34, 8.45, 10.57, 12.68]"
4758,47.72,-0.0451691101284036,Not Persuadable,"[0, 5, 10, 15, 20, 25, 30]","[None, None, None, None, None, None, None]","[0.0, 2.39, 4.77, 7.16, 9.54, 11.93, 14.32]"
3377,39.26,-0.0121674262666866,Not Persuadable,"[0, 5, 10, 15, 20, 25, 30]","[None, None, None, None, None, None, None]","[0.0, 1.96, 3.93, 5.89, 7.85, 9.81, 11.78]"
1257,44.64,0.1007653458374587,Highly Persuadable,"[0, 5, 10, 15, 20, 25, 30]","[None, None, None, None, None, None, None]","[0.0, 2.23, 4.46, 6.7, 8.93, 11.16, 13.39]"
3513,40.62,0.0075987689188478,Persuadable,"[0, 5, 10, 15, 20, 25, 30]","[None, None, None, None, None, None, None]","[0.0, 2.03, 4.06, 6.09, 8.12, 10.15, 12.19]"
1251,34.24,0.0304771029252223,Persuadable,"[0, 5, 10, 15, 20, 25, 30]","[None, None, None, None, None, None, None]","[0.0, 1.71, 3.42, 5.14, 6.85, 8.56, 10.27]"
4818,40.43,0.1356691819680162,Highly Persuadable,"[0, 5, 10, 15, 20, 25, 30]","[None, None, None, None, None, None, None]","[0.0, 2.02, 4.04, 6.06, 8.09, 10.11, 12.13]"
4299,27.89,0.0255176931241501,Persuadable,"[0, 5, 10, 15, 20, 25, 30]","[None, None, None, None, None, None, None]","[0.0, 1.39, 2.79, 4.18, 5.58, 6.97, 8.37]"
3285,46.06,0.067421814772374,Persuadable,"[0, 5, 10, 15, 20, 25, 30]","[None, None, None, None, None, None, None]","[0.0, 2.3, 4.61, 6.91, 9.21, 11.52, 13.82]"
2934,25.25,-0.0023515244899755,Not Persuadable,"[0, 5, 10, 15, 20, 25, 30]","[None, None, None, None, None, None, None]","[0.0, 1.26, 2.53, 3.79, 5.05, 6.31, 7.57]"
4176,37.67,0.0536441779222266,Persuadable,"[0, 5, 10, 15, 20, 25, 30]","[None, None, None, None, None, None, None]","[0.0, 1.88, 3.77, 5.65, 7.53, 9.42, 11.3]"
1853,47.19,0.0972131738722755,Persuadable,"[0, 5, 10, 15, 20, 25, 30]","[None, None, None, None, None, None, None]","[0.0, 2.36, 4.72, 7.08, 9.44, 11.8, 14.16]"
4880,43.12,-0.003912487518306,Not Persuadable,"[0, 5, 10, 15, 20, 25, 30]","[None, None, None, None, None, None, None]","[0.0, 2.16, 4.31, 6.47, 8.62, 10.78, 12.94]"
2106,26.42,0.0120628953757315,Persuadable,"[0, 5, 10, 15, 20, 25, 30]","[None, None, None, None, None, None, None]","[0.0, 1.32, 2.64, 3.96, 5.28, 6.61, 7.93]"
134,31.46,0.0988698922000521,Persuadable,"[0, 5, 10, 15, 20, 25, 30]","[None, None, None, None, None, None, None]","[0.0, 1.57, 3.15, 4.72, 6.29, 7.87, 9.44]"
929,50.44,-0.0075848537870852,Not Persuadable,"[0, 5, 10, 15, 20, 25, 30]","[None, None, None, None, None, None, None]","[0.0, 2.52, 5.04, 7.57, 10.09, 12.61, 15.13]"
824,41.19,-0.0629602336027675,Not Persuadable,"[0, 5, 10, 15, 20, 25, 30]","[None, None, None, None, None, None, None]","[0.0, 2.06, 4.12, 6.18, 8.24, 10.3, 12.36]"
4554,29.28,0.0574295018319296,Persuadable,"[0, 5, 10, 15, 20, 25, 30]","[None, None, None, None, None, None, None]","[0.0, 1.46, 2.93, 4.39, 5.86, 7.32, 8.78]"
1532,46.39,0.0441294866112881,Persuadable,"[0, 5, 10, 15, 20, 25, 30]","[None, None, None, None, None, None, None]","[0.0, 2.32, 4.64, 6.96, 9.28, 11.6, 13.92]"
1215,33.93,-0.013250104403614,Not Persuadable,"[0, 5, 10, 15, 20, 25, 30]","[None, None, None, None, None, None, None]","[0.0, 1.7, 3.39, 5.09, 6.79, 8.48, 10.18]"
505,43.71,0.0126803844042307,Persuadable,"[0, 5, 10, 15, 20, 25, 30]","[None, None, None, None, None, None, None]","[0.0, 2.19, 4.37, 6.56, 8.74, 10.93, 13.11]"
4286,41.04,0.0681279177106139,Persuadable,"[0, 5, 10, 15, 20, 25, 30]","[None, None, None, None, None, None, None]","[0.0, 2.05, 4.1, 6.16, 8.21, 10.26, 12.31]"
1997,36.1,0.0494906470826397,Persuadable,"[0, 5, 10, 15, 20, 25, 30]","[None, None, None, None, None, None, None]","[0.0, 1.81, 3.61, 5.42, 7.22, 9.03, 10.83]"
3073,24.71,0.0336385308054093,Persuadable,"[0, 5, 10, 15, 20, 25, 30]","[None, None, None, None, None, None, None]","[0.0, 1.24, 2.47, 3.71, 4.94, 6.18, 7.41]"
1959,36.74,0.0499437790810119,Persuadable,"[0, 5, 10, 15, 20, 25, 30]","[None, None, None, None, None, None, None]","[0.0, 1.84, 3.67, 5.51, 7.35, 9.19, 11.02]"
1385,35.67,-0.0120360841866511,Not Persuadable,"[0, 5, 10, 15, 20, 25, 30]","[None, None, None, None, None, None, None]","[0.0, 1.78, 3.57, 5.35, 7.13, 8.92, 10.7]"
895,32.55,0.1202907960288013,Highly Persuadable,"[0, 5, 10, 15, 20, 25, 30]","[None, None, None, None, None, None, None]","[0.0, 1.63, 3.25, 4.88, 6.51, 8.14, 9.76]"
456,50.85,0.1230653392158476,Highly Persuadable,"[0, 5, 10, 15, 20, 25, 30]","[None, None, None, None, None, None, None]","[0.0, 2.54, 5.09, 7.63, 10.17, 12.71, 15.25]"
4647,33.48,0.1427876315305772,Highly Persuadable,"[0, 5, 10, 15, 20, 25, 30]","[None, None, None, None, None, None, None]","[0.0, 1.67, 3.35, 5.02, 6.7, 8.37, 10.04]"
3710,40.23,-0.0004353837744562,Not Persuadable,"[0, 5, 10, 15, 20, 25, 30]","[None, None, None, None, None, None, None]","[0.0, 2.01, 4.02, 6.03, 8.05, 10.06, 12.07]"
4629,58.3,0.0985525181619206,Persuadable,"[0, 5, 10, 15, 20, 25, 30]","[None, None, None, None, None, None, None]","[0.0, 2.92, 5.83, 8.74, 11.66, 14.57, 17.49]"
4269,42.02,0.0217697023354465,Persuadable,"[0, 5, 10, 15, 20, 25, 30]","[None, None, None, None, None, None, None]","[0.0, 2.1, 4.2, 6.3, 8.4, 10.51, 12.61]"
3523,35.28,0.0507893517353871,Persuadable,"[0, 5, 10, 15, 20, 25, 30]","[None, None, None, None, None, None, None]","[0.0, 1.76, 3.53, 5.29, 7.06, 8.82, 10.58]"
4135,28.4,0.0451262964451875,Persuadable,"[0, 5, 10, 15, 20, 25, 30]","[None, None, None, None, None, None, None]","[0.0, 1.42, 2.84, 4.26, 5.68, 7.1, 8.52]"
3603,16.85,0.1275147836469209,Highly Persuadable,"[0, 5, 10, 15, 20, 25, 30]","[None, None, None, None, None, None, None]","[0.0, 0.84, 1.69, 2.53, 3.37, 4.21, 5.06]"
714,60.18,0.0682756571058321,Persuadable,"[0, 5, 10, 15, 20, 25, 30]","[None, None, None, None, None, None, None]","[0.0, 3.01, 6.02, 9.03, 12.04, 15.04, 18.05]"
4187,54.69,0.0859630010808283,Persuadable,"[0, 5, 10, 15, 20, 25, 30]","[None, None, None, None, None, None, None]","[0.0, 2.73, 5.47, 8.2, 10.94, 13.67, 16.41]"
2215,19.0,0.1479300009048286,Highly Persuadable,"[0, 5, 10, 15, 20, 25, 30]","[None, None, None, None, None, None, None]","[0.0, 0.95, 1.9, 2.85, 3.8, 4.75, 5.7]"
2924,17.37,0.0850144903661513,Persuadable,"[0, 5, 10, 15, 20, 25, 30]","[None, None, None, None, None, None, None]","[0.0, 0.87, 1.74, 2.61, 3.47, 4.34, 5.21]"
1811,37.43,0.0241490311961218,Persuadable,"[0, 5, 10, 15, 20, 25, 30]","[None, None, None, None, None, None, None]","[0.0, 1.87, 3.74, 5.61, 7.49, 9.36, 11.23]"
3487,36.66,-0.0095929511674541,Not Persuadable,"[0, 5, 10, 15, 20, 25, 30]","[None, None, None, None, None, None, None]","[0.0, 1.83, 3.67, 5.5, 7.33, 9.16, 11.0]"
3142,48.67,0.0515903336294619,Persuadable,"[0, 5, 10, 15, 20, 25, 30]","[None, None, None, None, None, None, None]","[0.0, 2.43, 4.87, 7.3, 9.73, 12.17, 14.6]"
1828,25.3,-0.0277570873208873,Not Persuadable,"[0, 5, 10, 15, 20, 25, 30]","[None, None, None, None, None, None, None]","[0.0, 1.27, 2.53, 3.79, 5.06, 6.33, 7.59]"
1156,57.47,0.0010241177280693,Persuadable,"[0, 5, 10, 15, 20, 25, 30]","[None, None, None, None, None, None, None]","[0.0, 2.87, 5.75, 8.62, 11.49, 14.37, 17.24]"
1325,52.8,0.0516864185483012,Persuadable,"[0, 5, 10, 15, 20, 25, 30]","[None, None, None, None, None, None, None]","[0.0, 2.64, 5.28, 7.92, 10.56, 13.2, 15.84]"
4313,37.31,0.1269557073363133,Highly Persuadable,"[0, 5, 10, 15, 20, 25, 30]","[None, None, None, None, None, None, None]","[0.0, 1.87, 3.73, 5.6, 7.46, 9.33, 11.19]"
511,33.8,0.0243906234048516,Persuadable,"[0, 5, 10, 15, 20, 25, 30]","[None, None, None, None, None, None, None]","[0.0, 1.69, 3.38, 5.07, 6.76, 8.45, 10.14]"
1681,32.48,0.1482227180747252,Highly Persuadable,"[0, 5, 10, 15, 20, 25, 30]","[None, None, None, None, None, None, None]","[0.0, 1.62, 3.25, 4.87, 6.5, 8.12, 9.74]"
500,39.22,0.0204385561863127,Persuadable,"[0, 5, 10, 15, 20, 25, 30]","[None, None, None, None, None, None, None]","[0.0, 1.96, 3.92, 5.88, 7.84, 9.8, 11.77]"
4547,30.44,-0.0436534927093909,Not Persuadable,"[0, 5, 10, 15, 20, 25, 30]","[None, None, None, None, None, None, None]","[0.0, 1.52, 3.04, 4.57, 6.09, 7.61, 9.13]"
1857,51.12,-0.0924063354990414,Not Persuadable,"[0, 5, 10, 15, 20, 25, 30]","[None, None, None, None, None, None, None]","[0.0, 2.56, 5.11, 7.67, 10.22, 12.78, 15.34]"
1389,34.37,0.1058360558926002,Highly Persuadable,"[0, 5, 10, 15, 20, 25, 30]","[None, None, None, None, None, None, None]","[0.0, 1.72, 3.44, 5.16, 6.87, 8.59, 10.31]"
3720,42.9,0.0837350931539415,Persuadable,"[0, 5, 10, 15, 20, 25, 30]","[None, None, None, None, None, None, None]","[0.0, 2.15, 4.29, 6.43, 8.58, 10.72, 12.87]"
2387,30.61,0.046673383348984,Persuadable,"[0, 5, 10, 15, 20, 25, 30]","[None, None, None, None, None, None, None]","[0.0, 1.53, 3.06, 4.59, 6.12, 7.65, 9.18]"
3237,40.25,0.1055921940527438,Highly Persuadable,"[0, 5, 10, 15, 20, 25, 30]","[None, None, None, None, None, None, None]","[0.0, 2.01, 4.03, 6.04, 8.05, 10.06, 12.07]"
1541,32.24,0.0694220932129662,Persuadable,"[0, 5, 10, 15, 20, 25, 30]","[None, None, None, None, None, None, None]","[0.0, 1.61, 3.22, 4.84, 6.45, 8.06, 9.67]"
1218,26.16,0.0487156368482908,Persuadable,"[0, 5, 10, 15, 20, 25, 30]","[None, None, None, None, None, None, None]","[0.0, 1.31, 2.62, 3.92, 5.23, 6.54, 7.85]"
2682,33.24,0.033225067965771,Persuadable,"[0, 5, 10, 15, 20, 25, 30]","[None, None, None, None, None, None, None]","[0.0, 1.66, 3.32, 4.99, 6.65, 8.31, 9.97]"
2994,33.07,0.1096016344126594,Highly Persuadable,"[0, 5, 10, 15, 20, 25, 30]","[None, None, None, None, None, None, None]","[0.0, 1.65, 3.31, 4.96, 6.61, 8.27, 9.92]"
1192,61.08,0.103670492743717,Highly Persuadable,"[0, 5, 10, 15, 20, 25, 30]","[None, None, None, None, None, None, None]","[0.0, 3.05, 6.11, 9.16, 12.22, 15.27, 18.32]"
1543,39.6,0.1249031455932337,Highly Persuadable,"[0, 5, 10, 15, 20, 25, 30]","[None, None, None, None, None, None, None]","[0.0, 1.98, 3.96, 5.94, 7.92, 9.9, 11.88]"
3302,31.46,-0.0052492865456625,Not Persuadable,"[0, 5, 10, 15, 20, 25, 30]","[None, None, None, None, None, None, None]","[0.0, 1.57, 3.15, 4.72, 6.29, 7.87, 9.44]"
3325,33.64,-0.0032539476312635,Not Persuadable,"[0, 5, 10, 15, 20, 25, 30]","[None, None, None, None, None, None, None]","[0.0, 1.68, 3.36, 5.05, 6.73, 8.41, 10.09]"
2540,42.01,0.0659269859259654,Persuadable,"[0, 5, 10, 15, 20, 25, 30]","[None, None, None, None, None, None, None]","[0.0, 2.1, 4.2, 6.3, 8.4, 10.5, 12.6]"
954,30.75,0.0405385212609941,Persuadable,"[0, 5, 10, 15, 20, 25, 30]","[None, None, None, None, None, None, None]","[0.0, 1.54, 3.08, 4.61, 6.15, 7.69, 9.22]"
4331,42.92,0.0811406627951301,Persuadable,"[0, 5, 10, 15, 20, 25, 30]","[None, None, None, None, None, None, None]","[0.0, 2.15, 4.29, 6.44, 8.58, 10.73, 12.88]"
733,58.05,0.1200112002518702,Highly Persuadable,"[0, 5, 10, 15, 20, 25, 30]","[None, None, None, None, None, None, None]","[0.0, 2.9, 5.8, 8.71, 11.61, 14.51, 17.41]"
1157,46.2,-0.0648151296785209,Not Persuadable,"[0, 5, 10, 15, 20, 25, 30]","[None, None, None, None, None, None, None]","[0.0, 2.31, 4.62, 6.93, 9.24, 11.55, 13.86]"
3295,49.62,-0.1086407709296844,Not Persuadable,"[0, 5, 10, 15, 20, 25, 30]","[None, None, None, None, None, None, None]","[0.0, 2.48, 4.96, 7.44, 9.92, 12.4, 14.89]"
2983,49.53,-0.07417106058454,Not Persuadable,"[0, 5, 10, 15, 20, 25, 30]","[None, None, None, None, None, None, None]","[0.0, 2.48, 4.95, 7.43, 9.91, 12.38, 14.86]"
2157,28.15,0.058024269558196,Persuadable,"[0, 5, 10, 15, 20, 25, 30]","[None, None, None, None, None, None, None]","[0.0, 1.41, 2.81, 4.22, 5.63, 7.04, 8.44]"
1063,38.41,0.0954209398148049,Persuadable,"[0, 5, 10, 15, 20, 25, 30]","[None, None, None, None, None, None, None]","[0.0, 1.92, 3.84, 5.76, 7.68, 9.6, 11.52]"
2617,43.27,-0.0003804676603143,Not Persuadable,"[0, 5, 10, 15, 20, 25, 30]","[None, None, None, None, None, None, None]","[0.0, 2.16, 4.33, 6.49, 8.65, 10.82, 12.98]"
1168,11.43,0.0142539797072206,Persuadable,"[0, 5, 10, 15, 20, 25, 30]","[None, None, None, None, None, None, None]","[0.0, 0.57, 1.14, 1.71, 2.29, 2.86, 3.43]"
3223,26.88,0.045805834514964,Persuadable,"[0, 5, 10, 15, 20, 25, 30]","[None, None, None, None, None, None, None]","[0.0, 1.34, 2.69, 4.03, 5.38, 6.72, 8.06]"
3637,38.63,0.0730567881560661,Persuadable,"[0, 5, 10, 15, 20, 25, 30]","[None, None, None, None, None, None, None]","[0.0, 1.93, 3.86, 5.79, 7.73, 9.66, 11.59]"
2939,37.43,0.0594658841170837,Persuadable,"[0, 5, 10, 15, 20, 25, 30]","[None, None, None, None, None, None, None]","[0.0, 1.87, 3.74, 5.61, 7.49, 9.36, 11.23]"
4492,28.83,0.0155459559703683,Persuadable,"[0, 5, 10, 15, 20, 25, 30]","[None, None, None, None, None, None, None]","[0.0, 1.44, 2.88, 4.32, 5.77, 7.21, 8.65]"
3141,40.26,0.0340763785888274,Persuadable,"[0, 5, 10, 15, 20, 25, 30]","[None, None, None, None, None, None, None]","[0.0, 2.01, 4.03, 6.04, 8.05, 10.06, 12.08]"
144,34.52,0.1012158101918596,Highly Persuadable,"[0, 5, 10, 15, 20, 25, 30]","[None, None, None, None, None, None, None]","[0.0, 1.73, 3.45, 5.18, 6.9, 8.63, 10.36]"
3578,41.76,0.062416321168084,Persuadable,"[0, 5, 10, 15, 20, 25, 30]","[None, None, None, None, None, None, None]","[0.0, 2.09, 4.18, 6.26, 8.35, 10.44, 12.53]"
2783,37.65,0.0424962161665737,Persuadable,"[0, 5, 10, 15, 20, 25, 30]","[None, None, None, None, None, None, None]","[0.0, 1.88, 3.77, 5.65, 7.53, 9.41, 11.29]"
718,38.02,0.0660914439182829,Persuadable,"[0, 5, 10, 15, 20, 25, 30]","[None, None, None, None, None, None, None]","[0.0, 1.9, 3.8, 5.7, 7.6, 9.51, 11.41]"
1820,40.3,0.151205823189796,Highly Persuadable,"[0, 5, 10, 15, 20, 25, 30]","[None, None, None, None, None, None, None]","[0.0, 2.02, 4.03, 6.04, 8.06, 10.07, 12.09]"
2503,19.05,0.0262671171980727,Persuadable,"[0, 5, 10, 15, 20, 25, 30]","[None, None, None, None, None, None, None]","[0.0, 0.95, 1.91, 2.86, 3.81, 4.76, 5.71]"
4361,52.74,-0.0749569400313616,Not Persuadable,"[0, 5, 10, 15, 20, 25, 30]","[None, None, None, None, None, None, None]","[0.0, 2.64, 5.27, 7.91, 10.55, 13.19, 15.82]"
4172,41.1,0.041166129359894,Persuadable,"[0, 5, 10, 15, 20, 25, 30]","[None, None, None, None, None, None, None]","[0.0, 2.06, 4.11, 6.17, 8.22, 10.28, 12.33]"
396,44.29,-0.0350938566611736,Not Persuadable,"[0, 5, 10, 15, 20, 25, 30]","[None, None, None, None, None, None, None]","[0.0, 2.21, 4.43, 6.64, 8.86, 11.07, 13.29]"
4847,50.36,0.0743344154598427,Persuadable,"[0, 5, 10, 15, 20, 25, 30]","[None, None, None, None, None, None, None]","[0.0, 2.52, 5.04, 7.55, 10.07, 12.59, 15.11]"
4493,19.48,-0.0031271256647268,Not Persuadable,"[0, 5, 10, 15, 20, 25, 30]","[None, None, None, None, None, None, None]","[0.0, 0.97, 1.95, 2.92, 3.9, 4.87, 5.84]"
1366,46.64,-0.0603751748856508,Not Persuadable,"[0, 5, 10, 15, 20, 25, 30]","[None, None, None, None, None, None, None]","[0.0, 2.33, 4.66, 7.0, 9.33, 11.66, 13.99]"
4569,46.55,-0.0809371338177095,Not Persuadable,"[0, 5, 10, 15, 20, 25, 30]","[None, None, None, None, None, None, None]","[0.0, 2.33, 4.66, 6.98, 9.31, 11.64, 13.96]"
596,43.24,-0.036128320473628,Not Persuadable,"[0, 5, 10, 15, 20, 25, 30]","[None, None, None, None, None, None, None]","[0.0, 2.16, 4.32, 6.49, 8.65, 10.81, 12.97]"
3953,42.58,-0.0103021486923509,Not Persuadable,"[0, 5, 10, 15, 20, 25, 30]","[None, None, None, None, None, None, None]","[0.0, 2.13, 4.26, 6.39, 8.52, 10.64, 12.77]"
2915,29.77,-0.0089066386083976,Not Persuadable,"[0, 5, 10, 15, 20, 25, 30]","[None, None, None, None, None, None, None]","[0.0, 1.49, 2.98, 4.47, 5.95, 7.44, 8.93]"
2327,38.51,-0.0356511703072338,Not Persuadable,"[0, 5, 10, 15, 20, 25, 30]","[None, None, None, None, None, None, None]","[0.0, 1.93, 3.85, 5.78, 7.7, 9.63, 11.55]"
3767,42.93,-0.0135197216758073,Not Persuadable,"[0, 5, 10, 15, 20, 25, 30]","[None, None, None, None, None, None, None]","[0.0, 2.15, 4.29, 6.44, 8.59, 10.73, 12.88]"
3441,35.22,0.0989405668869215,Persuadable,"[0, 5, 10, 15, 20, 25, 30]","[None, None, None, None, None, None, None]","[0.0, 1.76, 3.52, 5.28, 7.04, 8.8, 10.57]"
3852,26.67,0.0446839017271348,Persuadable,"[0, 5, 10, 15, 20, 25, 30]","[None, None, None, None, None, None, None]","[0.0, 1.33, 2.67, 4.0, 5.33, 6.67, 8.0]"
4133,54.26,0.0028691769721926,Persuadable,"[0, 5, 10, 15, 20, 25, 30]","[None, None, None, None, None, None, None]","[0.0, 2.71, 5.43, 8.14, 10.85, 13.56, 16.28]"
4602,36.54,0.0814327380365455,Persuadable,"[0, 5, 10, 15, 20, 25, 30]","[None, None, None, None, None, None, None]","[0.0, 1.83, 3.65, 5.48, 7.31, 9.13, 10.96]"
2144,47.77,0.063921716258517,Persuadable,"[0, 5, 10, 15, 20, 25, 30]","[None, None, None, None, None, None, None]","[0.0, 2.39, 4.78, 7.17, 9.55, 11.94, 14.33]"
1572,26.07,0.053075302099287,Persuadable,"[0, 5, 10, 15, 20, 25, 30]","[None, None, None, None, None, None, None]","[0.0, 1.3, 2.61, 3.91, 5.21, 6.52, 7.82]"
4080,28.09,0.192725163511709,Highly Persuadable,"[0, 5, 10, 15, 20, 25, 30]","[None, None, None, None, None, None, None]","[0.0, 1.4, 2.81, 4.21, 5.62, 7.02, 8.43]"
1123,24.48,0.1551661573105342,Highly Persuadable,"[0, 5, 10, 15, 20, 25, 30]","[None, None, None, None, None, None, None]","[0.0, 1.22, 2.45, 3.67, 4.9, 6.12, 7.34]"
2787,23.93,0.1102566247659526,Highly Persuadable,"[0, 5, 10, 15, 20, 25, 30]","[None, None, None, None, None, None, None]","[0.0, 1.2, 2.39, 3.59, 4.79, 5.98, 7.18]"
2968,38.17,0.0664658689676383,Persuadable,"[0, 5, 10, 15, 20, 25, 30]","[None, None, None, None, None, None, None]","[0.0, 1.91, 3.82, 5.73, 7.63, 9.54, 11.45]"
2505,49.82,0.0335075787013526,Persuadable,"[0, 5, 10, 15, 20, 25, 30]","[None, None, None, None, None, None, None]","[0.0, 2.49, 4.98, 7.47, 9.96, 12.46, 14.95]"
3466,54.82,0.1405894784415643,Highly Persuadable,"[0, 5, 10, 15, 20, 25, 30]","[None, None, None, None, None, None, None]","[0.0, 2.74, 5.48, 8.22, 10.96, 13.71, 16.45]"
676,42.06,0.0034060958932913,Persuadable,"[0, 5, 10, 15, 20, 25, 30]","[None, None, None, None, None, None, None]","[0.0, 2.1, 4.21, 6.31, 8.41, 10.52, 12.62]"
2809,48.31,-0.0950669552007587,Not Persuadable,"[0, 5, 10, 15, 20, 25, 30]","[None, None, None, None, None, None, None]","[0.0, 2.42, 4.83, 7.25, 9.66, 12.08, 14.49]"
3349,36.19,0.0515850469581892,Persuadable,"[0, 5, 10, 15, 20, 25, 30]","[None, None, None, None, None, None, None]","[0.0, 1.81, 3.62, 5.43, 7.24, 9.05, 10.86]"
729,39.39,0.0620990331299697,Persuadable,"[0, 5, 10, 15, 20, 25, 30]","[None, None, None, None, None, None, None]","[0.0, 1.97, 3.94, 5.91, 7.88, 9.85, 11.82]"
413,29.32,0.0824371916378301,Persuadable,"[0, 5, 10, 15, 20, 25, 30]","[None, None, None, None, None, None, None]","[0.0, 1.47, 2.93, 4.4, 5.86, 7.33, 8.8]"
3147,46.07,-0.0029283638413311,Not Persuadable,"[0, 5, 10, 15, 20, 25, 30]","[None, None, None, None, None, None, None]","[0.0, 2.3, 4.61, 6.91, 9.21, 11.52, 13.82]"
1517,45.1,0.0240761652319868,Persuadable,"[0, 5, 10, 15, 20, 25, 30]","[None, None, None, None, None, None, None]","[0.0, 2.26, 4.51, 6.76, 9.02, 11.28, 13.53]"
826,33.99,0.0524972621306344,Persuadable,"[0, 5, 10, 15, 20, 25, 30]","[None, None, None, None, None, None, None]","[0.0, 1.7, 3.4, 5.1, 6.8, 8.5, 10.2]"
3268,25.37,0.2347374626271108,Highly Persuadable,"[0, 5, 10, 15, 20, 25, 30]","[None, None, None, None, None, None, None]","[0.0, 1.27, 2.54, 3.81, 5.07, 6.34, 7.61]"
3975,33.63,-0.0008540201047605,Not Persuadable,"[0, 5, 10, 15, 20, 25, 30]","[None, None, None, None, None, None, None]","[0.0, 1.68, 3.36, 5.04, 6.73, 8.41, 10.09]"
617,41.83,0.0012024274861902,Persuadable,"[0, 5, 10, 15, 20, 25, 30]","[None, None, None, None, None, None, None]","[0.0, 2.09, 4.18, 6.27, 8.37, 10.46, 12.55]"
115,64.0,0.0473850427363004,Persuadable,"[0, 5, 10, 15, 20, 25, 30]","[None, None, None, None, None, None, None]","[0.0, 3.2, 6.4, 9.6, 12.8, 16.0, 19.2]"
418,57.54,-0.0030314540098468,Not Persuadable,"[0, 5, 10, 15, 20, 25, 30]","[None, None, None, None, None, None, None]","[0.0, 2.88, 5.75, 8.63, 11.51, 14.38, 17.26]"
3070,40.28,0.0748406188456406,Persuadable,"[0, 5, 10, 15, 20, 25, 30]","[None, None, None, None, None, None, None]","[0.0, 2.01, 4.03, 6.04, 8.06, 10.07, 12.08]"
1626,41.56,0.2434630952185646,Highly Persuadable,"[0, 5, 10, 15, 20, 25, 30]","[None, None, None, None, None, None, None]","[0.0, 2.08, 4.16, 6.23, 8.31, 10.39, 12.47]"
4961,12.36,0.1106474466373338,Highly Persuadable,"[0, 5, 10, 15, 20, 25, 30]","[None, None, None, None, None, None, None]","[0.0, 0.62, 1.24, 1.85, 2.47, 3.09, 3.71]"
4186,42.99,0.0278199604240995,Persuadable,"[0, 5, 10, 15, 20, 25, 30]","[None, None, None, None, None, None, None]","[0.0, 2.15, 4.3, 6.45, 8.6, 10.75, 12.9]"
2897,27.5,-0.0479150469638992,Not Persuadable,"[0, 5, 10, 15, 20, 25, 30]","[None, None, None, None, None, None, None]","[0.0, 1.38, 2.75, 4.12, 5.5, 6.88, 8.25]"
4682,48.75,-0.0607140454556631,Not Persuadable,"[0, 5, 10, 15, 20, 25, 30]","[None, None, None, None, None, None, None]","[0.0, 2.44, 4.88, 7.31, 9.75, 12.19, 14.62]"
2083,44.72,-0.0189200233687866,Not Persuadable,"[0, 5, 10, 15, 20, 25, 30]","[None, None, None, None, None, None, None]","[0.0, 2.24, 4.47, 6.71, 8.94, 11.18, 13.42]"
754,50.87,0.0742423975249197,Persuadable,"[0, 5, 10, 15, 20, 25, 30]","[None, None, None, None, None, None, None]","[0.0, 2.54, 5.09, 7.63, 10.17, 12.72, 15.26]"
2547,45.67,-0.066134037048471,Not Persuadable,"[0, 5, 10, 15, 20, 25, 30]","[None, None, None, None, None, None, None]","[0.0, 2.28, 4.57, 6.85, 9.13, 11.42, 13.7]"
3970,38.23,-0.0968460097883406,Not Persuadable,"[0, 5, 10, 15, 20, 25, 30]","[None, None, None, None, None, None, None]","[0.0, 1.91, 3.82, 5.73, 7.65, 9.56, 11.47]"
3374,38.72,0.0270319602665228,Persuadable,"[0, 5, 10, 15, 20, 25, 30]","[None, None, None, None, None, None, None]","[0.0, 1.94, 3.87, 5.81, 7.74, 9.68, 11.62]"
4108,30.65,-0.023432671567081,Not Persuadable,"[0, 5, 10, 15, 20, 25, 30]","[None, None, None, None, None, None, None]","[0.0, 1.53, 3.06, 4.6, 6.13, 7.66, 9.19]"
2445,29.32,-0.0604038672540913,Not Persuadable,"[0, 5, 10, 15, 20, 25, 30]","[None, None, None, None, None, None, None]","[0.0, 1.47, 2.93, 4.4, 5.86, 7.33, 8.8]"
4381,49.85,0.1186164857143048,Highly Persuadable,"[0, 5, 10, 15, 20, 25, 30]","[None, None, None, None, None, None, None]","[0.0, 2.49, 4.99, 7.48, 9.97, 12.46, 14.96]"
1067,35.01,-0.043008228393345,Not Persuadable,"[0, 5, 10, 15, 20, 25, 30]","[None, None, None, None, None, None, None]","[0.0, 1.75, 3.5, 5.25, 7.0, 8.75, 10.5]"
3914,24.86,0.0179121500410478,Persuadable,"[0, 5, 10, 15, 20, 25, 30]","[None, None, None, None, None, None, None]","[0.0, 1.24, 2.49, 3.73, 4.97, 6.21, 7.46]"
3499,42.84,0.0409696581897141,Persuadable,"[0, 5, 10, 15, 20, 25, 30]","[None, None, None, None, None, None, None]","[0.0, 2.14, 4.28, 6.43, 8.57, 10.71, 12.85]"
2739,50.8,-0.082608195254325,Not Persuadable,"[0, 5, 10, 15, 20, 25, 30]","[None, None, None, None, None, None, None]","[0.0, 2.54, 5.08, 7.62, 10.16, 12.7, 15.24]"
4001,43.37,-0.0458054914971711,Not Persuadable,"[0, 5, 10, 15, 20, 25, 30]","[None, None, None, None, None, None, None]","[0.0, 2.17, 4.34, 6.51, 8.67, 10.84, 13.01]"
1569,31.16,0.0333154787408381,Persuadable,"[0, 5, 10, 15, 20, 25, 30]","[None, None, None, None, None, None, None]","[0.0, 1.56, 3.12, 4.67, 6.23, 7.79, 9.35]"
2428,20.54,0.0862489577214729,Persuadable,"[0, 5, 10, 15, 20, 25, 30]","[None, None, None, None, None, None, None]","[0.0, 1.03, 2.05, 3.08, 4.11, 5.13, 6.16]"
3747,37.86,0.0554843276000912,Persuadable,"[0, 5, 10, 15, 20, 25, 30]","[None, None, None, None, None, None, None]","[0.0, 1.89, 3.79, 5.68, 7.57, 9.46, 11.36]"
4650,41.67,0.0192220099039786,Persuadable,"[0, 5, 10, 15, 20, 25, 30]","[None, None, None, None, None, None, None]","[0.0, 2.08, 4.17, 6.25, 8.33, 10.42, 12.5]"
1688,42.96,-0.029616837648589,Not Persuadable,"[0, 5, 10, 15, 20, 25, 30]","[None, None, None, None, None, None, None]","[0.0, 2.15, 4.3, 6.44, 8.59, 10.74, 12.89]"
852,39.15,0.0454595757136673,Persuadable,"[0, 5, 10, 15, 20, 25, 30]","[None, None, None, None, None, None, None]","[0.0, 1.96, 3.92, 5.87, 7.83, 9.79, 11.74]"
3547,40.53,0.0648454499103155,Persuadable,"[0, 5, 10, 15, 20, 25, 30]","[None, None, None, None, None, None, None]","[0.0, 2.03, 4.05, 6.08, 8.11, 10.13, 12.16]"
896,43.33,0.031861580599041,Persuadable,"[0, 5, 10, 15, 20, 25, 30]","[None, None, None, None, None, None, None]","[0.0, 2.17, 4.33, 6.5, 8.67, 10.83, 13.0]"
4593,39.37,0.0811702260513892,Persuadable,"[0, 5, 10, 15, 20, 25, 30]","[None, None, None, None, None, None, None]","[0.0, 1.97, 3.94, 5.91, 7.87, 9.84, 11.81]"
336,32.17,0.1570899666476374,Highly Persuadable,"[0, 5, 10, 15, 20, 25, 30]","[None, None, None, None, None, None, None]","[0.0, 1.61, 3.22, 4.83, 6.43, 8.04, 9.65]"
2840,41.45,0.0140357788507775,Persuadable,"[0, 5, 10, 15, 20, 25, 30]","[None, None, None, None, None, None, None]","[0.0, 2.07, 4.15, 6.22, 8.29, 10.36, 12.44]"
3088,25.6,0.0426216202772488,Persuadable,"[0, 5, 10, 15, 20, 25, 30]","[None, None, None, None, None, None, None]","[0.0, 1.28, 2.56, 3.84, 5.12, 6.4, 7.68]"
1349,43.29,-0.012155876685526,Not Persuadable,"[0, 5, 10, 15, 20, 25, 30]","[None, None, None, None, None, None, None]","[0.0, 2.16, 4.33, 6.49, 8.66, 10.82, 12.99]"
1016,29.97,0.140336303497673,Highly Persuadable,"[0, 5, 10, 15, 20, 25, 30]","[None, None, None, None, None, None, None]","[0.0, 1.5, 3.0, 4.5, 5.99, 7.49, 8.99]"
2817,30.27,0.0993459103745231,Persuadable,"[0, 5, 10, 15, 20, 25, 30]","[None, None, None, None, None, None, None]","[0.0, 1.51, 3.03, 4.54, 6.05, 7.57, 9.08]"
1632,34.08,0.0376555004667763,Persuadable,"[0, 5, 10, 15, 20, 25, 30]","[None, None, None, None, None, None, None]","[0.0, 1.7, 3.41, 5.11, 6.82, 8.52, 10.22]"
2490,31.16,0.0324283744521048,Persuadable,"[0, 5, 10, 15, 20, 25, 30]","[None, None, None, None, None, None, None]","[0.0, 1.56, 3.12, 4.67, 6.23, 7.79, 9.35]"
3731,36.64,-0.0144323908316972,Not Persuadable,"[0, 5, 10, 15, 20, 25, 30]","[None, None, None, None, None, None, None]","[0.0, 1.83, 3.66, 5.5, 7.33, 9.16, 10.99]"
3252,28.29,-0.0347631762101936,Not Persuadable,"[0, 5, 10, 15, 20, 25, 30]","[None, None, None, None, None, None, None]","[0.0, 1.41, 2.83, 4.24, 5.66, 7.07, 8.49]"
4645,53.78,0.025747207758862,Persuadable,"[0, 5, 10, 15, 20, 25, 30]","[None, None, None, None, None, None, None]","[0.0, 2.69, 5.38, 8.07, 10.76, 13.45, 16.13]"
2071,36.12,0.0585138887520523,Persuadable,"[0, 5, 10, 15, 20, 25, 30]","[None, None, None, None, None, None, None]","[0.0, 1.81, 3.61, 5.42, 7.22, 9.03, 10.84]"
4453,49.06,-0.0795653349519325,Not Persuadable,"[0, 5, 10, 15, 20, 25, 30]","[None, None, None, None, None, None, None]","[0.0, 2.45, 4.91, 7.36, 9.81, 12.27, 14.72]"
4893,27.94,0.1667808916362097,Highly Persuadable,"[0, 5, 10, 15, 20, 25, 30]","[None, None, None, None, None, None, None]","[0.0, 1.4, 2.79, 4.19, 5.59, 6.99, 8.38]"
1636,39.77,0.0107526622377025,Persuadable,"[0, 5, 10, 15, 20, 25, 30]","[None, None, None, None, None, None, None]","[0.0, 1.99, 3.98, 5.97, 7.95, 9.94, 11.93]"
2480,36.84,0.0058070499044847,Persuadable,"[0, 5, 10, 15, 20, 25, 30]","[None, None, None, None, None, None, None]","[0.0, 1.84, 3.68, 5.53, 7.37, 9.21, 11.05]"
2266,37.69,0.093433006163849,Persuadable,"[0, 5, 10, 15, 20, 25, 30]","[None, None, None, None, None, None, None]","[0.0, 1.88, 3.77, 5.65, 7.54, 9.42, 11.31]"
2960,43.04,0.0261726449241939,Persuadable,"[0, 5, 10, 15, 20, 25, 30]","[None, None, None, None, None, None, None]","[0.0, 2.15, 4.3, 6.46, 8.61, 10.76, 12.91]"
4742,38.49,0.0485405205481347,Persuadable,"[0, 5, 10, 15, 20, 25, 30]","[None, None, None, None, None, None, None]","[0.0, 1.92, 3.85, 5.77, 7.7, 9.62, 11.55]"
3060,51.44,-0.0650670227209407,Not Persuadable,"[0, 5, 10, 15, 20, 25, 30]","[None, None, None, None, None, None, None]","[0.0, 2.57, 5.14, 7.72, 10.29, 12.86, 15.43]"
2142,33.05,0.129364718970781,Highly Persuadable,"[0, 5, 10, 15, 20, 25, 30]","[None, None, None, None, None, None, None]","[0.0, 1.65, 3.3, 4.96, 6.61, 8.26, 9.91]"
3119,35.44,0.0189041336618656,Persuadable,"[0, 5, 10, 15, 20, 25, 30]","[None, None, None, None, None, None, None]","[0.0, 1.77, 3.54, 5.32, 7.09, 8.86, 10.63]"
4757,50.38,-0.0779605739476277,Not Persuadable,"[0, 5, 10, 15, 20, 25, 30]","[None, None, None, None, None, None, None]","[0.0, 2.52, 5.04, 7.56, 10.08, 12.6, 15.11]"
4046,43.16,0.040140295758061,Persuadable,"[0, 5, 10, 15, 20, 25, 30]","[None, None, None, None, None, None, None]","[0.0, 2.16, 4.32, 6.47, 8.63, 10.79, 12.95]"
3357,34.8,0.0841792082054933,Persuadable,"[0, 5, 10, 15, 20, 25, 30]","[None, None, None, None, None, None, None]","[0.0, 1.74, 3.48, 5.22, 6.96, 8.7, 10.44]"
2745,30.3,-0.024063349175794,Not Persuadable,"[0, 5, 10, 15, 20, 25, 30]","[None, None, None, None, None, None, None]","[0.0, 1.52, 3.03, 4.54, 6.06, 7.58, 9.09]"
3507,47.22,-0.0509736341941895,Not Persuadable,"[0, 5, 10, 15, 20, 25, 30]","[None, None, None, None, None, None, None]","[0.0, 2.36, 4.72, 7.08, 9.44, 11.8, 14.17]"
1680,32.4,0.0159850729707702,Persuadable,"[0, 5, 10, 15, 20, 25, 30]","[None, None, None, None, None, None, None]","[0.0, 1.62, 3.24, 4.86, 6.48, 8.1, 9.72]"
4250,62.41,0.0964635379215838,Persuadable,"[0, 5, 10, 15, 20, 25, 30]","[None, None, None, None, None, None, None]","[0.0, 3.12, 6.24, 9.36, 12.48, 15.6, 18.72]"
3148,29.22,0.0046230947009543,Persuadable,"[0, 5, 10, 15, 20, 25, 30]","[None, None, None, None, None, None, None]","[0.0, 1.46, 2.92, 4.38, 5.84, 7.3, 8.77]"
2295,37.06,-0.0009300065372894,Not Persuadable,"[0, 5, 10, 15, 20, 25, 30]","[None, None, None, None, None, None, None]","[0.0, 1.85, 3.71, 5.56, 7.41, 9.27, 11.12]"
581,33.67,0.049484144000231,Persuadable,"[0, 5, 10, 15, 20, 25, 30]","[None, None, None, None, None, None, None]","[0.0, 1.68, 3.37, 5.05, 6.73, 8.42, 10.1]"
1471,38.73,0.1277635125983661,Highly Persuadable,"[0, 5, 10, 15, 20, 25, 30]","[None, None, None, None, None, None, None]","[0.0, 1.94, 3.87, 5.81, 7.75, 9.68, 11.62]"
4071,41.32,0.056222783636312,Persuadable,"[0, 5, 10, 15, 20, 25, 30]","[None, None, None, None, None, None, None]","[0.0, 2.07, 4.13, 6.2, 8.26, 10.33, 12.4]"
3344,27.04,0.0343273103876169,Persuadable,"[0, 5, 10, 15, 20, 25, 30]","[None, None, None, None, None, None, None]","[0.0, 1.35, 2.7, 4.06, 5.41, 6.76, 8.11]"
4584,41.44,0.053611476815081,Persuadable,"[0, 5, 10, 15, 20, 25, 30]","[None, None, None, None, None, None, None]","[0.0, 2.07, 4.14, 6.22, 8.29, 10.36, 12.43]"
3673,54.81,0.061431532916037,Persuadable,"[0, 5, 10, 15, 20, 25, 30]","[None, None, None, None, None, None, None]","[0.0, 2.74, 5.48, 8.22, 10.96, 13.7, 16.44]"
560,29.72,0.0707299892538929,Persuadable,"[0, 5, 10, 15, 20, 25, 30]","[None, None, None, None, None, None, None]","[0.0, 1.49, 2.97, 4.46, 5.94, 7.43, 8.92]"
2850,71.23,0.0750482047143348,Persuadable,"[0, 5, 10, 15, 20, 25, 30]","[None, None, None, None, None, None, None]","[0.0, 3.56, 7.12, 10.68, 14.25, 17.81, 21.37]"
513,22.5,0.060467541130352,Persuadable,"[0, 5, 10, 15, 20, 25, 30]","[None, None, None, None, None, None, None]","[0.0, 1.12, 2.25, 3.38, 4.5, 5.62, 6.75]"
1082,23.15,0.0571209125177643,Persuadable,"[0, 5, 10, 15, 20, 25, 30]","[None, None, None, None, None, None, None]","[0.0, 1.16, 2.31, 3.47, 4.63, 5.79, 6.94]"
1665,34.02,-0.0358147793439802,Not Persuadable,"[0, 5, 10, 15, 20, 25, 30]","[None, None, None, None, None, None, None]","[0.0, 1.7, 3.4, 5.1, 6.8, 8.51, 10.21]"
1013,35.24,0.0828898682933345,Persuadable,"[0, 5, 10, 15, 20, 25, 30]","[None, None, None, None, None, None, None]","[0.0, 1.76, 3.52, 5.29, 7.05, 8.81, 10.57]"
1932,47.34,-0.0558528137565638,Not Persuadable,"[0, 5, 10, 15, 20, 25, 30]","[None, None, None, None, None, None, None]","[0.0, 2.37, 4.73, 7.1, 9.47, 11.84, 14.2]"
1151,39.81,0.0713585786224222,Persuadable,"[0, 5, 10, 15, 20, 25, 30]","[None, None, None, None, None, None, None]","[0.0, 1.99, 3.98, 5.97, 7.96, 9.95, 11.94]"
2839,52.63,-0.0146929133737056,Not Persuadable,"[0, 5, 10, 15, 20, 25, 30]","[None, None, None, None, None, None, None]","[0.0, 2.63, 5.26, 7.89, 10.53, 13.16, 15.79]"
117,60.92,0.0768416774318268,Persuadable,"[0, 5, 10, 15, 20, 25, 30]","[None, None, None, None, None, None, None]","[0.0, 3.05, 6.09, 9.14, 12.18, 15.23, 18.28]"
741,45.65,0.0744310426169625,Persuadable,"[0, 5, 10, 15, 20, 25, 30]","[None, None, None, None, None, None, None]","[0.0, 2.28, 4.57, 6.85, 9.13, 11.41, 13.69]"
4817,40.74,-0.078077528593485,Not Persuadable,"[0, 5, 10, 15, 20, 25, 30]","[None, None, None, None, None, None, None]","[0.0, 2.04, 4.07, 6.11, 8.15, 10.19, 12.22]"
3676,47.07,0.1146881162216653,Highly Persuadable,"[0, 5, 10, 15, 20, 25, 30]","[None, None, None, None, None, None, None]","[0.0, 2.35, 4.71, 7.06, 9.41, 11.77, 14.12]"
831,28.12,0.049798346239372,Persuadable,"[0, 5, 10, 15, 20, 25, 30]","[None, None, None, None, None, None, None]","[0.0, 1.41, 2.81, 4.22, 5.62, 7.03, 8.44]"
120,31.75,0.0201295758060132,Persuadable,"[0, 5, 10, 15, 20, 25, 30]","[None, None, None, None, None, None, None]","[0.0, 1.59, 3.18, 4.76, 6.35, 7.94, 9.53]"
4790,49.6,0.1007236891116621,Highly Persuadable,"[0, 5, 10, 15, 20, 25, 30]","[None, None, None, None, None, None, None]","[0.0, 2.48, 4.96, 7.44, 9.92, 12.4, 14.88]"
4749,40.86,0.029634549942812,Persuadable,"[0, 5, 10, 15, 20, 25, 30]","[None, None, None, None, None, None, None]","[0.0, 2.04, 4.09, 6.13, 8.17, 10.21, 12.26]"
636,16.4,0.0620483443655257,Persuadable,"[0, 5, 10, 15, 20, 25, 30]","[None, None, None, None, None, None, None]","[0.0, 0.82, 1.64, 2.46, 3.28, 4.1, 4.92]"
4466,41.04,0.1104777284895044,Highly Persuadable,"[0, 5, 10, 15, 20, 25, 30]","[None, None, None, None, None, None, None]","[0.0, 2.05, 4.1, 6.16, 8.21, 10.26, 12.31]"
4365,24.05,0.0263399743001226,Persuadable,"[0, 5, 10, 15, 20, 25, 30]","[None, None, None, None, None, None, None]","[0.0, 1.2, 2.41, 3.61, 4.81, 6.01, 7.21]"
4143,35.8,0.104799763258289,Highly Persuadable,"[0, 5, 10, 15, 20, 25, 30]","[None, None, None, None, None, None, None]","[0.0, 1.79, 3.58, 5.37, 7.16, 8.95, 10.74]"
992,45.71,0.093528515535887,Persuadable,"[0, 5, 10, 15, 20, 25, 30]","[None, None, None, None, None, None, None]","[0.0, 2.29, 4.57, 6.86, 9.14, 11.43, 13.71]"
877,52.91,0.0089887945558547,Persuadable,"[0, 5, 10, 15, 20, 25, 30]","[None, None, None, None, None, None, None]","[0.0, 2.65, 5.29, 7.94, 10.58, 13.23, 15.87]"
5,40.04,-0.049771762590513,Not Persuadable,"[0, 5, 10, 15, 20, 25, 30]","[None, None, None, None, None, None, None]","[0.0, 2.0, 4.0, 6.01, 8.01, 10.01, 12.01]"
3052,35.76,0.0864063946471046,Persuadable,"[0, 5, 10, 15, 20, 25, 30]","[None, None, None, None, None, None, None]","[0.0, 1.79, 3.58, 5.36, 7.15, 8.94, 10.73]"
3125,32.47,0.0549930740472434,Persuadable,"[0, 5, 10, 15, 20, 25, 30]","[None, None, None, None, None, None, None]","[0.0, 1.62, 3.25, 4.87, 6.49, 8.12, 9.74]"
2661,28.92,-0.0196318753918779,Not Persuadable,"[0, 5, 10, 15, 20, 25, 30]","[None, None, None, None, None, None, None]","[0.0, 1.45, 2.89, 4.34, 5.78, 7.23, 8.68]"
2492,41.66,0.0463274683379752,Persuadable,"[0, 5, 10, 15, 20, 25, 30]","[None, None, None, None, None, None, None]","[0.0, 2.08, 4.17, 6.25, 8.33, 10.41, 12.5]"
3855,46.43,0.1216012000207313,Highly Persuadable,"[0, 5, 10, 15, 20, 25, 30]","[None, None, None, None, None, None, None]","[0.0, 2.32, 4.64, 6.96, 9.29, 11.61, 13.93]"
1716,29.94,0.08684562628556,Persuadable,"[0, 5, 10, 15, 20, 25, 30]","[None, None, None, None, None, None, None]","[0.0, 1.5, 2.99, 4.49, 5.99, 7.49, 8.98]"
1149,17.49,-0.0006894681220801,Not Persuadable,"[0, 5, 10, 15, 20, 25, 30]","[None, None, None, None, None, None, None]","[0.0, 0.87, 1.75, 2.62, 3.5, 4.37, 5.25]"
3262,31.88,0.0358833486075892,Persuadable,"[0, 5, 10, 15, 20, 25, 30]","[None, None, None, None, None, None, None]","[0.0, 1.59, 3.19, 4.78, 6.38, 7.97, 9.56]"
575,45.38,-0.0694840509139047,Not Persuadable,"[0, 5, 10, 15, 20, 25, 30]","[None, None, None, None, None, None, None]","[0.0, 2.27, 4.54, 6.81, 9.08, 11.35, 13.61]"
3770,31.1,0.1068472884714703,Highly Persuadable,"[0, 5, 10, 15, 20, 25, 30]","[None, None, None, None, None, None, None]","[0.0, 1.56, 3.11, 4.67, 6.22, 7.78, 9.33]"
3737,48.54,-0.0978915292318604,Not Persuadable,"[0, 5, 10, 15, 20, 25, 30]","[None, None, None, None, None, None, None]","[0.0, 2.43, 4.85, 7.28, 9.71, 12.13, 14.56]"
4147,32.72,0.0685191837285091,Persuadable,"[0, 5, 10, 15, 20, 25, 30]","[None, None, None, None, None, None, None]","[0.0, 1.64, 3.27, 4.91, 6.54, 8.18, 9.82]"
854,28.88,0.1535908745283443,Highly Persuadable,"[0, 5, 10, 15, 20, 25, 30]","[None, None, None, None, None, None, None]","[0.0, 1.44, 2.89, 4.33, 5.78, 7.22, 8.66]"
1983,32.19,0.0654368618820246,Persuadable,"[0, 5, 10, 15, 20, 25, 30]","[None, None, None, None, None, None, None]","[0.0, 1.61, 3.22, 4.83, 6.44, 8.05, 9.66]"
2775,36.41,0.1396053104858576,Highly Persuadable,"[0, 5, 10, 15, 20, 25, 30]","[None, None, None, None, None, None, None]","[0.0, 1.82, 3.64, 5.46, 7.28, 9.1, 10.92]"
1167,60.09,0.0690756151047456,Persuadable,"[0, 5, 10, 15, 20, 25, 30]","[None, None, None, None, None, None, None]","[0.0, 3.0, 6.01, 9.01, 12.02, 15.02, 18.03]"
972,42.24,0.035616744522175,Persuadable,"[0, 5, 10, 15, 20, 25, 30]","[None, None, None, None, None, None, None]","[0.0, 2.11, 4.22, 6.34, 8.45, 10.56, 12.67]"
2702,31.23,0.0944948000877779,Persuadable,"[0, 5, 10, 15, 20, 25, 30]","[None, None, None, None, None, None, None]","[0.0, 1.56, 3.12, 4.68, 6.25, 7.81, 9.37]"
4496,46.14,-0.0179898247502435,Not Persuadable,"[0, 5, 10, 15, 20, 25, 30]","[None, None, None, None, None, None, None]","[0.0, 2.31, 4.61, 6.92, 9.23, 11.54, 13.84]"
3848,29.54,-0.100669485462737,Not Persuadable,"[0, 5, 10, 15, 20, 25, 30]","[None, None, None, None, None, None, None]","[0.0, 1.48, 2.95, 4.43, 5.91, 7.38, 8.86]"
2369,53.46,-0.0761598119286369,Not Persuadable,"[0, 5, 10, 15, 20, 25, 30]","[None, None, None, None, None, None, None]","[0.0, 2.67, 5.35, 8.02, 10.69, 13.37, 16.04]"
4116,11.41,0.0340892866982408,Persuadable,"[0, 5, 10, 15, 20, 25, 30]","[None, None, None, None, None, None, None]","[0.0, 0.57, 1.14, 1.71, 2.28, 2.85, 3.42]"
4132,35.46,-0.015841240949788,Not Persuadable,"[0, 5, 10, 15, 20, 25, 30]","[None, None, None, None, None, None, None]","[0.0, 1.77, 3.55, 5.32, 7.09, 8.87, 10.64]"
2951,30.51,0.0491546585462571,Persuadable,"[0, 5, 10, 15, 20, 25, 30]","[None, None, None, None, None, None, None]","[0.0, 1.53, 3.05, 4.58, 6.1, 7.63, 9.15]"
525,45.6,-0.0462865074749295,Not Persuadable,"[0, 5, 10, 15, 20, 25, 30]","[None, None, None, None, None, None, None]","[0.0, 2.28, 4.56, 6.84, 9.12, 11.4, 13.68]"
2456,41.73,0.1240973139429947,Highly Persuadable,"[0, 5, 10, 15, 20, 25, 30]","[None, None, None, None, None, None, None]","[0.0, 2.09, 4.17, 6.26, 8.35, 10.43, 12.52]"
1842,22.09,0.2467812675532231,Highly Persuadable,"[0, 5, 10, 15, 20, 25, 30]","[None, None, None, None, None, None, None]","[0.0, 1.1, 2.21, 3.31, 4.42, 5.52, 6.63]"
538,44.49,-0.0251598038484147,Not Persuadable,"[0, 5, 10, 15, 20, 25, 30]","[None, None, None, None, None, None, None]","[0.0, 2.22, 4.45, 6.67, 8.9, 11.12, 13.35]"
2807,33.91,-0.0657127452997418,Not Persuadable,"[0, 5, 10, 15, 20, 25, 30]","[None, None, None, None, None, None, None]","[0.0, 1.7, 3.39, 5.09, 6.78, 8.48, 10.17]"
4342,50.0,-0.0216418808419828,Not Persuadable,"[0, 5, 10, 15, 20, 25, 30]","[None, None, None, None, None, None, None]","[0.0, 2.5, 5.0, 7.5, 10.0, 12.5, 15.0]"
3176,33.48,0.0979264638261423,Persuadable,"[0, 5, 10, 15, 20, 25, 30]","[None, None, None, None, None, None, None]","[0.0, 1.67, 3.35, 5.02, 6.7, 8.37, 10.04]"
785,40.21,0.1200511097060384,Highly Persuadable,"[0, 5, 10, 15, 20, 25, 30]","[None, None, None, None, None, None, None]","[0.0, 2.01, 4.02, 6.03, 8.04, 10.05, 12.06]"
4058,34.28,-0.0104573485568484,Not Persuadable,"[0, 5, 10, 15, 20, 25, 30]","[None, None, None, None, None, None, None]","[0.0, 1.71, 3.43, 5.14, 6.86, 8.57, 10.28]"
1410,47.82,-0.0408092049431964,Not Persuadable,"[0, 5, 10, 15, 20, 25, 30]","[None, None, None, None, None, None, None]","[0.0, 2.39, 4.78, 7.17, 9.56, 11.96, 14.35]"
2538,28.98,0.0732823268018605,Persuadable,"[0, 5, 10, 15, 20, 25, 30]","[None, None, None, None, None, None, None]","[0.0, 1.45, 2.9, 4.35, 5.8, 7.25, 8.69]"
155,44.3,-0.0088975311603709,Not Persuadable,"[0, 5, 10, 15, 20, 25, 30]","[None, None, None, None, None, None, None]","[0.0, 2.21, 4.43, 6.64, 8.86, 11.07, 13.29]"
3010,22.21,0.0239868892116698,Persuadable,"[0, 5, 10, 15, 20, 25, 30]","[None, None, None, None, None, None, None]","[0.0, 1.11, 2.22, 3.33, 4.44, 5.55, 6.66]"
1687,44.15,0.1124692992056316,Highly Persuadable,"[0, 5, 10, 15, 20, 25, 30]","[None, None, None, None, None, None, None]","[0.0, 2.21, 4.42, 6.62, 8.83, 11.04, 13.24]"
2902,34.71,-0.0267647855030349,Not Persuadable,"[0, 5, 10, 15, 20, 25, 30]","[None, None, None, None, None, None, None]","[0.0, 1.74, 3.47, 5.21, 6.94, 8.68, 10.41]"
4960,21.18,-0.1309586301287774,Not Persuadable,"[0, 5, 10, 15, 20, 25, 30]","[None, None, None, None, None, None, None]","[0.0, 1.06, 2.12, 3.18, 4.24, 5.29, 6.35]"
3864,33.67,0.0303483548661787,Persuadable,"[0, 5, 10, 15, 20, 25, 30]","[None, None, None, None, None, None, None]","[0.0, 1.68, 3.37, 5.05, 6.73, 8.42, 10.1]"
2734,26.66,0.0519917072922425,Persuadable,"[0, 5, 10, 15, 20, 25, 30]","[None, None, None, None, None, None, None]","[0.0, 1.33, 2.67, 4.0, 5.33, 6.67, 8.0]"
1896,23.08,0.1959575067736134,Highly Persuadable,"[0, 5, 10, 15, 20, 25, 30]","[None, None, None, None, None, None, None]","[0.0, 1.15, 2.31, 3.46, 4.62, 5.77, 6.92]"
570,29.99,0.0122081411875682,Persuadable,"[0, 5, 10, 15, 20, 25, 30]","[None, None, None, None, None, None, None]","[0.0, 1.5, 3.0, 4.5, 6.0, 7.5, 9.0]"
1817,36.51,-0.0020521784827929,Not Persuadable,"[0, 5, 10, 15, 20, 25, 30]","[None, None, None, None, None, None, None]","[0.0, 1.83, 3.65, 5.48, 7.3, 9.13, 10.95]"
2066,41.65,-0.0369254132967715,Not Persuadable,"[0, 5, 10, 15, 20, 25, 30]","[None, None, None, None, None, None, None]","[0.0, 2.08, 4.17, 6.25, 8.33, 10.41, 12.49]"
128,48.15,-0.0285728936108371,Not Persuadable,"[0, 5, 10, 15, 20, 25, 30]","[None, None, None, None, None, None, None]","[0.0, 2.41, 4.82, 7.22, 9.63, 12.04, 14.44]"
3395,43.46,-0.0931524041789236,Not Persuadable,"[0, 5, 10, 15, 20, 25, 30]","[None, None, None, None, None, None, None]","[0.0, 2.17, 4.35, 6.52, 8.69, 10.87, 13.04]"
3328,42.53,0.0273548712500187,Persuadable,"[0, 5, 10, 15, 20, 25, 30]","[None, None, None, None, None, None, None]","[0.0, 2.13, 4.25, 6.38, 8.51, 10.63, 12.76]"
4997,46.26,0.1571055132844404,Highly Persuadable,"[0, 5, 10, 15, 20, 25, 30]","[None, None, None, None, None, None, None]","[0.0, 2.31, 4.63, 6.94, 9.25, 11.56, 13.88]"
2976,31.71,0.0164337824947126,Persuadable,"[0, 5, 10, 15, 20, 25, 30]","[None, None, None, None, None, None, None]","[0.0, 1.59, 3.17, 4.76, 6.34, 7.93, 9.51]"
981,32.41,0.082430409780944,Persuadable,"[0, 5, 10, 15, 20, 25, 30]","[None, None, None, None, None, None, None]","[0.0, 1.62, 3.24, 4.86, 6.48, 8.1, 9.72]"
2301,25.3,0.0776253173072493,Persuadable,"[0, 5, 10, 15, 20, 25, 30]","[None, None, None, None, None, None, None]","[0.0, 1.27, 2.53, 3.79, 5.06, 6.33, 7.59]"
191,45.63,0.0540854520070423,Persuadable,"[0, 5, 10, 15, 20, 25, 30]","[None, None, None, None, None, None, None]","[0.0, 2.28, 4.56, 6.84, 9.13, 11.41, 13.69]"
1140,46.58,-0.016283065670513,Not Persuadable,"[0, 5, 10, 15, 20, 25, 30]","[None, None, None, None, None, None, None]","[0.0, 2.33, 4.66, 6.99, 9.32, 11.64, 13.97]"
700,18.74,0.0167579906825756,Persuadable,"[0, 5, 10, 15, 20, 25, 30]","[None, None, None, None, None, None, None]","[0.0, 0.94, 1.87, 2.81, 3.75, 4.68, 5.62]"
4791,36.54,0.0152779964889142,Persuadable,"[0, 5, 10, 15, 20, 25, 30]","[None, None, None, None, None, None, None]","[0.0, 1.83, 3.65, 5.48, 7.31, 9.13, 10.96]"
607,31.91,0.1071318903596562,Highly Persuadable,"[0, 5, 10, 15, 20, 25, 30]","[None, None, None, None, None, None, None]","[0.0, 1.6, 3.19, 4.79, 6.38, 7.98, 9.57]"
4277,51.19,0.0383222605944391,Persuadable,"[0, 5, 10, 15, 20, 25, 30]","[None, None, None, None, None, None, None]","[0.0, 2.56, 5.12, 7.68, 10.24, 12.8, 15.36]"
302,30.22,0.1570408654863397,Highly Persuadable,"[0, 5, 10, 15, 20, 25, 30]","[None, None, None, None, None, None, None]","[0.0, 1.51, 3.02, 4.53, 6.04, 7.55, 9.07]"
3421,35.47,0.062400608178551,Persuadable,"[0, 5, 10, 15, 20, 25, 30]","[None, None, None, None, None, None, None]","[0.0, 1.77, 3.55, 5.32, 7.09, 8.87, 10.64]"
4831,31.76,0.1082806708896806,Highly Persuadable,"[0, 5, 10, 15, 20, 25, 30]","[None, None, None, None, None, None, None]","[0.0, 1.59, 3.18, 4.76, 6.35, 7.94, 9.53]"
1061,26.84,0.0358152462908382,Persuadable,"[0, 5, 10, 15, 20, 25, 30]","[None, None, None, None, None, None, None]","[0.0, 1.34, 2.68, 4.03, 5.37, 6.71, 8.05]"
2566,24.7,-0.0417031883118316,Not Persuadable,"[0, 5, 10, 15, 20, 25, 30]","[None, None, None, None, None, None, None]","[0.0, 1.24, 2.47, 3.7, 4.94, 6.17, 7.41]"
1070,27.78,0.1336068837100892,Highly Persuadable,"[0, 5, 10, 15, 20, 25, 30]","[None, None, None, None, None, None, None]","[0.0, 1.39, 2.78, 4.17, 5.56, 6.95, 8.33]"
2525,34.24,0.0254970674607169,Persuadable,"[0, 5, 10, 15, 20, 25, 30]","[None, None, None, None, None, None, None]","[0.0, 1.71, 3.42, 5.14, 6.85, 8.56, 10.27]"
2206,25.03,0.0554256360499134,Persuadable,"[0, 5, 10, 15, 20, 25, 30]","[None, None, None, None, None, None, None]","[0.0, 1.25, 2.5, 3.75, 5.01, 6.26, 7.51]"
1244,42.92,-0.0543076127955535,Not Persuadable,"[0, 5, 10, 15, 20, 25, 30]","[None, None, None, None, None, None, None]","[0.0, 2.15, 4.29, 6.44, 8.58, 10.73, 12.88]"
17,30.89,0.0209503693936959,Persuadable,"[0, 5, 10, 15, 20, 25, 30]","[None, None, None, None, None, None, None]","[0.0, 1.54, 3.09, 4.63, 6.18, 7.72, 9.27]"
3121,51.87,0.081917565216471,Persuadable,"[0, 5, 10, 15, 20, 25, 30]","[None, None, None, None, None, None, None]","[0.0, 2.59, 5.19, 7.78, 10.37, 12.97, 15.56]"
4643,37.55,0.1527578497026112,Highly Persuadable,"[0, 5, 10, 15, 20, 25, 30]","[None, None, None, None, None, None, None]","[0.0, 1.88, 3.75, 5.63, 7.51, 9.39, 11.26]"
816,39.72,0.2159841371503847,Highly Persuadable,"[0, 5, 10, 15, 20, 25, 30]","[None, None, None, None, None, None, None]","[0.0, 1.99, 3.97, 5.96, 7.94, 9.93, 11.92]"
3068,34.57,0.0388862510542685,Persuadable,"[0, 5, 10, 15, 20, 25, 30]","[None, None, None, None, None, None, None]","[0.0, 1.73, 3.46, 5.19, 6.91, 8.64, 10.37]"
4795,41.29,0.1484040058538991,Highly Persuadable,"[0, 5, 10, 15, 20, 25, 30]","[None, None, None, None, None, None, None]","[0.0, 2.06, 4.13, 6.19, 8.26, 10.32, 12.39]"
960,51.35,0.0430368045019245,Persuadable,"[0, 5, 10, 15, 20, 25, 30]","[None, None, None, None, None, None, None]","[0.0, 2.57, 5.14, 7.7, 10.27, 12.84, 15.4]"
226,46.28,0.0098725120924101,Persuadable,"[0, 5, 10, 15, 20, 25, 30]","[None, None, None, None, None, None, None]","[0.0, 2.31, 4.63, 6.94, 9.26, 11.57, 13.88]"
3355,37.59,0.0041290907717894,Persuadable,"[0, 5, 10, 15, 20, 25, 30]","[None, None, None, None, None, None, None]","[0.0, 1.88, 3.76, 5.64, 7.52, 9.4, 11.28]"
2486,38.61,0.0276726026334286,Persuadable,"[0, 5, 10, 15, 20, 25, 30]","[None, None, None, None, None, None, None]","[0.0, 1.93, 3.86, 5.79, 7.72, 9.65, 11.58]"
563,41.56,0.0246692941950506,Persuadable,"[0, 5, 10, 15, 20, 25, 30]","[None, None, None, None, None, None, None]","[0.0, 2.08, 4.16, 6.23, 8.31, 10.39, 12.47]"
3437,39.46,0.1263577261593664,Highly Persuadable,"[0, 5, 10, 15, 20, 25, 30]","[None, None, None, None, None, None, None]","[0.0, 1.97, 3.95, 5.92, 7.89, 9.87, 11.84]"
1694,37.9,0.012882311773262,Persuadable,"[0, 5, 10, 15, 20, 25, 30]","[None, None, None, None, None, None, None]","[0.0, 1.9, 3.79, 5.68, 7.58, 9.47, 11.37]"
1046,19.49,-0.0051943531992416,Not Persuadable,"[0, 5, 10, 15, 20, 25, 30]","[None, None, None, None, None, None, None]","[0.0, 0.97, 1.95, 2.92, 3.9, 4.87, 5.85]"
3447,46.51,-0.0361245818346863,Not Persuadable,"[0, 5, 10, 15, 20, 25, 30]","[None, None, None, None, None, None, None]","[0.0, 2.33, 4.65, 6.98, 9.3, 11.63, 13.95]"
4566,43.35,0.0261551105361693,Persuadable,"[0, 5, 10, 15, 20, 25, 30]","[None, None, None, None, None, None, None]","[0.0, 2.17, 4.33, 6.5, 8.67, 10.84, 13.01]"
955,30.46,0.0867750745550116,Persuadable,"[0, 5, 10, 15, 20, 25, 30]","[None, None, None, None, None, None, None]","[0.0, 1.52, 3.05, 4.57, 6.09, 7.62, 9.14]"
4996,37.86,0.1223498025468904,Highly Persuadable,"[0, 5, 10, 15, 20, 25, 30]","[None, None, None, None, None, None, None]","[0.0, 1.89, 3.79, 5.68, 7.57, 9.46, 11.36]"
2736,30.96,0.1808370161567306,Highly Persuadable,"[0, 5, 10, 15, 20, 25, 30]","[None, None, None, None, None, None, None]","[0.0, 1.55, 3.1, 4.64, 6.19, 7.74, 9.29]"
4914,41.92,0.0436390564473056,Persuadable,"[0, 5, 10, 15, 20, 25, 30]","[None, None, None, None, None, None, None]","[0.0, 2.1, 4.19, 6.29, 8.38, 10.48, 12.58]"
4736,25.5,0.1660800396983371,Highly Persuadable,"[0, 5, 10, 15, 20, 25, 30]","[None, None, None, None, None, None, None]","[0.0, 1.28, 2.55, 3.82, 5.1, 6.38, 7.65]"
4834,30.0,0.1661784566602955,Highly Persuadable,"[0, 5, 10, 15, 20, 25, 30]","[None, None, None, None, None, None, None]","[0.0, 1.5, 3.0, 4.5, 6.0, 7.5, 9.0]"
1219,53.02,-0.0216013272601445,Not Persuadable,"[0, 5, 10, 15, 20, 25, 30]","[None, None, None, None, None, None, None]","[0.0, 2.65, 5.3, 7.95, 10.6, 13.26, 15.91]"
1528,28.24,0.0711954580630775,Persuadable,"[0, 5, 10, 15, 20, 25, 30]","[None, None, None, None, None, None, None]","[0.0, 1.41, 2.82, 4.24, 5.65, 7.06, 8.47]"
3988,30.44,0.0854818043207768,Persuadable,"[0, 5, 10, 15, 20, 25, 30]","[None, None, None, None, None, None, None]","[0.0, 1.52, 3.04, 4.57, 6.09, 7.61, 9.13]"
1301,51.02,0.0295605265321122,Persuadable,"[0, 5, 10, 15, 20, 25, 30]","[None, None, None, None, None, None, None]","[0.0, 2.55, 5.1, 7.65, 10.2, 12.76, 15.31]"
4902,34.55,-0.0001961066710072,Not Persuadable,"[0, 5, 10, 15, 20, 25, 30]","[None, None, None, None, None, None, None]","[0.0, 1.73, 3.46, 5.18, 6.91, 8.64, 10.36]"
161,16.76,0.1436334164528545,Highly Persuadable,"[0, 5, 10, 15, 20, 25, 30]","[None, None, None, None, None, None, None]","[0.0, 0.84, 1.68, 2.51, 3.35, 4.19, 5.03]"
4068,66.71,0.0789395028503137,Persuadable,"[0, 5, 10, 15, 20, 25, 30]","[None, None, None, None, None, None, None]","[0.0, 3.34, 6.67, 10.01, 13.34, 16.68, 20.01]"
957,32.61,0.1234959760071213,Highly Persuadable,"[0, 5, 10, 15, 20, 25, 30]","[None, None, None, None, None, None, None]","[0.0, 1.63, 3.26, 4.89, 6.52, 8.15, 9.78]"
3792,43.89,0.0098896742800415,Persuadable,"[0, 5, 10, 15, 20, 25, 30]","[None, None, None, None, None, None, None]","[0.0, 2.19, 4.39, 6.58, 8.78, 10.97, 13.17]"
3235,39.3,0.0641714124877387,Persuadable,"[0, 5, 10, 15, 20, 25, 30]","[None, None, None, None, None, None, None]","[0.0, 1.96, 3.93, 5.89, 7.86, 9.82, 11.79]"
2870,34.52,0.0795222064770929,Persuadable,"[0, 5, 10, 15, 20, 25, 30]","[None, None, None, None, None, None, None]","[0.0, 1.73, 3.45, 5.18, 6.9, 8.63, 10.36]"
3778,32.33,0.1317904381563893,Highly Persuadable,"[0, 5, 10, 15, 20, 25, 30]","[None, None, None, None, None, None, None]","[0.0, 1.62, 3.23, 4.85, 6.47, 8.08, 9.7]"
4434,40.7,0.0439643419226978,Persuadable,"[0, 5, 10, 15, 20, 25, 30]","[None, None, None, None, None, None, None]","[0.0, 2.04, 4.07, 6.11, 8.14, 10.18, 12.21]"
2962,30.06,0.044184245484478,Persuadable,"[0, 5, 10, 15, 20, 25, 30]","[None, None, None, None, None, None, None]","[0.0, 1.5, 3.01, 4.51, 6.01, 7.51, 9.02]"
2201,44.8,0.0309733206527149,Persuadable,"[0, 5, 10, 15, 20, 25, 30]","[None, None, None, None, None, None, None]","[0.0, 2.24, 4.48, 6.72, 8.96, 11.2, 13.44]"
99,22.91,0.0372719741496358,Persuadable,"[0, 5, 10, 15, 20, 25, 30]","[None, None, None, None, None, None, None]","[0.0, 1.15, 2.29, 3.44, 4.58, 5.73, 6.87]"
2558,57.87,-0.0204969267127091,Not Persuadable,"[0, 5, 10, 15, 20, 25, 30]","[None, None, None, None, None, None, None]","[0.0, 2.89, 5.79, 8.68, 11.57, 14.47, 17.36]"
3184,47.3,0.0521172598009849,Persuadable,"[0, 5, 10, 15, 20, 25, 30]","[None, None, None, None, None, None, None]","[0.0, 2.36, 4.73, 7.09, 9.46, 11.82, 14.19]"
254,45.28,-0.0064664367069438,Not Persuadable,"[0, 5, 10, 15, 20, 25, 30]","[None, None, None, None, None, None, None]","[0.0, 2.26, 4.53, 6.79, 9.06, 11.32, 13.58]"
3924,38.98,0.0077019277898294,Persuadable,"[0, 5, 10, 15, 20, 25, 30]","[None, None, None, None, None, None, None]","[0.0, 1.95, 3.9, 5.85, 7.8, 9.74, 11.69]"
4200,29.29,-0.0357463910055109,Not Persuadable,"[0, 5, 10, 15, 20, 25, 30]","[None, None, None, None, None, None, None]","[0.0, 1.46, 2.93, 4.39, 5.86, 7.32, 8.79]"
1446,39.57,0.0862671819763691,Persuadable,"[0, 5, 10, 15, 20, 25, 30]","[None, None, None, None, None, None, None]","[0.0, 1.98, 3.96, 5.94, 7.91, 9.89, 11.87]"
1649,48.42,-0.1006611833303761,Not Persuadable,"[0, 5, 10, 15, 20, 25, 30]","[None, None, None, None, None, None, None]","[0.0, 2.42, 4.84, 7.26, 9.68, 12.11, 14.53]"
4683,47.52,-0.0901450597375625,Not Persuadable,"[0, 5, 10, 15, 20, 25, 30]","[None, None, None, None, None, None, None]","[0.0, 2.38, 4.75, 7.13, 9.5, 11.88, 14.26]"
4724,42.56,0.0174954778066387,Persuadable,"[0, 5, 10, 15, 20, 25, 30]","[None, None, None, None, None, None, None]","[0.0, 2.13, 4.26, 6.38, 8.51, 10.64, 12.77]"
3992,36.08,0.0488793775764326,Persuadable,"[0, 5, 10, 15, 20, 25, 30]","[None, None, None, None, None, None, None]","[0.0, 1.8, 3.61, 5.41, 7.22, 9.02, 10.82]"
1697,28.11,0.016319599684118,Persuadable,"[0, 5, 10, 15, 20, 25, 30]","[None, None, None, None, None, None, None]","[0.0, 1.41, 2.81, 4.22, 5.62, 7.03, 8.43]"
3192,46.88,0.1257440623696961,Highly Persuadable,"[0, 5, 10, 15, 20, 25, 30]","[None, None, None, None, None, None, None]","[0.0, 2.34, 4.69, 7.03, 9.38, 11.72, 14.06]"
4500,35.25,0.1733738644488037,Highly Persuadable,"[0, 5, 10, 15, 20, 25, 30]","[None, None, None, None, None, None, None]","[0.0, 1.76, 3.53, 5.29, 7.05, 8.81, 10.57]"
1155,55.56,0.1689388177399126,Highly Persuadable,"[0, 5, 10, 15, 20, 25, 30]","[None, None, None, None, None, None, None]","[0.0, 2.78, 5.56, 8.33, 11.11, 13.89, 16.67]"
2256,28.69,0.1610270024275254,Highly Persuadable,"[0, 5, 10, 15, 20, 25, 30]","[None, None, None, None, None, None, None]","[0.0, 1.43, 2.87, 4.3, 5.74, 7.17, 8.61]"
1683,12.29,0.0254510085337318,Persuadable,"[0, 5, 10, 15, 20, 25, 30]","[None, None, None, None, None, None, None]","[0.0, 0.61, 1.23, 1.84, 2.46, 3.07, 3.69]"
3171,45.25,0.1400612757056613,Highly Persuadable,"[0, 5, 10, 15, 20, 25, 30]","[None, None, None, None, None, None, None]","[0.0, 2.26, 4.53, 6.79, 9.05, 11.31, 13.57]"
2057,56.25,0.0184403723056446,Persuadable,"[0, 5, 10, 15, 20, 25, 30]","[None, None, None, None, None, None, None]","[0.0, 2.81, 5.62, 8.44, 11.25, 14.06, 16.88]"
4091,30.68,0.1080876564553444,Highly Persuadable,"[0, 5, 10, 15, 20, 25, 30]","[None, None, None, None, None, None, None]","[0.0, 1.53, 3.07, 4.6, 6.14, 7.67, 9.2]"
3109,34.81,0.0423558938784795,Persuadable,"[0, 5, 10, 15, 20, 25, 30]","[None, None, None, None, None, None, None]","[0.0, 1.74, 3.48, 5.22, 6.96, 8.7, 10.44]"
4549,26.83,0.0227547201229488,Persuadable,"[0, 5, 10, 15, 20, 25, 30]","[None, None, None, None, None, None, None]","[0.0, 1.34, 2.68, 4.02, 5.37, 6.71, 8.05]"
3724,42.06,0.0273275202836276,Persuadable,"[0, 5, 10, 15, 20, 25, 30]","[None, None, None, None, None, None, None]","[0.0, 2.1, 4.21, 6.31, 8.41, 10.52, 12.62]"
2050,34.34,0.0143085546732844,Persuadable,"[0, 5, 10, 15, 20, 25, 30]","[None, None, None, None, None, None, None]","[0.0, 1.72, 3.43, 5.15, 6.87, 8.59, 10.3]"
3644,31.25,0.2252471280134043,Highly Persuadable,"[0, 5, 10, 15, 20, 25, 30]","[None, None, None, None, None, None, None]","[0.0, 1.56, 3.12, 4.69, 6.25, 7.81, 9.38]"
4938,31.35,0.0697014942679914,Persuadable,"[0, 5, 10, 15, 20, 25, 30]","[None, None, None, None, None, None, None]","[0.0, 1.57, 3.14, 4.7, 6.27, 7.84, 9.4]"
624,26.2,0.0269951553120911,Persuadable,"[0, 5, 10, 15, 20, 25, 30]","[None, None, None, None, None, None, None]","[0.0, 1.31, 2.62, 3.93, 5.24, 6.55, 7.86]"
263,34.98,0.0671661244583393,Persuadable,"[0, 5, 10, 15, 20, 25, 30]","[None, None, None, None, None, None, None]","[0.0, 1.75, 3.5, 5.25, 7.0, 8.74, 10.49]"
3370,22.87,-0.0525567367329264,Not Persuadable,"[0, 5, 10, 15, 20, 25, 30]","[None, None, None, None, None, None, None]","[0.0, 1.14, 2.29, 3.43, 4.57, 5.72, 6.86]"
4062,48.76,0.0590405186799302,Persuadable,"[0, 5, 10, 15, 20, 25, 30]","[None, None, None, None, None, None, None]","[0.0, 2.44, 4.88, 7.31, 9.75, 12.19, 14.63]"
1803,19.77,0.083374970081895,Persuadable,"[0, 5, 10, 15, 20, 25, 30]","[None, None, None, None, None, None, None]","[0.0, 0.99, 1.98, 2.97, 3.95, 4.94, 5.93]"
4737,57.5,0.067983788692894,Persuadable,"[0, 5, 10, 15, 20, 25, 30]","[None, None, None, None, None, None, None]","[0.0, 2.88, 5.75, 8.62, 11.5, 14.38, 17.25]"
2386,30.5,0.0435730408236734,Persuadable,"[0, 5, 10, 15, 20, 25, 30]","[None, None, None, None, None, None, None]","[0.0, 1.53, 3.05, 4.58, 6.1, 7.62, 9.15]"
1960,37.59,0.0511179217236607,Persuadable,"[0, 5, 10, 15, 20, 25, 30]","[None, None, None, None, None, None, None]","[0.0, 1.88, 3.76, 5.64, 7.52, 9.4, 11.28]"
2977,49.56,0.0424824272470031,Persuadable,"[0, 5, 10, 15, 20, 25, 30]","[None, None, None, None, None, None, None]","[0.0, 2.48, 4.96, 7.43, 9.91, 12.39, 14.87]"
489,35.04,-0.0460383814989607,Not Persuadable,"[0, 5, 10, 15, 20, 25, 30]","[None, None, None, None, None, None, None]","[0.0, 1.75, 3.5, 5.26, 7.01, 8.76, 10.51]"
1844,22.96,0.1398533655776263,Highly Persuadable,"[0, 5, 10, 15, 20, 25, 30]","[None, None, None, None, None, None, None]","[0.0, 1.15, 2.3, 3.44, 4.59, 5.74, 6.89]"
1735,25.96,-0.0086548326423934,Not Persuadable,"[0, 5, 10, 15, 20, 25, 30]","[None, None, None, None, None, None, None]","[0.0, 1.3, 2.6, 3.89, 5.19, 6.49, 7.79]"
2912,45.34,-0.0544978103171849,Not Persuadable,"[0, 5, 10, 15, 20, 25, 30]","[None, None, None, None, None, None, None]","[0.0, 2.27, 4.53, 6.8, 9.07, 11.34, 13.6]"
3220,42.56,-0.0215613107558171,Not Persuadable,"[0, 5, 10, 15, 20, 25, 30]","[None, None, None, None, None, None, None]","[0.0, 2.13, 4.26, 6.38, 8.51, 10.64, 12.77]"
147,44.29,-0.0115745842716559,Not Persuadable,"[0, 5, 10, 15, 20, 25, 30]","[None, None, None, None, None, None, None]","[0.0, 2.21, 4.43, 6.64, 8.86, 11.07, 13.29]"
1987,17.87,-0.012138067089834,Not Persuadable,"[0, 5, 10, 15, 20, 25, 30]","[None, None, None, None, None, None, None]","[0.0, 0.89, 1.79, 2.68, 3.57, 4.47, 5.36]"
1370,46.77,0.0806420378743709,Persuadable,"[0, 5, 10, 15, 20, 25, 30]","[None, None, None, None, None, None, None]","[0.0, 2.34, 4.68, 7.02, 9.35, 11.69, 14.03]"
2812,38.88,0.1398194196741464,Highly Persuadable,"[0, 5, 10, 15, 20, 25, 30]","[None, None, None, None, None, None, None]","[0.0, 1.94, 3.89, 5.83, 7.78, 9.72, 11.66]"
660,45.87,-0.0095713782612947,Not Persuadable,"[0, 5, 10, 15, 20, 25, 30]","[None, None, None, None, None, None, None]","[0.0, 2.29, 4.59, 6.88, 9.17, 11.47, 13.76]"
1795,29.4,0.0723728244272544,Persuadable,"[0, 5, 10, 15, 20, 25, 30]","[None, None, None, None, None, None, None]","[0.0, 1.47, 2.94, 4.41, 5.88, 7.35, 8.82]"
2512,27.12,-0.0025934863308491,Not Persuadable,"[0, 5, 10, 15, 20, 25, 30]","[None, None, None, None, None, None, None]","[0.0, 1.36, 2.71, 4.07, 5.42, 6.78, 8.14]"
3398,34.52,-0.0066811172088097,Not Persuadable,"[0, 5, 10, 15, 20, 25, 30]","[None, None, None, None, None, None, None]","[0.0, 1.73, 3.45, 5.18, 6.9, 8.63, 10.36]"
4283,46.41,0.1406477774537086,Highly Persuadable,"[0, 5, 10, 15, 20, 25, 30]","[None, None, None, None, None, None, None]","[0.0, 2.32, 4.64, 6.96, 9.28, 11.6, 13.92]"
1148,30.82,0.1398856724238407,Highly Persuadable,"[0, 5, 10, 15, 20, 25, 30]","[None, None, None, None, None, None, None]","[0.0, 1.54, 3.08, 4.62, 6.16, 7.71, 9.25]"
3273,57.99,0.0571709399411937,Persuadable,"[0, 5, 10, 15, 20, 25, 30]","[None, None, None, None, None, None, None]","[0.0, 2.9, 5.8, 8.7, 11.6, 14.5, 17.4]"
609,34.88,-0.0295013876843797,Not Persuadable,"[0, 5, 10, 15, 20, 25, 30]","[None, None, None, None, None, None, None]","[0.0, 1.74, 3.49, 5.23, 6.98, 8.72, 10.46]"
3583,32.9,0.0715779060098672,Persuadable,"[0, 5, 10, 15, 20, 25, 30]","[None, None, None, None, None, None, None]","[0.0, 1.65, 3.29, 4.93, 6.58, 8.22, 9.87]"
1931,37.44,-0.0611509884863254,Not Persuadable,"[0, 5, 10, 15, 20, 25, 30]","[None, None, None, None, None, None, None]","[0.0, 1.87, 3.74, 5.62, 7.49, 9.36, 11.23]"
198,33.56,0.1269102271517042,Highly Persuadable,"[0, 5, 10, 15, 20, 25, 30]","[None, None, None, None, None, None, None]","[0.0, 1.68, 3.36, 5.03, 6.71, 8.39, 10.07]"
2932,28.22,0.0332145508274203,Persuadable,"[0, 5, 10, 15, 20, 25, 30]","[None, None, None, None, None, None, None]","[0.0, 1.41, 2.82, 4.23, 5.64, 7.05, 8.47]"
2328,30.93,0.0827456376842438,Persuadable,"[0, 5, 10, 15, 20, 25, 30]","[None, None, None, None, None, None, None]","[0.0, 1.55, 3.09, 4.64, 6.19, 7.73, 9.28]"
4390,59.72,0.1408992940927387,Highly Persuadable,"[0, 5, 10, 15, 20, 25, 30]","[None, None, None, None, None, None, None]","[0.0, 2.99, 5.97, 8.96, 11.94, 14.93, 17.92]"
767,44.83,0.0234472078702397,Persuadable,"[0, 5, 10, 15, 20, 25, 30]","[None, None, None, None, None, None, None]","[0.0, 2.24, 4.48, 6.72, 8.97, 11.21, 13.45]"
4497,39.63,0.0582416911915488,Persuadable,"[0, 5, 10, 15, 20, 25, 30]","[None, None, None, None, None, None, None]","[0.0, 1.98, 3.96, 5.94, 7.93, 9.91, 11.89]"
4219,53.27,-0.0210852856337723,Not Persuadable,"[0, 5, 10, 15, 20, 25, 30]","[None, None, None, None, None, None, None]","[0.0, 2.66, 5.33, 7.99, 10.65, 13.32, 15.98]"
3256,41.99,0.0431948382518404,Persuadable,"[0, 5, 10, 15, 20, 25, 30]","[None, None, None, None, None, None, None]","[0.0, 2.1, 4.2, 6.3, 8.4, 10.5, 12.6]"
203,23.58,0.0239462085974517,Persuadable,"[0, 5, 10, 15, 20, 25, 30]","[None, None, None, None, None, None, None]","[0.0, 1.18, 2.36, 3.54, 4.72, 5.89, 7.07]"
3511,25.58,0.0483532953105819,Persuadable,"[0, 5, 10, 15, 20, 25, 30]","[None, None, None, None, None, None, None]","[0.0, 1.28, 2.56, 3.84, 5.12, 6.39, 7.67]"
1734,36.92,-0.0541696963611724,Not Persuadable,"[0, 5, 10, 15, 20, 25, 30]","[None, None, None, None, None, None, None]","[0.0, 1.85, 3.69, 5.54, 7.38, 9.23, 11.08]"
2778,34.58,0.066171063162401,Persuadable,"[0, 5, 10, 15, 20, 25, 30]","[None, None, None, None, None, None, None]","[0.0, 1.73, 3.46, 5.19, 6.92, 8.64, 10.37]"
1708,53.14,-0.0075937998178171,Not Persuadable,"[0, 5, 10, 15, 20, 25, 30]","[None, None, None, None, None, None, None]","[0.0, 2.66, 5.31, 7.97, 10.63, 13.29, 15.94]"
3475,28.05,0.1191675579441837,Highly Persuadable,"[0, 5, 10, 15, 20, 25, 30]","[None, None, None, None, None, None, None]","[0.0, 1.4, 2.81, 4.21, 5.61, 7.01, 8.41]"
855,46.02,-0.0736720570153868,Not Persuadable,"[0, 5, 10, 15, 20, 25, 30]","[None, None, None, None, None, None, None]","[0.0, 2.3, 4.6, 6.9, 9.2, 11.51, 13.81]"
4738,44.25,0.1163258530749282,Highly Persuadable,"[0, 5, 10, 15, 20, 25, 30]","[None, None, None, None, None, None, None]","[0.0, 2.21, 4.42, 6.64, 8.85, 11.06, 13.28]"
4098,54.94,-0.0191122257205497,Not Persuadable,"[0, 5, 10, 15, 20, 25, 30]","[None, None, None, None, None, None, None]","[0.0, 2.75, 5.49, 8.24, 10.99, 13.73, 16.48]"
2161,37.06,0.0104444155249445,Persuadable,"[0, 5, 10, 15, 20, 25, 30]","[None, None, None, None, None, None, None]","[0.0, 1.85, 3.71, 5.56, 7.41, 9.27, 11.12]"
699,26.08,0.0932541381195977,Persuadable,"[0, 5, 10, 15, 20, 25, 30]","[None, None, None, None, None, None, None]","[0.0, 1.3, 2.61, 3.91, 5.22, 6.52, 7.82]"
4958,54.81,0.0509568743422333,Persuadable,"[0, 5, 10, 15, 20, 25, 30]","[None, None, None, None, None, None, None]","[0.0, 2.74, 5.48, 8.22, 10.96, 13.7, 16.44]"
3000,44.14,0.0440076808134123,Persuadable,"[0, 5, 10, 15, 20, 25, 30]","[None, None, None, None, None, None, None]","[0.0, 2.21, 4.41, 6.62, 8.83, 11.04, 13.24]"
3697,43.0,-0.0293386589890335,Not Persuadable,"[0, 5, 10, 15, 20, 25, 30]","[None, None, None, None, None, None, None]","[0.0, 2.15, 4.3, 6.45, 8.6, 10.75, 12.9]"
1637,32.55,0.0601473391844422,Persuadable,"[0, 5, 10, 15, 20, 25, 30]","[None, None, None, None, None, None, None]","[0.0, 1.63, 3.25, 4.88, 6.51, 8.14, 9.76]"
3458,28.26,-0.0304907504884243,Not Persuadable,"[0, 5, 10, 15, 20, 25, 30]","[None, None, None, None, None, None, None]","[0.0, 1.41, 2.83, 4.24, 5.65, 7.07, 8.48]"
3582,55.54,0.0860354211260184,Persuadable,"[0, 5, 10, 15, 20, 25, 30]","[None, None, None, None, None, None, None]","[0.0, 2.78, 5.55, 8.33, 11.11, 13.88, 16.66]"
1292,31.8,-0.005582853070576,Not Persuadable,"[0, 5, 10, 15, 20, 25, 30]","[None, None, None, None, None, None, None]","[0.0, 1.59, 3.18, 4.77, 6.36, 7.95, 9.54]"
4660,47.11,-0.0181592481377568,Not Persuadable,"[0, 5, 10, 15, 20, 25, 30]","[None, None, None, None, None, None, None]","[0.0, 2.36, 4.71, 7.07, 9.42, 11.78, 14.13]"
1854,21.05,0.1038357831638935,Highly Persuadable,"[0, 5, 10, 15, 20, 25, 30]","[None, None, None, None, None, None, None]","[0.0, 1.05, 2.1, 3.16, 4.21, 5.26, 6.32]"
3764,29.33,0.0519421048339032,Persuadable,"[0, 5, 10, 15, 20, 25, 30]","[None, None, None, None, None, None, None]","[0.0, 1.47, 2.93, 4.4, 5.87, 7.33, 8.8]"
3305,21.97,-0.0165192027073616,Not Persuadable,"[0, 5, 10, 15, 20, 25, 30]","[None, None, None, None, None, None, None]","[0.0, 1.1, 2.2, 3.3, 4.39, 5.49, 6.59]"
4923,50.54,0.1246328808296357,Highly Persuadable,"[0, 5, 10, 15, 20, 25, 30]","[None, None, None, None, None, None, None]","[0.0, 2.53, 5.05, 7.58, 10.11, 12.63, 15.16]"
3744,32.06,0.1214695450065688,Highly Persuadable,"[0, 5, 10, 15, 20, 25, 30]","[None, None, None, None, None, None, None]","[0.0, 1.6, 3.21, 4.81, 6.41, 8.02, 9.62]"
3446,48.86,-0.1034179477972528,Not Persuadable,"[0, 5, 10, 15, 20, 25, 30]","[None, None, None, None, None, None, None]","[0.0, 2.44, 4.89, 7.33, 9.77, 12.21, 14.66]"
1999,31.99,0.1504647872346618,Highly Persuadable,"[0, 5, 10, 15, 20, 25, 30]","[None, None, None, None, None, None, None]","[0.0, 1.6, 3.2, 4.8, 6.4, 8.0, 9.6]"
664,33.04,0.0161469006480427,Persuadable,"[0, 5, 10, 15, 20, 25, 30]","[None, None, None, None, None, None, None]","[0.0, 1.65, 3.3, 4.96, 6.61, 8.26, 9.91]"
4780,20.02,0.0815118051821811,Persuadable,"[0, 5, 10, 15, 20, 25, 30]","[None, None, None, None, None, None, None]","[0.0, 1.0, 2.0, 3.0, 4.0, 5.0, 6.01]"
3749,42.06,0.0225628622853342,Persuadable,"[0, 5, 10, 15, 20, 25, 30]","[None, None, None, None, None, None, None]","[0.0, 2.1, 4.21, 6.31, 8.41, 10.52, 12.62]"
4414,22.77,0.035782599400103,Persuadable,"[0, 5, 10, 15, 20, 25, 30]","[None, None, None, None, None, None, None]","[0.0, 1.14, 2.28, 3.42, 4.55, 5.69, 6.83]"
4745,22.72,0.0039615746749594,Persuadable,"[0, 5, 10, 15, 20, 25, 30]","[None, None, None, None, None, None, None]","[0.0, 1.14, 2.27, 3.41, 4.54, 5.68, 6.82]"
710,29.52,0.1705771616598999,Highly Persuadable,"[0, 5, 10, 15, 20, 25, 30]","[None, None, None, None, None, None, None]","[0.0, 1.48, 2.95, 4.43, 5.9, 7.38, 8.86]"
1283,32.17,0.0627567721220625,Persuadable,"[0, 5, 10, 15, 20, 25, 30]","[None, None, None, None, None, None, None]","[0.0, 1.61, 3.22, 4.83, 6.43, 8.04, 9.65]"
2676,34.08,0.0641274321359649,Persuadable,"[0, 5, 10, 15, 20, 25, 30]","[None, None, None, None, None, None, None]","[0.0, 1.7, 3.41, 5.11, 6.82, 8.52, 10.22]"
4030,46.1,-0.0101840400127308,Not Persuadable,"[0, 5, 10, 15, 20, 25, 30]","[None, None, None, None, None, None, None]","[0.0, 2.31, 4.61, 6.92, 9.22, 11.53, 13.83]"
1307,23.74,0.1377479162629967,Highly Persuadable,"[0, 5, 10, 15, 20, 25, 30]","[None, None, None, None, None, None, None]","[0.0, 1.19, 2.37, 3.56, 4.75, 5.93, 7.12]"
2238,25.41,0.0638118854868562,Persuadable,"[0, 5, 10, 15, 20, 25, 30]","[None, None, None, None, None, None, None]","[0.0, 1.27, 2.54, 3.81, 5.08, 6.35, 7.62]"
3303,30.67,0.138244626044809,Highly Persuadable,"[0, 5, 10, 15, 20, 25, 30]","[None, None, None, None, None, None, None]","[0.0, 1.53, 3.07, 4.6, 6.13, 7.67, 9.2]"
2039,39.77,-0.0443557445555744,Not Persuadable,"[0, 5, 10, 15, 20, 25, 30]","[None, None, None, None, None, None, None]","[0.0, 1.99, 3.98, 5.97, 7.95, 9.94, 11.93]"
1530,19.4,0.145417416854256,Highly Persuadable,"[0, 5, 10, 15, 20, 25, 30]","[None, None, None, None, None, None, None]","[0.0, 0.97, 1.94, 2.91, 3.88, 4.85, 5.82]"
1664,29.35,0.0558802411627529,Persuadable,"[0, 5, 10, 15, 20, 25, 30]","[None, None, None, None, None, None, None]","[0.0, 1.47, 2.94, 4.4, 5.87, 7.34, 8.8]"
4945,32.02,0.0015366365805726,Persuadable,"[0, 5, 10, 15, 20, 25, 30]","[None, None, None, None, None, None, None]","[0.0, 1.6, 3.2, 4.8, 6.4, 8.01, 9.61]"
4964,43.3,0.066379623950184,Persuadable,"[0, 5, 10, 15, 20, 25, 30]","[None, None, None, None, None, None, None]","[0.0, 2.17, 4.33, 6.49, 8.66, 10.82, 12.99]"
3628,21.77,0.2302968270455317,Highly Persuadable,"[0, 5, 10, 15, 20, 25, 30]","[None, None, None, None, None, None, None]","[0.0, 1.09, 2.18, 3.27, 4.35, 5.44, 6.53]"
2694,41.1,0.0846322054008346,Persuadable,"[0, 5, 10, 15, 20, 25, 30]","[None, None, None, None, None, None, None]","[0.0, 2.06, 4.11, 6.17, 8.22, 10.28, 12.33]"
3061,41.07,0.0549411613110418,Persuadable,"[0, 5, 10, 15, 20, 25, 30]","[None, None, None, None, None, None, None]","[0.0, 2.05, 4.11, 6.16, 8.21, 10.27, 12.32]"
1598,34.98,-0.0370987058074499,Not Persuadable,"[0, 5, 10, 15, 20, 25, 30]","[None, None, None, None, None, None, None]","[0.0, 1.75, 3.5, 5.25, 7.0, 8.74, 10.49]"
2730,20.43,-0.022461073793012,Not Persuadable,"[0, 5, 10, 15, 20, 25, 30]","[None, None, None, None, None, None, None]","[0.0, 1.02, 2.04, 3.06, 4.09, 5.11, 6.13]"
2626,37.97,-0.0364074624081569,Not Persuadable,"[0, 5, 10, 15, 20, 25, 30]","[None, None, None, None, None, None, None]","[0.0, 1.9, 3.8, 5.7, 7.59, 9.49, 11.39]"
3158,28.54,0.1292853044425583,Highly Persuadable,"[0, 5, 10, 15, 20, 25, 30]","[None, None, None, None, None, None, None]","[0.0, 1.43, 2.85, 4.28, 5.71, 7.13, 8.56]"
3315,44.75,-0.0171896006487882,Not Persuadable,"[0, 5, 10, 15, 20, 25, 30]","[None, None, None, None, None, None, None]","[0.0, 2.24, 4.48, 6.71, 8.95, 11.19, 13.42]"
1723,45.55,0.046992632620223,Persuadable,"[0, 5, 10, 15, 20, 25, 30]","[None, None, None, None, None, None, None]","[0.0, 2.28, 4.55, 6.83, 9.11, 11.39, 13.66]"
1060,44.01,-0.0256147508422044,Not Persuadable,"[0, 5, 10, 15, 20, 25, 30]","[None, None, None, None, None, None, None]","[0.0, 2.2, 4.4, 6.6, 8.8, 11.0, 13.2]"
4637,21.41,0.0760201390407424,Persuadable,"[0, 5, 10, 15, 20, 25, 30]","[None, None, None, None, None, None, None]","[0.0, 1.07, 2.14, 3.21, 4.28, 5.35, 6.42]"
3243,40.37,0.065271767665617,Persuadable,"[0, 5, 10, 15, 20, 25, 30]","[None, None, None, None, None, None, None]","[0.0, 2.02, 4.04, 6.06, 8.07, 10.09, 12.11]"
1679,29.3,0.0700409514017566,Persuadable,"[0, 5, 10, 15, 20, 25, 30]","[None, None, None, None, None, None, None]","[0.0, 1.47, 2.93, 4.39, 5.86, 7.33, 8.79]"
1758,39.82,-0.0470765355795971,Not Persuadable,"[0, 5, 10, 15, 20, 25, 30]","[None, None, None, None, None, None, None]","[0.0, 1.99, 3.98, 5.97, 7.96, 9.96, 11.95]"
4192,44.91,-0.0586978067303989,Not Persuadable,"[0, 5, 10, 15, 20, 25, 30]","[None, None, None, None, None, None, None]","[0.0, 2.25, 4.49, 6.74, 8.98, 11.23, 13.47]"
564,37.86,0.0417610585327597,Persuadable,"[0, 5, 10, 15, 20, 25, 30]","[None, None, None, None, None, None, None]","[0.0, 1.89, 3.79, 5.68, 7.57, 9.46, 11.36]"
2791,31.78,-0.0186816186863176,Not Persuadable,"[0, 5, 10, 15, 20, 25, 30]","[None, None, None, None, None, None, None]","[0.0, 1.59, 3.18, 4.77, 6.36, 7.95, 9.53]"
864,39.73,0.0911694482872501,Persuadable,"[0, 5, 10, 15, 20, 25, 30]","[None, None, None, None, None, None, None]","[0.0, 1.99, 3.97, 5.96, 7.95, 9.93, 11.92]"
1485,45.76,-0.037957371889145,Not Persuadable,"[0, 5, 10, 15, 20, 25, 30]","[None, None, None, None, None, None, None]","[0.0, 2.29, 4.58, 6.86, 9.15, 11.44, 13.73]"
207,29.72,0.1783924637193166,Highly Persuadable,"[0, 5, 10, 15, 20, 25, 30]","[None, None, None, None, None, None, None]","[0.0, 1.49, 2.97, 4.46, 5.94, 7.43, 8.92]"
4489,46.71,0.0633087405169102,Persuadable,"[0, 5, 10, 15, 20, 25, 30]","[None, None, None, None, None, None, None]","[0.0, 2.34, 4.67, 7.01, 9.34, 11.68, 14.01]"
871,44.76,-0.014651813543248,Not Persuadable,"[0, 5, 10, 15, 20, 25, 30]","[None, None, None, None, None, None, None]","[0.0, 2.24, 4.48, 6.71, 8.95, 11.19, 13.43]"
4494,32.14,0.10096441147695,Highly Persuadable,"[0, 5, 10, 15, 20, 25, 30]","[None, None, None, None, None, None, None]","[0.0, 1.61, 3.21, 4.82, 6.43, 8.04, 9.64]"
503,38.39,0.0930253978050249,Persuadable,"[0, 5, 10, 15, 20, 25, 30]","[None, None, None, None, None, None, None]","[0.0, 1.92, 3.84, 5.76, 7.68, 9.6, 11.52]"
1029,37.17,0.1399298104775242,Highly Persuadable,"[0, 5, 10, 15, 20, 25, 30]","[None, None, None, None, None, None, None]","[0.0, 1.86, 3.72, 5.58, 7.43, 9.29, 11.15]"
3841,37.86,-0.0086279169010911,Not Persuadable,"[0, 5, 10, 15, 20, 25, 30]","[None, None, None, None, None, None, None]","[0.0, 1.89, 3.79, 5.68, 7.57, 9.46, 11.36]"
2691,22.01,0.0063132397387387,Persuadable,"[0, 5, 10, 15, 20, 25, 30]","[None, None, None, None, None, None, None]","[0.0, 1.1, 2.2, 3.3, 4.4, 5.5, 6.6]"
1571,42.44,-0.0995737000424746,Not Persuadable,"[0, 5, 10, 15, 20, 25, 30]","[None, None, None, None, None, None, None]","[0.0, 2.12, 4.24, 6.37, 8.49, 10.61, 12.73]"
2774,47.95,-0.1138634398660455,Not Persuadable,"[0, 5, 10, 15, 20, 25, 30]","[None, None, None, None, None, None, None]","[0.0, 2.4, 4.8, 7.19, 9.59, 11.99, 14.38]"
2732,34.05,-0.0016179807693311,Not Persuadable,"[0, 5, 10, 15, 20, 25, 30]","[None, None, None, None, None, None, None]","[0.0, 1.7, 3.4, 5.11, 6.81, 8.51, 10.21]"
805,64.13,0.059519571352525,Persuadable,"[0, 5, 10, 15, 20, 25, 30]","[None, None, None, None, None, None, None]","[0.0, 3.21, 6.41, 9.62, 12.83, 16.03, 19.24]"
3646,28.35,0.0658088141229013,Persuadable,"[0, 5, 10, 15, 20, 25, 30]","[None, None, None, None, None, None, None]","[0.0, 1.42, 2.84, 4.25, 5.67, 7.09, 8.51]"
2455,36.79,-0.0115404820914482,Not Persuadable,"[0, 5, 10, 15, 20, 25, 30]","[None, None, None, None, None, None, None]","[0.0, 1.84, 3.68, 5.52, 7.36, 9.2, 11.04]"
4599,33.51,0.1986963437601393,Highly Persuadable,"[0, 5, 10, 15, 20, 25, 30]","[None, None, None, None, None, None, None]","[0.0, 1.68, 3.35, 5.03, 6.7, 8.38, 10.05]"
3105,49.66,0.0199389264193586,Persuadable,"[0, 5, 10, 15, 20, 25, 30]","[None, None, None, None, None, None, None]","[0.0, 2.48, 4.97, 7.45, 9.93, 12.41, 14.9]"
4876,42.46,0.0890429333674073,Persuadable,"[0, 5, 10, 15, 20, 25, 30]","[None, None, None, None, None, None, None]","[0.0, 2.12, 4.25, 6.37, 8.49, 10.62, 12.74]"
201,27.12,-0.0045810259265052,Not Persuadable,"[0, 5, 10, 15, 20, 25, 30]","[None, None, None, None, None, None, None]","[0.0, 1.36, 2.71, 4.07, 5.42, 6.78, 8.14]"
3100,60.14,0.0496847015589695,Persuadable,"[0, 5, 10, 15, 20, 25, 30]","[None, None, None, None, None, None, None]","[0.0, 3.01, 6.01, 9.02, 12.03, 15.04, 18.04]"
2279,38.55,0.0501187029494229,Persuadable,"[0, 5, 10, 15, 20, 25, 30]","[None, None, None, None, None, None, None]","[0.0, 1.93, 3.85, 5.78, 7.71, 9.64, 11.56]"
3562,35.52,0.0384384647192867,Persuadable,"[0, 5, 10, 15, 20, 25, 30]","[None, None, None, None, None, None, None]","[0.0, 1.78, 3.55, 5.33, 7.1, 8.88, 10.66]"
4475,34.3,0.0695953786515654,Persuadable,"[0, 5, 10, 15, 20, 25, 30]","[None, None, None, None, None, None, None]","[0.0, 1.71, 3.43, 5.14, 6.86, 8.57, 10.29]"
4515,49.99,-0.1101061384059397,Not Persuadable,"[0, 5, 10, 15, 20, 25, 30]","[None, None, None, None, None, None, None]","[0.0, 2.5, 5.0, 7.5, 10.0, 12.5, 15.0]"
392,30.96,0.0288650510650179,Persuadable,"[0, 5, 10, 15, 20, 25, 30]","[None, None, None, None, None, None, None]","[0.0, 1.55, 3.1, 4.64, 6.19, 7.74, 9.29]"
1496,32.15,0.0849123779938877,Persuadable,"[0, 5, 10, 15, 20, 25, 30]","[None, None, None, None, None, None, None]","[0.0, 1.61, 3.21, 4.82, 6.43, 8.04, 9.64]"
2696,43.95,-0.0589175523399359,Not Persuadable,"[0, 5, 10, 15, 20, 25, 30]","[None, None, None, None, None, None, None]","[0.0, 2.2, 4.4, 6.59, 8.79, 10.99, 13.19]"
2028,29.23,-0.0257226671694295,Not Persuadable,"[0, 5, 10, 15, 20, 25, 30]","[None, None, None, None, None, None, None]","[0.0, 1.46, 2.92, 4.38, 5.85, 7.31, 8.77]"
2569,36.32,-0.0655145751586666,Not Persuadable,"[0, 5, 10, 15, 20, 25, 30]","[None, None, None, None, None, None, None]","[0.0, 1.82, 3.63, 5.45, 7.26, 9.08, 10.9]"
65,32.06,-0.0013468445166094,Not Persuadable,"[0, 5, 10, 15, 20, 25, 30]","[None, None, None, None, None, None, None]","[0.0, 1.6, 3.21, 4.81, 6.41, 8.02, 9.62]"
3885,29.21,-0.0563771076102828,Not Persuadable,"[0, 5, 10, 15, 20, 25, 30]","[None, None, None, None, None, None, None]","[0.0, 1.46, 2.92, 4.38, 5.84, 7.3, 8.76]"
2063,40.81,0.1494122341456882,Highly Persuadable,"[0, 5, 10, 15, 20, 25, 30]","[None, None, None, None, None, None, None]","[0.0, 2.04, 4.08, 6.12, 8.16, 10.2, 12.24]"
493,35.03,0.1240962206767202,Highly Persuadable,"[0, 5, 10, 15, 20, 25, 30]","[None, None, None, None, None, None, None]","[0.0, 1.75, 3.5, 5.25, 7.01, 8.76, 10.51]"
380,49.91,-0.0107737349700108,Not Persuadable,"[0, 5, 10, 15, 20, 25, 30]","[None, None, None, None, None, None, None]","[0.0, 2.5, 4.99, 7.49, 9.98, 12.48, 14.97]"
4860,50.54,-0.1173241839862072,Not Persuadable,"[0, 5, 10, 15, 20, 25, 30]","[None, None, None, None, None, None, None]","[0.0, 2.53, 5.05, 7.58, 10.11, 12.63, 15.16]"
3994,46.73,-0.0377215539949057,Not Persuadable,"[0, 5, 10, 15, 20, 25, 30]","[None, None, None, None, None, None, None]","[0.0, 2.34, 4.67, 7.01, 9.35, 11.68, 14.02]"
4888,53.15,0.1450745507084307,Highly Persuadable,"[0, 5, 10, 15, 20, 25, 30]","[None, None, None, None, None, None, None]","[0.0, 2.66, 5.32, 7.97, 10.63, 13.29, 15.94]"
1077,46.09,0.1626510644590919,Highly Persuadable,"[0, 5, 10, 15, 20, 25, 30]","[None, None, None, None, None, None, None]","[0.0, 2.3, 4.61, 6.91, 9.22, 11.52, 13.83]"
879,41.41,0.0585755419955578,Persuadable,"[0, 5, 10, 15, 20, 25, 30]","[None, None, None, None, None, None, None]","[0.0, 2.07, 4.14, 6.21, 8.28, 10.35, 12.42]"
338,37.86,0.184451652695746,Highly Persuadable,"[0, 5, 10, 15, 20, 25, 30]","[None, None, None, None, None, None, None]","[0.0, 1.89, 3.79, 5.68, 7.57, 9.46, 11.36]"
1017,33.99,0.0511862906870376,Persuadable,"[0, 5, 10, 15, 20, 25, 30]","[None, None, None, None, None, None, None]","[0.0, 1.7, 3.4, 5.1, 6.8, 8.5, 10.2]"
1276,38.36,-0.0070255479171423,Not Persuadable,"[0, 5, 10, 15, 20, 25, 30]","[None, None, None, None, None, None, None]","[0.0, 1.92, 3.84, 5.75, 7.67, 9.59, 11.51]"
3799,39.21,0.0595811350175161,Persuadable,"[0, 5, 10, 15, 20, 25, 30]","[None, None, None, None, None, None, None]","[0.0, 1.96, 3.92, 5.88, 7.84, 9.8, 11.76]"
4552,59.12,-0.0435141496307438,Not Persuadable,"[0, 5, 10, 15, 20, 25, 30]","[None, None, None, None, None, None, None]","[0.0, 2.96, 5.91, 8.87, 11.82, 14.78, 17.74]"
3343,39.32,0.1210203692247083,Highly Persuadable,"[0, 5, 10, 15, 20, 25, 30]","[None, None, None, None, None, None, None]","[0.0, 1.97, 3.93, 5.9, 7.86, 9.83, 11.8]"
4912,45.8,-0.0065014592025511,Not Persuadable,"[0, 5, 10, 15, 20, 25, 30]","[None, None, None, None, None, None, None]","[0.0, 2.29, 4.58, 6.87, 9.16, 11.45, 13.74]"
996,35.58,0.1488740869350533,Highly Persuadable,"[0, 5, 10, 15, 20, 25, 30]","[None, None, None, None, None, None, None]","[0.0, 1.78, 3.56, 5.34, 7.12, 8.89, 10.67]"
1982,41.65,-0.0990269255661241,Not Persuadable,"[0, 5, 10, 15, 20, 25, 30]","[None, None, None, None, None, None, None]","[0.0, 2.08, 4.17, 6.25, 8.33, 10.41, 12.49]"
4298,48.34,-0.0210822459428218,Not Persuadable,"[0, 5, 10, 15, 20, 25, 30]","[None, None, None, None, None, None, None]","[0.0, 2.42, 4.83, 7.25, 9.67, 12.09, 14.5]"
162,29.25,-0.0279915476478377,Not Persuadable,"[0, 5, 10, 15, 20, 25, 30]","[None, None, None, None, None, None, None]","[0.0, 1.46, 2.93, 4.39, 5.85, 7.31, 8.78]"
4799,51.62,-0.1021449388247241,Not Persuadable,"[0, 5, 10, 15, 20, 25, 30]","[None, None, None, None, None, None, None]","[0.0, 2.58, 5.16, 7.74, 10.32, 12.9, 15.49]"
1501,49.32,0.0707094676452686,Persuadable,"[0, 5, 10, 15, 20, 25, 30]","[None, None, None, None, None, None, None]","[0.0, 2.47, 4.93, 7.4, 9.86, 12.33, 14.8]"
3844,41.56,0.0527512287090794,Persuadable,"[0, 5, 10, 15, 20, 25, 30]","[None, None, None, None, None, None, None]","[0.0, 2.08, 4.16, 6.23, 8.31, 10.39, 12.47]"
2614,41.93,0.0818864617346928,Persuadable,"[0, 5, 10, 15, 20, 25, 30]","[None, None, None, None, None, None, None]","[0.0, 2.1, 4.19, 6.29, 8.39, 10.48, 12.58]"
3462,31.63,0.050029248667813,Persuadable,"[0, 5, 10, 15, 20, 25, 30]","[None, None, None, None, None, None, None]","[0.0, 1.58, 3.16, 4.74, 6.33, 7.91, 9.49]"
1022,49.14,-0.100931449403227,Not Persuadable,"[0, 5, 10, 15, 20, 25, 30]","[None, None, None, None, None, None, None]","[0.0, 2.46, 4.91, 7.37, 9.83, 12.29, 14.74]"
3074,49.58,0.0061076808530155,Persuadable,"[0, 5, 10, 15, 20, 25, 30]","[None, None, None, None, None, None, None]","[0.0, 2.48, 4.96, 7.44, 9.92, 12.39, 14.87]"
3944,48.77,0.206617205392614,Highly Persuadable,"[0, 5, 10, 15, 20, 25, 30]","[None, None, None, None, None, None, None]","[0.0, 2.44, 4.88, 7.32, 9.75, 12.19, 14.63]"
1586,37.86,-0.0559260016459144,Not Persuadable,"[0, 5, 10, 15, 20, 25, 30]","[None, None, None, None, None, None, None]","[0.0, 1.89, 3.79, 5.68, 7.57, 9.46, 11.36]"
1956,27.63,-0.0346244872005949,Not Persuadable,"[0, 5, 10, 15, 20, 25, 30]","[None, None, None, None, None, None, None]","[0.0, 1.38, 2.76, 4.14, 5.53, 6.91, 8.29]"
3153,52.19,-0.0102374636678987,Not Persuadable,"[0, 5, 10, 15, 20, 25, 30]","[None, None, None, None, None, None, None]","[0.0, 2.61, 5.22, 7.83, 10.44, 13.05, 15.66]"
35,46.14,-0.0434377417327831,Not Persuadable,"[0, 5, 10, 15, 20, 25, 30]","[None, None, None, None, None, None, None]","[0.0, 2.31, 4.61, 6.92, 9.23, 11.54, 13.84]"
4015,44.83,0.0385170404918498,Persuadable,"[0, 5, 10, 15, 20, 25, 30]","[None, None, None, None, None, None, None]","[0.0, 2.24, 4.48, 6.72, 8.97, 11.21, 13.45]"
776,37.97,0.1184687702737804,Highly Persuadable,"[0, 5, 10, 15, 20, 25, 30]","[None, None, None, None, None, None, None]","[0.0, 1.9, 3.8, 5.7, 7.59, 9.49, 11.39]"
2557,29.41,0.146465849806372,Highly Persuadable,"[0, 5, 10, 15, 20, 25, 30]","[None, None, None, None, None, None, None]","[0.0, 1.47, 2.94, 4.41, 5.88, 7.35, 8.82]"
1479,43.71,-0.0009191179577537,Not Persuadable,"[0, 5, 10, 15, 20, 25, 30]","[None, None, None, None, None, None, None]","[0.0, 2.19, 4.37, 6.56, 8.74, 10.93, 13.11]"
1364,37.83,0.0010475574734002,Persuadable,"[0, 5, 10, 15, 20, 25, 30]","[None, None, None, None, None, None, None]","[0.0, 1.89, 3.78, 5.67, 7.57, 9.46, 11.35]"
2613,53.87,0.0600511456071989,Persuadable,"[0, 5, 10, 15, 20, 25, 30]","[None, None, None, None, None, None, None]","[0.0, 2.69, 5.39, 8.08, 10.77, 13.47, 16.16]"
2825,33.97,0.1642100553956781,Highly Persuadable,"[0, 5, 10, 15, 20, 25, 30]","[None, None, None, None, None, None, None]","[0.0, 1.7, 3.4, 5.1, 6.79, 8.49, 10.19]"
2042,55.36,-0.018448315749876,Not Persuadable,"[0, 5, 10, 15, 20, 25, 30]","[None, None, None, None, None, None, None]","[0.0, 2.77, 5.54, 8.3, 11.07, 13.84, 16.61]"
242,32.4,-0.0058131319935453,Not Persuadable,"[0, 5, 10, 15, 20, 25, 30]","[None, None, None, None, None, None, None]","[0.0, 1.62, 3.24, 4.86, 6.48, 8.1, 9.72]"
2062,34.55,0.0710373657586486,Persuadable,"[0, 5, 10, 15, 20, 25, 30]","[None, None, None, None, None, None, None]","[0.0, 1.73, 3.46, 5.18, 6.91, 8.64, 10.36]"
2364,44.77,-0.0507958165367999,Not Persuadable,"[0, 5, 10, 15, 20, 25, 30]","[None, None, None, None, None, None, None]","[0.0, 2.24, 4.48, 6.72, 8.95, 11.19, 13.43]"
601,56.8,-0.0116853367884922,Not Persuadable,"[0, 5, 10, 15, 20, 25, 30]","[None, None, None, None, None, None, None]","[0.0, 2.84, 5.68, 8.52, 11.36, 14.2, 17.04]"
2436,25.66,0.0218054130309128,Persuadable,"[0, 5, 10, 15, 20, 25, 30]","[None, None, None, None, None, None, None]","[0.0, 1.28, 2.57, 3.85, 5.13, 6.42, 7.7]"
2889,25.72,0.0118894160811123,Persuadable,"[0, 5, 10, 15, 20, 25, 30]","[None, None, None, None, None, None, None]","[0.0, 1.29, 2.57, 3.86, 5.14, 6.43, 7.72]"
647,30.44,0.1192706111950121,Highly Persuadable,"[0, 5, 10, 15, 20, 25, 30]","[None, None, None, None, None, None, None]","[0.0, 1.52, 3.04, 4.57, 6.09, 7.61, 9.13]"
3891,23.36,0.0782182319280838,Persuadable,"[0, 5, 10, 15, 20, 25, 30]","[None, None, None, None, None, None, None]","[0.0, 1.17, 2.34, 3.5, 4.67, 5.84, 7.01]"
3557,33.26,0.0913449432590914,Persuadable,"[0, 5, 10, 15, 20, 25, 30]","[None, None, None, None, None, None, None]","[0.0, 1.66, 3.33, 4.99, 6.65, 8.31, 9.98]"
3203,42.46,-0.0241093354852345,Not Persuadable,"[0, 5, 10, 15, 20, 25, 30]","[None, None, None, None, None, None, None]","[0.0, 2.12, 4.25, 6.37, 8.49, 10.62, 12.74]"
1529,22.61,-0.0042233236248699,Not Persuadable,"[0, 5, 10, 15, 20, 25, 30]","[None, None, None, None, None, None, None]","[0.0, 1.13, 2.26, 3.39, 4.52, 5.65, 6.78]"
1268,49.97,0.0101134899084503,Persuadable,"[0, 5, 10, 15, 20, 25, 30]","[None, None, None, None, None, None, None]","[0.0, 2.5, 5.0, 7.5, 9.99, 12.49, 14.99]"
1900,37.94,0.0193516314842567,Persuadable,"[0, 5, 10, 15, 20, 25, 30]","[None, None, None, None, None, None, None]","[0.0, 1.9, 3.79, 5.69, 7.59, 9.48, 11.38]"
4659,45.38,-0.0032947368146596,Not Persuadable,"[0, 5, 10, 15, 20, 25, 30]","[None, None, None, None, None, None, None]","[0.0, 2.27, 4.54, 6.81, 9.08, 11.35, 13.61]"
3006,22.94,-0.0389278126653563,Not Persuadable,"[0, 5, 10, 15, 20, 25, 30]","[None, None, None, None, None, None, None]","[0.0, 1.15, 2.29, 3.44, 4.59, 5.74, 6.88]"
2735,61.22,0.0534097018086195,Persuadable,"[0, 5, 10, 15, 20, 25, 30]","[None, None, None, None, None, None, None]","[0.0, 3.06, 6.12, 9.18, 12.24, 15.3, 18.37]"
190,32.91,0.0827536788812661,Persuadable,"[0, 5, 10, 15, 20, 25, 30]","[None, None, None, None, None, None, None]","[0.0, 1.65, 3.29, 4.94, 6.58, 8.23, 9.87]"
1807,59.57,-0.0081248038963058,Not Persuadable,"[0, 5, 10, 15, 20, 25, 30]","[None, None, None, None, None, None, None]","[0.0, 2.98, 5.96, 8.94, 11.91, 14.89, 17.87]"
976,44.68,0.0115713254184575,Persuadable,"[0, 5, 10, 15, 20, 25, 30]","[None, None, None, None, None, None, None]","[0.0, 2.23, 4.47, 6.7, 8.94, 11.17, 13.4]"
2748,42.18,0.0219304111178671,Persuadable,"[0, 5, 10, 15, 20, 25, 30]","[None, None, None, None, None, None, None]","[0.0, 2.11, 4.22, 6.33, 8.44, 10.54, 12.65]"
2048,46.53,0.0834742983289708,Persuadable,"[0, 5, 10, 15, 20, 25, 30]","[None, None, None, None, None, None, None]","[0.0, 2.33, 4.65, 6.98, 9.31, 11.63, 13.96]"
2559,55.08,-0.0999652377184834,Not Persuadable,"[0, 5, 10, 15, 20, 25, 30]","[None, None, None, None, None, None, None]","[0.0, 2.75, 5.51, 8.26, 11.02, 13.77, 16.52]"
1083,43.21,-0.0940034801931251,Not Persuadable,"[0, 5, 10, 15, 20, 25, 30]","[None, None, None, None, None, None, None]","[0.0, 2.16, 4.32, 6.48, 8.64, 10.8, 12.96]"
475,47.84,0.0410853119134027,Persuadable,"[0, 5, 10, 15, 20, 25, 30]","[None, None, None, None, None, None, None]","[0.0, 2.39, 4.78, 7.18, 9.57, 11.96, 14.35]"
2905,27.43,0.009911536603418,Persuadable,"[0, 5, 10, 15, 20, 25, 30]","[None, None, None, None, None, None, None]","[0.0, 1.37, 2.74, 4.11, 5.49, 6.86, 8.23]"
4844,33.14,0.0158314998529779,Persuadable,"[0, 5, 10, 15, 20, 25, 30]","[None, None, None, None, None, None, None]","[0.0, 1.66, 3.31, 4.97, 6.63, 8.29, 9.94]"
4118,20.02,0.0145272823780096,Persuadable,"[0, 5, 10, 15, 20, 25, 30]","[None, None, None, None, None, None, None]","[0.0, 1.0, 2.0, 3.0, 4.0, 5.0, 6.01]"
3386,40.7,0.0530488308277918,Persuadable,"[0, 5, 10, 15, 20, 25, 30]","[None, None, None, None, None, None, None]","[0.0, 2.04, 4.07, 6.11, 8.14, 10.18, 12.21]"
4556,59.35,0.1452392727563344,Highly Persuadable,"[0, 5, 10, 15, 20, 25, 30]","[None, None, None, None, None, None, None]","[0.0, 2.97, 5.94, 8.9, 11.87, 14.84, 17.8]"
1185,59.36,0.0704293909908567,Persuadable,"[0, 5, 10, 15, 20, 25, 30]","[None, None, None, None, None, None, None]","[0.0, 2.97, 5.94, 8.9, 11.87, 14.84, 17.81]"
2434,28.81,0.1082262373055504,Highly Persuadable,"[0, 5, 10, 15, 20, 25, 30]","[None, None, None, None, None, None, None]","[0.0, 1.44, 2.88, 4.32, 5.76, 7.2, 8.64]"
2392,29.99,0.0599538166742636,Persuadable,"[0, 5, 10, 15, 20, 25, 30]","[None, None, None, None, None, None, None]","[0.0, 1.5, 3.0, 4.5, 6.0, 7.5, 9.0]"
770,36.86,-0.0885144957634319,Not Persuadable,"[0, 5, 10, 15, 20, 25, 30]","[None, None, None, None, None, None, None]","[0.0, 1.84, 3.69, 5.53, 7.37, 9.21, 11.06]"
1686,21.57,0.0290983716284174,Persuadable,"[0, 5, 10, 15, 20, 25, 30]","[None, None, None, None, None, None, None]","[0.0, 1.08, 2.16, 3.24, 4.31, 5.39, 6.47]"
131,43.96,0.0281224118379387,Persuadable,"[0, 5, 10, 15, 20, 25, 30]","[None, None, None, None, None, None, None]","[0.0, 2.2, 4.4, 6.59, 8.79, 10.99, 13.19]"
2920,44.16,-0.0045970825589377,Not Persuadable,"[0, 5, 10, 15, 20, 25, 30]","[None, None, None, None, None, None, None]","[0.0, 2.21, 4.42, 6.62, 8.83, 11.04, 13.25]"
3172,20.38,0.1173971363449944,Highly Persuadable,"[0, 5, 10, 15, 20, 25, 30]","[None, None, None, None, None, None, None]","[0.0, 1.02, 2.04, 3.06, 4.08, 5.09, 6.11]"
3445,36.0,0.1075263775710017,Highly Persuadable,"[0, 5, 10, 15, 20, 25, 30]","[None, None, None, None, None, None, None]","[0.0, 1.8, 3.6, 5.4, 7.2, 9.0, 10.8]"
4427,25.12,0.0344382357689582,Persuadable,"[0, 5, 10, 15, 20, 25, 30]","[None, None, None, None, None, None, None]","[0.0, 1.26, 2.51, 3.77, 5.02, 6.28, 7.54]"
467,44.47,0.0556841605345336,Persuadable,"[0, 5, 10, 15, 20, 25, 30]","[None, None, None, None, None, None, None]","[0.0, 2.22, 4.45, 6.67, 8.89, 11.12, 13.34]"
3093,41.42,0.0186073988617614,Persuadable,"[0, 5, 10, 15, 20, 25, 30]","[None, None, None, None, None, None, None]","[0.0, 2.07, 4.14, 6.21, 8.28, 10.36, 12.43]"
3773,27.45,0.2235655067796492,Highly Persuadable,"[0, 5, 10, 15, 20, 25, 30]","[None, None, None, None, None, None, None]","[0.0, 1.37, 2.75, 4.12, 5.49, 6.86, 8.23]"
861,38.58,0.0788308233521882,Persuadable,"[0, 5, 10, 15, 20, 25, 30]","[None, None, None, None, None, None, None]","[0.0, 1.93, 3.86, 5.79, 7.72, 9.64, 11.57]"
