customer_id,age,income,previous_purchases,campaign_response,customer_tenure_days,avg_basket_size,channel_online,discount,purchase
1053,0.09176804817794125,-1.0697810651427089,-0.09726276778784416,0.06549836823593046,-0.97857537089132,-1.892723066417496,0.0,15,0
2991,0.6936949009193102,0.4573152608861493,1.7471639285682412,1.360137209078958,0.7301259392903768,0.656582770548107,0.0,0,0
1789,0.34973669935281365,-1.1736236153126713,1.1323550297828793,0.46683640889726924,-1.3237245133469744,-0.9473758731319787,1.0,0,1
765,0.34973669935281365,-0.15963165482950942,0.5175461309975176,0.10433753346122134,1.4374686262982612,0.05375267627908171,1.0,0,1
3248,-1.370054308479669,-1.7417034485954066,-1.3268805653585676,-1.306818803057679,-0.02834995400723419,0.6008014144225646,0.0,0,1
1102,0.607705350527686,-0.3612083698653187,2.3619728273536027,0.9717455568260498,0.3551490931657152,0.40312011727590336,1.0,20,0
1666,-0.682137905346676,-0.5994353967258206,-0.712071666573206,-0.21932217674953555,0.6363817277592114,-1.0207723943497984,1.0,20,0
280,0.2637471489611895,1.9233277338738533,-1.3268805653585676,-1.306818803057679,-0.44593780537333466,1.1772087610531745,0.0,0,1
3194,-1.1980752076964207,-1.1247565328797478,-1.3268805653585676,-0.5300354985518623,0.7855202461042473,-0.03530176946520582,1.0,0,1
4045,-1.0260961069131724,-0.4345089935147039,-1.3268805653585676,0.33737252481296637,0.022783252282492394,0.8425206242999174,1.0,10,0
2345,0.8656740017025585,0.9215525439989222,0.5175461309975176,0.4150508552635481,3.1291255343833826,1.805482982677711,0.0,0,0
3306,0.5217158001360619,0.719975828963113,0.5175461309975176,-1.125569365339655,0.5170709130831828,-0.31225130952711255,1.0,25,0
4619,2.8434336607099135,0.12746245446391594,-0.09726276778784416,0.738710565474305,-1.3237245133469744,-0.37096852650136847,0.0,0,0
1695,-1.2840647580880449,-1.112539762271517,-1.3268805653585676,-1.306818803057679,0.8494367539664055,0.204460199846338,1.0,0,1
1663,-0.08021105260530702,-1.8699795399818306,0.5175461309975176,-0.5688746637771531,0.5682041193729093,0.14770022343789097,0.0,0,1
2112,0.5217158001360619,1.1536711855553086,1.1323550297828793,-0.19342939993267516,-1.3237245133469744,1.915088454362989,0.0,30,0
4518,-0.16620060299693115,-0.0069220222266235905,0.5175461309975176,0.5056755741225601,-1.3237245133469744,0.656582770548107,1.0,15,0
890,-1.7140125100461656,-1.0819978357509399,-1.3268805653585676,-0.6724457710445954,0.22731607744139873,-0.44925814913370915,1.0,0,0
4461,0.4357262497444378,0.5733745816643425,0.5175461309975176,-1.0867302001143642,-0.6760372336771043,1.7399154237231254,0.0,0,1
3356,-1.8859916108294137,-1.8699795399818306,-0.712071666573206,-1.021998258072213,0.3466268921174274,-0.15077896284790943,0.0,0,1
2019,0.607705350527686,-0.4528341494270502,-0.09726276778784416,-1.021998258072213,1.7187012608917576,-0.34454577886295307,1.0,0,0
2727,-0.9401065565215483,-0.6849527909834366,-0.09726276778784416,0.11728392186965161,-0.06669985872452913,-0.9718413802045852,1.0,0,1
158,1.0376531024858067,0.9520944705194994,0.5175461309975176,0.2855869711792452,0.26992708268283755,0.7593379002530549,0.0,15,0
4013,0.6936949009193102,-0.013030407530739023,-0.09726276778784416,0.8681744495586079,1.1647581927530528,0.7749958247795228,0.0,15,0
3626,2.0695277071852964,1.7156426335339285,0.5175461309975176,-0.2970005072001173,-0.650470630532241,0.9217888672151621,1.0,15,1
2092,0.6936949009193102,-1.2163823124414792,1.7471639285682412,-0.5170891101434321,-0.30106038755244263,-1.5707569933419938,0.0,0,0
3968,-1.1120856573047966,-0.8376624235863225,-1.3268805653585676,-1.306818803057679,-1.016925275608615,-0.5549491396873694,0.0,0,0
4268,0.34973669935281365,0.1030289132474542,-0.09726276778784416,1.0494238872766315,-0.07522205977281689,0.2132677823924767,1.0,0,0
1095,-0.682137905346676,0.07248698672687703,-1.3268805653585676,-1.1385157537480854,0.436110003124449,-0.24668375057252684,0.0,0,1
3912,2.499475459143417,-0.19017358135008658,0.5175461309975176,1.243619713403086,2.3067331332236134,-1.8477065334038998,1.0,0,1
3258,1.7255695056187998,0.16411276628860852,2.3619728273536027,0.5833539045731415,0.5383764157039022,-1.453322559393482,1.0,0,0
4231,1.209632203269055,0.9826363970400765,-0.712071666573206,0.8034425075164564,0.3338435905449958,1.0509667445585247,0.0,0,0
706,-1.0260961069131724,-0.31844967273651065,-1.3268805653585676,-0.20637578834110526,-1.0254474766569026,-0.6655332316555512,1.0,0,0
600,-1.8000020604377898,-1.2163823124414792,-0.712071666573206,-0.25816134197482643,-1.046752979277622,0.9628909190971413,0.0,25,0
2570,0.5217158001360619,0.75051775548369,-0.712071666573206,-0.9054807623963403,-1.3237245133469744,0.8865585370306087,0.0,15,1
3989,1.209632203269055,-0.33066644334474155,1.1323550297828793,-0.10280468107366313,2.396216244230635,-0.02160108550454679,1.0,25,1
2835,0.5217158001360619,1.3369227446787717,-1.3268805653585676,1.2306733249946555,-0.1476607686832629,0.8444778648657255,0.0,0,0
2239,-0.9401065565215483,1.2025382679882322,-0.712071666573206,0.1431766986865122,-0.6717761331529604,1.0901115558746959,1.0,10,0
4563,0.34973669935281365,-0.013030407530739023,-1.3268805653585676,-0.9184271508047707,-0.11783306501425572,0.43541458661174387,1.0,0,1
1783,-1.8859916108294137,-1.8699795399818306,-0.712071666573206,-1.306818803057679,1.7868788692780597,-1.9171885734901026,0.0,0,0
2814,-0.5101588045634277,0.3840146372367641,1.1323550297828793,2.253438009260648,-0.11783306501425572,1.5118968978064324,1.0,5,1
2842,1.1236426528774308,-1.6439692837295596,-1.3268805653585676,-1.1773549189733763,0.7216037382420891,-0.3200802717903465,0.0,0,0
3955,0.005778497786317116,0.4512068755820339,1.1323550297828793,0.32442613640453605,0.9559642670700026,-1.123527524054746,1.0,25,1
228,1.983538156793672,0.719975828963113,-0.09726276778784416,-0.025126350623081387,0.22305497691725487,0.03320165033809212,0.0,20,0
4416,-0.8541170061299242,-1.3568751744361343,0.5175461309975176,-0.6336066058193045,-0.37349909646288865,-1.5325908023087276,1.0,10,0
3135,-0.5101588045634277,0.3229307841956098,0.5175461309975176,0.8552280611501776,0.49150430993831945,0.7201930889368845,1.0,15,1
4678,0.8656740017025585,1.0803705619059234,1.7471639285682412,0.27264058277081493,-0.9317032651257372,0.5802503884815751,1.0,15,1
3495,1.4676008544439274,0.3351475548038407,-0.09726276778784416,-1.306818803057679,0.19748837377239156,0.12225609608238035,0.0,0,0
4513,1.295621753660679,2.1126876783014317,2.3619728273536027,1.3342444322620977,0.9985752723114414,0.9022164615570772,0.0,15,0
241,-0.9401065565215483,0.29238885767503264,-0.09726276778784416,-0.10280468107366313,-1.3237245133469744,-0.00887902182679113,1.0,25,0
732,0.09176804817794125,0.06027021611864617,-0.712071666573206,-1.306818803057679,-0.02834995400723419,0.7260648106343096,0.0,0,1
30,0.4357262497444378,-1.5279099629513664,-0.712071666573206,-0.4911963333265715,0.6917760345730819,-0.3161657906587295,1.0,0,0
107,-0.9401065565215483,0.3351475548038407,-0.09726276778784416,0.44094363208040865,1.126408288035758,-1.8985947881149214,0.0,20,1
4802,0.607705350527686,-0.9415049737562848,1.1323550297828793,0.11728392186965161,0.2358382784896865,-1.6275169697504408,0.0,5,1
3881,-0.5101588045634277,-0.7277114881122446,-0.712071666573206,-1.1514621421565157,0.4062822994554418,1.0617315676704715,1.0,5,0
1845,-1.370054308479669,-0.9964804414933237,-1.3268805653585676,-1.306818803057679,-0.10931086396596795,0.05766715741069868,1.0,20,0
3472,-0.3381797037801794,-0.6544108644628595,-0.09726276778784416,-1.306818803057679,-1.2768524075813916,-1.1861592221606188,1.0,10,0
2374,1.6395799552271757,-0.0008136369225081579,-0.09726276778784416,-1.306818803057679,-0.8592645562152912,-0.2594058142502825,0.0,10,1
4858,-0.682137905346676,0.06027021611864617,-0.712071666573206,0.51862196253099,-1.2938968096779673,-0.4061988566859218,0.0,25,1
1169,-0.42416925417180357,-0.2879077462159335,-0.712071666573206,-0.07691190425680254,-1.2257192012916651,-0.29267890386902706,0.0,0,0
2158,-0.8541170061299242,-0.20849873726243287,-1.3268805653585676,0.05255197982750017,-0.2754937844075794,-0.7076139038204344,1.0,0,1
2816,-0.5101588045634277,-1.8699795399818306,-0.712071666573206,-0.24521495356639614,0.6576872303799308,-0.05193831427457845,0.0,0,0
799,1.0376531024858067,-0.20849873726243287,1.1323550297828793,-0.05101912743994197,-0.04113325557966584,0.012650624397102529,1.0,15,1
3987,-1.1120856573047966,-1.1675152300085558,-0.712071666573206,1.1788877713609345,0.6619483309040747,-1.0334944580275536,0.0,0,0
66,0.8656740017025585,0.7444093701795746,1.1323550297828793,2.1498669019932053,-0.44167670484919075,0.46673043566468025,0.0,5,1
2700,-0.8541170061299242,0.1580043809844931,-1.3268805653585676,-1.1126229769312248,-0.27975488493172324,-1.4611515216567164,0.0,25,0
1505,-0.25219015338855527,0.005294748381607275,0.5175461309975176,1.1529949945440738,1.1604970922289088,0.24360501116250838,0.0,0,1
180,0.2637471489611895,-0.4955928465558582,-1.3268805653585676,0.013712814602209302,0.8068257487249667,-0.44730090856790033,0.0,0,1
1422,-0.25219015338855527,0.4450984902779184,0.5175461309975176,-0.19342939993267516,-0.612120725814946,1.1605722162438026,1.0,0,0
625,0.5217158001360619,-0.20239035195831745,-0.712071666573206,1.1788877713609345,-1.3237245133469744,-0.6038801538325824,1.0,0,0
24,-0.16620060299693115,-1.057564294534478,-0.712071666573206,-1.306818803057679,-1.3237245133469744,-1.340781226859492,1.0,0,0
2060,-1.1120856573047966,-0.5444599289887817,-1.3268805653585676,2.8101327108231495,-1.0765806829466291,0.11344851353624165,0.0,0,0
682,0.6936949009193102,2.063820595868508,2.3619728273536027,0.013712814602209302,0.8835255581595566,1.1175129237960146,0.0,20,1
1631,-1.2840647580880449,-0.3428832139529724,-0.712071666573206,1.2824588786283768,-0.30532148807658654,-1.1783302598973844,1.0,0,0
1091,-0.5961483549550518,-0.11076457239658595,-0.09726276778784416,-0.5688746637771531,0.615076225138492,0.19663123758310408,0.0,0,0
502,0.9516635520941825,-1.5828854306884053,-1.3268805653585676,-1.306818803057679,-1.3237245133469744,-0.7731814627750199,0.0,0,0
4444,-1.0260961069131724,-1.6989447514665985,-1.3268805653585676,-1.306818803057679,0.009999950710060749,-1.098083396699235,1.0,0,0
229,-0.8541170061299242,-0.10465618709247052,-1.3268805653585676,-1.306818803057679,0.7642147434835279,-0.17426584963761124,1.0,0,0
4138,0.17775759856956538,-0.02524717813896989,-0.712071666573206,0.4279972436719784,-0.3138436891248743,0.6135234781003196,0.0,0,1
4639,-0.5101588045634277,-1.2896829360908646,-1.3268805653585676,1.1400486061356436,-0.867786757263579,-1.0168579132181814,0.0,0,0
3788,0.09176804817794125,1.5751497715392735,-0.712071666573206,-1.306818803057679,-1.3237245133469744,1.2476694214222819,0.0,25,1
2221,0.09176804817794125,0.6283500494013814,-0.712071666573206,0.1302303102780819,-1.080841783470773,-0.00887902182679113,0.0,20,0
3711,0.5217158001360619,-0.9903720561892083,-0.712071666573206,-1.306818803057679,1.2414580021876427,0.41290632010494616,1.0,0,0
1413,-1.6280229596545415,-1.7417034485954066,-0.712071666573206,1.8003144149655876,-1.3237245133469744,-2.2039243163810514,1.0,10,1
2684,-0.682137905346676,-1.8699795399818306,-1.3268805653585676,-0.607713829002444,0.7088204366696574,-1.3319736443133536,0.0,25,1
85,-1.1980752076964207,0.04194506020629987,0.5175461309975176,0.1561230870949425,-0.7527370431116942,-0.5999656727009655,0.0,15,1
4455,0.607705350527686,1.483523991977542,0.5175461309975176,0.4150508552635481,1.2542413037600744,1.6146520275113803,0.0,0,0
4587,0.5217158001360619,1.226971809204694,-1.3268805653585676,-0.89253437398791,0.3125380879242764,0.7808675464769486,0.0,25,0
4309,0.34973669935281365,-0.013030407530739023,1.1323550297828793,-0.3099468956085476,2.289688731127038,0.13399953947723126,0.0,5,1
2379,0.09176804817794125,-1.2041655418332484,-0.712071666573206,0.20790864072866364,0.044088754903211805,-0.14197138030177076,1.0,0,0
2697,0.5217158001360619,-0.31234128743239525,2.3619728273536027,0.6610322350237232,1.9061896839540884,0.33950979888712646,1.0,0,0
1210,0.34973669935281365,-0.41007545229824216,-0.09726276778784416,0.8422816727417473,0.24009937901383038,-0.06368175766943004,1.0,0,0
2766,-0.682137905346676,-0.39175029638589587,-1.3268805653585676,0.6351394582068627,-1.3237245133469744,-0.5432056962925185,0.0,0,0
334,-1.0260961069131724,1.0192867088647692,-1.3268805653585676,0.23380141754552405,-1.1490193918570752,-0.33671681659971914,1.0,0,1
2093,0.17775759856956538,0.8360351497413061,-1.3268805653585676,-0.9961054812553524,-0.7484759425875502,0.23871190974798734,0.0,20,1
200,-0.16620060299693115,-0.30012451682416436,-0.09726276778784416,1.1400486061356436,0.4488933046968806,-0.792753868433105,1.0,0,0
2883,0.7796844513109343,0.42677333436557213,-0.712071666573206,-0.45235716810128057,0.1165274638136578,0.8992806007083644,0.0,0,1
1433,-0.8541170061299242,-0.6238689379422823,-0.09726276778784416,0.1302303102780819,1.599390446215729,-1.2683633259245768,0.0,0,0
808,-1.2840647580880449,-0.788795341153399,-1.3268805653585676,-1.073783811705934,-0.505593212711349,-0.2995292458493569,0.0,0,1
4195,1.295621753660679,-1.0819978357509399,1.1323550297828793,1.0105847220513406,1.411902023153398,-0.2868071821716012,1.0,15,1
3436,0.5217158001360619,1.0253950941688845,2.3619728273536027,1.90388552223303,0.21027167534482322,0.06941060080554957,1.0,0,1
3574,-0.08021105260530702,-0.9842636708850928,1.1323550297828793,-0.34878606083383845,2.570921365720534,0.1907595158856783,1.0,0,1
1030,1.1236426528774308,-1.4729344952143275,-0.712071666573206,1.114155829318783,0.22305497691725487,0.23186156776765748,0.0,0,1
3493,-0.25219015338855527,0.28017208706680174,0.5175461309975176,0.1431766986865122,-1.3237245133469744,1.132192228039579,1.0,10,0
1520,-1.8859916108294137,-0.7521450293287064,-0.712071666573206,-0.19342939993267516,0.8110868492491106,-1.0100075712378516,1.0,0,0
4849,-0.7681274557383001,-1.3324416332196725,-1.3268805653585676,-0.6336066058193045,-1.3237245133469744,-1.3026150358262258,1.0,20,1
1955,0.2637471489611895,-0.07411426057189335,-0.712071666573206,0.3114797479961058,-0.3095825886007304,0.6242883012122664,1.0,0,1
2405,-0.8541170061299242,2.1310128342137777,2.3619728273536027,-0.038072739031511676,1.122147187511614,1.4189279709305278,0.0,15,1
4310,-1.8859916108294137,-1.8699795399818306,-1.3268805653585676,-0.9054807623963403,0.32958249002085194,-1.9367609791481877,0.0,0,0
4131,1.0376531024858067,0.5855913522725734,0.5175461309975176,-0.05101912743994197,-1.3237245133469744,0.524469032356032,0.0,0,0
2122,0.09176804817794125,0.18243792220095484,0.5175461309975176,1.7873680265571574,-0.1945328744488456,-1.0697034084950114,0.0,0,0
80,-0.3381797037801794,-0.8132288823698607,-0.09726276778784416,-0.15459023470738428,2.370649641085772,-1.1039551183966605,1.0,15,0
4293,-0.8541170061299242,-1.8699795399818306,-0.712071666573206,-0.5429818869602926,0.977269769690722,-0.8622359085193078,0.0,0,0
3292,0.2637471489611895,1.5507162303228117,-0.09726276778784416,-0.6336066058193045,-0.1945328744488456,1.0382446808807697,0.0,30,0
3045,0.17775759856956538,-0.4039670669941267,-0.712071666573206,1.43781553952954,-0.5396820169045,-0.23200444632896303,1.0,10,1
4733,2.3274963583601687,0.023619904293953574,-1.3268805653585676,-0.11575106948209342,-0.5865541226700828,-0.28191408075708024,0.0,10,0
3167,-0.9401065565215483,-0.5139180024682045,-0.712071666573206,0.27264058277081493,-0.2967992870282988,-0.6068160146812953,0.0,0,0
4542,0.2637471489611895,-0.45894253473116564,2.3619728273536027,1.6061185888391336,-0.20305507549713336,-0.9806489627507236,1.0,15,1
2074,-0.25219015338855527,-0.09854780178835508,-0.09726276778784416,-0.06396551584837226,-1.0382307782293343,-0.6997849415572002,1.0,30,1
734,-0.16620060299693115,-0.06189748996366248,-1.3268805653585676,1.1012094409103528,0.4829821088900317,-0.296593385000644,0.0,30,0
3952,2.499475459143417,2.1004709076932007,2.3619728273536027,3.017274925358034,0.8196090502973984,-0.09597622700527053,0.0,25,0
3434,0.09176804817794125,-0.12908972830893226,-0.712071666573206,0.2596941943623846,0.7216037382420891,-0.5539705194044653,0.0,15,1
2219,-0.682137905346676,-0.4345089935147039,-1.3268805653585676,-0.10280468107366313,-1.2257192012916651,-0.736972512307562,0.0,0,0
1742,1.5535904048355516,2.106579292997316,0.5175461309975176,0.1561230870949425,1.7954010703263474,0.9452757540048646,0.0,15,1
297,0.34973669935281365,-0.5200263877723199,-0.712071666573206,-1.0608374232975037,-1.3237245133469744,-1.0393661797249794,0.0,10,1
3560,-0.8541170061299242,-0.8926378913233614,-0.09726276778784416,-0.47824994491814116,0.794042447152535,0.21033192154376382,0.0,15,0
712,0.6936949009193102,-1.8699795399818306,-0.09726276778784416,-1.0996765885227946,2.3067331332236134,-0.8260269580518499,0.0,15,1
897,-0.682137905346676,0.17022115159272397,0.5175461309975176,1.114155829318783,-0.8720478577877229,-0.40032713498849604,0.0,30,1
3950,0.005778497786317116,1.0437202500812308,0.5175461309975176,-0.45235716810128057,0.3934989978830101,0.27394223993254074,1.0,0,0
374,0.8656740017025585,-0.15963165482950942,1.1323550297828793,0.36326530162982695,1.0752750817460313,0.5127255889611805,0.0,0,1
1558,0.7796844513109343,0.1580043809844931,-0.09726276778784416,0.10433753346122134,0.7088204366696574,0.24360501116250838,1.0,0,0
4149,-0.08021105260530702,0.017511518989838142,0.5175461309975176,-1.021998258072213,-1.3237245133469744,0.23577604889927445,0.0,10,0
1500,-1.1980752076964207,1.4285485242405032,0.5175461309975176,-0.07691190425680254,0.44037110364859283,1.524618961484188,0.0,0,1
4618,-1.0260961069131724,-0.31844967273651065,-0.09726276778784416,-0.3099468956085476,-0.2541882817868599,-1.7997541395415912,0.0,30,1
472,-0.42416925417180357,-0.6666276350710904,-0.09726276778784416,0.5833539045731415,1.0795361822701752,-1.9396968399969006,0.0,0,0
1035,-0.5101588045634277,-0.5444599289887817,0.5175461309975176,-0.10280468107366313,0.218793876393111,-0.03823763031391872,1.0,20,0
1515,-1.7140125100461656,-1.8699795399818306,-1.3268805653585676,-0.5559282753687228,-1.3237245133469744,-1.8261768871800061,0.0,10,0
4237,0.17775759856956538,0.8177099938289598,-0.09726276778784416,0.2855869711792452,-1.2598080054848162,0.8200123577931189,0.0,10,0
1733,-0.25219015338855527,-0.44672576412293474,0.5175461309975176,0.5315683509394203,1.1860636953737722,0.35418910313069024,1.0,20,0
1271,1.5535904048355516,1.0986957178182697,1.1323550297828793,0.5445147393478507,-0.8209146514979963,1.4443720982860384,0.0,10,1
3935,0.4357262497444378,1.678992321709236,3.5915906249243266,1.360137209078958,0.8494367539664055,2.6510109071069943,0.0,25,1
4437,-0.42416925417180357,-1.045347523926247,1.7471639285682412,0.8940672263754684,-0.11783306501425572,0.16237952768145478,0.0,0,1
4419,0.34973669935281365,0.8116016085248444,-0.09726276778784416,-1.2420868610155276,-1.2555469049606722,-0.03823763031391872,1.0,0,1
2586,1.0376531024858067,0.07859537203099247,-0.712071666573206,0.05255197982750017,-0.5183765142837806,0.35712496397940313,1.0,0,0
3636,-1.2840647580880449,-0.44672576412293474,-1.3268805653585676,-0.25816134197482643,2.6774488788241313,0.5753572870670534,1.0,0,0
656,0.34973669935281365,-0.0008136369225081579,-1.3268805653585676,0.47978279730569956,0.725864838766233,-0.6038801538325824,1.0,25,0
1293,-0.42416925417180357,-0.12908972830893226,-1.3268805653585676,0.8034425075164564,-0.8592645562152912,-0.00887902182679113,0.0,25,1
4752,0.2637471489611895,1.5079575331940038,-0.712071666573206,-0.7242313246783165,0.6960371350972258,1.7428512845718382,1.0,25,1
427,0.8656740017025585,-0.21460712256654832,0.5175461309975176,1.0105847220513406,-1.3237245133469744,0.9638695393800454,1.0,20,0
2421,-1.8859916108294137,-0.7582534146328218,-0.712071666573206,0.8163888959248867,0.725864838766233,0.11246989325333759,1.0,25,1
2136,-0.3381797037801794,2.1126876783014317,-0.712071666573206,-0.4911963333265715,-1.3237245133469744,1.3054080181136332,0.0,0,0
1075,-0.9401065565215483,-0.41007545229824216,-0.712071666573206,0.7646033422911656,-0.8550034556911473,0.40409873755880743,1.0,0,0
4840,0.4357262497444378,0.7138674436589975,1.7471639285682412,0.16906947550337278,1.339463314242952,1.0715177704995142,0.0,0,0
1323,0.005778497786317116,0.07859537203099247,-0.712071666573206,-0.10280468107366313,0.5128098125590388,0.3943125347297647,0.0,0,1
415,-0.25219015338855527,1.1048041031223852,1.1323550297828793,-1.306818803057679,1.0795361822701752,1.3377024874494736,1.0,25,1
2485,-0.08021105260530702,-0.4161838376023576,-0.712071666573206,-0.4911963333265715,-1.3237245133469744,0.40409873755880743,1.0,20,1
2147,-0.9401065565215483,0.9887447823441919,-0.09726276778784416,0.5315683509394203,-0.2541882817868599,1.0529239851243335,0.0,0,1
590,1.6395799552271757,-0.11076457239658595,1.1323550297828793,0.4927291857141298,-0.1902717739247017,-0.3817333496133153,1.0,0,1
169,-0.16620060299693115,0.8299267644371907,0.5175461309975176,0.44094363208040865,-1.3237245133469744,0.9149385252348322,1.0,0,1
3519,0.005778497786317116,0.07248698672687703,2.9767817261389644,2.175759678810066,1.3011134095256571,0.7857606478914696,0.0,30,1
2241,1.295621753660679,1.6362336245804279,1.7471639285682412,2.8101327108231495,-0.011305551910658662,0.9061309426886942,0.0,15,1
997,0.7796844513109343,0.5794829669684579,-0.712071666573206,-1.2550332494239578,-1.3237245133469744,0.8151192563785978,1.0,20,1
3670,0.17775759856956538,0.1030289132474542,0.5175461309975176,1.670850530881285,0.19748837377239156,1.760466449664115,0.0,15,1
1865,0.2637471489611895,-0.14741488422127855,-0.712071666573206,0.9846919452344801,-1.3237245133469744,0.6066731361199897,1.0,0,0
9,0.005778497786317116,-0.7582534146328218,-0.09726276778784416,-0.08985829266523283,-0.37349909646288865,-1.6402390334281962,1.0,20,1
3186,-1.370054308479669,-1.8088956869406763,-1.3268805653585676,-1.306818803057679,0.5596819183246216,-2.108998148939338,1.0,0,1
498,-0.3381797037801794,0.35347271071618697,1.7471639285682412,0.06549836823593046,2.3067331332236134,-0.7085925241033385,1.0,0,1
4335,0.607705350527686,1.0803705619059234,-0.09726276778784416,-0.6724457710445954,-0.5567264190010756,1.9982711784098506,0.0,30,1
145,-0.8541170061299242,-1.8699795399818306,-0.09726276778784416,0.36326530162982695,-1.0723195824224854,-2.5846076064308097,1.0,0,0
658,0.17775759856956538,-0.2329322784788946,-0.09726276778784416,0.9070136147838987,0.38923789735886627,0.9638695393800454,0.0,0,1
2026,-1.5420334092629173,0.5855913522725734,-0.09726276778784416,1.5543330352054125,1.1604970922289088,-0.036280389748110584,1.0,15,0
298,-0.3381797037801794,-0.22071550787066374,-0.09726276778784416,-0.5170891101434321,-0.5950763237183705,-0.46295883309436886,0.0,0,1
3781,0.4357262497444378,0.1396792250721468,0.5175461309975176,-0.5688746637771531,-1.3194634128228304,-0.4766595170550286,0.0,20,0
1254,0.34973669935281365,-0.36731675516943413,-0.712071666573206,-1.306818803057679,-0.7996091488772769,-1.3691612150637156,0.0,0,0
152,-1.0260961069131724,-0.5994353967258206,-0.09726276778784416,1.8909391338245998,-0.27123268388343547,-0.2887644227374101,1.0,0,0
1744,-1.370054308479669,0.6588919759219586,-1.3268805653585676,-0.2711077303832567,-1.3237245133469744,-0.00887902182679113,1.0,30,0
2628,1.5535904048355516,-0.788795341153399,-0.712071666573206,-0.6853921594530257,-0.6675150326288165,0.8699219922212368,1.0,15,1
1198,-0.9401065565215483,0.023619904293953574,-1.3268805653585676,-0.24521495356639614,0.17192177062752828,-0.9483544934148828,1.0,20,0
3228,-0.08021105260530702,-1.2957913213949799,0.5175461309975176,-0.9702127044384918,2.8564151008381744,-2.3438670168363607,1.0,25,0
3162,0.607705350527686,1.7400761747503901,-0.712071666573206,-0.2970005072001173,-0.1263552660625435,1.6626044213736886,1.0,15,1
4835,-1.6280229596545415,-1.2224906977455947,-1.3268805653585676,0.4279972436719784,0.18044397167581602,-0.9796703424678191,0.0,30,0
3409,0.5217158001360619,1.1658879561635396,-0.712071666573206,0.7775497306995959,-0.9998808735120394,1.91998155577751,1.0,10,1
1393,-0.5961483549550518,0.04194506020629987,-0.09726276778784416,-1.306818803057679,-0.42037120222847135,-0.3054009675467827,1.0,0,1
3941,0.09176804817794125,-1.8699795399818306,-0.712071666573206,-1.306818803057679,-0.27123268388343547,-0.7046780429717215,1.0,0,0
1414,1.295621753660679,0.34125594010795607,-1.3268805653585676,-0.659499382636165,-0.11783306501425572,2.249776591116246,1.0,20,1
1540,1.5535904048355516,0.4634236461902647,-0.712071666573206,-0.8148560435373283,-1.2725913070572479,0.45596561255273343,0.0,0,0
2588,1.4676008544439274,-0.1779568107418557,3.5915906249243266,1.5931722004307034,2.8138040955967356,-1.1528861325418736,1.0,15,1
1706,1.983538156793672,0.9704196264318456,-0.712071666573206,-1.306818803057679,-1.3237245133469744,0.9374467917416307,1.0,0,1
3833,-0.16620060299693115,-1.1675152300085558,-0.712071666573206,-1.034944646480643,0.07817755909636287,-0.8857227953090102,1.0,20,1
2999,0.8656740017025585,0.805493223220729,-0.09726276778784416,-1.306818803057679,1.2414580021876427,0.4863028413227658,0.0,0,0
4530,1.4676008544439274,-0.5322431583805508,0.5175461309975176,0.1431766986865122,-0.7186482389185431,-0.8788724533286804,0.0,20,1
4260,-0.3381797037801794,-0.8437708088904379,-0.712071666573206,-0.18048301152424487,-1.3237245133469744,-0.7262076891956152,1.0,0,0
3610,0.005778497786317116,-0.886529506019246,-0.09726276778784416,-0.8536952087626192,0.15487736853095274,0.016565105528719495,0.0,0,1
1445,-0.16620060299693115,-0.06800587526777792,0.5175461309975176,1.2695124902199466,-0.39906569960775196,1.3024721572649203,1.0,0,1
101,-0.42416925417180357,-1.0331307533180163,-0.09726276778784416,0.33737252481296637,-1.3237245133469744,-0.6195380783590506,0.0,0,0
2820,0.8656740017025585,1.6912090923174667,2.3619728273536027,1.852099968599309,1.5439961394018584,1.5520203294055075,1.0,15,0
1205,-0.682137905346676,-0.41007545229824216,-0.09726276778784416,-1.073783811705934,-0.7442148420634064,-0.2858285618886972,0.0,30,1
1324,-1.6280229596545415,-1.283574550786749,0.5175461309975176,1.360137209078958,-1.3237245133469744,-1.1685440570683416,0.0,0,0
1026,-0.3381797037801794,0.2740637017626863,-0.09726276778784416,-1.306818803057679,0.5085487120348949,1.2633273459487497,1.0,0,0
4059,0.607705350527686,0.1763295368968394,-0.09726276778784416,1.0494238872766315,-1.3237245133469744,-0.2652775359477076,0.0,0,0
1616,0.5217158001360619,0.7749512967001518,-0.712071666573206,1.3212980438536677,-0.3649768954146009,0.43932906774336083,0.0,0,1
2388,0.6936949009193102,0.5122907286231883,0.5175461309975176,1.1400486061356436,-0.4715044085181979,1.744808525137647,0.0,10,1
1753,-0.682137905346676,-1.0881062210550552,-0.09726276778784416,0.7646033422911656,0.218793876393111,-1.3623108730833857,0.0,0,1
4999,0.09176804817794125,1.062045405993577,-0.09726276778784416,0.6998714002490141,0.5511597172763338,0.26415603710349794,1.0,15,1
1232,-1.1120856573047966,0.22519661932976287,1.1323550297828793,-0.2970005072001173,-0.6888205352495359,-0.042152111445535684,1.0,0,0
4422,0.7796844513109343,0.07248698672687703,-0.712071666573206,0.7128177886574444,-1.3237245133469744,-0.03334452889939769,0.0,25,1
3012,-0.3381797037801794,-1.735595063291291,-0.712071666573206,-0.6465529942277348,0.11226636328951392,-1.0677461679292028,0.0,0,0
2506,0.9516635520941825,-0.20849873726243287,-0.712071666573206,-0.3099468956085476,-0.7740425457324136,-1.209646108950321,0.0,10,0
4382,0.34973669935281365,0.6527835906178432,-0.09726276778784416,-1.0867302001143642,-0.08800536134524854,0.471623537079202,0.0,0,0
1211,0.9516635520941825,-0.11687295770070139,1.7471639285682412,0.6221930697984324,2.7413653866862893,-1.1656081962196292,1.0,10,1
3945,1.295621753660679,-0.1718484254377403,0.5175461309975176,0.609246681390002,-1.3237245133469744,1.3093224992452501,0.0,15,0
1913,0.607705350527686,0.9154441586948068,-0.09726276778784416,0.11728392186965161,-0.8464812546428596,0.38648357246653076,1.0,0,1
3527,0.4357262497444378,0.15189599568037768,0.5175461309975176,0.1431766986865122,1.5397350388777145,0.5831862493302873,0.0,0,0
2528,-0.3381797037801794,0.20076307811330113,-0.712071666573206,-0.9054807623963403,-1.3237245133469744,1.5833361784584439,0.0,0,0
2606,-0.9401065565215483,0.20076307811330113,-0.712071666573206,-1.306818803057679,-0.032611054531378074,1.185037723316409,0.0,0,1
3984,-1.370054308479669,-0.5078096171640891,-0.712071666573206,0.7257641770658747,0.03982765437906793,-0.0030073001293653336,1.0,0,1
473,-0.25219015338855527,0.29238885767503264,-1.3268805653585676,-0.4653035565097109,1.122147187511614,0.9364681714587266,0.0,0,1
2844,0.7796844513109343,-0.31844967273651065,-1.3268805653585676,-1.306818803057679,-1.3237245133469744,0.14672160315498692,0.0,30,0
4215,-0.08021105260530702,-1.3507667891320188,1.1323550297828793,0.11728392186965161,0.794042447152535,-1.6333886914478664,0.0,0,0
4081,1.1236426528774308,-0.13519811361304768,1.1323550297828793,0.9846919452344801,1.198846996946204,-1.393626722136322,0.0,20,0
3596,2.585465009535041,1.1109124884265007,1.7471639285682412,0.7516569538827352,-1.3237245133469744,1.0940260370063128,0.0,0,0
1256,-0.682137905346676,0.4939655727108419,0.5175461309975176,-0.9184271508047707,1.5397350388777145,-0.38271196989621936,1.0,0,1
4773,-0.3381797037801794,-0.6177605526381669,-1.3268805653585676,1.2824588786283768,0.10800526276537004,-0.23689754774348407,0.0,0,1
1748,0.34973669935281365,0.7627345260919209,1.1323550297828793,-0.5688746637771531,3.2058253438179727,1.850499515691307,1.0,0,1
3917,-0.3381797037801794,0.34125594010795607,-1.3268805653585676,0.5445147393478507,-1.191630397098514,0.03907337203551792,0.0,0,0
4979,1.209632203269055,0.5672661963602271,-0.09726276778784416,-0.5947674405940137,0.9474420660217149,1.42186383177924,0.0,15,0
3297,0.4357262497444378,0.13357083976803136,1.1323550297828793,-0.89253437398791,0.7727369445318156,0.14965746400369911,0.0,0,1
3265,-0.5101588045634277,-0.23904066378301003,0.5175461309975176,0.03960559141906988,-0.3692379959387448,0.24751949229412534,1.0,10,1
249,3.015412761493162,1.7828348718791982,0.5175461309975176,-0.4135180028759897,-0.6547317310563848,1.479602428470592,0.0,25,0
34,-0.8541170061299242,-0.4894844612517428,0.5175461309975176,-0.37467883765069904,0.2784492837311253,0.700620683278799,1.0,20,0
2797,0.607705350527686,-0.013030407530739023,0.5175461309975176,-0.6336066058193045,-1.1404971908087875,-0.8583214273876908,1.0,0,0
3684,-0.42416925417180357,-0.25125743439124093,-1.3268805653585676,-0.8019096551288981,-1.3237245133469744,-0.567671203365125,0.0,5,1
506,-0.5961483549550518,-1.1797320006167866,-0.712071666573206,-0.6724457710445954,-1.3237245133469744,-1.061874446231777,1.0,0,0
3081,-0.5101588045634277,-0.9415049737562848,-0.712071666573206,-1.306818803057679,-1.0254474766569026,-2.2792780781646798,1.0,15,1
894,0.005778497786317116,1.0742621766018081,-0.712071666573206,0.6610322350237232,1.5780849435950093,2.3358951760118214,0.0,20,1
627,-0.42416925417180357,0.1396792250721468,-0.712071666573206,0.557461127756281,-1.080841783470773,0.8894943978793216,0.0,0,1
3190,-1.370054308479669,-0.5139180024682045,0.5175461309975176,-1.306818803057679,-0.4757655090423418,-1.817369304633868,1.0,5,0
1673,0.17775759856956538,-1.01480559740567,-0.09726276778784416,-1.1514621421565157,-1.3237245133469744,-0.9904351655797663,0.0,0,0
2518,1.4676008544439274,0.5550494257519962,-0.09726276778784416,0.3114797479961058,-0.37349909646288865,0.7133427469565546,1.0,0,1
2723,-1.8000020604377898,-0.41007545229824216,-0.712071666573206,0.6869250118405839,-0.143399668159119,-0.9747772410532981,1.0,0,0
3040,-0.08021105260530702,1.4468736801528495,1.1323550297828793,0.609246681390002,3.0268591218039296,0.7260648106343096,1.0,15,0
1872,-0.5961483549550518,0.75051775548369,-1.3268805653585676,0.05255197982750017,-1.2299803018158089,0.08898300646363509,1.0,0,0
2852,1.4676008544439274,1.8561354955285834,-0.09726276778784416,0.9199600031923287,-1.2257192012916651,0.6546255299822988,1.0,20,0
970,0.005778497786317116,1.385789827111695,-0.09726276778784416,-1.306818803057679,-0.22862167864199665,1.638138914301082,0.0,0,1
417,1.1236426528774308,1.1048041031223852,0.5175461309975176,-0.23226856515796585,0.32958249002085194,-0.2564699534015696,0.0,0,1
1361,-0.42416925417180357,0.7566261407878055,-1.3268805653585676,-1.306818803057679,-0.2967992870282988,0.8415420040170125,1.0,0,0
231,-1.5420334092629173,0.011403133685722707,-0.09726276778784416,-0.37467883765069904,-0.7314315404909747,0.4833669804740529,0.0,20,1
4871,-1.1980752076964207,-1.3324416332196725,-0.09726276778784416,-1.2679796378323882,-1.3237245133469744,-1.5247618400454932,1.0,0,0
3660,0.005778497786317116,0.6161332787931506,0.5175461309975176,1.2177269365862253,0.8494367539664055,0.24360501116250838,0.0,25,1
545,-0.25219015338855527,-0.20239035195831745,-0.712071666573206,-1.2420868610155276,-1.3237245133469744,-0.4932960618644012,1.0,25,0
1245,1.1236426528774308,1.9660864310026611,4.206399523709688,2.2404916208522176,0.9090921613044199,1.2848569921726436,1.0,15,0
3318,-0.682137905346676,-1.8699795399818306,-1.3268805653585676,-0.89253437398791,-0.8848311593601546,-1.8985947881149214,0.0,5,0
995,-0.08021105260530702,-0.9415049737562848,-0.09726276778784416,-0.21932217674953555,0.9985752723114414,-1.7371224414357183,0.0,20,1
1621,0.607705350527686,0.1580043809844931,-0.09726276778784416,0.35031891322139663,0.6278595267109237,1.3915266030092084,1.0,15,0
1757,1.811559056010424,0.46953203149438016,2.9767817261389644,1.8132608033740178,1.6121737477881604,1.31617284122558,0.0,0,1
4821,-0.5101588045634277,-0.6727360203752057,-0.712071666573206,1.2695124902199466,-1.3237245133469744,-1.750823125396378,1.0,0,0
1341,-0.8541170061299242,-0.6666276350710904,-1.3268805653585676,-1.306818803057679,-0.6291651279115216,-0.6919559792939662,0.0,20,0
1819,0.5217158001360619,0.3656894813244178,1.1323550297828793,0.11728392186965161,0.6363817277592114,1.5755072161952093,0.0,0,1
813,0.2637471489611895,0.6405668200096123,-0.712071666573206,-1.306818803057679,-1.3237245133469744,0.5822076290473832,1.0,20,0
3510,-1.0260961069131724,-0.8193372676739762,-0.09726276778784416,0.453890020488839,1.1051027854150384,0.14574298287208215,1.0,0,0
3910,-1.5420334092629173,-1.8699795399818306,-0.09726276778784416,1.774421638148727,-1.3237245133469744,-2.235240165433988,0.0,20,0
3009,-0.25219015338855527,-0.31234128743239525,-0.09726276778784416,-0.5170891101434321,1.4758185310155563,-0.14392862086757957,0.0,0,1
3969,-0.5961483549550518,0.017511518989838142,-1.3268805653585676,-0.42646439128442,0.06113315699978734,0.16825124937888056,1.0,20,1
4994,-0.682137905346676,0.28017208706680174,-0.09726276778784416,1.1271022177272134,0.5128098125590388,0.7583592799701508,1.0,5,1
3621,0.34973669935281365,1.1109124884265007,1.1323550297828793,1.023531110459771,-0.09652756239353631,2.306536567524694,1.0,10,1
1085,0.09176804817794125,-0.9537217443645157,1.1323550297828793,2.266384397669078,-0.2541882817868599,-0.06759623880104701,1.0,20,1
1104,0.5217158001360619,1.837810339616237,-0.09726276778784416,1.023531110459771,0.018522151758348513,0.2338188083334663,0.0,5,1
932,0.4357262497444378,-0.4345089935147039,-1.3268805653585676,-1.306818803057679,-0.5268987153320684,-0.1429500005846748,1.0,15,0
3059,-0.682137905346676,1.0376118647771155,-0.09726276778784416,0.9717455568260498,0.005738850185916867,0.2798139616299665,0.0,25,1
3879,-1.370054308479669,-1.1247565328797478,0.5175461309975176,-1.306818803057679,-0.024088853483090308,-0.5852863684574017,1.0,0,0
1145,0.005778497786317116,0.8604686909577679,-0.09726276778784416,-0.89253437398791,-1.085102883994917,2.110812510943841,0.0,0,0
423,-0.5961483549550518,-0.47726769064351193,0.5175461309975176,-0.4135180028759897,-0.44593780537333466,-1.4640873825054292,0.0,20,0
1437,-0.42416925417180357,-0.013030407530739023,-0.712071666573206,-0.15459023470738428,0.1847050721999599,0.7701027233650017,1.0,0,0
725,-0.9401065565215483,-0.3428832139529724,-0.712071666573206,-0.6206602174108743,-0.6760372336771043,0.11932023523366746,0.0,0,0
1418,1.0376531024858067,0.37179786662853326,-0.712071666573206,-1.306818803057679,-1.3237245133469744,-0.28289270103998426,1.0,20,1
3738,1.6395799552271757,2.1615547607343553,0.5175461309975176,0.5963002929815718,-0.5695097205735072,0.9061309426886942,1.0,0,0
3567,0.7796844513109343,0.48785718740672646,1.1323550297828793,0.8811208379670382,1.3309411131946642,0.11736299466785861,1.0,15,1
927,-0.16620060299693115,-0.19017358135008658,0.5175461309975176,0.51862196253099,-1.085102883994917,-1.7615879485083248,0.0,5,1
2291,0.4357262497444378,1.8255935690080063,1.1323550297828793,1.528440258388552,-0.48854881061477345,1.250605282270994,0.0,0,0
150,0.17775759856956538,-1.1247565328797478,-1.3268805653585676,-1.306818803057679,-0.9828364714154638,0.924724728063875,1.0,0,1
4090,0.7796844513109343,-1.0697810651427089,1.1323550297828793,0.013712814602209302,-1.2214581007675211,-0.23983340859219698,0.0,0,1
3102,-0.5101588045634277,-0.4161838376023576,-0.712071666573206,0.9329063916007589,-1.3237245133469744,-0.9845634438823405,1.0,25,0
4093,-0.7681274557383001,0.5855913522725734,1.1323550297828793,-0.9961054812553524,1.0454473780770241,0.006778902699677428,0.0,0,1
13,0.09176804817794125,-1.2652493948744028,-0.712071666573206,0.47978279730569956,-0.24566608073857218,0.25045535314283823,0.0,10,0
469,1.1236426528774308,0.8849022321742296,-0.712071666573206,0.3762116900382572,0.7769980450559595,0.06941060080554957,1.0,20,1
3264,1.6395799552271757,0.9154441586948068,1.7471639285682412,0.2985333595876755,0.30401588687598863,0.17705883192501856,1.0,0,1
3874,-1.2840647580880449,-0.15352326952539397,-0.712071666573206,-1.306818803057679,1.0752750817460313,-1.4141777480773117,1.0,0,1
1894,-1.8859916108294137,-0.09243941648423964,-0.712071666573206,0.3114797479961058,-0.39480459908360804,-0.9571620759610211,1.0,0,1
3705,0.5217158001360619,-0.3062329021282798,-0.712071666573206,0.51862196253099,-0.49280991113891737,0.7730385842137146,0.0,10,1
1438,-1.8859916108294137,0.04805344551041531,-0.712071666573206,1.4248691511211096,-0.5993374242425143,-0.04410935201134451,1.0,0,0
1860,-1.4560438588712932,-0.30012451682416436,-0.09726276778784416,0.11728392186965161,-0.4842877100906296,-0.17915895105213295,1.0,10,0
1841,-0.5961483549550518,1.31248920346231,-0.09726276778784416,-1.1903013073818065,-1.3237245133469744,1.6244382303404223,0.0,0,0
3659,-0.9401065565215483,0.09692052794333877,-0.712071666573206,0.35031891322139663,0.12078856433780169,-0.1899237741640798,1.0,0,1
2105,-0.25219015338855527,-0.31234128743239525,-0.09726276778784416,0.7646033422911656,-0.6419484294839533,-1.1949668047067572,0.0,0,0
3612,-0.7681274557383001,-0.8620959648027842,-1.3268805653585676,-1.306818803057679,-0.5567264190010756,0.43052148519722283,1.0,10,1
812,-0.5961483549550518,0.11524568385568507,-0.712071666573206,-0.025126350623081387,0.3082769874001325,0.6575613908310117,1.0,20,0
2664,-1.4560438588712932,-1.534018348255482,-0.712071666573206,0.8422816727417473,0.3466268921174274,-0.7614380193801686,0.0,0,0
1269,0.6936949009193102,0.25573854585034,-0.09726276778784416,0.9976383336429104,-1.1191916881880681,-0.2192823826512074,1.0,0,1
1962,-0.682137905346676,1.2208634239005784,0.5175461309975176,0.3114797479961058,0.31679918844842025,1.139042570019909,0.0,0,1
3707,-0.16620060299693115,-0.29401613152004896,1.1323550297828793,-0.08985829266523283,1.2201524995669233,0.12910643806271022,1.0,0,1
2878,-0.5101588045634277,0.20687146341741655,2.9767817261389644,3.224417139892918,-0.5354209163803562,-1.278149528753619,1.0,5,1
4545,0.607705350527686,-0.22682389317477916,-0.09726276778784416,-0.24521495356639614,-1.0297085771810466,-0.3905409321594533,0.0,20,0
4264,0.8656740017025585,-0.8804211207151305,-1.3268805653585676,-0.24521495356639614,-0.6547317310563848,-1.6578541985204729,1.0,25,1
394,0.5217158001360619,-0.5139180024682045,0.5175461309975176,-1.306818803057679,2.021239398105973,-0.7291435500443281,0.0,0,0
2631,0.09176804817794125,0.9704196264318456,-1.3268805653585676,-1.306818803057679,0.12078856433780169,0.0713678413713584,1.0,5,1
585,0.7796844513109343,-0.13519811361304768,-0.09726276778784416,1.023531110459771,-1.0637973813741977,-0.6968490807084876,1.0,0,1
4965,-0.682137905346676,-0.4345089935147039,-1.3268805653585676,-0.9054807623963403,0.2571437811104059,-0.3895623118765492,1.0,0,1
492,0.34973669935281365,-1.8699795399818306,-0.712071666573206,0.03960559141906988,-1.3237245133469744,-2.9907350238360784,1.0,15,0
2651,-1.1120856573047966,-1.8699795399818306,-0.712071666573206,-1.306818803057679,1.232935801139355,-0.9855420641652449,0.0,0,1
3041,1.295621753660679,0.19465469280918568,-0.712071666573206,-0.5559282753687228,-0.46724330799405406,0.8474137257144384,0.0,0,1
133,0.6936949009193102,0.34125594010795607,1.1323550297828793,0.7646033422911656,1.6888735572227502,1.361189374239176,1.0,0,0
1589,-1.0260961069131724,-1.1186481475756325,-1.3268805653585676,-1.306818803057679,0.1889661727241038,-0.8730007316312546,1.0,0,0
1739,-0.8541170061299242,-0.013030407530739023,0.5175461309975176,-1.306818803057679,-1.046752979277622,-1.5864149178684621,1.0,0,1
4986,0.4357262497444378,1.0376118647771155,0.5175461309975176,-0.5300354985518623,0.09096086066879451,0.5518704002773516,0.0,25,1
1019,-0.3381797037801794,0.7932764526124981,-0.712071666573206,-0.9054807623963403,-0.23714387969028441,0.30134360785386016,0.0,25,1
4379,-0.5101588045634277,1.5446078450186964,-0.712071666573206,-1.306818803057679,-1.0893639845190608,0.204460199846338,0.0,0,1
4703,-1.8859916108294137,-0.41007545229824216,-0.712071666573206,0.8034425075164564,-1.1490193918570752,0.09779058900977379,0.0,20,1
2308,0.005778497786317116,-1.6745112102501367,-0.712071666573206,0.03960559141906988,-1.3237245133469744,-0.6870628778794449,1.0,25,0
288,0.09176804817794125,-0.6727360203752057,-1.3268805653585676,2.175759678810066,-0.8550034556911473,-0.39445541329107026,0.0,0,1
2211,0.7796844513109343,0.09692052794333877,1.7471639285682412,-1.1126229769312248,-0.6035985247666583,-0.2662561562306124,0.0,10,0
3130,0.34973669935281365,-0.4711593053393965,1.1323550297828793,0.2596941943623846,-0.07948316029696077,0.14770022343789097,0.0,0,1
4576,0.34973669935281365,0.7749512967001518,-0.09726276778784416,-0.4135180028759897,-1.2001525981468018,0.38061185076910564,0.0,25,0
1407,0.2637471489611895,-0.28179936091181806,1.7471639285682412,2.175759678810066,1.3522466158153836,-0.7487159557024133,1.0,0,1
2367,1.1236426528774308,0.1396792250721468,-0.09726276778784416,0.19496225232023337,-0.1902717739247017,0.040051992318421985,0.0,25,1
2292,1.209632203269055,-0.196281966654202,0.5175461309975176,0.11728392186965161,1.2116302985186356,-0.1664368873743773,0.0,15,1
950,-1.8859916108294137,1.9844115869150076,0.5175461309975176,-0.11575106948209342,0.3551490931657152,0.3952911550126694,0.0,0,0
3478,-0.25219015338855527,1.7339677894462748,1.7471639285682412,1.90388552223303,1.4545130283948369,0.7348723931804484,0.0,15,0
3887,-1.0260961069131724,-0.6727360203752057,-0.712071666573206,1.0882630525019223,-0.4075879006560397,0.6125448578174155,0.0,5,0
3405,-1.5420334092629173,-0.6177605526381669,1.1323550297828793,0.609246681390002,-1.3237245133469744,0.1760802116421145,0.0,0,0
2296,0.9516635520941825,0.7077590583548821,0.5175461309975176,-0.607713829002444,-0.7740425457324136,0.03320165033809212,0.0,25,1
4224,-1.1980752076964207,-1.4546093393019812,-0.712071666573206,-0.8278024319457586,-1.3237245133469744,-0.4414291868704752,0.0,0,0
4612,2.0695277071852964,1.624016853972197,0.5175461309975176,-0.5818210521855834,0.4616766062693123,0.3492960017161692,0.0,20,0
4486,-0.682137905346676,0.13357083976803136,1.7471639285682412,0.22085502913709376,0.8068257487249667,-0.11750587322916418,1.0,20,1
4340,-0.25219015338855527,0.1396792250721468,-0.09726276778784416,0.22085502913709376,1.6803513561744625,1.6557540793933587,0.0,10,0
2222,-0.7681274557383001,-0.45894253473116564,-1.3268805653585676,-0.16753662311581458,0.24009937901383038,1.1586149756779938,0.0,30,0
1042,1.0376531024858067,0.4450984902779184,-0.712071666573206,-1.306818803057679,2.132028011733714,0.535233855467979,0.0,10,1
3846,-1.8859916108294137,0.054161830814530736,1.1323550297828793,1.1918341597693647,-1.3237245133469744,0.042009232884230814,1.0,10,0
4339,0.005778497786317116,-0.3856419110817804,1.7471639285682412,-0.7371777130867467,3.3890526663561595,-0.6449822057145617,1.0,0,0
3883,0.34973669935281365,-0.7704701852410527,1.1323550297828793,-0.19342939993267516,-0.863525656739435,-0.5216760500686247,0.0,15,1
2305,0.34973669935281365,0.11524568385568507,-0.09726276778784416,0.2985333595876755,-1.0765806829466291,0.4726021573621061,0.0,0,0
4403,-0.682137905346676,-0.8437708088904379,-0.712071666573206,0.36326530162982695,-1.3237245133469744,-2.8018613092355555,0.0,0,1
430,0.4357262497444378,2.2959392374248946,1.1323550297828793,0.11728392186965161,-0.5141154137596368,1.6645616619394974,0.0,0,0
1045,-0.7681274557383001,0.31071401358737893,-0.09726276778784416,-0.038072739031511676,0.7301259392903768,0.8121833955298849,0.0,0,1
1808,0.005778497786317116,-0.7093863321998983,1.1323550297828793,0.453890020488839,0.10374416224122615,-2.1921808729862002,0.0,0,0
4953,-0.08021105260530702,0.6711087465301895,-0.09726276778784416,0.8552280611501776,0.1847050721999599,-0.41402781894915575,1.0,5,1
3655,0.607705350527686,-0.8071204970657453,-1.3268805653585676,-1.306818803057679,0.3807156963105785,-1.9289320168849537,1.0,20,0
830,-1.8859916108294137,-1.4485009539978657,-1.3268805653585676,-0.08985829266523283,0.0952219611929384,-1.3916694815705137,1.0,20,1
2978,-0.16620060299693115,-0.660519249766975,1.1323550297828793,-0.06396551584837226,-0.863525656739435,-0.49916778356182634,1.0,25,0
1719,0.607705350527686,-1.466826109910212,-0.09726276778784416,-0.4005716144675594,-0.8848311593601546,-0.20851755953926054,1.0,0,0
466,-0.5101588045634277,0.1763295368968394,-0.712071666573206,1.2177269365862253,-1.3237245133469744,0.15650780598402897,0.0,0,0
3961,1.3816113040523033,0.48174880210261106,-0.09726276778784416,0.6739786234321535,0.7130815371938013,-0.00887902182679113,1.0,0,0
1372,0.8656740017025585,2.3570230904660487,-0.09726276778784416,-0.9572663160300615,0.6960371350972258,1.8700719213493928,1.0,10,1
1457,2.413485908751793,1.3002724328540791,0.5175461309975176,1.0494238872766315,1.0752750817460313,0.6125448578174155,0.0,15,1
1188,0.34973669935281365,0.21908823402564742,-0.09726276778784416,-1.306818803057679,-0.5993374242425143,0.9902922870184607,1.0,0,1
3163,0.607705350527686,-0.7704701852410527,0.5175461309975176,-0.5947674405940137,-0.8848311593601546,0.91200266438612,0.0,0,0
4646,-0.8541170061299242,-1.479042880518443,-1.3268805653585676,-1.306818803057679,-1.080841783470773,0.04592371401584778,0.0,30,1
678,0.4357262497444378,0.5489410404478808,-0.712071666573206,-1.306818803057679,-0.9018755614567301,-0.896487618420957,1.0,25,1
487,-0.7681274557383001,1.3491395152870025,0.5175461309975176,1.7226360845150064,-0.4374156043250469,1.2926859544358775,0.0,5,1
2232,-1.1120856573047966,0.4023397931491104,-0.09726276778784416,-0.5300354985518623,-0.04113325557966584,1.1840591030335044,0.0,0,1
1039,0.8656740017025585,-0.3245580580406261,0.5175461309975176,1.0364774988682013,-0.27123268388343547,-0.22319686378282436,1.0,10,0
764,0.6936949009193102,2.094362522389085,0.5175461309975176,0.648085846615293,-0.5652486200493634,3.084539692433582,1.0,0,0
2956,-1.0260961069131724,-1.8699795399818306,-1.3268805653585676,-1.306818803057679,-0.5311598158562123,0.531319374336362,1.0,0,1
3656,0.34973669935281365,0.2862804723709172,-0.09726276778784416,-0.8536952087626192,0.325321389496708,0.9981212492816947,0.0,0,1
3755,-0.25219015338855527,0.6527835906178432,-0.712071666573206,-0.5818210521855834,1.5397350388777145,-0.03530176946520582,0.0,0,0
3652,0.2637471489611895,1.4590904507610802,1.1323550297828793,0.33737252481296637,1.6590458535537431,0.8924302587280345,1.0,25,1
766,-1.8000020604377898,-0.788795341153399,-0.712071666573206,-1.306818803057679,-0.6717761331529604,-1.127442005186363,0.0,0,0
4271,-1.2840647580880449,-0.7216031028081292,-1.3268805653585676,-0.24521495356639614,2.3749107416099156,-0.9052952009670954,1.0,15,0
291,-0.25219015338855527,0.29849724297914804,-0.09726276778784416,-1.306818803057679,-1.153280492381219,0.6693048342258626,1.0,0,0
2120,0.7796844513109343,-0.917071432539823,-0.712071666573206,-1.0867302001143642,-0.7612592441599819,-1.31044399808946,0.0,15,0
3540,-0.8541170061299242,-0.15963165482950942,-1.3268805653585676,0.4021044668551178,-0.7569981436358381,-0.25549133311866484,0.0,0,0
253,1.811559056010424,2.4486488700277804,1.1323550297828793,1.8003144149655876,2.690232180396563,2.3877620510057476,0.0,25,1
3261,0.09176804817794125,-1.3935254862608268,-0.712071666573206,1.4766547047548308,-1.3237245133469744,-1.0060930901062342,0.0,20,1
351,0.34973669935281365,-0.3612083698653187,-0.09726276778784416,-0.012179962214651098,1.4417297268224052,-1.9465471819772304,0.0,0,1
3708,0.607705350527686,0.8116016085248444,-0.09726276778784416,0.5963002929815718,-0.4374156043250469,-0.1517575831308135,1.0,0,0
3204,1.1236426528774308,-0.20849873726243287,-0.712071666573206,-1.306818803057679,0.8025646482008228,-0.09891208785398342,0.0,0,1
1740,0.09176804817794125,-0.8926378913233614,-0.712071666573206,-0.3358396724254082,-0.143399668159119,-1.9573120050891772,0.0,20,0
677,2.499475459143417,-0.28179936091181806,1.1323550297828793,-1.034944646480643,-0.3905434985594642,0.4315001054801269,0.0,0,1
91,0.6936949009193102,0.6100248934890351,-0.09726276778784416,0.47978279730569956,-1.161802693429507,1.692941650143721,0.0,0,1
3827,0.8656740017025585,0.6039165081849197,-1.3268805653585676,-1.1514621421565157,1.1903247958979162,-0.1517575831308135,0.0,0,0
4881,-0.5101588045634277,1.6179084686680816,-1.3268805653585676,-1.306818803057679,-0.8805700588360106,0.9335323106100137,0.0,0,0
4119,-0.682137905346676,-0.422292222906473,-0.09726276778784416,0.27264058277081493,-0.015566652434802543,-0.26038443453318655,1.0,10,0
3056,-1.1980752076964207,-0.5078096171640891,-1.3268805653585676,-0.7242313246783165,-1.3237245133469744,-0.6440035854316571,0.0,0,1
27,0.5217158001360619,0.13357083976803136,2.3619728273536027,0.06549836823593046,0.9090921613044199,-1.4777880664660885,1.0,0,1
3717,0.7796844513109343,-0.16574004013362484,-0.09726276778784416,1.3730835974873885,-0.4501989058974785,-1.3221874414843109,0.0,0,0
4898,1.295621753660679,0.5916997375766888,1.7471639285682412,0.22085502913709376,0.4488933046968806,0.9990998695645987,0.0,5,0
722,1.209632203269055,1.3185975887664254,1.1323550297828793,1.023531110459771,-1.0765806829466291,0.13302091919432718,0.0,10,0
2064,0.4357262497444378,-0.03135556344308532,1.1323550297828793,0.05255197982750017,2.6774488788241313,-0.13022793690691983,1.0,30,1
3964,-0.42416925417180357,-1.6500776690336751,0.5175461309975176,0.1302303102780819,0.08669976014465063,-0.2623416750989947,0.0,0,1
2471,-0.5101588045634277,-0.09243941648423964,0.5175461309975176,1.360137209078958,1.7101790598434696,0.9100454238203112,0.0,30,0
2318,0.4357262497444378,0.04805344551041531,0.5175461309975176,1.3212980438536677,0.4701988073176,0.18684503475406133,0.0,0,1
2859,-0.3381797037801794,-0.3978586816900113,1.1323550297828793,1.023531110459771,-0.4587211069457663,-0.6185594580761465,0.0,15,0
878,-0.25219015338855527,-0.7338198734163601,0.5175461309975176,0.7257641770658747,-0.9189199635533055,-0.3660754250868467,0.0,5,0
3317,-0.16620060299693115,0.34125594010795607,-0.09726276778784416,0.6869250118405839,0.15487736853095274,-0.2016672175589307,0.0,0,0
3789,1.811559056010424,-0.3612083698653187,-0.09726276778784416,1.5802258120222732,-0.44167670484919075,0.08115404420040116,0.0,0,0
255,-0.25219015338855527,0.5794829669684579,0.5175461309975176,-0.038072739031511676,0.725864838766233,-0.11261277181464316,0.0,15,1
4822,-0.682137905346676,-1.564560274776059,-0.712071666573206,-0.9961054812553524,-1.3237245133469744,-0.8387490217296055,1.0,20,0
4796,-0.9401065565215483,-0.6666276350710904,-1.3268805653585676,-1.306818803057679,0.32958249002085194,-0.25451271283576077,0.0,0,1
4249,-0.682137905346676,0.8360351497413061,-0.712071666573206,-0.6465529942277348,0.12504966486194558,1.3817404001801656,1.0,0,0
4321,-0.7681274557383001,0.3351475548038407,-0.09726276778784416,1.2695124902199466,-0.00704445138651478,-1.6451321348427175,1.0,0,0
4734,-1.8859916108294137,-0.917071432539823,-1.3268805653585676,-1.306818803057679,-1.195891497622658,-0.38466921046202746,0.0,0,1
2100,1.6395799552271757,1.1475628002511933,0.5175461309975176,0.4279972436719784,0.2571437811104059,1.2241825346325794,0.0,25,1
4740,-0.08021105260530702,0.8299267644371907,-0.712071666573206,-1.306818803057679,0.7642147434835279,1.813311944940945,1.0,15,1
3981,0.34973669935281365,0.5794829669684579,0.5175461309975176,0.18201586391180308,0.04834985542735569,0.7329151526146395,0.0,25,1
2535,-0.16620060299693115,0.2862804723709172,1.1323550297828793,-0.7371777130867467,0.6960371350972258,-0.23396168689477118,0.0,20,0
4658,0.09176804817794125,0.805493223220729,0.5175461309975176,0.4150508552635481,0.0014777496617729847,-1.4699591042028546,0.0,20,0
316,-0.3381797037801794,0.7993848379166135,-0.09726276778784416,-0.9054807623963403,-0.19879397497298948,0.040051992318421985,0.0,0,0
1262,0.09176804817794125,0.46953203149438016,1.1323550297828793,1.2695124902199466,0.2315771779655426,-0.018665224655833892,0.0,0,0
842,0.005778497786317116,-0.2695825903035872,0.5175461309975176,1.1788877713609345,2.2939498316511817,-1.2262826537596931,1.0,15,1
2744,-1.8000020604377898,-0.5078096171640891,-0.09726276778784416,-0.7889632667204678,0.19748837377239156,-0.05095969399167438,0.0,0,0
554,2.0695277071852964,0.4328817196696876,-0.09726276778784416,0.16906947550337278,1.3479855152912397,0.4589014734014463,0.0,0,0
2023,0.17775759856956538,-0.47726769064351193,-0.712071666573206,0.5833539045731415,0.904831060780276,0.18390917390534842,0.0,0,1
3132,-0.682137905346676,-0.5505683142928971,-0.09726276778784416,1.0105847220513406,0.49150430993831945,0.10366231070719889,0.0,0,1
70,-0.16620060299693115,1.0192867088647692,1.1323550297828793,0.46683640889726924,0.0696553580480751,1.187973584165122,0.0,10,1
3605,0.09176804817794125,1.0925873325141544,0.5175461309975176,-1.306818803057679,-1.298157910202111,0.6272241620609793,0.0,15,0
747,1.897548606402048,-0.7399282587204755,-0.09726276778784416,-1.073783811705934,0.018522151758348513,0.2250112257873276,1.0,25,1
2424,-0.42416925417180357,-0.043572334051316185,1.1323550297828793,0.5704075161647112,0.7301259392903768,0.7681454827991929,0.0,25,1
4457,-0.5961483549550518,-0.013030407530739023,-0.09726276778784416,-0.9961054812553524,-0.09652756239353631,-0.7399083731562749,1.0,0,0
1703,0.17775759856956538,-1.143081688792094,0.5175461309975176,-1.164408530564946,0.4148045005037296,-1.0471951419882133,0.0,0,0
3122,0.17775759856956538,0.9154441586948068,-0.09726276778784416,0.18201586391180308,-1.302419010726255,-0.11359139209754722,0.0,15,0
4694,-0.7681274557383001,1.8133767983997755,-0.09726276778784416,1.0364774988682013,-1.3237245133469744,2.0423090911405426,0.0,25,0
3354,-0.8541170061299242,-1.6012105866007516,-1.3268805653585676,-1.306818803057679,-1.3237245133469744,-0.9258462269080849,0.0,0,0
2068,0.005778497786317116,-1.8699795399818306,-0.712071666573206,-0.19342939993267516,0.904831060780276,-1.9475258022601345,0.0,30,1
3649,1.3816113040523033,0.25573854585034,-0.712071666573206,-0.6465529942277348,0.4744599078417439,0.6213524403635535,0.0,0,0
3996,-0.682137905346676,0.4634236461902647,2.9767817261389644,1.528440258388552,1.1477137906564774,0.7926109898717995,1.0,20,1
2154,-1.1120856573047966,-0.44672576412293474,-0.712071666573206,-1.216194084198667,-0.2669715833592916,-0.9806489627507236,1.0,0,1
1840,-0.9401065565215483,-0.5811102408134743,-1.3268805653585676,-0.10280468107366313,-0.9103977625050178,-0.3269306137706764,1.0,25,1
388,0.5217158001360619,-0.0008136369225081579,-1.3268805653585676,-1.306818803057679,-0.7484759425875502,-0.20949617982216462,1.0,0,1
2469,0.6936949009193102,0.4634236461902647,2.3619728273536027,-0.32289328401697787,1.6036515467398726,-0.3112726892442078,1.0,0,0
3703,-0.7681274557383001,-0.39175029638589587,-0.09726276778784416,0.32442613640453605,-0.42037120222847135,-0.3817333496133153,0.0,20,0
3932,0.7796844513109343,-0.9292882031480539,0.5175461309975176,-1.306818803057679,0.4020211989312979,-1.66861902163242,0.0,25,0
3719,0.4357262497444378,1.4896323772816575,1.7471639285682412,0.44094363208040865,1.373552118436103,0.7378082540291613,0.0,20,1
1371,-1.5420334092629173,-0.20849873726243287,-0.712071666573206,-0.6983385478614559,-1.3237245133469744,-0.6674904722213597,1.0,0,0
411,-1.5420334092629173,-0.06800587526777792,-1.3268805653585676,0.6869250118405839,1.8721008797609373,-0.17915895105213295,0.0,0,0
1439,-1.2840647580880449,0.0663786014227616,-0.09726276778784416,2.214598844035357,1.3650299173878153,-0.21438928123668635,0.0,0,1
110,-1.8000020604377898,-0.3550999845612033,-0.712071666573206,-0.32289328401697787,0.798303547676679,-0.3690112859355596,1.0,0,1
4057,0.8656740017025585,2.2348553843837404,1.7471639285682412,0.738710565474305,0.29123258530355695,3.2822209895802423,0.0,15,1
1136,1.295621753660679,0.6100248934890351,0.5175461309975176,0.3762116900382572,-1.1788470955260824,0.49608904415180854,1.0,20,0
2128,-0.5101588045634277,-1.0025888267974392,-1.3268805653585676,-1.306818803057679,0.4701988073176,-1.6607900593691858,0.0,15,1
2610,-1.370054308479669,-0.7154947175040138,-0.09726276778784416,1.1012094409103528,-0.02834995400723419,-0.1605651656769515,0.0,30,1
692,-0.25219015338855527,-0.46505092003528103,-1.3268805653585676,-1.306818803057679,-0.3223658901731621,-0.13414241803853683,1.0,0,0
1579,-1.8859916108294137,-1.8699795399818306,-1.3268805653585676,-1.306818803057679,-1.3237245133469744,-0.7614380193801686,1.0,0,0
2963,0.34973669935281365,2.0393870546520465,-1.3268805653585676,-1.306818803057679,1.4630352294431246,1.74089404400603,1.0,20,1
4142,3.4453605134512824,2.5830333467183197,0.5175461309975176,0.5704075161647112,-0.08800536134524854,2.2057386783855546,0.0,30,1
3706,-0.25219015338855527,-0.5811102408134743,-0.712071666573206,-1.306818803057679,0.7684758440076718,0.4814097399082441,0.0,0,1
3255,-0.3381797037801794,-0.36731675516943413,-0.712071666573206,0.1302303102780819,-0.7527370431116942,1.3797831596143568,0.0,0,1
4812,-0.42416925417180357,-1.6012105866007516,-0.712071666573206,-1.306818803057679,1.4246853247258295,-0.6645546113726468,0.0,0,0
486,-0.16620060299693115,0.6283500494013814,-0.712071666573206,-1.306818803057679,-1.298157910202111,-0.23591892746058002,0.0,0,0
556,-0.3381797037801794,-0.03135556344308532,-1.3268805653585676,0.1302303102780819,0.009999950710060749,0.3581035842623072,1.0,0,0
4632,-1.6280229596545415,0.719975828963113,1.7471639285682412,1.9427246874583208,0.6278595267109237,0.22305398522151879,0.0,10,1
4421,1.209632203269055,-0.1718484254377403,1.7471639285682412,0.5833539045731415,0.6363817277592114,0.537191096033787,1.0,5,0
2772,0.607705350527686,-0.20849873726243287,-0.712071666573206,0.03960559141906988,1.1051027854150384,1.0304157186175351,0.0,30,0
2861,-1.5420334092629173,-1.79057053102833,-0.712071666573206,0.1431766986865122,0.6022929235660603,-2.034623007438614,1.0,15,0
1109,1.3816113040523033,1.8683522661368144,-0.09726276778784416,-0.7630704899036073,-0.8166535509738524,1.5197258600696664,1.0,0,1
3913,-0.5101588045634277,-1.4423925686937502,-1.3268805653585676,-0.42646439128442,-1.268330206533104,-1.5091039155190251,1.0,10,0
2270,-0.42416925417180357,0.20687146341741655,-0.09726276778784416,1.5154938699801217,-0.46298220746991015,-0.6616187505239339,1.0,0,1
3931,-1.1120856573047966,0.24352177524210916,-0.09726276778784416,1.9686174642751815,-0.1476607686832629,1.1135984426643977,1.0,25,1
178,0.17775759856956538,1.3491395152870025,1.1323550297828793,0.9458527800091893,1.2457191027117867,0.5362124757508829,0.0,20,0
2906,0.005778497786317116,0.665000361226074,-0.09726276778784416,-0.6983385478614559,-0.6717761331529604,1.2584342445342287,0.0,0,0
916,1.209632203269055,0.8726854615659987,-1.3268805653585676,0.013712814602209302,-1.3237245133469744,1.540276886010656,1.0,15,0
81,0.4357262497444378,-0.013030407530739023,-0.712071666573206,-0.25816134197482643,0.26992708268283755,-0.10869829068302549,1.0,10,0
3269,-0.3381797037801794,-0.4955928465558582,-0.09726276778784416,0.47978279730569956,-1.3237245133469744,-0.10674105011721735,0.0,0,0
578,1.295621753660679,0.19465469280918568,0.5175461309975176,-1.306818803057679,1.740006763512477,0.6301600229096922,1.0,25,0
2300,-0.3381797037801794,-0.11687295770070139,-0.712071666573206,-0.23226856515796585,-0.04113325557966584,1.7702526524931577,0.0,0,0
3312,0.6936949009193102,0.43899010497380303,0.5175461309975176,-0.24521495356639614,-0.6334262284356654,-1.922081674904624,0.0,15,0
3795,-1.5420334092629173,-0.6299773232463978,-0.09726276778784416,1.2565661018115162,1.6590458535537431,-0.7682883613604985,1.0,0,0
1392,1.5535904048355516,-0.5261347730764354,-0.712071666573206,0.648085846615293,-0.4161101017043275,-0.9963068872771917,0.0,20,0
222,0.2637471489611895,-1.6989447514665985,1.7471639285682412,1.9686174642751815,-0.9018755614567301,-2.119762972051285,1.0,0,1
94,-0.08021105260530702,-0.055789104659547055,-0.09726276778784416,1.8909391338245998,-0.0496554566279536,0.12519195693109256,0.0,5,1
3647,1.4676008544439274,0.5916997375766888,1.1323550297828793,0.33737252481296637,1.0795361822701752,1.7467657657034552,1.0,0,0
4360,1.983538156793672,0.5061823433190727,0.5175461309975176,-0.4911963333265715,0.8835255581595566,0.12519195693109256,0.0,0,0
843,1.811559056010424,0.8726854615659987,-0.712071666573206,-1.306818803057679,0.20601057482067933,-0.43849332602176233,1.0,20,1
539,-1.8859916108294137,-0.4345089935147039,1.7471639285682412,1.8391535801908785,1.6547847530295994,0.27198499936673187,1.0,10,1
3015,1.0376531024858067,-0.2756909756077026,-1.3268805653585676,-0.7760168783120376,0.6065540240902042,0.40018425642719047,1.0,0,1
1435,0.2637471489611895,0.42677333436557213,1.1323550297828793,0.46683640889726924,0.5639430188487654,-0.3787974887646024,0.0,20,0
1056,1.5535904048355516,1.3491395152870025,1.1323550297828793,-0.20637578834110526,2.3536052389891964,0.3903980535981477,1.0,0,0
3774,0.607705350527686,-1.0819978357509399,2.3619728273536027,1.0105847220513406,0.5341153151797583,-0.08325416332751487,0.0,20,1
3687,-1.2840647580880449,-1.8577627693735999,-0.712071666573206,-1.2679796378323882,0.9644864681182903,0.11736299466785861,0.0,0,0
811,-0.16620060299693115,1.6362336245804279,-0.712071666573206,-0.7242313246783165,-1.3237245133469744,0.5000035252834255,0.0,0,1
2216,0.005778497786317116,-1.369091945044365,-0.09726276778784416,0.8552280611501776,-0.25844938231100384,0.5773145276328622,0.0,15,1
2987,0.2637471489611895,0.04805344551041531,-0.09726276778784416,-0.931373539213201,0.5213320136073266,-0.38369059017912344,1.0,20,1
735,0.2637471489611895,-0.19017358135008658,-0.712071666573206,-0.659499382636165,-0.1476607686832629,0.11051265268752876,1.0,0,0
4521,-1.1120856573047966,-1.0942146063591707,-0.712071666573206,-1.306818803057679,0.7088204366696574,-0.3934767930081662,1.0,0,1
1863,1.4676008544439274,2.1310128342137777,1.7471639285682412,-0.2711077303832567,1.850795377140218,0.6604972516797246,1.0,20,1
4072,-0.16620060299693115,-1.8699795399818306,-0.712071666573206,0.1561230870949425,-0.8038702494014207,-0.6293242811880934,1.0,25,0
531,-0.3381797037801794,-0.8437708088904379,-0.09726276778784416,-0.4005716144675594,-0.650470630532241,0.31112981068290296,0.0,30,0
2923,-1.2840647580880449,-1.4118506421731731,-0.09726276778784416,-1.306818803057679,-1.3237245133469744,-0.10282656898560039,1.0,0,0
3413,0.17775759856956538,-0.6360857085505132,-0.09726276778784416,-0.284054118791687,-0.4033268001318958,-0.20460307840764358,1.0,0,0
3127,-0.08021105260530702,1.0925873325141544,1.7471639285682412,1.7614752497402968,0.7727369445318156,-0.0822755430446108,0.0,20,1
3624,1.1236426528774308,1.288055662245848,-0.712071666573206,-0.07691190425680254,1.1860636953737722,0.25534845455735994,0.0,25,0
4141,-0.16620060299693115,0.3779062519326487,-0.09726276778784416,-0.23226856515796585,0.580987420945341,-0.9356324297371273,0.0,0,1
1747,-0.5961483549550518,-0.5933270114217052,-0.09726276778784416,-1.306818803057679,0.9644864681182903,-0.12729207605820694,0.0,0,0
684,-0.5101588045634277,-1.0697810651427089,-1.3268805653585676,0.03960559141906988,-1.3237245133469744,-0.16252240624276035,1.0,25,0
4568,0.17775759856956538,-1.0392391386221318,-1.3268805653585676,-1.306818803057679,-1.1745859950019384,0.18978089560277422,1.0,20,1
1130,-1.8859916108294137,-1.1491900740962095,-0.712071666573206,2.2275452324437874,0.5554208178004777,0.19271675645148711,1.0,10,1
4275,0.4357262497444378,-0.09243941648423964,-0.09726276778784416,0.05255197982750017,-0.33941029226973757,0.7192144686539798,0.0,0,0
2652,-1.8859916108294137,-1.8699795399818306,-1.3268805653585676,-1.306818803057679,-0.15618296973155066,0.055709916844890545,0.0,0,1
801,-0.8541170061299242,-0.8743127354110151,-1.3268805653585676,-1.306818803057679,-1.3237245133469744,0.6125448578174155,1.0,0,0
2118,0.09176804817794125,-1.0209139827097855,0.5175461309975176,0.4150508552635481,1.0241418754563048,0.31308705124871106,1.0,20,0
3381,0.2637471489611895,-1.6806195955542522,1.7471639285682412,2.266384397669078,-0.27123268388343547,-2.244047747980126,0.0,0,0
4267,-0.8541170061299242,-1.8699795399818306,-0.712071666573206,-1.306818803057679,-0.02834995400723419,-1.4327715334524929,0.0,0,0
220,-0.682137905346676,0.19465469280918568,2.3619728273536027,0.23380141754552405,1.3991187215809664,-0.964012417941351,0.0,0,0
1870,0.2637471489611895,1.1109124884265007,0.5175461309975176,-0.37467883765069904,0.542637516228046,0.12812781777980545,1.0,0,0
2246,-0.5961483549550518,0.11524568385568507,-0.09726276778784416,0.4021044668551178,0.6917760345730819,0.9472329945706734,1.0,5,0
4357,0.8656740017025585,0.1213540691598005,0.5175461309975176,-0.5818210521855834,-1.0765806829466291,0.8983019804254603,0.0,0,0
4085,1.0376531024858067,0.1396792250721468,-0.09726276778784416,-0.7889632667204678,-0.0027833508623708973,0.9873564261697478,0.0,0,1
4695,-0.08021105260530702,-0.5933270114217052,-0.712071666573206,-0.4135180028759897,1.0582306796494558,-1.1890950830093312,1.0,25,0
2678,0.5217158001360619,-0.33066644334474155,-0.712071666573206,-0.89253437398791,-1.3237245133469744,-0.19775273642731372,0.0,0,1
44,0.2637471489611895,-1.5401267335595972,-0.712071666573206,2.6288832731051253,-0.3564546943663131,-0.8397276420125096,1.0,20,0
2285,0.5217158001360619,-1.1858403859209021,0.5175461309975176,-1.306818803057679,-0.5098543132354929,-0.3034437269809739,1.0,20,0
211,0.9516635520941825,0.805493223220729,-0.712071666573206,-0.8148560435373283,0.5298542146556143,0.43835044746045676,1.0,25,0
1618,-1.8000020604377898,-0.9415049737562848,1.1323550297828793,0.03960559141906988,-0.0027833508623708973,0.31112981068290296,0.0,0,1
355,1.1236426528774308,0.5367242698396499,-0.09726276778784416,1.489601093163261,-0.4757655090423418,2.0520952939695856,1.0,10,0
3810,0.4357262497444378,0.6466752053137277,-0.09726276778784416,-0.659499382636165,-0.3692379959387448,0.091918867312348,0.0,0,0
2314,0.09176804817794125,0.19465469280918568,-0.712071666573206,-1.306818803057679,0.7173426377179452,0.3355953177555095,0.0,10,0
4564,-0.25219015338855527,-0.13519811361304768,-0.712071666573206,-0.840748820354189,-1.3237245133469744,0.8239268389247358,0.0,0,0
562,0.34973669935281365,2.4364320994195494,-0.09726276778784416,-0.2711077303832567,1.407640922629254,1.416970730364719,1.0,15,1
368,-0.8541170061299242,1.2208634239005784,-1.3268805653585676,-1.306818803057679,-1.3237245133469744,-0.05389555484038728,1.0,20,1
587,-1.1980752076964207,-1.1308649181838633,-0.09726276778784416,-1.306818803057679,-1.3237245133469744,-0.3416099180142402,0.0,5,0
3735,0.09176804817794125,-0.20239035195831745,-0.09726276778784416,-0.4911963333265715,-0.6206429268632339,0.8444778648657255,1.0,20,1
2846,-1.1120856573047966,0.34125594010795607,-0.09726276778784416,-0.34878606083383845,-1.3237245133469744,1.2838783718897395,1.0,0,0
136,-1.0260961069131724,-0.8193372676739762,-1.3268805653585676,-0.15459023470738428,2.400477344754779,-1.4513653188276736,1.0,25,1
804,0.4357262497444378,1.226971809204694,1.1323550297828793,2.512365777429253,-0.3138436891248743,-0.013772123241312164,0.0,10,1
48,0.2637471489611895,-0.8437708088904379,-0.712071666573206,0.0007664261937791922,1.198846996946204,0.9227674874980668,1.0,30,1
3159,-1.4560438588712932,-0.7093863321998983,-0.712071666573206,-0.5559282753687228,1.407640922629254,-0.6303029014709974,0.0,25,1
2322,1.295621753660679,-0.4039670669941267,-1.3268805653585676,1.114155829318783,1.228674700615211,-0.9532475948294041,1.0,5,0
4857,-1.5420334092629173,-1.8699795399818306,-1.3268805653585676,-0.4135180028759897,-0.2967992870282988,1.2936645747187823,1.0,15,1
4684,-0.5961483549550518,0.7383009848754593,-1.3268805653585676,-0.3617324492422687,-1.3237245133469744,1.1047908601182597,0.0,5,1
4976,-0.5961483549550518,-1.0086972121015545,0.5175461309975176,0.5315683509394203,0.1378329664343772,0.22696846635313644,0.0,0,1
1935,-1.370054308479669,0.622241664097266,-0.09726276778784416,-0.2711077303832567,-0.8081313499255647,0.1065981715559118,0.0,10,1
62,-0.3381797037801794,0.5489410404478808,-0.712071666573206,-0.3099468956085476,1.2244136000910673,1.6606471808078804,1.0,25,1
1768,0.8656740017025585,0.37179786662853326,0.5175461309975176,-1.2291404726070974,-0.21157727654542113,-0.5970298118522526,1.0,5,0
634,-1.8859916108294137,-0.09243941648423964,0.5175461309975176,-0.9702127044384918,-0.23714387969028441,-0.1517575831308135,0.0,0,0
96,-1.4560438588712932,-0.972046900276862,-0.712071666573206,-1.306818803057679,-0.2967992870282988,-0.9219317457764676,1.0,0,1
479,0.005778497786317116,0.7993848379166135,0.5175461309975176,-1.1385157537480854,0.6108151246143482,1.1693797987899406,1.0,10,1
1724,1.983538156793672,-0.31234128743239525,-1.3268805653585676,0.8811208379670382,-1.3237245133469744,-0.9141027835132337,0.0,15,0
4823,1.5535904048355516,-0.019138792834854458,0.5175461309975176,-0.9831590928469222,0.07391645857221898,-0.4972105429960182,1.0,0,1
4603,-0.08021105260530702,0.7077590583548821,1.1323550297828793,1.5543330352054125,-0.9103977625050178,0.8258840794905447,1.0,0,0
1118,-0.3381797037801794,-1.2163823124414792,-0.09726276778784416,-0.5559282753687228,0.07391645857221898,-0.8583214273876908,0.0,25,1
2777,0.607705350527686,2.625792043847128,0.5175461309975176,0.38915807844668754,1.5397350388777145,1.082282593611461,0.0,5,1
4222,0.607705350527686,0.25573854585034,1.1323550297828793,-1.306818803057679,0.9687475686424343,1.016715034656876,0.0,25,0
323,1.209632203269055,-0.013030407530739023,-0.712071666573206,-0.8536952087626192,1.0326640765045925,0.8337130417537786,1.0,0,0
1294,-1.8859916108294137,-1.466826109910212,-1.3268805653585676,-1.306818803057679,1.2840690074290815,-0.6880414981623489,1.0,0,0
2230,0.2637471489611895,0.9582028558236148,-0.09726276778784416,-1.306818803057679,0.3338435905449958,1.368039716219506,1.0,0,1
1659,0.7796844513109343,1.355247900591118,1.1323550297828793,1.3342444322620977,0.19322727324824768,1.695877510992434,1.0,0,0
1570,-1.6280229596545415,-1.8699795399818306,-0.712071666573206,-1.2550332494239578,-1.3237245133469744,-1.3329522645962582,1.0,0,0
2441,0.09176804817794125,-0.7582534146328218,-1.3268805653585676,1.0105847220513406,-1.3237245133469744,-0.6038801538325824,1.0,0,1
2496,2.3274963583601687,2.5219494936771656,-0.09726276778784416,0.03960559141906988,-0.7569981436358381,0.9012378412741725,0.0,30,0
3679,-0.682137905346676,-1.595102201296636,-1.3268805653585676,0.6869250118405839,-1.3237245133469744,-3.1306777242913877,0.0,10,1
2961,-1.2840647580880449,-1.8699795399818306,-1.3268805653585676,-1.306818803057679,0.2145327758689671,-0.33084509490229336,1.0,0,0
292,0.17775759856956538,-0.7521450293287064,1.1323550297828793,1.7614752497402968,1.5738238430708655,-1.4386432551499182,0.0,0,1
1002,-0.7681274557383001,-0.44672576412293474,-0.712071666573206,-1.306818803057679,-0.07948316029696077,-0.7565449179656476,1.0,0,1
2095,0.09176804817794125,0.3351475548038407,-0.09726276778784416,-0.6853921594530257,-0.1476607686832629,0.1300850583456143,1.0,20,1
534,0.4357262497444378,0.35347271071618697,2.3619728273536027,1.8391535801908785,0.5128098125590388,-0.8221124769202329,1.0,20,1
4517,0.8656740017025585,0.9948531676483074,1.7471639285682412,1.3989763743042491,-0.3820212975111764,1.540276886010656,1.0,20,0
1096,1.295621753660679,1.5629330009310427,0.5175461309975176,0.3114797479961058,2.1533335143544337,1.7301292208940833,1.0,30,0
3793,-0.3381797037801794,0.7444093701795746,-0.712071666573206,0.7646033422911656,-1.3237245133469744,-1.1949668047067572,1.0,0,1
2012,1.811559056010424,0.3290391694997252,0.5175461309975176,0.20790864072866364,-0.39906569960775196,1.2398404591590473,0.0,0,1
4598,0.34973669935281365,-0.24514904908712548,-0.09726276778784416,1.5413866467969821,0.5000265109866072,-0.6851056373136364,0.0,30,1
1559,0.8656740017025585,-0.0008136369225081579,-1.3268805653585676,0.013712814602209302,-1.3237245133469744,-0.4443650477191881,1.0,0,1
1171,-1.1980752076964207,0.6039165081849197,0.5175461309975176,-1.306818803057679,0.7045593361455136,1.1243632657763445,0.0,5,0
4037,2.2415068079685447,-0.22071550787066374,1.1323550297828793,1.7355824729234361,0.27418818320698146,0.30134360785386016,1.0,5,0
2418,-0.682137905346676,-1.045347523926247,-0.712071666573206,0.5315683509394203,0.20601057482067933,0.3815904710520097,1.0,0,0
4064,-0.682137905346676,0.6100248934890351,-0.09726276778784416,-1.306818803057679,1.011358573883873,0.8571999285434811,0.0,20,0
4722,-0.9401065565215483,-1.2347074683538255,-0.712071666573206,0.7516569538827352,-0.2669715833592916,-1.209646108950321,1.0,20,0
3796,-0.16620060299693115,1.1658879561635396,-0.09726276778784416,-0.06396551584837226,-1.3194634128228304,-0.4825312387524537,1.0,25,0
2084,0.17775759856956538,0.8726854615659987,-0.712071666573206,-0.6853921594530257,1.3565077163395276,0.8650288908067151,0.0,0,0
4622,-0.08021105260530702,0.1396792250721468,-0.09726276778784416,1.243619713403086,1.0624917801735996,-0.28289270103998426,0.0,10,0
1011,-1.2840647580880449,-1.8699795399818306,-0.712071666573206,-1.0608374232975037,-1.3237245133469744,-1.833027229160336,1.0,0,0
4779,-0.08021105260530702,-1.5584518894719435,1.1323550297828793,0.026659203010639593,-0.6376873289598094,-0.8935517575722441,0.0,5,1
752,-0.3381797037801794,0.11524568385568507,-0.09726276778784416,0.2855869711792452,-0.03687215505552195,-0.7340366514588494,1.0,0,0
3937,1.209632203269055,-0.917071432539823,-0.712071666573206,-1.0867302001143642,0.07391645857221898,-0.9982641278430002,0.0,0,1
4730,-0.3381797037801794,1.9538696603944303,-0.09726276778784416,-0.8795879855794798,-0.22436057811785276,2.5345550934413867,0.0,25,1
4536,0.34973669935281365,1.6301252392763124,-0.09726276778784416,-0.89253437398791,0.5255931141314705,1.095983277572121,1.0,10,1
4931,0.6936949009193102,-1.0819978357509399,-1.3268805653585676,-0.9054807623963403,-1.1831081960502263,-0.44925814913370915,1.0,0,0
1426,-0.9401065565215483,0.8787938468701142,-0.09726276778784416,0.33737252481296637,-0.09652756239353631,2.117662852924171,0.0,20,1
1877,0.7796844513109343,-0.42840060821058845,1.1323550297828793,-0.21932217674953555,0.6491650293316431,0.2817712021957747,1.0,0,0
1546,-0.25219015338855527,-0.1779568107418557,-0.09726276778784416,-0.3358396724254082,0.2997547863518447,-1.0491523825540219,0.0,0,1
4889,-0.16620060299693115,-1.057564294534478,-0.09726276778784416,0.5315683509394203,0.3338435905449958,-0.8857227953090102,0.0,0,1
3236,0.607705350527686,0.017511518989838142,-0.09726276778784416,-1.1903013073818065,-0.8976144609325861,-0.5999656727009655,0.0,0,1
4163,0.5217158001360619,1.3735730565034643,0.5175461309975176,-1.306818803057679,-0.795348048353133,1.8602857185203499,0.0,0,0
1193,-0.25219015338855527,-1.3568751744361343,-1.3268805653585676,0.23380141754552405,-1.3237245133469744,-1.7390796820015268,0.0,15,0
2253,0.6936949009193102,-0.5566766995970126,-0.09726276778784416,-0.7112849362698862,-1.3237245133469744,0.21424640267538078,1.0,30,0
2860,-0.9401065565215483,0.4573152608861493,-0.712071666573206,-0.8795879855794798,0.05687205647564345,-0.30735820811259085,0.0,20,1
3455,1.5535904048355516,0.5000739580149574,1.1323550297828793,1.7226360845150064,1.4928629331121317,0.22109674465571064,0.0,0,1
1895,-0.25219015338855527,-0.013030407530739023,-0.09726276778784416,-0.32289328401697787,-0.6589928315805288,0.65266828941649,1.0,0,0
671,0.7796844513109343,-0.13519811361304768,-0.09726276778784416,1.1659413829525043,-1.3237245133469744,0.091918867312348,1.0,10,0
829,1.295621753660679,0.2679553164585709,1.1323550297828793,0.2985333595876755,1.590868245167441,0.596886933290947,1.0,10,0
2145,-0.7681274557383001,-0.5933270114217052,-0.712071666573206,1.9427246874583208,2.0041949960093977,-0.6019229132667739,1.0,5,1
1700,0.17775759856956538,0.9398776999112685,-0.09726276778784416,-1.306818803057679,-1.3237245133469744,0.8072902941153639,1.0,0,1
908,-1.2840647580880449,-1.4485009539978657,-0.712071666573206,1.0494238872766315,-0.8805700588360106,-1.128420625469267,0.0,0,1
2175,0.34973669935281365,1.5751497715392735,-0.09726276778784416,0.5963002929815718,0.12078856433780169,0.5469772988628299,0.0,5,0
71,-1.2840647580880449,-1.0942146063591707,-0.712071666573206,0.7904961191080262,0.4616766062693123,-1.9670982079182198,1.0,25,1
912,0.4357262497444378,0.39012302254087955,0.5175461309975176,1.1788877713609345,0.3679323947381469,-0.4766595170550286,1.0,0,1
3866,-1.1120856573047966,-0.5933270114217052,-0.712071666573206,2.0721885715426236,0.7045593361455136,0.049838195147464744,0.0,0,0
2621,-0.682137905346676,0.3290391694997252,0.5175461309975176,-0.21932217674953555,1.3096356105739448,-1.949483042825943,0.0,20,0
3253,-1.4560438588712932,-1.2224906977455947,-1.3268805653585676,-0.6853921594530257,-0.4842877100906296,-0.2192823826512074,0.0,0,1
4225,-0.682137905346676,-0.5688934702052434,-0.09726276778784416,0.5315683509394203,-0.0496554566279536,-1.814433443785155,0.0,0,0
2754,0.09176804817794125,0.017511518989838142,-1.3268805653585676,-1.306818803057679,-0.10078866291768018,0.17999469277373145,0.0,0,0
839,1.897548606402048,0.8971190027824605,0.5175461309975176,0.24674780595395435,1.6973957582710382,0.6066731361199897,0.0,0,1
1613,-0.08021105260530702,-0.11076457239658595,0.5175461309975176,0.8681744495586079,-0.18174957287641394,-0.9493331136977872,1.0,0,1
1150,1.0376531024858067,1.678992321709236,1.7471639285682412,0.07844475664436075,2.2641221279821746,0.6086303766857986,1.0,0,1
3535,0.5217158001360619,0.3351475548038407,0.5175461309975176,-1.306818803057679,-0.8166535509738524,0.4863028413227658,0.0,0,1
1076,0.2637471489611895,-1.8699795399818306,0.5175461309975176,-0.9443199276216312,0.009999950710060749,-0.4130491986662517,0.0,0,0
2452,-0.42416925417180357,-1.240815853657941,-0.712071666573206,0.03960559141906988,-0.28401598545586715,-0.9630337976584469,1.0,0,0
2795,1.1236426528774308,1.6179084686680816,0.5175461309975176,-1.034944646480643,1.2542413037600744,0.33950979888712646,0.0,25,1
2821,-1.5420334092629173,-0.7643617999369373,-0.09726276778784416,0.8034425075164564,-0.5652486200493634,-0.1693727482230902,0.0,0,1
2022,-0.7681274557383001,0.7138674436589975,-1.3268805653585676,-0.025126350623081387,-1.3237245133469744,-0.5265691514831458,0.0,25,0
3769,0.9516635520941825,-0.0069220222266235905,-0.09726276778784416,-1.306818803057679,-1.268330206533104,0.2025029592805299,0.0,10,1
1306,-1.8859916108294137,0.9704196264318456,-1.3268805653585676,-0.32289328401697787,-1.3237245133469744,-0.9659696585071598,0.0,0,0
3672,0.5217158001360619,0.31682239889149433,-1.3268805653585676,-0.7242313246783165,-0.8805700588360106,-0.18894515388117503,0.0,0,1
1889,-1.6280229596545415,-0.8559875794986688,-0.09726276778784416,-1.1514621421565157,-0.1689662713039823,-0.5451629368583265,1.0,0,0
3251,1.209632203269055,-0.02524717813896989,-0.712071666573206,-0.7112849362698862,-0.6334262284356654,0.8660075110896192,0.0,0,0
2373,-0.08021105260530702,-1.3202248626114417,-1.3268805653585676,-1.306818803057679,-1.3237245133469744,-1.5590135499471425,1.0,10,1
2909,-1.1980752076964207,-1.6439692837295596,-1.3268805653585676,-1.306818803057679,-1.3237245133469744,-0.5569063802531782,0.0,0,0
3797,-1.7140125100461656,0.24352177524210916,-0.712071666573206,0.33737252481296637,0.005738850185916867,-0.29757200528354877,1.0,0,0
1633,0.17775759856956538,-0.3428832139529724,-0.712071666573206,-0.06396551584837226,0.06113315699978734,0.4872814616056699,1.0,20,0
2243,-1.4560438588712932,-0.3550999845612033,-0.712071666573206,-0.23226856515796585,-0.0027833508623708973,0.320916013511945,0.0,5,1
4853,2.0695277071852964,0.4939655727108419,-0.712071666573206,-0.08985829266523283,0.2997547863518447,-0.5069967458250603,0.0,0,1
3918,-0.682137905346676,0.1396792250721468,0.5175461309975176,1.2565661018115162,0.6917760345730819,-0.9943496467113833,1.0,0,0
3543,-0.16620060299693115,-0.33677482864885694,-1.3268805653585676,-1.306818803057679,0.1847050721999599,0.17216573051049752,1.0,0,1
3581,0.6936949009193102,-1.3263332479155572,0.5175461309975176,-0.07691190425680254,-0.3777601969870325,-0.6166022175103381,0.0,20,0
4928,0.34973669935281365,1.3308143593746562,1.1323550297828793,-0.23226856515796585,0.26992708268283755,1.1155556832302065,1.0,25,1
4890,1.209632203269055,-0.09854780178835508,0.5175461309975176,-0.07691190425680254,-0.015566652434802543,-1.3838405193072798,0.0,15,0
643,2.1555172575769204,1.6912090923174667,2.9767817261389644,-0.1286974578905237,-0.8209146514979963,1.6508609779788377,0.0,25,1
2975,0.09176804817794125,1.4774156066734265,0.5175461309975176,-1.306818803057679,-0.39480459908360804,1.3748900581998358,0.0,0,0
3615,-1.8859916108294137,-0.8682043501068997,-0.712071666573206,1.709689696106576,-1.2385025028640968,1.4336072751740916,0.0,0,1
3811,0.2637471489611895,-0.3612083698653187,0.5175461309975176,0.8163888959248867,-1.2257192012916651,0.59297245215933,0.0,20,0
234,1.209632203269055,2.4608656406360114,2.3619728273536027,0.5833539045731415,1.0198807749321608,1.544191367142273,0.0,20,1
4577,-0.9401065565215483,0.1030289132474542,0.5175461309975176,-1.1773549189733763,0.04834985542735569,0.19858847814891223,0.0,10,1
1610,-0.42416925417180357,-0.8010121117616299,-0.712071666573206,-1.1514621421565157,0.6662094314282186,0.23284018805056153,0.0,0,0
416,0.17775759856956538,-1.4301757980855194,-0.712071666573206,1.489601093163261,-0.5354209163803562,-0.043130731728440445,0.0,5,0
2472,-0.42416925417180357,0.11524568385568507,-0.09726276778784416,-1.306818803057679,0.2614048816345498,-1.3779687976098538,1.0,0,0
654,-1.1120856573047966,-0.019138792834854458,-0.712071666573206,-0.07691190425680254,-0.24992718126271607,0.03613751118680502,0.0,15,1
3623,-0.9401065565215483,-0.6544108644628595,-0.09726276778784416,0.22085502913709376,-1.3237245133469744,-1.5805431961710361,1.0,0,1
1601,-0.08021105260530702,0.7566261407878055,1.1323550297828793,0.648085846615293,0.4062822994554418,-0.4061988566859218,1.0,0,1
18,-1.0260961069131724,-0.9964804414933237,-1.3268805653585676,0.7775497306995959,0.009999950710060749,-0.8191766160715204,0.0,0,0
1861,0.6936949009193102,0.31682239889149433,0.5175461309975176,0.829335284333317,0.009999950710060749,0.08898300646363509,0.0,0,0
2461,-1.2840647580880449,-0.33066644334474155,-1.3268805653585676,-0.7889632667204678,-1.3237245133469744,-0.09695484728817459,0.0,0,1
2390,-0.08021105260530702,-0.14130649891716313,-0.09726276778784416,-0.20637578834110526,-1.3237245133469744,-1.2605343636613424,0.0,0,0
597,-0.5101588045634277,-0.44061737881881935,0.5175461309975176,0.2985333595876755,0.32958249002085194,-0.18307343218374994,0.0,0,0
4872,0.17775759856956538,0.2862804723709172,-0.09726276778784416,-1.306818803057679,-1.3237245133469744,0.5166400700927974,1.0,0,0
2168,-1.8000020604377898,-0.7582534146328218,-0.712071666573206,0.5833539045731415,-0.37349909646288865,-0.9933710264284789,0.0,10,0
2858,0.17775759856956538,0.0847037573351079,-0.09726276778784416,0.5704075161647112,-0.20731617602127725,-1.1646295759367247,1.0,0,0
4760,-0.5961483549550518,0.1580043809844931,-1.3268805653585676,-1.306818803057679,2.622054572010261,-0.8612572882364037,1.0,20,0
1816,-0.5101588045634277,-0.22682389317477916,-0.712071666573206,-0.141643846298954,-0.015566652434802543,-0.7643738802288815,1.0,0,0
4936,-0.682137905346676,-0.19017358135008658,1.7471639285682412,-1.216194084198667,-1.0723195824224854,-0.05878865625490831,1.0,20,1
372,1.3816113040523033,0.9520944705194994,0.5175461309975176,0.36326530162982695,-0.6035985247666583,0.7661882422333848,0.0,20,1
3039,-0.8541170061299242,-0.18406519604597116,-0.09726276778784416,-0.141643846298954,-0.09226646186939243,-0.8084117929595732,1.0,15,0
599,0.2637471489611895,0.3779062519326487,0.5175461309975176,-1.216194084198667,0.06539425752393122,0.700620683278799,0.0,0,1
239,-1.1120856573047966,-1.240815853657941,-0.712071666573206,1.1400486061356436,0.4829821088900317,0.8112047752469809,0.0,10,0
3616,0.8656740017025585,0.11524568385568507,0.5175461309975176,0.35031891322139663,0.5298542146556143,0.9325536903271089,0.0,30,0
1814,0.005778497786317116,-0.9964804414933237,-0.712071666573206,1.3083516554452375,-0.35219359384216925,-0.7937324887160094,1.0,0,0
1944,-1.8859916108294137,-0.6238689379422823,-0.712071666573206,1.0494238872766315,1.518429536256995,0.11149127297043351,0.0,5,0
1718,-0.5101588045634277,-0.043572334051316185,-0.712071666573206,1.5672794236138428,-0.7356926410151187,1.4326286548911875,1.0,0,0
4838,-1.0260961069131724,-0.8743127354110151,1.7471639285682412,0.4927291857141298,0.21027167534482322,-0.40032713498849604,1.0,0,1
2139,0.34973669935281365,3.175546721217517,-0.712071666573206,-0.7630704899036073,-1.3237245133469744,2.6059943740933975,1.0,15,1
2560,1.5535904048355516,1.117020873730616,0.5175461309975176,-0.4653035565097109,1.7911399698022035,0.9560405771168115,1.0,0,0
3481,-0.5101588045634277,-0.47726769064351193,-0.09726276778784416,-1.1903013073818065,0.15913846905509663,-0.8191766160715204,0.0,0,0
3694,-1.370054308479669,-1.1064313769674015,-0.712071666573206,-0.7630704899036073,-1.3237245133469744,-1.351546049971439,0.0,25,1
2765,-0.5961483549550518,0.9887447823441919,2.3619728273536027,1.1529949945440738,-1.2257192012916651,1.9933780769953295,0.0,15,0
2477,-1.8859916108294137,-1.8699795399818306,-1.3268805653585676,-1.2420868610155276,1.2031080974703479,-0.8876800358748187,0.0,0,1
2553,-0.42416925417180357,-0.10465618709247052,-0.09726276778784416,0.24674780595395435,-0.00704445138651478,-0.9405255311516487,0.0,30,1
788,-0.16620060299693115,-0.9353965884521694,-0.712071666573206,0.0007664261937791922,-1.1745859950019384,-1.0100075712378516,0.0,10,1
1544,-0.08021105260530702,0.9093357733906914,1.1323550297828793,0.5833539045731415,-0.31810478964901817,-0.15665068454533454,1.0,0,0
3741,-1.6280229596545415,-0.42840060821058845,0.5175461309975176,0.47978279730569956,2.021239398105973,-0.8113476538082861,0.0,0,1
4263,-0.5101588045634277,1.0253950941688845,-0.712071666573206,-1.306818803057679,-1.3237245133469744,-1.176373019331576,1.0,0,1
3726,1.4676008544439274,1.355247900591118,-0.09726276778784416,0.9199600031923287,-0.3564546943663131,1.2143963318035367,0.0,20,0
2245,0.5217158001360619,-0.7826869558492836,-0.712071666573206,0.07844475664436075,1.1093638859391823,-0.9062738212499994,1.0,20,1
4488,-1.1120856573047966,-1.4485009539978657,-0.09726276778784416,-1.306818803057679,-0.06243875820038525,-0.8025400712621478,1.0,15,1
4221,1.6395799552271757,0.42677333436557213,1.1323550297828793,0.5704075161647112,0.4148045005037296,1.9190029354946059,1.0,10,1
3049,0.9516635520941825,1.4651988360651957,-0.712071666573206,0.5315683509394203,0.05687205647564345,0.8112047752469809,1.0,20,1
1434,-1.7140125100461656,0.5428326551437653,-0.712071666573206,-0.15459023470738428,-1.1277138892363558,-0.2672347765135164,1.0,10,1
622,0.005778497786317116,0.1580043809844931,-0.09726276778784416,0.5445147393478507,0.009999950710060749,-0.08129692276170673,0.0,0,1
2313,1.3816113040523033,0.6894339024425358,-0.09726276778784416,-1.306818803057679,1.8934063823816567,0.0801754239174971,0.0,0,1
3648,-0.42416925417180357,0.28017208706680174,-0.712071666573206,0.9458527800091893,1.629218149884736,0.8620930299580022,1.0,0,1
567,-0.16620060299693115,1.129237644338847,-0.712071666573206,1.5413866467969821,-1.1362360902846436,0.10464093099010366,0.0,0,0
1486,-0.8541170061299242,-0.9537217443645157,-0.09726276778784416,0.7128177886574444,-0.25844938231100384,-0.1899237741640798,1.0,0,1
3753,-0.16620060299693115,1.709534248229813,-0.09726276778784416,-0.141643846298954,-1.3237245133469744,1.240819079441952,1.0,5,1
3586,2.0695277071852964,2.1371212195178932,1.1323550297828793,0.9587991684176196,0.2145327758689671,1.531469303464518,1.0,10,0
52,0.6936949009193102,0.4634236461902647,0.5175461309975176,0.7516569538827352,-0.33941029226973757,0.9873564261697478,0.0,0,1
2143,2.757444110318289,0.5183991139273036,1.7471639285682412,0.9329063916007589,-0.29253818650415486,0.5450200582970217,1.0,0,1
3047,0.5217158001360619,-1.8699795399818306,0.5175461309975176,-1.306818803057679,-1.3066801112503987,-0.710549764669147,1.0,0,1
3120,-1.2840647580880449,0.03583667490218444,-1.3268805653585676,-1.1385157537480854,1.4800796315397,0.5019607658492337,0.0,0,0
4375,0.9516635520941825,1.2636221210293865,2.3619728273536027,0.9070136147838987,-0.25844938231100384,1.9454256831330206,0.0,0,1
535,-1.6280229596545415,-0.4955928465558582,1.7471639285682412,0.27264058277081493,-0.7186482389185431,0.21718226352409367,1.0,15,1
3200,-0.42416925417180357,-0.1779568107418557,-1.3268805653585676,0.19496225232023337,0.7642147434835279,0.27296361964963667,0.0,25,1
3103,0.7796844513109343,-0.7338198734163601,1.1323550297828793,-0.23226856515796585,-0.5865541226700828,-2.09334022441287,0.0,0,1
444,1.3816113040523033,0.622241664097266,1.7471639285682412,-0.038072739031511676,1.3820743194843907,0.0772395630687842,1.0,30,1
2690,-1.8859916108294137,-1.6745112102501367,-1.3268805653585676,0.6739786234321535,0.9346587644492832,-0.18307343218374994,1.0,0,0
196,-0.9401065565215483,0.3779062519326487,-1.3268805653585676,0.2596941943623846,2.5581380641481024,0.4461794097236907,0.0,5,0
3484,1.3816113040523033,1.7156426335339285,1.1323550297828793,-0.141643846298954,-0.0496554566279536,-0.009857642109695197,0.0,0,1
777,-1.1120856573047966,-0.45894253473116564,-1.3268805653585676,0.05255197982750017,-0.9657920693188883,0.40409873755880743,1.0,25,1
2227,0.17775759856956538,-1.0819978357509399,-0.09726276778784416,0.19496225232023337,0.09948306171708228,0.9305964497613008,1.0,5,0
2823,0.6936949009193102,0.46953203149438016,1.1323550297828793,1.9427246874583208,0.9303976639251393,-0.8289628189005628,0.0,0,0
3018,1.1236426528774308,1.5934749274516198,-0.09726276778784416,0.1302303102780819,1.3565077163395276,2.363296543933141,0.0,30,1
3063,2.585465009535041,2.442540484723665,1.1323550297828793,0.33737252481296637,1.2499802032359304,1.1096839615327807,0.0,20,1
2981,-0.08021105260530702,-1.0331307533180163,-0.09726276778784416,-0.038072739031511676,-1.2214581007675211,-0.48155261846954966,0.0,15,1
2576,0.4357262497444378,0.023619904293953574,1.1323550297828793,1.0105847220513406,1.2158913990427793,-0.5578850005360823,1.0,25,1
2938,1.4676008544439274,1.031503479473,-0.09726276778784416,-0.6465529942277348,-0.13487746711083123,2.256626933096576,0.0,30,1
645,-0.3381797037801794,0.848251920349537,-0.712071666573206,0.19496225232023337,0.8409145529181178,0.1702084899446887,0.0,0,1
806,1.1236426528774308,0.19465469280918568,1.1323550297828793,0.5445147393478507,-1.3237245133469744,1.0088860723936415,0.0,0,0
3538,-0.3381797037801794,1.6728839364051205,1.1323550297828793,1.2177269365862253,-1.153280492381219,2.086347003871235,1.0,15,1
1352,0.607705350527686,-0.46505092003528103,-0.712071666573206,-0.8666415971710495,-0.03687215505552195,-0.05095969399167438,0.0,0,0
4866,0.09176804817794125,0.1396792250721468,-0.09726276778784416,1.4507619279379702,1.6377403509330237,1.4316500346082828,0.0,30,0
121,-1.0260961069131724,-0.36731675516943413,1.1323550297828793,2.4994193890208227,0.6704705319523625,0.45596561255273343,1.0,0,1
2489,1.4676008544439274,0.5183991139273036,1.7471639285682412,1.2047805481777951,1.2542413037600744,0.7505303177069163,1.0,0,1
4808,-0.5961483549550518,0.5061823433190727,-0.09726276778784416,0.6221930697984324,1.049708478601168,-1.2047530075357995,0.0,0,0
4899,0.34973669935281365,1.5568246156269272,-0.09726276778784416,-0.141643846298954,-0.6675150326288165,1.1742729002044623,0.0,30,1
2465,-0.682137905346676,-0.24514904908712548,-0.712071666573206,-0.25816134197482643,-0.16044407025569454,0.07430370222007131,0.0,25,1
3183,-0.7681274557383001,-0.013030407530739023,-1.3268805653585676,-1.306818803057679,-1.3237245133469744,-1.0834040924556712,0.0,0,0
135,-1.5420334092629173,-1.2774661654826336,-1.3268805653585676,-1.306818803057679,-1.3237245133469744,-0.24276926944090987,0.0,10,0
2804,-1.0260961069131724,-1.79057053102833,-0.712071666573206,-1.306818803057679,-0.13061636658668735,-2.1060622880906252,0.0,0,0
3639,0.2637471489611895,0.3473643254120715,1.1323550297828793,0.7257641770658747,1.6675680546020308,1.6312885723207522,0.0,30,1
2299,-0.5101588045634277,-0.22682389317477916,0.5175461309975176,0.4279972436719784,2.2002056201200166,-0.6117091160958167,1.0,0,0
185,0.4357262497444378,-0.788795341153399,-0.712071666573206,-0.47824994491814116,-1.3237245133469744,-0.28191408075708024,0.0,10,1
1336,1.897548606402048,-0.7521450293287064,0.5175461309975176,-0.012179962214651098,-1.191630397098514,-1.5296549414600147,1.0,0,1
1667,0.2637471489611895,-0.2695825903035872,-0.09726276778784416,-0.5429818869602926,-0.7356926410151187,0.6184165795148413,0.0,15,0
512,-0.3381797037801794,-0.1718484254377403,1.1323550297828793,0.4150508552635481,1.3820743194843907,-0.7017421821230087,0.0,0,0
1322,-0.5961483549550518,-0.5444599289887817,-1.3268805653585676,-1.306818803057679,0.6747316324765064,-0.9904351655797663,1.0,0,0
4073,-0.16620060299693115,0.35347271071618697,-1.3268805653585676,0.9976383336429104,-1.3237245133469744,-0.5686498236480291,1.0,10,1
3759,0.4357262497444378,-0.11687295770070139,0.5175461309975176,0.9846919452344801,1.5567794409742899,0.06647473995683738,0.0,0,0
4229,-0.682137905346676,-1.4057422568690576,-0.712071666573206,-1.306818803057679,-1.3237245133469744,-1.515954257499355,0.0,20,1
3733,2.9294232111015375,1.6973174776215822,0.5175461309975176,-0.5818210521855834,0.4062822994554418,0.016565105528719495,1.0,20,1
3680,0.09176804817794125,0.2313050046338783,1.1323550297828793,1.852099968599309,0.24436047953797427,0.8180551172273107,0.0,0,1
743,-1.0260961069131724,0.011403133685722707,0.5175461309975176,0.5704075161647112,-1.3237245133469744,0.7309579120488314,1.0,20,0
252,0.34973669935281365,1.4651988360651957,0.5175461309975176,0.1431766986865122,0.15913846905509663,1.5177686195038582,1.0,20,1
1174,-1.0260961069131724,-1.6256441278172133,-0.712071666573206,0.46683640889726924,0.7769980450559595,-1.563906651361664,0.0,0,1
3960,-0.8541170061299242,-1.6195357425130978,-0.712071666573206,1.1788877713609345,1.1008416848908946,0.4726021573621061,1.0,0,0
3903,-1.5420334092629173,-1.8699795399818306,-1.3268805653585676,-1.306818803057679,-0.4800266095664857,-0.2594058142502825,0.0,0,0
2171,-0.8541170061299242,-0.5688934702052434,-0.09726276778784416,-0.012179962214651098,1.011358573883873,0.18978089560277422,1.0,10,1
123,0.2637471489611895,-0.18406519604597116,-0.712071666573206,-1.306818803057679,-0.3820212975111764,0.7847820276085655,1.0,20,0
2355,-1.1980752076964207,-0.42840060821058845,0.5175461309975176,-0.3876252260591293,2.123505810685426,0.7573806596872461,0.0,20,1
1670,-0.682137905346676,-1.1919487712250176,-0.09726276778784416,-0.25816134197482643,1.1306693885599017,-0.4052202364030171,1.0,0,1
1478,-1.4560438588712932,-1.8699795399818306,-0.712071666573206,1.1012094409103528,-0.10078866291768018,-1.8604285970816552,0.0,25,0
568,-0.682137905346676,-1.466826109910212,0.5175461309975176,0.5056755741225601,0.8707422565871249,-0.7291435500443281,0.0,0,0
3668,-1.1120856573047966,-0.09243941648423964,-0.09726276778784416,-1.306818803057679,0.17618287115167217,-0.05291693455748321,0.0,20,0
3201,-0.5961483549550518,0.023619904293953574,-0.712071666573206,-1.034944646480643,0.6704705319523625,0.1907595158856783,0.0,0,0
1676,-1.6280229596545415,-1.4118506421731731,-0.09726276778784416,1.0494238872766315,1.445990827346549,-1.9181671937730067,1.0,20,1
1804,-0.42416925417180357,0.3351475548038407,-0.09726276778784416,-0.9054807623963403,0.3807156963105785,-0.6772766750504021,0.0,30,1
882,0.9516635520941825,0.12746245446391594,1.7471639285682412,-0.3358396724254082,-0.4501989058974785,-0.5324408731805715,0.0,25,1
1216,-1.4560438588712932,-1.0025888267974392,-0.712071666573206,-0.18048301152424487,0.02704435280663628,0.8219695983589277,0.0,0,1
3775,1.1236426528774308,-0.9964804414933237,-0.09726276778784416,-0.25816134197482643,-1.18736929657437,-1.538462524006153,0.0,0,0
2629,-0.8541170061299242,-0.6116521673340515,-0.712071666573206,-0.4135180028759897,-1.3237245133469744,-1.0002213684088088,0.0,0,1
4426,0.7796844513109343,2.2226386137755094,1.1323550297828793,2.033349406317333,1.6547847530295994,0.08800438618073103,1.0,20,1
721,-0.08021105260530702,-0.013030407530739023,1.1323550297828793,1.1271022177272134,-1.3237245133469744,-0.343567158580049,1.0,30,0
2726,-0.3381797037801794,1.3002724328540791,-1.3268805653585676,-0.8536952087626192,1.083797282794319,-0.0998907081368875,0.0,0,1
3892,-1.4560438588712932,-0.08022264587600879,-0.712071666573206,-1.1903013073818065,0.8579589550146933,-0.676298054767498,1.0,15,0
2466,-0.7681274557383001,0.011403133685722707,-0.09726276778784416,1.2565661018115162,-1.3237245133469744,-0.025515566636163757,1.0,20,0
3211,0.005778497786317116,-0.013030407530739023,-0.712071666573206,0.23380141754552405,-0.6930816357736798,0.7877178884572784,0.0,0,0
603,1.295621753660679,1.2086466532923474,1.7471639285682412,0.8552280611501776,-0.3692379959387448,-0.2682133967964205,0.0,10,0
4199,-1.8859916108294137,1.031503479473,-0.712071666573206,-0.5041427217350017,-0.2967992870282988,0.7143213672394587,0.0,10,1
1898,0.4357262497444378,-0.9048546619315923,-0.712071666573206,-1.306818803057679,-1.3237245133469744,-0.5500560382728483,1.0,20,1
3946,-0.08021105260530702,1.5507162303228117,-0.09726276778784416,-0.06396551584837226,0.15061626800680886,1.4003341855553464,1.0,10,1
3853,-1.370054308479669,-1.7844621457242145,-0.09726276778784416,0.5833539045731415,-0.10931086396596795,-1.2438978188519703,1.0,0,0
319,1.0376531024858067,-1.2713577801785183,-0.712071666573206,-0.141643846298954,1.4204242242016858,-0.6596615099581254,0.0,10,1
3098,-0.682137905346676,-0.8437708088904379,-0.09726276778784416,-1.306818803057679,-0.07522205977281689,-0.05878865625490831,0.0,0,0
4904,0.17775759856956538,0.4023397931491104,1.7471639285682412,2.0592421831341934,-1.2555469049606722,1.6068230652481457,1.0,10,1
275,1.6395799552271757,0.19465469280918568,-1.3268805653585676,-0.931373539213201,-1.3237245133469744,-0.25744857368447366,0.0,0,0
1874,-1.1980752076964207,-0.7338198734163601,-0.09726276778784416,0.738710565474305,0.07391645857221898,-0.04019487087972755,0.0,0,1
550,0.6936949009193102,-0.5933270114217052,0.5175461309975176,0.5445147393478507,0.8025646482008228,-1.3035936561091301,1.0,15,1
4992,-0.08021105260530702,-1.7417034485954066,-0.712071666573206,1.3860299858958187,0.018522151758348513,-0.8230910972031373,1.0,0,1
4674,0.17775759856956538,2.7296345940170905,2.9767817261389644,0.7904961191080262,1.5695627425467216,2.290878642998225,0.0,0,1
4903,0.005778497786317116,0.9704196264318456,0.5175461309975176,-0.34878606083383845,0.45741550574516837,0.9579978176826203,0.0,0,0
2950,1.209632203269055,1.7584013306627364,1.1323550297828793,2.1110277367679147,-0.906136661980874,0.45009389085530765,0.0,25,0
606,0.5217158001360619,-0.9109630472357076,0.5175461309975176,0.51862196253099,0.904831060780276,0.15748642626693374,0.0,0,1
4039,-0.682137905346676,-1.2652493948744028,-0.712071666573206,-0.15459023470738428,-0.8507423551670035,-0.6029015335496783,1.0,0,0
528,0.17775759856956538,0.2740637017626863,-0.712071666573206,1.0105847220513406,0.7812591455801035,-0.6381318637342317,0.0,0,0
4065,0.17775759856956538,-0.5383515436846662,0.5175461309975176,0.0007664261937791922,-0.7186482389185431,-0.3171444109416336,1.0,20,0
4285,-0.42416925417180357,1.0681537912976926,1.1323550297828793,-0.5818210521855834,0.38923789735886627,1.3827190204630697,0.0,20,0
4913,0.34973669935281365,0.3840146372367641,-0.712071666573206,-1.306818803057679,-1.3237245133469744,-1.0354516985933622,1.0,0,1
3791,-0.5101588045634277,-1.705053136770714,-1.3268805653585676,-1.306818803057679,-1.157541592905363,-0.5569063802531782,1.0,0,1
4837,-1.8859916108294137,-1.5523435041678282,-1.3268805653585676,-0.4005716144675594,-1.3237245133469744,-0.814283514656999,1.0,0,1
1832,0.09176804817794125,0.21908823402564742,-0.712071666573206,-0.3617324492422687,0.1676606701033844,-0.5784360264770718,0.0,20,0
299,-1.8000020604377898,-0.3428832139529724,-0.09726276778784416,0.5056755741225601,-0.7058649373461114,-1.650025236257239,0.0,0,0
2806,0.09176804817794125,0.8177099938289598,0.5175461309975176,0.2985333595876755,0.8877866586837004,-0.5216760500686247,0.0,0,1
4256,1.0376531024858067,-0.6544108644628595,0.5175461309975176,0.22085502913709376,-1.3237245133469744,-0.5931153307206356,1.0,0,0
1594,-0.7681274557383001,0.7138674436589975,-0.09726276778784416,-1.034944646480643,0.5596819183246216,0.0009071810022516319,1.0,5,0
2179,0.607705350527686,0.8543603056536524,1.1323550297828793,-0.23226856515796585,-0.2627104828351477,1.2359259780274303,0.0,0,0
4932,-0.9401065565215483,0.10913729855156963,-1.3268805653585676,-1.306818803057679,-1.3237245133469744,1.416970730364719,1.0,0,1
4266,-0.5101588045634277,-1.6806195955542522,-1.3268805653585676,0.23380141754552405,-1.2427636033882405,-1.262491604227151,0.0,0,1
2178,0.5217158001360619,0.14578761037626223,-0.712071666573206,-0.5818210521855834,-1.2938968096779673,0.055709916844890545,0.0,0,0
1599,1.6395799552271757,-0.12298134300481682,-0.09726276778784416,0.8681744495586079,1.9488006891955272,-0.0793396821958979,0.0,5,1
2537,-0.8541170061299242,2.4181069435072033,-0.09726276778784416,-0.284054118791687,-0.8038702494014207,2.185187652444565,1.0,5,0
757,-0.9401065565215483,-1.2591410095702873,0.5175461309975176,-1.306818803057679,0.5000265109866072,-1.2262826537596931,0.0,15,0
1483,0.09176804817794125,-0.28179936091181806,-0.09726276778784416,-1.2679796378323882,-0.867786757263579,1.2036315086915899,0.0,5,0
2488,0.8656740017025585,1.2941640475499636,0.5175461309975176,0.47978279730569956,1.6590458535537431,2.338831036860534,1.0,15,0
2073,-1.8859916108294137,-1.2896829360908646,-1.3268805653585676,-0.3876252260591293,0.018522151758348513,-0.10380518926850446,0.0,0,0
1296,0.8656740017025585,-1.3018997066990954,-0.09726276778784416,-0.840748820354189,-0.1945328744488456,-1.2761922881878107,0.0,0,0
1097,1.6395799552271757,1.709534248229813,1.1323550297828793,-0.025126350623081387,-0.49280991113891737,1.5138541383722413,0.0,0,0
1908,0.17775759856956538,0.10913729855156963,1.1323550297828793,2.214598844035357,-0.5908152231942266,-0.2388547883092929,0.0,0,0
4784,0.34973669935281365,-0.4345089935147039,-1.3268805653585676,-0.6983385478614559,-0.7442148420634064,-0.22319686378282436,0.0,0,0
377,-0.16620060299693115,-0.11076457239658595,-0.712071666573206,1.5154938699801217,-1.3237245133469744,0.02537268807485819,0.0,25,1
4166,0.34973669935281365,0.5855913522725734,-0.09726276778784416,1.43781553952954,-0.2627104828351477,0.061581638542315645,1.0,20,0
2536,1.1236426528774308,0.9582028558236148,1.7471639285682412,1.8909391338245998,-0.5226376148079245,0.8112047752469809,0.0,0,0
4669,1.897548606402048,1.5262826891063501,0.5175461309975176,1.489601093163261,1.4758185310155563,0.9305964497613008,1.0,0,0
928,0.4357262497444378,1.0192867088647692,-0.09726276778784416,-0.6206602174108743,0.17618287115167217,1.4854741501680178,1.0,30,0
379,1.6395799552271757,0.5672661963602271,1.7471639285682412,-1.306818803057679,1.9488006891955272,-0.2662561562306124,1.0,25,1
1176,-1.6280229596545415,-0.5994353967258206,-0.09726276778784416,-0.7630704899036073,-1.161802693429507,1.1703584190728447,1.0,20,0
2457,1.0376531024858067,1.8439187249203526,-0.09726276778784416,-1.125569365339655,-0.4501989058974785,0.43541458661174387,0.0,0,1
2577,-0.8541170061299242,-0.5322431583805508,-1.3268805653585676,-0.05101912743994197,-1.0680584818983414,-1.7655024296399418,1.0,0,0
4869,2.2415068079685447,1.4774156066734265,2.3619728273536027,0.609246681390002,0.6363817277592114,2.4269068623219177,0.0,20,1
1346,2.413485908751793,2.271505696208433,1.1323550297828793,2.9266502064990223,1.769834467181484,0.6203738200806495,1.0,15,0
2620,1.7255695056187998,2.1004709076932007,-1.3268805653585676,-0.6336066058193045,-1.3237245133469744,1.5901865204387737,0.0,0,1
1685,-0.682137905346676,-0.5994353967258206,-0.712071666573206,0.09139114505279104,0.7301259392903768,-0.8632145288022122,0.0,0,1
2058,-1.8859916108294137,-1.479042880518443,-1.3268805653585676,-0.012179962214651098,0.1633995695792405,-0.10967691096593025,1.0,0,1
1537,0.7796844513109343,-0.7032779468957829,-0.712071666573206,0.3114797479961058,-0.3138436891248743,-2.337995295138935,0.0,15,0
2529,1.1236426528774308,1.086478947210039,0.5175461309975176,0.07844475664436075,-1.1021472860914925,0.4686876762304891,0.0,10,0
2288,2.3274963583601687,2.5524914201977427,0.5175461309975176,0.6610322350237232,-0.7016038368219676,-0.07444658078137686,0.0,25,1
4879,0.5217158001360619,-0.5811102408134743,2.3619728273536027,-0.141643846298954,0.4531544052210245,-1.1489716514102566,0.0,15,0
795,-1.8000020604377898,-1.821112457548907,-0.712071666573206,-1.306818803057679,0.5341153151797583,-0.03725901003101465,1.0,10,0
2521,-0.25219015338855527,-0.013030407530739023,-0.712071666573206,1.295405267036807,-1.3237245133469744,-0.9718413802045852,0.0,0,1
3521,-0.7681274557383001,-0.8926378913233614,-0.09726276778784416,1.2695124902199466,0.37645459578643464,-1.5443342457035785,0.0,0,1
1222,1.295621753660679,0.34125594010795607,1.1323550297828793,0.8163888959248867,1.6973957582710382,-0.025515566636163757,0.0,30,1
176,0.17775759856956538,-0.09854780178835508,-0.09726276778784416,0.013712814602209302,0.3125380879242764,-0.11848449351206826,1.0,30,1
1787,1.1236426528774308,-1.0697810651427089,-0.712071666573206,0.2596941943623846,-0.13061636658668735,-1.0109861915207556,0.0,0,1
3425,2.9294232111015375,1.3918982124158106,1.7471639285682412,0.7128177886574444,0.938919864973427,-0.9532475948294041,0.0,25,1
1979,1.6395799552271757,2.6013585026306663,1.1323550297828793,0.06549836823593046,1.8209676734712106,1.095004657289217,1.0,25,1
46,0.2637471489611895,1.3735730565034643,-0.09726276778784416,1.619064977247564,0.05687205647564345,1.1272991266250574,0.0,0,1
2768,1.811559056010424,-0.44061737881881935,0.5175461309975176,0.1431766986865122,-0.4075879006560397,-0.7565449179656476,1.0,0,0
860,0.6936949009193102,1.5323910744104654,2.3619728273536027,1.0105847220513406,1.6931346577468942,-0.29365752415193114,0.0,0,0
4668,0.8656740017025585,1.288055662245848,1.1323550297828793,0.4021044668551178,-0.19879397497298948,-0.015729363807120995,0.0,20,1
4168,-1.0260961069131724,-0.8682043501068997,-1.3268805653585676,-1.0867302001143642,-1.051014079801766,-0.13022793690691983,0.0,20,0
1527,1.209632203269055,1.4285485242405032,2.3619728273536027,-1.2938724146492486,-0.7442148420634064,0.5019607658492337,0.0,20,0
2192,-0.9401065565215483,-1.466826109910212,-1.3268805653585676,-1.306818803057679,0.2315771779655426,-1.6040300829607388,1.0,0,0
3011,2.413485908751793,1.5568246156269272,1.7471639285682412,0.8940672263754684,-0.684559434725392,0.6497324285677778,1.0,0,1
3014,0.09176804817794125,-1.0942146063591707,0.5175461309975176,0.7646033422911656,0.252882680586262,-1.952418903674656,1.0,0,1
1780,1.5535904048355516,2.185988301950817,-0.09726276778784416,0.3114797479961058,0.005738850185916867,1.025522617203014,0.0,10,0
1704,-1.8859916108294137,0.524507499231419,-0.712071666573206,-1.306818803057679,-1.3237245133469744,-0.1380568991701538,1.0,10,1
3114,0.7796844513109343,-0.39175029638589587,-1.3268805653585676,-0.012179962214651098,-0.578031921621795,-0.33378095575100625,1.0,15,0
2604,0.17775759856956538,0.0663786014227616,1.1323550297828793,-1.306818803057679,2.4942215562859444,0.6585400111139158,1.0,20,0
284,0.4357262497444378,1.031503479473,0.5175461309975176,2.3311163397112296,-0.6078596252908022,0.08408990504911407,1.0,10,1
1554,-0.3381797037801794,-0.30012451682416436,-0.09726276778784416,0.06549836823593046,-0.1263552660625435,0.2661132776693068,1.0,30,0
4145,1.4676008544439274,1.7034258629256975,-0.09726276778784416,-1.306818803057679,0.7514314419110962,1.3318307657520485,0.0,0,1
4712,-0.5961483549550518,0.4573152608861493,-0.09726276778784416,0.8940672263754684,-1.298157910202111,1.103812239835355,0.0,20,0
1567,-1.1980752076964207,0.4634236461902647,-0.09726276778784416,0.4021044668551178,-0.16470517077983843,-0.39739127413978315,0.0,0,1
1259,1.811559056010424,-0.13519811361304768,0.5175461309975176,0.05255197982750017,-0.9828364714154638,0.2788353413470618,1.0,10,1
857,0.34973669935281365,0.8726854615659987,-0.09726276778784416,0.36326530162982695,0.2869714847794131,1.2995362964162074,0.0,30,0
2087,-0.08021105260530702,-0.691061176287552,0.5175461309975176,-1.164408530564946,0.8750033571112689,-0.9630337976584469,1.0,5,1
2417,-0.7681274557383001,-0.605543782029936,-0.712071666573206,-0.19342939993267516,-1.3237245133469744,-0.5383125948779967,0.0,20,1
4926,1.1236426528774308,1.2391885798129247,-0.09726276778784416,-1.306818803057679,0.3679323947381469,0.475538018210819,1.0,20,0
1875,-1.1120856573047966,-1.6806195955542522,-0.712071666573206,-0.2970005072001173,-0.974314270367176,-1.837920330574857,0.0,0,1
4617,-1.8859916108294137,-0.3856419110817804,-1.3268805653585676,0.09139114505279104,0.5042876115107511,0.08800438618073103,1.0,0,1
2096,0.7796844513109343,1.5079575331940038,-1.3268805653585676,0.03960559141906988,-1.3237245133469744,3.0590955650780707,0.0,0,1
978,-0.42416925417180357,-0.746036644024591,0.5175461309975176,-0.8019096551288981,-1.3237245133469744,0.030265789489379222,1.0,15,0
1398,-0.16620060299693115,-1.2591410095702873,-0.712071666573206,0.8681744495586079,-0.9189199635533055,-0.792753868433105,0.0,20,1
2460,-1.8859916108294137,-1.0025888267974392,-1.3268805653585676,0.27264058277081493,-1.3237245133469744,0.41486356067075425,1.0,0,0
4570,0.4357262497444378,-0.02524717813896989,-0.09726276778784416,-0.750124101495177,2.1192447101612824,-0.39739127413978315,0.0,20,1
1942,0.09176804817794125,-1.821112457548907,-1.3268805653585676,-0.08985829266523283,-1.1404971908087875,-1.3789474178927583,0.0,0,0
2527,-0.08021105260530702,-0.47726769064351193,-0.09726276778784416,2.486473000612392,-1.3237245133469744,1.3445528294298035,0.0,0,0
953,0.5217158001360619,-1.4118506421731731,-0.712071666573206,-0.37467883765069904,-0.288277085980011,-1.3006577952604172,1.0,20,1
100,-0.9401065565215483,-1.4179590274772886,-0.712071666573206,-0.8795879855794798,-0.9274421646015933,-1.8193265451996763,0.0,25,0
1074,-1.6280229596545415,-0.5566766995970126,-0.712071666573206,-0.42646439128442,-1.3237245133469744,0.08115404420040116,0.0,25,0
4465,1.0376531024858067,-0.8132288823698607,-0.712071666573206,-0.2970005072001173,-0.33941029226973757,0.7211717092197886,0.0,0,1
3465,0.5217158001360619,0.8971190027824605,1.7471639285682412,0.22085502913709376,0.5980318230419165,0.2367546691821785,1.0,20,1
4896,-0.08021105260530702,1.7400761747503901,0.5175461309975176,-0.23226856515796585,1.4033798221051101,0.70551378469332,0.0,0,1
352,0.8656740017025585,0.6833255171384203,1.7471639285682412,-0.20637578834110526,2.460132752092793,0.28764292389320045,0.0,0,0
2747,1.1236426528774308,1.3247059740705407,0.5175461309975176,-0.24521495356639614,1.884884181333369,0.29938636728805135,1.0,20,1
1159,-1.8859916108294137,-1.8699795399818306,-1.3268805653585676,-0.3099468956085476,0.1633995695792405,0.012650624397102529,0.0,0,1
1057,0.17775759856956538,-0.422292222906473,-1.3268805653585676,-1.306818803057679,-1.3237245133469744,0.5293621337705531,1.0,0,0
965,0.005778497786317116,1.7339677894462748,-0.09726276778784416,0.10433753346122134,-0.4800266095664857,1.5079824166748155,0.0,20,0
719,-0.3381797037801794,0.7627345260919209,-1.3268805653585676,-0.25816134197482643,0.5724652198970532,0.5871007304619049,0.0,15,0
2776,2.757444110318289,0.34125594010795607,1.7471639285682412,-0.5170891101434321,0.9559642670700026,1.2212466737838665,1.0,20,0
3576,-1.8859916108294137,-0.5688934702052434,-1.3268805653585676,-1.1514621421565157,-0.7697814452082697,-0.09695484728817459,0.0,0,1
1539,-0.9401065565215483,-0.6971695615916675,-0.09726276778784416,1.8650463570077391,-1.3237245133469744,-0.26332029538189944,0.0,20,1
309,0.607705350527686,1.5262826891063501,-0.09726276778784416,-1.2032476957902367,-0.8720478577877229,0.9217888672151621,1.0,0,1
1535,2.0695277071852964,-0.31844967273651065,0.5175461309975176,0.7516569538827352,-0.2541882817868599,-1.5071466749532165,0.0,25,0
834,-0.42416925417180357,-0.972046900276862,1.1323550297828793,-0.3099468956085476,-1.3237245133469744,-1.0530668636856388,1.0,10,1
367,-0.7681274557383001,-0.9048546619315923,-1.3268805653585676,-1.306818803057679,-0.6462095300080971,-0.8093904132424776,1.0,0,0
3397,-0.9401065565215483,-1.1003229916632862,-0.712071666573206,1.0882630525019223,-1.3237245133469744,-0.5549491396873694,1.0,30,1
2094,0.8656740017025585,-0.08633103118012422,-0.712071666573206,0.7775497306995959,-0.1476607686832629,0.29645050643933846,1.0,20,1
4867,-0.9401065565215483,-1.8699795399818306,-1.3268805653585676,-1.306818803057679,-0.07522205977281689,-2.274384976750158,1.0,0,0
3782,-1.8859916108294137,-0.5505683142928971,-1.3268805653585676,-0.9572663160300615,1.6334792504088798,-1.1675654367854376,0.0,0,0
2556,-0.42416925417180357,-0.08022264587600879,-0.712071666573206,-0.9831590928469222,-1.3237245133469744,0.27394223993254074,1.0,0,0
1127,1.811559056010424,1.5995833127557353,2.3619728273536027,0.9717455568260498,0.2997547863518447,1.6019299638336246,1.0,0,1
20,-0.08021105260530702,0.7566261407878055,-1.3268805653585676,-1.306818803057679,-1.3237245133469744,-0.70663528353753,0.0,0,0
3266,0.4357262497444378,0.43899010497380303,-1.3268805653585676,-0.20637578834110526,-0.7996091488772769,0.2201181243728066,0.0,25,0
2944,-0.3381797037801794,-0.0008136369225081579,-0.09726276778784416,2.7971863224147193,1.007097473359729,2.132342157167735,0.0,0,1
2590,0.607705350527686,2.094362522389085,1.1323550297828793,0.453890020488839,-0.015566652434802543,1.3973983247066335,0.0,5,1
219,-0.16620060299693115,0.7138674436589975,2.3619728273536027,1.2047805481777951,-0.578031921621795,1.0773894921969402,0.0,25,1
2639,0.6936949009193102,-0.04968071935543162,0.5175461309975176,-1.306818803057679,-0.05817765767624136,-0.3259519934877723,0.0,20,1
439,-0.682137905346676,-0.06189748996366248,-0.712071666573206,-0.4911963333265715,0.3125380879242764,-1.17735163961448,1.0,15,0
1966,0.5217158001360619,0.5183991139273036,-0.712071666573206,0.5833539045731415,-1.3237245133469744,0.43541458661174387,0.0,10,0
3376,-0.5961483549550518,0.5306158845355345,-1.3268805653585676,-1.306818803057679,-0.6291651279115216,0.2700277588009238,1.0,0,0
3304,1.0376531024858067,0.7871680673083827,1.7471639285682412,-1.306818803057679,-0.5609875195252194,-0.6714049533529767,0.0,10,0
4282,-1.8859916108294137,-1.8699795399818306,-0.712071666573206,1.6967433076981457,0.11226636328951392,-0.4972105429960182,0.0,0,1
2433,-1.0260961069131724,0.7993848379166135,0.5175461309975176,0.026659203010639593,1.1860636953737722,1.248648041705186,0.0,15,0
4661,-1.6280229596545415,-0.8620959648027842,-1.3268805653585676,-1.0608374232975037,-1.3237245133469744,-0.7076139038204344,1.0,0,1
3780,-1.8859916108294137,-0.831554038282207,1.1323550297828793,-0.05101912743994197,-1.2768524075813916,-1.282064009885236,1.0,0,0
2779,0.5217158001360619,0.18243792220095484,0.5175461309975176,0.23380141754552405,0.12504966486194558,2.0413304708576385,0.0,0,1
803,0.34973669935281365,0.7993848379166135,0.5175461309975176,1.3471908206705279,1.6462625519813114,3.739236661696533,1.0,25,1
3013,-0.42416925417180357,-0.09243941648423964,-0.712071666573206,0.026659203010639593,-0.13061636658668735,0.06353887910812447,1.0,5,0
2289,1.0376531024858067,-0.055789104659547055,-0.09726276778784416,-0.11575106948209342,-0.09652756239353631,-0.09597622700527053,0.0,0,0
3742,-0.7681274557383001,-0.39175029638589587,-1.3268805653585676,-1.306818803057679,-1.3237245133469744,0.012650624397102529,1.0,0,0
4451,-0.7681274557383001,0.023619904293953574,1.1323550297828793,0.557461127756281,1.7272234619400453,0.09583334844396496,1.0,25,1
583,-0.3381797037801794,1.1903214973800011,-0.712071666573206,-1.164408530564946,-0.8507423551670035,0.9364681714587266,1.0,15,1
204,0.6936949009193102,-0.7582534146328218,-0.712071666573206,0.23380141754552405,-1.3237245133469744,-1.6187093872043026,1.0,0,0
4061,0.2637471489611895,0.9337693146071531,-0.09726276778784416,-1.306818803057679,-0.06669985872452913,1.0656460488020891,0.0,0,0
3432,1.4676008544439274,0.9093357733906914,-0.712071666573206,-0.8148560435373283,-0.7783036462565575,0.3943125347297647,1.0,20,1
2265,0.5217158001360619,0.75051775548369,-0.09726276778784416,-0.23226856515796585,0.325321389496708,1.2731135487777925,1.0,10,0
2196,-1.8859916108294137,0.19465469280918568,0.5175461309975176,1.6320113656559943,-0.1220941655383996,-0.15077896284790943,1.0,0,1
3423,1.1236426528774308,0.7566261407878055,-0.09726276778784416,0.8552280611501776,-0.05817765767624136,0.9697412610774712,0.0,5,1
1607,0.5217158001360619,0.10913729855156963,-0.712071666573206,0.4021044668551178,-0.20731617602127725,-0.05095969399167438,0.0,20,1
1048,0.607705350527686,-0.20239035195831745,-0.712071666573206,0.51862196253099,0.687514934048938,0.41779942151946714,0.0,20,1
1425,0.17775759856956538,0.029728289598069006,-0.09726276778784416,-0.4005716144675594,-1.3109412117745427,0.32385187436065793,0.0,25,1
2882,0.9516635520941825,1.2391885798129247,1.1323550297828793,-0.840748820354189,-0.024088853483090308,1.7360009425915084,0.0,20,0
1963,-0.25219015338855527,-0.3428832139529724,-0.09726276778784416,-1.306818803057679,-0.9700531698430321,-0.7555662976827432,0.0,0,0
3366,-1.2840647580880449,-0.6666276350710904,-0.712071666573206,-0.8019096551288981,0.9602253675941465,-1.8525996348184213,1.0,0,0
518,-0.682137905346676,0.9520944705194994,2.9767817261389644,-0.07691190425680254,0.542637516228046,-0.2016672175589307,0.0,0,1
2985,-1.370054308479669,-0.36731675516943413,-0.712071666573206,-0.7242313246783165,0.7855202461042473,-0.05389555484038728,1.0,5,1
3337,-0.25219015338855527,0.9276609293030377,0.5175461309975176,0.09139114505279104,-0.8464812546428596,-0.45219400998242204,0.0,0,0
4856,1.295621753660679,0.31071401358737893,-1.3268805653585676,0.46683640889726924,0.4020211989312979,-1.0726392693437243,0.0,0,0
669,-0.5101588045634277,-0.8620959648027842,-1.3268805653585676,-1.2420868610155276,-1.3237245133469744,-3.224625271450197,0.0,15,1
3113,1.6395799552271757,0.3290391694997252,1.1323550297828793,1.528440258388552,1.9360173876230955,0.6800696573378094,1.0,0,0
1428,0.9516635520941825,-0.5811102408134743,-0.712071666573206,-0.4005716144675594,0.21027167534482322,-0.8465779839928396,0.0,25,0
4922,0.8656740017025585,2.2409637696878555,-0.712071666573206,0.648085846615293,-1.3237245133469744,0.8562213082605771,0.0,10,1
4507,0.7796844513109343,0.10913729855156963,-0.09726276778784416,0.013712814602209302,0.580987420945341,-1.0325158377446495,0.0,0,1
1261,1.0376531024858067,-0.013030407530739023,1.1323550297828793,0.2855869711792452,-1.3237245133469744,-0.46980917507469877,1.0,20,1
2440,-0.16620060299693115,0.9765280117359612,-0.09726276778784416,-1.306818803057679,-1.1234527887122119,0.8973233601425555,1.0,0,1
3768,0.4357262497444378,0.3229307841956098,-0.09726276778784416,-0.6206602174108743,-1.1660637939536507,0.7671668625162888,1.0,10,1
4270,-0.16620060299693115,-0.13519811361304768,-0.09726276778784416,-0.025126350623081387,1.8721008797609373,-0.0910831255907488,1.0,0,0
3358,-0.5101588045634277,1.3796814418075796,0.5175461309975176,-1.306818803057679,1.8678397792367933,0.9384254120245348,0.0,0,1
3408,1.7255695056187998,-0.6849527909834366,-0.09726276778784416,-0.2970005072001173,-0.30106038755244263,-0.13903551945305784,0.0,0,0
1376,0.34973669935281365,0.2862804723709172,2.3619728273536027,0.5704075161647112,-0.18174957287641394,-0.4287071231927196,1.0,20,0
760,0.4357262497444378,-1.8699795399818306,-0.09726276778784416,-0.06396551584837226,0.15913846905509663,-1.4924673707096527,0.0,0,0
2848,-0.5961483549550518,0.04805344551041531,-1.3268805653585676,-0.9702127044384918,0.7343870398145207,-0.4825312387524537,0.0,20,0
4333,1.5535904048355516,0.8971190027824605,2.3619728273536027,2.784239934006289,-1.3237245133469744,-1.0217510146327025,1.0,30,1
2686,0.17775759856956538,-1.3202248626114417,-0.09726276778784416,0.05255197982750017,-0.09652756239353631,-1.0100075712378516,0.0,30,0
3022,1.5535904048355516,-0.5872186261175897,-0.09726276778784416,-0.2711077303832567,3.8705570255844184,-1.1558219933905864,1.0,0,0
4396,0.2637471489611895,0.2374133899379937,-0.712071666573206,-1.073783811705934,-0.08800536134524854,-0.18209481190084517,0.0,10,0
2510,-0.3381797037801794,-0.8926378913233614,-1.3268805653585676,-0.07691190425680254,-0.8848311593601546,-0.8279841986176587,1.0,20,0
215,-0.3381797037801794,0.31071401358737893,0.5175461309975176,-0.6465529942277348,0.22305497691725487,-0.2887644227374101,0.0,25,1
3347,0.2637471489611895,-1.3507667891320188,-0.09726276778784416,-0.5688746637771531,-0.13913856763497512,-0.3924981727252621,1.0,0,1
1484,0.34973669935281365,1.7400761747503901,1.1323550297828793,3.0690604789917555,-0.10931086396596795,0.46477319509887216,1.0,30,1
694,-1.8859916108294137,0.3656894813244178,-1.3268805653585676,0.20790864072866364,-0.7868258473048452,-1.120591663206033,0.0,15,0
2183,-1.8859916108294137,-1.3568751744361343,-0.712071666573206,-0.8278024319457586,-0.9530087677464566,-2.0551740333796036,0.0,0,1
4732,-0.3381797037801794,-0.10465618709247052,-0.712071666573206,-0.7371777130867467,0.6789927330006502,-0.2613630548160906,0.0,15,1
2134,0.34973669935281365,-0.22682389317477916,-0.09726276778784416,-0.7889632667204678,2.221511122740736,-0.42381402177819855,0.0,0,1
1116,0.09176804817794125,1.3613562858952333,-0.712071666573206,-1.2032476957902367,-1.3194634128228304,1.8142905652238497,0.0,30,1
1785,0.6936949009193102,-0.0069220222266235905,-0.09726276778784416,-0.7760168783120376,-0.3777601969870325,0.5734000465012452,1.0,20,1
4739,0.8656740017025585,-0.037463948747200757,-0.09726276778784416,-0.4911963333265715,1.4545130283948369,-0.28289270103998426,1.0,15,0
1213,-0.16620060299693115,0.8116016085248444,0.5175461309975176,-0.7242313246783165,3.2782640527284186,1.360210753956272,1.0,0,0
4882,0.2637471489611895,0.3290391694997252,-0.09726276778784416,-0.141643846298954,1.0411862775528802,-0.18894515388117503,0.0,25,0
197,0.6936949009193102,0.396231407844995,0.5175461309975176,-0.7371777130867467,-1.3237245133469744,-0.7203359674981897,1.0,0,1
4606,0.17775759856956538,0.7444093701795746,3.5915906249243266,3.250309916709779,1.769834467181484,1.9023663906852333,0.0,5,1
4729,0.34973669935281365,-0.9964804414933237,0.5175461309975176,0.19496225232023337,1.0411862775528802,-1.643174894276909,1.0,0,0
1058,0.4357262497444378,-0.7643617999369373,-0.712071666573206,-1.021998258072213,-0.9956197729878954,-0.870064870782542,0.0,0,1
880,0.005778497786317116,1.0498286353853463,-0.09726276778784416,0.46683640889726924,-0.44167670484919075,0.2484981125770301,0.0,20,1
1823,1.295621753660679,2.7785016764500137,0.5175461309975176,-0.23226856515796585,0.6108151246143482,2.659818489653132,0.0,15,1
1938,-1.1980752076964207,-1.112539762271517,-1.3268805653585676,-0.6206602174108743,0.12504966486194558,-0.02160108550454679,0.0,0,1
1331,-1.8859916108294137,0.3656894813244178,-0.712071666573206,-0.45235716810128057,-0.1263552660625435,0.22696846635313644,1.0,0,1
2269,-1.8859916108294137,0.75051775548369,0.5175461309975176,-0.038072739031511676,-0.6632539321046726,1.6811982067488702,1.0,0,1
888,-0.42416925417180357,1.581258156843389,0.5175461309975176,0.9976383336429104,-0.9657920693188883,0.5039180064150425,0.0,0,1
3033,-1.2840647580880449,-0.15963165482950942,-1.3268805653585676,1.43781553952954,-0.2541882817868599,1.5627851525174543,0.0,0,1
69,0.8656740017025585,-0.20849873726243287,-1.3268805653585676,0.0007664261937791922,1.1818025948496282,0.7387868743120654,0.0,0,0
2498,-1.8859916108294137,-0.7521450293287064,-0.09726276778784416,0.5056755741225601,-1.0936250850432048,0.0009071810022516319,1.0,5,0
1936,1.6395799552271757,0.396231407844995,0.5175461309975176,-0.45235716810128057,-0.7016038368219676,1.969891190205627,1.0,10,0
569,0.607705350527686,0.17022115159272397,-0.09726276778784416,-0.5688746637771531,-0.1945328744488456,-0.6371532434513273,0.0,10,1
1653,0.5217158001360619,-0.5261347730764354,0.5175461309975176,-0.16753662311581458,1.4630352294431246,-0.8309200594663713,1.0,0,0
97,-1.370054308479669,0.2862804723709172,-1.3268805653585676,-1.306818803057679,0.05687205647564345,0.6781124167720013,0.0,0,0
1021,0.34973669935281365,0.07248698672687703,-0.09726276778784416,0.026659203010639593,0.31679918844842025,-0.029430047767780722,0.0,0,0
2875,0.09176804817794125,0.023619904293953574,1.7471639285682412,0.10433753346122134,0.7514314419110962,-0.3572678425407087,1.0,30,1
140,3.015412761493162,1.9111109632656222,1.7471639285682412,0.22085502913709376,1.3522466158153836,1.0587957068217593,0.0,0,1
3104,1.1236426528774308,1.7706181012709674,0.5175461309975176,0.3114797479961058,-0.5482042179527878,1.2731135487777925,0.0,0,1
2618,0.9516635520941825,1.2208634239005784,1.7471639285682412,0.07844475664436075,-0.2414049802144283,0.6859413790352352,0.0,0,1
1506,0.5217158001360619,1.1353460296429623,0.5175461309975176,0.6739786234321535,-0.4246323027526152,1.2329901171787174,1.0,25,0
1363,-1.8000020604377898,-1.1491900740962095,-1.3268805653585676,0.11728392186965161,0.19322727324824768,-0.4247926420611026,1.0,0,0
2648,-0.5101588045634277,0.9887447823441919,0.5175461309975176,0.3762116900382572,0.6491650293316431,0.10953403240462468,0.0,25,1
3287,-1.370054308479669,-1.6195357425130978,-0.712071666573206,1.709689696106576,-0.3138436891248743,-1.0589385853830646,1.0,25,0
4765,1.209632203269055,1.4346569095446187,-0.09726276778784416,-0.06396551584837226,0.6704705319523625,1.3014935369820162,1.0,20,0
2293,1.209632203269055,0.40844817845322584,1.1323550297828793,0.6610322350237232,-0.1263552660625435,-0.47274503592341166,0.0,25,1
4424,-0.682137905346676,0.3290391694997252,0.5175461309975176,1.0753166640934921,-0.6291651279115216,0.06745336023974144,1.0,0,1
464,-1.8859916108294137,-1.0819978357509399,-0.712071666573206,1.2565661018115162,1.3181578116222326,-0.9503117339806916,1.0,10,1
2896,-1.2840647580880449,-1.3263332479155572,-1.3268805653585676,-0.08985829266523283,-0.7996091488772769,-2.806754410650077,1.0,20,0
4188,-0.3381797037801794,-0.7521450293287064,0.5175461309975176,-0.840748820354189,-0.9359643656498811,0.5782931479157662,1.0,25,1
2005,-1.4560438588712932,-1.436284183389635,-0.712071666573206,0.7904961191080262,-0.37349909646288865,-2.2264325828878495,1.0,0,0
595,-1.2840647580880449,-0.2329322784788946,-0.09726276778784416,0.013712814602209302,-1.2214581007675211,0.6428820865874479,1.0,0,1
1339,2.8434336607099135,2.546383034893627,0.5175461309975176,0.9458527800091893,1.6164348483123043,3.183380341006913,0.0,20,1
626,-0.5101588045634277,0.8543603056536524,-1.3268805653585676,-1.306818803057679,-0.4757655090423418,0.5557848814089685,1.0,20,0
451,-0.16620060299693115,-0.28179936091181806,-0.09726276778784416,-0.6465529942277348,-1.3237245133469744,1.016715034656876,0.0,0,1
3748,0.9516635520941825,0.7932764526124981,0.5175461309975176,-0.3358396724254082,0.1889661727241038,0.1643367682472636,0.0,0,1
4302,1.1236426528774308,-0.31844967273651065,0.5175461309975176,0.06549836823593046,1.0326640765045925,-0.6939132198597747,1.0,0,0
4326,-0.42416925417180357,1.31248920346231,-0.712071666573206,-1.306818803057679,-0.49280991113891737,0.10757679183881586,1.0,0,1
4836,-0.7681274557383001,-1.6806195955542522,-1.3268805653585676,1.4637083163464004,0.46593770679345614,-1.8545568753842296,1.0,0,0
1593,-0.16620060299693115,0.622241664097266,0.5175461309975176,-1.073783811705934,0.7514314419110962,-0.762416639663073,0.0,20,0
1050,0.4357262497444378,0.054161830814530736,-0.712071666573206,-1.1514621421565157,-0.3308880912214498,-1.045237901422405,0.0,25,0
3554,-1.7140125100461656,-0.0069220222266235905,-1.3268805653585676,0.8681744495586079,2.0169782975818293,1.093047416723408,0.0,15,0
1910,0.4357262497444378,2.332589549249587,0.5175461309975176,0.6221930697984324,-0.6419484294839533,2.013929102936319,1.0,25,1
4600,1.983538156793672,-0.5933270114217052,-0.09726276778784416,-0.45235716810128057,-0.8933533604084423,0.8611144096750981,1.0,0,0
4011,0.34973669935281365,1.581258156843389,1.1323550297828793,1.295405267036807,-0.97857537089132,1.8955160487049034,1.0,15,1
151,-0.16620060299693115,1.3918982124158106,1.7471639285682412,0.7775497306995959,0.33810469106913965,2.1695297279180963,1.0,0,1
1737,-1.370054308479669,0.9398776999112685,1.1323550297828793,0.6351394582068627,-1.3237245133469744,-0.19285963501279269,1.0,20,1
3967,-1.0260961069131724,-0.831554038282207,-0.09726276778784416,-1.306818803057679,0.7301259392903768,-0.843642123144127,0.0,25,0
4685,-0.682137905346676,-1.045347523926247,-1.3268805653585676,-1.1903013073818065,0.4148045005037296,-2.0845326418667316,0.0,0,1
1481,0.4357262497444378,0.005294748381607275,-0.712071666573206,-1.306818803057679,0.018522151758348513,0.1408498814575611,1.0,20,1
89,0.5217158001360619,-1.0697810651427089,-1.3268805653585676,-1.306818803057679,0.8068257487249667,-1.601094222112026,0.0,20,0
458,-0.8541170061299242,0.7260842142672284,0.5175461309975176,-0.4911963333265715,0.018522151758348513,0.20348157956343396,0.0,25,0
4376,-1.8859916108294137,-0.5872186261175897,-0.09726276778784416,-1.2420868610155276,-1.2044136986709457,-0.8955089981380526,0.0,0,1
2941,1.7255695056187998,0.7627345260919209,-0.09726276778784416,0.9717455568260498,-0.20731617602127725,-0.11652725294626012,0.0,0,1
3286,1.0376531024858067,1.2697305063335018,1.1323550297828793,0.6221930697984324,-0.20305507549713336,0.27100637908382785,0.0,20,1
4891,0.607705350527686,0.29849724297914804,0.5175461309975176,-0.18048301152424487,0.4020211989312979,-0.5559277599702733,1.0,0,0
2017,0.005778497786317116,1.343031129982887,-0.09726276778784416,-1.306818803057679,1.0454473780770241,0.5205545512244151,0.0,20,1
1671,-0.08021105260530702,-0.21460712256654832,-0.09726276778784416,1.8262071917824483,0.19748837377239156,1.1126198223814936,1.0,0,0
3665,-0.16620060299693115,0.4573152608861493,-0.712071666573206,0.33737252481296637,0.2145327758689671,-0.14686448171629177,0.0,0,0
832,1.6395799552271757,0.9887447823441919,-0.09726276778784416,2.0851349599510542,-0.8209146514979963,0.11344851353624165,0.0,30,1
240,-0.5101588045634277,-0.44061737881881935,0.5175461309975176,2.0851349599510542,1.0241418754563048,-0.2476623708554309,1.0,20,0
4692,0.34973669935281365,1.1109124884265007,0.5175461309975176,2.654776049921986,-1.3237245133469744,-0.0705320996497599,0.0,0,0
1000,0.8656740017025585,-0.8498791941945534,2.9767817261389644,-0.08985829266523283,0.9644864681182903,-0.1869879133153669,0.0,25,1
1449,-0.3381797037801794,-0.5994353967258206,-1.3268805653585676,-1.306818803057679,-0.3820212975111764,1.3778259190485487,0.0,15,0
2916,1.983538156793672,0.5306158845355345,1.1323550297828793,0.6351394582068627,-1.3237245133469744,0.5469772988628299,1.0,20,0
1974,1.7255695056187998,0.5794829669684579,2.9767817261389644,0.7775497306995959,2.174639016975153,0.876772334201566,0.0,0,1
2996,-0.7681274557383001,-0.8620959648027842,0.5175461309975176,0.5315683509394203,-0.3777601969870325,-0.7193573472152853,1.0,0,0
193,-0.42416925417180357,0.07248698672687703,-0.09726276778784416,-0.8148560435373283,0.17192177062752828,0.5048966266979465,0.0,20,1
4240,0.6936949009193102,0.48785718740672646,-0.09726276778784416,0.4150508552635481,-1.3237245133469744,-0.3553106019748999,0.0,0,0
3762,0.7796844513109343,0.4145565637573413,-1.3268805653585676,-1.306818803057679,-0.8166535509738524,-0.06955347936685514,0.0,20,1
3862,0.7796844513109343,0.7932764526124981,-0.712071666573206,-1.306818803057679,-1.3237245133469744,0.8190337375102148,0.0,30,0
945,0.2637471489611895,1.2391885798129247,-0.09726276778784416,-0.5041427217350017,-0.11357196449011184,1.748723006269264,1.0,25,0
4191,1.0376531024858067,-0.0008136369225081579,2.9767817261389644,0.5704075161647112,1.0284029759804485,-0.404241616120113,0.0,0,1
1184,0.6936949009193102,-0.019138792834854458,1.7471639285682412,0.23380141754552405,0.542637516228046,-0.018665224655833892,1.0,5,0
4241,0.005778497786317116,-0.6971695615916675,-0.09726276778784416,0.23380141754552405,0.6321206272350676,-2.0434305899847525,1.0,0,0
1033,-0.5101588045634277,1.0498286353853463,0.5175461309975176,1.5413866467969821,0.6022929235660603,0.5420841974483088,1.0,30,0
4435,1.983538156793672,1.6056916980598508,1.7471639285682412,0.27264058277081493,-0.24566608073857218,1.813311944940945,1.0,5,1
4691,1.1236426528774308,1.0742621766018081,-1.3268805653585676,-0.6724457710445954,-0.867786757263579,-1.4513653188276736,1.0,0,1
2032,-0.5101588045634277,1.2697305063335018,0.5175461309975176,-0.32289328401697787,1.092319483842607,-1.0471951419882133,0.0,10,1
3429,1.983538156793672,2.5524914201977427,2.3619728273536027,0.8422816727417473,2.400477344754779,0.691813100732661,1.0,10,1
2132,2.413485908751793,1.3185975887664254,1.7471639285682412,0.9717455568260498,1.4800796315397,0.751508937989821,1.0,20,0
3974,1.7255695056187998,-0.22682389317477916,0.5175461309975176,0.4927291857141298,1.1690192932771968,-0.5911580901548271,1.0,0,0
3485,0.8656740017025585,0.4939655727108419,0.5175461309975176,0.2855869711792452,-1.18736929657437,0.44422216915788254,0.0,25,0
4330,-1.8000020604377898,-0.7643617999369373,-0.712071666573206,-1.306818803057679,-1.3237245133469744,-1.4777880664660885,1.0,20,0
1833,-1.1120856573047966,0.2740637017626863,-0.09726276778784416,-0.08985829266523283,-1.3237245133469744,-0.6616187505239339,0.0,0,1
2955,-1.8859916108294137,-1.3141164773073262,-1.3268805653585676,1.3860299858958187,-0.6334262284356654,-1.146035790561544,0.0,0,0
2986,-0.42416925417180357,-0.09243941648423964,0.5175461309975176,3.0690604789917555,-0.9657920693188883,0.002864421568059767,0.0,15,1
3241,1.1236426528774308,-0.5383515436846662,1.7471639285682412,1.8262071917824483,0.7130815371938013,0.423671143216893,1.0,20,1
1624,1.209632203269055,0.945986085215384,-0.09726276778784416,-0.9702127044384918,-0.650470630532241,0.8660075110896192,1.0,0,1
4906,1.295621753660679,-0.6971695615916675,-0.712071666573206,-0.284054118791687,-0.8379590535945718,-1.0697034084950114,1.0,10,0
4927,1.209632203269055,-0.013030407530739023,0.5175461309975176,-0.21932217674953555,0.8494367539664055,0.8395847634512045,1.0,25,1
192,-0.16620060299693115,0.37179786662853326,0.5175461309975176,0.7128177886574444,-0.5311598158562123,-0.22906858548025014,1.0,15,1
1488,-1.370054308479669,-0.7216031028081292,-0.712071666573206,-0.42646439128442,-0.13913856763497512,-1.0276227363301282,0.0,30,1
3099,2.0695277071852964,1.0009615529524227,-0.712071666573206,-1.0867302001143642,-0.5993374242425143,0.08115404420040116,0.0,15,0
3332,0.005778497786317116,2.045495439956162,-0.712071666573206,-0.9702127044384918,-0.5354209163803562,2.0980904472660855,1.0,0,1
3830,-1.1980752076964207,0.017511518989838142,-0.09726276778784416,-1.306818803057679,0.29549368582770086,-0.6400891043000402,1.0,0,1
4476,0.5217158001360619,-0.0008136369225081579,-0.712071666573206,-1.2938724146492486,1.7101790598434696,0.054731296561985776,0.0,0,1
1730,0.005778497786317116,-1.595102201296636,-0.712071666573206,-0.5818210521855834,1.1051027854150384,0.12519195693109256,1.0,0,0
4027,-0.682137905346676,0.12746245446391594,-0.09726276778784416,0.8552280611501776,-1.3237245133469744,0.01460786496291136,0.0,0,1
2808,-1.8859916108294137,-0.5933270114217052,-0.09726276778784416,-1.306818803057679,-0.20731617602127725,-0.3680326656526556,0.0,0,0
3663,-0.42416925417180357,-0.055789104659547055,-0.712071666573206,1.6837969192897153,1.1008416848908946,0.9080881832545024,0.0,0,0
4585,-0.3381797037801794,0.34125594010795607,-0.09726276778784416,1.9168319106414602,-0.09652756239353631,0.33657393803841357,0.0,0,1
3414,-0.3381797037801794,-1.0209139827097855,-0.712071666573206,-0.7889632667204678,0.1633995695792405,0.19565261730020003,0.0,0,1
4933,1.811559056010424,0.6466752053137277,1.1323550297828793,0.9329063916007589,0.3679323947381469,0.5068538672637554,0.0,10,1
4877,0.9516635520941825,-0.4955928465558582,-1.3268805653585676,-0.9961054812553524,-0.3777601969870325,-0.03138728833358886,0.0,0,1
167,0.9516635520941825,-1.2713577801785183,0.5175461309975176,0.738710565474305,1.3479855152912397,-0.6792339156162106,1.0,0,0
1615,-0.682137905346676,1.1903214973800011,0.5175461309975176,-0.607713829002444,-0.5311598158562123,0.5401269568824999,0.0,5,0
3277,1.0376531024858067,-0.41007545229824216,0.5175461309975176,1.0105847220513406,0.0014777496617729847,-1.4131991277944074,0.0,25,0
1025,-1.8859916108294137,-1.8699795399818306,-1.3268805653585676,-1.2679796378323882,-1.012664175084471,-3.224625271450197,1.0,0,0
1452,0.5217158001360619,0.5306158845355345,-0.712071666573206,0.07844475664436075,-0.20305507549713336,-0.3602037033894209,0.0,15,1
4332,-1.1980752076964207,-1.3629835597402498,-0.712071666573206,-0.6724457710445954,-0.6035985247666583,-0.03138728833358886,0.0,20,0
2237,0.005778497786317116,1.5140659184981191,1.1323550297828793,-0.47824994491814116,-0.3905434985594642,0.11149127297043351,0.0,25,0
2330,1.0376531024858067,1.5507162303228117,-0.09726276778784416,-0.07691190425680254,-1.0595362808500537,-0.6743408142016896,0.0,30,1
4391,0.17775759856956538,-0.20849873726243287,1.7471639285682412,-0.5429818869602926,1.3820743194843907,-0.15762930482823861,0.0,0,1
3313,-0.16620060299693115,0.75051775548369,2.3619728273536027,1.0494238872766315,0.0014777496617729847,0.8160978766615019,1.0,20,1
4718,-0.3381797037801794,-0.2695825903035872,-0.09726276778784416,-0.025126350623081387,-0.22862167864199665,-1.4807239273148014,1.0,0,0
153,-1.7140125100461656,-0.8254456529780916,-0.09726276778784416,-1.306818803057679,1.122147187511614,-0.4061988566859218,1.0,0,0
4024,-1.6280229596545415,-0.422292222906473,-0.712071666573206,-1.306818803057679,-1.1234527887122119,0.029287169206475155,1.0,0,1
4699,1.1236426528774308,0.48785718740672646,-0.09726276778784416,-1.306818803057679,0.03982765437906793,0.47651663849372305,0.0,0,1
3400,-0.5101588045634277,0.43899010497380303,-0.09726276778784416,-1.306818803057679,1.2116302985186356,0.16922986966178463,1.0,25,1
1972,-0.3381797037801794,1.1231292590347315,2.3619728273536027,0.47978279730569956,0.218793876393111,0.10855541212172062,1.0,5,1
1182,0.8656740017025585,1.1903214973800011,2.9767817261389644,2.4087946701618104,0.8750033571112689,-0.18600929303246283,1.0,0,1
2990,1.4676008544439274,0.3779062519326487,0.5175461309975176,0.9199600031923287,2.2854276306028942,1.2701776879290796,1.0,0,1
4329,0.607705350527686,-1.4179590274772886,-0.09726276778784416,-0.6465529942277348,-0.6078596252908022,-1.123527524054746,0.0,10,1
2115,0.5217158001360619,-1.1247565328797478,-0.09726276778784416,0.11728392186965161,-0.4075879006560397,0.5489345394286387,1.0,25,0
4833,-1.1120856573047966,-0.9781552855809774,-0.712071666573206,-0.840748820354189,1.1604970922289088,0.1643367682472636,1.0,5,0
4054,-0.5101588045634277,0.1580043809844931,0.5175461309975176,0.9717455568260498,0.15061626800680886,-1.9729699296156455,0.0,0,1
1590,-0.42416925417180357,-0.013030407530739023,-0.09726276778784416,0.6351394582068627,-1.3237245133469744,-0.16741550765728136,0.0,0,1
32,-0.42416925417180357,0.524507499231419,-0.09726276778784416,-0.45235716810128057,0.3466268921174274,-1.233132995740023,1.0,0,1
938,-0.08021105260530702,0.6466752053137277,-0.09726276778784416,0.7257641770658747,0.3679323947381469,2.5374909542900994,0.0,20,1
2548,2.0695277071852964,0.805493223220729,-0.09726276778784416,1.2824588786283768,-1.3237245133469744,0.13106367862851834,0.0,0,0
1996,0.4357262497444378,1.1903214973800011,0.5175461309975176,-0.5429818869602926,1.3011134095256571,1.0646674285191844,1.0,20,1
3134,-0.5961483549550518,-1.1919487712250176,1.7471639285682412,0.8422816727417473,0.4829821088900317,-0.5833291278915932,0.0,0,0
310,1.811559056010424,1.538499459714581,1.1323550297828793,0.6998714002490141,0.9559642670700026,2.1049407892464154,1.0,0,0
3976,0.34973669935281365,1.666775551101005,-0.09726276778784416,0.32442613640453605,-0.5822930221459389,2.290878642998225,0.0,20,1
1472,1.209632203269055,0.8116016085248444,0.5175461309975176,-0.9054807623963403,-1.3237245133469744,1.4981962138457727,1.0,0,1
3129,-0.7681274557383001,0.39012302254087955,0.5175461309975176,0.829335284333317,0.0952219611929384,1.4042486666869634,0.0,10,1
2224,-0.8541170061299242,-0.605543782029936,-0.712071666573206,-0.8278024319457586,-1.3237245133469744,0.3062367092683812,1.0,0,1
496,0.9516635520941825,0.7810596820042672,-0.712071666573206,-1.306818803057679,1.1434526901323334,0.307215329551286,1.0,10,1
206,-0.08021105260530702,-0.2695825903035872,1.1323550297828793,-0.012179962214651098,0.9985752723114414,0.6145020983832237,0.0,0,1
2689,1.295621753660679,0.8604686909577679,0.5175461309975176,-1.125569365339655,1.5312128378294267,-0.27506373877675033,0.0,0,1
3373,-1.5420334092629173,-0.6666276350710904,-0.09726276778784416,0.03960559141906988,-1.1703248944777946,-1.0785109910411497,0.0,30,1
3849,0.8656740017025585,0.7749512967001518,2.3619728273536027,-1.0867302001143642,1.6888735572227502,1.4257783129108577,0.0,20,1
306,-1.1120856573047966,1.086478947210039,-0.09726276778784416,-0.47824994491814116,1.232935801139355,0.91200266438612,1.0,0,1
3812,-0.3381797037801794,1.5446078450186964,-0.09726276778784416,-1.1126229769312248,0.38497679683472236,0.05277405599617764,1.0,20,1
1809,0.005778497786317116,0.7016506730507667,0.5175461309975176,1.1659413829525043,-0.906136661980874,1.1507860134147598,0.0,0,0
1062,1.4676008544439274,-0.08633103118012422,-0.09726276778784416,0.4279972436719784,-0.6419484294839533,-0.7496945759853177,1.0,30,0
844,-0.08021105260530702,0.3840146372367641,-0.09726276778784416,-0.2970005072001173,2.4260439478996423,-0.39934851470559196,0.0,10,1
2729,1.897548606402048,1.5201743038022346,1.7471639285682412,-1.0867302001143642,0.9346587644492832,1.7399154237231254,1.0,0,0
2267,0.607705350527686,-0.20849873726243287,0.5175461309975176,0.6351394582068627,-0.543943117428644,-1.7948610381270698,0.0,0,0
212,-1.370054308479669,-0.019138792834854458,-1.3268805653585676,-1.2550332494239578,0.37645459578643464,0.27100637908382785,0.0,0,0
3734,-0.3381797037801794,-0.31844967273651065,1.1323550297828793,-0.32289328401697787,0.8366534523939739,0.5000035252834255,1.0,10,0
680,-0.16620060299693115,0.6772171318343049,-0.09726276778784416,0.07844475664436075,1.9402784881472395,0.7192144686539798,0.0,0,1
566,0.7796844513109343,0.8360351497413061,-0.712071666573206,0.1302303102780819,0.7684758440076718,0.9491902351364816,0.0,0,0
3131,0.6936949009193102,-0.4161838376023576,-0.712071666573206,0.33737252481296637,2.212988921692448,-0.40815609725172997,0.0,0,0
3712,0.6936949009193102,-0.196281966654202,0.5175461309975176,1.360137209078958,-0.906136661980874,-1.094168915567618,1.0,0,1
681,0.8656740017025585,-0.07411426057189335,1.1323550297828793,1.3730835974873885,0.542637516228046,-0.2388547883092929,0.0,20,1
181,1.3816113040523033,0.06027021611864617,0.5175461309975176,-0.3358396724254082,0.26992708268283755,-0.08423278361041893,0.0,20,0
4870,0.09176804817794125,-1.0697810651427089,-1.3268805653585676,0.5833539045731415,-0.7143871383943993,-0.792753868433105,1.0,0,0
1236,-0.8541170061299242,-0.660519249766975,-1.3268805653585676,-1.306818803057679,-0.6930816357736798,0.3199373932290409,0.0,15,0
2332,-1.6280229596545415,1.4590904507610802,2.9767817261389644,-0.284054118791687,-0.5396820169045,1.2026528884086858,1.0,0,0
4284,-0.5101588045634277,-1.8699795399818306,-1.3268805653585676,0.5445147393478507,-1.3237245133469744,-1.056981344817256,1.0,0,1
279,1.209632203269055,0.18243792220095484,-0.09726276778784416,0.36326530162982695,-0.8464812546428596,0.5254476526389361,0.0,0,0
1129,-0.25219015338855527,1.0376118647771155,1.1323550297828793,0.5056755741225601,1.740006763512477,0.49413180358599973,1.0,20,0
3713,-0.16620060299693115,0.9826363970400765,-0.09726276778784416,1.2824588786283768,-1.3237245133469744,1.854413996822924,1.0,0,0
433,-0.16620060299693115,-1.0942146063591707,-0.712071666573206,0.2596941943623846,0.0014777496617729847,-0.7408869934391794,0.0,30,0
290,-0.08021105260530702,1.569041386235158,0.5175461309975176,1.0753166640934921,-0.7527370431116942,1.1742729002044623,0.0,0,0
1028,0.005778497786317116,-0.605543782029936,0.5175461309975176,0.5963002929815718,-0.16470517077983843,-1.0266441160472237,1.0,30,1
536,0.6936949009193102,-0.7277114881122446,1.1323550297828793,-0.7242313246783165,-0.7569981436358381,-0.9189958849277551,0.0,0,1
4354,-1.5420334092629173,-0.6483024791587441,-1.3268805653585676,-0.9054807623963403,0.009999950710060749,-0.8759365924799675,0.0,0,1
189,-1.370054308479669,-0.5933270114217052,-0.712071666573206,-1.306818803057679,0.7088204366696574,-0.6322601420368062,0.0,0,1
2277,-1.2840647580880449,1.3247059740705407,-0.712071666573206,-0.4135180028759897,-0.650470630532241,0.7358510134633524,0.0,0,0
3934,1.1236426528774308,0.24352177524210916,0.5175461309975176,1.7355824729234361,-1.3237245133469744,-0.4306643637585284,0.0,25,1
3590,-0.5961483549550518,-1.8699795399818306,1.1323550297828793,-0.8019096551288981,-0.4118490011801836,-1.5932652598487915,0.0,0,1
271,-0.7681274557383001,0.4023397931491104,0.5175461309975176,0.33737252481296637,1.84227317609193,0.808268914398268,1.0,10,0
3456,-0.8541170061299242,-0.14130649891716313,-0.09726276778784416,-0.08985829266523283,-0.09226646186939243,0.7133427469565546,0.0,10,1
4094,-1.1980752076964207,-1.8699795399818306,-0.09726276778784416,-0.25816134197482643,-1.3237245133469744,-3.224625271450197,0.0,15,0
2173,-0.3381797037801794,-0.4955928465558582,-0.712071666573206,-1.306818803057679,-1.3237245133469744,-0.7506731962682218,0.0,0,1
4234,1.4676008544439274,-1.3141164773073262,-0.712071666573206,0.06549836823593046,-0.29253818650415486,1.0049715912620245,0.0,0,1
112,0.2637471489611895,-0.09854780178835508,-0.09726276778784416,0.9329063916007589,1.9828894933886783,-0.11163415153173839,1.0,0,1
2484,0.005778497786317116,-1.8699795399818306,-1.3268805653585676,-1.306818803057679,0.10374416224122615,-1.3985198235508436,0.0,30,0
221,-0.25219015338855527,0.7077590583548821,1.1323550297828793,0.36326530162982695,-0.8422201541187156,0.34831738143326446,0.0,10,0
628,1.3816113040523033,-1.8699795399818306,-1.3268805653585676,-0.18048301152424487,-0.3095825886007304,0.5088111078295635,0.0,20,0
1201,-1.370054308479669,0.6711087465301895,-0.712071666573206,0.05255197982750017,-0.09652756239353631,0.015586485245815428,1.0,15,0
3372,-1.5420334092629173,-1.2163823124414792,-0.09726276778784416,-0.750124101495177,-0.25844938231100384,0.7436799757265863,0.0,0,0
2438,0.2637471489611895,0.21908823402564742,-1.3268805653585676,-1.306818803057679,0.37645459578643464,1.2173321926522496,0.0,0,1
791,-0.7681274557383001,0.6344584347054969,-0.09726276778784416,0.8811208379670382,1.3181578116222326,-0.7682883613604985,1.0,0,1
2329,0.17775759856956538,-0.8804211207151305,-0.09726276778784416,1.8779927454161693,0.2571437811104059,-1.584457677302653,0.0,0,0
462,-0.8541170061299242,-0.5872186261175897,-0.09726276778784416,-1.021998258072213,-1.3237245133469744,0.03809475175261385,1.0,0,0
4413,0.7796844513109343,-0.16574004013362484,-0.09726276778784416,-1.306818803057679,0.9644864681182903,-0.296593385000644,0.0,0,1
552,0.607705350527686,0.1396792250721468,-0.712071666573206,1.528440258388552,1.2031080974703479,0.9531047162680986,1.0,0,1
4104,1.897548606402048,1.0742621766018081,1.1323550297828793,-0.18048301152424487,-1.3237245133469744,0.8630716502409069,0.0,15,1
1175,-0.08021105260530702,1.5140659184981191,0.5175461309975176,-0.038072739031511676,0.49150430993831945,-0.2652775359477076,0.0,10,1
199,0.005778497786317116,-0.562785084901128,-0.09726276778784416,0.51862196253099,0.3082769874001325,-0.6968490807084876,0.0,0,1
4033,0.607705350527686,1.5934749274516198,1.7471639285682412,0.32442613640453605,-0.16044407025569454,-0.4277285029098155,1.0,0,1
3363,0.2637471489611895,0.9154441586948068,-1.3268805653585676,-0.4653035565097109,-0.7740425457324136,0.8894943978793216,0.0,5,0
403,0.8656740017025585,-0.8010121117616299,-0.09726276778784416,-0.16753662311581458,0.1378329664343772,-1.4963818518412697,1.0,0,1
4579,-0.5101588045634277,-0.605543782029936,-0.712071666573206,0.47978279730569956,-0.44167670484919075,0.6732193153574796,0.0,0,0
4183,-1.4560438588712932,0.21908823402564742,-1.3268805653585676,0.23380141754552405,0.17618287115167217,-1.0931902952847137,0.0,30,1
4774,0.6936949009193102,0.805493223220729,-0.09726276778784416,-0.5947674405940137,0.19748837377239156,0.26122017625478505,1.0,25,0
4988,0.2637471489611895,0.39012302254087955,3.5915906249243266,1.670850530881285,-0.032611054531378074,-1.265427465075864,1.0,10,1
4813,0.005778497786317116,-1.564560274776059,-0.712071666573206,1.1012094409103528,0.32958249002085194,-0.2652775359477076,1.0,10,0
4473,1.811559056010424,1.0376118647771155,0.5175461309975176,-0.2711077303832567,-0.4501989058974785,-0.23200444632896303,0.0,5,0
651,1.897548606402048,1.288055662245848,0.5175461309975176,-0.5688746637771531,-0.4374156043250469,1.0940260370063128,0.0,0,0
709,-0.25219015338855527,0.011403133685722707,-0.712071666573206,-0.4005716144675594,-0.15618296973155066,-1.426899811755067,1.0,0,0
1502,-0.5961483549550518,1.0131783235606537,-0.712071666573206,-0.141643846298954,2.212988921692448,-0.0940189864394617,0.0,15,0
4425,-1.0260961069131724,-1.595102201296636,-0.712071666573206,-0.7112849362698862,-0.0496554566279536,-1.4406004957157268,0.0,0,1
3991,0.2637471489611895,0.7932764526124981,-0.712071666573206,-0.025126350623081387,1.1519748911806211,-1.1293992457521713,1.0,25,1
2233,-1.2840647580880449,-1.6806195955542522,-1.3268805653585676,-1.306818803057679,0.014261051234204632,-0.24668375057252684,0.0,0,1
2342,-0.16620060299693115,0.5122907286231883,-0.712071666573206,-0.659499382636165,-0.360715794890457,0.6947489615813732,0.0,0,0
315,0.8656740017025585,0.39012302254087955,0.5175461309975176,-0.3099468956085476,0.24436047953797427,0.6242883012122664,0.0,0,0
1221,-0.08021105260530702,1.3063808181581944,2.3619728273536027,1.2177269365862253,-0.795348048353133,1.5833361784584439,1.0,25,1
4485,0.09176804817794125,-0.3550999845612033,0.5175461309975176,-0.6983385478614559,-0.9274421646015933,-0.7252290689127111,1.0,0,0
114,-1.4560438588712932,-0.013030407530739023,0.5175461309975176,-0.34878606083383845,0.8153479497732545,0.43052148519722283,1.0,25,1
961,1.6395799552271757,0.42677333436557213,1.1323550297828793,0.9587991684176196,-0.7740425457324136,0.4491152705724036,1.0,0,0
2926,0.9516635520941825,-1.0086972121015545,2.3619728273536027,1.0494238872766315,0.49150430993831945,-1.1597364745222034,1.0,15,0
3275,-1.8859916108294137,0.0847037573351079,-1.3268805653585676,0.4021044668551178,-0.4288934032767591,-1.294786073562992,1.0,0,1
1648,1.209632203269055,0.6711087465301895,-0.09726276778784416,1.4507619279379702,1.373552118436103,0.5822076290473832,0.0,0,0
3338,0.5217158001360619,0.1580043809844931,-0.09726276778784416,1.2177269365862253,-0.1732273718281262,-0.6391104840171358,0.0,5,1
2624,0.2637471489611895,0.4145565637573413,-0.09726276778784416,-0.750124101495177,-0.22009947759370888,2.252712451964959,1.0,0,0
3210,-0.5961483549550518,0.848251920349537,1.1323550297828793,-0.038072739031511676,-0.16470517077983843,0.7838034073256614,1.0,0,1
1771,-0.42416925417180357,0.24963016054622458,-0.712071666573206,-0.08985829266523283,-0.7612592441599819,0.7886965087401825,1.0,20,0
3430,0.8656740017025585,1.5140659184981191,-0.712071666573206,0.829335284333317,-1.3237245133469744,2.5003033835397375,0.0,15,1
4539,-1.1120856573047966,1.5873665421475043,-1.3268805653585676,-1.306818803057679,-0.7527370431116942,1.707620954387285,1.0,0,0
1838,-0.25219015338855527,-0.6177605526381669,-0.712071666573206,-1.306818803057679,0.2869714847794131,-0.733058031175945,0.0,5,1
1946,-1.8859916108294137,0.14578761037626223,-0.09726276778784416,-0.45235716810128057,-0.5822930221459389,1.3357452468836655,1.0,10,1
2499,-0.5961483549550518,-0.7826869558492836,-1.3268805653585676,-1.164408530564946,-0.6802983342012482,0.31406567153161513,0.0,30,0
4052,-0.08021105260530702,-0.3550999845612033,-0.09726276778784416,-1.1385157537480854,0.4829821088900317,-1.3309950240304493,0.0,25,1
3309,-1.0260961069131724,-0.9903720561892083,-1.3268805653585676,-1.021998258072213,-0.9700531698430321,-0.5578850005360823,1.0,15,1
4201,-0.8541170061299242,-0.20239035195831745,-0.712071666573206,-0.5688746637771531,-0.543943117428644,-0.732079410893041,1.0,0,0
4393,-1.1120856573047966,-1.8699795399818306,-1.3268805653585676,-1.306818803057679,-0.5993374242425143,-0.09010450530784474,1.0,0,0
2595,-1.6280229596545415,-0.8682043501068997,-0.712071666573206,-1.306818803057679,-0.9998808735120394,-0.4805739981866456,1.0,0,0
2116,-0.25219015338855527,-0.24514904908712548,1.1323550297828793,-1.2938724146492486,1.4971240336362757,0.7612951408188631,0.0,0,0
1345,-1.0260961069131724,-1.4301757980855194,-1.3268805653585676,0.0007664261937791922,-0.5226376148079245,-0.7311007906101366,1.0,0,0
2877,-1.370054308479669,-1.0758894504468244,-0.712071666573206,-1.1773549189733763,-0.28401598545586715,-0.37194714678427254,1.0,0,0
3341,-0.3381797037801794,0.848251920349537,0.5175461309975176,-0.7760168783120376,0.8707422565871249,1.0793467327627482,0.0,15,1
4864,0.5217158001360619,0.7138674436589975,-0.712071666573206,0.8940672263754684,-0.04539435610380972,-0.9522689745465001,1.0,30,0
3938,0.5217158001360619,1.483523991977542,1.1323550297828793,1.8779927454161693,-0.2967992870282988,1.1938453058625471,0.0,30,1
1651,-0.5101588045634277,0.48174880210261106,-0.712071666573206,-0.23226856515796585,0.8707422565871249,1.9043236312510414,1.0,25,0
790,-0.16620060299693115,-0.013030407530739023,-0.09726276778784416,0.16906947550337278,-0.03687215505552195,1.2731135487777925,0.0,0,1
2281,1.295621753660679,-0.23904066378301003,-0.09726276778784416,1.6837969192897153,-0.30532148807658654,-1.2350902363058318,0.0,0,1
4655,0.17775759856956538,2.1371212195178932,-0.712071666573206,-0.9054807623963403,0.3594101936898591,0.21033192154376382,0.0,25,0
4572,1.7255695056187998,-0.9598301296686311,1.1323550297828793,2.4087946701618104,-0.8976144609325861,-1.2712991867732892,1.0,0,1
872,-1.0260961069131724,1.7156426335339285,-0.712071666573206,1.5413866467969821,-0.6334262284356654,0.8797081950502789,1.0,25,1
1721,1.1236426528774308,1.9294361191779685,0.5175461309975176,1.6449577540644245,0.5554208178004777,1.6518395982617418,0.0,0,1
1591,-1.4560438588712932,-0.39175029638589587,0.5175461309975176,1.0105847220513406,-0.6973427362978237,-0.7271863094785196,0.0,0,1
2728,-0.16620060299693115,1.2636221210293865,0.5175461309975176,-0.6465529942277348,0.6704705319523625,-0.14490724115048365,1.0,20,1
74,0.5217158001360619,-0.013030407530739023,0.5175461309975176,1.5543330352054125,-0.3649768954146009,-0.3328023354681022,1.0,0,1
1778,0.2637471489611895,0.029728289598069006,-0.712071666573206,-1.306818803057679,-0.6547317310563848,-0.5021036444105392,0.0,0,1
1617,3.015412761493162,1.5568246156269272,1.7471639285682412,2.512365777429253,1.0965805843667507,1.5070037963919114,1.0,0,1
1362,0.9516635520941825,2.1493379901261243,-1.3268805653585676,-0.07691190425680254,-0.6334262284356654,1.5109182775235284,0.0,0,0
3025,-0.16620060299693115,-0.9537217443645157,-0.712071666573206,-0.8019096551288981,-0.8890922598842984,-1.206710248101608,0.0,30,0
1967,0.2637471489611895,1.440765294848734,1.1323550297828793,0.4021044668551178,0.11226636328951392,0.755423419121438,0.0,0,0
4586,0.5217158001360619,0.3351475548038407,0.5175461309975176,-0.2711077303832567,-0.9572698682706005,-0.2525554722699526,1.0,0,0
3828,0.2637471489611895,0.7566261407878055,-0.712071666573206,-0.45235716810128057,2.0169782975818293,1.0059502115449286,0.0,0,0
2260,0.607705350527686,-0.6666276350710904,-0.09726276778784416,-0.141643846298954,0.29549368582770086,-0.14980034256500468,0.0,10,0
2900,0.8656740017025585,2.2837224668166636,1.7471639285682412,0.026659203010639593,2.1789001174992966,1.185037723316409,0.0,30,0
2223,0.09176804817794125,0.5611578110561116,-0.09726276778784416,-0.3358396724254082,1.3650299173878153,1.2662632067974626,1.0,30,0
495,-0.3381797037801794,0.5367242698396499,0.5175461309975176,0.2985333595876755,1.769834467181484,-1.262491604227151,0.0,0,1
3146,0.34973669935281365,0.04805344551041531,-0.09726276778784416,-1.125569365339655,-0.1220941655383996,-0.34748163971166596,1.0,0,0
3530,-0.08021105260530702,0.4512068755820339,0.5175461309975176,-0.6724457710445954,0.7386481403386645,1.1272991266250574,1.0,20,0
1282,-1.8859916108294137,1.4041149830240414,-0.712071666573206,-0.7371777130867467,0.19748837377239156,0.6409248460216391,0.0,0,0
1165,-1.0260961069131724,0.9520944705194994,-0.09726276778784416,0.10433753346122134,-0.3905434985594642,0.031244409772283984,1.0,25,1
1243,1.7255695056187998,0.396231407844995,2.9767817261389644,1.8779927454161693,-0.5609875195252194,0.6741979356403843,1.0,0,1
1756,0.6936949009193102,0.7749512967001518,-0.712071666573206,-0.5559282753687228,-1.3237245133469744,-0.4972105429960182,1.0,25,1
1993,0.2637471489611895,-0.14130649891716313,1.7471639285682412,1.1529949945440738,0.9218754628768515,-0.9092096820987123,0.0,10,0
2195,0.17775759856956538,-0.5688934702052434,-0.09726276778784416,0.829335284333317,-0.9700531698430321,0.9012378412741725,1.0,15,1
1727,-0.9401065565215483,0.5367242698396499,-0.712071666573206,-1.306818803057679,0.03130545333078016,0.021458206943241222,1.0,0,0
619,-0.5961483549550518,-0.28179936091181806,-0.09726276778784416,0.9587991684176196,0.7343870398145207,-0.30931544867839966,1.0,20,1
4934,0.5217158001360619,0.6711087465301895,1.7471639285682412,-0.07691190425680254,-1.2938968096779673,0.25241259370864705,1.0,0,0
1882,1.4676008544439274,0.5000739580149574,1.7471639285682412,1.3342444322620977,-1.1319749897604996,1.700770612406955,0.0,10,0
1630,1.1236426528774308,-0.055789104659547055,1.1323550297828793,-0.7242313246783165,0.11226636328951392,-0.5510346585557524,1.0,0,1
4767,-1.0260961069131724,-0.7949037264575144,-0.09726276778784416,0.1431766986865122,-0.6376873289598094,-0.8583214273876908,0.0,30,0
2089,-0.682137905346676,0.4145565637573413,0.5175461309975176,-0.8536952087626192,1.624957049360592,0.1790160724908274,0.0,25,1
3426,0.4357262497444378,-0.013030407530739023,-0.09726276778784416,-0.89253437398791,1.3650299173878153,0.31602291209742395,0.0,5,0
870,-0.08021105260530702,1.7950516424874292,1.7471639285682412,-0.25816134197482643,-0.22862167864199665,1.5715927350635923,0.0,20,0
4709,-0.8541170061299242,-1.0819978357509399,-0.712071666573206,-1.306818803057679,0.0014777496617729847,-0.05095969399167438,0.0,0,1
1043,0.6936949009193102,-0.9048546619315923,-0.712071666573206,0.026659203010639593,0.5085487120348949,-0.7712242222092114,1.0,0,1
3385,-0.08021105260530702,-0.25125743439124093,2.3619728273536027,1.9168319106414602,1.0582306796494558,-0.04704521286005742,1.0,0,1
357,0.2637471489611895,-1.6561860543377904,-0.09726276778784416,-0.07691190425680254,1.5439961394018584,-0.35922508310651685,0.0,0,0
1163,-0.25219015338855527,-0.07411426057189335,-0.09726276778784416,0.9458527800091893,-1.3237245133469744,-0.5539705194044653,0.0,0,0
2781,1.5535904048355516,1.0009615529524227,2.3619728273536027,1.6837969192897153,1.3053745100498009,-0.034323149182301754,0.0,20,0
2255,1.0376531024858067,0.5916997375766888,2.3619728273536027,-0.3358396724254082,0.2571437811104059,-0.4424078071533793,1.0,0,0
3166,0.34973669935281365,1.1475628002511933,-1.3268805653585676,-1.306818803057679,-1.3237245133469744,0.647775188001969,1.0,25,1
3947,1.3816113040523033,-1.369091945044365,-0.09726276778784416,-0.2711077303832567,1.3352022137188082,-1.7077638329485905,0.0,0,0
1790,1.0376531024858067,-0.06800587526777792,-0.09726276778784416,-1.306818803057679,1.8550564776643617,-0.35041750056037885,0.0,0,1
3807,-0.8541170061299242,-1.1247565328797478,-1.3268805653585676,-0.18048301152424487,-1.3237245133469744,-0.004964540695174165,0.0,15,0
3658,1.983538156793672,-0.45894253473116564,0.5175461309975176,1.3471908206705279,1.262763504808362,-0.8671290099338291,0.0,0,1
1273,-0.3381797037801794,0.31071401358737893,0.5175461309975176,-0.7889632667204678,-0.05817765767624136,0.9462543742877687,1.0,0,0
3151,0.2637471489611895,0.4756404167984956,-0.712071666573206,1.1271022177272134,1.3479855152912397,0.16237952768145478,0.0,0,0
333,-0.682137905346676,-0.07411426057189335,-0.712071666573206,0.8552280611501776,0.05687205647564345,-1.1323351066008842,1.0,0,1
1555,-1.4560438588712932,-1.3446584038279035,-0.712071666573206,-1.306818803057679,-1.3237245133469744,-1.3378453660107792,0.0,0,0
2752,-0.42416925417180357,-0.055789104659547055,-0.712071666573206,0.8034425075164564,-0.9913586724637515,0.7524875582727251,0.0,0,1
2555,0.4357262497444378,0.8910106174783451,0.5175461309975176,0.5445147393478507,-0.3564546943663131,-0.12239897464368522,1.0,15,1
3686,0.2637471489611895,0.3290391694997252,-1.3268805653585676,-1.306818803057679,-0.19879397497298948,0.9981212492816947,0.0,0,1
1655,-0.25219015338855527,0.24352177524210916,-0.712071666573206,-0.5170891101434321,-0.8251757520221401,-0.5021036444105392,1.0,0,1
1117,1.209632203269055,-0.6177605526381669,-0.712071666573206,0.0007664261937791922,-0.9870975719396077,-0.20558169869054765,1.0,0,0
4077,-1.8859916108294137,-1.8699795399818306,-0.712071666573206,-0.7630704899036073,0.9218754628768515,-1.2517267811152042,0.0,0,0
3571,0.7796844513109343,-0.605543782029936,-0.712071666573206,-0.3617324492422687,1.3479855152912397,-0.9718413802045852,0.0,25,0
4630,-1.0260961069131724,1.1903214973800011,1.7471639285682412,1.4248691511211096,-1.3237245133469744,1.1047908601182597,0.0,0,0
3904,-0.25219015338855527,0.3779062519326487,-0.712071666573206,-1.216194084198667,-1.3237245133469744,-0.0998907081368875,0.0,20,0
4456,2.585465009535041,1.8866774220491607,1.1323550297828793,1.2824588786283768,1.232935801139355,0.5185973106586063,1.0,25,1
446,-1.5420334092629173,-1.4301757980855194,-0.09726276778784416,-0.7242313246783165,0.33810469106913965,-0.2623416750989947,0.0,0,0
2616,-0.682137905346676,-0.9781552855809774,-0.09726276778784416,-1.034944646480643,1.4332075257741175,-0.7868821467356796,1.0,15,1
453,1.983538156793672,2.5830333467183197,1.1323550297828793,-0.18048301152424487,0.5852485214694848,1.2789852704752185,0.0,20,1
4811,0.09176804817794125,-0.5872186261175897,0.5175461309975176,1.7485288613318666,0.30401588687598863,-0.1400141397359619,1.0,0,1
4445,0.09176804817794125,-0.013030407530739023,0.5175461309975176,-1.306818803057679,-0.10504976344182407,0.9648481596629501,0.0,10,1
4555,1.811559056010424,0.5061823433190727,1.7471639285682412,0.829335284333317,1.4246853247258295,0.03711613146970909,0.0,25,0
15,0.5217158001360619,0.5672661963602271,-0.09726276778784416,0.5056755741225601,0.5213320136073266,0.2788353413470618,1.0,25,1
3108,0.17775759856956538,1.0131783235606537,-0.712071666573206,-1.021998258072213,-1.3237245133469744,0.43052148519722283,1.0,0,0
946,-0.3381797037801794,-1.8516543840694843,-1.3268805653585676,-0.07691190425680254,-0.10931086396596795,-0.8788724533286804,1.0,20,1
248,1.897548606402048,1.892785807353276,-0.09726276778784416,-1.306818803057679,-1.0893639845190608,2.407334456663832,1.0,5,0
4184,2.413485908751793,2.625792043847128,-0.712071666573206,-1.306818803057679,0.1420940669585211,2.5404268151388116,0.0,0,0
361,-0.16620060299693115,-0.5566766995970126,-0.712071666573206,-0.37467883765069904,0.5895096219936288,-0.9033379604012869,1.0,10,1
4667,1.3816113040523033,-0.037463948747200757,1.1323550297828793,-0.3876252260591293,0.8451756534422616,0.14182850174046518,1.0,25,0
3379,-1.0260961069131724,-0.5017012318599736,-0.09726276778784416,-1.306818803057679,-0.1476607686832629,-0.52069742978572,0.0,0,0
2319,2.3274963583601687,0.28017208706680174,0.5175461309975176,-0.16753662311581458,-0.08800536134524854,1.5833361784584439,1.0,10,1
1492,0.005778497786317116,-0.3978586816900113,1.1323550297828793,0.5445147393478507,-1.3237245133469744,-1.3505674296885348,1.0,30,0
4776,0.7796844513109343,0.5916997375766888,0.5175461309975176,-0.5947674405940137,-1.3237245133469744,0.11638437438495455,1.0,25,0
1774,1.7255695056187998,0.5978081228808043,1.1323550297828793,-0.8666415971710495,0.436110003124449,0.04494509373294302,0.0,25,0
4633,-0.9401065565215483,-0.33066644334474155,-0.09726276778784416,-0.2711077303832567,-0.9231810640774495,0.15650780598402897,1.0,0,0
4372,-0.5961483549550518,-0.4833760759476274,-0.09726276778784416,-0.10280468107366313,0.43184890260030506,-0.49623192271311345,0.0,0,1
4895,-0.8541170061299242,0.11524568385568507,1.7471639285682412,1.7226360845150064,1.6675680546020308,0.541105577165404,0.0,25,0
2868,1.5535904048355516,0.03583667490218444,2.3619728273536027,1.0753166640934921,1.4758185310155563,-0.6851056373136364,1.0,0,1
491,1.1236426528774308,0.31071401358737893,1.1323550297828793,1.7226360845150064,-0.9359643656498811,0.9345109308929178,1.0,0,1
863,-0.08021105260530702,-1.0086972121015545,0.5175461309975176,0.2985333595876755,0.018522151758348513,0.35321048284778617,1.0,10,1
1766,-0.16620060299693115,-0.6788444056793212,-1.3268805653585676,-0.038072739031511676,0.10800526276537004,-1.0726392693437243,1.0,10,0
2228,0.607705350527686,0.7810596820042672,0.5175461309975176,0.46683640889726924,1.7272234619400453,0.23186156776765748,0.0,10,1
1903,0.607705350527686,-0.3856419110817804,-0.712071666573206,-1.1514621421565157,-1.0339696777051903,-0.07346796049847211,0.0,0,0
2463,-0.16620060299693115,0.8604686909577679,1.1323550297828793,0.7904961191080262,-0.25844938231100384,-0.42283540149529375,1.0,0,1
4113,-0.682137905346676,0.0847037573351079,-1.3268805653585676,0.026659203010639593,-1.3237245133469744,-0.7467587151366049,1.0,10,0
507,2.499475459143417,0.7566261407878055,-0.712071666573206,-1.0090518696637827,-1.3237245133469744,-0.19481687557860083,1.0,0,1
2693,-0.08021105260530702,-1.1003229916632862,-0.712071666573206,-1.306818803057679,0.8707422565871249,-0.00887902182679113,1.0,25,0
2016,0.17775759856956538,-0.5322431583805508,-0.09726276778784416,1.6967433076981457,-0.3820212975111764,0.20641744041214685,0.0,0,0
4388,0.607705350527686,-0.34899159925708784,-0.09726276778784416,0.5445147393478507,-0.24566608073857218,-0.6410677245829447,1.0,25,1
1223,0.4357262497444378,0.21908823402564742,-0.09726276778784416,0.8940672263754684,0.9431809654975709,-0.395434033573975,0.0,15,1
1114,-0.25219015338855527,-0.7826869558492836,-1.3268805653585676,0.2985333595876755,-1.302419010726255,-1.8760865216081233,1.0,15,0
1933,-0.8541170061299242,-0.33677482864885694,-0.712071666573206,0.6221930697984324,-1.3237245133469744,0.36593254652554114,0.0,0,1
3439,-0.25219015338855527,0.7566261407878055,0.5175461309975176,0.9717455568260498,1.0582306796494558,1.0715177704995142,0.0,0,1
1375,0.005778497786317116,-0.6177605526381669,-0.09726276778784416,-1.306818803057679,1.232935801139355,-0.732079410893041,0.0,0,0
4782,1.295621753660679,0.4328817196696876,-1.3268805653585676,-0.6853921594530257,-1.0637973813741977,-0.4306643637585284,1.0,25,0
434,-1.8859916108294137,-0.019138792834854458,-0.09726276778784416,-1.0608374232975037,-0.7740425457324136,-1.2116033495161294,1.0,0,0
3876,0.4357262497444378,-0.746036644024591,-0.712071666573206,-0.8278024319457586,0.3338435905449958,-0.9728200004874893,1.0,5,0
3170,-1.1980752076964207,-0.9903720561892083,-1.3268805653585676,-0.1286974578905237,0.7855202461042473,-0.7174001066494768,0.0,0,0
2851,-0.16620060299693115,0.4756404167984956,0.5175461309975176,2.266384397669078,1.5567794409742899,-0.6537897882607,1.0,15,0
2108,-1.1120856573047966,-0.25125743439124093,0.5175461309975176,2.033349406317333,0.2784492837311253,-0.03921625059682348,1.0,10,1
2649,0.2637471489611895,-0.013030407530739023,0.5175461309975176,-1.306818803057679,0.05687205647564345,-0.48742434016697544,1.0,0,1
4125,0.7796844513109343,-0.5688934702052434,-0.712071666573206,-1.306818803057679,-0.6419484294839533,-0.2740851184938463,0.0,0,0
4636,-1.1980752076964207,-0.6116521673340515,-0.712071666573206,0.609246681390002,0.5639430188487654,-0.010836262392599265,0.0,15,0
2437,-1.0260961069131724,0.4634236461902647,1.7471639285682412,0.7128177886574444,1.1604970922289088,-0.2760423590596544,1.0,10,1
4995,0.4357262497444378,-0.3734251404735496,-0.09726276778784416,-0.11575106948209342,0.48724320941417554,0.061581638542315645,0.0,0,1
1103,0.607705350527686,-0.22682389317477916,0.5175461309975176,2.4087946701618104,0.15487736853095274,0.16042228711564663,1.0,20,1
1770,2.9294232111015375,0.1580043809844931,1.1323550297828793,1.114155829318783,1.5397350388777145,1.6900057892950082,0.0,30,1
1892,-0.7681274557383001,-0.7399282587204755,0.5175461309975176,1.062370275685062,0.08669976014465063,-1.0990620169821395,0.0,30,0
2155,0.2637471489611895,1.764509715966852,-0.09726276778784416,-0.3099468956085476,0.7684758440076718,1.020629515788493,0.0,20,1
3861,-1.2840647580880449,0.7444093701795746,1.1323550297828793,1.1659413829525043,0.20601057482067933,-0.0030073001293653336,0.0,15,1
157,0.17775759856956538,-0.5200263877723199,-0.712071666573206,0.829335284333317,-1.3237245133469744,-0.041173491162631616,1.0,0,0
4921,-0.3381797037801794,1.5446078450186964,1.7471639285682412,3.7940582298638508,0.31679918844842025,0.967784020511663,1.0,10,1
2891,-0.8541170061299242,-0.44672576412293474,-0.712071666573206,-1.073783811705934,-0.1476607686832629,0.9462543742877687,1.0,0,1
616,-1.2840647580880449,-1.01480559740567,-0.712071666573206,-0.750124101495177,-0.18601067340055782,-1.4650660027883333,0.0,10,0
644,0.17775759856956538,1.6728839364051205,-0.712071666573206,-0.4653035565097109,0.8579589550146933,1.469816225641549,1.0,0,1
2881,0.34973669935281365,-0.3734251404735496,0.5175461309975176,-1.306818803057679,-1.3237245133469744,0.5499131597115428,0.0,20,1
2081,0.4357262497444378,1.3247059740705407,1.7471639285682412,-0.06396551584837226,1.8294898745194985,1.585293419024252,0.0,0,1
1069,1.4676008544439274,-0.3428832139529724,1.1323550297828793,0.27264058277081493,-1.157541592905363,0.5959083130080429,0.0,0,1
3300,0.17775759856956538,-0.33066644334474155,-0.09726276778784416,-1.306818803057679,-1.3237245133469744,0.21033192154376382,1.0,30,1
4290,0.4357262497444378,0.20076307811330113,-0.712071666573206,-0.18048301152424487,2.6390989741068362,-0.041173491162631616,1.0,25,0
4635,0.34973669935281365,0.6405668200096123,1.1323550297828793,0.4927291857141298,-1.0211863761327586,0.7798889261940445,0.0,20,1
4164,-1.370054308479669,-0.9659385149727465,-0.712071666573206,-0.7112849362698862,0.35088799264157133,-0.6831483967478279,1.0,5,1
331,1.5535904048355516,1.1109124884265007,-0.712071666573206,0.35031891322139663,0.09096086066879451,0.1614009073985507,1.0,0,1
4007,-0.3381797037801794,0.26184693115445545,-0.712071666573206,0.44094363208040865,-1.3237245133469744,-0.9052952009670954,1.0,0,1
3017,-0.682137905346676,0.18243792220095484,1.1323550297828793,-0.9443199276216312,0.6235984261867797,-0.43555746517304944,0.0,20,1
2670,-0.682137905346676,1.6056916980598508,1.1323550297828793,-0.9831590928469222,-0.6930816357736798,0.7064924049762248,0.0,15,1
623,0.2637471489611895,0.719975828963113,-0.712071666573206,-0.7760168783120376,-1.2768524075813916,1.2378832185932391,1.0,5,0
3860,0.4357262497444378,-0.8804211207151305,-1.3268805653585676,-0.5818210521855834,0.38497679683472236,-0.507975366107965,1.0,0,0
3139,0.5217158001360619,0.6588919759219586,-0.712071666573206,-0.3617324492422687,-1.3066801112503987,2.0442663317063516,1.0,0,1
3435,-1.2840647580880449,-0.3734251404735496,-0.712071666573206,0.16906947550337278,-1.3237245133469744,0.03907337203551792,1.0,0,1
2917,1.6395799552271757,0.18243792220095484,2.3619728273536027,2.0592421831341934,-0.906136661980874,0.5420841974483088,0.0,0,1
1947,-0.7681274557383001,1.3918982124158106,1.1323550297828793,1.1529949945440738,1.3820743194843907,-0.11261277181464316,0.0,15,0
1584,-0.682137905346676,0.023619904293953574,-0.09726276778784416,-0.6465529942277348,0.6363817277592114,0.06451749939102853,1.0,0,1
4407,-0.5101588045634277,-0.47726769064351193,-0.712071666573206,-0.07691190425680254,1.228674700615211,0.18684503475406133,1.0,0,1
756,1.209632203269055,0.805493223220729,2.3619728273536027,0.09139114505279104,0.29123258530355695,0.7211717092197886,1.0,10,1
519,0.9516635520941825,1.2025382679882322,0.5175461309975176,0.9976383336429104,1.1008416848908946,0.9609336785313332,0.0,25,1
3822,1.295621753660679,1.0131783235606537,-0.09726276778784416,1.1788877713609345,2.212988921692448,0.4491152705724036,0.0,0,0
33,-0.5101588045634277,0.8787938468701142,1.7471639285682412,1.243619713403086,2.2342944243131675,0.4207352823681801,0.0,0,0
2953,-0.3381797037801794,-0.20239035195831745,-0.09726276778784416,0.20790864072866364,-0.4288934032767591,0.05277405599617764,0.0,0,1
1158,1.5535904048355516,0.4328817196696876,0.5175461309975176,-1.306818803057679,0.06113315699978734,-0.1664368873743773,0.0,0,1
745,0.09176804817794125,0.5061823433190727,-0.09726276778784416,0.27264058277081493,1.3905965205326787,-0.6488966868461786,1.0,15,0
2482,-0.9401065565215483,-0.5994353967258206,-0.09726276778784416,0.5963002929815718,-0.9657920693188883,-0.3083368283954956,1.0,5,1
2419,0.607705350527686,0.017511518989838142,2.3619728273536027,0.23380141754552405,1.8081843718987791,1.3377024874494736,0.0,20,1
1973,0.09176804817794125,-1.0392391386221318,0.5175461309975176,1.9686174642751815,0.8963088597319883,0.22403260550442355,0.0,0,0
2884,1.209632203269055,1.9783032016108921,1.1323550297828793,-0.141643846298954,2.05106710177498,1.1781873813360793,1.0,25,0
784,0.9516635520941825,-0.019138792834854458,0.5175461309975176,2.8230790992315797,-1.3237245133469744,0.5998227941396599,1.0,0,0
4491,1.811559056010424,1.5507162303228117,-0.09726276778784416,-0.9184271508047707,-0.7996091488772769,1.142957051151526,0.0,25,0
2523,-0.25219015338855527,0.25573854585034,-0.712071666573206,-1.306818803057679,-1.3237245133469744,-0.29855062556645284,1.0,0,1
230,-0.25219015338855527,-0.42840060821058845,0.5175461309975176,-0.7242313246783165,0.29549368582770086,-1.8555354956671342,1.0,15,0
858,0.4357262497444378,0.18243792220095484,-0.712071666573206,-0.4653035565097109,0.009999950710060749,-1.2761922881878107,0.0,5,0
4911,-0.7681274557383001,-0.7521450293287064,-0.712071666573206,-0.8536952087626192,-1.0084030745603272,-0.8113476538082861,1.0,10,1
2378,-0.682137905346676,-1.8699795399818306,-0.712071666573206,0.16906947550337278,-1.0680584818983414,1.6674975227882105,0.0,0,1
409,-1.8859916108294137,-1.8699795399818306,-0.09726276778784416,0.19496225232023337,0.7599536429593841,-1.4650660027883333,1.0,20,0
171,-0.682137905346676,0.31071401358737893,-0.09726276778784416,-0.2970005072001173,0.9218754628768515,1.142957051151526,1.0,25,0
541,-1.7140125100461656,-0.746036644024591,-1.3268805653585676,-0.23226856515796585,-1.042491878753478,-1.3906908612876097,1.0,0,0
2226,0.2637471489611895,0.21908823402564742,-0.09726276778784416,-0.8666415971710495,0.6449039288074991,1.6616258010907845,1.0,0,1
2320,-0.25219015338855527,-0.3978586816900113,-1.3268805653585676,-0.9961054812553524,-0.360715794890457,0.11149127297043351,1.0,20,1
3482,0.9516635520941825,0.5428326551437653,2.9767817261389644,-0.9572663160300615,0.8153479497732545,0.475538018210819,1.0,0,0
614,0.4357262497444378,1.5323910744104654,-0.712071666573206,-0.7889632667204678,-0.33941029226973757,1.4893886312996347,0.0,20,1
4950,0.8656740017025585,-0.0008136369225081579,0.5175461309975176,0.4150508552635481,1.9360173876230955,-0.4404505665875705,0.0,0,1
1834,0.4357262497444378,-0.8437708088904379,-0.09726276778784416,0.6221930697984324,2.0766337049198436,0.9687626407945671,1.0,25,0
3454,0.7796844513109343,0.8360351497413061,-0.09726276778784416,-1.306818803057679,0.38923789735886627,1.417949350647623,0.0,15,0
1162,-0.3381797037801794,-0.7643617999369373,0.5175461309975176,0.27264058277081493,0.14635516748266497,-0.9473758731319787,0.0,25,0
2427,2.1555172575769204,1.5079575331940038,1.1323550297828793,2.564151331062974,1.011358573883873,0.8855799167477046,0.0,30,0
2381,-0.25219015338855527,-0.20239035195831745,0.5175461309975176,2.9395965949074525,0.15913846905509663,0.5910152115935219,1.0,0,0
1619,0.34973669935281365,1.1719963414676549,0.5175461309975176,-1.2938724146492486,-0.2541882817868599,0.1702084899446887,1.0,0,0
1635,0.2637471489611895,0.18854630750507026,-0.09726276778784416,-1.306818803057679,-0.33941029226973757,-1.5756500947565149,0.0,20,0
1508,-0.08021105260530702,0.04194506020629987,2.3619728273536027,1.774421638148727,-1.3237245133469744,-0.5324408731805715,0.0,0,1
2214,1.811559056010424,0.5061823433190727,0.5175461309975176,-1.0478910348890733,-0.5013321121872051,0.2778567210641577,1.0,20,1
565,0.9516635520941825,-0.25125743439124093,-1.3268805653585676,0.23380141754552405,-0.684559434725392,-0.32301613263905943,0.0,0,1
4615,-0.5961483549550518,0.8604686909577679,1.1323550297828793,0.4021044668551178,1.3565077163395276,0.6869199993181393,1.0,15,1
4258,1.1236426528774308,1.2819472769417328,-0.09726276778784416,-0.9831590928469222,-0.8081313499255647,0.6027586549883728,0.0,0,0
2439,1.0376531024858067,-0.18406519604597116,0.5175461309975176,-0.6853921594530257,-0.46298220746991015,-0.3787974887646024,0.0,0,0
4797,0.34973669935281365,0.6894339024425358,-0.712071666573206,-0.18048301152424487,0.46593770679345614,0.017543725811624257,0.0,25,1
2400,0.607705350527686,0.3046056282832635,-0.712071666573206,-1.306818803057679,1.5482572399260022,0.4579228531185423,0.0,0,1
1421,-0.25219015338855527,-0.1718484254377403,0.5175461309975176,-0.6206602174108743,-0.1689662713039823,0.22305398522151879,0.0,5,1
4939,0.6936949009193102,0.14578761037626223,-1.3268805653585676,-1.164408530564946,-0.4501989058974785,0.7436799757265863,1.0,15,1
3492,-0.9401065565215483,1.3980065977199259,1.7471639285682412,1.7614752497402968,0.06113315699978734,0.6937703412984692,1.0,10,0
3930,-0.7681274557383001,-1.0331307533180163,1.1323550297828793,0.20790864072866364,1.7570511656090524,-0.5950725712864441,0.0,15,1
2743,-0.8541170061299242,-1.8699795399818306,-0.712071666573206,-1.0996765885227946,-1.3237245133469744,-1.1959454249896613,1.0,0,0
2500,1.295621753660679,-1.01480559740567,0.5175461309975176,-0.32289328401697787,-1.1064083866156365,-2.21273189892719,1.0,0,1
1406,0.6936949009193102,1.0986957178182697,1.1323550297828793,-0.1286974578905237,-0.16044407025569454,1.2545197634026117,0.0,15,1
1173,-0.08021105260530702,-0.3428832139529724,-0.712071666573206,-0.5559282753687228,0.4062822994554418,-0.3279092340535804,0.0,10,1
4327,1.1236426528774308,1.1903214973800011,-0.712071666573206,1.0494238872766315,0.8835255581595566,1.7751457539076794,0.0,25,1
326,0.7796844513109343,1.8622438808326989,1.7471639285682412,1.7226360845150064,-1.3237245133469744,1.524618961484188,1.0,0,0
1052,-0.16620060299693115,-0.46505092003528103,0.5175461309975176,-0.7889632667204678,-0.360715794890457,-0.6224739392077635,1.0,0,0
4977,0.17775759856956538,-0.043572334051316185,0.5175461309975176,-0.5041427217350017,0.9218754628768515,0.31015119039999817,0.0,0,0
3310,-0.42416925417180357,-0.22071550787066374,2.3619728273536027,-0.24521495356639614,-1.3237245133469744,0.0860471456149222,1.0,10,1
2901,-0.5961483549550518,-0.7949037264575144,-1.3268805653585676,0.2596941943623846,-1.051014079801766,0.09876920929267786,0.0,0,1
2785,0.4357262497444378,-0.8193372676739762,-0.09726276778784416,1.0364774988682013,-1.3237245133469744,-0.7565449179656476,1.0,10,1
1197,-1.2840647580880449,0.1213540691598005,0.5175461309975176,0.8940672263754684,-0.7612592441599819,-2.6227737974640757,1.0,0,1
621,-0.42416925417180357,2.094362522389085,1.1323550297828793,-0.6465529942277348,-0.4288934032767591,-0.6528111679777956,0.0,10,0
1565,-0.9401065565215483,0.6711087465301895,0.5175461309975176,0.8163888959248867,-0.4587211069457663,0.7935896101547042,0.0,20,1
2895,-0.682137905346676,1.159779570859424,1.1323550297828793,0.5704075161647112,0.41054339997958567,0.29938636728805135,0.0,5,0
1190,-0.16620060299693115,-0.31234128743239525,-0.09726276778784416,1.774421638148727,0.7812591455801035,1.3915266030092084,0.0,15,0
329,-1.1980752076964207,-0.12908972830893226,1.7471639285682412,-0.9184271508047707,1.8124454724229229,1.4512224402663683,1.0,0,0
649,0.17775759856956538,-1.3874171009567113,-0.09726276778784416,-0.24521495356639614,-1.1831081960502263,-0.9914137858626704,1.0,0,1
898,-0.8541170061299242,1.0925873325141544,0.5175461309975176,1.1659413829525043,-0.3905434985594642,1.457094161963794,1.0,15,1
1490,0.17775759856956538,-0.6299773232463978,-0.712071666573206,1.0105847220513406,0.7684758440076718,0.3003649875709561,1.0,20,0
1124,-0.25219015338855527,-0.3856419110817804,0.5175461309975176,-1.306818803057679,0.580987420945341,-0.7389297528733709,0.0,20,1
1919,-0.3381797037801794,-0.4894844612517428,2.9767817261389644,0.35031891322139663,2.0894170064922752,0.5557848814089685,1.0,0,0
4654,-0.42416925417180357,0.4206649490614567,-0.712071666573206,-1.306818803057679,-1.0041419740361832,0.0077575229825814955,0.0,15,0
4387,-0.25219015338855527,0.1030289132474542,-0.712071666573206,0.47978279730569956,0.7684758440076718,0.70551378469332,0.0,15,1
1420,0.005778497786317116,-0.09854780178835508,1.1323550297828793,-1.306818803057679,-1.0041419740361832,-0.25451271283576077,1.0,30,0
3817,-0.08021105260530702,-0.13519811361304768,1.1323550297828793,-0.607713829002444,0.5255931141314705,-1.348610189122726,0.0,0,1
2589,0.34973669935281365,-0.9292882031480539,-0.712071666573206,-0.6853921594530257,1.957322890243815,0.9433185134390565,0.0,30,1
4716,1.7255695056187998,1.611800083363966,1.7471639285682412,1.5154938699801217,2.063850403347412,1.2192894332180577,0.0,0,1
3270,-0.8541170061299242,0.17022115159272397,-0.712071666573206,-0.5947674405940137,-0.9998808735120394,1.2114604709548238,1.0,0,1
3695,1.295621753660679,1.3735730565034643,0.5175461309975176,0.22085502913709376,0.7216037382420891,0.9433185134390565,0.0,20,0
2078,0.09176804817794125,-0.2756909756077026,-0.09726276778784416,-0.7371777130867467,0.5042876115107511,-1.2967433141288003,1.0,20,0
1024,0.607705350527686,0.848251920349537,1.7471639285682412,1.7873680265571574,1.5354739383535705,0.45009389085530765,1.0,30,1
3008,1.1236426528774308,-0.18406519604597116,0.5175461309975176,-0.2711077303832567,-0.2541882817868599,-0.3768402481987935,0.0,0,0
2407,0.2637471489611895,-1.6195357425130978,-1.3268805653585676,-0.11575106948209342,-0.13913856763497512,-0.8935517575722441,0.0,10,0
1627,-1.8859916108294137,-0.4894844612517428,-1.3268805653585676,-1.125569365339655,-0.09226646186939243,-0.4795953779037415,0.0,0,0
4295,0.09176804817794125,-0.9964804414933237,-0.712071666573206,0.8034425075164564,-0.22436057811785276,-1.2204109320622678,0.0,10,1
2949,0.7796844513109343,-0.0069220222266235905,1.1323550297828793,0.4021044668551178,1.3479855152912397,-0.5617994816676992,0.0,0,0
810,0.2637471489611895,-0.8132288823698607,-0.712071666573206,0.5056755741225601,-0.06669985872452913,-0.22026100293411144,1.0,0,1
2866,-1.2840647580880449,-0.6971695615916675,-1.3268805653585676,-0.9054807623963403,-0.6291651279115216,0.5616566031063936,1.0,0,0
979,-1.4560438588712932,-1.2469242389620565,1.7471639285682412,-1.0996765885227946,0.5341153151797583,-2.392798030981574,1.0,10,0
4522,0.34973669935281365,-0.1779568107418557,-0.09726276778784416,1.9815638526836117,0.7386481403386645,-0.8495138448415525,0.0,0,0
2706,-0.16620060299693115,-0.47726769064351193,-0.09726276778784416,0.026659203010639593,-0.9231810640774495,-0.6068160146812953,0.0,0,0
3263,0.34973669935281365,0.11524568385568507,-0.712071666573206,-0.7630704899036073,1.5780849435950093,0.7182358483710757,0.0,0,0
4449,1.4676008544439274,-0.043572334051316185,-0.712071666573206,-1.306818803057679,0.044088754903211805,0.27100637908382785,0.0,5,0
2789,-0.5961483549550518,-0.6177605526381669,-0.712071666573206,-0.038072739031511676,-0.16044407025569454,-1.5237832197625891,0.0,0,0
4158,1.3816113040523033,2.2104218431672784,0.5175461309975176,1.8779927454161693,-1.268330206533104,1.9943566972782336,0.0,0,0
1514,-1.8859916108294137,-1.0819978357509399,-0.09726276778784416,-0.2711077303832567,0.7727369445318156,0.6673475936600545,1.0,25,0
3479,1.209632203269055,-0.5933270114217052,0.5175461309975176,-0.6206602174108743,0.615076225138492,-0.4443650477191881,0.0,0,0
2043,1.983538156793672,-1.0025888267974392,-0.712071666573206,-0.607713829002444,0.6022929235660603,-1.1029764981137564,1.0,0,0
175,-1.2840647580880449,1.2330801945088092,-0.09726276778784416,-1.0478910348890733,0.8579589550146933,0.5264262729218402,1.0,0,0
3291,-0.25219015338855527,-0.31844967273651065,1.1323550297828793,-0.5688746637771531,0.866481156062981,0.6017800347054687,0.0,0,0
1989,-0.8541170061299242,-1.045347523926247,-1.3268805653585676,-0.5170891101434321,-0.9189199635533055,-0.6254098000564764,1.0,0,1
1504,0.34973669935281365,0.8543603056536524,-0.712071666573206,-1.1514621421565157,0.03982765437906793,1.1292563671908662,0.0,0,1
4472,-0.7681274557383001,-1.3507667891320188,-0.712071666573206,-0.4005716144675594,0.29123258530355695,-1.971991309332741,0.0,10,0
218,1.3816113040523033,1.764509715966852,1.1323550297828793,-1.306818803057679,0.8110868492491106,0.7250861903514055,1.0,0,0
3933,0.34973669935281365,-0.7521450293287064,-0.712071666573206,0.1561230870949425,2.093678107016419,-0.21341066095378158,0.0,0,1
3739,-0.682137905346676,-0.8682043501068997,-0.712071666573206,-0.07691190425680254,1.11788608698747,-1.1783302598973844,1.0,20,0
691,0.34973669935281365,1.8194851837038908,-0.09726276778784416,-0.5818210521855834,0.7684758440076718,1.6694547633540184,0.0,20,1
2593,0.5217158001360619,0.35347271071618697,0.5175461309975176,-0.3358396724254082,1.3820743194843907,1.3249804237717187,1.0,0,1
3801,-0.3381797037801794,0.5183991139273036,-0.09726276778784416,-0.18048301152424487,-1.0254474766569026,-0.11554863266335536,0.0,20,1
3474,0.607705350527686,1.6606671657968897,-0.712071666573206,-1.0090518696637827,0.5213320136073266,2.030565647745692,0.0,30,0
1107,-1.370054308479669,-0.9353965884521694,-0.712071666573206,-1.306818803057679,0.4020211989312979,-1.6529610971059518,0.0,0,0
1551,-1.6280229596545415,-0.8193372676739762,-1.3268805653585676,1.0882630525019223,-1.3237245133469744,1.5344051643132308,1.0,0,0
2442,0.607705350527686,-0.10465618709247052,-1.3268805653585676,-1.306818803057679,-1.0552751803259097,-1.2487909202664913,0.0,0,0
1552,-0.7681274557383001,-1.3935254862608268,-0.712071666573206,0.47978279730569956,-0.019827752958946426,-1.1636509556538206,1.0,0,1
612,0.2637471489611895,-0.5200263877723199,1.1323550297828793,-1.306818803057679,-1.0339696777051903,-0.7712242222092114,1.0,0,0
3257,-0.682137905346676,0.17022115159272397,-0.09726276778784416,-0.750124101495177,-0.2754937844075794,0.1760802116421145,0.0,0,0
3730,0.2637471489611895,-0.972046900276862,-1.3268805653585676,0.5704075161647112,-1.2725913070572479,-0.3259519934877723,1.0,0,1
577,1.3816113040523033,1.0437202500812308,0.5175461309975176,0.8811208379670382,1.76557336665734,-0.42577126234400664,0.0,5,1
2079,-1.8859916108294137,-1.79057053102833,-0.712071666573206,-0.6206602174108743,0.5724652198970532,-1.7087424532314948,0.0,0,0
4446,-1.1120856573047966,-0.08022264587600879,-0.712071666573206,-0.8795879855794798,-0.23288277916614053,-1.7410369225673352,0.0,5,1
1181,-1.370054308479669,-0.6666276350710904,-0.712071666573206,-0.840748820354189,-0.5183765142837806,-0.7966683495647223,1.0,10,0
889,-1.8859916108294137,-0.12908972830893226,-0.09726276778784416,1.489601093163261,-0.8038702494014207,-1.3574177716688647,0.0,15,1
3144,0.2637471489611895,1.0131783235606537,-1.3268805653585676,1.5672794236138428,0.044088754903211805,1.1507860134147598,0.0,0,0
3925,0.005778497786317116,-1.0819978357509399,-0.09726276778784416,-1.306818803057679,-0.4587211069457663,-2.034623007438614,0.0,0,0
2679,-1.8000020604377898,-1.2774661654826336,-0.09726276778784416,-0.4653035565097109,-1.3237245133469744,-2.3624608022115416,0.0,0,0
818,0.2637471489611895,-0.12908972830893226,-0.712071666573206,-1.1903013073818065,0.8366534523939739,-0.38858369159364514,1.0,0,1
3293,-0.5101588045634277,-0.6544108644628595,0.5175461309975176,-1.306818803057679,-0.00704445138651478,-0.507975366107965,0.0,15,0
1887,-1.1120856573047966,-0.6849527909834366,-0.09726276778784416,-1.2679796378323882,-0.1689662713039823,-0.32203751235615535,1.0,30,1
209,-0.9401065565215483,-0.8437708088904379,-0.712071666573206,-0.9443199276216312,-0.9018755614567301,-0.6185594580761465,1.0,0,1
294,-1.8859916108294137,1.2697305063335018,-1.3268805653585676,0.7128177886574444,-1.3237245133469744,-0.3416099180142402,1.0,15,0
1120,-1.0260961069131724,-0.9292882031480539,-0.712071666573206,-1.306818803057679,-1.3109412117745427,-0.1488217222821006,0.0,25,0
2229,2.2415068079685447,0.2374133899379937,-1.3268805653585676,0.1561230870949425,-0.6589928315805288,0.307215329551286,0.0,0,0
2252,-0.08021105260530702,-0.4894844612517428,-0.712071666573206,-0.23226856515796585,0.21027167534482322,-0.4795953779037415,1.0,20,0
1265,-0.08021105260530702,-0.0069220222266235905,0.5175461309975176,-0.07691190425680254,-0.7697814452082697,0.41779942151946714,1.0,0,1
991,0.8656740017025585,-1.534018348255482,1.7471639285682412,0.23380141754552405,-1.3237245133469744,-0.19970997699312254,0.0,0,0
4294,1.295621753660679,-0.8682043501068997,-1.3268805653585676,-1.306818803057679,-0.20305507549713336,-1.8467279131209957,0.0,0,0
1533,1.0376531024858067,1.5568246156269272,-0.712071666573206,-1.306818803057679,0.325321389496708,0.4481366502894995,1.0,0,1
354,0.8656740017025585,-0.3428832139529724,-0.09726276778784416,1.619064977247564,-1.191630397098514,0.05864577769360275,0.0,0,0
1879,1.4676008544439274,0.7138674436589975,1.1323550297828793,-1.306818803057679,-0.5268987153320684,0.9863778058868438,1.0,0,0
3657,-0.25219015338855527,-1.1736236153126713,-0.09726276778784416,0.453890020488839,-1.3237245133469744,-1.311422618372364,0.0,0,0
4026,-1.0260961069131724,-1.50958480703902,0.5175461309975176,0.6869250118405839,-0.1220941655383996,-0.42283540149529375,1.0,0,0
2571,2.3274963583601687,-1.240815853657941,1.1323550297828793,1.0105847220513406,3.048164624424649,-1.7615879485083248,0.0,0,1
3064,0.17775759856956538,0.5733745816643425,1.1323550297828793,0.648085846615293,1.8593175781885056,1.2603914851000368,1.0,0,1
1229,0.607705350527686,-0.31844967273651065,0.5175461309975176,1.3730835974873885,1.1477137906564774,-0.7174001066494768,1.0,10,1
260,-1.370054308479669,-0.47726769064351193,-0.712071666573206,0.6869250118405839,-0.7783036462565575,0.5812290087644791,1.0,10,1
1542,0.8656740017025585,1.0070699382565382,0.5175461309975176,-1.306818803057679,0.38497679683472236,2.6568826288044187,0.0,0,0
4804,1.0376531024858067,-1.2224906977455947,-0.09726276778784416,0.4927291857141298,0.10800526276537004,-0.2946361444348359,1.0,0,1
4750,-1.8000020604377898,-0.5017012318599736,-0.09726276778784416,-0.16753662311581458,-0.3223658901731621,-0.24961961142123973,1.0,0,0
4842,-1.0260961069131724,-0.7582534146328218,0.5175461309975176,-0.24521495356639614,-0.46724330799405406,-0.3572678425407087,0.0,0,0
2597,1.295621753660679,0.6161332787931506,-0.09726276778784416,-0.7242313246783165,-1.3237245133469744,0.6467965677190649,0.0,0,0
53,-1.4560438588712932,0.26184693115445545,-0.712071666573206,1.2177269365862253,-1.3152023122986867,-0.12044173407787709,0.0,10,1
2212,1.0376531024858067,-0.5322431583805508,0.5175461309975176,0.7904961191080262,-1.1660637939536507,0.475538018210819,1.0,10,0
1868,0.6936949009193102,0.4634236461902647,0.5175461309975176,2.2404916208522176,-1.3237245133469744,1.8367988317306474,0.0,20,1
3572,0.7796844513109343,0.7871680673083827,0.5175461309975176,0.453890020488839,-0.5908152231942266,0.3218946337948498,1.0,25,1
3654,0.7796844513109343,-0.7582534146328218,1.1323550297828793,1.8262071917824483,1.5056462346845634,-0.6224739392077635,1.0,15,0
2803,0.8656740017025585,0.28017208706680174,-0.712071666573206,0.453890020488839,0.4148045005037296,-0.009857642109695197,1.0,0,0
2898,0.09176804817794125,0.7566261407878055,-0.712071666573206,0.35031891322139663,1.518429536256995,1.0989191384208339,1.0,0,1
1480,1.7255695056187998,0.6161332787931506,0.5175461309975176,1.8779927454161693,0.6065540240902042,0.809247534681172,0.0,15,1
1034,0.5217158001360619,0.5978081228808043,-0.09726276778784416,-0.9443199276216312,0.3679323947381469,-0.2388547883092929,0.0,0,1
1098,0.5217158001360619,-0.5261347730764354,-0.09726276778784416,0.36326530162982695,-0.03687215505552195,0.24458363144541315,1.0,0,1
1470,-1.8000020604377898,0.42677333436557213,-0.712071666573206,-1.306818803057679,-0.22862167864199665,0.17216573051049752,1.0,0,1
544,-0.16620060299693115,-1.2041655418332484,-0.09726276778784416,1.3989763743042491,-1.3237245133469744,-2.496531780969426,1.0,0,0
1047,-0.5101588045634277,0.5367242698396499,-0.712071666573206,-1.306818803057679,0.05687205647564345,0.419756662085276,1.0,15,0
1922,1.0376531024858067,-0.013030407530739023,-0.09726276778784416,-0.6465529942277348,-0.9700531698430321,0.7152999875223628,0.0,30,1
1596,0.4357262497444378,-0.28179936091181806,0.5175461309975176,-0.21932217674953555,-1.0680584818983414,0.22892570691894457,0.0,0,1
31,2.2415068079685447,2.1615547607343553,1.7471639285682412,0.27264058277081493,1.0539695791253119,2.355467581669907,0.0,0,1
726,1.5535904048355516,0.9337693146071531,1.7471639285682412,-1.1126229769312248,1.99567279496111,1.069560529933706,1.0,0,0
2451,-0.5101588045634277,-1.8699795399818306,-1.3268805653585676,0.10433753346122134,0.27418818320698146,-2.401605613527712,0.0,0,0
4529,-0.682137905346676,-0.1718484254377403,-1.3268805653585676,0.6739786234321535,0.14635516748266497,-0.47176641564050686,0.0,10,0
3922,-0.3381797037801794,0.3779062519326487,0.5175461309975176,1.7485288613318666,-0.48854881061477345,-0.1693727482230902,0.0,15,0
1427,0.8656740017025585,1.3002724328540791,-0.09726276778784416,2.7065616035557074,-0.4246323027526152,0.21033192154376382,0.0,25,1
2513,0.2637471489611895,0.39012302254087955,0.5175461309975176,-1.2809260262408184,-1.3237245133469744,-0.5569063802531782,1.0,0,0
437,-0.5101588045634277,-0.8071204970657453,-1.3268805653585676,-0.4653035565097109,-0.9615309687947444,0.19467399701729526,0.0,0,1
4746,0.2637471489611895,0.9398776999112685,-0.09726276778784416,0.8163888959248867,-0.6675150326288165,0.1300850583456143,0.0,25,0
913,0.607705350527686,0.8116016085248444,1.7471639285682412,-0.284054118791687,-0.23714387969028441,0.8356702823195875,1.0,0,1
4232,0.6936949009193102,0.43899010497380303,1.7471639285682412,1.2047805481777951,1.1008416848908946,1.2300542563300052,0.0,10,1
4174,-0.7681274557383001,-0.8620959648027842,-0.712071666573206,-0.9831590928469222,-1.1106694871397802,-1.5590135499471425,0.0,10,1
4523,-0.16620060299693115,0.3229307841956098,-0.09726276778784416,0.453890020488839,0.27418818320698146,-1.042302040573692,1.0,5,1
4311,0.34973669935281365,0.22519661932976287,-1.3268805653585676,-1.2420868610155276,-0.04113325557966584,-0.27017063736222935,1.0,0,0
2303,-1.8859916108294137,-1.4607177246060967,-1.3268805653585676,-0.7760168783120376,-0.1945328744488456,-2.158907783367455,1.0,0,0
2707,0.4357262497444378,1.80726841309566,1.1323550297828793,-0.141643846298954,-0.27975488493172324,1.8152691855067538,1.0,0,1
1239,0.607705350527686,-0.6666276350710904,-0.712071666573206,-0.6465529942277348,-0.6376873289598094,-0.4394719463046664,1.0,5,0
904,1.6395799552271757,0.9215525439989222,0.5175461309975176,-0.6724457710445954,-0.9103977625050178,-0.5970298118522526,0.0,0,0
4244,-0.7681274557383001,0.31682239889149433,-1.3268805653585676,-1.0867302001143642,-1.046752979277622,1.0636888082362803,0.0,0,0
3160,-0.682137905346676,-0.5383515436846662,1.1323550297828793,-1.2938724146492486,-0.8976144609325861,-1.3016364155433218,0.0,0,0
4005,1.4676008544439274,1.8011600277915445,-1.3268805653585676,0.6351394582068627,-0.8251757520221401,0.6008014144225646,1.0,30,0
508,0.4357262497444378,-0.9231798178439385,-1.3268805653585676,-1.306818803057679,-0.19879397497298948,-0.5706070642138379,0.0,0,0
4511,-0.25219015338855527,0.14578761037626223,-0.712071666573206,-0.5818210521855834,0.5937707225177726,0.6008014144225646,0.0,10,1
184,1.1236426528774308,3.2854976566915948,1.7471639285682412,-0.25816134197482643,0.05687205647564345,2.4494151288287154,0.0,15,1
4336,-0.8541170061299242,-1.8699795399818306,-0.712071666573206,-1.306818803057679,-0.6035985247666583,-1.068724788212107,0.0,0,0
1498,-1.1980752076964207,0.18243792220095484,0.5175461309975176,-0.9443199276216312,0.47872100836588777,0.15161470456950793,0.0,5,0
3888,-0.42416925417180357,-0.7277114881122446,-0.09726276778784416,0.648085846615293,0.7599536429593841,-1.0354516985933622,0.0,0,1
322,-0.16620060299693115,-1.4973680364307893,-1.3268805653585676,-1.306818803057679,1.7101790598434696,-1.1010192575479478,1.0,0,1
2520,-1.8000020604377898,-1.8699795399818306,-1.3268805653585676,0.10433753346122134,0.08669976014465063,-1.1176558023573202,1.0,0,0
1534,-1.1980752076964207,0.8299267644371907,0.5175461309975176,-0.05101912743994197,0.022783252282492394,0.7104068861078418,0.0,5,0
3814,-0.25219015338855527,0.3473643254120715,-0.712071666573206,-0.6724457710445954,-0.1732273718281262,0.4256283837827011,0.0,0,1
2396,-1.1980752076964207,-0.5994353967258206,-0.09726276778784416,1.3212980438536677,-1.1319749897604996,0.28764292389320045,0.0,0,1
2701,0.8656740017025585,-0.055789104659547055,-0.712071666573206,2.0980813483594845,0.11226636328951392,-0.11848449351206826,1.0,20,1
4626,0.4357262497444378,1.0559370206894618,1.1323550297828793,1.6967433076981457,1.953061789719671,0.5538276408431597,0.0,0,1
2660,0.4357262497444378,0.4145565637573413,-0.09726276778784416,-0.8795879855794798,0.5000265109866072,-0.1811161916179411,1.0,15,0
4448,0.005778497786317116,-0.5322431583805508,-0.712071666573206,0.06549836823593046,-0.13487746711083123,0.27198499936673187,0.0,0,0
1147,0.5217158001360619,-0.22682389317477916,0.5175461309975176,1.1012094409103528,-1.302419010726255,-1.1088482198111818,1.0,0,0
4474,0.9516635520941825,1.4957407625857728,-1.3268805653585676,-1.2938724146492486,-0.22009947759370888,0.2788353413470618,0.0,15,0
45,0.09176804817794125,-1.8699795399818306,-0.712071666573206,1.0364774988682013,-0.24566608073857218,-0.26038443453318655,0.0,0,0
2526,0.6936949009193102,1.6912090923174667,2.3619728273536027,0.2985333595876755,1.373552118436103,0.6771337964890966,1.0,15,1
3467,1.3816113040523033,-0.013030407530739023,1.7471639285682412,1.0753166640934921,0.46593770679345614,0.5303407540534572,1.0,10,0
1850,0.6936949009193102,1.4957407625857728,-0.09726276778784416,0.35031891322139663,-0.4374156043250469,-0.13609965860434495,1.0,15,1
1379,0.2637471489611895,0.4145565637573413,1.7471639285682412,0.8811208379670382,0.018522151758348513,0.5450200582970217,0.0,0,0
4845,-0.08021105260530702,-0.691061176287552,0.5175461309975176,1.528440258388552,0.29123258530355695,-1.4895315098609399,1.0,10,1
3028,-1.370054308479669,0.1396792250721468,1.7471639285682412,1.0364774988682013,0.9517031665458587,0.3610394451110201,1.0,0,1
414,0.7796844513109343,1.2208634239005784,1.1323550297828793,-0.9702127044384918,0.798303547676679,0.27296361964963667,0.0,5,0
2174,-1.2840647580880449,-1.1003229916632862,-0.712071666573206,1.5802258120222732,1.1775414943254845,0.42464976349979705,1.0,15,0
1408,0.6936949009193102,0.1030289132474542,-1.3268805653585676,-1.0478910348890733,-0.2754937844075794,-0.5441843165754224,0.0,25,0
2125,0.005778497786317116,-0.06189748996366248,1.1323550297828793,-0.4911963333265715,-1.3237245133469744,0.17705883192501856,1.0,0,0
802,-1.1120856573047966,-1.8455459987653688,-0.712071666573206,-0.012179962214651098,1.1391915896081894,-2.227411203170754,0.0,5,1
1289,2.0695277071852964,1.0803705619059234,1.7471639285682412,0.4150508552635481,-0.7697814452082697,-0.3054009675467827,0.0,15,1
2198,0.005778497786317116,-0.18406519604597116,0.5175461309975176,-0.24521495356639614,1.015619674408017,0.49119594273728684,0.0,0,1
2458,-0.5961483549550518,-0.8376624235863225,-0.09726276778784416,-1.306818803057679,1.5738238430708655,-0.4884029604498795,0.0,0,1
1722,-1.4560438588712932,0.2862804723709172,-0.712071666573206,0.35031891322139663,-1.3237245133469744,-0.12533483549239813,1.0,0,1
2334,0.005778497786317116,1.7950516424874292,1.1323550297828793,0.06549836823593046,-0.20731617602127725,1.5118968978064324,1.0,20,1
257,0.4357262497444378,0.6466752053137277,0.5175461309975176,1.4119227627126794,-0.13487746711083123,-0.3690112859355596,1.0,0,1
4540,0.6936949009193102,0.7016506730507667,-1.3268805653585676,-0.6983385478614559,-1.3237245133469744,-0.6400891043000402,0.0,0,0
1715,-1.0260961069131724,-1.436284183389635,-1.3268805653585676,-1.306818803057679,0.5682041193729093,-2.047345071116369,0.0,0,0
1152,1.0376531024858067,-0.013030407530739023,-1.3268805653585676,0.16906947550337278,0.15913846905509663,0.9452757540048646,1.0,0,1
2317,-0.25219015338855527,-1.2530326242661718,-0.09726276778784416,1.5543330352054125,0.5000265109866072,-1.1499502716931609,0.0,10,1
648,-1.8000020604377898,-1.6867279808583677,-1.3268805653585676,1.1529949945440738,0.03982765437906793,-1.833027229160336,1.0,15,0
4495,0.34973669935281365,-1.3874171009567113,-1.3268805653585676,0.20790864072866364,1.6846124566986065,-1.404391545248269,0.0,20,0
4245,0.2637471489611895,0.09692052794333877,-0.09726276778784416,-0.45235716810128057,0.5767263204211971,-0.8876800358748187,0.0,10,0
4217,1.295621753660679,-0.6727360203752057,-0.09726276778784416,0.2596941943623846,0.938919864973427,-1.1479930311273525,1.0,15,1
3787,-0.3381797037801794,1.3185975887664254,-0.09726276778784416,0.05255197982750017,0.5128098125590388,0.3698470276571581,1.0,20,1
1316,1.897548606402048,2.711309438104744,1.7471639285682412,1.5672794236138428,2.2683832285063183,2.0188222043508404,1.0,0,1
2030,-0.5101588045634277,0.19465469280918568,-0.09726276778784416,1.8003144149655876,1.3309411131946642,-0.6019229132667739,0.0,0,1
3254,1.0376531024858067,1.7034258629256975,-0.09726276778784416,0.4021044668551178,-1.3237245133469744,1.9268318977578398,1.0,5,1
2481,1.897548606402048,1.80726841309566,1.7471639285682412,-0.4653035565097109,0.29123258530355695,0.5822076290473832,1.0,0,1
3728,0.6936949009193102,-0.2756909756077026,1.1323550297828793,0.32442613640453605,1.9104507844782321,-0.5343981137463797,1.0,20,0
1351,-0.25219015338855527,0.20687146341741655,2.9767817261389644,2.3311163397112296,2.132028011733714,-0.2525554722699526,1.0,15,0
2516,-0.5961483549550518,-0.4345089935147039,-0.712071666573206,1.295405267036807,-1.3237245133469744,0.0625602588252204,0.0,25,0
113,-0.5961483549550518,-0.30012451682416436,-1.3268805653585676,-0.05101912743994197,-1.3237245133469744,0.7975040912863212,1.0,0,0
3149,1.811559056010424,1.2941640475499636,1.7471639285682412,1.6837969192897153,-1.1319749897604996,-0.14392862086757957,0.0,15,1
264,-0.5961483549550518,0.1763295368968394,-0.09726276778784416,0.36326530162982695,0.21027167534482322,0.29645050643933846,0.0,0,1
1394,0.5217158001360619,0.2313050046338783,-0.09726276778784416,-0.5429818869602926,-0.1263552660625435,1.0411805417294826,0.0,20,0
1906,-1.1980752076964207,0.0847037573351079,-0.09726276778784416,1.4637083163464004,-0.08800536134524854,1.14393567143443,0.0,0,0
1187,-0.3381797037801794,0.023619904293953574,-0.09726276778784416,0.0007664261937791922,0.32106028897256417,0.7417227351607782,1.0,5,0
2368,-0.42416925417180357,0.19465469280918568,0.5175461309975176,-0.840748820354189,-1.3237245133469744,-0.38564783074493225,1.0,0,0
57,-0.25219015338855527,-0.39175029638589587,-0.09726276778784416,0.11728392186965161,0.6278595267109237,-0.11946311379497301,1.0,0,0
1310,-0.3381797037801794,-1.50958480703902,-1.3268805653585676,-0.9961054812553524,-1.3237245133469744,-0.09304036615655763,0.0,20,0
696,-0.7681274557383001,1.6179084686680816,0.5175461309975176,0.6739786234321535,0.4701988073176,0.7769530653453316,0.0,0,0
4213,0.607705350527686,1.0803705619059234,-0.09726276778784416,-0.2711077303832567,-0.4757655090423418,0.7338937728975443,0.0,0,1
4763,0.34973669935281365,-0.019138792834854458,2.9767817261389644,1.5672794236138428,0.15913846905509663,-0.8534283259731694,0.0,25,1
1752,-0.5961483549550518,-0.44672576412293474,-0.09726276778784416,0.7128177886574444,-0.684559434725392,0.3267877352093708,0.0,0,1
1925,-0.08021105260530702,-0.08633103118012422,-1.3268805653585676,-1.306818803057679,-1.0936250850432048,0.7436799757265863,1.0,25,1
4031,-1.2840647580880449,-0.6116521673340515,-0.09726276778784416,0.2985333595876755,1.4289464252499735,-0.5060181255421562,1.0,0,0
320,-1.1980752076964207,-0.37953352577766497,-0.09726276778784416,-0.8795879855794798,-0.27975488493172324,-1.4396218754328227,0.0,5,0
2338,0.8656740017025585,-0.5200263877723199,0.5175461309975176,0.4279972436719784,-0.4842877100906296,-0.705656663254626,0.0,30,1
683,1.295621753660679,0.28017208706680174,0.5175461309975176,1.4507619279379702,0.5980318230419165,-0.6038801538325824,1.0,5,0
2331,-0.9401065565215483,-0.422292222906473,-1.3268805653585676,-1.125569365339655,-1.3237245133469744,-0.7291435500443281,1.0,30,1
4697,0.7796844513109343,-0.03135556344308532,-0.712071666573206,-1.306818803057679,0.5468986167521899,-0.041173491162631616,1.0,25,0
3566,1.7255695056187998,0.023619904293953574,-1.3268805653585676,-0.4135180028759897,-0.7783036462565575,-0.9170386443619466,0.0,0,1
3524,-1.6280229596545415,-1.2285990830497102,-0.712071666573206,0.47978279730569956,0.7002982356213696,-0.43751470573885826,0.0,0,1
3857,-1.1980752076964207,-1.662294439641906,-0.712071666573206,-0.750124101495177,-1.2385025028640968,-2.2528553305262644,1.0,5,1
287,0.2637471489611895,-0.7521450293287064,0.5175461309975176,0.0007664261937791922,0.21027167534482322,-0.4061988566859218,1.0,0,1
2187,-0.08021105260530702,-0.6238689379422823,-0.09726276778784416,1.43781553952954,-0.5482042179527878,-0.26919201707932455,0.0,20,1
4274,1.897548606402048,1.3247059740705407,1.1323550297828793,-0.1286974578905237,0.7599536429593841,-0.2789782199083673,0.0,0,1
3362,-1.8859916108294137,-1.2285990830497102,-1.3268805653585676,-0.5688746637771531,-0.9317032651257372,-1.0824254721727666,0.0,0,1
1745,0.6936949009193102,0.8116016085248444,1.1323550297828793,0.38915807844668754,1.6675680546020308,-0.1292493166240151,1.0,5,1
1741,-0.42416925417180357,-1.479042880518443,-0.09726276778784416,-0.8795879855794798,2.647621175155124,-1.9514402833917515,1.0,0,1
3516,-0.3381797037801794,-1.8699795399818306,0.5175461309975176,0.738710565474305,0.9346587644492832,-1.8398775711406659,1.0,30,0
1836,0.09176804817794125,0.04194506020629987,2.9767817261389644,3.3279882471603606,-1.3237245133469744,0.12323471636528442,0.0,0,1
2099,-1.8859916108294137,-1.112539762271517,-0.712071666573206,-1.306818803057679,-0.1945328744488456,-1.818347924916772,1.0,20,0
737,0.7796844513109343,0.7871680673083827,0.5175461309975176,0.1561230870949425,-0.44593780537333466,-0.2476623708554309,0.0,0,1
3351,0.09176804817794125,0.24963016054622458,1.1323550297828793,0.6739786234321535,0.02704435280663628,-0.22711134491444132,0.0,0,0
337,-0.682137905346676,0.37179786662853326,-0.09726276778784416,0.6739786234321535,0.4616766062693123,-0.4052202364030171,0.0,10,1
3502,1.3816113040523033,0.8604686909577679,-1.3268805653585676,1.1918341597693647,-0.053916557152097484,0.484345600756957,0.0,0,1
4562,-0.7681274557383001,-0.562785084901128,-0.09726276778784416,-0.8795879855794798,0.06539425752393122,-1.1636509556538206,1.0,0,1
2657,0.2637471489611895,-0.8987462766274767,1.1323550297828793,0.5445147393478507,1.377813218960247,-0.3572678425407087,1.0,0,0
4415,-0.16620060299693115,1.7706181012709674,-1.3268805653585676,-1.306818803057679,1.4246853247258295,0.7378082540291613,1.0,15,1
1072,-1.1120856573047966,-1.79057053102833,-1.3268805653585676,0.453890020488839,-0.23714387969028441,-0.7712242222092114,1.0,0,0
2306,-0.5101588045634277,-0.6727360203752057,-1.3268805653585676,-1.306818803057679,-0.11357196449011184,-0.6606401302410299,0.0,0,1
1698,2.413485908751793,0.7566261407878055,-1.3268805653585676,-1.216194084198667,-0.16470517077983843,1.8984519095536163,0.0,25,1
3593,1.897548606402048,1.0009615529524227,0.5175461309975176,0.9199600031923287,-0.5396820169045,0.5499131597115428,0.0,10,0
3634,-0.16620060299693115,0.8604686909577679,0.5175461309975176,0.4279972436719784,0.15061626800680886,0.031244409772283984,0.0,0,0
4123,-1.0260961069131724,-1.1186481475756325,-0.712071666573206,0.6351394582068627,0.2315771779655426,-1.291850212714279,1.0,0,0
4955,1.1236426528774308,-1.8699795399818306,1.1323550297828793,-0.15459023470738428,-0.4757655090423418,-0.6410677245829447,1.0,15,0
3382,0.34973669935281365,0.07248698672687703,-0.09726276778784416,-1.306818803057679,-0.360715794890457,1.147850152566047,0.0,0,0
1489,0.34973669935281365,-0.5444599289887817,-0.09726276778784416,0.38915807844668754,-0.3351491917455937,-0.00887902182679113,0.0,0,1
499,-1.8859916108294137,-0.29401613152004896,-1.3268805653585676,-0.11575106948209342,0.8877866586837004,-0.9189958849277551,1.0,20,1
4355,-1.0260961069131724,-1.466826109910212,-0.09726276778784416,2.0851349599510542,0.687514934048938,-0.4316429840414325,0.0,0,1
3246,0.34973669935281365,-0.22071550787066374,0.5175461309975176,0.9070136147838987,0.24862158006211815,0.07626094278587944,0.0,0,0
2573,1.5535904048355516,0.24352177524210916,-1.3268805653585676,0.23380141754552405,-0.42037120222847135,-0.877893833045776,1.0,5,0
2601,-0.5961483549550518,-0.08022264587600879,0.5175461309975176,-0.3876252260591293,1.1690192932771968,-0.1605651656769515,0.0,0,1
3289,-0.42416925417180357,-0.8254456529780916,1.7471639285682412,1.4507619279379702,2.5581380641481024,-1.5286763211771106,1.0,20,0
4423,-1.4560438588712932,-0.9476133590604002,-0.712071666573206,-0.3617324492422687,-1.191630397098514,0.02243682722614529,0.0,0,1
2146,-0.682137905346676,-0.7582534146328218,-1.3268805653585676,-1.306818803057679,-0.31810478964901817,-0.9522689745465001,1.0,5,0
1611,0.2637471489611895,-1.8699795399818306,-0.09726276778784416,-0.5818210521855834,-0.6462095300080971,-1.2977219344117044,0.0,0,1
2352,0.607705350527686,0.18854630750507026,0.5175461309975176,-1.1126229769312248,-0.31810478964901817,0.7769530653453316,0.0,0,0
4202,-1.8859916108294137,-1.833329228157138,-1.3268805653585676,-0.5041427217350017,-0.15618296973155066,-0.8955089981380526,1.0,20,0
3249,0.8656740017025585,1.611800083363966,0.5175461309975176,-0.11575106948209342,1.2244136000910673,1.2848569921726436,0.0,15,1
1023,0.4357262497444378,0.0663786014227616,0.5175461309975176,0.09139114505279104,0.12931076538608946,0.4168208012365631,1.0,10,1
2298,-0.7681274557383001,-0.6238689379422823,1.1323550297828793,1.1400486061356436,-0.4715044085181979,0.04396647345003895,0.0,0,0
4897,0.607705350527686,0.17022115159272397,-0.712071666573206,-0.5688746637771531,-1.2896357091538233,-0.6117091160958167,1.0,15,0
2705,0.2637471489611895,0.20076307811330113,0.5175461309975176,-0.5300354985518623,-0.4246323027526152,0.41192769982204136,0.0,25,1
3079,-1.2840647580880449,-0.08633103118012422,-0.09726276778784416,-0.6853921594530257,-1.3237245133469744,-1.0315372174617452,0.0,25,1
2046,-1.0260961069131724,-0.3978586816900113,-0.712071666573206,0.2855869711792452,-1.3237245133469744,-1.1890950830093312,0.0,10,1
666,-1.7140125100461656,-0.9537217443645157,-0.712071666573206,-0.9572663160300615,-1.3237245133469744,-1.3358881254449706,0.0,0,1
3951,-0.7681274557383001,0.7932764526124981,-0.09726276778784416,0.013712814602209302,-1.3237245133469744,0.7828247870427574,0.0,0,1
2654,-0.8541170061299242,-0.5017012318599736,1.1323550297828793,1.9168319106414602,-0.4288934032767591,-1.78801069614674,0.0,20,1
1927,-0.5961483549550518,-1.5462351188637127,1.1323550297828793,1.1918341597693647,0.19748837377239156,-1.8418348117064745,0.0,15,1
4276,-0.42416925417180357,0.7871680673083827,0.5175461309975176,2.214598844035357,-1.3237245133469744,0.8660075110896192,0.0,30,0
2182,0.2637471489611895,0.42677333436557213,2.9767817261389644,0.6610322350237232,0.9346587644492832,-0.06074589682071714,0.0,10,1
1018,-0.25219015338855527,-1.5279099629513664,-0.712071666573206,-1.034944646480643,0.6108151246143482,0.100726449858486,0.0,20,0
558,-1.0260961069131724,-0.07411426057189335,0.5175461309975176,0.19496225232023337,0.9730086691665781,-0.48644571988407137,1.0,15,1
2415,1.1236426528774308,-1.0636726798385934,0.5175461309975176,1.5543330352054125,-0.3351491917455937,-0.8152621349399031,1.0,25,1
1208,-0.9401065565215483,-1.1919487712250176,-0.712071666573206,-1.306818803057679,0.6022929235660603,0.34538152058455157,0.0,10,1
3868,1.7255695056187998,1.6606671657968897,-0.09726276778784416,-1.306818803057679,1.4246853247258295,0.3972483955784776,1.0,0,1
2672,1.4676008544439274,1.8439187249203526,2.3619728273536027,0.7775497306995959,2.3109942337477576,1.5755072161952093,0.0,30,1
4380,-1.370054308479669,-0.46505092003528103,-0.712071666573206,1.2306733249946555,-1.2555469049606722,-1.0011999886917131,1.0,15,0
1511,0.09176804817794125,-0.5688934702052434,-0.712071666573206,-0.11575106948209342,0.26992708268283755,-1.5257404603283977,1.0,0,1
4288,-0.682137905346676,-1.3018997066990954,-1.3268805653585676,-1.1903013073818065,-0.5268987153320684,0.7485730771411081,1.0,25,1
246,-1.2840647580880449,-0.5261347730764354,-0.09726276778784416,0.7128177886574444,-0.05817765767624136,-2.2577484319407857,1.0,20,1
1164,-1.5420334092629173,-1.2224906977455947,-1.3268805653585676,-1.306818803057679,-0.612120725814946,-0.9777131019020107,0.0,0,1
4400,-1.2840647580880449,-0.6727360203752057,-1.3268805653585676,-1.306818803057679,-1.3237245133469744,0.867964751655428,0.0,0,1
267,0.17775759856956538,-1.3080080920032109,-0.712071666573206,-0.3358396724254082,-1.0211863761327586,-1.1734371584828631,1.0,0,1
3075,1.295621753660679,2.5891417320224352,0.5175461309975176,0.2855869711792452,0.49150430993831945,2.363296543933141,1.0,0,1
1115,0.09176804817794125,0.4328817196696876,-0.09726276778784416,2.123974125176345,0.6193373256626359,1.588229279872965,0.0,0,1
64,0.607705350527686,0.0847037573351079,-0.09726276778784416,-1.2938724146492486,-0.8720478577877229,-0.7262076891956152,0.0,0,1
2608,-0.16620060299693115,-1.1675152300085558,-0.09726276778784416,-0.5818210521855834,-0.8933533604084423,-0.17035136850599428,1.0,20,0
4972,-1.4560438588712932,0.25573854585034,-0.712071666573206,0.03960559141906988,-0.015566652434802543,0.14476436258917807,1.0,0,0
2979,-0.5961483549550518,0.39012302254087955,0.5175461309975176,0.8681744495586079,0.7769980450559595,0.5822076290473832,1.0,20,1
3027,0.7796844513109343,1.2391885798129247,-0.712071666573206,-1.306818803057679,-0.9231810640774495,1.2936645747187823,1.0,20,0
3092,-0.682137905346676,3.3343647391245184,0.5175461309975176,-0.659499382636165,-0.9700531698430321,2.6216522986198654,0.0,15,0
3920,0.4357262497444378,-0.8010121117616299,-0.712071666573206,-1.073783811705934,-1.3237245133469744,-0.2887644227374101,0.0,20,0
4352,-1.1980752076964207,-0.2329322784788946,-0.09726276778784416,0.19496225232023337,-1.012664175084471,-0.8093904132424776,1.0,0,1
2275,0.17775759856956538,-0.8620959648027842,-0.712071666573206,-0.7889632667204678,1.4161631236775418,-1.1088482198111818,0.0,0,0
2578,-1.0260961069131724,-0.5444599289887817,-0.712071666573206,0.07844475664436075,0.14635516748266497,0.06353887910812447,0.0,20,0
3517,0.4357262497444378,-1.6195357425130978,0.5175461309975176,0.09139114505279104,-1.3237245133469744,-1.2752136679049062,0.0,0,0
1238,0.607705350527686,-0.917071432539823,-0.09726276778784416,-0.7630704899036073,1.088058383318463,-1.538462524006153,0.0,5,1
104,0.7796844513109343,0.24963016054622458,1.7471639285682412,-0.08985829266523283,-0.29253818650415486,1.1126198223814936,0.0,20,0
2659,-0.16620060299693115,-0.06800587526777792,-1.3268805653585676,-0.8019096551288981,-0.2967992870282988,-0.6381318637342317,1.0,0,0
273,-0.08021105260530702,-0.6238689379422823,-0.09726276778784416,-0.5559282753687228,0.7855202461042473,-0.9033379604012869,1.0,20,0
509,-0.5961483549550518,-0.15352326952539397,-0.712071666573206,0.829335284333317,0.3807156963105785,-0.3680326656526556,1.0,20,1
4347,-0.9401065565215483,-1.1858403859209021,0.5175461309975176,0.9717455568260498,0.2358382784896865,1.1165343035131106,0.0,25,1
4944,-0.7681274557383001,-1.3324416332196725,-0.09726276778784416,2.1110277367679147,-0.4587211069457663,-0.11946311379497301,0.0,0,0
4075,-1.2840647580880449,-1.1797320006167866,-0.712071666573206,-0.11575106948209342,-1.3237245133469744,-0.5373339745950926,0.0,15,1
866,0.8656740017025585,-1.0942146063591707,-0.712071666573206,0.10433753346122134,-1.3237245133469744,-1.05795996510016,1.0,20,1
4198,-1.7140125100461656,0.6344584347054969,-0.09726276778784416,-1.306818803057679,-0.6462095300080971,1.3621679945220801,0.0,0,1
909,0.09176804817794125,0.6833255171384203,-1.3268805653585676,-0.4653035565097109,0.20601057482067933,0.09387610787815613,0.0,20,1
3476,0.607705350527686,-1.210273927137364,0.5175461309975176,1.6967433076981457,-0.20305507549713336,0.12910643806271022,1.0,0,1
4110,0.005778497786317116,-0.12298134300481682,-0.09726276778784416,1.0364774988682013,2.059589302823268,0.5782931479157662,0.0,0,0
3915,-1.8859916108294137,0.017511518989838142,-1.3268805653585676,-0.5559282753687228,-0.7655203446841258,0.7583592799701508,1.0,0,0
1628,1.6395799552271757,0.5672661963602271,1.7471639285682412,1.0882630525019223,2.7882374924518722,-0.9620551773755425,1.0,0,0
4973,1.0376531024858067,0.3473643254120715,-0.09726276778784416,-1.306818803057679,1.2840690074290815,0.868943371938332,1.0,20,1
1523,-0.25219015338855527,0.8421435350454216,0.5175461309975176,-0.16753662311581458,1.049708478601168,1.187973584165122,1.0,20,1
836,-0.9401065565215483,-1.8699795399818306,-0.712071666573206,0.453890020488839,2.549615863099815,-0.7262076891956152,1.0,20,1
359,-0.8541170061299242,-0.831554038282207,-0.09726276778784416,1.2047805481777951,0.7002982356213696,-1.5325908023087276,1.0,0,1
139,2.0695277071852964,0.48174880210261106,2.9767817261389644,0.7128177886574444,1.663306954077887,1.470794845924453,1.0,20,1
300,0.34973669935281365,0.524507499231419,-1.3268805653585676,-1.306818803057679,1.5482572399260022,0.008736143265485562,0.0,20,1
1557,-0.7681274557383001,0.1763295368968394,-0.712071666573206,-1.306818803057679,-1.3237245133469744,-0.8455993637099355,0.0,25,1
1004,0.6936949009193102,0.8849022321742296,0.5175461309975176,1.9168319106414602,-1.3152023122986867,2.0540525345353937,0.0,25,1
383,-1.6280229596545415,-1.436284183389635,-0.712071666573206,-1.0996765885227946,-0.6717761331529604,-1.8349844697261446,1.0,0,1
942,0.9516635520941825,-0.9048546619315923,-0.712071666573206,0.9976383336429104,-0.3649768954146009,-0.9336751891713189,1.0,15,0
4228,1.983538156793672,0.21908823402564742,2.3619728273536027,0.648085846615293,-0.08800536134524854,0.6683262139429585,1.0,10,1
4553,-0.682137905346676,2.118796063605547,-0.09726276778784416,-0.9184271508047707,-0.8933533604084423,0.5538276408431597,0.0,0,1
762,0.6936949009193102,0.848251920349537,0.5175461309975176,-1.306818803057679,-0.34793249331802534,-0.930739328322606,1.0,25,1
1731,-0.08021105260530702,0.7871680673083827,1.7471639285682412,-0.5300354985518623,2.681709979348275,0.7984827115692252,0.0,0,1
2824,-1.0260961069131724,0.9276609293030377,-0.09726276778784416,-0.11575106948209342,1.0539695791253119,-0.4179423000807727,0.0,20,0
4731,-0.16620060299693115,-0.8682043501068997,-0.712071666573206,-0.5559282753687228,0.1889661727241038,0.15944366683274186,1.0,30,1
2102,-1.8000020604377898,-1.8699795399818306,1.1323550297828793,2.525312165837683,1.198846996946204,-1.176373019331576,1.0,20,0
4609,-1.1980752076964207,0.8238183791330753,-0.09726276778784416,-0.10280468107366313,0.2358382784896865,0.8983019804254603,0.0,0,1
899,0.5217158001360619,0.6405668200096123,2.3619728273536027,0.22085502913709376,2.5922268683412537,-0.2868071821716012,0.0,20,1
4018,1.0376531024858067,0.5672661963602271,0.5175461309975176,1.1012094409103528,-0.13487746711083123,0.22990432720184864,1.0,25,1
3803,-0.25219015338855527,-0.31844967273651065,0.5175461309975176,0.4927291857141298,-0.011305551910658662,1.1615508365267067,1.0,25,1
1403,-0.16620060299693115,-0.07411426057189335,1.7471639285682412,-0.18048301152424487,1.19458589642206,-0.7418656137220834,0.0,0,1
2380,-0.08021105260530702,-0.2879077462159335,-0.712071666573206,-0.9054807623963403,-1.3237245133469744,0.11344851353624165,0.0,20,0
3804,0.34973669935281365,-0.16574004013362484,0.5175461309975176,-1.306818803057679,-1.3237245133469744,-0.10282656898560039,1.0,0,1
4397,0.09176804817794125,2.3814566316825108,0.5175461309975176,-0.07691190425680254,-1.3237245133469744,1.0636888082362803,0.0,10,1
2971,1.0376531024858067,0.5672661963602271,1.1323550297828793,-1.306818803057679,1.7996621708504912,-0.4414291868704752,1.0,0,0
1513,0.9516635520941825,0.8360351497413061,-0.712071666573206,0.35031891322139663,0.218793876393111,0.40409873755880743,0.0,20,1
1189,0.607705350527686,1.8561354955285834,3.5915906249243266,2.39584828175338,0.7471703413869524,1.7829747161709133,0.0,5,1
3771,-0.42416925417180357,-0.6299773232463978,1.1323550297828793,-0.4653035565097109,-0.9530087677464566,0.029287169206475155,0.0,0,1
4929,1.5535904048355516,0.7566261407878055,-0.09726276778784416,2.965489371724313,-1.0339696777051903,0.6066731361199897,1.0,0,0
3895,0.6936949009193102,0.8665770762618833,1.7471639285682412,-0.4911963333265715,0.1889661727241038,-0.4150064392320598,0.0,20,0
3949,-0.08021105260530702,-0.44061737881881935,1.1323550297828793,0.6869250118405839,-0.37349909646288865,-0.42283540149529375,0.0,25,0
109,0.8656740017025585,0.1763295368968394,-0.712071666573206,-1.306818803057679,-0.22009947759370888,1.1595935959608978,0.0,0,0
2749,-0.16620060299693115,-1.2896829360908646,-0.09726276778784416,-1.1514621421565157,-0.9317032651257372,0.18097331305663553,0.0,0,0
2324,0.005778497786317116,0.75051775548369,-0.712071666573206,-1.306818803057679,-1.3237245133469744,0.26415603710349794,0.0,20,0
3504,-1.1980752076964207,-1.8699795399818306,-0.09726276778784416,-1.306818803057679,-1.3237245133469744,-1.6842769461588882,0.0,0,0
59,-0.8541170061299242,-0.3734251404735496,-0.712071666573206,0.9199600031923287,-0.9870975719396077,-0.3934767930081662,0.0,25,1
77,-0.42416925417180357,0.15189599568037768,-1.3268805653585676,1.8262071917824483,-0.3649768954146009,0.19173813616858235,1.0,5,0
797,1.0376531024858067,2.5830333467183197,0.5175461309975176,0.1431766986865122,-1.0765806829466291,1.1625294568096107,0.0,10,0
369,0.17775759856956538,0.07859537203099247,2.3619728273536027,0.9976383336429104,0.38923789735886627,-0.29267890386902706,0.0,0,0
4916,0.09176804817794125,-0.8682043501068997,-1.3268805653585676,-0.7242313246783165,-0.6078596252908022,-0.9630337976584469,1.0,25,0
786,0.2637471489611895,1.7339677894462748,1.7471639285682412,3.975307667581874,0.6363817277592114,1.1811232421847921,1.0,30,0
2104,0.7796844513109343,1.3185975887664254,-1.3268805653585676,0.51862196253099,1.8934063823816567,0.5822076290473832,1.0,15,1
4392,1.295621753660679,3.0839209416557853,1.1323550297828793,2.253438009260648,-1.1660637939536507,1.5001534544115815,1.0,10,1
2035,0.09176804817794125,-0.39175029638589587,1.1323550297828793,0.16906947550337278,0.2614048816345498,0.03711613146970909,0.0,25,0
2124,0.09176804817794125,0.35347271071618697,-0.712071666573206,0.4021044668551178,-0.6802983342012482,0.6810482776207135,1.0,5,0
3779,-0.08021105260530702,0.21908823402564742,-0.712071666573206,-1.306818803057679,1.0667528806977435,-0.31910165150744246,1.0,5,0
2414,-1.4560438588712932,0.10913729855156963,-0.09726276778784416,0.6610322350237232,-0.5950763237183705,1.140021190302813,1.0,0,1
1729,0.09176804817794125,1.709534248229813,1.7471639285682412,0.36326530162982695,-0.10504976344182407,2.716578466061579,0.0,10,1
122,0.17775759856956538,-1.2285990830497102,0.5175461309975176,1.7226360845150064,2.711537683017282,-1.6216452480530155,0.0,0,1
1871,0.8656740017025585,0.31682239889149433,-0.09726276778784416,-0.4005716144675594,1.5610405414984339,0.8190337375102148,1.0,15,1
2385,0.6936949009193102,1.3308143593746562,0.5175461309975176,-1.2032476957902367,0.9900530712631537,1.5627851525174543,1.0,0,0
3661,0.005778497786317116,-0.34899159925708784,-0.09726276778784416,-0.21932217674953555,0.24009937901383038,-0.2897430430203142,1.0,10,0
911,-0.7681274557383001,1.0925873325141544,-0.09726276778784416,0.38915807844668754,1.2073691979944916,0.9883350464526519,1.0,20,1
125,0.8656740017025585,-0.055789104659547055,0.5175461309975176,-1.0478910348890733,0.26992708268283755,0.2201181243728066,1.0,5,1
4478,-0.5101588045634277,-0.6238689379422823,0.5175461309975176,-0.24521495356639614,-0.05817765767624136,1.7751457539076794,1.0,20,0
1587,-1.8859916108294137,-0.1779568107418557,-0.712071666573206,-0.5300354985518623,0.7855202461042473,0.49021732245438276,0.0,0,0
1258,0.005778497786317116,-0.0008136369225081579,-0.09726276778784416,0.6610322350237232,0.43184890260030506,0.2250112257873276,0.0,25,1
3457,0.2637471489611895,0.7993848379166135,0.5175461309975176,1.295405267036807,-1.3237245133469744,1.6684761430711144,0.0,25,0
3497,1.0376531024858067,1.4041149830240414,-0.09726276778784416,0.453890020488839,-0.974314270367176,-0.5138470878053901,1.0,30,0
3399,-1.8859916108294137,-1.8699795399818306,-0.09726276778784416,0.46683640889726924,-1.3237245133469744,-0.9933710264284789,1.0,0,1
1179,0.34973669935281365,-1.8699795399818306,-0.712071666573206,-0.07691190425680254,-1.3237245133469744,-0.6567256491094129,1.0,0,1
2856,1.6395799552271757,0.1213540691598005,3.5915906249243266,1.5025474815716913,1.7826177687539158,0.021458206943241222,0.0,20,1
3486,1.1236426528774308,1.7156426335339285,-1.3268805653585676,-0.5170891101434321,0.24009937901383038,1.8837726053100525,0.0,0,1
4589,-1.7140125100461656,-0.8193372676739762,-0.09726276778784416,-0.7760168783120376,-1.0254474766569026,-2.3008077243885734,0.0,20,1
2119,0.2637471489611895,-0.21460712256654832,1.1323550297828793,-0.24521495356639614,-0.31810478964901817,-0.4952533024302094,0.0,0,1
443,0.34973669935281365,0.8238183791330753,1.1323550297828793,1.3860299858958187,1.957322890243815,0.22305398522151879,0.0,20,1
3101,-1.0260961069131724,0.6161332787931506,-0.09726276778784416,-1.306818803057679,-1.0893639845190608,0.59297245215933,1.0,5,0
2887,0.5217158001360619,-0.31844967273651065,0.5175461309975176,0.738710565474305,-1.046752979277622,-0.4424078071533793,1.0,20,1
926,1.983538156793672,0.09081214263922334,0.5175461309975176,1.0882630525019223,-0.39906569960775196,1.152743253980568,1.0,10,1
2348,-0.682137905346676,-0.6727360203752057,-0.09726276778784416,-1.306818803057679,-1.3237245133469744,-0.4404505665875705,0.0,20,1
2375,-0.3381797037801794,-0.3734251404735496,-0.09726276778784416,-0.6336066058193045,-0.09652756239353631,-0.2124320406708775,0.0,0,0
4781,-0.3381797037801794,-0.29401613152004896,1.1323550297828793,-0.06396551584837226,1.369291017911959,-1.2243254131938848,0.0,5,1
1412,2.3274963583601687,1.2086466532923474,0.5175461309975176,-1.306818803057679,0.2784492837311253,1.3621679945220801,0.0,15,1
3483,1.0376531024858067,0.6772171318343049,1.7471639285682412,-0.5170891101434321,0.9857919707390098,1.0705391502166102,1.0,0,0
3023,0.4357262497444378,0.8849022321742296,2.9767817261389644,-0.10280468107366313,-0.8294368525462841,0.3189587729461369,1.0,15,1
1510,0.17775759856956538,0.43899010497380303,-0.09726276778784416,1.2047805481777951,-0.3138436891248743,-0.2241754840657291,0.0,25,1
1228,-0.5961483549550518,0.5061823433190727,-0.712071666573206,-1.306818803057679,-1.0211863761327586,0.23773328946508326,1.0,0,0
3619,0.34973669935281365,0.212979848721532,0.5175461309975176,-0.05101912743994197,-0.27975488493172324,-0.6547684085436041,1.0,0,0
2371,-1.1120856573047966,-0.013030407530739023,0.5175461309975176,-0.15459023470738428,-0.8805700588360106,0.6507110488506819,1.0,0,1
3529,-1.5420334092629173,-0.9598301296686311,-0.712071666573206,1.7485288613318666,0.1378329664343772,0.05375267627908171,0.0,25,1
2165,0.607705350527686,0.3046056282832635,0.5175461309975176,0.5315683509394203,-0.3692379959387448,-0.9092096820987123,1.0,20,1
3296,0.607705350527686,-0.5139180024682045,0.5175461309975176,0.09139114505279104,0.04834985542735569,-0.31910165150744246,1.0,15,1
325,1.897548606402048,0.945986085215384,-0.09726276778784416,-1.306818803057679,-0.18601067340055782,1.5666996336490713,0.0,10,1
3095,1.897548606402048,-0.2634742049994718,-0.712071666573206,0.44094363208040865,-1.3237245133469744,0.023415447509049357,0.0,0,0
3272,-0.3381797037801794,0.2374133899379937,1.7471639285682412,1.7614752497402968,1.0539695791253119,0.21816088380699775,1.0,25,1
2037,-0.5101588045634277,0.2374133899379937,0.5175461309975176,1.360137209078958,-0.22009947759370888,-1.008050330672043,0.0,20,1
3314,0.17775759856956538,-0.6666276350710904,-0.09726276778784416,-1.0867302001143642,1.629218149884736,-0.1517575831308135,0.0,0,0
3051,1.0376531024858067,0.8421435350454216,1.1323550297828793,-0.5688746637771531,2.5581380641481024,0.3502746219990733,0.0,0,1
1499,0.7796844513109343,0.7871680673083827,-0.712071666573206,-1.306818803057679,-0.7740425457324136,0.3277663554922749,1.0,0,0
1503,1.3816113040523033,3.236630574258671,1.7471639285682412,0.8811208379670382,1.7570511656090524,1.4385003765886126,0.0,0,0
1007,0.6936949009193102,-0.5933270114217052,-0.712071666573206,0.7257641770658747,0.8025646482008228,0.26317741682059387,0.0,25,1
2635,1.209632203269055,1.4651988360651957,0.5175461309975176,-0.25816134197482643,0.9431809654975709,1.7585092090983068,0.0,0,1
4909,-0.5101588045634277,-1.3996338715649423,-0.09726276778784416,0.2985333595876755,0.2315771779655426,-1.4895315098609399,1.0,25,1
3533,1.3816113040523033,0.9337693146071531,-0.09726276778784416,1.1400486061356436,0.17618287115167217,0.8513282068460554,0.0,10,1
1468,-1.370054308479669,-0.562785084901128,-1.3268805653585676,-1.2420868610155276,-0.2541882817868599,-0.8279841986176587,1.0,20,0
1226,0.5217158001360619,-0.03135556344308532,-0.09726276778784416,-1.306818803057679,1.0028363728355854,0.9961640087158865,1.0,0,1
2006,1.1236426528774308,1.1903214973800011,-0.09726276778784416,-0.8278024319457586,1.0326640765045925,2.1675724873522886,0.0,15,0
2283,1.1236426528774308,1.6851007070133512,0.5175461309975176,1.0753166640934921,0.4744599078417439,0.70551378469332,0.0,10,1
2111,0.4357262497444378,-0.6971695615916675,-1.3268805653585676,-0.4911963333265715,-0.46724330799405406,1.1684011785070365,0.0,0,0
1217,-1.8859916108294137,-0.9598301296686311,-1.3268805653585676,-1.306818803057679,-0.8166535509738524,-1.094168915567618,1.0,0,0
3995,0.607705350527686,0.29238885767503264,0.5175461309975176,-0.5688746637771531,-1.3237245133469744,0.6242883012122664,0.0,10,1
4287,-0.7681274557383001,-0.44061737881881935,-0.712071666573206,-1.306818803057679,-0.6035985247666583,0.5734000465012452,0.0,0,1
421,0.09176804817794125,0.8910106174783451,-0.712071666573206,-1.1385157537480854,1.19458589642206,0.6086303766857986,1.0,0,1
3438,0.09176804817794125,-0.9842636708850928,-0.712071666573206,0.4150508552635481,-0.32662699069730594,-1.452343939110578,1.0,20,0
7,0.17775759856956538,-1.4423925686937502,-1.3268805653585676,0.06549836823593046,-0.053916557152097484,0.2113105418266679,1.0,15,0
933,1.209632203269055,0.35958109602030236,0.5175461309975176,-1.125569365339655,-1.3237245133469744,0.8337130417537786,0.0,20,1
1692,-1.6280229596545415,-0.422292222906473,-0.09726276778784416,0.8940672263754684,1.2158913990427793,0.06451749939102853,1.0,15,1
440,0.4357262497444378,0.6466752053137277,0.5175461309975176,0.609246681390002,-1.3237245133469744,0.37571874935458394,1.0,20,0
1314,0.4357262497444378,0.7077590583548821,0.5175461309975176,1.7226360845150064,0.18044397167581602,1.139042570019909,1.0,5,1
679,0.4357262497444378,0.4145565637573413,1.1323550297828793,1.3860299858958187,-0.543943117428644,1.1556791148292809,1.0,30,1
4180,-0.7681274557383001,0.524507499231419,1.1323550297828793,0.2985333595876755,-0.15618296973155066,1.020629515788493,1.0,10,1
4621,-1.1120856573047966,-1.0758894504468244,-0.09726276778784416,0.7516569538827352,0.04834985542735569,-0.9424827717174573,0.0,0,1
2003,0.4357262497444378,-0.45894253473116564,-0.09726276778784416,0.19496225232023337,-0.00704445138651478,1.4267569331937617,0.0,0,0
2479,0.7796844513109343,-1.8027873016365608,-0.712071666573206,0.9587991684176196,-0.011305551910658662,-1.9348037385823793,0.0,20,1
4644,0.005778497786317116,0.4512068755820339,0.5175461309975176,2.1110277367679147,0.26992708268283755,-0.06270313738652528,0.0,0,0
2903,1.0376531024858067,1.4896323772816575,1.7471639285682412,-0.4005716144675594,0.03982765437906793,0.08996162674653917,0.0,0,0
2534,0.17775759856956538,1.4957407625857728,1.1323550297828793,0.1431766986865122,1.3181578116222326,0.6428820865874479,1.0,5,0
4943,-0.25219015338855527,-1.3568751744361343,-0.09726276778784416,0.8681744495586079,-0.7527370431116942,-0.7496945759853177,1.0,0,1
4056,0.4357262497444378,-0.22071550787066374,-0.712071666573206,0.4150508552635481,0.43184890260030506,0.5734000465012452,1.0,20,1
3942,-0.3381797037801794,-0.25125743439124093,-0.712071666573206,-1.306818803057679,-1.3237245133469744,1.0499881242756206,1.0,10,1
4255,-0.7681274557383001,-1.2469242389620565,-1.3268805653585676,-1.306818803057679,-1.3237245133469744,-1.091233054718905,1.0,0,0
2793,-0.7681274557383001,-0.5444599289887817,-0.09726276778784416,-1.306818803057679,-1.3109412117745427,-0.8788724533286804,0.0,0,0
2656,-0.5961483549550518,-0.8132288823698607,-0.712071666573206,-1.306818803057679,-0.4501989058974785,-0.4022843755543042,0.0,30,0
195,-1.1120856573047966,0.7260842142672284,-0.712071666573206,-1.1126229769312248,-0.25844938231100384,-0.5892008495890186,0.0,10,0
1475,-0.16620060299693115,-1.692836366162483,-0.712071666573206,-1.306818803057679,0.06113315699978734,-0.4952533024302094,0.0,0,0
4297,-0.25219015338855527,-0.14130649891716313,-0.09726276778784416,0.3114797479961058,-0.360715794890457,0.11344851353624165,0.0,0,0
1212,-0.5101588045634277,0.8421435350454216,1.7471639285682412,1.852099968599309,0.7002982356213696,-0.8035186915450522,0.0,20,1
2756,-1.1980752076964207,-0.8682043501068997,-1.3268805653585676,0.18201586391180308,0.5767263204211971,-0.6029015335496783,1.0,0,1
1658,-1.8000020604377898,-1.1064313769674015,-0.712071666573206,-0.11575106948209342,-1.3237245133469744,-2.119762972051285,1.0,0,0
2716,0.09176804817794125,-1.0331307533180163,0.5175461309975176,-1.306818803057679,-0.612120725814946,-0.9248676066251805,1.0,0,0
3035,1.1236426528774308,1.31248920346231,0.5175461309975176,0.013712814602209302,2.132028011733714,1.8739864024810098,0.0,0,0
4095,0.607705350527686,-0.21460712256654832,-0.712071666573206,2.0592421831341934,-1.3237245133469744,0.14867884372079504,0.0,0,1
3627,0.09176804817794125,-0.4955928465558582,-0.712071666573206,-1.0996765885227946,0.5554208178004777,-0.043130731728440445,0.0,0,0
1873,-0.5961483549550518,-0.4955928465558582,-0.09726276778784416,-1.0867302001143642,-0.22436057811785276,-0.8612572882364037,1.0,30,1
1878,1.897548606402048,0.48174880210261106,-1.3268805653585676,-1.306818803057679,-1.3237245133469744,1.8328843505990304,1.0,20,0
1131,-0.9401065565215483,-0.6116521673340515,-0.712071666573206,0.36326530162982695,-1.1788470955260824,-1.5325908023087276,1.0,10,1
1462,-0.7681274557383001,0.48785718740672646,-0.712071666573206,-0.1286974578905237,-1.3237245133469744,-0.20656031897345173,0.0,0,0
277,-0.7681274557383001,-0.2879077462159335,-0.712071666573206,0.9458527800091893,0.7812591455801035,-0.6234525594906679,1.0,25,1
4873,-1.370054308479669,-0.07411426057189335,-0.09726276778784416,-1.306818803057679,0.09948306171708228,-0.38564783074493225,1.0,0,0
2347,-0.16620060299693115,1.0803705619059234,1.1323550297828793,0.026659203010639593,0.866481156062981,0.9648481596629501,0.0,15,0
2312,0.2637471489611895,1.6056916980598508,1.7471639285682412,0.09139114505279104,-0.0027833508623708973,0.7378082540291613,1.0,30,1
1303,0.607705350527686,0.0663786014227616,-0.712071666573206,-0.9961054812553524,0.2358382784896865,0.42464976349979705,1.0,0,1
3065,-0.25219015338855527,0.1580043809844931,0.5175461309975176,0.5963002929815718,1.7229623614159013,1.2280970157641964,1.0,0,1
223,0.17775759856956538,1.31248920346231,1.1323550297828793,0.453890020488839,0.2614048816345498,-0.015729363807120995,1.0,30,1
4651,-0.9401065565215483,1.0009615529524227,-1.3268805653585676,-1.306818803057679,-0.6888205352495359,0.29645050643933846,1.0,0,1
4384,-0.682137905346676,-0.2573658196953563,0.5175461309975176,-0.3617324492422687,0.3679323947381469,0.23479742861637037,1.0,0,1
574,-0.9401065565215483,0.0847037573351079,-0.09726276778784416,-1.306818803057679,-1.3237245133469744,0.8288199403392577,0.0,0,1
1237,0.005778497786317116,-0.1718484254377403,-0.712071666573206,0.38915807844668754,0.41054339997958567,-0.4786167576208367,0.0,25,0
3561,0.7796844513109343,1.2941640475499636,1.1323550297828793,0.23380141754552405,1.11788608698747,0.8943874992938433,1.0,0,1
3689,2.757444110318289,1.0131783235606537,0.5175461309975176,-0.659499382636165,-1.0680584818983414,0.7612951408188631,0.0,0,0
1335,0.4357262497444378,-1.283574550786749,-0.712071666573206,-1.306818803057679,-1.3237245133469744,-0.9512903542635956,0.0,0,0
2810,-1.4560438588712932,-0.39175029638589587,-0.712071666573206,-1.306818803057679,-1.1064083866156365,0.22990432720184864,0.0,0,1
419,-0.08021105260530702,-0.29401613152004896,0.5175461309975176,-1.1514621421565157,-0.04113325557966584,-0.922910366059372,0.0,10,0
268,0.34973669935281365,-1.6806195955542522,-0.09726276778784416,1.1918341597693647,0.37645459578643464,-0.7614380193801686,0.0,20,0
1105,-1.1120856573047966,-0.2879077462159335,-1.3268805653585676,1.5543330352054125,-1.2555469049606722,-0.4805739981866456,1.0,0,0
258,-0.42416925417180357,-1.3629835597402498,-0.09726276778784416,-0.7242313246783165,-0.015566652434802543,-1.7606093282254205,0.0,15,0
296,0.17775759856956538,1.4102233683281569,-0.09726276778784416,0.36326530162982695,0.8238701508215422,2.476816496750035,0.0,10,0
2532,0.607705350527686,-0.31234128743239525,-1.3268805653585676,0.7775497306995959,0.38923789735886627,-0.9493331136977872,0.0,0,1
387,0.4357262497444378,-0.9476133590604002,-1.3268805653585676,-0.8795879855794798,-0.1220941655383996,0.25045535314283823,1.0,0,1
3324,0.7796844513109343,0.9887447823441919,-0.712071666573206,-0.47824994491814116,-0.23288277916614053,-0.464916073660177,0.0,0,0
3106,0.09176804817794125,-1.5523435041678282,-0.09726276778784416,-1.306818803057679,-0.940225466174025,-1.6764479838956539,0.0,0,0
2575,-0.08021105260530702,-0.06800587526777792,-0.712071666573206,-1.1514621421565157,-1.3237245133469744,0.7583592799701508,1.0,20,1
4047,-0.16620060299693115,0.6833255171384203,-0.09726276778784416,2.7065616035557074,-1.1703248944777946,0.6810482776207135,1.0,10,1
4346,0.34973669935281365,0.017511518989838142,0.5175461309975176,0.026659203010639593,0.6960371350972258,0.05962439797650751,1.0,0,1
4129,-0.25219015338855527,0.4023397931491104,0.5175461309975176,-0.08985829266523283,-1.0723195824224854,0.9736557422090881,0.0,25,1
4162,-1.370054308479669,0.31682239889149433,-0.712071666573206,-0.6206602174108743,-1.3237245133469744,-1.4190708494918332,1.0,15,0
4395,-1.1980752076964207,-1.3996338715649423,-0.09726276778784416,-0.7371777130867467,0.46593770679345614,0.6135234781003196,1.0,0,0
1564,-1.1980752076964207,-1.0270223680139008,-0.712071666573206,0.5963002929815718,-1.0339696777051903,-0.7731814627750199,0.0,0,0
1920,-1.5420334092629173,-1.8699795399818306,-0.09726276778784416,0.5833539045731415,-1.3237245133469744,-2.0747464390376886,1.0,0,1
1401,1.209632203269055,1.581258156843389,0.5175461309975176,0.8811208379670382,1.9615839907679589,0.8846012964648006,1.0,10,0
713,-1.0260961069131724,-0.1779568107418557,-0.09726276778784416,-0.07691190425680254,-0.9870975719396077,0.01460786496291136,0.0,0,1
2365,2.585465009535041,1.2330801945088092,2.3619728273536027,2.2275452324437874,0.9176143623527077,0.7162786078052675,0.0,15,1
2943,0.005778497786317116,0.6711087465301895,-0.712071666573206,-0.5818210521855834,-1.1404971908087875,-0.3641181845210386,1.0,0,0
210,-0.3381797037801794,-1.4057422568690576,-0.712071666573206,0.7646033422911656,-1.3237245133469744,-0.339652677448432,1.0,0,0
3962,1.3816113040523033,1.0070699382565382,2.3619728273536027,0.46683640889726924,0.7855202461042473,1.0979405181379298,1.0,25,1
1290,0.8656740017025585,-0.3734251404735496,-0.712071666573206,0.06549836823593046,-0.3308880912214498,-0.4835098590353585,0.0,0,1
2615,-1.8859916108294137,-1.8699795399818306,-0.712071666573206,2.2922771744859385,-1.2086747991950895,-0.7340366514588494,1.0,0,0
450,0.4357262497444378,0.3473643254120715,0.5175461309975176,-0.9443199276216312,1.4630352294431246,1.086197074743078,1.0,25,1
4103,-0.7681274557383001,-1.0942146063591707,-1.3268805653585676,0.648085846615293,0.044088754903211805,-0.9258462269080849,0.0,20,0
2585,0.5217158001360619,1.2636221210293865,-0.09726276778784416,-0.931373539213201,1.3053745100498009,1.0754322516311312,1.0,0,1
1821,-1.8859916108294137,-1.0697810651427089,-1.3268805653585676,-0.10280468107366313,0.9303976639251393,-0.4972105429960182,1.0,20,1
959,0.005778497786317116,-1.338550018523788,-0.09726276778784416,-0.607713829002444,0.2571437811104059,-0.2623416750989947,1.0,0,1
1794,-0.3381797037801794,-0.8498791941945534,-0.712071666573206,-1.306818803057679,1.2755468063807938,-0.022579705787450857,1.0,0,0
4952,-0.8541170061299242,0.5122907286231883,-0.712071666573206,0.738710565474305,-0.13913856763497512,0.18880227531987015,1.0,20,0
655,0.607705350527686,-0.21460712256654832,1.7471639285682412,-0.5559282753687228,1.369291017911959,-1.5952225004146003,0.0,0,1
2423,1.6395799552271757,1.3002724328540791,2.3619728273536027,2.175759678810066,0.08669976014465063,-0.04704521286005742,0.0,15,1
3871,0.005778497786317116,1.31248920346231,-0.712071666573206,0.5056755741225601,0.5213320136073266,1.1018549992695468,1.0,30,1
2408,-0.3381797037801794,-0.7154947175040138,-0.712071666573206,-1.306818803057679,0.7216037382420891,-0.9023593401183825,0.0,0,0
1761,-1.1980752076964207,0.20076307811330113,-1.3268805653585676,-0.750124101495177,-0.6547317310563848,1.5001534544115815,1.0,0,1
2370,0.7796844513109343,0.9643112411277303,0.5175461309975176,1.114155829318783,0.7556925424352401,-0.13609965860434495,1.0,0,1
3940,1.5535904048355516,-0.31844967273651065,-0.712071666573206,-0.4394107796928503,0.4957654104624633,-0.47274503592341166,0.0,15,0
4370,0.7796844513109343,1.5446078450186964,1.1323550297828793,-0.5818210521855834,1.7911399698022035,2.2732634779059486,0.0,20,0
412,-1.8859916108294137,0.22519661932976287,-0.712071666573206,-0.6983385478614559,0.15487736853095274,0.5998227941396599,0.0,0,1
1775,1.1236426528774308,-0.5261347730764354,1.7471639285682412,0.4927291857141298,0.022783252282492394,-0.9591193165268299,0.0,0,1
4463,1.1236426528774308,0.6588919759219586,0.5175461309975176,-0.47824994491814116,-0.8933533604084423,0.817076496944406,1.0,0,1
2202,-0.16620060299693115,0.5794829669684579,0.5175461309975176,1.1918341597693647,1.0667528806977435,0.5146828295269893,0.0,0,1
4092,0.09176804817794125,0.20076307811330113,-0.712071666573206,0.05255197982750017,-0.0496554566279536,-0.42283540149529375,1.0,0,0
3723,0.9516635520941825,0.8116016085248444,1.1323550297828793,-1.306818803057679,-0.8123924504497085,-0.041173491162631616,0.0,5,1
4322,0.09176804817794125,-0.013030407530739023,-0.09726276778784416,0.7128177886574444,0.7045593361455136,-0.9072524415329039,0.0,0,1
4785,0.09176804817794125,1.7584013306627364,1.1323550297828793,-0.06396551584837226,0.09096086066879451,0.6458179474361601,0.0,20,1
3721,0.09176804817794125,-1.3446584038279035,-0.09726276778784416,-0.15459023470738428,0.12931076538608946,-1.3172943400697898,1.0,5,0
4641,1.5535904048355516,0.7688429113960363,0.5175461309975176,1.5672794236138428,0.48724320941417554,-0.6997849415572002,1.0,20,0
4687,-1.2840647580880449,-0.3612083698653187,-0.09726276778784416,-0.9572663160300615,-0.3436713927938815,-1.056981344817256,0.0,0,0
3575,-0.5961483549550518,-1.8699795399818306,-0.712071666573206,-1.1903013073818065,-0.9444865666981689,-0.343567158580049,0.0,0,1
1984,-0.25219015338855527,-1.2591410095702873,-0.09726276778784416,0.2596941943623846,-1.3237245133469744,-1.5423770051377699,0.0,0,1
3383,1.983538156793672,2.3081560080331256,2.3619728273536027,1.3860299858958187,2.3109942337477576,1.9992497986927553,0.0,0,1
4151,-0.42416925417180357,-0.14130649891716313,-1.3268805653585676,-1.306818803057679,-1.2044136986709457,0.6614758719626287,1.0,0,1
3587,-1.0260961069131724,0.023619904293953574,-1.3268805653585676,-1.306818803057679,-0.09226646186939243,-0.12729207605820694,1.0,15,1
431,-1.0260961069131724,-1.8699795399818306,-0.712071666573206,-0.750124101495177,0.8196090502973984,0.05864577769360275,1.0,0,1
3124,0.607705350527686,-0.44061737881881935,1.1323550297828793,-0.6853921594530257,0.8238701508215422,1.585293419024252,0.0,0,1
3838,-0.16620060299693115,-0.47726769064351193,-1.3268805653585676,0.9846919452344801,-0.5695097205735072,-0.04606659257715335,0.0,0,0
1367,-1.1980752076964207,0.9582028558236148,-0.712071666573206,-0.7889632667204678,-0.6589928315805288,0.25534845455735994,1.0,0,0
2611,-1.7140125100461656,-0.9415049737562848,-0.712071666573206,0.23380141754552405,-1.2129358997192334,-1.0237082551985113,1.0,10,0
3840,-0.16620060299693115,0.3840146372367641,-0.09726276778784416,-0.5688746637771531,2.4643938526169373,1.2603914851000368,0.0,25,0
1177,-0.7681274557383001,-1.1003229916632862,-0.09726276778784416,-0.07691190425680254,2.289688731127038,0.3561463436964991,1.0,15,1
3348,0.17775759856956538,0.3351475548038407,-0.09726276778784416,0.1302303102780819,-1.3237245133469744,1.748723006269264,0.0,15,0
1477,2.1555172575769204,1.0131783235606537,0.5175461309975176,-0.1286974578905237,0.15061626800680886,-0.3063795878296868,0.0,25,0
3168,-0.5961483549550518,-1.3507667891320188,-0.09726276778784416,-1.2420868610155276,-1.3237245133469744,-0.818197995788616,0.0,0,0
4969,-0.3381797037801794,-0.4955928465558582,-0.712071666573206,-0.89253437398791,1.5013851341604194,0.05179543571327288,0.0,0,0
103,-0.3381797037801794,0.7688429113960363,0.5175461309975176,0.2596941943623846,-0.9956197729878954,0.868943371938332,1.0,0,1
1943,-1.2840647580880449,-1.1675152300085558,-0.09726276778784416,-0.07691190425680254,-0.16470517077983843,-0.657704269392317,1.0,0,1
4925,-1.4560438588712932,0.06027021611864617,-0.712071666573206,-0.141643846298954,-0.97857537089132,0.45009389085530765,1.0,5,0
1264,-0.42416925417180357,-0.8193372676739762,-0.09726276778784416,0.5833539045731415,1.088058383318463,-0.6997849415572002,1.0,0,1
3378,-0.25219015338855527,-0.5750018555093589,1.1323550297828793,-0.5688746637771531,1.3138967110980886,-0.11750587322916418,0.0,0,0
3154,-0.16620060299693115,0.9093357733906914,-0.09726276778784416,-0.45235716810128057,-1.3237245133469744,0.1349781597601353,1.0,20,0
4510,0.607705350527686,1.3002724328540791,1.1323550297828793,0.3762116900382572,0.8792644576354127,1.2799638907581226,1.0,15,1
3077,0.005778497786317116,-0.06800587526777792,-0.712071666573206,-0.7889632667204678,0.022783252282492394,1.8162478057896578,0.0,10,0
2755,1.1236426528774308,0.8299267644371907,-0.09726276778784416,-1.034944646480643,0.19748837377239156,1.185037723316409,0.0,0,0
3604,1.4676008544439274,0.6588919759219586,-1.3268805653585676,-0.34878606083383845,-0.24992718126271607,0.49119594273728684,0.0,20,0
3905,-1.6280229596545415,0.665000361226074,-0.712071666573206,0.7257641770658747,-0.7442148420634064,-0.18209481190084517,0.0,0,1
2989,0.2637471489611895,0.029728289598069006,-1.3268805653585676,-1.306818803057679,-1.3194634128228304,0.5724214262183405,1.0,20,0
1644,0.6936949009193102,-0.6299773232463978,-0.09726276778784416,0.2855869711792452,0.9133532618285638,-1.5502059674010042,0.0,0,1
4516,0.9516635520941825,-1.8699795399818306,-0.09726276778784416,-0.9831590928469222,-1.3237245133469744,-2.292000141842435,0.0,20,0
1,0.34973669935281365,-0.08022264587600879,0.5175461309975176,0.9458527800091893,-0.6334262284356654,-0.11261277181464316,1.0,0,0
1581,1.209632203269055,-1.198057156529133,-0.712071666573206,0.6869250118405839,-1.2214581007675211,-1.8888085852858791,0.0,0,0
4433,0.5217158001360619,-0.13519811361304768,-0.09726276778784416,0.6351394582068627,1.1519748911806211,0.30427946870257305,0.0,0,0
4126,-0.08021105260530702,0.31682239889149433,-0.712071666573206,0.9329063916007589,0.7897813466283912,0.21424640267538078,0.0,0,1
1357,-0.42416925417180357,0.5122907286231883,-1.3268805653585676,-1.306818803057679,1.7314845624641892,0.6428820865874479,1.0,25,1
3407,0.7796844513109343,0.46953203149438016,1.1323550297828793,0.9329063916007589,-0.16470517077983843,-0.16545826709147324,0.0,25,1
2343,-1.8859916108294137,-1.1308649181838633,-0.712071666573206,0.03960559141906988,0.014261051234204632,-0.10380518926850446,1.0,0,0
2406,-1.7140125100461656,-1.1186481475756325,-1.3268805653585676,-0.19342939993267516,-0.8379590535945718,-0.8730007316312546,0.0,20,1
2053,1.209632203269055,1.062045405993577,1.7471639285682412,0.7516569538827352,1.595129345691585,1.695877510992434,0.0,25,0
2234,1.6395799552271757,0.1763295368968394,1.7471639285682412,0.829335284333317,0.5341153151797583,-0.2995292458493569,0.0,0,1
397,0.7796844513109343,0.7749512967001518,-0.09726276778784416,1.7614752497402968,-0.6163818263390899,0.7896751290230872,1.0,0,0
4115,-0.8541170061299242,0.4145565637573413,-0.712071666573206,-1.0090518696637827,0.4829821088900317,-0.1312065571898239,0.0,25,1
1065,-0.682137905346676,1.1475628002511933,-0.09726276778784416,-0.07691190425680254,1.0284029759804485,0.8777509544844707,1.0,20,0
4624,0.8656740017025585,0.848251920349537,1.1323550297828793,0.4021044668551178,0.32106028897256417,0.7123641266736499,1.0,25,1
2169,-0.7681274557383001,-1.6500776690336751,-0.09726276778784416,-0.42646439128442,0.45741550574516837,-0.00887902182679113,1.0,0,0
819,0.2637471489611895,0.5183991139273036,0.5175461309975176,1.489601093163261,-0.45446000642162243,0.7622737611017678,0.0,0,1
1813,0.2637471489611895,0.1580043809844931,-0.712071666573206,-0.9054807623963403,-0.27975488493172324,0.7955468507205123,0.0,0,0
2568,0.4357262497444378,0.4450984902779184,-0.09726276778784416,0.10433753346122134,-0.04113325557966584,0.18782365503696538,1.0,20,1
1553,-0.5961483549550518,-0.5505683142928971,0.5175461309975176,1.2565661018115162,0.022783252282492394,-0.8730007316312546,0.0,0,0
3136,-1.1120856573047966,0.023619904293953574,-1.3268805653585676,-1.2032476957902367,-0.97857537089132,1.415992110081815,1.0,0,0
817,-0.42416925417180357,0.023619904293953574,-0.712071666573206,-1.125569365339655,0.7769980450559595,-0.5177615689370078,1.0,0,0
1573,0.34973669935281365,1.5201743038022346,1.1323550297828793,-0.47824994491814116,2.758409788782865,0.2807925819128706,1.0,20,0
4526,-1.1980752076964207,0.25573854585034,-1.3268805653585676,0.38915807844668754,-0.39906569960775196,-0.6635759910897424,1.0,20,0
1801,0.005778497786317116,-0.4528341494270502,-0.09726276778784416,-0.07691190425680254,-0.8166535509738524,-0.5060181255421562,1.0,20,0
4946,1.983538156793672,0.8849022321742296,2.3619728273536027,0.0007664261937791922,0.7216037382420891,1.0989191384208339,0.0,0,1
382,1.3816113040523033,0.06027021611864617,-0.712071666573206,0.5315683509394203,1.8380120755677862,0.100726449858486,1.0,0,1
3334,-0.42416925417180357,1.2697305063335018,-0.712071666573206,-0.6983385478614559,-1.2811135081055356,0.3551677234135943,0.0,30,0
3842,-0.08021105260530702,-1.0025888267974392,-0.09726276778784416,-0.42646439128442,0.7599536429593841,-0.404241616120113,1.0,20,0
2310,0.2637471489611895,-0.14130649891716313,-0.09726276778784416,1.3860299858958187,0.5468986167521899,0.27296361964963667,0.0,25,1
3520,0.6936949009193102,0.7016506730507667,-0.712071666573206,-1.2291404726070974,0.6832538335247942,-0.056831415689100176,1.0,0,1
4941,0.34973669935281365,0.6772171318343049,-0.712071666573206,-1.021998258072213,-0.8805700588360106,2.237054527438491,0.0,20,1
1781,0.8656740017025585,1.4713072213693112,2.9767817261389644,0.557461127756281,2.1149836096371386,-0.27114925764513337,1.0,30,0
2742,0.6936949009193102,0.848251920349537,2.3619728273536027,1.3860299858958187,1.339463314242952,-0.843642123144127,0.0,0,0
2623,1.5535904048355516,0.6039165081849197,1.7471639285682412,1.4766547047548308,1.599390446215729,0.4696662965133932,1.0,15,1
2349,1.5535904048355516,1.2452969651170402,0.5175461309975176,-0.25816134197482643,0.49150430993831945,0.33657393803841357,0.0,0,1
865,-0.682137905346676,-0.9109630472357076,-0.09726276778784416,-0.840748820354189,-1.3237245133469744,-0.07346796049847211,1.0,0,0
3036,0.5217158001360619,-1.2469242389620565,1.1323550297828793,0.1561230870949425,-1.0552751803259097,-1.1117840806598946,1.0,0,0
3180,0.4357262497444378,1.8805690367450452,1.7471639285682412,0.3762116900382572,-0.6462095300080971,2.408313076946737,1.0,10,1
555,-0.08021105260530702,-0.21460712256654832,-0.712071666573206,0.5704075161647112,0.2358382784896865,0.31504429181451993,0.0,0,1
1160,-1.4560438588712932,0.16411276628860852,-0.712071666573206,-1.073783811705934,0.46593770679345614,-0.7213145877810941,1.0,20,1
1214,-0.7681274557383001,-0.20849873726243287,1.1323550297828793,0.4279972436719784,1.6377403509330237,1.4668803647928361,1.0,0,1
4236,0.607705350527686,0.29238885767503264,1.1323550297828793,-0.3358396724254082,0.3466268921174274,0.7485730771411081,0.0,20,1
3617,1.209632203269055,0.4634236461902647,1.1323550297828793,0.9717455568260498,1.2116302985186356,-0.8123262740911905,1.0,0,0
49,0.6936949009193102,0.3290391694997252,1.7471639285682412,0.22085502913709376,1.8081843718987791,-0.5099326066737732,1.0,0,1
3164,0.6936949009193102,0.9765280117359612,2.3619728273536027,-1.2291404726070974,-0.49280991113891737,-0.7555662976827432,0.0,20,1
701,1.1236426528774308,0.2862804723709172,-0.712071666573206,0.8034425075164564,-1.2044136986709457,-0.7976469698476264,1.0,0,1
653,1.7255695056187998,1.5568246156269272,-0.09726276778784416,0.453890020488839,-0.7996091488772769,1.1566577351121856,0.0,15,1
3882,1.4676008544439274,0.6466752053137277,1.1323550297828793,0.609246681390002,2.4856993552376565,-0.20753893925635647,0.0,10,0
3327,0.607705350527686,0.0847037573351079,0.5175461309975176,1.0364774988682013,-0.5226376148079245,0.39235529416395654,0.0,0,1
749,-0.3381797037801794,-0.8559875794986688,0.5175461309975176,0.6351394582068627,-0.07948316029696077,-1.4112418872285988,1.0,20,1
1456,-0.08021105260530702,-0.6666276350710904,-0.712071666573206,-0.141643846298954,-0.9146588630291617,-0.2760423590596544,1.0,0,1
4205,1.4676008544439274,0.2862804723709172,-0.712071666573206,-1.306818803057679,-1.2896357091538233,2.203781437819746,1.0,0,1
2101,0.2637471489611895,1.2514053504211555,-0.712071666573206,-1.306818803057679,-0.16044407025569454,0.4686876762304891,1.0,0,1
2025,-1.370054308479669,-0.660519249766975,0.5175461309975176,-0.2970005072001173,-1.1660637939536507,0.24458363144541315,0.0,0,0
867,-1.370054308479669,-0.9598301296686311,-0.712071666573206,0.829335284333317,-0.30106038755244263,0.05962439797650751,0.0,20,0
753,-1.0260961069131724,0.5000739580149574,-0.09726276778784416,-0.8278024319457586,0.9857919707390098,-0.24961961142123973,1.0,0,1
1645,-1.5420334092629173,-1.3263332479155572,-0.09726276778784416,0.1302303102780819,-1.3237245133469744,-0.6469394462803701,0.0,0,0
93,-0.42416925417180357,-1.4546093393019812,-0.09726276778784416,-1.164408530564946,-1.3237245133469744,-1.06481030708049,1.0,0,1
4608,1.3816113040523033,1.5751497715392735,-0.712071666573206,0.5833539045731415,0.6619483309040747,0.8464351054315343,1.0,0,1
3117,-0.682137905346676,0.1396792250721468,-1.3268805653585676,-1.306818803057679,-1.3237245133469744,0.7329151526146395,1.0,0,1
2448,-0.42416925417180357,0.9154441586948068,1.1323550297828793,1.360137209078958,-0.44167670484919075,0.4510725111382124,0.0,20,1
2645,1.4676008544439274,1.129237644338847,2.9767817261389644,0.9846919452344801,2.063850403347412,-0.0852114038933237,0.0,20,1
1491,-0.5961483549550518,0.6161332787931506,-1.3268805653585676,0.026659203010639593,0.07817755909636287,0.08115404420040116,0.0,0,1
2911,-0.5101588045634277,0.2740637017626863,-0.09726276778784416,0.27264058277081493,-0.6419484294839533,0.031244409772283984,0.0,15,0
4374,1.811559056010424,1.0498286353853463,-0.712071666573206,0.5833539045731415,-0.7569981436358381,0.45302975170402054,1.0,15,1
730,-1.1120856573047966,-1.79057053102833,-1.3268805653585676,-1.306818803057679,-0.28401598545586715,0.03809475175261385,0.0,0,1
2733,1.811559056010424,0.011403133685722707,1.1323550297828793,0.4279972436719784,2.72005988406557,-0.27995684019127137,0.0,15,1
2487,0.09176804817794125,0.4573152608861493,1.1323550297828793,-1.034944646480643,1.2158913990427793,0.5362124757508829,0.0,0,1
3997,1.0376531024858067,-1.0025888267974392,-0.712071666573206,-0.4005716144675594,-0.4033268001318958,-1.3192515806355984,0.0,0,0
1937,0.005778497786317116,-0.6788444056793212,-0.09726276778784416,-0.7242313246783165,0.41054339997958567,0.5596993625405855,0.0,0,1
1746,-0.7681274557383001,-0.09854780178835508,-0.712071666573206,-0.3876252260591293,-1.3237245133469744,0.27589948049834956,1.0,5,1
4450,0.005778497786317116,-0.8254456529780916,0.5175461309975176,0.2985333595876755,-0.7442148420634064,-0.9718413802045852,1.0,0,1
4020,0.005778497786317116,-0.5383515436846662,-0.09726276778784416,-0.038072739031511676,1.6206959488364483,-0.19677411614440965,1.0,25,0
4102,0.17775759856956538,0.4939655727108419,-0.712071666573206,-1.306818803057679,-0.5567264190010756,0.16922986966178463,1.0,20,0
1958,-1.1980752076964207,-0.043572334051316185,-0.712071666573206,-0.659499382636165,0.4616766062693123,0.32874497577517964,0.0,15,1
1111,1.5535904048355516,0.5061823433190727,-0.712071666573206,-1.306818803057679,-0.4033268001318958,-0.055852795406195414,0.0,25,1
3353,0.8656740017025585,1.1842131120758859,-0.09726276778784416,0.20790864072866364,-0.5183765142837806,1.7859105770196262,1.0,30,1
4051,0.9516635520941825,-0.7277114881122446,-0.09726276778784416,-0.07691190425680254,-0.11783306501425572,-0.504060884976348,0.0,0,0
4482,-0.08021105260530702,-0.6177605526381669,-0.712071666573206,-1.0608374232975037,0.43184890260030506,-0.37096852650136847,1.0,20,0
4167,-1.1980752076964207,-1.4179590274772886,-0.09726276778784416,-0.23226856515796585,0.24862158006211815,-1.687212807007601,0.0,25,1
347,-0.5961483549550518,-1.3996338715649423,-0.712071666573206,0.06549836823593046,-1.3237245133469744,-1.351546049971439,0.0,15,0
1186,-1.4560438588712932,-1.8699795399818306,-0.09726276778784416,1.43781553952954,-0.46298220746991015,-1.8946803069833045,1.0,0,1
4025,-0.9401065565215483,0.5733745816643425,-0.712071666573206,1.1271022177272134,-0.4374156043250469,0.8307771809050657,1.0,5,1
1516,0.2637471489611895,-1.2163823124414792,1.7471639285682412,0.4927291857141298,1.407640922629254,-0.7986255901305308,0.0,0,0
4680,-1.1120856573047966,0.6833255171384203,-0.09726276778784416,0.35031891322139663,-1.3237245133469744,1.8945374284219993,0.0,0,1
579,-0.25219015338855527,-0.917071432539823,-1.3268805653585676,-0.3876252260591293,0.6321206272350676,-1.8300913683116231,1.0,0,0
1965,-0.7681274557383001,0.9398776999112685,0.5175461309975176,1.4248691511211096,1.1519748911806211,0.432478725763031,0.0,0,0
76,0.6936949009193102,0.3656894813244178,1.1323550297828793,0.20790864072866364,-1.2001525981468018,0.9325536903271089,1.0,0,0
1430,0.7796844513109343,0.13357083976803136,-0.712071666573206,-1.306818803057679,-0.6973427362978237,-0.8348345405979882,0.0,0,0
3752,-0.682137905346676,-0.3550999845612033,-0.09726276778784416,-0.2711077303832567,-0.9189199635533055,0.2573056951231681,1.0,0,1
4441,0.34973669935281365,0.0663786014227616,-0.09726276778784416,-0.3358396724254082,0.44463220417273674,-0.03236590861649362,0.0,20,1
4324,0.09176804817794125,-0.44061737881881935,-0.712071666573206,-1.306818803057679,1.1775414943254845,-0.8054759321108607,0.0,0,0
4963,0.2637471489611895,-0.013030407530739023,-0.09726276778784416,-0.607713829002444,-1.3237245133469744,0.5166400700927974,1.0,0,1
1847,0.005778497786317116,-0.2879077462159335,-0.712071666573206,-0.06396551584837226,-0.6291651279115216,-0.8730007316312546,0.0,0,0
132,-1.4560438588712932,-0.7277114881122446,-1.3268805653585676,-1.073783811705934,-1.3237245133469744,-0.5999656727009655,0.0,0,1
179,-0.08021105260530702,-1.6500776690336751,-1.3268805653585676,-1.306818803057679,-0.32662699069730594,-1.4914887504267484,0.0,0,1
2965,0.005778497786317116,1.2941640475499636,-0.712071666573206,0.2855869711792452,-1.0936250850432048,0.541105577165404,1.0,0,1
4477,0.2637471489611895,-1.0819978357509399,-1.3268805653585676,1.3860299858958187,-1.153280492381219,-1.9514402833917515,0.0,0,0
2711,-0.08021105260530702,-0.5750018555093589,-1.3268805653585676,-1.306818803057679,-0.2754937844075794,-0.3259519934877723,0.0,0,1
4702,-0.5101588045634277,1.0192867088647692,-0.09726276778784416,-1.306818803057679,-0.7825647467807013,-0.18600929303246283,0.0,20,1
1843,0.9516635520941825,1.1353460296429623,-0.712071666573206,0.5315683509394203,0.24862158006211815,-0.042152111445535684,1.0,10,1
2218,-0.08021105260530702,-0.3978586816900113,-0.09726276778784416,-1.306818803057679,-1.1660637939536507,1.0558598459730464,1.0,0,0
3594,0.4357262497444378,0.017511518989838142,0.5175461309975176,0.6998714002490141,1.1434526901323334,-0.6723835736358811,0.0,0,1
2389,1.1236426528774308,-0.7399282587204755,1.1323550297828793,-0.9702127044384918,-1.2598080054848162,-0.5236332906344329,1.0,0,0
605,-0.682137905346676,-0.4345089935147039,-0.09726276778784416,-1.306818803057679,-0.0027833508623708973,-0.5030822646934433,0.0,0,1
2643,-1.0260961069131724,-1.7478118338995219,-0.712071666573206,1.5802258120222732,1.2755468063807938,-2.5552489979436817,0.0,25,1
26,-0.3381797037801794,-1.8699795399818306,-0.712071666573206,-1.306818803057679,-0.00704445138651478,-0.5383125948779967,1.0,20,0
659,1.295621753660679,0.6344584347054969,1.7471639285682412,0.6739786234321535,0.3338435905449958,-0.848535224558648,1.0,20,0
1897,-1.6280229596545415,-0.7399282587204755,1.1323550297828793,-1.2679796378323882,0.45741550574516837,-1.7390796820015268,0.0,0,0
3545,-0.25219015338855527,1.2208634239005784,1.1323550297828793,0.44094363208040865,1.2158913990427793,1.4972175935628687,0.0,5,1
4769,-1.5420334092629173,-0.4039670669941267,-1.3268805653585676,-0.32289328401697787,-0.3820212975111764,-0.3572678425407087,1.0,0,0
174,-1.2840647580880449,-1.5279099629513664,-1.3268805653585676,-1.306818803057679,-0.4800266095664857,-1.7420155428502397,1.0,0,0
1612,-0.25219015338855527,-1.1308649181838633,-0.09726276778784416,-0.07691190425680254,0.3338435905449958,-2.487724198423287,1.0,0,0
438,-1.1120856573047966,-0.6360857085505132,-1.3268805653585676,-0.6206602174108743,-0.4800266095664857,-0.4766595170550286,1.0,0,0
332,0.6936949009193102,0.6955422877466512,-0.09726276778784416,1.1918341597693647,-1.153280492381219,0.8102261549640761,1.0,30,1
1455,1.5535904048355516,0.7383009848754593,1.7471639285682412,2.266384397669078,2.0127171970576856,0.9589764379655243,1.0,25,1
343,0.09176804817794125,0.1396792250721468,-0.09726276778784416,-0.24521495356639614,-0.20731617602127725,-0.29757200528354877,0.0,0,1
3214,-1.0260961069131724,-1.4485009539978657,-0.712071666573206,-0.5947674405940137,1.6420014514571677,-2.227411203170754,1.0,0,1
2562,0.09176804817794125,-0.5261347730764354,-0.09726276778784416,-0.15459023470738428,-1.3237245133469744,-0.01964384493873796,0.0,0,1
1089,0.6936949009193102,1.990519972219123,1.7471639285682412,0.5833539045731415,0.5724652198970532,2.620673678336962,0.0,0,1
480,2.6714545599266653,0.40844817845322584,0.5175461309975176,-0.05101912743994197,-1.2001525981468018,0.40116287671009454,0.0,20,0
728,0.7796844513109343,-0.12908972830893226,-1.3268805653585676,-0.3099468956085476,-0.4288934032767591,0.07332508193716723,1.0,0,1
3802,-0.7681274557383001,0.3473643254120715,1.1323550297828793,-0.7242313246783165,0.5000265109866072,-0.34552439914585714,0.0,0,0
977,1.1236426528774308,0.18243792220095484,-0.09726276778784416,0.9846919452344801,0.5937707225177726,0.9746343624919922,1.0,0,1
2054,2.9294232111015375,3.2427389595627867,3.5915906249243266,2.8878110412737312,1.0752750817460313,1.5989941029849117,0.0,15,1
2993,-0.08021105260530702,2.3814566316825108,-0.09726276778784416,-0.2711077303832567,-0.07096095924867302,0.860135789392194,0.0,0,1
1929,0.8656740017025585,-0.28179936091181806,-0.09726276778784416,1.3342444322620977,-0.4970710116630612,-1.7459300239818567,1.0,20,0
1469,-1.4560438588712932,1.6362336245804279,0.5175461309975176,-0.18048301152424487,-0.46724330799405406,1.1008763789866427,0.0,15,1
1225,-0.9401065565215483,-0.45894253473116564,-0.712071666573206,-0.6206602174108743,-0.10078866291768018,-1.9631837267866028,0.0,15,0
3729,0.2637471489611895,0.40844817845322584,-0.712071666573206,-0.24521495356639614,-0.011305551910658662,-0.15958654539404743,1.0,20,1
1953,-1.8000020604377898,-0.037463948747200757,-1.3268805653585676,-1.164408530564946,1.9445395886713832,-0.03236590861649362,0.0,0,1
4841,0.17775759856956538,-0.14130649891716313,-0.09726276778784416,-0.5041427217350017,-1.3237245133469744,-0.8730007316312546,0.0,15,0
4616,1.7255695056187998,2.625792043847128,0.5175461309975176,-1.306818803057679,-0.1263552660625435,1.48841001101673,0.0,15,1
1893,-1.1980752076964207,-1.8699795399818306,-0.712071666573206,1.7355824729234361,-1.3237245133469744,-1.0745965099095327,1.0,15,0
1300,-1.0260961069131724,-1.0392391386221318,-0.712071666573206,0.09139114505279104,-1.3109412117745427,0.204460199846338,0.0,0,0
3806,-1.8859916108294137,0.5733745816643425,-0.09726276778784416,0.06549836823593046,-1.0637973813741977,1.0568384662559505,1.0,0,0
4610,-0.42416925417180357,-0.37953352577766497,-1.3268805653585676,-0.5559282753687228,-0.8209146514979963,1.478623808187688,1.0,15,0
661,-1.7140125100461656,-0.5200263877723199,-1.3268805653585676,-0.8536952087626192,0.09948306171708228,-1.7762672527518886,0.0,0,1
4761,0.17775759856956538,1.0192867088647692,2.9767817261389644,1.9297782990498906,3.133386634907527,0.8943874992938433,1.0,25,0
2410,-0.5101588045634277,-0.04968071935543162,-0.712071666573206,-1.306818803057679,-1.0211863761327586,-0.8827869344602973,0.0,25,0
4571,-0.08021105260530702,0.7871680673083827,1.1323550297828793,-0.9054807623963403,-0.7612592441599819,1.1165343035131106,0.0,0,1
2992,1.7255695056187998,0.24963016054622458,0.5175461309975176,-0.931373539213201,-0.5311598158562123,0.6321172634755003,1.0,0,0
4735,-0.42416925417180357,-0.34899159925708784,-0.09726276778784416,-0.32289328401697787,-1.3237245133469744,-1.2478122999835872,1.0,10,0
3067,0.2637471489611895,0.5061823433190727,1.7471639285682412,2.2404916208522176,-0.22009947759370888,1.470794845924453,0.0,0,0
2719,1.0376531024858067,0.4023397931491104,1.1323550297828793,0.3762116900382572,1.1732803938013405,0.16922986966178463,0.0,0,0
3614,-0.5101588045634277,-0.6116521673340515,-1.3268805653585676,-0.2711077303832567,-0.15192186920740677,-0.5471201774241354,0.0,0,1
3207,0.5217158001360619,-0.788795341153399,1.7471639285682412,1.1918341597693647,0.06113315699978734,-0.4159850595149639,1.0,0,0
1279,0.34973669935281365,1.0498286353853463,-0.712071666573206,-0.47824994491814116,-0.29253818650415486,0.3737615087887758,0.0,10,0
3086,0.7796844513109343,0.31071401358737893,-0.712071666573206,-0.10280468107366313,0.29549368582770086,-0.006921781260982299,0.0,25,0
1622,0.09176804817794125,-0.9659385149727465,-0.09726276778784416,0.2985333595876755,-1.302419010726255,0.527404893204745,1.0,10,0
3692,-0.08021105260530702,-0.33066644334474155,-0.09726276778784416,1.1659413829525043,0.4488933046968806,-0.29757200528354877,1.0,0,1
2847,-0.5961483549550518,0.21908823402564742,-1.3268805653585676,-1.306818803057679,-1.3237245133469744,0.7417227351607782,0.0,0,1
68,-0.5101588045634277,0.5489410404478808,-0.712071666573206,-0.4394107796928503,-1.2512858044365285,0.30819394983419,0.0,15,0
4265,-0.682137905346676,1.8011600277915445,-1.3268805653585676,-0.840748820354189,-0.16470517077983843,-0.6997849415572002,0.0,25,0
4627,-0.5101588045634277,-1.8699795399818306,-0.712071666573206,0.1431766986865122,1.3138967110980886,-2.366375283343159,0.0,25,1
3809,-0.08021105260530702,0.2679553164585709,0.5175461309975176,-1.0478910348890733,-0.8507423551670035,1.0196508955055883,1.0,20,0
821,-0.5101588045634277,-0.6177605526381669,-1.3268805653585676,-1.306818803057679,-0.00704445138651478,-0.4786167576208367,0.0,20,1
1227,0.7796844513109343,0.34125594010795607,-0.712071666573206,0.07844475664436075,0.7002982356213696,0.42464976349979705,1.0,25,1
3007,-1.8859916108294137,-0.8620959648027842,-0.09726276778784416,1.4766547047548308,0.9943141717872975,-2.0483236913992737,0.0,5,0
4273,0.4357262497444378,-0.5688934702052434,-0.712071666573206,-1.306818803057679,-0.4033268001318958,-0.7222932080639982,0.0,0,0
2759,0.7796844513109343,-0.12298134300481682,-1.3268805653585676,-0.15459023470738428,0.5213320136073266,0.8209909780760236,1.0,0,1
4468,-0.3381797037801794,-1.4729344952143275,-1.3268805653585676,0.5056755741225601,2.7967596935001597,-1.8486851536868043,1.0,0,0
4280,-1.0260961069131724,-0.6849527909834366,-0.712071666573206,-0.4394107796928503,-1.3237245133469744,-1.143099929712831,1.0,0,1
3365,0.5217158001360619,0.4634236461902647,-0.09726276778784416,1.1529949945440738,4.262578273805655,-0.9943496467113833,0.0,25,1
1144,-0.5961483549550518,-0.34899159925708784,-1.3268805653585676,-1.306818803057679,-0.8251757520221401,-0.9326965688884145,0.0,0,1
398,0.2637471489611895,1.1903214973800011,-1.3268805653585676,-1.306818803057679,-1.18736929657437,0.12225609608238035,0.0,0,1
2922,0.2637471489611895,1.1353460296429623,1.1323550297828793,-0.9054807623963403,0.03556655385492404,1.2594128648171328,1.0,15,0
4312,0.005778497786317116,-0.746036644024591,-0.712071666573206,-1.306818803057679,0.5682041193729093,0.2367546691821785,0.0,20,1
3037,0.17775759856956538,-0.04968071935543162,0.5175461309975176,0.453890020488839,-0.06243875820038525,-0.5363553543121885,0.0,0,0
1399,0.607705350527686,-0.6544108644628595,-0.712071666573206,0.27264058277081493,-1.3237245133469744,0.6145020983832237,0.0,20,1
1660,0.17775759856956538,-1.5889938159925208,-0.09726276778784416,1.43781553952954,-1.3237245133469744,0.1672726290959758,0.0,0,0
980,0.4357262497444378,-1.0819978357509399,-0.712071666573206,-0.89253437398791,-1.3066801112503987,-1.31044399808946,1.0,0,1
1299,-1.1980752076964207,0.2862804723709172,-0.712071666573206,1.243619713403086,-0.906136661980874,-0.24864099113833565,0.0,30,1
3419,0.17775759856956538,1.0131783235606537,-0.09726276778784416,-0.6983385478614559,-1.1064083866156365,-0.4101133378175388,0.0,15,0
83,-0.3381797037801794,-0.09243941648423964,0.5175461309975176,1.43781553952954,0.5852485214694848,0.18880227531987015,1.0,0,1
3709,-0.16620060299693115,-0.5383515436846662,1.1323550297828793,1.0882630525019223,-0.7783036462565575,-0.7477373354195093,1.0,0,0
2474,0.607705350527686,-0.29401613152004896,-0.09726276778784416,2.305223562894369,-0.8763089583118667,-1.646110755125622,1.0,30,1
3758,-1.2840647580880449,0.4573152608861493,-0.712071666573206,-1.021998258072213,-1.3237245133469744,0.7358510134633524,1.0,0,0
3800,-0.08021105260530702,-0.3734251404735496,0.5175461309975176,0.44094363208040865,-0.1689662713039823,0.0077575229825814955,1.0,0,0
2304,-0.42416925417180357,-0.33677482864885694,-0.09726276778784416,-0.8019096551288981,-0.3351491917455937,-0.184052052466654,0.0,10,0
424,-1.5420334092629173,-0.8193372676739762,-0.09726276778784416,-0.4911963333265715,-1.3237245133469744,-2.0483236913992737,0.0,0,1
4350,0.5217158001360619,-0.31844967273651065,-0.09726276778784416,-1.306818803057679,-0.02834995400723419,-0.9679268990729682,1.0,0,0
1905,0.607705350527686,-0.47726769064351193,-0.09726276778784416,-1.306818803057679,-0.5652486200493634,0.256327074840264,0.0,0,0
4625,1.897548606402048,0.8360351497413061,2.3619728273536027,1.7873680265571574,0.04834985542735569,1.0480308837098118,1.0,30,0
4120,-0.7681274557383001,-1.1491900740962095,0.5175461309975176,-0.07691190425680254,-0.8081313499255647,-0.055852795406195414,1.0,0,1
4317,0.607705350527686,-0.20239035195831745,-0.712071666573206,0.4021044668551178,-1.3237245133469744,0.22598984607023168,0.0,0,0
1566,-0.682137905346676,0.18854630750507026,0.5175461309975176,-0.7112849362698862,2.502743757334232,1.0421591620123867,0.0,5,0
3371,-0.25219015338855527,0.2740637017626863,0.5175461309975176,-0.15459023470738428,0.904831060780276,0.9090668035374071,0.0,25,1
840,-0.3381797037801794,-1.4912596511266738,-1.3268805653585676,-0.659499382636165,-1.3237245133469744,0.4921745630201909,0.0,0,1
501,1.3816113040523033,0.21908823402564742,1.7471639285682412,0.026659203010639593,-0.6163818263390899,-2.634517240858927,1.0,0,0
142,-1.0260961069131724,-1.8699795399818306,-0.712071666573206,1.4248691511211096,-1.3237245133469744,-1.1489716514102566,1.0,20,1
1378,0.17775759856956538,0.7016506730507667,0.5175461309975176,-1.306818803057679,-0.2967992870282988,0.8190337375102148,0.0,10,0
4016,-0.08021105260530702,-0.23904066378301003,-0.712071666573206,-1.306818803057679,-0.7527370431116942,-0.8338559203150842,0.0,15,1
3260,-0.3381797037801794,0.0663786014227616,0.5175461309975176,-1.164408530564946,-0.1220941655383996,-0.48742434016697544,0.0,25,0
1139,-0.08021105260530702,-0.1779568107418557,-0.712071666573206,-0.9184271508047707,-0.7825647467807013,-0.21438928123668635,1.0,0,0
3097,1.3816113040523033,0.4756404167984956,1.1323550297828793,-0.15459023470738428,0.218793876393111,0.7387868743120654,0.0,20,0
1788,-1.6280229596545415,-1.4179590274772886,-0.712071666573206,0.9458527800091893,-1.3237245133469744,-0.8465779839928396,0.0,0,0
2582,1.0376531024858067,1.3613562858952333,1.1323550297828793,-0.24521495356639614,1.9828894933886783,1.3983769449895382,1.0,0,1
551,0.4357262497444378,0.8604686909577679,-0.09726276778784416,1.5931722004307034,0.5682041193729093,0.7798889261940445,1.0,0,1
3115,0.2637471489611895,0.7810596820042672,-1.3268805653585676,0.4927291857141298,-0.1902717739247017,0.2582843154060729,0.0,0,0
2020,0.5217158001360619,0.3290391694997252,0.5175461309975176,0.03960559141906988,-0.30532148807658654,-0.16741550765728136,0.0,10,1
949,0.4357262497444378,1.159779570859424,0.5175461309975176,0.7646033422911656,-0.4842877100906296,0.7133427469565546,1.0,20,0
2276,-1.8859916108294137,-1.4912596511266738,-0.09726276778784416,-0.9054807623963403,0.15913846905509663,-0.7947111089989138,1.0,0,0
533,-0.42416925417180357,-0.2695825903035872,-0.09726276778784416,0.35031891322139663,-0.20731617602127725,-0.46100159252856004,0.0,0,0
1830,-0.25219015338855527,-1.4057422568690576,-0.712071666573206,-0.8278024319457586,-1.3237245133469744,-0.4189209203636768,1.0,10,0
2933,1.209632203269055,1.4102233683281569,-0.09726276778784416,0.46683640889726924,-0.44167670484919075,1.029437098334631,1.0,25,1
4429,-0.16620060299693115,-1.1614068447044403,-0.09726276778784416,0.5056755741225601,-1.3237245133469744,-0.4952533024302094,0.0,0,1
3890,-0.7681274557383001,-0.9292882031480539,-0.712071666573206,-0.4394107796928503,-1.3237245133469744,-0.2300472057631542,1.0,0,1
1603,1.295621753660679,1.214755038596463,-0.09726276778784416,0.6221930697984324,0.7173426377179452,2.2859855415837043,0.0,25,0
640,0.5217158001360619,0.7810596820042672,-0.712071666573206,-0.15459023470738428,0.15061626800680886,0.6448393271532561,1.0,5,0
4843,-1.5420334092629173,-1.8699795399818306,-1.3268805653585676,0.2855869711792452,1.1647581927530528,-0.6988063212742961,0.0,0,1
968,-0.7681274557383001,-0.47726769064351193,-0.712071666573206,0.33737252481296637,0.05687205647564345,-0.7819890453211582,0.0,30,1
4248,0.5217158001360619,0.09692052794333877,-0.712071666573206,0.20790864072866364,0.580987420945341,0.3434242800187434,0.0,20,1
2641,0.607705350527686,-0.037463948747200757,-0.09726276778784416,-0.05101912743994197,-1.2299803018158089,-0.8524497056902653,0.0,0,0
1684,1.295621753660679,0.26184693115445545,0.5175461309975176,1.2306733249946555,-1.0936250850432048,0.6213524403635535,0.0,0,0
4481,0.2637471489611895,-0.12908972830893226,-0.712071666573206,-0.7242313246783165,-1.3237245133469744,0.4021414969929993,0.0,0,1
2358,0.34973669935281365,-0.1718484254377403,-0.712071666573206,-1.306818803057679,0.49150430993831945,-0.24081202887510103,0.0,0,1
156,1.811559056010424,0.0847037573351079,2.3619728273536027,1.9815638526836117,0.44463220417273674,0.6340745040413092,1.0,10,1
2630,-0.08021105260530702,-0.33066644334474155,-0.712071666573206,-1.306818803057679,0.17192177062752828,1.408163147818581,0.0,20,0
4160,0.4357262497444378,1.3735730565034643,-0.09726276778784416,0.51862196253099,-1.3237245133469744,1.412077628950198,1.0,5,1
1090,-0.25219015338855527,-0.7704701852410527,-0.09726276778784416,1.023531110459771,-0.8166535509738524,-0.43849332602176233,0.0,0,1
3821,1.0376531024858067,1.1842131120758859,-1.3268805653585676,-0.1286974578905237,-0.35219359384216925,2.0834111430225217,1.0,20,0
4251,-0.25219015338855527,0.9765280117359612,0.5175461309975176,1.2824588786283768,-0.015566652434802543,0.695727581864278,0.0,0,1
289,-0.3381797037801794,-0.013030407530739023,-0.09726276778784416,1.90388552223303,-0.1263552660625435,0.5636138436722025,0.0,30,1
931,0.005778497786317116,0.46953203149438016,-0.09726276778784416,-0.141643846298954,1.735745662988333,0.27394223993254074,0.0,0,0
2551,-1.7140125100461656,-0.6177605526381669,-0.712071666573206,-1.306818803057679,0.37219349526229073,-0.8152621349399031,1.0,25,0
2278,1.983538156793672,0.7383009848754593,0.5175461309975176,0.8034425075164564,-0.46724330799405406,1.3670610959366019,1.0,15,0
3387,0.005778497786317116,0.1580043809844931,-0.09726276778784416,1.2306733249946555,-0.5311598158562123,-1.2517267811152042,0.0,10,0
2699,0.4357262497444378,-0.25125743439124093,-0.09726276778784416,0.16906947550337278,-0.612120725814946,-0.2515768519870479,0.0,15,1
3894,-1.1120856573047966,0.0847037573351079,0.5175461309975176,2.3699555049365197,-1.3237245133469744,-0.26038443453318655,0.0,20,0
943,0.5217158001360619,0.848251920349537,0.5175461309975176,0.609246681390002,-0.04539435610380972,-0.27017063736222935,0.0,0,1
3878,0.34973669935281365,-1.0758894504468244,-1.3268805653585676,1.4766547047548308,-1.2299803018158089,-0.009857642109695197,0.0,10,1
4673,0.607705350527686,0.28017208706680174,-0.09726276778784416,-0.21932217674953555,-1.3237245133469744,-0.27310649821094224,1.0,0,0
1699,-1.8000020604377898,-1.210273927137364,-0.712071666573206,-0.15459023470738428,-0.7910869478289891,-0.7448014745707964,1.0,15,0
4719,0.2637471489611895,0.5367242698396499,1.1323550297828793,0.27264058277081493,-1.3237245133469744,0.49608904415180854,1.0,0,1
3197,-1.370054308479669,-0.5444599289887817,0.5175461309975176,-1.306818803057679,-0.16470517077983843,-0.5666925830822209,0.0,0,0
2522,1.811559056010424,1.2330801945088092,1.7471639285682412,1.5413866467969821,1.088058383318463,1.1351280888882913,0.0,0,0
2827,1.897548606402048,1.5446078450186964,3.5915906249243266,1.3083516554452375,1.0241418754563048,0.7740172044966187,0.0,10,0
986,0.6936949009193102,0.848251920349537,0.5175461309975176,-1.2032476957902367,-1.1404971908087875,-0.14686448171629177,1.0,20,1
2788,-0.08021105260530702,0.4939655727108419,0.5175461309975176,-0.24521495356639614,0.35088799264157133,1.3142156006597718,0.0,10,1
3083,0.2637471489611895,1.2391885798129247,0.5175461309975176,1.4248691511211096,-0.6376873289598094,0.4109490795391373,0.0,0,1
2584,0.34973669935281365,-1.479042880518443,-0.09726276778784416,-0.24521495356639614,2.0382838002025485,-1.123527524054746,0.0,0,0
4788,0.005778497786317116,0.17022115159272397,0.5175461309975176,-0.5300354985518623,-0.10078866291768018,-1.9377395994310922,1.0,5,0
982,-1.5420334092629173,0.5916997375766888,-0.712071666573206,-1.0867302001143642,-1.3237245133469744,0.1408498814575611,0.0,20,1
2750,0.7796844513109343,-0.6971695615916675,-0.09726276778784416,0.3762116900382572,0.45741550574516837,-0.34552439914585714,0.0,0,1
2446,2.6714545599266653,2.3081560080331256,1.1323550297828793,0.5056755741225601,0.1889661727241038,0.6487538082848731,1.0,25,1
4698,-0.08021105260530702,0.8238183791330753,0.5175461309975176,0.9070136147838987,-0.011305551910658662,0.17705883192501856,0.0,10,1
2958,0.09176804817794125,0.3351475548038407,2.3619728273536027,0.5704075161647112,3.274002952204275,1.8358202114477433,0.0,25,1
3544,0.4357262497444378,1.0681537912976926,-0.712071666573206,-1.306818803057679,-1.042491878753478,-0.18894515388117503,0.0,15,1
4708,-0.3381797037801794,-0.3734251404735496,1.1323550297828793,0.7904961191080262,-0.06669985872452913,0.06941060080554957,1.0,5,0
1458,0.09176804817794125,0.2740637017626863,-0.712071666573206,0.1431766986865122,-0.7399537415392625,1.0548812256901416,1.0,10,0
1396,1.897548606402048,0.6955422877466512,1.1323550297828793,-0.6465529942277348,-1.1106694871397802,0.100726449858486,0.0,0,1
265,0.5217158001360619,-0.660519249766975,0.5175461309975176,0.4021044668551178,0.687514934048938,-1.3055508966749387,1.0,0,0
3683,0.17775759856956538,1.355247900591118,-0.09726276778784416,1.1788877713609345,-1.3237245133469744,-0.45219400998242204,0.0,0,0
930,0.09176804817794125,0.18854630750507026,-0.09726276778784416,0.5704075161647112,-0.543943117428644,-0.10184794870269633,0.0,30,1
3076,-0.8541170061299242,-1.2347074683538255,-0.712071666573206,0.05255197982750017,-1.153280492381219,-1.594243880131696,0.0,0,0
2708,-1.8859916108294137,-1.8699795399818306,-0.712071666573206,-0.11575106948209342,-1.3194634128228304,-1.5756500947565149,1.0,0,1
247,-1.1120856573047966,2.399781787594857,-0.09726276778784416,-0.3876252260591293,-0.6291651279115216,1.4336072751740916,1.0,15,0
3608,1.5535904048355516,-0.4711593053393965,2.3619728273536027,-0.07691190425680254,1.7954010703263474,-0.3063795878296868,0.0,5,0
1759,-1.0260961069131724,1.062045405993577,-0.712071666573206,0.8940672263754684,-0.8081313499255647,0.21718226352409367,0.0,0,0
4915,1.209632203269055,0.9826363970400765,1.1323550297828793,0.7775497306995959,0.580987420945341,0.6497324285677778,1.0,15,1
2826,-0.08021105260530702,-0.06189748996366248,1.1323550297828793,-0.08985829266523283,0.3679323947381469,-0.16545826709147324,0.0,0,1
924,-0.5961483549550518,-1.4179590274772886,-0.712071666573206,0.19496225232023337,0.02704435280663628,-1.3329522645962582,0.0,0,0
3096,-1.1980752076964207,-1.198057156529133,-0.09726276778784416,-0.23226856515796585,-1.3237245133469744,0.22109674465571064,1.0,0,0
269,0.09176804817794125,0.7077590583548821,-0.712071666573206,0.6739786234321535,-1.3237245133469744,-0.0998907081368875,1.0,5,1
670,-1.8859916108294137,-0.47726769064351193,-0.712071666573206,-0.20637578834110526,-0.3777601969870325,-0.9121455429474252,1.0,0,0
2751,0.4357262497444378,-0.42840060821058845,1.1323550297828793,1.360137209078958,-1.18736929657437,-0.6821697764649235,1.0,10,1
1911,-0.7681274557383001,0.18243792220095484,0.5175461309975176,0.35031891322139663,-1.3237245133469744,1.2887714733042606,1.0,20,1
3001,1.295621753660679,0.9337693146071531,-0.09726276778784416,-0.1286974578905237,-1.085102883994917,1.572571355346497,0.0,0,1
1153,0.2637471489611895,-0.9659385149727465,-0.712071666573206,-1.0996765885227946,-0.27123268388343547,0.256327074840264,0.0,0,0
4828,-0.25219015338855527,-0.2573658196953563,-0.09726276778784416,1.5154938699801217,1.0965805843667507,-0.15762930482823861,0.0,0,0
3471,-1.6280229596545415,-0.4528341494270502,-1.3268805653585676,-1.306818803057679,1.4033798221051101,-1.6402390334281962,1.0,0,1
4252,-0.42416925417180357,-0.746036644024591,-1.3268805653585676,-0.6853921594530257,-1.3237245133469744,-0.09695484728817459,1.0,0,0
3896,-1.6280229596545415,0.3351475548038407,-1.3268805653585676,-1.1126229769312248,-0.011305551910658662,0.7192144686539798,1.0,15,0
2188,-0.5101588045634277,0.3840146372367641,-0.09726276778784416,-0.6724457710445954,0.19322727324824768,-1.1137413212257032,0.0,20,0
2998,2.413485908751793,-0.02524717813896989,2.3619728273536027,0.8552280611501776,-0.18174957287641394,-0.5334194934634756,1.0,10,1
1916,-1.8859916108294137,-1.7233782926830603,-0.712071666573206,-1.306818803057679,0.2997547863518447,-2.774459941314236,1.0,0,1
613,-1.4560438588712932,-1.3629835597402498,-0.09726276778784416,1.1918341597693647,-0.8209146514979963,-1.6069659438094512,0.0,30,1
3751,-0.25219015338855527,-1.8150040722447918,-1.3268805653585676,0.4021044668551178,0.2656659821586937,-0.7810104250382541,0.0,0,1
4604,0.607705350527686,0.3840146372367641,0.5175461309975176,-1.306818803057679,-1.2214581007675211,0.2367546691821785,0.0,0,1
1899,-0.42416925417180357,-1.1736236153126713,-0.712071666573206,-1.306818803057679,-1.2129358997192334,-0.12729207605820694,0.0,5,0
1650,-0.682137905346676,-1.8699795399818306,-0.712071666573206,-1.306818803057679,-0.8336979530704279,-1.2301971348913106,0.0,0,1
3169,-0.9401065565215483,-1.7294866779871756,-0.09726276778784416,2.2016524556269266,-0.024088853483090308,-1.6275169697504408,0.0,25,1
259,-0.16620060299693115,-1.4607177246060967,-0.712071666573206,-0.7630704899036073,-0.9615309687947444,-0.2789782199083673,0.0,20,1
848,0.8656740017025585,1.7400761747503901,1.7471639285682412,1.7485288613318666,0.13357186591023334,0.8973233601425555,0.0,5,1
4373,-1.1980752076964207,-0.8498791941945534,-0.712071666573206,-1.306818803057679,-0.8805700588360106,-1.1254847646205544,1.0,0,0
1234,0.09176804817794125,1.6851007070133512,1.1323550297828793,-0.45235716810128057,-0.5354209163803562,1.324001803488814,0.0,15,0
1128,-0.08021105260530702,0.396231407844995,1.1323550297828793,0.9846919452344801,1.2201524995669233,-0.8093904132424776,0.0,0,0
1968,-0.08021105260530702,-1.1919487712250176,-0.712071666573206,2.253438009260648,-1.3237245133469744,0.12812781777980545,0.0,0,1
559,-1.2840647580880449,-1.1858403859209021,-1.3268805653585676,-0.7760168783120376,-1.3237245133469744,-0.13707827888724972,0.0,25,0
4778,-1.370054308479669,-0.12908972830893226,-0.712071666573206,1.4507619279379702,0.20174947429653545,0.5792717681986703,0.0,20,1
485,-0.08021105260530702,0.6833255171384203,-0.09726276778784416,-0.4653035565097109,0.2997547863518447,0.7945682304376083,0.0,0,1
1321,-0.7681274557383001,-1.6561860543377904,-0.712071666573206,0.5056755741225601,-0.8038702494014207,-1.4073274060969818,1.0,25,1
2760,0.8656740017025585,-1.3568751744361343,-0.09726276778784416,2.6806688267388465,-1.3237245133469744,0.6409248460216391,0.0,0,0
8,-0.3381797037801794,0.20687146341741655,2.3619728273536027,1.8132608033740178,1.2755468063807938,0.49119594273728684,1.0,10,1
3460,0.7796844513109343,0.7260842142672284,-0.09726276778784416,-1.1773549189733763,-0.13913856763497512,0.7407441148778742,1.0,0,1
3205,0.4357262497444378,1.3735730565034643,1.7471639285682412,0.51862196253099,2.2257722232648796,0.6830055181865223,0.0,0,1
1451,-0.3381797037801794,0.5489410404478808,-1.3268805653585676,0.27264058277081493,-1.3237245133469744,-0.9532475948294041,0.0,0,1
3999,-0.682137905346676,0.9643112411277303,-0.712071666573206,-1.216194084198667,-0.7058649373461114,1.3435742091468994,0.0,0,1
1815,0.17775759856956538,0.29849724297914804,-1.3268805653585676,0.738710565474305,-1.3237245133469744,1.0118219332423544,0.0,0,0
774,1.3816113040523033,1.6912090923174667,1.1323550297828793,-0.4911963333265715,1.2031080974703479,1.3347666266007614,1.0,15,1
1012,1.4676008544439274,1.3613562858952333,2.9767817261389644,1.8779927454161693,0.4233267015520173,-0.30148648641516573,0.0,0,1
2834,-1.0260961069131724,-0.019138792834854458,1.7471639285682412,-0.038072739031511676,0.6278595267109237,-0.6821697764649235,0.0,10,0
2464,-1.1980752076964207,-1.3446584038279035,-0.09726276778784416,-0.1286974578905237,-1.3237245133469744,-1.294786073562992,0.0,5,0
1992,0.607705350527686,0.5978081228808043,0.5175461309975176,1.023531110459771,1.1306693885599017,-0.11065553124883433,1.0,0,1
1278,1.6395799552271757,2.3081560080331256,1.1323550297828793,2.3699555049365197,0.7216037382420891,0.6115662375345114,0.0,10,1
1784,-1.0260961069131724,0.8787938468701142,-0.712071666573206,-0.4394107796928503,0.07817755909636287,-0.13022793690691983,0.0,0,0
4066,0.4357262497444378,1.0437202500812308,0.5175461309975176,0.32442613640453605,0.5383764157039022,-0.09206174587365357,0.0,15,1
447,1.1236426528774308,-0.9231798178439385,0.5175461309975176,0.4279972436719784,-0.00704445138651478,0.2798139616299665,0.0,10,0
881,0.2637471489611895,1.1536711855553086,-0.09726276778784416,0.8163888959248867,0.5682041193729093,1.2731135487777925,1.0,15,0
4470,-0.8541170061299242,-1.8699795399818306,-0.712071666573206,-0.4005716144675594,-0.03687215505552195,-2.1921808729862002,1.0,20,0
782,-0.08021105260530702,-1.466826109910212,-0.09726276778784416,0.24674780595395435,2.2939498316511817,0.8033758129837463,1.0,0,0
1750,0.9516635520941825,0.1213540691598005,1.1323550297828793,-0.141643846298954,1.5525183404501461,-0.6968490807084876,1.0,20,1
3404,1.1236426528774308,1.1231292590347315,1.1323550297828793,-1.306818803057679,1.156235991704765,2.340788277426342,0.0,5,0
4892,-1.5420334092629173,-0.5261347730764354,-0.09726276778784416,2.421741058570241,0.38923789735886627,-0.44925814913370915,1.0,5,0
884,-1.1980752076964207,-0.6666276350710904,-0.712071666573206,0.6221930697984324,0.9900530712631537,0.46379457481596736,0.0,0,1
2945,-0.16620060299693115,-0.22682389317477916,-0.712071666573206,1.2047805481777951,-0.8336979530704279,-1.221389552345172,1.0,0,1
1092,0.005778497786317116,-1.1919487712250176,-0.09726276778784416,1.5025474815716913,-0.49280991113891737,0.7064924049762248,1.0,0,1
4672,-0.42416925417180357,-1.7844621457242145,-1.3268805653585676,-0.5688746637771531,-0.8848311593601546,-1.4435363565644397,1.0,0,0
532,-0.9401065565215483,0.07859537203099247,-0.09726276778784416,-1.306818803057679,0.03982765437906793,-0.7819890453211582,1.0,20,0
4041,0.09176804817794125,0.5428326551437653,-0.712071666573206,0.6221930697984324,-1.3237245133469744,0.6340745040413092,0.0,0,1
3340,-1.7140125100461656,0.5061823433190727,-0.09726276778784416,-0.7112849362698862,1.7996621708504912,-0.08031830247880196,0.0,0,0
4590,-0.5101588045634277,0.19465469280918568,-0.712071666573206,-1.306818803057679,-0.07948316029696077,-0.5138470878053901,0.0,15,0
1728,-0.5101588045634277,-0.46505092003528103,-1.3268805653585676,0.20790864072866364,-1.3152023122986867,0.152593324852412,0.0,10,1
611,-1.0260961069131724,0.31682239889149433,-0.712071666573206,1.2047805481777951,-0.288277085980011,0.0625602588252204,0.0,15,1
571,-1.4560438588712932,0.054161830814530736,0.5175461309975176,0.16906947550337278,-0.06243875820038525,0.5450200582970217,1.0,20,0
2687,-1.8000020604377898,-0.6849527909834366,-0.712071666573206,-1.306818803057679,-1.016925275608615,-0.6479180665632746,0.0,0,1
3044,-0.5101588045634277,-1.8699795399818306,-1.3268805653585676,-1.306818803057679,-0.6035985247666583,-1.4229853306234501,0.0,20,0
344,0.4357262497444378,-1.6500776690336751,-0.712071666573206,-0.607713829002444,0.26992708268283755,-1.2517267811152042,1.0,0,0
3016,-0.5961483549550518,0.7444093701795746,-0.09726276778784416,0.8163888959248867,0.022783252282492394,1.0724963907824183,1.0,20,0
3155,-0.5961483549550518,0.005294748381607275,-0.712071666573206,-0.16753662311581458,0.6491650293316431,-1.3857977598730882,1.0,0,0
435,0.9516635520941825,-0.4039670669941267,-0.712071666573206,0.11728392186965161,-0.9572698682706005,0.4050773578417122,1.0,0,0
1904,-0.16620060299693115,0.3290391694997252,-0.712071666573206,-1.306818803057679,-0.13913856763497512,-0.24668375057252684,1.0,20,1
3823,-0.08021105260530702,-0.31234128743239525,-0.712071666573206,0.10433753346122134,-1.3237245133469744,-0.576478785911263,1.0,20,1
2790,-0.42416925417180357,-0.5505683142928971,-0.09726276778784416,-0.6465529942277348,1.5823460441191532,-1.5511845876839083,0.0,0,0
2070,-0.16620060299693115,0.28017208706680174,0.5175461309975176,1.9297782990498906,-0.6930816357736798,-0.3924981727252621,0.0,0,1
1538,-1.7140125100461656,-1.8699795399818306,-0.712071666573206,0.8552280611501776,2.400477344754779,0.5792717681986703,0.0,0,0
2268,-0.25219015338855527,0.4206649490614567,-1.3268805653585676,-1.2550332494239578,-1.3237245133469744,0.6634331125284368,1.0,10,0
2362,-1.0260961069131724,-0.8987462766274767,-0.09726276778784416,2.6288832731051253,-0.3138436891248743,-1.8770651418910278,0.0,5,0
1518,1.3816113040523033,-0.13519811361304768,0.5175461309975176,-1.306818803057679,0.6491650293316431,-0.9141027835132337,1.0,0,0
966,-1.370054308479669,0.4206649490614567,1.1323550297828793,0.7128177886574444,-0.722909339442687,0.9853991856039397,1.0,0,0
4417,1.295621753660679,0.4512068755820339,0.5175461309975176,-1.2291404726070974,1.0965805843667507,-0.0910831255907488,1.0,15,0
529,0.2637471489611895,-0.09243941648423964,-0.09726276778784416,-1.306818803057679,-1.2342414023399528,1.028458478051727,0.0,0,1
177,1.6395799552271757,2.7357429793212056,1.1323550297828793,1.8262071917824483,0.5085487120348949,0.9325536903271089,0.0,0,1
4595,0.7796844513109343,-0.0008136369225081579,-0.09726276778784416,-1.306818803057679,1.5312128378294267,-0.7262076891956152,1.0,0,1
4109,1.5535904048355516,0.9154441586948068,0.5175461309975176,0.47978279730569956,1.007097473359729,-1.1333137268837883,0.0,0,1
4308,2.1555172575769204,0.9154441586948068,0.5175461309975176,0.8811208379670382,0.13357186591023334,-1.284021250451045,1.0,15,1
573,0.2637471489611895,-1.3202248626114417,-0.09726276778784416,-0.4005716144675594,-1.1788470955260824,-1.7439727834160481,0.0,20,0
2315,0.5217158001360619,-0.196281966654202,1.7471639285682412,0.7516569538827352,1.6973957582710382,0.8562213082605771,0.0,30,1
3525,-0.9401065565215483,0.9398776999112685,0.5175461309975176,-0.9572663160300615,-0.8251757520221401,1.5676782539319754,0.0,0,1
2940,-0.7681274557383001,0.3046056282832635,0.5175461309975176,0.648085846615293,2.430305048423786,1.3406383482981865,0.0,0,0
3227,-0.9401065565215483,0.04194506020629987,-1.3268805653585676,0.32442613640453605,-1.2086747991950895,-0.4707877953576028,1.0,0,1
4328,0.5217158001360619,0.5672661963602271,-0.712071666573206,-1.0478910348890733,-0.6163818263390899,-0.6146449769445292,0.0,30,1
2209,0.607705350527686,-0.34899159925708784,0.5175461309975176,1.1788877713609345,0.1847050721999599,-0.4218567812123897,0.0,0,0
2581,-1.0260961069131724,0.46953203149438016,1.7471639285682412,0.026659203010639593,-1.042491878753478,1.4267569331937617,1.0,25,0
2771,1.0376531024858067,1.624016853972197,0.5175461309975176,-1.306818803057679,0.24009937901383038,0.531319374336362,1.0,0,0
384,-1.2840647580880449,-0.3062329021282798,-0.712071666573206,0.19496225232023337,-1.3237245133469744,-0.2623416750989947,0.0,0,1
853,0.9516635520941825,1.0498286353853463,-0.09726276778784416,-1.306818803057679,-1.3237245133469744,1.5050465558261026,0.0,0,1
1881,0.7796844513109343,-1.1919487712250176,-1.3268805653585676,0.3114797479961058,-0.13061636658668735,-1.7635451890741334,1.0,0,0
371,0.005778497786317116,0.6772171318343049,-1.3268805653585676,-0.6206602174108743,-0.6291651279115216,-0.47176641564050686,1.0,0,1
4338,-0.5101588045634277,-1.0758894504468244,-0.712071666573206,-1.306818803057679,-0.6419484294839533,-0.6899987387281578,1.0,20,1
4334,1.0376531024858067,0.0663786014227616,1.7471639285682412,1.528440258388552,1.0624917801735996,0.5831862493302873,0.0,5,1
1106,0.6936949009193102,0.48785718740672646,-0.712071666573206,-0.4653035565097109,0.9815308702148658,0.7877178884572784,1.0,25,0
2587,0.09176804817794125,0.6833255171384203,-0.09726276778784416,-0.07691190425680254,-0.42037120222847135,-0.08716864445913183,0.0,15,0
3965,-0.25219015338855527,1.5873665421475043,1.1323550297828793,0.738710565474305,1.7527900650849086,-0.6459608259974656,0.0,0,0
1337,0.5217158001360619,0.5916997375766888,-0.09726276778784416,0.8940672263754684,-1.3237245133469744,-0.43360022460724057,1.0,20,1
2190,0.607705350527686,-0.013030407530739023,0.5175461309975176,-1.306818803057679,-0.30106038755244263,-0.7682883613604985,0.0,20,0
4605,-0.08021105260530702,0.8177099938289598,-0.712071666573206,-0.05101912743994197,0.7514314419110962,-0.5226546703515288,0.0,20,1
2673,-0.5101588045634277,0.6772171318343049,-0.09726276778784416,-1.306818803057679,-0.6930816357736798,-0.4531726302653261,1.0,5,0
3618,-0.682137905346676,-1.8699795399818306,0.5175461309975176,-0.7889632667204678,0.5213320136073266,-1.1000406372650435,1.0,0,1
2946,0.2637471489611895,-1.210273927137364,-0.712071666573206,-1.0867302001143642,3.0652090265212246,0.643860706870352,1.0,10,0
4859,-0.5101588045634277,-0.972046900276862,-0.712071666573206,0.5963002929815718,-0.5226376148079245,-0.11848449351206826,0.0,0,1
1172,-1.8859916108294137,-1.8699795399818306,0.5175461309975176,-0.6465529942277348,-0.7569981436358381,-0.057810035972004244,1.0,0,1
3993,-0.3381797037801794,-0.5933270114217052,-1.3268805653585676,-1.306818803057679,1.1477137906564774,0.6174379592319366,0.0,5,0
4279,-0.42416925417180357,-1.7722453751159837,-0.712071666573206,-0.5947674405940137,-1.3237245133469744,-2.3712683847576805,1.0,0,1
1423,0.4357262497444378,-1.8699795399818306,1.1323550297828793,1.2565661018115162,1.339463314242952,-1.5051894343874082,0.0,0,0
3208,0.34973669935281365,0.22519661932976287,1.1323550297828793,0.9199600031923287,-0.7399537415392625,-0.516782948654103,0.0,15,1
4128,-0.3381797037801794,-0.21460712256654832,1.7471639285682412,-0.8795879855794798,0.18044397167581602,0.47847387905953187,0.0,25,1
4363,-0.3381797037801794,2.528057878981281,-0.09726276778784416,0.0007664261937791922,-1.3237245133469744,2.366232404781854,0.0,20,0
1465,1.0376531024858067,0.5733745816643425,2.3619728273536027,1.3083516554452375,0.5596819183246216,0.8268626997734487,0.0,5,0
875,-1.8859916108294137,-1.8699795399818306,-0.712071666573206,-0.5429818869602926,-1.3237245133469744,-1.4768094461831844,0.0,0,1
2340,0.8656740017025585,-0.5322431583805508,-0.712071666573206,-0.6206602174108743,-0.795348048353133,0.19271675645148711,1.0,15,0
4351,-0.16620060299693115,1.355247900591118,0.5175461309975176,-1.306818803057679,-0.9444865666981689,-0.5265691514831458,0.0,10,0
1252,1.5535904048355516,1.4163317536322724,1.1323550297828793,1.8909391338245998,-1.3237245133469744,1.1537218742634727,0.0,10,0
4970,0.34973669935281365,1.1109124884265007,0.5175461309975176,1.114155829318783,-0.37349909646288865,1.593122381287486,0.0,0,1
841,1.983538156793672,0.43899010497380303,1.7471639285682412,0.7516569538827352,0.7684758440076718,-0.23200444632896303,1.0,0,0
3085,-0.5101588045634277,-0.4528341494270502,-0.09726276778784416,-1.306818803057679,0.2614048816345498,-0.7653525005117859,0.0,0,1
582,-1.1980752076964207,-0.15963165482950942,0.5175461309975176,-0.4911963333265715,1.5312128378294267,0.27687810078125363,0.0,10,1
205,-1.8859916108294137,-0.013030407530739023,-0.712071666573206,-0.284054118791687,0.7301259392903768,-1.0237082551985113,1.0,0,1
1642,0.5217158001360619,0.023619904293953574,1.1323550297828793,-1.1773549189733763,-0.13487746711083123,0.3189587729461369,0.0,15,1
2015,1.6395799552271757,0.9398776999112685,-0.09726276778784416,-0.45235716810128057,2.617793471486117,0.5724214262183405,1.0,0,1
906,2.1555172575769204,0.8360351497413061,0.5175461309975176,0.4927291857141298,-0.45446000642162243,0.7485730771411081,1.0,10,1
632,2.6714545599266653,2.7052010528006285,0.5175461309975176,-1.0867302001143642,-0.6334262284356654,1.586272039307156,0.0,20,0
4794,-0.08021105260530702,-1.692836366162483,-0.712071666573206,-0.6983385478614559,-0.3905434985594642,-1.1068909792453734,1.0,15,0
1975,-1.370054308479669,0.6283500494013814,-0.09726276778784416,-1.306818803057679,-0.07948316029696077,-0.1811161916179411,1.0,0,0
163,2.2415068079685447,2.5769249614142047,0.5175461309975176,-0.025126350623081387,0.15061626800680886,0.09876920929267786,0.0,20,1
3188,-0.7681274557383001,-1.3752003303484805,-0.712071666573206,-0.9572663160300615,-0.09226646186939243,-0.8172193755057116,1.0,0,0
2880,0.4357262497444378,0.8971190027824605,0.5175461309975176,0.32442613640453605,0.2358382784896865,0.3444029003016475,0.0,0,0
4506,1.6395799552271757,1.6545587804927742,1.1323550297828793,-1.306818803057679,0.9943141717872975,-0.18503067274955806,0.0,15,1
618,0.2637471489611895,0.023619904293953574,0.5175461309975176,-0.6336066058193045,-1.1277138892363558,2.724407428324814,1.0,0,1
4087,-0.8541170061299242,-0.972046900276862,-0.712071666573206,0.6351394582068627,0.27418818320698146,-0.6019229132667739,0.0,0,0
1432,-0.9401065565215483,-0.30012451682416436,-0.712071666573206,-1.1385157537480854,-0.5141154137596368,-0.22319686378282436,1.0,0,1
548,-1.0260961069131724,0.3779062519326487,-0.09726276778784416,-1.306818803057679,0.8579589550146933,-0.07444658078137686,0.0,0,0
3350,-0.9401065565215483,-1.79057053102833,-1.3268805653585676,-1.125569365339655,-1.3237245133469744,-0.9092096820987123,0.0,0,1
4557,0.34973669935281365,-0.46505092003528103,0.5175461309975176,0.51862196253099,-1.3237245133469744,-0.5510346585557524,0.0,0,0
4233,-1.0260961069131724,1.2819472769417328,-0.712071666573206,-1.306818803057679,-1.3237245133469744,0.8523068271289594,0.0,15,0
2403,0.2637471489611895,-1.240815853657941,0.5175461309975176,-0.5559282753687228,0.2358382784896865,-0.18307343218374994,1.0,0,0
2681,1.295621753660679,0.3656894813244178,1.1323550297828793,-0.9443199276216312,0.6278595267109237,1.3905479827263036,1.0,0,0
2493,0.7796844513109343,-0.7826869558492836,1.1323550297828793,-0.659499382636165,1.7826177687539158,0.3434242800187434,1.0,30,1
4084,-0.3381797037801794,1.5323910744104654,-0.712071666573206,-1.306818803057679,-0.8038702494014207,0.28568568332739164,0.0,10,0
1862,-1.1120856573047966,-1.7539202192036374,-1.3268805653585676,-0.7371777130867467,0.3466268921174274,-0.6342173826026147,1.0,0,1
641,-1.5420334092629173,-1.1614068447044403,-0.09726276778784416,0.6351394582068627,0.5000265109866072,-1.4709377244857587,0.0,0,1
3003,2.0695277071852964,2.1249044489096627,-0.09726276778784416,0.10433753346122134,-1.3237245133469744,1.0176936549397801,1.0,25,1
638,-1.1120856573047966,0.48785718740672646,-0.712071666573206,-1.306818803057679,-0.4715044085181979,0.6712620747916714,1.0,20,0
4121,-0.682137905346676,0.011403133685722707,-0.09726276778784416,0.8681744495586079,-0.7058649373461114,-0.736972512307562,0.0,0,1
3929,-1.4560438588712932,-1.0086972121015545,-0.712071666573206,-1.306818803057679,-1.3237245133469744,-0.5471201774241354,0.0,0,0
3002,0.6936949009193102,1.4590904507610802,-0.712071666573206,0.738710565474305,-1.3237245133469744,-0.3259519934877723,0.0,30,0
2097,0.8656740017025585,-0.7826869558492836,-0.09726276778784416,-1.306818803057679,0.37219349526229073,-0.5794146467599759,0.0,25,1
3911,1.3816113040523033,1.385789827111695,-0.712071666573206,-1.306818803057679,-0.6632539321046726,2.2546696925307677,0.0,30,0
4032,-0.5101588045634277,1.935544504482084,-1.3268805653585676,0.557461127756281,0.5383764157039022,1.3357452468836655,1.0,15,1
3693,-1.8859916108294137,-1.1003229916632862,-1.3268805653585676,-1.306818803057679,-0.9530087677464566,-1.7537589862450906,0.0,0,0
2857,-0.08021105260530702,0.1030289132474542,-0.712071666573206,-1.306818803057679,-0.6163818263390899,0.46770905594758433,0.0,0,0
922,-0.8541170061299242,1.1231292590347315,-0.712071666573206,0.33737252481296637,0.9602253675941465,1.8867084661587648,0.0,0,0
547,0.17775759856956538,1.6423420098845434,0.5175461309975176,-1.2938724146492486,0.7343870398145207,0.35712496397940313,0.0,10,0
3685,-1.1120856573047966,1.5201743038022346,-0.712071666573206,-1.306818803057679,-1.3237245133469744,2.247819350550438,0.0,0,0
1901,-0.5961483549550518,-1.2896829360908646,-0.712071666573206,-0.23226856515796585,-0.5567264190010756,-2.0590885145112203,1.0,0,1
2029,0.17775759856956538,-0.16574004013362484,0.5175461309975176,0.557461127756281,-0.20731617602127725,1.5177686195038582,1.0,0,0
2302,-0.9401065565215483,-1.0331307533180163,0.5175461309975176,1.528440258388552,0.13357186591023334,-1.7703955310544632,1.0,0,0
1886,0.2637471489611895,0.26184693115445545,0.5175461309975176,-0.141643846298954,0.938919864973427,0.8180551172273107,0.0,0,0
1643,-1.8859916108294137,-1.4729344952143275,-0.712071666573206,-1.2291404726070974,-1.3237245133469744,-1.448429457978961,0.0,0,1
3526,1.6395799552271757,0.5000739580149574,0.5175461309975176,-1.306818803057679,-0.8081313499255647,0.751508937989821,0.0,10,1
4820,-1.4560438588712932,-1.7233782926830603,-0.09726276778784416,-0.8666415971710495,-0.97857537089132,-1.3897122410047051,0.0,25,0
2098,-0.8541170061299242,-0.4833760759476274,-0.712071666573206,-0.7889632667204678,-1.3237245133469744,0.307215329551286,0.0,0,1
4368,-0.16620060299693115,1.1231292590347315,0.5175461309975176,-0.06396551584837226,-0.44593780537333466,-0.34748163971166596,1.0,20,1
4663,0.607705350527686,0.03583667490218444,-0.09726276778784416,0.05255197982750017,0.9900530712631537,0.804354433266651,0.0,0,1
4505,-0.682137905346676,-0.36731675516943413,0.5175461309975176,-1.306818803057679,-0.29253818650415486,1.1302349874737703,0.0,0,0
4978,0.607705350527686,-0.33066644334474155,-0.09726276778784416,-1.125569365339655,-1.3237245133469744,-0.571585684496742,0.0,30,0
837,-0.3381797037801794,0.665000361226074,-0.712071666573206,-0.659499382636165,-0.6376873289598094,-0.3787974887646024,0.0,15,0
602,-0.5961483549550518,0.9154441586948068,-0.09726276778784416,1.2824588786283768,0.4616766062693123,0.9139599049519281,1.0,0,1
2185,-1.8000020604377898,-0.7216031028081292,-1.3268805653585676,-0.9054807623963403,-1.1447582913329313,0.5949296927251388,0.0,0,0
3884,1.295621753660679,2.0699289811726236,-0.712071666573206,0.6739786234321535,-0.6888205352495359,1.0010571101304075,0.0,20,0
2805,-0.8541170061299242,-1.692836366162483,0.5175461309975176,-0.5170891101434321,-0.6973427362978237,-0.47274503592341166,1.0,5,1
4318,-0.5961483549550518,-0.8376624235863225,-0.09726276778784416,0.18201586391180308,0.4062822994554418,-0.5236332906344329,0.0,10,0
1583,0.607705350527686,0.4328817196696876,-0.712071666573206,-1.306818803057679,0.1420940669585211,1.1087053412498766,0.0,20,1
4726,1.209632203269055,-1.0270223680139008,1.1323550297828793,0.8681744495586079,0.3338435905449958,-0.04508797229424858,0.0,20,1
3319,1.209632203269055,2.430323714115434,3.5915906249243266,0.32442613640453605,0.5042876115107511,0.5782931479157662,0.0,25,0
3978,-0.25219015338855527,0.04805344551041531,0.5175461309975176,0.9199600031923287,0.8451756534422616,0.9129812846690241,1.0,20,0
1071,-0.16620060299693115,-1.0942146063591707,-0.09726276778784416,0.47978279730569956,0.10800526276537004,-0.5285263920489546,0.0,10,1
1776,0.34973669935281365,1.1475628002511933,2.3619728273536027,-0.4653035565097109,0.9346587644492832,0.5048966266979465,1.0,0,1
4819,0.607705350527686,0.03583667490218444,-0.09726276778784416,1.2047805481777951,0.07391645857221898,1.0656460488020891,0.0,15,0
1284,0.8656740017025585,-0.6421940938546286,0.5175461309975176,-0.607713829002444,0.27418818320698146,-1.0432806608565963,1.0,30,0
3066,0.005778497786317116,-0.5933270114217052,-0.712071666573206,0.05255197982750017,-0.4246323027526152,0.7798889261940445,0.0,0,1
4764,1.6395799552271757,1.80726841309566,-0.09726276778784416,-0.3358396724254082,-0.863525656739435,0.7769530653453316,1.0,10,1
1837,0.2637471489611895,0.4328817196696876,-0.09726276778784416,0.32442613640453605,-0.543943117428644,0.7808675464769486,1.0,0,1
4253,0.5217158001360619,0.8177099938289598,0.5175461309975176,-0.3099468956085476,-0.7740425457324136,0.4726021573621061,1.0,0,1
1020,0.607705350527686,0.13357083976803136,-0.712071666573206,-0.4135180028759897,-1.3237245133469744,-0.2417906491580058,0.0,0,1
3221,1.4676008544439274,-0.4345089935147039,1.1323550297828793,-0.7630704899036073,0.5128098125590388,0.22403260550442355,1.0,0,1
1327,0.34973669935281365,0.04805344551041531,-0.712071666573206,-1.306818803057679,0.8451756534422616,-0.15665068454533454,1.0,0,0
476,-0.3381797037801794,-1.155298459400325,0.5175461309975176,-0.3617324492422687,0.5852485214694848,-0.5314622528976668,1.0,15,1
3464,-1.4560438588712932,-0.972046900276862,-0.712071666573206,0.453890020488839,-0.18601067340055782,-1.5228045994796848,1.0,25,1
1652,1.295621753660679,0.19465469280918568,-0.09726276778784416,0.20790864072866364,1.1349304890840457,0.21816088380699775,0.0,0,0
4017,1.5535904048355516,0.3840146372367641,1.1323550297828793,-0.6853921594530257,1.049708478601168,0.7035565441275119,0.0,0,1
4296,0.4357262497444378,0.5183991139273036,-1.3268805653585676,0.648085846615293,-0.6717761331529604,1.1860163435993132,0.0,15,1
4190,2.1555172575769204,1.8561354955285834,-1.3268805653585676,-1.306818803057679,-1.3237245133469744,0.8395847634512045,1.0,20,1
4671,-1.8859916108294137,-1.8699795399818306,-1.3268805653585676,-1.306818803057679,-1.3237245133469744,-0.8201552363544244,0.0,0,0
2599,-1.8859916108294137,-1.3141164773073262,-0.712071666573206,-1.306818803057679,-0.27123268388343547,-0.3768402481987935,1.0,0,1
1374,-1.6280229596545415,-0.7093863321998983,-0.09726276778784416,-1.306818803057679,-0.015566652434802543,0.5303407540534572,0.0,0,0
740,-1.8859916108294137,0.0847037573351079,-0.712071666573206,-0.931373539213201,-0.505593212711349,-0.07542520106428094,1.0,0,0
4408,0.2637471489611895,-1.3202248626114417,-1.3268805653585676,-1.306818803057679,0.1420940669585211,-0.7868821467356796,0.0,10,1
4693,0.2637471489611895,0.6833255171384203,0.5175461309975176,-1.306818803057679,-0.22436057811785276,0.5626352233892984,1.0,25,1
868,-0.42416925417180357,0.9887447823441919,0.5175461309975176,2.5512049426545436,1.1775414943254845,-0.8759365924799675,0.0,10,1
1141,1.811559056010424,2.4181069435072033,-0.09726276778784416,1.0364774988682013,-0.8209146514979963,2.7195143269102915,1.0,20,0
998,0.09176804817794125,1.5079575331940038,-1.3268805653585676,-0.7242313246783165,0.8536978544905495,0.7632523813846719,0.0,15,0
1338,0.6936949009193102,-0.917071432539823,0.5175461309975176,0.03960559141906988,1.377813218960247,-0.8279841986176587,0.0,0,1
542,-0.8541170061299242,-0.09854780178835508,-0.712071666573206,0.0007664261937791922,0.8835255581595566,-1.4885528895780358,1.0,10,0
1100,1.295621753660679,0.5855913522725734,0.5175461309975176,0.9329063916007589,1.6760902556503188,-1.1254847646205544,1.0,5,0
1133,-0.682137905346676,0.4634236461902647,-0.09726276778784416,0.47978279730569956,-0.9146588630291617,-0.09010450530784474,0.0,0,0
4083,0.09176804817794125,-0.013030407530739023,-0.712071666573206,-0.08985829266523283,-0.940225466174025,1.1067481006840678,0.0,0,1
4130,-1.0260961069131724,0.3473643254120715,-1.3268805653585676,-0.4135180028759897,-1.3237245133469744,-0.34846025999457003,1.0,0,1
2259,1.1236426528774308,1.8194851837038908,-0.712071666573206,-0.07691190425680254,-1.1404971908087875,1.1674225582241324,0.0,0,0
4006,-0.3381797037801794,2.314264393337241,2.3619728273536027,-1.1903013073818065,-0.07096095924867302,0.4187780418023712,0.0,0,1
60,1.0376531024858067,0.5306158845355345,-0.09726276778784416,1.2824588786283768,1.991411694436966,-0.4942746821473053,1.0,20,1
4204,2.1555172575769204,2.711309438104744,0.5175461309975176,-0.34878606083383845,0.09948306171708228,2.2311828057410654,0.0,0,1
1939,-0.682137905346676,-0.5322431583805508,0.5175461309975176,0.0007664261937791922,0.022783252282492394,-0.2907216633032189,1.0,20,1
2592,2.2415068079685447,2.1493379901261243,2.9767817261389644,1.955671075866751,1.9658450912921026,0.7348723931804484,0.0,10,1
4947,1.4676008544439274,-1.240815853657941,1.1323550297828793,0.44094363208040865,-0.7655203446841258,0.04690233429875185,1.0,10,1
1079,-0.5961483549550518,1.569041386235158,0.5175461309975176,-1.306818803057679,-0.4075879006560397,0.9922495275842695,1.0,15,1
3380,-0.25219015338855527,1.6179084686680816,1.7471639285682412,-0.8148560435373283,0.005738850185916867,0.6037372752712769,0.0,0,1
3143,-0.25219015338855527,0.29849724297914804,-0.712071666573206,-1.306818803057679,0.7343870398145207,0.03320165033809212,0.0,0,0
2504,0.5217158001360619,0.19465469280918568,-1.3268805653585676,-1.306818803057679,-1.3237245133469744,0.14965746400369911,0.0,0,0
941,0.2637471489611895,-1.5706686600801745,-0.09726276778784416,1.7614752497402968,0.06539425752393122,-1.5736928541907063,1.0,25,1
1081,0.2637471489611895,-0.6299773232463978,-0.712071666573206,-1.1385157537480854,1.2585024042842183,-0.3602037033894209,0.0,20,0
188,-1.2840647580880449,-0.6544108644628595,0.5175461309975176,-0.8019096551288981,1.083797282794319,-2.5386124531343093,1.0,0,1
2650,2.499475459143417,-0.5017012318599736,-0.712071666573206,0.05255197982750017,-1.2342414023399528,0.46477319509887216,0.0,0,0
2086,0.7796844513109343,0.29238885767503264,-1.3268805653585676,-0.4005716144675594,0.04834985542735569,1.0176936549397801,1.0,0,1
2250,1.209632203269055,0.12746245446391594,-0.712071666573206,0.20790864072866364,-1.3237245133469744,0.6751765559232884,0.0,20,0
4901,-1.8859916108294137,-1.8699795399818306,-1.3268805653585676,-0.8666415971710495,-1.1362360902846436,-2.063981615925742,0.0,10,0
2024,-0.08021105260530702,0.6466752053137277,-0.712071666573206,-0.5170891101434321,1.1349304890840457,0.6272241620609793,0.0,0,1
2698,0.17775759856956538,1.1536711855553086,-0.09726276778784416,-0.5688746637771531,-0.015566652434802543,2.3231731123340658,0.0,15,1
4067,-0.8541170061299242,0.39012302254087955,1.1323550297828793,1.43781553952954,1.228674700615211,-0.9933710264284789,0.0,25,1
3625,-0.08021105260530702,-1.0636726798385934,1.1323550297828793,0.06549836823593046,2.3536052389891964,-0.6518325476948915,0.0,0,1
227,2.585465009535041,1.31248920346231,0.5175461309975176,-0.45235716810128057,0.31679918844842025,0.808268914398268,0.0,0,0
3320,0.7796844513109343,0.8543603056536524,0.5175461309975176,0.2855869711792452,0.38923789735886627,2.3867834307228435,1.0,0,1
1930,0.7796844513109343,0.5611578110561116,0.5175461309975176,-0.08985829266523283,-1.0211863761327586,0.5097897281124676,0.0,0,0
3936,0.2637471489611895,1.0803705619059234,-0.09726276778784416,1.852099968599309,-1.3237245133469744,0.6379889851729261,0.0,25,1
4787,-1.370054308479669,-0.4833760759476274,-0.09726276778784416,-0.34878606083383845,-1.3237245133469744,0.02047958666033646,0.0,0,1
1405,-0.5961483549550518,-0.013030407530739023,1.1323550297828793,-0.038072739031511676,0.7386481403386645,0.7926109898717995,1.0,20,1
2180,-0.3381797037801794,-0.11687295770070139,-1.3268805653585676,-0.7242313246783165,0.6278595267109237,0.3796332304862009,1.0,25,0
698,-1.0260961069131724,-0.8926378913233614,2.3619728273536027,1.9168319106414602,1.2968523090015132,-1.095147535850522,1.0,15,1
1125,-0.16620060299693115,-0.3612083698653187,1.1323550297828793,1.657904142472855,0.977269769690722,0.14770022343789097,0.0,0,1
2811,-0.682137905346676,0.07859537203099247,1.7471639285682412,0.27264058277081493,2.5666602651963903,0.2661132776693068,1.0,5,1
2935,-0.7681274557383001,0.6039165081849197,-0.09726276778784416,-0.9702127044384918,-0.9700531698430321,0.6693048342258626,0.0,25,1
1779,-1.1120856573047966,-1.6989447514665985,-0.712071666573206,0.3762116900382572,1.0752750817460313,-0.10380518926850446,0.0,0,1
2874,-1.8859916108294137,-1.466826109910212,-1.3268805653585676,-0.16753662311581458,-1.0297085771810466,-0.9141027835132337,0.0,0,1
1038,-0.5961483549550518,0.18854630750507026,-0.09726276778784416,0.38915807844668754,0.20601057482067933,0.08506852533201813,1.0,0,1
4185,0.005778497786317116,-0.7216031028081292,-0.09726276778784416,0.026659203010639593,1.8167065729470668,-0.8133048943740946,0.0,20,0
2257,0.34973669935281365,1.6912090923174667,-1.3268805653585676,-1.2938724146492486,0.24009937901383038,2.030565647745692,0.0,25,1
314,0.4357262497444378,0.03583667490218444,-0.712071666573206,0.453890020488839,-0.6163818263390899,-1.2311757551742146,0.0,15,1
2282,0.005778497786317116,-0.422292222906473,0.5175461309975176,-0.18048301152424487,-0.31810478964901817,0.23871190974798734,0.0,0,0
1417,2.3274963583601687,2.3875650169866263,1.7471639285682412,0.5833539045731415,0.4275878020761612,2.5081323458029714,0.0,0,1
1037,1.0376531024858067,0.22519661932976287,-0.712071666573206,0.4927291857141298,-0.5013321121872051,-1.0550241042514472,1.0,10,0
2160,-0.7681274557383001,-1.5462351188637127,0.5175461309975176,-1.306818803057679,0.06113315699978734,-1.6040300829607388,0.0,0,1
4173,0.09176804817794125,0.21908823402564742,-0.712071666573206,-0.1286974578905237,1.0369251770287364,-1.4249425711892585,1.0,20,0
1755,1.1236426528774308,0.48174880210261106,-0.09726276778784416,-0.5947674405940137,1.2798079069049377,-1.0011999886917131,0.0,25,0
3128,0.4357262497444378,1.4102233683281569,1.7471639285682412,1.6320113656559943,-0.6376873289598094,1.1586149756779938,0.0,25,0
3635,-0.16620060299693115,-0.6971695615916675,-1.3268805653585676,-1.306818803057679,-0.867786757263579,0.4686876762304891,1.0,10,1
4975,-0.42416925417180357,-0.3612083698653187,0.5175461309975176,-0.06396551584837226,-1.3237245133469744,0.3581035842623072,1.0,20,0
4531,0.9516635520941825,0.6711087465301895,0.5175461309975176,-0.659499382636165,-0.3436713927938815,1.204610128974494,1.0,0,1
3361,-0.08021105260530702,-0.8132288823698607,1.7471639285682412,2.033349406317333,0.7599536429593841,-0.10184794870269633,1.0,15,0
4751,0.8656740017025585,0.1763295368968394,0.5175461309975176,1.9686174642751815,-1.3237245133469744,-1.653939717388856,0.0,15,0
1507,-1.8859916108294137,-1.466826109910212,-1.3268805653585676,0.9846919452344801,-1.3237245133469744,-1.6108804249410686,1.0,0,0
1924,1.209632203269055,1.5446078450186964,0.5175461309975176,-1.306818803057679,-0.4118490011801836,1.3934838435750165,0.0,10,1
449,1.1236426528774308,1.7278594041421593,-0.09726276778784416,0.09139114505279104,0.3679323947381469,0.2749208602154448,1.0,0,1
2459,-1.8859916108294137,-1.5462351188637127,-0.712071666573206,-0.19342939993267516,0.7769980450559595,-1.364268113649194,1.0,0,1
2544,0.7796844513109343,-0.16574004013362484,-0.09726276778784416,-0.6983385478614559,-0.04113325557966584,0.2778567210641577,1.0,15,1
4980,-0.7681274557383001,-1.3507667891320188,0.5175461309975176,0.3114797479961058,-1.3237245133469744,-1.046216521705309,1.0,30,1
4574,0.4357262497444378,-0.2329322784788946,-1.3268805653585676,-0.7242313246783165,-0.8294368525462841,0.6693048342258626,0.0,15,1
362,0.4357262497444378,0.3290391694997252,-0.09726276778784416,-1.2809260262408184,0.37219349526229073,0.20054571871472104,0.0,0,0
2184,-1.0260961069131724,-0.29401613152004896,-0.09726276778784416,-0.3358396724254082,1.701656858795182,-1.3358881254449706,1.0,0,0
1135,-0.16620060299693115,0.5733745816643425,0.5175461309975176,0.16906947550337278,1.84227317609193,0.7035565441275119,1.0,0,1
3899,-0.682137905346676,-0.45894253473116564,-0.712071666573206,-1.306818803057679,0.49150430993831945,-0.22026100293411144,1.0,0,0
2156,0.607705350527686,1.0681537912976926,-1.3268805653585676,-1.306818803057679,0.49150430993831945,-0.6234525594906679,1.0,10,1
1831,0.7796844513109343,0.1580043809844931,-0.09726276778784416,-1.073783811705934,1.4928629331121317,0.531319374336362,0.0,0,1
1054,2.499475459143417,3.0472706298310928,0.5175461309975176,1.3989763743042491,1.1647581927530528,2.2722848576230446,0.0,25,1
23,1.295621753660679,0.26184693115445545,1.1323550297828793,-0.4005716144675594,0.6576872303799308,0.7769530653453316,1.0,15,1
2067,1.0376531024858067,1.355247900591118,-0.09726276778784416,-1.306818803057679,-1.3237245133469744,1.0431377822952907,1.0,10,1
1654,-0.42416925417180357,-1.2285990830497102,-0.712071666573206,0.9976383336429104,2.4430883499962177,-1.584457677302653,1.0,0,0
2603,-0.08021105260530702,0.7260842142672284,1.1323550297828793,-0.284054118791687,-0.4033268001318958,0.47455939792791424,0.0,10,0
3226,-0.5961483549550518,-0.6971695615916675,-0.712071666573206,0.6869250118405839,-0.39480459908360804,0.6360317446071181,1.0,30,0
2813,-0.42416925417180357,-1.1186481475756325,-1.3268805653585676,0.11728392186965161,-1.3237245133469744,-1.594243880131696,0.0,0,1
4055,0.607705350527686,0.7016506730507667,1.1323550297828793,0.026659203010639593,1.4204242242016858,1.1498073931318558,0.0,15,0
2326,0.5217158001360619,1.5140659184981191,0.5175461309975176,0.557461127756281,1.8635786787126496,1.792760918999956,1.0,0,0
461,0.34973669935281365,0.6711087465301895,-0.09726276778784416,-1.306818803057679,0.8409145529181178,1.6391175345839868,0.0,0,1
1068,0.4357262497444378,0.8604686909577679,-1.3268805653585676,-1.306818803057679,0.83239235186983,0.5479559191457338,1.0,20,1
88,0.005778497786317116,-0.6849527909834366,1.1323550297828793,0.35031891322139663,0.22731607744139873,-0.3641181845210386,0.0,20,1
1431,-0.25219015338855527,-0.972046900276862,-0.712071666573206,1.6320113656559943,-0.18601067340055782,0.13106367862851834,1.0,30,1
2663,-0.3381797037801794,-0.7521450293287064,-0.09726276778784416,0.7128177886574444,0.12504966486194558,-0.00887902182679113,1.0,0,1
283,0.9516635520941825,-0.4528341494270502,-0.09726276778784416,-0.42646439128442,-0.13913856763497512,-0.30931544867839966,1.0,0,1
463,-1.6280229596545415,-1.7966789163324455,-0.712071666573206,0.013712814602209302,1.3479855152912397,-0.39739127413978315,1.0,0,1
213,0.005778497786317116,-0.5139180024682045,1.7471639285682412,-0.5300354985518623,0.12931076538608946,-0.6430249651487532,1.0,20,0
2634,0.005778497786317116,-0.4528341494270502,-0.712071666573206,-0.6206602174108743,-0.5141154137596368,-0.7017421821230087,1.0,5,0
1369,1.295621753660679,-0.2329322784788946,-0.09726276778784416,-1.2938724146492486,-0.3692379959387448,0.37278288850587105,0.0,0,0
235,-0.7681274557383001,-0.972046900276862,1.1323550297828793,0.6221930697984324,1.1349304890840457,-0.24570513028962276,0.0,0,1
3552,-1.1980752076964207,-0.3856419110817804,-0.712071666573206,0.9199600031923287,0.9943141717872975,-0.44632228828499626,1.0,0,1
598,0.8656740017025585,-0.23904066378301003,-0.712071666573206,0.24674780595395435,0.1165274638136578,-0.1869879133153669,0.0,0,0
4431,-0.08021105260530702,-0.8559875794986688,-0.09726276778784416,-0.34878606083383845,-0.06243875820038525,-1.3221874414843109,1.0,0,0
2251,-1.0260961069131724,-1.4118506421731731,-0.712071666573206,0.22085502913709376,-1.161802693429507,-0.00887902182679113,1.0,0,1
4050,0.09176804817794125,-0.6421940938546286,-0.712071666573206,-0.06396551584837226,-1.012664175084471,-0.7134856255178599,1.0,0,0
2284,0.2637471489611895,0.15189599568037768,0.5175461309975176,-0.07691190425680254,0.17192177062752828,-0.010836262392599265,0.0,30,0
663,-0.9401065565215483,-0.7277114881122446,-0.09726276778784416,-0.6983385478614559,0.03556655385492404,-0.624431179773572,0.0,5,0
4974,-1.8859916108294137,-1.8699795399818306,-1.3268805653585676,-0.025126350623081387,-1.3237245133469744,-1.3172943400697898,0.0,0,0
2286,0.34973669935281365,0.6588919759219586,1.1323550297828793,-0.9831590928469222,0.41054339997958567,1.1233846454934404,0.0,0,1
4727,-0.3381797037801794,-0.33066644334474155,1.1323550297828793,1.062370275685062,0.6065540240902042,0.03418027062099619,0.0,25,1
3209,1.0376531024858067,-0.33677482864885694,1.1323550297828793,1.2695124902199466,0.8963088597319883,-1.0814468518898626,0.0,0,1
2519,0.607705350527686,0.6833255171384203,-0.712071666573206,-1.306818803057679,-0.13487746711083123,1.91313121379718,1.0,0,0
3448,1.0376531024858067,1.1658879561635396,0.5175461309975176,0.1302303102780819,0.3594101936898591,0.42464976349979705,0.0,25,1
780,-1.370054308479669,-1.2469242389620565,-1.3268805653585676,-0.9961054812553524,-0.9444865666981689,-1.281085389602332,1.0,0,0
4211,0.005778497786317116,-0.055789104659547055,0.5175461309975176,0.648085846615293,1.9615839907679589,1.073475011065323,0.0,25,0
3442,0.09176804817794125,1.2514053504211555,-0.09726276778784416,-1.306818803057679,-0.543943117428644,0.6419034663045431,1.0,0,1
4874,-1.1980752076964207,-1.057564294534478,-0.712071666573206,0.36326530162982695,-0.22436057811785276,-2.7754385615971406,1.0,0,0
4469,2.499475459143417,0.5367242698396499,-0.09726276778784416,-0.3358396724254082,-1.3237245133469744,-0.09793346757107867,0.0,10,0
4846,0.8656740017025585,1.0986957178182697,-0.09726276778784416,-0.25816134197482643,0.13357186591023334,-0.59409395100354,1.0,15,0
686,-0.5101588045634277,-1.8577627693735999,-1.3268805653585676,-0.4394107796928503,0.009999950710060749,-0.705656663254626,0.0,0,0
3185,0.6936949009193102,0.212979848721532,0.5175461309975176,-0.750124101495177,1.156235991704765,0.08898300646363509,0.0,15,1
4254,-1.8859916108294137,-0.33677482864885694,-0.09726276778784416,-0.5818210521855834,1.991411694436966,-1.2468336797006827,0.0,0,1
4122,0.7796844513109343,-1.436284183389635,-0.712071666573206,-0.18048301152424487,0.43184890260030506,-0.9317179486055104,0.0,0,1
2172,-1.1120856573047966,-0.6421940938546286,-0.09726276778784416,-0.2970005072001173,-0.4842877100906296,-1.295764693845896,1.0,5,1
3556,-0.25219015338855527,-1.0881062210550552,-0.712071666573206,-0.2970005072001173,0.83239235186983,0.5959083130080429,0.0,10,1
1851,-0.682137905346676,0.7749512967001518,0.5175461309975176,-0.5818210521855834,0.47872100836588777,1.5118968978064324,1.0,15,0
488,0.4357262497444378,-0.44672576412293474,-1.3268805653585676,-1.306818803057679,-0.08374426082110466,1.6166092680771884,1.0,0,0
1689,-0.16620060299693115,1.2697305063335018,-0.09726276778784416,3.677540734187978,-0.6419484294839533,2.014907723219223,0.0,25,1
2231,0.5217158001360619,-0.06800587526777792,1.7471639285682412,-1.0867302001143642,0.615076225138492,-1.5590135499471425,0.0,0,1
3280,-0.42416925417180357,0.14578761037626223,-0.712071666573206,0.8034425075164564,0.044088754903211805,-0.003985920412270097,1.0,15,0
2321,0.4357262497444378,-1.8699795399818306,-0.09726276778784416,1.3989763743042491,1.092319483842607,-1.8056258612390166,1.0,10,1
783,1.897548606402048,-0.15963165482950942,-0.09726276778784416,0.3114797479961058,-0.867786757263579,0.7427013554436823,0.0,20,1
522,-0.9401065565215483,0.1030289132474542,-0.09726276778784416,1.6320113656559943,-0.8379590535945718,0.26219879653768985,0.0,0,0
523,1.3816113040523033,-0.06800587526777792,-1.3268805653585676,1.1529949945440738,-0.722909339442687,0.40409873755880743,0.0,0,1
3600,1.4676008544439274,0.4512068755820339,-0.09726276778784416,-0.659499382636165,0.7514314419110962,0.05962439797650751,1.0,0,1
3971,-1.6280229596545415,-0.5322431583805508,-1.3268805653585676,-1.306818803057679,0.30401588687598863,-0.8211338566373289,1.0,15,0
2399,-0.682137905346676,-1.057564294534478,-0.09726276778784416,-0.1286974578905237,-1.3237245133469744,-0.6988063212742961,0.0,0,0
2208,0.4357262497444378,0.9032273880865759,-0.09726276778784416,-0.32289328401697787,0.9090921613044199,-0.03530176946520582,0.0,0,1
3494,0.2637471489611895,0.7444093701795746,1.1323550297828793,1.0753166640934921,-0.8464812546428596,0.09387610787815613,0.0,0,1
3569,0.5217158001360619,-0.6421940938546286,1.1323550297828793,0.4021044668551178,-0.24992718126271607,-0.6175808377932421,0.0,10,0
3756,-0.5101588045634277,-0.7093863321998983,-0.09726276778784416,-0.7889632667204678,-0.6376873289598094,-0.4952533024302094,1.0,0,0
2838,0.2637471489611895,1.2636221210293865,-0.09726276778784416,-0.8278024319457586,0.005738850185916867,0.8268626997734487,0.0,0,1
1512,0.607705350527686,-0.3428832139529724,0.5175461309975176,0.9458527800091893,0.11226636328951392,-0.7125070052349555,1.0,0,0
1883,-0.42416925417180357,0.5000739580149574,-0.712071666573206,-0.038072739031511676,-0.4246323027526152,-0.14686448171629177,0.0,30,1
652,-0.16620060299693115,-1.4118506421731731,-1.3268805653585676,0.4927291857141298,-0.06669985872452913,-2.2009884555323387,1.0,0,0
2802,1.0376531024858067,1.3918982124158106,-0.09726276778784416,0.0007664261937791922,-0.9317032651257372,1.5079824166748155,0.0,0,1
3406,-1.2840647580880449,0.029728289598069006,-0.09726276778784416,0.557461127756281,0.20601057482067933,-0.14392862086757957,1.0,15,0
370,0.8656740017025585,2.045495439956162,1.1323550297828793,0.1561230870949425,0.12504966486194558,0.6634331125284368,1.0,10,1
2655,0.005778497786317116,0.5672661963602271,0.5175461309975176,-0.8148560435373283,1.8891452818575127,-0.4247926420611026,0.0,25,1
119,1.6395799552271757,0.15189599568037768,-0.09726276778784416,-0.6336066058193045,-1.3237245133469744,-0.3817333496133153,0.0,0,0
4014,1.811559056010424,1.483523991977542,1.1323550297828793,0.06549836823593046,-0.9657920693188883,0.15748642626693374,1.0,15,0
3050,1.4676008544439274,1.6301252392763124,0.5175461309975176,0.2985333595876755,-0.10504976344182407,2.134299397733543,1.0,20,1
2217,0.005778497786317116,-1.4485009539978657,-1.3268805653585676,-1.0090518696637827,-1.1703248944777946,-0.9366110500200318,1.0,25,1
3559,0.607705350527686,0.17022115159272397,-0.09726276778784416,-1.2291404726070974,0.6321206272350676,0.9540833365510033,1.0,0,1
1614,0.09176804817794125,0.09081214263922334,-0.09726276778784416,-0.42646439128442,-0.13061636658668735,0.5822076290473832,1.0,0,0
4257,-1.8000020604377898,-0.9659385149727465,-0.09726276778784416,-0.06396551584837226,0.7727369445318156,-1.0305585971788407,1.0,0,1
963,-1.0260961069131724,0.9337693146071531,-0.09726276778784416,0.19496225232023337,-0.07948316029696077,0.6458179474361601,1.0,0,0
2511,-0.5961483549550518,0.5794829669684579,-0.09726276778784416,-1.306818803057679,1.0028363728355854,0.5734000465012452,0.0,0,0
3564,-0.16620060299693115,0.09692052794333877,-0.712071666573206,-1.306818803057679,-0.8976144609325861,-0.15567206426243047,1.0,0,1
4652,1.0376531024858067,1.9844115869150076,-0.09726276778784416,-0.15459023470738428,0.7045593361455136,0.9912709073013648,1.0,20,1
3461,0.09176804817794125,-0.45894253473116564,-1.3268805653585676,0.2985333595876755,-1.0041419740361832,-1.1528861325418736,0.0,0,0
3048,0.5217158001360619,-0.6544108644628595,2.3619728273536027,0.6739786234321535,2.975725915514203,-0.7027208024059131,0.0,15,1
2416,1.3816113040523033,-0.5383515436846662,0.5175461309975176,0.7516569538827352,-0.4246323027526152,-0.20753893925635647,0.0,25,1
4665,2.585465009535041,0.7688429113960363,1.1323550297828793,-0.8019096551288981,-1.3237245133469744,1.2643059662316538,0.0,0,0
4247,0.2637471489611895,-0.09854780178835508,-0.09726276778784416,-0.5041427217350017,1.774095567705628,0.2807925819128706,0.0,0,1
2186,0.005778497786317116,0.5367242698396499,-0.09726276778784416,-0.08985829266523283,0.2571437811104059,1.703706473255668,1.0,0,0
2837,0.607705350527686,-0.917071432539823,-0.712071666573206,0.06549836823593046,1.1647581927530528,-0.20558169869054765,1.0,15,0
2038,1.0376531024858067,-0.25125743439124093,1.1323550297828793,-0.18048301152424487,2.3450830379409084,-0.6518325476948915,0.0,20,1
4272,-1.1120856573047966,-0.746036644024591,-0.712071666573206,0.4150508552635481,0.21027167534482322,-0.45219400998242204,0.0,0,0
773,0.2637471489611895,0.0663786014227616,1.1323550297828793,1.0494238872766315,0.0696553580480751,0.7720599639308106,0.0,0,1
1285,0.09176804817794125,0.2862804723709172,0.5175461309975176,-0.9184271508047707,1.0028363728355854,0.6096089969687026,0.0,0,1
4614,-0.682137905346676,1.0803705619059234,-0.09726276778784416,-0.6336066058193045,-0.07522205977281689,2.356446201952811,0.0,0,0
4747,0.7796844513109343,-1.1247565328797478,-0.712071666573206,1.360137209078958,0.7429092408628085,-0.5177615689370078,1.0,0,0
1415,1.3816113040523033,-0.7949037264575144,-0.09726276778784416,-1.306818803057679,0.4275878020761612,-1.5394411442890574,0.0,0,0
1235,0.34973669935281365,0.017511518989838142,-0.712071666573206,0.33737252481296637,0.2869714847794131,-0.03334452889939769,1.0,0,1
2715,-0.16620060299693115,-0.7582534146328218,-0.712071666573206,-0.840748820354189,-0.4246323027526152,-1.2008385264041825,0.0,0,0
436,-0.5961483549550518,-0.9292882031480539,-0.712071666573206,2.1887060672184964,-0.23714387969028441,0.3052580889854771,0.0,0,0
1675,-0.25219015338855527,1.6851007070133512,1.1323550297828793,1.1271022177272134,2.400477344754779,1.6244382303404223,0.0,25,1
366,1.5535904048355516,2.5830333467183197,1.1323550297828793,0.51862196253099,1.3011134095256571,1.5735499756294011,0.0,25,1
2665,-0.42416925417180357,-0.7216031028081292,-0.09726276778784416,-0.24521495356639614,-1.3237245133469744,-0.2476623708554309,0.0,0,1
232,-0.5961483549550518,-1.7661369898118682,-0.09726276778784416,-1.306818803057679,-1.3237245133469744,-2.86253576677562,1.0,0,0
4278,-0.25219015338855527,-1.0270223680139008,-0.712071666573206,1.295405267036807,0.8707422565871249,-1.598158361263313,0.0,0,0
4060,-0.08021105260530702,0.5306158845355345,0.5175461309975176,-0.11575106948209342,1.232935801139355,0.4628159545330633,0.0,0,0
4410,-1.7140125100461656,-1.8699795399818306,-1.3268805653585676,-0.8148560435373283,-1.3237245133469744,-0.8857227953090102,1.0,0,0
408,0.8656740017025585,0.4450984902779184,-0.09726276778784416,0.4279972436719784,-1.1404971908087875,0.3737615087887758,0.0,0,0
2091,0.17775759856956538,-0.886529506019246,-0.09726276778784416,0.4150508552635481,0.022783252282492394,-1.1753943990486715,1.0,20,0
87,-0.5101588045634277,-1.1614068447044403,-1.3268805653585676,0.013712814602209302,-0.4587211069457663,0.18978089560277422,1.0,20,0
845,0.17775759856956538,1.3918982124158106,1.1323550297828793,-0.8795879855794798,-0.3862823980353203,0.4070345984075203,1.0,10,0
1032,0.17775759856956538,1.5568246156269272,0.5175461309975176,0.8940672263754684,-1.3237245133469744,-0.16545826709147324,1.0,30,1
2647,1.7255695056187998,-1.1736236153126713,-0.09726276778784416,2.046295794725763,-1.042491878753478,-1.12450614433765,0.0,20,1
4078,-0.5101588045634277,-0.746036644024591,1.1323550297828793,1.8132608033740178,1.5653016420225778,-0.7722028424921158,0.0,30,0
4289,-0.16620060299693115,0.6039165081849197,0.5175461309975176,0.6998714002490141,-0.39480459908360804,-0.4159850595149639,1.0,0,1
3245,0.5217158001360619,0.3840146372367641,1.7471639285682412,1.3471908206705279,0.6363817277592114,-7.14392806524357e-05,0.0,0,1
2674,0.5217158001360619,-0.31234128743239525,-0.712071666573206,1.9297782990498906,-0.6802983342012482,-1.1705012976341505,1.0,25,1
856,0.005778497786317116,-0.2634742049994718,0.5175461309975176,-0.5429818869602926,1.156235991704765,0.199567098431817,1.0,15,0
79,0.6936949009193102,1.1048041031223852,-0.09726276778784416,-1.306818803057679,0.1420940669585211,2.466051673638088,0.0,20,1
2248,-0.7681274557383001,-0.0069220222266235905,1.1323550297828793,0.1561230870949425,0.20601057482067933,0.6653903530942457,0.0,0,0
4581,-0.3381797037801794,-1.143081688792094,-0.712071666573206,-0.16753662311581458,0.08243865962050674,-1.8800010027397407,0.0,0,1
3675,-1.370054308479669,-0.8071204970657453,-0.712071666573206,0.3762116900382572,-1.3237245133469744,-1.045237901422405,0.0,15,0
2928,0.2637471489611895,-0.5994353967258206,-0.712071666573206,-1.306818803057679,-1.3237245133469744,1.91998155577751,0.0,0,0
2925,-0.682137905346676,-0.6788444056793212,0.5175461309975176,0.6221930697984324,-0.09652756239353631,-0.31029406896130374,0.0,10,0
2280,-1.8859916108294137,0.1030289132474542,-0.09726276778784416,-1.306818803057679,0.43184890260030506,-1.1147199415086075,0.0,15,1
4951,1.209632203269055,0.4328817196696876,0.5175461309975176,-1.306818803057679,-0.011305551910658662,-0.0793396821958979,0.0,0,1
4169,-0.08021105260530702,0.9826363970400765,-0.712071666573206,-1.0090518696637827,2.3024720326994697,-0.1517575831308135,1.0,20,0
3889,-0.25219015338855527,1.4713072213693112,0.5175461309975176,1.5543330352054125,0.9431809654975709,0.7759744450624275,0.0,0,0
3444,-0.3381797037801794,0.06027021611864617,-1.3268805653585676,-1.306818803057679,0.252882680586262,0.31308705124871106,1.0,25,1
2177,0.5217158001360619,0.6527835906178432,-0.712071666573206,-1.306818803057679,0.6619483309040747,0.20837468097795497,0.0,15,1
425,-0.9401065565215483,0.17022115159272397,-0.712071666573206,-1.1773549189733763,1.6760902556503188,-0.24961961142123973,0.0,0,0
393,-0.5101588045634277,-1.7539202192036374,-0.712071666573206,2.5770977194714044,0.798303547676679,-0.4296857434756236,0.0,0,0
4805,-0.5101588045634277,0.04805344551041531,0.5175461309975176,1.3083516554452375,-1.3237245133469744,0.3796332304862009,0.0,0,1
3650,0.09176804817794125,-0.21460712256654832,1.7471639285682412,-0.05101912743994197,1.624957049360592,1.7174071572163276,1.0,20,0
105,-0.9401065565215483,-0.4528341494270502,-0.09726276778784416,0.8552280611501776,1.1434526901323334,-1.5071466749532165,0.0,0,1
3921,0.34973669935281365,0.6772171318343049,0.5175461309975176,0.20790864072866364,0.08243865962050674,-0.06661761851814224,1.0,0,1
3152,-0.9401065565215483,-0.6483024791587441,-0.09726276778784416,-0.9961054812553524,0.5511597172763338,0.7798889261940445,1.0,0,1
1949,-0.8541170061299242,0.8238183791330753,1.1323550297828793,0.8940672263754684,1.2457191027117867,2.2302041854581613,0.0,10,0
1460,0.34973669935281365,0.9887447823441919,1.7471639285682412,0.4279972436719784,1.880623080809225,0.704535164410416,0.0,20,1
3897,-1.370054308479669,0.1213540691598005,-0.09726276778784416,-1.306818803057679,-1.012664175084471,-0.2564699534015696,1.0,0,0
2819,0.7796844513109343,0.7993848379166135,0.5175461309975176,0.5315683509394203,1.4545130283948369,1.6753264850514444,0.0,15,1
2722,1.295621753660679,0.7871680673083827,-0.09726276778784416,0.6739786234321535,-0.3351491917455937,1.4375217563057086,0.0,15,0
4800,-0.42416925417180357,-1.369091945044365,-0.712071666573206,-0.3358396724254082,-1.3237245133469744,-1.2644488447929594,0.0,20,1
1588,0.9516635520941825,0.719975828963113,-1.3268805653585676,0.1431766986865122,-1.1021472860914925,0.37278288850587105,0.0,20,0
4223,3.3593709630596584,1.8439187249203526,0.5175461309975176,2.4476338353871014,1.369291017911959,0.17216573051049752,0.0,25,1
1732,0.005778497786317116,-0.10465618709247052,0.5175461309975176,0.7257641770658747,-0.8805700588360106,0.010693383831294393,1.0,0,0
4775,-0.25219015338855527,-0.3428832139529724,-0.09726276778784416,1.2695124902199466,1.11788608698747,-0.9845634438823405,0.0,0,0
3732,0.6936949009193102,0.31071401358737893,1.7471639285682412,2.175759678810066,0.02704435280663628,1.1067481006840678,0.0,0,0
3700,-1.2840647580880449,-1.8699795399818306,-0.712071666573206,-1.306818803057679,-1.3237245133469744,-1.0755751301924368,0.0,0,1
1792,0.005778497786317116,-0.3550999845612033,-0.09726276778784416,1.4766547047548308,-0.7442148420634064,-0.33378095575100625,0.0,20,0
2356,-1.8859916108294137,-1.8699795399818306,-1.3268805653585676,-0.659499382636165,1.1903247958979162,-1.4993177126899826,1.0,10,0
1941,-1.2840647580880449,-1.4179590274772886,-1.3268805653585676,-0.6724457710445954,0.7727369445318156,-0.034323149182301754,0.0,20,0
703,-1.0260961069131724,0.023619904293953574,1.1323550297828793,-0.7889632667204678,-0.7612592441599819,0.26219879653768985,1.0,30,1
2443,-1.0260961069131724,-0.043572334051316185,0.5175461309975176,-1.2679796378323882,-1.3237245133469744,0.024394067791954122,0.0,0,1
2830,2.585465009535041,0.8726854615659987,-0.09726276778784416,-1.306818803057679,1.0326640765045925,-0.13316379775563206,1.0,0,0
497,-1.8859916108294137,-1.5034764217349046,-0.712071666573206,-0.012179962214651098,-1.3237245133469744,-0.9963068872771917,0.0,0,0
465,-1.1120856573047966,-1.4607177246060967,-0.712071666573206,-0.8536952087626192,-0.0027833508623708973,-1.120591663206033,1.0,0,0
2703,0.8656740017025585,-1.8027873016365608,-0.712071666573206,0.026659203010639593,-0.18601067340055782,-0.8113476538082861,0.0,10,0
4344,-0.5101588045634277,-0.8743127354110151,-0.712071666573206,-0.24521495356639614,-0.024088853483090308,0.5215331715073191,1.0,20,1
173,-0.42416925417180357,-0.6238689379422823,-0.712071666573206,-1.306818803057679,-1.3237245133469744,-0.7653525005117859,1.0,10,1
4096,-1.8000020604377898,-1.8699795399818306,-1.3268805653585676,-1.306818803057679,-0.032611054531378074,-0.6704263330700723,0.0,0,1
4807,2.0695277071852964,0.6588919759219586,-0.712071666573206,2.305223562894369,-0.3692379959387448,0.005800282416772665,0.0,20,0
2541,0.5217158001360619,-0.6483024791587441,-0.09726276778784416,-0.5559282753687228,0.9261365634009954,0.3091725701170941,1.0,20,1
3278,-1.8859916108294137,-1.240815853657941,-1.3268805653585676,-1.306818803057679,0.022783252282492394,-1.9348037385823793,0.0,0,0
4210,-0.3381797037801794,-0.5872186261175897,-0.09726276778784416,0.9976383336429104,1.2201524995669233,0.6360317446071181,0.0,15,1
2261,-1.8859916108294137,-0.886529506019246,-0.09726276778784416,-0.141643846298954,-1.3237245133469744,-0.34552439914585714,0.0,0,0
2113,0.9516635520941825,1.5262826891063501,0.5175461309975176,-1.0996765885227946,-0.25844938231100384,1.1087053412498766,1.0,20,1
901,0.4357262497444378,0.24963016054622458,-0.09726276778784416,0.33737252481296637,1.4672963299672686,-0.3876050713107404,0.0,20,1
1447,2.413485908751793,2.668550740975936,2.3619728273536027,3.1855779746676274,1.3522466158153836,2.3711255061963747,0.0,30,1
3592,1.3816113040523033,-0.08633103118012422,1.7471639285682412,1.1918341597693647,1.7954010703263474,-0.6332387623197103,0.0,20,1
742,1.209632203269055,1.624016853972197,-0.09726276778784416,1.5025474815716913,-0.6035985247666583,1.1175129237960146,0.0,5,1
2294,-0.42416925417180357,0.12746245446391594,-0.712071666573206,2.8230790992315797,1.6803513561744625,1.743829904854743,1.0,15,1
2453,0.5217158001360619,0.945986085215384,-0.09726276778784416,1.0753166640934921,3.2825251532525623,0.2582843154060729,0.0,0,0
2843,0.607705350527686,0.10913729855156963,1.1323550297828793,-0.11575106948209342,-1.2512858044365285,-0.576478785911263,1.0,0,0
4097,0.607705350527686,0.04194506020629987,1.1323550297828793,1.023531110459771,1.3863354200085347,0.3414670394529346,0.0,5,1
1207,-0.7681274557383001,0.8971190027824605,0.5175461309975176,1.6449577540644245,0.24862158006211815,1.2466908011393771,1.0,20,0
510,0.5217158001360619,0.6344584347054969,0.5175461309975176,-0.34878606083383845,-1.3237245133469744,-0.011814882675504028,1.0,20,1
3290,-1.0260961069131724,-0.09854780178835508,1.1323550297828793,1.2047805481777951,-0.16044407025569454,-0.5520132788386564,0.0,0,0
2818,0.7796844513109343,-0.5750018555093589,-0.712071666573206,-0.06396551584837226,-1.0041419740361832,-0.042152111445535684,1.0,0,0
3367,0.005778497786317116,-0.5322431583805508,-0.09726276778784416,-1.306818803057679,0.17192177062752828,-0.34748163971166596,0.0,20,1
1550,0.4357262497444378,-0.6788444056793212,-0.712071666573206,-1.306818803057679,0.44463220417273674,-1.530633561742919,0.0,0,0
3283,-0.5961483549550518,-0.6544108644628595,1.1323550297828793,-0.5559282753687228,-0.4161101017043275,-0.09304036615655763,0.0,5,1
2203,0.09176804817794125,0.524507499231419,-0.09726276778784416,0.7904961191080262,1.8891452818575127,0.6017800347054687,0.0,0,0
2567,0.17775759856956538,-0.5261347730764354,-0.09726276778784416,1.4119227627126794,0.1633995695792405,-0.07151071993266397,0.0,15,1
2695,1.4676008544439274,1.4651988360651957,-0.09726276778784416,-0.6206602174108743,-1.3237245133469744,1.48841001101673,0.0,20,1
2045,-1.4560438588712932,-1.1308649181838633,-0.712071666573206,-1.306818803057679,0.1633995695792405,-0.8348345405979882,0.0,0,0
768,-0.5961483549550518,1.2025382679882322,-0.09726276778784416,0.3114797479961058,0.04834985542735569,1.016715034656876,1.0,0,0
4883,-0.682137905346676,-0.9415049737562848,-0.712071666573206,0.013712814602209302,-0.2967992870282988,-0.4101133378175388,0.0,0,0
4154,-0.8541170061299242,-0.055789104659547055,0.5175461309975176,2.3699555049365197,1.5823460441191532,0.21816088380699775,1.0,5,1
422,-0.8541170061299242,-1.5401267335595972,-0.09726276778784416,0.51862196253099,-1.3237245133469744,-0.5608208613847951,0.0,0,0
124,1.3816113040523033,0.5978081228808043,0.5175461309975176,1.6449577540644245,0.9218754628768515,1.0353088200320568,1.0,30,1
4543,-1.8859916108294137,-0.9537217443645157,-0.712071666573206,-0.5818210521855834,-0.5013321121872051,-1.863364457930368,0.0,10,1
2644,-0.9401065565215483,-1.240815853657941,-0.09726276778784416,0.026659203010639593,0.3466268921174274,-0.9395469108687443,1.0,30,0
820,-1.1980752076964207,-0.30012451682416436,1.1323550297828793,-0.2711077303832567,0.5852485214694848,0.6908344804497563,0.0,0,0
1404,-0.5101588045634277,-1.534018348255482,-0.712071666573206,0.05255197982750017,-0.5865541226700828,-0.7046780429717215,1.0,0,0
1383,-0.3381797037801794,0.48174880210261106,-0.09726276778784416,0.9458527800091893,0.4020211989312979,-0.9581406962439255,1.0,20,0
2149,-0.3381797037801794,0.7077590583548821,-0.09726276778784416,-0.47824994491814116,-0.6888205352495359,-0.3416099180142402,0.0,25,1
1576,-1.2840647580880449,-0.7216031028081292,-0.712071666573206,0.453890020488839,-1.3237245133469744,0.5215331715073191,0.0,20,1
1639,0.005778497786317116,0.6711087465301895,1.7471639285682412,0.9717455568260498,0.6491650293316431,-0.10576242983431329,1.0,0,1
1796,-0.3381797037801794,1.5751497715392735,2.3619728273536027,1.43781553952954,1.3607688168636713,1.4062059072527722,1.0,25,1
4826,-0.682137905346676,2.454757255331896,-0.712071666573206,-0.20637578834110526,-1.3237245133469744,1.6498823576959336,0.0,0,1
400,-0.682137905346676,0.7321925995713437,1.1323550297828793,1.0882630525019223,0.02704435280663628,0.42464976349979705,1.0,10,0
2311,0.8656740017025585,-0.36731675516943413,-0.712071666573206,-1.306818803057679,-0.7484759425875502,-0.3602037033894209,1.0,0,1
883,-1.1120856573047966,-0.6177605526381669,-0.09726276778784416,1.2306733249946555,0.8366534523939739,0.03320165033809212,1.0,0,1
4984,1.983538156793672,0.9704196264318456,1.1323550297828793,2.2793307860775083,0.9517031665458587,0.475538018210819,0.0,15,1
4161,-1.370054308479669,-1.369091945044365,-0.712071666573206,0.4927291857141298,-0.7825647467807013,0.3091725701170941,1.0,0,0
1353,-1.370054308479669,1.2025382679882322,-1.3268805653585676,1.4766547047548308,-0.8550034556911473,0.28470706304448756,1.0,0,0
2758,0.34973669935281365,0.3656894813244178,-0.712071666573206,-1.216194084198667,-0.5695097205735072,0.14182850174046518,1.0,15,0
4561,0.6936949009193102,0.43899010497380303,1.1323550297828793,-1.021998258072213,0.41906560102787344,0.6908344804497563,1.0,0,1
2131,0.09176804817794125,0.04805344551041531,0.5175461309975176,0.07844475664436075,2.4260439478996423,0.8366489026024916,1.0,0,0
983,0.2637471489611895,-0.07411426057189335,-0.09726276778784416,0.33737252481296637,0.1165274638136578,0.11149127297043351,0.0,15,0
457,1.1236426528774308,-1.155298459400325,-0.712071666573206,0.47978279730569956,-0.31810478964901817,-1.0002213684088088,0.0,30,0
3850,-0.8541170061299242,0.9093357733906914,1.1323550297828793,0.013712814602209302,0.8792644576354127,1.5451699874251776,1.0,20,1
1080,1.4676008544439274,-0.6116521673340515,-0.712071666573206,1.0105847220513406,-0.543943117428644,-0.4502367694166132,1.0,0,0
1951,0.09176804817794125,1.5934749274516198,0.5175461309975176,-0.89253437398791,0.44037110364859283,0.8953661195767474,0.0,0,1
4325,-0.9401065565215483,1.5079575331940038,-0.712071666573206,-0.1286974578905237,0.9602253675941465,0.9041737021228854,0.0,10,1
690,-0.42416925417180357,-1.045347523926247,0.5175461309975176,0.453890020488839,1.1051027854150384,0.20152433899762512,1.0,20,1
2430,1.897548606402048,1.8866774220491607,1.7471639285682412,-0.5818210521855834,1.5099073352087073,1.3533604119759421,0.0,20,0
642,0.6936949009193102,-1.3752003303484805,0.5175461309975176,-0.5559282753687228,-1.3237245133469744,-1.284999870733949,0.0,0,1
2393,-1.7140125100461656,-1.5523435041678282,-0.09726276778784416,-0.6724457710445954,-1.2427636033882405,0.09974782957558193,1.0,20,0
1954,-0.682137905346676,0.29238885767503264,1.7471639285682412,2.0204030179089028,1.343724414767096,1.364125235087889,1.0,15,0
2764,0.9516635520941825,0.8971190027824605,1.1323550297828793,2.965489371724313,-0.053916557152097484,0.6193951997977454,1.0,10,0
4454,0.4357262497444378,1.3491395152870025,0.5175461309975176,-0.07691190425680254,-0.4161101017043275,2.95340457452441,1.0,0,1
3451,-1.6280229596545415,0.15189599568037768,-0.712071666573206,-1.306818803057679,1.2116302985186356,-0.6929345995768703,1.0,0,0
3352,0.4357262497444378,-0.10465618709247052,-0.712071666573206,-0.2711077303832567,-0.8976144609325861,-0.20753893925635647,0.0,0,0
4777,-0.8541170061299242,-1.4912596511266738,-0.09726276778784416,0.6998714002490141,-1.3237245133469744,-0.02160108550454679,0.0,0,1
3335,0.09176804817794125,1.1964298826841167,-0.712071666573206,-0.08985829266523283,-0.6035985247666583,-0.4414291868704752,1.0,0,0
1885,-1.8859916108294137,-1.1614068447044403,-0.09726276778784416,-0.9184271508047707,-0.8209146514979963,-1.5022535735386953,1.0,20,1
390,-1.4560438588712932,-0.9842636708850928,-1.3268805653585676,-1.0608374232975037,-1.3237245133469744,-1.144078549995735,0.0,0,1
2495,1.1236426528774308,-0.4528341494270502,1.1323550297828793,-0.16753662311581458,1.4204242242016858,-1.4572370405250994,0.0,0,0
3133,0.09176804817794125,-1.155298459400325,-1.3268805653585676,-0.025126350623081387,-1.3237245133469744,-0.9385682905858402,1.0,0,0
2907,1.209632203269055,1.1109124884265007,1.7471639285682412,2.5382585542461134,0.8707422565871249,-0.8230910972031373,0.0,5,1
846,0.34973669935281365,0.8299267644371907,-0.09726276778784416,0.09139114505279104,1.8209676734712106,2.365253784498949,1.0,15,0
543,0.2637471489611895,0.665000361226074,-0.09726276778784416,0.7646033422911656,0.38497679683472236,1.2153749520864408,1.0,0,0
92,-0.08021105260530702,0.3840146372367641,1.7471639285682412,1.0364774988682013,2.1448113133061457,-0.42577126234400664,1.0,0,0
3908,-1.1120856573047966,-1.8699795399818306,-0.09726276778784416,-1.306818803057679,0.6449039288074991,-1.646110755125622,0.0,0,0
1980,0.5217158001360619,-1.2041655418332484,-0.712071666573206,-1.306818803057679,-0.3223658901731621,-0.8808296938944888,1.0,0,1
2828,1.983538156793672,0.7932764526124981,-1.3268805653585676,-1.306818803057679,-1.085102883994917,1.5070037963919114,0.0,10,1
4100,-0.25219015338855527,-0.18406519604597116,0.5175461309975176,-1.306818803057679,-1.3237245133469744,1.3288949049033356,1.0,0,0
2918,1.897548606402048,1.0376118647771155,0.5175461309975176,-1.306818803057679,0.1420940669585211,0.6428820865874479,1.0,0,1
2530,-0.5961483549550518,1.2636221210293865,-0.09726276778784416,-0.7630704899036073,-0.22862167864199665,0.5097897281124676,0.0,0,0
1677,1.0376531024858067,0.37179786662853326,1.7471639285682412,0.013712814602209302,-0.2669715833592916,0.2543698342744552,0.0,0,0
1049,-0.9401065565215483,0.28017208706680174,0.5175461309975176,-1.306818803057679,0.1889661727241038,0.06549611967393261,0.0,0,0
1961,0.17775759856956538,-1.8699795399818306,-0.712071666573206,-0.5947674405940137,-1.3237245133469744,-0.7271863094785196,0.0,0,0
2531,1.209632203269055,0.29238885767503264,-0.712071666573206,-0.15459023470738428,-0.45446000642162243,-1.4640873825054292,1.0,15,1
4502,1.1236426528774308,-0.14741488422127855,-0.712071666573206,0.44094363208040865,-1.0382307782293343,-0.19970997699312254,0.0,0,1
238,-0.16620060299693115,0.20687146341741655,1.7471639285682412,2.39584828175338,0.29549368582770086,1.3024721572649203,1.0,25,0
4127,1.0376531024858067,-0.013030407530739023,0.5175461309975176,-0.6336066058193045,0.1165274638136578,-0.9512903542635956,1.0,30,0
3505,0.17775759856956538,-0.9598301296686311,1.1323550297828793,0.19496225232023337,0.7301259392903768,0.6595186313968199,0.0,10,0
1134,1.4676008544439274,-0.6360857085505132,0.5175461309975176,0.33737252481296637,-0.24566608073857218,-0.0940189864394617,0.0,0,1
1806,-1.8859916108294137,-1.369091945044365,-0.09726276778784416,0.7775497306995959,-0.4374156043250469,-0.32105889207325056,0.0,0,0
4153,0.4357262497444378,-0.788795341153399,-0.712071666573206,0.026659203010639593,-0.2414049802144283,-0.352374741126187,1.0,0,1
164,-0.8541170061299242,-0.2756909756077026,-0.712071666573206,0.609246681390002,-0.39480459908360804,0.09681196872686904,0.0,10,0
3509,0.607705350527686,0.24963016054622458,-0.09726276778784416,-0.5429818869602926,-0.032611054531378074,-0.3259519934877723,1.0,0,1
4720,0.17775759856956538,0.1213540691598005,0.5175461309975176,0.4021044668551178,0.687514934048938,0.21522502295828486,0.0,10,0
3865,-1.8000020604377898,0.9643112411277303,-1.3268805653585676,-0.08985829266523283,1.2457191027117867,0.9521260959851945,1.0,0,1
3690,1.3816113040523033,1.214755038596463,-1.3268805653585676,0.4021044668551178,-0.9317032651257372,-0.4287071231927196,1.0,25,0
3215,1.0376531024858067,-0.6788444056793212,2.9767817261389644,0.5833539045731415,1.9615839907679589,-1.4366860145841098,1.0,20,0
3653,0.8656740017025585,0.4450984902779184,-0.09726276778784416,-0.9572663160300615,-0.07948316029696077,0.4628159545330633,0.0,20,1
3958,1.0376531024858067,1.452982065456965,3.5915906249243266,0.8811208379670382,-0.07522205977281689,2.1068980298122235,1.0,20,1
1812,-1.8859916108294137,-1.3752003303484805,-0.712071666573206,1.1271022177272134,0.2784492837311253,-0.9033379604012869,0.0,0,0
3986,-0.5961483549550518,0.8665770762618833,-1.3268805653585676,-0.659499382636165,-0.3095825886007304,1.4394789968715167,0.0,15,1
3165,-0.682137905346676,1.6484503951886587,-0.09726276778784416,-0.038072739031511676,1.2073691979944916,2.081453902456713,1.0,0,0
1429,0.6936949009193102,1.4651988360651957,0.5175461309975176,0.5963002929815718,0.20174947429653545,0.7857606478914696,0.0,10,1
3632,1.209632203269055,1.9538696603944303,1.7471639285682412,1.7355824729234361,0.4701988073176,1.8319057303161264,1.0,15,1
4386,-0.42416925417180357,0.4328817196696876,0.5175461309975176,0.453890020488839,-0.8592645562152912,-1.2390047174374488,0.0,25,0
3412,-1.8859916108294137,-0.31844967273651065,-0.712071666573206,-0.25816134197482643,0.325321389496708,0.1790160724908274,0.0,0,1
4471,0.34973669935281365,0.7566261407878055,-0.09726276778784416,-1.306818803057679,0.2145327758689671,0.027329928640666325,1.0,0,0
4855,-0.25219015338855527,0.31682239889149433,-0.712071666573206,-0.6465529942277348,0.20174947429653545,0.29351464559062623,1.0,0,1
2836,-0.08021105260530702,-1.143081688792094,-0.09726276778784416,0.5056755741225601,0.8622200555388372,-1.2145392103648422,0.0,0,0
1453,-0.08021105260530702,-0.34899159925708784,-0.712071666573206,1.1918341597693647,1.1519748911806211,0.3414670394529346,1.0,25,0
594,-1.7140125100461656,-0.5078096171640891,-0.712071666573206,-1.306818803057679,1.083797282794319,0.09583334844396496,0.0,0,0
42,0.607705350527686,-0.4711593053393965,-1.3268805653585676,-0.012179962214651098,-1.3237245133469744,0.11051265268752876,0.0,0,0
561,-0.08021105260530702,1.4346569095446187,1.1323550297828793,0.026659203010639593,0.866481156062981,-0.5343981137463797,1.0,0,1
2952,0.7796844513109343,1.8805690367450452,1.1323550297828793,0.24674780595395435,-0.6973427362978237,2.2664131359256188,1.0,5,1
3743,-1.8000020604377898,-1.8699795399818306,-1.3268805653585676,-1.1514621421565157,-0.8933533604084423,-0.9336751891713189,0.0,0,0
244,-1.5420334092629173,-0.03135556344308532,-0.712071666573206,-0.6465529942277348,-0.8507423551670035,0.3033008484196683,0.0,20,1
1340,-0.25219015338855527,-0.11076457239658595,-0.09726276778784416,-1.306818803057679,1.0667528806977435,-0.17524446992051598,0.0,20,0
4038,0.005778497786317116,1.2452969651170402,-0.09726276778784416,0.9458527800091893,-1.0254474766569026,0.4403076880262656,0.0,15,1
4809,-0.5961483549550518,-0.10465618709247052,-0.712071666573206,-0.8795879855794798,0.6278595267109237,-0.4277285029098155,1.0,0,0
3818,0.17775759856956538,-1.0758894504468244,-0.712071666573206,-1.306818803057679,-1.3237245133469744,-0.300507866132261,0.0,15,1
1443,-1.4560438588712932,0.396231407844995,-1.3268805653585676,2.123974125176345,-1.3237245133469744,0.9540833365510033,0.0,15,1
262,-0.25219015338855527,0.6894339024425358,0.5175461309975176,1.6449577540644245,0.5682041193729093,-0.4414291868704752,0.0,0,1
3177,0.8656740017025585,-0.20849873726243287,-0.712071666573206,-0.4653035565097109,0.12078856433780169,0.17999469277373145,1.0,0,0
1690,0.8656740017025585,2.0821457517808546,-0.712071666573206,-1.306818803057679,-0.0496554566279536,1.585293419024252,0.0,25,0
1726,0.09176804817794125,-1.8699795399818306,-0.09726276778784416,-1.0608374232975037,-0.7655203446841258,-1.567821132493281,0.0,10,0
4560,-1.2840647580880449,-1.8699795399818306,-0.712071666573206,-0.45235716810128057,-0.1689662713039823,-0.9434613920003617,0.0,0,1
835,-0.7681274557383001,-0.5566766995970126,-1.3268805653585676,-1.1903013073818065,-1.2768524075813916,-1.1362495877325012,0.0,0,0
1867,-0.25219015338855527,-0.6788444056793212,-1.3268805653585676,-0.6853921594530257,-1.3237245133469744,-0.2104748001050694,0.0,0,1
2497,-0.08021105260530702,-0.3062329021282798,-0.09726276778784416,-0.6465529942277348,0.4744599078417439,-0.025515566636163757,1.0,5,1
2011,-1.2840647580880449,-1.8699795399818306,-1.3268805653585676,-1.306818803057679,-0.10931086396596795,-2.1912022527032957,0.0,0,0
341,-1.8859916108294137,-0.7826869558492836,-1.3268805653585676,-1.306818803057679,0.4957654104624633,-1.0961261561334266,0.0,0,0
3322,-0.3381797037801794,-0.31844967273651065,-0.09726276778784416,0.453890020488839,-1.1277138892363558,0.5508917799944468,0.0,0,1
1602,1.209632203269055,0.3046056282832635,1.1323550297828793,-0.038072739031511676,0.3594101936898591,0.3972483955784776,0.0,0,1
3019,0.4357262497444378,1.6301252392763124,0.5175461309975176,0.9458527800091893,0.38497679683472236,1.4306714143253787,0.0,0,0
4705,0.7796844513109343,0.8665770762618833,1.1323550297828793,-1.306818803057679,-1.3237245133469744,-0.00887902182679113,0.0,0,1
481,0.2637471489611895,0.7321925995713437,1.7471639285682412,-1.306818803057679,1.2542413037600744,0.7280220512001184,0.0,15,0
2930,-0.3381797037801794,1.4041149830240414,0.5175461309975176,-0.11575106948209342,1.2201524995669233,0.33657393803841357,1.0,10,0
3919,0.2637471489611895,-0.08022264587600879,0.5175461309975176,-1.306818803057679,0.5170709130831828,-0.9610765570926384,0.0,0,1
3410,0.005778497786317116,-0.09243941648423964,0.5175461309975176,-0.607713829002444,-0.9146588630291617,0.639946225738735,1.0,15,0
4649,0.17775759856956538,-1.1858403859209021,-0.09726276778784416,1.4119227627126794,-0.9998808735120394,-0.043130731728440445,1.0,0,0
3506,1.7255695056187998,0.8849022321742296,3.5915906249243266,2.6936152151472768,-0.4161101017043275,1.088154315308887,1.0,20,1
4009,-0.8541170061299242,-1.8699795399818306,-0.712071666573206,-0.42646439128442,0.08243865962050674,-1.6304528305991537,1.0,20,1
1767,-1.2840647580880449,1.062045405993577,0.5175461309975176,-1.306818803057679,0.7556925424352401,-0.3866264510278363,1.0,0,0
4484,0.2637471489611895,0.2374133899379937,1.7471639285682412,1.023531110459771,-0.3649768954146009,0.4863028413227658,1.0,15,0
2454,-0.8541170061299242,-1.8638711546777151,-0.712071666573206,-1.306818803057679,-0.6376873289598094,-1.008050330672043,0.0,0,1
2893,-0.08021105260530702,-0.41007545229824216,1.1323550297828793,0.4927291857141298,0.7769980450559595,-0.184052052466654,1.0,0,1
3834,-0.7681274557383001,0.9154441586948068,-0.712071666573206,0.7646033422911656,0.436110003124449,-0.25451271283576077,0.0,25,1
4035,-0.7681274557383001,0.3046056282832635,-0.712071666573206,0.4279972436719784,0.6108151246143482,0.13889264089175227,1.0,10,1
4688,-1.5420334092629173,-0.013030407530739023,-0.712071666573206,-0.7112849362698862,-1.3237245133469744,1.0724963907824183,0.0,0,0
3698,-0.16620060299693115,-0.4039670669941267,-0.712071666573206,-0.9572663160300615,-0.15618296973155066,-1.294786073562992,1.0,0,0
1272,1.4676008544439274,-1.143081688792094,-0.09726276778784416,-1.1514621421565157,-0.143399668159119,0.7260648106343096,0.0,5,1
4512,-0.16620060299693115,-1.0697810651427089,-0.712071666573206,0.3762116900382572,-1.3237245133469744,-0.3328023354681022,1.0,0,0
3110,-0.8541170061299242,-1.198057156529133,1.1323550297828793,-1.306818803057679,-0.9103977625050178,-2.176522948459732,1.0,0,1
4152,1.4676008544439274,0.5489410404478808,-0.712071666573206,0.5445147393478507,0.6278595267109237,0.2700277588009238,1.0,0,1
348,0.607705350527686,1.5995833127557353,-0.712071666573206,-0.3358396724254082,-1.046752979277622,1.4296927940424746,1.0,0,0
3900,0.34973669935281365,-0.6299773232463978,1.1323550297828793,-0.32289328401697787,0.436110003124449,0.3845263319007226,0.0,0,0
4634,-1.1980752076964207,-0.6116521673340515,-1.3268805653585676,-0.6206602174108743,-0.18601067340055782,-0.29267890386902706,1.0,20,0
2563,1.3816113040523033,-0.06800587526777792,-0.09726276778784416,-0.038072739031511676,1.987150593912822,-0.7164214863665728,0.0,0,1
4601,0.7796844513109343,0.3351475548038407,-1.3268805653585676,0.738710565474305,-1.1745859950019384,-0.5960511915693485,1.0,0,1
1424,1.4676008544439274,0.9032273880865759,-0.712071666573206,1.9168319106414602,1.3650299173878153,1.7800388553222004,1.0,0,0
657,-0.8541170061299242,-1.8699795399818306,-0.09726276778784416,0.648085846615293,0.6449039288074991,-0.7849249061698711,1.0,0,0
2103,-0.7681274557383001,0.1213540691598005,-1.3268805653585676,-1.306818803057679,0.29123258530355695,1.4267569331937617,1.0,0,0
633,-0.42416925417180357,-1.8699795399818306,-0.712071666573206,-1.034944646480643,-1.0254474766569026,-1.8486851536868043,1.0,0,0
2908,0.005778497786317116,-1.3080080920032109,-1.3268805653585676,-0.3617324492422687,-1.2598080054848162,-1.2556412622468212,0.0,0,1
2494,-0.7681274557383001,-1.8699795399818306,1.1323550297828793,2.0592421831341934,-0.3564546943663131,-1.1979026655554696,0.0,0,1
2666,0.09176804817794125,1.0131783235606537,-0.09726276778784416,-0.18048301152424487,-1.3237245133469744,0.591993831876426,1.0,25,1
3231,-0.42416925417180357,0.18854630750507026,0.5175461309975176,-0.8666415971710495,0.27418818320698146,-1.3799260381756624,1.0,0,0
3980,0.7796844513109343,-0.1779568107418557,-0.09726276778784416,-0.25816134197482643,0.9261365634009954,-0.21145342038797346,1.0,0,1
3323,0.17775759856956538,-1.6256441278172133,-1.3268805653585676,-1.164408530564946,-1.1064083866156365,-0.46002297224565597,0.0,0,0
3514,1.1236426528774308,-0.019138792834854458,-1.3268805653585676,-0.6724457710445954,-1.268330206533104,-1.6382817928623876,1.0,15,1
3613,-0.5961483549550518,-0.7704701852410527,-0.712071666573206,1.360137209078958,-0.1732273718281262,-2.0669174767744547,0.0,20,1
2501,0.607705350527686,1.1414544149470778,-0.09726276778784416,-0.3099468956085476,1.445990827346549,1.4424148577202296,1.0,30,1
1466,0.005778497786317116,-1.143081688792094,0.5175461309975176,0.32442613640453605,-0.07522205977281689,-1.8594499767987511,0.0,5,1
4704,0.2637471489611895,0.0847037573351079,-0.712071666573206,-0.37467883765069904,0.2571437811104059,0.40312011727590336,1.0,0,1
116,-0.5101588045634277,0.2679553164585709,-1.3268805653585676,-0.6724457710445954,0.24862158006211815,0.054731296561985776,1.0,20,0
1822,0.7796844513109343,-0.5505683142928971,-1.3268805653585676,-0.07691190425680254,0.13357186591023334,0.17705883192501856,1.0,5,0
1495,-0.3381797037801794,-0.07411426057189335,0.5175461309975176,-0.3099468956085476,1.4545130283948369,-1.1851806018777142,0.0,0,0
2402,1.0376531024858067,1.9172193485697377,1.1323550297828793,0.7516569538827352,-0.8848311593601546,1.1126198223814936,0.0,0,1
1233,-1.1980752076964207,-0.7032779468957829,-0.712071666573206,-0.9054807623963403,-1.3237245133469744,0.3326594569067966,1.0,0,1
2662,-0.682137905346676,0.46953203149438016,-0.09726276778784416,-1.306818803057679,-0.5609875195252194,0.2915574050248174,1.0,0,0
2888,0.17775759856956538,-1.198057156529133,0.5175461309975176,-1.306818803057679,-1.2555469049606722,-1.8516210145355168,1.0,0,1
4642,-0.5961483549550518,-0.6421940938546286,-1.3268805653585676,-0.45235716810128057,0.7642147434835279,-0.5617994816676992,0.0,0,0
1154,-0.5961483549550518,-0.5017012318599736,1.1323550297828793,-0.7760168783120376,0.83239235186983,-0.37488300763298543,0.0,0,0
3867,0.4357262497444378,1.483523991977542,0.5175461309975176,-0.4135180028759897,-0.8592645562152912,1.5177686195038582,1.0,10,1
58,1.5535904048355516,0.4023397931491104,-1.3268805653585676,0.609246681390002,-1.1831081960502263,-0.4052202364030171,1.0,0,1
3411,-1.8859916108294137,-0.2329322784788946,-1.3268805653585676,-0.10280468107366313,-0.9956197729878954,-0.6782552953333065,1.0,0,0
4464,-0.5961483549550518,1.2819472769417328,0.5175461309975176,0.0007664261937791922,0.12078856433780169,1.852456756257116,0.0,0,1
4956,2.1555172575769204,2.6441171997594743,1.1323550297828793,0.6869250118405839,0.7812591455801035,2.1626793859377664,0.0,10,0
1736,0.9516635520941825,1.0742621766018081,1.1323550297828793,1.6320113656559943,-0.5524653184769317,0.6174379592319366,0.0,0,1
2197,-0.16620060299693115,-0.6238689379422823,-0.712071666573206,-1.2938724146492486,0.3807156963105785,-0.21438928123668635,0.0,0,0
3784,1.3816113040523033,-1.8088956869406763,-0.712071666573206,0.23380141754552405,-1.3237245133469744,-1.557056309381334,0.0,0,0
2476,0.005778497786317116,0.5672661963602271,-0.09726276778784416,-0.9054807623963403,-0.09652756239353631,1.3210659426401017,0.0,10,0
2565,1.209632203269055,0.13357083976803136,1.7471639285682412,1.774421638148727,0.6576872303799308,2.0423090911405426,1.0,0,1
3174,0.005778497786317116,-0.10465618709247052,-0.712071666573206,-0.9184271508047707,0.9005699602561321,0.2690491385180197,0.0,0,0
4053,0.4357262497444378,-0.660519249766975,-0.09726276778784416,-0.21932217674953555,0.2571437811104059,0.35321048284778617,0.0,0,1
3674,-1.8859916108294137,0.07859537203099247,-0.712071666573206,-0.012179962214651098,0.0014777496617729847,-0.8857227953090102,1.0,20,1
708,0.607705350527686,0.6833255171384203,-0.09726276778784416,-0.8536952087626192,-0.4587211069457663,0.7720599639308106,0.0,0,1
4291,-0.42416925417180357,-0.8559875794986688,-0.09726276778784416,1.6449577540644245,0.7045593361455136,-1.6079445640923558,0.0,0,1
1094,0.17775759856956538,-0.4039670669941267,-0.09726276778784416,-0.5041427217350017,0.0952219611929384,-1.060895825948873,0.0,20,0
3805,1.0376531024858067,1.538499459714581,0.5175461309975176,1.0882630525019223,1.2712857058566498,1.1028336195524509,0.0,25,1
1377,0.607705350527686,-1.338550018523788,-0.712071666573206,-0.025126350623081387,-1.3066801112503987,-0.8328773000321797,0.0,30,1
4924,-1.370054308479669,-0.1779568107418557,0.5175461309975176,-0.3099468956085476,-1.191630397098514,0.704535164410416,1.0,5,1
73,-0.9401065565215483,1.2697305063335018,1.1323550297828793,0.8681744495586079,2.0169782975818293,-0.03823763031391872,0.0,10,1
1923,-1.8859916108294137,-1.1369733034879788,-1.3268805653585676,-1.021998258072213,-1.3237245133469744,1.2809425110410266,0.0,0,1
3189,-0.3381797037801794,0.4206649490614567,-1.3268805653585676,0.36326530162982695,1.7485289645607647,0.5215331715073191,1.0,0,0
1765,-1.1120856573047966,-0.8926378913233614,-0.09726276778784416,0.013712814602209302,-0.9913586724637515,0.588079350744809,0.0,25,1
744,-1.8859916108294137,-0.3550999845612033,-1.3268805653585676,0.19496225232023337,-0.9146588630291617,-0.6567256491094129,0.0,25,0
2894,-0.682137905346676,-0.9048546619315923,-0.09726276778784416,-0.9184271508047707,-0.0496554566279536,-0.18503067274955806,0.0,0,0
1006,0.34973669935281365,0.6588919759219586,-0.09726276778784416,0.6739786234321535,1.7826177687539158,-0.00887902182679113,0.0,25,1
2669,0.005778497786317116,0.8360351497413061,-1.3268805653585676,1.1271022177272134,1.3522466158153836,1.6009513435507206,0.0,0,0
1191,1.5535904048355516,0.5978081228808043,2.3619728273536027,0.6351394582068627,-0.27123268388343547,1.1595935959608978,1.0,20,0
4664,-0.682137905346676,-0.831554038282207,-0.09726276778784416,0.27264058277081493,-1.1788470955260824,-0.4776381373379327,0.0,0,0
2602,1.4676008544439274,-0.6421940938546286,-0.712071666573206,1.1529949945440738,-0.795348048353133,-1.2977219344117044,1.0,0,1
1126,-0.25219015338855527,-1.4729344952143275,0.5175461309975176,-1.2291404726070974,-0.06669985872452913,-0.956183455678117,1.0,0,0
1242,-1.0260961069131724,-0.5566766995970126,-0.09726276778784416,-1.0996765885227946,-1.3237245133469744,0.6037372752712769,0.0,0,1
3631,0.7796844513109343,0.5367242698396499,-0.09726276778784416,-0.3099468956085476,1.522690636781139,0.08506852533201813,1.0,20,1
4140,0.34973669935281365,-1.5401267335595972,-0.09726276778784416,-1.073783811705934,-0.6675150326288165,-0.22808996519734606,0.0,0,1
4852,-0.16620060299693115,-0.3856419110817804,0.5175461309975176,1.6320113656559943,0.8536978544905495,0.07430370222007131,1.0,25,1
999,0.17775759856956538,0.25573854585034,0.5175461309975176,-1.2938724146492486,0.10374416224122615,0.17803745220792333,0.0,0,0
4793,0.7796844513109343,-1.3018997066990954,-0.712071666573206,-0.038072739031511676,-0.48854881061477345,-1.01196481180366,0.0,0,0
2685,-1.5420334092629173,-1.466826109910212,-0.712071666573206,-1.2420868610155276,1.343724414767096,-0.8279841986176587,0.0,0,0
1578,1.0376531024858067,-1.112539762271517,1.7471639285682412,1.3212980438536677,1.3138967110980886,0.423671143216893,1.0,0,1
4801,0.005778497786317116,-0.02524717813896989,-0.09726276778784416,0.6610322350237232,2.097939207540563,-0.9023593401183825,0.0,0,0
1827,0.8656740017025585,-0.013030407530739023,0.5175461309975176,-0.11575106948209342,0.1847050721999599,-0.8906158967235313,0.0,0,0
3308,0.6936949009193102,0.9032273880865759,-0.09726276778784416,1.7355824729234361,-0.15192186920740677,1.4385003765886126,1.0,10,1
5000,-0.9401065565215483,-0.6483024791587441,-0.712071666573206,0.9329063916007589,-0.29253818650415486,-0.7545876773998391,0.0,10,1
3553,1.0376531024858067,0.21908823402564742,0.5175461309975176,-0.6853921594530257,0.4275878020761612,-1.2145392103648422,1.0,20,0
441,-0.16620060299693115,-0.10465618709247052,-0.712071666573206,-1.306818803057679,-1.0936250850432048,-0.5686498236480291,0.0,0,0
4962,0.6936949009193102,0.07859537203099247,1.1323550297828793,0.5445147393478507,-0.44593780537333466,-0.18013757133503702,0.0,15,0
1101,1.209632203269055,0.2862804723709172,1.7471639285682412,2.2016524556269266,0.5298542146556143,1.6087803058139545,0.0,0,1
4029,-0.16620060299693115,0.26184693115445545,0.5175461309975176,2.38290189334495,0.798303547676679,0.3610394451110201,0.0,0,0
4954,-1.8859916108294137,-0.019138792834854458,-0.09726276778784416,1.4119227627126794,-0.4374156043250469,0.43835044746045676,0.0,15,0
650,-0.42416925417180357,-0.18406519604597116,-0.712071666573206,-0.20637578834110526,-1.0723195824224854,0.24947673285993416,1.0,0,0
1547,-1.8000020604377898,-0.9415049737562848,-1.3268805653585676,-1.1773549189733763,0.5255931141314705,0.4422649285920737,1.0,0,1
3555,0.9516635520941825,1.7034258629256975,1.1323550297828793,0.10433753346122134,0.09096086066879451,0.21033192154376382,1.0,0,0
3577,0.34973669935281365,-1.4912596511266738,-0.09726276778784416,-0.6853921594530257,0.15487736853095274,-0.9503117339806916,1.0,0,1
3816,-0.7681274557383001,-0.8071204970657453,-0.09726276778784416,-0.3358396724254082,-1.0637973813741977,-1.1489716514102566,0.0,5,0
3760,-1.8000020604377898,-1.5462351188637127,-1.3268805653585676,0.648085846615293,-1.3237245133469744,-0.6860842575965405,1.0,0,1
631,1.6395799552271757,-1.0270223680139008,2.3619728273536027,1.1529949945440738,1.9743672923403903,-0.8113476538082861,0.0,0,1
673,-0.7681274557383001,-0.3734251404735496,-0.09726276778784416,1.5413866467969821,0.7642147434835279,0.048859574864560676,1.0,20,1
1250,-1.6280229596545415,-0.605543782029936,-0.09726276778784416,0.2985333595876755,0.005738850185916867,-1.4034129249653648,0.0,10,1
483,0.09176804817794125,0.04194506020629987,-1.3268805653585676,-1.0090518696637827,0.29123258530355695,0.7074710252591289,0.0,20,0
1585,-0.08021105260530702,-0.18406519604597116,-0.712071666573206,0.46683640889726924,0.6449039288074991,-0.23102582604605829,1.0,5,0
3090,1.0376531024858067,0.13357083976803136,-1.3268805653585676,-1.306818803057679,1.1690192932771968,0.47847387905953187,0.0,15,0
4638,-1.1120856573047966,-1.0392391386221318,-0.712071666573206,-0.37467883765069904,-1.3237245133469744,-1.281085389602332,1.0,0,0
3054,-0.08021105260530702,0.4512068755820339,1.1323550297828793,-0.07691190425680254,-1.0382307782293343,0.3796332304862009,1.0,15,0
1463,-0.8541170061299242,-0.691061176287552,-0.712071666573206,-0.8666415971710495,1.6846124566986065,-0.7731814627750199,0.0,0,0
3948,-1.8859916108294137,-1.2896829360908646,-0.09726276778784416,1.2695124902199466,0.6193373256626359,-0.7545876773998391,1.0,0,1
3640,-1.370054308479669,-1.3752003303484805,-1.3268805653585676,-0.42646439128442,0.8963088597319883,0.40605597812461625,0.0,0,1
2579,1.295621753660679,1.8622438808326989,1.1323550297828793,-0.07691190425680254,0.7429092408628085,-0.00887902182679113,1.0,25,0
3820,-0.3381797037801794,-1.5462351188637127,-0.712071666573206,0.1302303102780819,-1.3237245133469744,-1.2683633259245768,1.0,0,1
50,0.09176804817794125,0.9643112411277303,1.1323550297828793,-0.24521495356639614,2.5751824662446783,1.7369795628744131,1.0,0,0
4300,-0.16620060299693115,0.42677333436557213,2.3619728273536027,-0.1286974578905237,1.0710139812218875,0.3551677234135943,0.0,30,1
3072,0.17775759856956538,-0.013030407530739023,-0.09726276778784416,0.38915807844668754,-1.080841783470773,0.6908344804497563,0.0,15,0
859,-1.8859916108294137,0.09081214263922334,-1.3268805653585676,-0.4005716144675594,-0.04539435610380972,-1.2429191985690657,1.0,0,1
1073,-0.25219015338855527,0.5855913522725734,2.3619728273536027,1.9427246874583208,2.1959445195958724,-0.5432056962925185,1.0,15,1
720,-1.0260961069131724,-0.09243941648423964,0.5175461309975176,-0.37467883765069904,-0.2414049802144283,0.37571874935458394,1.0,5,0
3173,1.0376531024858067,0.20076307811330113,0.5175461309975176,-1.306818803057679,0.014261051234204632,1.3298735251862397,0.0,15,0
2632,-1.0260961069131724,-1.8699795399818306,-1.3268805653585676,-0.6724457710445954,-0.9103977625050178,-0.43262160432433655,0.0,0,0
4884,-0.25219015338855527,-0.3428832139529724,-0.09726276778784416,0.4927291857141298,0.17618287115167217,-1.0638316867975859,1.0,20,0
1661,2.499475459143417,3.0289454739187467,1.1323550297828793,1.3083516554452375,-0.2627104828351477,0.5225117917902232,1.0,10,0
1657,0.4357262497444378,-0.16574004013362484,-0.712071666573206,0.4150508552635481,-0.650470630532241,0.023415447509049357,0.0,30,1
2426,1.209632203269055,-0.7399282587204755,0.5175461309975176,-0.10280468107366313,-0.019827752958946426,-0.4218567812123897,0.0,0,1
3541,0.17775759856956538,0.8543603056536524,-1.3268805653585676,-1.0478910348890733,-0.6035985247666583,0.984420565321035,1.0,20,0
4239,-0.08021105260530702,-0.20849873726243287,-0.712071666573206,-1.306818803057679,-1.153280492381219,0.9217888672151621,0.0,0,1
4985,-1.4560438588712932,0.13357083976803136,0.5175461309975176,0.46683640889726924,1.3948576210568224,-0.1781803307692282,0.0,0,0
4432,-1.7140125100461656,-1.760028604507753,-0.712071666573206,-0.2970005072001173,-0.867786757263579,-3.224625271450197,1.0,0,1
4487,1.7255695056187998,-0.03135556344308532,-0.09726276778784416,0.9717455568260498,-0.07096095924867302,1.1556791148292809,1.0,0,0
3321,-1.6280229596545415,-0.18406519604597116,-0.09726276778784416,-0.06396551584837226,0.18044397167581602,-0.5324408731805715,1.0,20,0
4762,2.9294232111015375,-1.381308715652596,1.1323550297828793,-0.4005716144675594,1.1349304890840457,-1.2791281490365236,1.0,10,0
4136,-0.5961483549550518,-0.47726769064351193,-0.09726276778784416,-0.15459023470738428,0.20601057482067933,-0.39934851470559196,1.0,15,0
2607,-1.0260961069131724,-0.6788444056793212,-0.712071666573206,0.44094363208040865,-0.9146588630291617,0.704535164410416,0.0,0,0
1386,0.09176804817794125,1.9294361191779685,1.7471639285682412,0.9976383336429104,0.3551490931657152,0.7192144686539798,0.0,20,1
3854,-0.3381797037801794,-0.6666276350710904,1.1323550297828793,0.648085846615293,0.5298542146556143,-0.44925814913370915,0.0,0,0
1400,-1.4560438588712932,-0.08022264587600879,-1.3268805653585676,0.16906947550337278,-1.3237245133469744,0.12714919749690137,0.0,10,0
1196,2.0695277071852964,0.8849022321742296,1.1323550297828793,-1.306818803057679,0.9730086691665781,-0.00887902182679113,0.0,20,0
1409,0.005778497786317116,-1.045347523926247,-0.712071666573206,1.360137209078958,-0.3223658901731621,-1.7439727834160481,0.0,10,1
3843,0.34973669935281365,-0.36731675516943413,0.5175461309975176,1.43781553952954,1.0667528806977435,0.09289748759525206,0.0,0,0
1799,-0.5961483549550518,-1.7478118338995219,0.5175461309975176,-0.7630704899036073,1.0582306796494558,-0.10674105011721735,0.0,0,0
1476,-0.16620060299693115,-0.8987462766274767,-0.09726276778784416,2.1887060672184964,-0.288277085980011,-0.7604593990972646,0.0,0,1
3232,1.5535904048355516,0.665000361226074,1.7471639285682412,-0.2711077303832567,0.26992708268283755,0.5029393861321384,1.0,10,1
36,1.209632203269055,-0.7643617999369373,0.5175461309975176,-1.216194084198667,-0.795348048353133,0.12029885551657152,0.0,0,1
3558,0.4357262497444378,1.0376118647771155,1.1323550297828793,-1.021998258072213,0.8153479497732545,1.6469464968472207,0.0,25,1
2346,-1.0260961069131724,-1.8699795399818306,-0.712071666573206,-1.2938724146492486,0.39776009840715404,-2.583628986147905,1.0,0,1
3193,0.09176804817794125,0.5428326551437653,1.7471639285682412,1.1659413829525043,-0.8890922598842984,1.324001803488814,1.0,30,0
2360,1.6395799552271757,1.4163317536322724,1.7471639285682412,1.619064977247564,1.2585024042842183,0.2788353413470618,1.0,0,1
2207,-0.42416925417180357,0.9520944705194994,-1.3268805653585676,-0.11575106948209342,-0.4800266095664857,-0.10478380955140852,1.0,0,1
3786,-1.2840647580880449,-0.2634742049994718,-0.712071666573206,0.8940672263754684,-0.21157727654542113,-0.3660754250868467,0.0,0,0
1287,-1.370054308479669,0.4328817196696876,-0.09726276778784416,-0.7112849362698862,-1.0297085771810466,1.016715034656876,1.0,20,1
350,1.5535904048355516,0.7321925995713437,-0.09726276778784416,1.5025474815716913,-0.5183765142837806,0.06647473995683738,1.0,10,0
2138,0.8656740017025585,-0.09854780178835508,1.1323550297828793,1.43781553952954,0.9303976639251393,0.14672160315498692,0.0,30,0
2692,-1.0260961069131724,-0.9598301296686311,-0.712071666573206,-1.306818803057679,-0.8464812546428596,-0.6009442929838699,0.0,0,0
3394,-1.1120856573047966,-1.6317525131213286,-0.712071666573206,-1.0478910348890733,-0.4757655090423418,-1.613816285789781,0.0,0,1
4535,0.005778497786317116,-0.1718484254377403,-0.712071666573206,0.6221930697984324,0.6917760345730819,-0.03530176946520582,1.0,10,0
1682,-1.0260961069131724,-1.8699795399818306,-0.09726276778784416,-0.7371777130867467,1.4630352294431246,-0.3249733732048675,1.0,0,0
4040,-0.16620060299693115,-0.6177605526381669,0.5175461309975176,0.2985333595876755,0.7216037382420891,0.01460786496291136,1.0,0,1
1444,1.4676008544439274,0.6283500494013814,1.7471639285682412,0.7646033422911656,-0.5183765142837806,0.17412297107630567,0.0,0,0
3259,-0.9401065565215483,-0.3062329021282798,-0.09726276778784416,-0.89253437398791,1.5780849435950093,-0.5246119109173369,0.0,0,1
1672,-1.6280229596545415,-0.3550999845612033,-0.09726276778784416,-0.7371777130867467,-0.7442148420634064,-0.24668375057252684,1.0,0,1
2969,2.0695277071852964,0.26184693115445545,-0.712071666573206,-1.021998258072213,1.2798079069049377,-0.21732514208539924,1.0,0,1
1180,0.4357262497444378,-0.7949037264575144,-0.09726276778784416,0.7775497306995959,0.12931076538608946,-1.351546049971439,1.0,10,1
2799,0.607705350527686,1.6056916980598508,0.5175461309975176,-1.2550332494239578,1.0028363728355854,0.5596993625405855,1.0,0,0
1693,-1.4560438588712932,-1.8699795399818306,-0.712071666573206,-0.4394107796928503,-0.5354209163803562,0.7701027233650017,0.0,10,0
3893,-1.8859916108294137,-1.8699795399818306,-1.3268805653585676,-1.306818803057679,-0.16044407025569454,-1.1861592221606188,0.0,0,1
373,0.8656740017025585,0.35347271071618697,-0.09726276778784416,-0.6983385478614559,0.5724652198970532,-0.11163415153173839,0.0,0,1
3629,1.295621753660679,0.4573152608861493,-0.712071666573206,-0.7112849362698862,-1.302419010726255,0.03515889090390095,0.0,0,0
1917,-0.5961483549550518,-0.5322431583805508,-0.712071666573206,0.36326530162982695,-0.3905434985594642,0.09289748759525206,0.0,0,0
1358,-0.5101588045634277,0.4023397931491104,0.5175461309975176,0.7128177886574444,1.9317562870989515,-0.76633112079469,0.0,5,1
1826,0.6936949009193102,-0.013030407530739023,-0.712071666573206,0.2855869711792452,-0.5993374242425143,1.420885211496336,1.0,25,0
787,0.09176804817794125,0.5183991139273036,-0.712071666573206,-1.306818803057679,-0.23714387969028441,0.2250112257873276,1.0,20,0
470,-1.0260961069131724,0.3229307841956098,1.1323550297828793,0.9329063916007589,-1.3237245133469744,0.12812781777980545,1.0,20,1
141,0.4357262497444378,0.03583667490218444,-0.09726276778784416,-0.4005716144675594,1.122147187511614,0.6233096809293623,0.0,0,1
789,-1.1120856573047966,-1.2347074683538255,-1.3268805653585676,-1.306818803057679,-0.9913586724637515,-1.9651409673524112,1.0,0,0
324,0.7796844513109343,-0.3978586816900113,-0.712071666573206,0.7646033422911656,-0.612120725814946,-0.7222932080639982,1.0,5,1
51,0.2637471489611895,0.5000739580149574,-0.09726276778784416,-0.9702127044384918,-0.10504976344182407,1.3768472987656446,0.0,10,1
715,-0.25219015338855527,-1.5218015776472509,-1.3268805653585676,0.4279972436719784,-1.3237245133469744,-2.0512595522479864,1.0,0,0
4499,0.2637471489611895,1.0986957178182697,2.9767817261389644,1.8909391338245998,3.052425724948793,2.082432522739617,1.0,25,1
2841,-0.16620060299693115,-0.08633103118012422,0.5175461309975176,-0.7112849362698862,0.252882680586262,-0.8397276420125096,0.0,0,0
2447,-0.42416925417180357,-0.03135556344308532,-1.3268805653585676,-0.3099468956085476,-0.8294368525462841,-0.9189958849277551,0.0,10,0
4824,-0.5961483549550518,-0.2329322784788946,0.5175461309975176,0.3762116900382572,0.9133532618285638,0.021458206943241222,1.0,5,0
4430,-1.5420334092629173,-1.8699795399818306,-0.712071666573206,-0.37467883765069904,0.20601057482067933,-1.254662641963917,1.0,25,1
4607,-1.1120856573047966,0.4512068755820339,-0.712071666573206,0.1431766986865122,-1.161802693429507,-0.3034437269809739,0.0,0,1
3699,-1.1120856573047966,0.5306158845355345,0.5175461309975176,1.1400486061356436,-1.3237245133469744,-1.056981344817256,0.0,25,0
2667,-0.42416925417180357,-0.34899159925708784,-0.09726276778784416,0.5056755741225601,-1.153280492381219,-0.7359938920246579,1.0,0,0
407,-0.08021105260530702,-1.50958480703902,-0.712071666573206,0.013712814602209302,0.04834985542735569,-2.512189705495894,1.0,0,0
4385,0.7796844513109343,1.1964298826841167,-0.712071666573206,-1.306818803057679,-1.3237245133469744,0.9668054002287583,1.0,15,1
1005,0.005778497786317116,-1.8699795399818306,-0.712071666573206,-0.4394107796928503,1.1434526901323334,-1.5139970169335464,1.0,0,1
3528,-1.370054308479669,1.569041386235158,1.1323550297828793,-0.25816134197482643,0.6747316324765064,1.6126947869455714,0.0,0,0
891,-0.8541170061299242,0.31682239889149433,-1.3268805653585676,-0.3099468956085476,-0.6462095300080971,0.46379457481596736,0.0,0,0
2412,1.6395799552271757,-0.037463948747200757,1.7471639285682412,0.013712814602209302,-0.10504976344182407,-0.6665118519384553,1.0,0,1
2546,-0.5101588045634277,1.1903214973800011,0.5175461309975176,1.5802258120222732,-0.39480459908360804,1.3024721572649203,1.0,30,0
3622,-0.682137905346676,0.8421435350454216,-0.09726276778784416,-0.19342939993267516,-0.22009947759370888,1.3191087020742929,0.0,0,1
2391,-1.8859916108294137,-1.8699795399818306,-0.712071666573206,-0.6206602174108743,0.7769980450559595,-0.4061988566859218,1.0,0,0
3959,-0.682137905346676,-0.5200263877723199,-0.712071666573206,-0.4135180028759897,-0.8209146514979963,1.0450950228610996,1.0,25,0
43,-0.682137905346676,-0.013030407530739023,-0.09726276778784416,-0.7760168783120376,0.014261051234204632,0.6076517564028938,0.0,0,0
2831,-0.9401065565215483,1.4102233683281569,-0.09726276778784416,0.22085502913709376,0.47872100836588777,1.2789852704752185,0.0,15,0
4146,-1.8859916108294137,-0.41007545229824216,-0.712071666573206,-1.306818803057679,-0.4800266095664857,0.07528232250297537,0.0,5,0
304,-0.3381797037801794,0.9093357733906914,-0.712071666573206,0.24674780595395435,0.5383764157039022,0.26415603710349794,0.0,0,0
4524,0.09176804817794125,0.6161332787931506,-0.09726276778784416,0.6739786234321535,1.2158913990427793,1.1331708483224832,0.0,20,0
3766,1.209632203269055,0.8360351497413061,-0.09726276778784416,-1.306818803057679,1.5525183404501461,0.6047158955541816,0.0,0,0
665,-0.08021105260530702,0.8604686909577679,1.7471639285682412,0.24674780595395435,0.44037110364859283,0.8581785488263852,0.0,0,1
1178,0.17775759856956538,0.1030289132474542,0.5175461309975176,-1.1385157537480854,0.7812591455801035,-1.4543011796763865,1.0,0,1
2677,1.6395799552271757,0.6100248934890351,-0.712071666573206,0.06549836823593046,0.7130815371938013,-0.26919201707932455,1.0,0,1
1948,-0.9401065565215483,0.212979848721532,-0.712071666573206,-0.7242313246783165,0.2784492837311253,0.21816088380699775,1.0,0,1
2502,0.2637471489611895,-1.8699795399818306,-0.712071666573206,-0.9184271508047707,-1.0254474766569026,-0.05193831427457845,0.0,0,0
1474,-1.8859916108294137,-1.8699795399818306,-1.3268805653585676,-1.306818803057679,-0.2754937844075794,-0.6185594580761465,1.0,25,1
3500,0.607705350527686,1.0253950941688845,-0.712071666573206,-1.306818803057679,-0.3436713927938815,1.0196508955055883,1.0,20,1
3537,0.9516635520941825,0.7566261407878055,4.206399523709688,1.7485288613318666,1.198846996946204,-0.4404505665875705,0.0,20,1
2133,-0.42416925417180357,-0.4039670669941267,-0.09726276778784416,-0.07691190425680254,-0.7612592441599819,-0.42087816092948566,0.0,20,1
1027,-1.8859916108294137,-0.8743127354110151,0.5175461309975176,-0.19342939993267516,-0.6930816357736798,-1.0755751301924368,0.0,20,0
962,0.17775759856956538,-1.210273927137364,-1.3268805653585676,-1.2291404726070974,0.044088754903211805,0.541105577165404,1.0,0,1
2890,-0.3381797037801794,0.3840146372367641,-0.09726276778784416,-0.24521495356639614,0.5511597172763338,-0.39934851470559196,0.0,0,1
3972,0.2637471489611895,-1.1064313769674015,-0.09726276778784416,-0.9961054812553524,1.595129345691585,-1.6921059084221222,0.0,15,1
2010,0.6936949009193102,0.17022115159272397,-0.09726276778784416,-1.306818803057679,-0.13061636658668735,-0.0910831255907488,1.0,0,0
2150,0.17775759856956538,0.46953203149438016,-0.09726276778784416,-1.2032476957902367,-1.3237245133469744,-1.0775323707582454,1.0,10,1
3339,-1.1120856573047966,-1.8699795399818306,-0.712071666573206,-0.5559282753687228,-0.48854881061477345,-1.091233054718905,1.0,0,1
2339,1.1236426528774308,0.09692052794333877,-0.09726276778784416,-0.4653035565097109,-0.8550034556911473,0.6927917210155651,0.0,0,0
3907,-1.6280229596545415,0.09081214263922334,-0.712071666573206,0.8940672263754684,1.228674700615211,-1.747887264547665,0.0,0,1
305,-0.08021105260530702,1.3308143593746562,-0.09726276778784416,1.1918341597693647,0.48724320941417554,1.1703584190728447,0.0,0,1
1441,-0.682137905346676,0.20076307811330113,-0.712071666573206,-0.8666415971710495,-1.3237245133469744,1.5520203294055075,0.0,0,0
1497,0.34973669935281365,0.1213540691598005,2.3619728273536027,-0.24521495356639614,2.6689266777758434,0.7387868743120654,0.0,20,0
2653,1.295621753660679,0.6100248934890351,1.1323550297828793,2.136920513584775,1.0411862775528802,0.5009821455663296,0.0,5,0
2876,-1.8859916108294137,-0.30012451682416436,-1.3268805653585676,-1.306818803057679,0.11226636328951392,0.35712496397940313,1.0,0,0
917,1.4676008544439274,0.7688429113960363,0.5175461309975176,0.3762116900382572,0.7855202461042473,1.2691990676461755,1.0,10,0
4894,-0.8541170061299242,-0.36731675516943413,-0.712071666573206,0.10433753346122134,0.5255931141314705,0.3003649875709561,1.0,25,0
3740,-0.5101588045634277,0.2374133899379937,1.1323550297828793,0.6351394582068627,-0.33941029226973757,0.4569442328356375,1.0,20,1
2773,-0.25219015338855527,-0.3612083698653187,2.9767817261389644,1.619064977247564,1.007097473359729,-0.787860767018584,0.0,20,1
1625,0.17775759856956538,-0.5750018555093589,-0.712071666573206,-0.8278024319457586,-0.27123268388343547,0.2484981125770301,0.0,20,1
3856,-1.8859916108294137,-1.8699795399818306,-0.712071666573206,1.0105847220513406,-0.9444865666981689,-1.9396968399969006,0.0,0,1
822,1.4676008544439274,-0.5017012318599736,1.7471639285682412,-0.4394107796928503,0.9857919707390098,0.43639320689464794,0.0,30,1
3808,0.17775759856956538,-0.1718484254377403,-0.09726276778784416,-1.306818803057679,-0.7271704399668308,-0.3680326656526556,0.0,0,0
1355,1.983538156793672,2.3936734022907413,2.3619728273536027,1.955671075866751,-0.1263552660625435,1.1821018624676962,1.0,0,1
4508,-1.0260961069131724,-0.691061176287552,0.5175461309975176,0.8034425075164564,0.7556925424352401,-0.7526304368340303,0.0,0,0
851,-0.3381797037801794,0.7383009848754593,0.5175461309975176,-0.141643846298954,0.009999950710060749,0.17999469277373145,1.0,15,0
1001,-0.08021105260530702,0.15189599568037768,-0.712071666573206,-1.2679796378323882,-1.2768524075813916,-0.10478380955140852,0.0,0,0
3393,-0.8541170061299242,-0.6483024791587441,-0.09726276778784416,-0.4005716144675594,-0.13913856763497512,-0.6107304958129123,1.0,0,1
19,0.9516635520941825,-0.6360857085505132,0.5175461309975176,0.609246681390002,-0.7484759425875502,-1.2341116160229275,0.0,0,1
1638,1.0376531024858067,0.6833255171384203,-0.09726276778784416,-0.012179962214651098,-1.3237245133469744,0.6282027823438834,0.0,25,1
1668,0.005778497786317116,0.7321925995713437,-0.712071666573206,-0.750124101495177,-0.7442148420634064,0.1731443507934016,0.0,0,1
494,0.4357262497444378,-0.30012451682416436,0.5175461309975176,-0.4394107796928503,-1.0339696777051903,0.18684503475406133,0.0,0,0
1348,-0.7681274557383001,-0.6116521673340515,0.5175461309975176,-0.20637578834110526,-0.42037120222847135,-1.6089231843752598,1.0,0,1
3746,-0.3381797037801794,-1.8699795399818306,-0.712071666573206,-1.306818803057679,0.5895096219936288,-0.6723835736358811,1.0,15,1
3271,1.1236426528774308,0.9826363970400765,-0.712071666573206,-1.0867302001143642,-0.35219359384216925,0.0860471456149222,0.0,10,0
3633,-0.682137905346676,-1.0392391386221318,1.7471639285682412,-1.306818803057679,-0.07096095924867302,-0.4052202364030171,0.0,20,0
3498,1.1236426528774308,2.3814566316825108,-0.09726276778784416,-1.306818803057679,1.4332075257741175,1.1008763789866427,0.0,0,1
688,1.5535904048355516,2.0149535134355845,2.3619728273536027,0.0007664261937791922,3.022598021279786,1.4815596690364008,0.0,0,0
3750,1.3816113040523033,-1.338550018523788,-1.3268805653585676,-0.3876252260591293,-1.3237245133469744,-0.6146449769445292,0.0,30,0
1609,-0.25219015338855527,0.4328817196696876,-0.09726276778784416,1.5931722004307034,-1.3237245133469744,1.424799692627953,1.0,10,0
4101,0.607705350527686,1.6179084686680816,-0.712071666573206,0.5704075161647112,-1.0297085771810466,0.40409873755880743,0.0,0,1
4114,0.607705350527686,0.011403133685722707,-0.09726276778784416,1.3212980438536677,-0.20305507549713336,0.48238836019114884,1.0,0,1
1010,0.4357262497444378,0.5794829669684579,-0.712071666573206,0.38915807844668754,-1.3237245133469744,0.7935896101547042,0.0,0,0
2409,-1.8859916108294137,-1.8699795399818306,-1.3268805653585676,-0.5947674405940137,-1.3237245133469744,-1.9700340687669327,1.0,0,1
1093,0.8656740017025585,0.10913729855156963,-0.09726276778784416,-0.6206602174108743,-0.06243875820038525,1.692941650143721,1.0,0,1
1328,-1.6280229596545415,-1.2224906977455947,-0.712071666573206,-1.306818803057679,-1.3237245133469744,-1.4670232433541417,1.0,0,1
1678,0.34973669935281365,-0.20849873726243287,1.7471639285682412,-0.4653035565097109,-0.0496554566279536,-0.8387490217296055,0.0,20,1
2000,2.3274963583601687,1.5751497715392735,1.7471639285682412,1.360137209078958,0.04834985542735569,1.5490844685567946,1.0,10,0
1311,-1.1980752076964207,-0.09243941648423964,-0.712071666573206,-0.659499382636165,-0.13061636658668735,-0.3807547293304105,0.0,25,0
3274,-0.42416925417180357,0.3351475548038407,-0.712071666573206,-1.306818803057679,-0.5993374242425143,0.22794708663604052,0.0,0,1
1988,-0.7681274557383001,0.28017208706680174,-1.3268805653585676,-1.306818803057679,1.1008416848908946,1.1458929120002381,1.0,0,0
3667,0.005778497786317116,-0.2329322784788946,-0.09726276778784416,0.7516569538827352,0.5213320136073266,-0.8201552363544244,0.0,0,1
345,1.6395799552271757,0.7260842142672284,0.5175461309975176,0.1561230870949425,1.7101790598434696,-0.9219317457764676,0.0,25,1
4196,-0.8541170061299242,-0.7154947175040138,-1.3268805653585676,-0.7630704899036073,0.6704705319523625,-0.7516518165511262,0.0,0,1
987,-1.4560438588712932,-0.886529506019246,-0.712071666573206,-0.05101912743994197,1.7996621708504912,-1.1881164627264273,0.0,0,1
3870,0.607705350527686,-0.18406519604597116,-0.712071666573206,-0.038072739031511676,-0.2541882817868599,0.8327344214708746,1.0,20,1
3826,-0.25219015338855527,-1.1797320006167866,-0.712071666573206,-1.306818803057679,-1.3237245133469744,-0.041173491162631616,0.0,25,1
4323,-1.5420334092629173,-1.8699795399818306,-0.712071666573206,0.5963002929815718,-0.05817765767624136,-0.8583214273876908,1.0,0,0
4021,0.17775759856956538,0.4512068755820339,-0.712071666573206,0.9070136147838987,-0.4118490011801836,-1.205731627818704,1.0,25,0
3107,0.7796844513109343,1.0253950941688845,-0.712071666573206,0.05255197982750017,-1.3237245133469744,-0.05095969399167438,0.0,0,0
3872,-1.0260961069131724,0.8116016085248444,0.5175461309975176,-0.4394107796928503,1.6547847530295994,2.2781565793204694,1.0,30,0
1143,-1.8859916108294137,0.8421435350454216,-0.09726276778784416,0.0007664261937791922,-0.015566652434802543,0.8356702823195875,1.0,0,1
2359,1.295621753660679,-0.5994353967258206,-0.09726276778784416,0.1431766986865122,-0.5524653184769317,1.579421697326827,0.0,0,1
1199,1.5535904048355516,0.07248698672687703,0.5175461309975176,-0.8666415971710495,0.21027167534482322,-0.4923174415814965,0.0,0,0
86,0.5217158001360619,1.440765294848734,-1.3268805653585676,0.5056755741225601,-1.3237245133469744,1.5255975817670921,1.0,15,1
1519,-0.3381797037801794,0.19465469280918568,1.1323550297828793,-0.34878606083383845,1.3820743194843907,0.6702834545087667,0.0,0,1
517,0.6936949009193102,0.396231407844995,-0.712071666573206,0.738710565474305,-1.3237245133469744,-0.6899987387281578,0.0,0,0
1382,-1.8859916108294137,-1.7722453751159837,-0.712071666573206,-0.840748820354189,-0.11357196449011184,-0.21830376236830332,0.0,0,0
2717,0.09176804817794125,1.226971809204694,0.5175461309975176,0.9070136147838987,-0.7143871383943993,-0.08031830247880196,1.0,25,0
4917,-1.8000020604377898,-1.8699795399818306,-1.3268805653585676,-0.9702127044384918,-1.3237245133469744,-1.4327715334524929,0.0,0,0
1015,-1.1120856573047966,-1.3629835597402498,-0.712071666573206,-0.7760168783120376,-1.3237245133469744,-1.294786073562992,1.0,0,0
129,-0.682137905346676,-0.11076457239658595,-0.712071666573206,0.24674780595395435,-1.3237245133469744,-0.3572678425407087,0.0,30,1
1365,-0.42416925417180357,-0.7093863321998983,0.5175461309975176,1.0364774988682013,-1.1490193918570752,-0.07836106191299383,1.0,20,1
3642,1.7255695056187998,2.430323714115434,2.9767817261389644,1.0494238872766315,0.4148045005037296,2.520854409480727,1.0,15,0
3140,2.0695277071852964,2.3936734022907413,2.9767817261389644,0.738710565474305,1.4800796315397,0.031244409772283984,1.0,0,1
892,-0.5961483549550518,1.2514053504211555,-1.3268805653585676,-1.306818803057679,-1.3237245133469744,1.5989941029849117,1.0,0,1
2794,-0.5101588045634277,-0.6421940938546286,-1.3268805653585676,-0.659499382636165,-1.1490193918570752,-0.9884779250139575,1.0,25,1
4218,0.5217158001360619,1.4224401389363877,-0.712071666573206,0.4150508552635481,-1.1447582913329313,1.9219387963433188,0.0,0,0
1360,-0.25219015338855527,-0.9109630472357076,-0.09726276778784416,0.7128177886574444,-1.3237245133469744,-0.34846025999457003,0.0,5,1
308,1.3816113040523033,0.3840146372367641,2.3619728273536027,-0.06396551584837226,1.445990827346549,0.8699219922212368,0.0,0,0
1662,-1.1120856573047966,1.6728839364051205,1.1323550297828793,0.2985333595876755,-1.2725913070572479,1.8935588081390946,0.0,0,0
2432,1.0376531024858067,1.7400761747503901,3.5915906249243266,0.4150508552635481,1.9488006891955272,1.4013128058382511,1.0,10,1
4550,-0.8541170061299242,-0.8682043501068997,-0.09726276778784416,-1.073783811705934,-0.4800266095664857,-2.2949360026911476,1.0,5,1
1318,0.4357262497444378,-0.2879077462159335,-0.09726276778784416,-0.9702127044384918,0.5341153151797583,-0.9278034674738934,0.0,0,0
4314,0.2637471489611895,-0.10465618709247052,2.3619728273536027,1.955671075866751,-1.0765806829466291,-0.9992427481259046,1.0,0,1
2475,-0.9401065565215483,0.6405668200096123,-0.712071666573206,0.6610322350237232,1.3352022137188082,0.6937703412984692,1.0,10,1
2543,-0.3381797037801794,-0.5505683142928971,-0.712071666573206,0.6221930697984324,0.07391645857221898,0.10366231070719889,1.0,20,0
1247,-0.42416925417180357,-1.0086972121015545,0.5175461309975176,0.7257641770658747,-0.5908152231942266,-0.20558169869054765,0.0,20,1
1209,2.3274963583601687,2.0821457517808546,2.3619728273536027,-0.5300354985518623,0.37645459578643464,0.46379457481596736,1.0,10,1
217,0.5217158001360619,-0.4711593053393965,1.1323550297828793,-0.6853921594530257,-1.1447582913329313,0.25534845455735994,1.0,0,0
4303,-0.7681274557383001,-0.043572334051316185,1.7471639285682412,0.4279972436719784,-0.46298220746991015,-0.3807547293304105,1.0,0,0
3078,-1.8000020604377898,0.3840146372367641,-0.712071666573206,0.6869250118405839,-1.1064083866156365,0.5792717681986703,1.0,0,1
1240,1.6395799552271757,0.31071401358737893,2.3619728273536027,0.9329063916007589,0.218793876393111,0.25534845455735994,0.0,5,1
2290,-1.6280229596545415,0.1396792250721468,1.1323550297828793,0.11728392186965161,-0.3223658901731621,-0.5510346585557524,0.0,20,1
2741,-0.8541170061299242,-0.9903720561892083,0.5175461309975176,-1.2032476957902367,-0.16470517077983843,-0.6019229132667739,1.0,0,1
276,0.4357262497444378,-1.4912596511266738,-1.3268805653585676,-0.5947674405940137,0.07817755909636287,-0.244726510006718,0.0,0,1
490,0.6936949009193102,-0.33066644334474155,0.5175461309975176,-1.1903013073818065,1.262763504808362,0.7358510134633524,1.0,0,1
1036,0.005778497786317116,-0.5933270114217052,-0.09726276778784416,2.732454380372568,0.9005699602561321,-0.6537897882607,1.0,0,1
1230,0.607705350527686,0.17022115159272397,-0.09726276778784416,-0.9054807623963403,-0.07522205977281689,0.3815904710520097,1.0,0,1
4596,0.8656740017025585,0.34125594010795607,-0.712071666573206,-1.306818803057679,-0.3436713927938815,-0.4306643637585284,0.0,15,1
1009,0.7796844513109343,0.20076307811330113,1.1323550297828793,-0.4911963333265715,2.170377916451009,0.18586641447115726,0.0,30,1
4076,-0.8541170061299242,-0.8376624235863225,-1.3268805653585676,0.5445147393478507,-0.3862823980353203,-1.3124012386552686,0.0,25,1
3138,1.1236426528774308,1.159779570859424,2.9767817261389644,-0.5947674405940137,1.5695627425467216,0.9423398931561517,1.0,0,1
3198,-0.16620060299693115,-1.283574550786749,-0.712071666573206,0.35031891322139663,1.0454473780770241,-3.224625271450197,1.0,0,0
2533,0.2637471489611895,-1.2591410095702873,-0.09726276778784416,-0.025126350623081387,-0.20305507549713336,-1.4112418872285988,1.0,0,0
4406,1.295621753660679,-1.0270223680139008,1.7471639285682412,-0.038072739031511676,0.3466268921174274,-0.7164214863665728,1.0,0,1
1059,0.09176804817794125,-0.18406519604597116,0.5175461309975176,0.19496225232023337,-0.6973427362978237,1.069560529933706,0.0,25,0
2167,2.9294232111015375,2.045495439956162,1.1323550297828793,1.3342444322620977,-1.1362360902846436,-0.3582464628236128,1.0,0,1
3389,-1.6280229596545415,-0.4161838376023576,-1.3268805653585676,-0.9702127044384918,-0.3692379959387448,-0.39739127413978315,0.0,0,0
282,-1.8000020604377898,-0.562785084901128,-1.3268805653585676,-0.5947674405940137,-1.051014079801766,-1.53552666315744,0.0,0,0
4827,-0.42416925417180357,-1.4607177246060967,-1.3268805653585676,-0.5041427217350017,2.8862428045071815,0.05375267627908171,0.0,0,1
1317,-0.16620060299693115,-0.15352326952539397,-1.3268805653585676,-1.306818803057679,-0.3820212975111764,-0.1664368873743773,1.0,0,1
4989,-0.5101588045634277,0.396231407844995,-0.09726276778784416,-0.32289328401697787,-1.195891497622658,0.20641744041214685,1.0,0,1
969,0.9516635520941825,0.5672661963602271,-0.712071666573206,-0.5947674405940137,0.24436047953797427,1.1537218742634727,1.0,25,1
4498,-1.8859916108294137,0.7444093701795746,-1.3268805653585676,-0.5559282753687228,-0.11357196449011184,-1.288914351865566,0.0,0,0
3939,0.09176804817794125,1.2636221210293865,-0.09726276778784416,1.114155829318783,-1.3237245133469744,0.9932281478671736,0.0,20,1
3182,-1.5420334092629173,-1.8699795399818306,-1.3268805653585676,2.007456629500472,-1.3237245133469744,-1.3241446820501195,1.0,0,0
3536,-1.370054308479669,-1.2224906977455947,-0.09726276778784416,1.3083516554452375,-1.2512858044365285,0.14867884372079504,1.0,0,1
620,1.4676008544439274,1.1475628002511933,1.1323550297828793,1.5154938699801217,-0.5950763237183705,2.0589456359499154,0.0,0,1
3250,0.17775759856956538,0.24352177524210916,-0.09726276778784416,2.3699555049365197,-1.191630397098514,-0.8005828306963393,1.0,25,1
1743,0.5217158001360619,-0.4711593053393965,0.5175461309975176,1.0882630525019223,-0.7186482389185431,0.18586641447115726,0.0,20,1
1391,-0.682137905346676,-0.422292222906473,1.1323550297828793,2.8230790992315797,-0.7143871383943993,-0.00887902182679113,0.0,5,0
4069,-0.08021105260530702,-1.5828854306884053,-1.3268805653585676,-0.5688746637771531,-1.3237245133469744,-0.00887902182679113,0.0,15,0
1848,-1.1120856573047966,-1.8699795399818306,-0.712071666573206,-1.034944646480643,-1.1660637939536507,-1.3427384674253005,0.0,0,0
1580,0.34973669935281365,0.6039165081849197,0.5175461309975176,2.2275452324437874,0.03130545333078016,0.22696846635313644,0.0,0,1
1656,-1.6280229596545415,0.4328817196696876,-0.712071666573206,1.774421638148727,0.11226636328951392,0.6419034663045431,1.0,10,0
2353,0.005778497786317116,-1.8699795399818306,-0.09726276778784416,0.2855869711792452,0.12078856433780169,-1.2497695405493956,0.0,0,0
2213,1.3816113040523033,0.8360351497413061,0.5175461309975176,-0.9443199276216312,-0.6930816357736798,0.5616566031063936,0.0,10,0
2021,0.005778497786317116,0.1030289132474542,-1.3268805653585676,-0.1286974578905237,-0.42037120222847135,-1.144078549995735,0.0,15,1
4983,-1.8000020604377898,-1.7966789163324455,-1.3268805653585676,-1.306818803057679,-1.3237245133469744,-1.3583963919517688,1.0,0,0
1957,0.9516635520941825,0.14578761037626223,-1.3268805653585676,-0.8148560435373283,-0.4161101017043275,0.3091725701170941,0.0,10,0
1308,1.295621753660679,0.31071401358737893,3.5915906249243266,0.20790864072866364,1.6760902556503188,0.029287169206475155,0.0,10,1
2004,0.2637471489611895,-0.07411426057189335,-1.3268805653585676,-0.6983385478614559,0.542637516228046,-0.7702456019263073,1.0,0,1
4662,-0.3381797037801794,-0.06189748996366248,-0.09726276778784416,0.7646033422911656,-0.3649768954146009,0.21424640267538078,0.0,0,0
576,-1.4560438588712932,-0.8132288823698607,-0.09726276778784416,-0.1286974578905237,-1.3237245133469744,-2.225453962604945,1.0,0,1
2361,1.6395799552271757,0.28017208706680174,-0.09726276778784416,-0.7630704899036073,-0.9146588630291617,0.8591571691092893,1.0,10,0
4212,0.34973669935281365,-0.44672576412293474,0.5175461309975176,0.3762116900382572,0.35088799264157133,0.7436799757265863,0.0,20,0
4447,0.4357262497444378,-0.5872186261175897,-0.09726276778784416,-0.18048301152424487,0.4488933046968806,0.5949296927251388,0.0,0,1
1707,-0.42416925417180357,-0.6788444056793212,-0.09726276778784416,0.7257641770658747,1.6931346577468942,-0.8759365924799675,1.0,0,1
3761,-0.42416925417180357,1.0742621766018081,-0.09726276778784416,-0.9443199276216312,-1.3237245133469744,-0.14784310199919654,1.0,0,1
4458,-0.25219015338855527,0.40844817845322584,1.1323550297828793,-1.306818803057679,1.9488006891955272,-0.2652775359477076,0.0,0,1
1281,1.209632203269055,1.1048041031223852,2.3619728273536027,3.366827412385651,1.9743672923403903,1.2202680535009625,1.0,25,1
862,-1.4560438588712932,0.3656894813244178,0.5175461309975176,-1.216194084198667,-0.44167670484919075,-0.9415041514345532,1.0,0,1
4155,-0.682137905346676,0.07859537203099247,-1.3268805653585676,-0.10280468107366313,0.08669976014465063,0.527404893204745,0.0,0,0
1802,0.4357262497444378,1.1658879561635396,-1.3268805653585676,-1.306818803057679,-0.5141154137596368,2.020779444916649,0.0,25,1
1629,0.4357262497444378,-0.2879077462159335,-0.712071666573206,-0.3876252260591293,-0.0496554566279536,-0.8328773000321797,0.0,0,0
1994,1.0376531024858067,0.5306158845355345,-0.09726276778784416,-1.306818803057679,-0.5268987153320684,-0.17915895105213295,0.0,25,1
2640,-0.5961483549550518,-0.09243941648423964,-0.712071666573206,-0.45235716810128057,0.05261095595149957,0.14476436258917807,1.0,0,0
270,0.005778497786317116,-0.7032779468957829,-0.09726276778784416,0.7904961191080262,-0.08800536134524854,0.03515889090390095,1.0,0,1
630,-1.8859916108294137,0.805493223220729,-0.712071666573206,-0.025126350623081387,-0.3095825886007304,0.14965746400369911,0.0,5,1
3082,-1.1120856573047966,-1.4729344952143275,-0.712071666573206,-0.6465529942277348,-0.5482042179527878,-0.3171444109416336,0.0,0,0
2335,-0.5101588045634277,-0.4161838376023576,2.3619728273536027,0.1431766986865122,0.05687205647564345,-1.2595557433784383,0.0,0,0
2967,1.4676008544439274,0.5489410404478808,1.1323550297828793,1.0753166640934921,0.9559642670700026,0.31406567153161513,1.0,0,0
301,1.811559056010424,0.18243792220095484,-0.712071666573206,2.0592421831341934,1.4758185310155563,0.307215329551286,1.0,10,1
460,0.005778497786317116,0.8116016085248444,0.5175461309975176,0.8163888959248867,1.9445395886713832,-0.19775273642731372,1.0,25,1
1448,1.5535904048355516,0.75051775548369,0.5175461309975176,-0.141643846298954,1.0624917801735996,-0.0852114038933237,0.0,0,1
1473,0.005778497786317116,0.1396792250721468,-0.09726276778784416,-0.038072739031511676,0.4275878020761612,-0.1723086090718031,0.0,10,1
2047,0.6936949009193102,0.8543603056536524,0.5175461309975176,1.1918341597693647,1.2798079069049377,0.31602291209742395,0.0,0,0
4238,0.2637471489611895,0.7688429113960363,1.7471639285682412,1.6837969192897153,0.5639430188487654,0.2533912139915511,0.0,0,0
3783,-0.9401065565215483,-0.33677482864885694,-0.712071666573206,1.489601093163261,-0.5567264190010756,-0.2858285618886972,1.0,0,0
2114,0.17775759856956538,0.24352177524210916,-0.09726276778784416,0.33737252481296637,-0.7825647467807013,-1.0060930901062342,1.0,0,0
28,0.34973669935281365,-0.0008136369225081579,-0.09726276778784416,-1.306818803057679,-1.1447582913329313,1.415992110081815,1.0,10,1
3858,0.005778497786317116,0.848251920349537,1.7471639285682412,0.35031891322139663,0.4275878020761612,1.7242574991966575,1.0,0,0
4533,1.897548606402048,-0.013030407530739023,-0.09726276778784416,-1.1126229769312248,1.6973957582710382,-0.6048587741154868,0.0,20,0
838,1.4676008544439274,0.005294748381607275,0.5175461309975176,0.44094363208040865,1.2542413037600744,-0.4923174415814965,0.0,20,1
3845,0.09176804817794125,1.214755038596463,1.1323550297828793,-0.11575106948209342,2.864937301886462,2.291857263281129,0.0,20,0
2009,1.209632203269055,0.28017208706680174,0.5175461309975176,-0.9184271508047707,-0.4715044085181979,-0.31225130952711255,1.0,0,0
4918,-0.08021105260530702,0.18243792220095484,1.1323550297828793,1.1659413829525043,1.2712857058566498,-0.05095969399167438,0.0,10,1
504,-1.5420334092629173,-1.4607177246060967,-0.09726276778784416,-1.306818803057679,-0.07522205977281689,-0.9287820877567975,1.0,0,0
3222,0.09176804817794125,-0.5383515436846662,-0.09726276778784416,0.2855869711792452,-0.612120725814946,0.596886933290947,1.0,20,0
4315,0.005778497786317116,0.6588919759219586,-0.09726276778784416,-0.3876252260591293,0.29123258530355695,0.8581785488263852,1.0,0,0
381,0.09176804817794125,1.1536711855553086,-0.712071666573206,-1.2809260262408184,-0.9231810640774495,-0.15567206426243047,1.0,0,1
1852,0.2637471489611895,1.8439187249203526,1.1323550297828793,0.6869250118405839,1.1306693885599017,1.0940260370063128,1.0,20,1
1526,1.1236426528774308,1.5507162303228117,0.5175461309975176,-0.89253437398791,-0.19879397497298948,0.8855799167477046,1.0,0,0
2366,1.5535904048355516,0.8299267644371907,1.1323550297828793,-0.9184271508047707,0.6704705319523625,0.34538152058455157,0.0,30,1
3244,0.2637471489611895,1.4651988360651957,-1.3268805653585676,-1.306818803057679,-1.3237245133469744,2.366232404781854,1.0,10,1
3053,-0.9401065565215483,-0.2879077462159335,-0.09726276778784416,-0.4394107796928503,0.5511597172763338,-0.22221824349992028,1.0,15,1
2885,0.005778497786317116,-1.0697810651427089,-1.3268805653585676,-0.5170891101434321,-1.3237245133469744,0.49021732245438276,1.0,10,1
2341,1.5535904048355516,-0.36731675516943413,-0.09726276778784416,-0.5041427217350017,0.8877866586837004,0.38844081303233957,1.0,0,0
375,0.607705350527686,0.35347271071618697,0.5175461309975176,-0.038072739031511676,-0.22436057811785276,-0.026494186919067825,0.0,25,1
3276,-1.1980752076964207,-0.8926378913233614,-0.09726276778784416,-0.89253437398791,-0.9189199635533055,-0.16839412794018613,0.0,0,1
2382,0.7796844513109343,-0.3550999845612033,-1.3268805653585676,-0.18048301152424487,0.5383764157039022,-1.5443342457035785,0.0,30,1
4320,3.1014023118847858,-0.6727360203752057,2.3619728273536027,0.9070136147838987,0.6491650293316431,-0.9610765570926384,0.0,25,0
940,0.8656740017025585,0.9765280117359612,0.5175461309975176,0.19496225232023337,-0.4075879006560397,0.7162786078052675,0.0,0,1
3869,0.34973669935281365,-0.31844967273651065,0.5175461309975176,0.32442613640453605,-1.3237245133469744,0.16237952768145478,1.0,15,1
4175,-1.1120856573047966,-0.013030407530739023,-0.09726276778784416,-1.306818803057679,-1.3237245133469744,0.9873564261697478,1.0,25,0
2800,-0.682137905346676,-1.1491900740962095,-0.712071666573206,0.9329063916007589,-1.3237245133469744,-2.7940323469723216,0.0,0,0
2148,0.9516635520941825,0.9765280117359612,-0.09726276778784416,0.4150508552635481,0.8707422565871249,0.9697412610774712,1.0,20,0
3836,0.2637471489611895,-1.3996338715649423,1.1323550297828793,-0.7889632667204678,-0.2669715833592916,-0.48155261846954966,0.0,0,0
4551,1.0376531024858067,1.0498286353853463,-0.09726276778784416,1.1271022177272134,-0.03687215505552195,0.42758562434850994,1.0,10,0
4226,0.4357262497444378,-0.5078096171640891,-0.712071666573206,-0.8278024319457586,1.740006763512477,-0.3680326656526556,0.0,15,1
2069,0.5217158001360619,0.16411276628860852,1.1323550297828793,0.47978279730569956,-0.18174957287641394,1.0773894921969402,0.0,10,0
530,1.6395799552271757,0.7627345260919209,-0.09726276778784416,0.9846919452344801,-1.3237245133469744,0.6154807186661284,1.0,0,0
4865,-0.8541170061299242,0.14578761037626223,-0.712071666573206,-0.2970005072001173,-0.42037120222847135,-0.13707827888724972,1.0,25,1
637,-0.16620060299693115,0.31071401358737893,-0.09726276778784416,0.453890020488839,1.2244136000910673,0.8846012964648006,0.0,0,1
1270,0.607705350527686,0.1030289132474542,0.5175461309975176,1.7614752497402968,-1.3237245133469744,-0.1488217222821006,0.0,20,1
186,1.5535904048355516,0.9643112411277303,0.5175461309975176,-0.3358396724254082,0.10374416224122615,0.49413180358599973,1.0,25,0
3837,0.607705350527686,0.40844817845322584,0.5175461309975176,0.18201586391180308,0.2358382784896865,0.5567635016918726,0.0,0,1
3195,-0.08021105260530702,0.9582028558236148,1.1323550297828793,0.6610322350237232,-0.032611054531378074,0.2866643036102964,0.0,5,1
3470,0.9516635520941825,0.9704196264318456,-1.3268805653585676,-0.8278024319457586,-0.37349909646288865,0.41290632010494616,1.0,20,1
1798,-0.16620060299693115,0.25573854585034,-0.09726276778784416,-0.4005716144675594,-1.3237245133469744,-0.4668733142259858,1.0,5,0
2980,2.413485908751793,1.6301252392763124,-0.09726276778784416,-0.3617324492422687,-0.11357196449011184,1.7634023105128278,0.0,25,1
1442,0.34973669935281365,0.31071401358737893,0.5175461309975176,-0.7242313246783165,0.8068257487249667,0.04494509373294302,1.0,10,1
3443,0.09176804817794125,1.3674646711993488,-0.09726276778784416,-1.2809260262408184,-0.1945328744488456,0.36299668567682825,0.0,5,1
4885,0.4357262497444378,0.6344584347054969,0.5175461309975176,1.0882630525019223,-0.7697814452082697,1.3827190204630697,0.0,0,1
1536,-1.0260961069131724,0.7688429113960363,-0.09726276778784416,0.7128177886574444,-0.143399668159119,-0.10478380955140852,1.0,20,1
3459,-0.25219015338855527,-1.1614068447044403,-0.712071666573206,-0.4135180028759897,-0.17748847235227005,-1.012943432086564,0.0,15,1
1274,0.34973669935281365,2.998403547398169,-0.09726276778784416,1.2824588786283768,0.4957654104624633,-0.2329830666118671,1.0,15,1
2468,1.3816113040523033,1.440765294848734,1.1323550297828793,1.1788877713609345,1.0667528806977435,-0.42087816092948566,0.0,0,0
608,0.4357262497444378,0.29238885767503264,-0.09726276778784416,-0.9443199276216312,1.1903247958979162,0.7192144686539798,0.0,0,0
3403,-0.7681274557383001,-0.7582534146328218,-0.09726276778784416,-0.32289328401697787,-1.3237245133469744,0.11834161495076269,0.0,20,0
1713,0.6936949009193102,0.5000739580149574,0.5175461309975176,-1.306818803057679,0.5341153151797583,-0.05878865625490831,1.0,0,1
2200,-0.8541170061299242,0.3229307841956098,-0.09726276778784416,0.05255197982750017,0.24436047953797427,-0.7311007906101366,0.0,0,1
956,1.3816113040523033,0.7871680673083827,1.1323550297828793,2.615936884696695,0.17618287115167217,1.1713370393557494,1.0,15,1
2580,1.3816113040523033,0.6527835906178432,0.5175461309975176,-0.3099468956085476,-1.3237245133469744,2.203781437819746,0.0,10,1
3916,-0.25219015338855527,-0.2879077462159335,1.1323550297828793,0.829335284333317,2.4430883499962177,0.3551677234135943,1.0,25,1
4436,0.8656740017025585,-0.30012451682416436,-0.712071666573206,0.3114797479961058,-0.543943117428644,-0.9189958849277551,0.0,0,0
4803,0.005778497786317116,0.34125594010795607,4.206399523709688,2.602990496288265,0.7642147434835279,0.5645924639551065,0.0,0,1
3704,-0.7681274557383001,0.7016506730507667,-0.712071666573206,0.7646033422911656,0.2997547863518447,0.423671143216893,0.0,0,1
404,-0.42416925417180357,-0.22071550787066374,-0.712071666573206,-0.7242313246783165,2.140550212782002,-1.7821389744493146,1.0,0,1
2072,-1.4560438588712932,0.1396792250721468,-0.712071666573206,-1.1903013073818065,1.1903247958979162,1.14393567143443,0.0,15,0
4766,0.34973669935281365,-0.9598301296686311,1.1323550297828793,0.8940672263754684,1.884884181333369,-0.6479180665632746,1.0,0,1
1978,0.2637471489611895,0.6039165081849197,-0.09726276778784416,0.7128177886574444,-1.0765806829466291,0.6947489615813732,0.0,20,1
159,-0.5101588045634277,-0.8437708088904379,1.1323550297828793,0.4150508552635481,-0.4800266095664857,-0.9757558613362022,0.0,0,1
1749,-0.5101588045634277,-0.28179936091181806,-1.3268805653585676,0.5056755741225601,0.24436047953797427,0.5802503884815751,1.0,0,1
2910,0.607705350527686,-1.8699795399818306,0.5175461309975176,-1.306818803057679,0.2358382784896865,-0.7829676656040626,0.0,0,0
3551,-0.7681274557383001,-0.20849873726243287,0.5175461309975176,-1.0608374232975037,0.5511597172763338,-0.2672347765135164,1.0,0,1
903,-0.16620060299693115,-0.24514904908712548,-1.3268805653585676,-0.05101912743994197,-1.3237245133469744,0.8160978766615019,1.0,15,1
353,-0.5961483549550518,0.5978081228808043,-0.09726276778784416,-1.306818803057679,-0.722909339442687,0.199567098431817,1.0,0,0
1231,-0.5961483549550518,-0.30012451682416436,-0.09726276778784416,0.51862196253099,0.32106028897256417,0.528383513487649,0.0,15,1
4681,1.6395799552271757,0.6466752053137277,-0.712071666573206,0.9199600031923287,1.0710139812218875,0.755423419121438,0.0,0,1
2141,-0.08021105260530702,-1.3202248626114417,-0.09726276778784416,-0.5947674405940137,0.4957654104624633,0.9031950818399813,0.0,0,1
445,-0.3381797037801794,0.8787938468701142,-0.712071666573206,-0.3617324492422687,-0.288277085980011,2.293814503846938,1.0,25,0
4959,0.607705350527686,-0.42840060821058845,0.5175461309975176,0.5315683509394203,0.8920477592078444,0.204460199846338,1.0,0,1
755,1.811559056010424,0.0847037573351079,0.5175461309975176,-0.8148560435373283,0.12931076538608946,1.0088860723936415,0.0,0,0
1738,-0.16620060299693115,0.8238183791330753,1.7471639285682412,1.7873680265571574,0.8281312513456861,0.3855049521836267,1.0,0,0
2972,-0.08021105260530702,0.3656894813244178,-0.712071666573206,-0.5170891101434321,-1.3237245133469744,-1.4190708494918332,1.0,20,1
4990,0.8656740017025585,1.6728839364051205,1.7471639285682412,0.33737252481296637,0.15913846905509663,-0.28093546047417617,1.0,20,1
2921,-0.7681274557383001,-0.4161838376023576,-1.3268805653585676,0.8940672263754684,-0.7569981436358381,0.35125324228197735,1.0,0,0
312,0.4357262497444378,-0.746036644024591,-0.09726276778784416,0.2985333595876755,1.9317562870989515,0.0948547281610609,0.0,0,0
549,0.6936949009193102,0.6405668200096123,-0.09726276778784416,-0.7371777130867467,-1.3237245133469744,-0.3876050713107404,0.0,15,1
4640,-0.5961483549550518,0.17022115159272397,-0.712071666573206,-0.23226856515796585,-0.7101260378702553,0.5039180064150425,0.0,0,1
4772,-1.8859916108294137,0.12746245446391594,1.1323550297828793,-0.06396551584837226,-0.9615309687947444,-1.180287500463193,0.0,0,1
1990,-1.370054308479669,-1.8088956869406763,-0.712071666573206,-0.8019096551288981,-1.1362360902846436,-0.7907966278672965,0.0,0,1
307,-0.3381797037801794,-0.06189748996366248,-0.712071666573206,-1.306818803057679,-1.3237245133469744,0.08996162674653917,1.0,10,0
2336,0.09176804817794125,1.2514053504211555,-0.09726276778784416,0.4021044668551178,-0.20731617602127725,0.6086303766857986,0.0,0,1
695,-0.8541170061299242,0.16411276628860852,1.1323550297828793,1.4766547047548308,-1.3237245133469744,-1.4200494697747372,1.0,10,1
2357,0.17775759856956538,0.20687146341741655,-0.09726276778784416,-1.306818803057679,1.2585024042842183,0.12812781777980545,0.0,0,1
1928,-1.0260961069131724,-0.7338198734163601,-1.3268805653585676,-1.2550332494239578,-0.7016038368219676,0.3316808366238925,0.0,25,1
685,-0.42416925417180357,-1.1369733034879788,-1.3268805653585676,-0.6853921594530257,-1.1106694871397802,-0.46295883309436886,0.0,0,1
750,-0.9401065565215483,-0.5994353967258206,-0.712071666573206,0.9329063916007589,-0.6547317310563848,-0.45806573167984715,0.0,5,1
4675,0.2637471489611895,1.2758388916376173,1.1323550297828793,0.36326530162982695,-0.433154503800903,-0.14784310199919654,1.0,5,1
1267,-0.8541170061299242,-0.04968071935543162,0.5175461309975176,0.8034425075164564,-0.5865541226700828,0.22794708663604052,1.0,20,1
3983,-0.3381797037801794,-1.8699795399818306,-1.3268805653585676,-1.306818803057679,-1.1234527887122119,-1.6999348706853565,1.0,15,1
3546,-0.682137905346676,-1.0636726798385934,-0.09726276778784416,-0.8666415971710495,-0.32662699069730594,-0.49916778356182634,1.0,0,0
4771,0.17775759856956538,1.1109124884265007,0.5175461309975176,-0.10280468107366313,-1.3237245133469744,0.9609336785313332,0.0,20,0
4003,0.2637471489611895,0.20687146341741655,-0.09726276778784416,-1.306818803057679,0.904831060780276,0.65266828941649,0.0,0,1
3084,-0.5101588045634277,-1.3629835597402498,-1.3268805653585676,-1.1385157537480854,0.10374416224122615,-1.5022535735386953,1.0,10,0
3062,0.17775759856956538,-0.8010121117616299,-0.09726276778784416,-0.5818210521855834,0.41906560102787344,0.423671143216893,1.0,5,0
3026,0.005778497786317116,0.5489410404478808,1.1323550297828793,1.5931722004307034,2.5368325615273832,0.10464093099010366,0.0,0,1
971,-0.25219015338855527,0.26184693115445545,-0.09726276778784416,0.7128177886574444,-0.10931086396596795,1.1948239261454512,1.0,0,0
14,1.209632203269055,2.118796063605547,1.1323550297828793,1.3342444322620977,-1.3237245133469744,2.2761993387546613,0.0,20,0
874,0.09176804817794125,0.04805344551041531,-1.3268805653585676,-1.306818803057679,-0.7101260378702553,0.8513282068460554,0.0,0,0
809,-0.3381797037801794,-0.6971695615916675,-0.09726276778784416,-0.6206602174108743,-1.3237245133469744,-0.7144642458007643,0.0,0,0
3199,1.0376531024858067,-0.44672576412293474,-0.09726276778784416,-0.9184271508047707,-1.153280492381219,0.8709006125041409,0.0,0,1
515,0.7796844513109343,-0.0008136369225081579,-0.712071666573206,-0.05101912743994197,-1.3237245133469744,0.35418910313069024,0.0,0,0
4483,0.4357262497444378,0.16411276628860852,-0.712071666573206,0.9976383336429104,-0.9998808735120394,-0.5021036444105392,1.0,25,1
410,-1.370054308479669,-0.2329322784788946,-0.712071666573206,0.5963002929815718,1.3479855152912397,0.8327344214708746,1.0,20,0
3424,-1.0260961069131724,0.5672661963602271,0.5175461309975176,0.2855869711792452,-0.39480459908360804,0.38941943331524365,1.0,0,0
4353,0.09176804817794125,-0.31844967273651065,0.5175461309975176,1.2047805481777951,-1.3237245133469744,-0.848535224558648,1.0,0,1
208,-1.2840647580880449,-1.5706686600801745,-1.3268805653585676,-0.8148560435373283,-1.0552751803259097,-2.098233325827391,1.0,0,1
3239,0.9516635520941825,0.8360351497413061,-1.3268805653585676,-0.9572663160300615,-0.019827752958946426,0.9423398931561517,1.0,0,0
459,0.34973669935281365,0.7321925995713437,1.7471639285682412,0.5833539045731415,0.7343870398145207,-1.0334944580275536,0.0,25,1
3671,0.5217158001360619,0.9337693146071531,0.5175461309975176,0.8681744495586079,-0.505593212711349,0.7270434309172145,1.0,5,1
2431,-1.5420334092629173,-1.4423925686937502,-0.09726276778784416,-0.9831590928469222,0.9346587644492832,-1.6216452480530155,1.0,0,0
3979,0.7796844513109343,-1.4729344952143275,-0.712071666573206,0.20790864072866364,-0.7271704399668308,-1.3613322528004816,0.0,0,0
111,0.4357262497444378,0.029728289598069006,0.5175461309975176,1.0753166640934921,0.47872100836588777,-1.673512123046941,1.0,15,1
3765,-0.08021105260530702,1.2330801945088092,2.3619728273536027,-0.5041427217350017,-0.04539435610380972,0.9296178294783968,0.0,0,1
4063,-0.682137905346676,0.03583667490218444,-0.712071666573206,-1.2550332494239578,-0.7271704399668308,-0.873979351914159,0.0,5,1
1884,0.09176804817794125,-0.31844967273651065,-0.09726276778784416,-1.306818803057679,-1.3237245133469744,-1.3623108730833857,1.0,0,0
1714,-0.08021105260530702,-0.7704701852410527,0.5175461309975176,0.8552280611501776,0.19322727324824768,-0.2417906491580058,1.0,20,1
3977,0.34973669935281365,0.212979848721532,-0.712071666573206,-1.306818803057679,1.880623080809225,1.2887714733042606,0.0,30,0
3415,-1.1120856573047966,0.029728289598069006,-0.09726276778784416,-0.4911963333265715,-0.35219359384216925,0.2837284427615835,0.0,0,0
553,0.34973669935281365,0.6711087465301895,0.5175461309975176,-0.24521495356639614,1.1136249864633263,-0.900402099552574,0.0,15,1
1440,1.1236426528774308,1.8439187249203526,0.5175461309975176,-0.06396551584837226,-1.3237245133469744,1.0235653766372053,1.0,0,1
2271,0.4357262497444378,0.719975828963113,-0.712071666573206,-0.7242313246783165,-0.6206429268632339,1.5559348105371245,0.0,15,1
3145,-0.42416925417180357,-1.4057422568690576,-0.712071666573206,-1.306818803057679,-0.24992718126271607,-0.10380518926850446,0.0,0,1
2822,0.34973669935281365,1.0681537912976926,1.1323550297828793,0.9199600031923287,0.15487736853095274,1.3915266030092084,0.0,20,0
4792,-1.8859916108294137,-0.28179936091181806,-1.3268805653585676,1.3342444322620977,-0.1220941655383996,0.3033008484196683,0.0,0,0
1926,-1.1980752076964207,-1.50958480703902,-1.3268805653585676,-0.9054807623963403,0.5639430188487654,-1.7155927952118244,0.0,0,0
635,-0.3381797037801794,-0.19017358135008658,-0.09726276778784416,-0.42646439128442,1.4800796315397,-0.30735820811259085,1.0,20,1
4816,-1.8859916108294137,-0.5505683142928971,-0.712071666573206,-1.2420868610155276,-1.0254474766569026,0.0772395630687842,0.0,0,0
317,0.09176804817794125,0.7260842142672284,-0.712071666573206,-0.23226856515796585,-1.3237245133469744,-0.29561476471773995,0.0,25,1
4227,0.4357262497444378,-0.9109630472357076,1.1323550297828793,-0.07691190425680254,-0.3436713927938815,-0.8857227953090102,0.0,5,0
4710,0.607705350527686,-0.019138792834854458,-0.09726276778784416,-0.10280468107366313,-0.7271704399668308,-1.1176558023573202,1.0,5,0
1329,-0.08021105260530702,0.8726854615659987,0.5175461309975176,0.9070136147838987,0.938919864973427,0.5009821455663296,1.0,0,0
428,1.811559056010424,0.9765280117359612,0.5175461309975176,-0.3876252260591293,0.03130545333078016,0.6644117328113416,1.0,0,1
4042,-0.16620060299693115,1.031503479473,0.5175461309975176,0.4021044668551178,-1.3237245133469744,-0.3602037033894209,0.0,0,0
106,-0.16620060299693115,-0.8437708088904379,0.5175461309975176,0.9846919452344801,1.7570511656090524,-0.1546934439795264,0.0,0,1
3042,-0.08021105260530702,0.06027021611864617,-0.712071666573206,-1.306818803057679,-1.3237245133469744,0.8523068271289594,1.0,20,0
143,-1.8859916108294137,-1.3996338715649423,0.5175461309975176,2.2793307860775083,0.6704705319523625,-1.0677461679292028,1.0,20,0
2170,-0.5961483549550518,1.3308143593746562,0.5175461309975176,-0.42646439128442,-0.650470630532241,-0.8602786679534993,0.0,20,1
3345,-1.5420334092629173,-1.8699795399818306,-0.712071666573206,-0.45235716810128057,1.1818025948496282,-1.8565141159500382,1.0,0,0
90,0.4357262497444378,2.063820595868508,1.1323550297828793,1.4248691511211096,0.1847050721999599,1.4463293388518466,1.0,10,0
2919,-1.0260961069131724,0.011403133685722707,-0.09726276778784416,-1.306818803057679,0.653426129855787,-0.39641265385687907,1.0,0,0
3238,0.7796844513109343,0.5855913522725734,-1.3268805653585676,-1.306818803057679,0.3594101936898591,0.5998227941396599,1.0,20,0
2242,-0.8541170061299242,-1.3018997066990954,-0.712071666573206,-0.1286974578905237,0.41054339997958567,0.12225609608238035,0.0,0,1
3175,0.7796844513109343,0.8177099938289598,-0.712071666573206,1.4507619279379702,0.17618287115167217,0.46673043566468025,1.0,15,0
3428,0.5217158001360619,0.35958109602030236,-0.712071666573206,-0.16753662311581458,-0.1476607686832629,1.2437549402906642,0.0,0,0
2164,0.6936949009193102,0.6405668200096123,1.7471639285682412,-0.15459023470738428,0.07391645857221898,0.2798139616299665,0.0,0,1
2637,-0.3381797037801794,1.4590904507610802,3.5915906249243266,0.829335284333317,-0.11783306501425572,0.8190337375102148,0.0,0,1
1950,2.0695277071852964,1.7156426335339285,1.1323550297828793,2.7971863224147193,-1.1191916881880681,1.8309271100332216,0.0,10,1
1769,-0.9401065565215483,1.1353460296429623,-0.09726276778784416,0.7904961191080262,-1.3237245133469744,1.3288949049033356,1.0,10,0
3299,-0.42416925417180357,-0.6971695615916675,-0.09726276778784416,-0.2970005072001173,0.3934989978830101,-1.683298325875984,1.0,0,0
2273,0.6936949009193102,-1.0086972121015545,0.5175461309975176,0.8034425075164564,-0.4715044085181979,-1.5228045994796848,1.0,0,1
2,-1.0260961069131724,-0.8010121117616299,-0.712071666573206,-0.6724457710445954,-1.3237245133469744,-0.870064870782542,0.0,10,0
3542,0.34973669935281365,-0.6360857085505132,-0.09726276778784416,-0.8148560435373283,0.33810469106913965,-0.7907966278672965,0.0,25,1
4968,-1.1120856573047966,-0.8010121117616299,-1.3268805653585676,-0.11575106948209342,-0.6547317310563848,-1.2928288329971833,1.0,0,1
1952,0.2637471489611895,1.8133767983997755,2.9767817261389644,2.745400768780998,0.5639430188487654,1.8162478057896578,0.0,25,1
936,0.607705350527686,-0.7765785705451681,-1.3268805653585676,-1.1514621421565157,-0.6249040273873777,-0.5471201774241354,1.0,15,0
4307,0.2637471489611895,-0.0008136369225081579,-0.09726276778784416,-1.306818803057679,0.8196090502973984,-1.3779687976098538,0.0,0,1
2721,0.17775759856956538,-1.1247565328797478,-1.3268805653585676,-0.9831590928469222,-0.6547317310563848,0.5420841974483088,1.0,15,1
4105,-0.3381797037801794,-0.9415049737562848,-0.09726276778784416,-0.012179962214651098,1.3138967110980886,-0.762416639663073,1.0,0,0
1110,0.8656740017025585,-0.24514904908712548,-0.712071666573206,-1.306818803057679,-1.0680584818983414,0.3336380771897007,0.0,0,1
3606,0.8656740017025585,-0.5933270114217052,1.7471639285682412,1.4507619279379702,0.5639430188487654,-0.5461415571412314,1.0,0,1
592,0.2637471489611895,0.2740637017626863,-0.09726276778784416,1.489601093163261,-0.7101260378702553,-0.52069742978572,0.0,0,1
1696,0.4357262497444378,-0.7949037264575144,0.5175461309975176,0.16906947550337278,1.1434526901323334,-0.9444400122832658,0.0,25,0
3480,0.005778497786317116,0.011403133685722707,1.1323550297828793,-1.1903013073818065,-0.46724330799405406,-0.1781803307692282,0.0,20,1
2937,-1.8000020604377898,-1.4057422568690576,-0.712071666573206,-0.9184271508047707,-0.2541882817868599,-2.181416049874253,0.0,0,0
4214,-0.16620060299693115,1.0009615529524227,1.1323550297828793,-0.5559282753687228,1.407640922629254,1.3670610959366019,1.0,0,0
3427,0.4357262497444378,0.24352177524210916,-1.3268805653585676,-1.1903013073818065,0.1889661727241038,-0.11946311379497301,1.0,0,1
1577,0.005778497786317116,0.524507499231419,-0.712071666573206,1.8262071917824483,-0.6291651279115216,-0.964012417941351,0.0,20,1
3973,0.2637471489611895,0.04805344551041531,-0.712071666573206,0.557461127756281,-1.3237245133469744,-0.24374788972381395,0.0,0,0
214,-0.5101588045634277,-0.6727360203752057,1.7471639285682412,-0.21932217674953555,0.4531544052210245,-0.7036994226888171,1.0,25,1
779,0.09176804817794125,1.2330801945088092,-0.712071666573206,-0.25816134197482643,2.0169782975818293,2.2576055533794808,1.0,0,1
1416,-0.8541170061299242,-1.369091945044365,-0.09726276778784416,0.8811208379670382,-0.24566608073857218,-0.8152621349399031,1.0,20,1
4770,1.6395799552271757,-0.9231798178439385,1.1323550297828793,0.5963002929815718,-1.18736929657437,-0.38858369159364514,1.0,0,1
2044,-0.7681274557383001,1.452982065456965,-0.09726276778784416,0.9717455568260498,0.43184890260030506,1.304429397830729,1.0,0,0
2849,0.7796844513109343,-1.0025888267974392,-0.09726276778784416,-1.306818803057679,-0.32662699069730594,-0.9160600240790422,0.0,0,1
4548,1.295621753660679,-0.8804211207151305,-0.09726276778784416,0.8681744495586079,0.252882680586262,0.25534845455735994,1.0,25,0
3682,0.607705350527686,0.9215525439989222,-1.3268805653585676,-0.2970005072001173,0.8792644576354127,-0.296593385000644,1.0,0,0
3832,2.2415068079685447,0.9887447823441919,-0.712071666573206,-0.42646439128442,-0.44167670484919075,1.0353088200320568,0.0,0,1
1568,0.17775759856956538,-0.8559875794986688,-0.09726276778784416,0.9846919452344801,1.0539695791253119,-0.3465030194287619,1.0,20,0
166,-0.9401065565215483,-1.1247565328797478,-0.09726276778784416,0.8940672263754684,-0.6419484294839533,0.34538152058455157,0.0,15,0
4725,0.2637471489611895,-0.37953352577766497,-1.3268805653585676,-0.6983385478614559,2.1831612180234408,1.1243632657763445,0.0,0,1
3602,2.499475459143417,1.9844115869150076,-0.09726276778784416,-1.306818803057679,0.1889661727241038,3.2910285721263812,0.0,20,1
4937,0.2637471489611895,0.07248698672687703,0.5175461309975176,-0.012179962214651098,-1.18736929657437,-0.35335336140909107,0.0,0,1
1344,-0.5101588045634277,-1.0086972121015545,0.5175461309975176,0.46683640889726924,-0.9530087677464566,-0.10184794870269633,0.0,0,1
2014,0.005778497786317116,-0.3734251404735496,-0.712071666573206,-0.6853921594530257,-0.8848311593601546,-0.7271863094785196,0.0,0,0
274,2.1555172575769204,1.5995833127557353,-0.09726276778784416,-1.306818803057679,0.48724320941417554,0.9315750700442048,0.0,0,0
72,-1.1980752076964207,-0.6544108644628595,-0.712071666573206,1.1788877713609345,0.37645459578643464,-0.25744857368447366,1.0,0,1
3906,2.499475459143417,1.3980065977199259,1.7471639285682412,2.39584828175338,0.5596819183246216,0.17118711022759348,1.0,10,1
1088,-1.6280229596545415,-0.1718484254377403,-0.712071666573206,0.609246681390002,0.15487736853095274,0.0772395630687842,0.0,30,0
395,0.6936949009193102,0.5916997375766888,-0.09726276778784416,0.10433753346122134,1.8934063823816567,0.9521260959851945,1.0,0,1
584,-1.1120856573047966,-1.534018348255482,-0.712071666573206,-0.25816134197482643,1.2499802032359304,0.27394223993254074,0.0,0,0
1368,1.3816113040523033,-0.25125743439124093,2.3619728273536027,0.8163888959248867,1.3224189121463765,-0.4913388212985924,1.0,25,1
4998,0.7796844513109343,0.4512068755820339,-0.09726276778784416,-1.306818803057679,0.2656659821586937,0.5137042092440852,0.0,0,0
4653,0.4357262497444378,0.8787938468701142,3.5915906249243266,1.1012094409103528,0.542637516228046,0.8894943978793216,0.0,0,0
2549,-1.8000020604377898,-0.21460712256654832,-0.712071666573206,1.2695124902199466,-1.3237245133469744,0.8278413200563528,0.0,15,0
1014,-1.7140125100461656,-0.8254456529780916,-0.712071666573206,-1.306818803057679,-0.5950763237183705,0.8532854474118642,1.0,15,0
4908,-1.0260961069131724,0.6039165081849197,0.5175461309975176,-1.306818803057679,3.0566868254729367,0.12421333664818848,0.0,20,0
3004,-1.6280229596545415,-1.240815853657941,-0.09726276778784416,-0.07691190425680254,1.0028363728355854,-1.344695707991109,0.0,0,0
4948,0.34973669935281365,-0.196281966654202,1.1323550297828793,0.013712814602209302,0.31679918844842025,0.704535164410416,1.0,5,1
4182,0.09176804817794125,-0.3856419110817804,-1.3268805653585676,-1.306818803057679,-0.13061636658668735,-0.5843077481744973,0.0,0,0
3549,-0.7681274557383001,-0.31234128743239525,-0.712071666573206,0.9846919452344801,-1.3237245133469744,-0.1869879133153669,1.0,20,1
1764,-1.1120856573047966,0.6955422877466512,-0.712071666573206,-1.306818803057679,-1.2598080054848162,1.1566577351121856,0.0,0,0
1876,-1.8859916108294137,-0.2573658196953563,1.1323550297828793,0.7646033422911656,-0.4842877100906296,-0.0998907081368875,1.0,0,1
1260,-0.5101588045634277,-1.1736236153126713,-0.712071666573206,-0.10280468107366313,-0.24566608073857218,-0.7751387033408284,0.0,0,0
4541,1.1236426528774308,-0.15963165482950942,-0.09726276778784416,1.3989763743042491,0.29549368582770086,0.8983019804254603,0.0,15,0
2254,-1.8859916108294137,-1.045347523926247,-0.712071666573206,-1.021998258072213,-1.080841783470773,-2.33212357344151,0.0,0,1
2782,-0.682137905346676,-0.5261347730764354,2.3619728273536027,1.6320113656559943,1.6377403509330237,1.3230231832059098,1.0,10,1
3611,0.6936949009193102,2.332589549249587,1.7471639285682412,-0.3358396724254082,0.7301259392903768,1.9023663906852333,0.0,5,0
527,1.4676008544439274,1.129237644338847,-0.712071666573206,0.3762116900382572,-0.7271704399668308,0.18097331305663553,1.0,0,0
4748,-1.2840647580880449,-1.3874171009567113,-0.09726276778784416,0.32442613640453605,0.7812591455801035,-0.296593385000644,1.0,25,0
2947,1.6395799552271757,1.3491395152870025,1.7471639285682412,0.7646033422911656,-1.298157910202111,1.1635080770925155,0.0,0,1
378,-1.8859916108294137,-1.240815853657941,-0.712071666573206,-0.89253437398791,-0.011305551910658662,-0.464916073660177,1.0,0,1
1560,-0.16620060299693115,-0.25125743439124093,-0.712071666573206,0.7128177886574444,-0.30106038755244263,-0.7457800948537008,0.0,25,1
3839,-0.3381797037801794,-1.564560274776059,-0.712071666573206,-0.5429818869602926,0.8068257487249667,-1.6421962739940046,0.0,0,0
1964,-0.25219015338855527,0.2740637017626863,-0.712071666573206,-0.37467883765069904,-0.23714387969028441,-0.15273620341371758,1.0,25,1
4743,-0.08021105260530702,-1.155298459400325,-0.09726276778784416,-1.306818803057679,-0.9615309687947444,-1.7106996937973034,1.0,0,1
349,-1.6280229596545415,-0.3612083698653187,-1.3268805653585676,0.3114797479961058,0.325321389496708,-0.1987313567102178,0.0,0,0
2435,-0.25219015338855527,-1.0392391386221318,-0.09726276778784416,1.1918341597693647,-1.3237245133469744,-3.102297736087164,1.0,25,1
2247,-1.6280229596545415,-1.8699795399818306,-1.3268805653585676,-1.306818803057679,-0.4757655090423418,-1.6099018046581641,0.0,0,1
4467,0.005778497786317116,-0.18406519604597116,-0.712071666573206,-1.306818803057679,-0.9998808735120394,0.3962697752955735,0.0,0,0
1710,-0.16620060299693115,1.2758388916376173,-0.09726276778784416,1.3730835974873885,0.03130545333078016,0.9266819686296839,0.0,0,1
1051,-1.2840647580880449,-1.3263332479155572,-0.712071666573206,-1.306818803057679,-1.2853746086296793,-1.3388239862936835,0.0,0,1
591,-1.2840647580880449,-0.5933270114217052,-1.3268805653585676,-0.038072739031511676,-0.650470630532241,0.1584650465498378,0.0,0,1
520,1.7255695056187998,-0.06189748996366248,-0.712071666573206,0.11728392186965161,0.3679323947381469,0.5137042092440852,0.0,0,0
4504,0.8656740017025585,2.08825413708497,1.1323550297828793,2.3440627281196593,-1.3237245133469744,0.3307022163409878,0.0,15,0
4754,-1.4560438588712932,-0.14741488422127855,-1.3268805653585676,-0.4135180028759897,0.19322727324824768,0.1760802116421145,1.0,0,0
2478,0.2637471489611895,0.28017208706680174,1.7471639285682412,0.453890020488839,1.9317562870989515,0.6604972516797246,0.0,0,1
1084,0.09176804817794125,-0.9781552855809774,-0.09726276778784416,2.305223562894369,1.262763504808362,-2.597329670108565,0.0,5,1
3607,-1.7140125100461656,0.7871680673083827,1.1323550297828793,0.32442613640453605,-0.4118490011801836,-0.9855420641652449,0.0,25,0
4789,2.0695277071852964,1.9294361191779685,0.5175461309975176,0.9717455568260498,1.339463314242952,1.3504245511272293,0.0,10,1
4520,-1.8000020604377898,-1.2774661654826336,-1.3268805653585676,-0.5041427217350017,-1.3237245133469744,-0.6596615099581254,0.0,0,1
1295,0.2637471489611895,-0.9353965884521694,-1.3268805653585676,1.3471908206705279,0.5255931141314705,0.9981212492816947,0.0,0,0
1810,1.0376531024858067,0.1396792250721468,1.1323550297828793,0.19496225232023337,-1.3237245133469744,-0.8563641868218823,1.0,0,0
792,-1.2840647580880449,-0.6299773232463978,-0.712071666573206,-0.3617324492422687,0.0696553580480751,0.1349781597601353,1.0,0,0
793,0.5217158001360619,-0.15963165482950942,-0.712071666573206,0.609246681390002,-0.8848311593601546,-0.3151871703758255,1.0,0,0
4319,-0.9401065565215483,0.09692052794333877,0.5175461309975176,0.9458527800091893,-1.3237245133469744,-1.0863399533043836,0.0,10,0
1856,-0.682137905346676,-0.3428832139529724,-0.712071666573206,-0.15459023470738428,-0.10504976344182407,-1.3202302009185025,1.0,0,1
4768,1.1236426528774308,-1.7783537604200992,-1.3268805653585676,-0.6853921594530257,-0.9615309687947444,-1.3906908612876097,0.0,0,0
1981,0.17775759856956538,1.5446078450186964,-0.712071666573206,-0.5947674405940137,-1.3237245133469744,0.9893136667355567,1.0,15,1
3234,0.8656740017025585,0.48785718740672646,0.5175461309975176,-1.2420868610155276,1.2244136000910673,1.5520203294055075,0.0,0,0
3927,0.7796844513109343,0.37179786662853326,-1.3268805653585676,0.36326530162982695,2.2044667206441604,-0.7555662976827432,1.0,10,0
3401,0.4357262497444378,-0.23904066378301003,-0.712071666573206,-1.306818803057679,-0.39906569960775196,-0.23494030717767594,0.0,25,1
3329,-0.682137905346676,-1.0636726798385934,0.5175461309975176,-1.021998258072213,1.1136249864633263,0.7201930889368845,0.0,25,1
1531,0.607705350527686,0.017511518989838142,0.5175461309975176,0.8940672263754684,0.03982765437906793,0.015586485245815428,0.0,0,1
1411,-0.42416925417180357,1.385789827111695,-0.09726276778784416,-0.3099468956085476,1.4672963299672686,0.030265789489379222,0.0,10,0
4305,0.005778497786317116,-0.5872186261175897,-1.3268805653585676,-0.7889632667204678,0.35088799264157133,-1.0520882434027348,0.0,0,1
4981,0.607705350527686,-0.886529506019246,0.5175461309975176,0.7128177886574444,0.8707422565871249,-0.7487159557024133,1.0,25,0
84,-0.42416925417180357,-0.42840060821058845,1.1323550297828793,2.2793307860775083,-1.268330206533104,-0.8612572882364037,0.0,15,0
869,-0.5961483549550518,0.10913729855156963,-0.712071666573206,-0.840748820354189,-0.7314315404909747,0.06060301825941158,0.0,0,0
2351,0.6936949009193102,1.5873665421475043,2.9767817261389644,1.6320113656559943,1.8167065729470668,1.4766665676218789,0.0,0,1
21,-0.16620060299693115,-0.8132288823698607,0.5175461309975176,-0.5300354985518623,-0.3351491917455937,-1.4161349886431203,0.0,20,1
3440,1.983538156793672,0.8910106174783451,-1.3268805653585676,-0.025126350623081387,0.5639430188487654,0.7329151526146395,0.0,5,0
2796,0.6936949009193102,-0.7704701852410527,-0.712071666573206,0.2985333595876755,-1.3237245133469744,-1.17735163961448,1.0,0,1
4583,0.17775759856956538,0.7627345260919209,-0.09726276778784416,-0.47824994491814116,1.369291017911959,1.1067481006840678,0.0,15,1
1563,-0.8541170061299242,-0.019138792834854458,-1.3268805653585676,-1.306818803057679,-1.3237245133469744,-0.25744857368447366,1.0,0,0
3094,-0.7681274557383001,-0.3062329021282798,-0.712071666573206,-0.45235716810128057,-0.4587211069457663,1.0656460488020891,1.0,25,0
3156,-0.7681274557383001,-1.3324416332196725,-1.3268805653585676,0.4927291857141298,0.03556655385492404,-1.895658927266209,1.0,0,0
974,0.607705350527686,0.2374133899379937,1.1323550297828793,2.6288832731051253,0.3551490931657152,0.3091725701170941,0.0,15,0
1711,-0.5961483549550518,0.7810596820042672,-0.09726276778784416,0.8163888959248867,-0.29253818650415486,1.581378937892635,1.0,10,0
3202,1.209632203269055,-0.972046900276862,1.1323550297828793,1.114155829318783,-1.3237245133469744,-0.5872436090232102,0.0,0,0
4000,-1.2840647580880449,-0.562785084901128,-0.712071666573206,0.6998714002490141,-0.863525656739435,-1.7312507197382925,1.0,0,0
4830,-1.8859916108294137,-1.3080080920032109,-1.3268805653585676,-1.1514621421565157,1.2585024042842183,-0.5148257080882949,1.0,0,1
1099,1.0376531024858067,1.4163317536322724,-0.09726276778784416,-0.6336066058193045,-1.3237245133469744,-1.1156985617915116,0.0,0,1
4261,0.34973669935281365,0.6833255171384203,0.5175461309975176,0.46683640889726924,-0.35219359384216925,1.1351280888882913,0.0,0,1
2845,-0.682137905346676,0.48785718740672646,-1.3268805653585676,-0.07691190425680254,0.32958249002085194,-0.04410935201134451,0.0,5,0
887,1.295621753660679,0.9643112411277303,-0.712071666573206,0.44094363208040865,1.011358573883873,0.59297245215933,1.0,10,1
4942,-0.5101588045634277,-1.0086972121015545,-0.712071666573206,-0.9184271508047707,-0.00704445138651478,-0.25842719396737773,0.0,20,1
4850,0.005778497786317116,-0.03135556344308532,-0.09726276778784416,-0.2711077303832567,0.9857919707390098,0.36201806539392417,0.0,0,0
4591,0.8656740017025585,-0.19017358135008658,-0.09726276778784416,0.38915807844668754,1.5482572399260022,0.3062367092683812,1.0,0,1
3831,-1.0260961069131724,-1.8699795399818306,-0.712071666573206,-1.306818803057679,-0.21583837706956502,-1.870214799910698,0.0,0,0
4412,-0.16620060299693115,0.28017208706680174,-1.3268805653585676,-1.306818803057679,-0.33941029226973757,0.7886965087401825,0.0,20,0
516,0.34973669935281365,-0.20849873726243287,-0.09726276778784416,0.9846919452344801,0.794042447152535,-0.8867014155919143,0.0,20,0
4631,-1.8000020604377898,-0.23904066378301003,-0.09726276778784416,-0.9702127044384918,0.5511597172763338,-0.4013057552714001,1.0,0,1
738,0.8656740017025585,1.0192867088647692,-0.09726276778784416,0.4021044668551178,1.1136249864633263,0.7466158365752993,0.0,0,0
1454,-0.42416925417180357,0.07859537203099247,-0.712071666573206,0.1302303102780819,0.7556925424352401,0.5939510724422348,0.0,20,1
3990,-0.9401065565215483,-1.4912596511266738,-0.712071666573206,-1.1126229769312248,-0.27123268388343547,0.054731296561985776,1.0,0,0
4711,0.4357262497444378,-1.338550018523788,-0.712071666573206,0.453890020488839,-0.4757655090423418,-1.9905850947079222,1.0,15,0
2507,1.5535904048355516,-0.9292882031480539,-1.3268805653585676,-0.7889632667204678,0.2145327758689671,-0.9581406962439255,1.0,0,1
2995,-0.5101588045634277,-0.8071204970657453,-0.712071666573206,-1.2420868610155276,-1.3237245133469744,-1.4914887504267484,0.0,0,0
2127,2.2415068079685447,0.7383009848754593,1.7471639285682412,1.2695124902199466,-1.3237245133469744,0.1819519333395403,1.0,25,1
2927,0.8656740017025585,0.42677333436557213,-1.3268805653585676,-0.7242313246783165,-0.07948316029696077,0.3385311786042217,0.0,0,1
4756,-0.5961483549550518,1.2452969651170402,1.7471639285682412,1.670850530881285,-0.6589928315805288,2.5834861075865994,1.0,0,0
907,-0.25219015338855527,-0.09243941648423964,-0.712071666573206,-0.4653035565097109,-1.0084030745603272,0.07038922108845434,1.0,0,0
3666,-1.6280229596545415,-1.8699795399818306,-0.09726276778784416,1.0105847220513406,-0.9189199635533055,-1.2703205664903852,0.0,0,1
1031,1.209632203269055,0.9032273880865759,0.5175461309975176,0.4150508552635481,-0.7783036462565575,0.5743786667841493,0.0,20,0
2508,0.34973669935281365,-0.5750018555093589,0.5175461309975176,1.114155829318783,-0.15192186920740677,0.09876920929267786,0.0,20,1
2429,0.005778497786317116,-0.16574004013362484,0.5175461309975176,-0.284054118791687,-0.22436057811785276,0.7749958247795228,1.0,5,1
948,-1.8859916108294137,-1.7661369898118682,-0.712071666573206,0.16906947550337278,0.9176143623527077,-1.7870320758638356,1.0,25,1
3825,-0.3381797037801794,0.5122907286231883,1.1323550297828793,1.114155829318783,-0.3095825886007304,-0.49036020101568834,1.0,0,1
4086,0.005778497786317116,0.3046056282832635,0.5175461309975176,1.1659413829525043,-1.3237245133469744,0.19858847814891223,0.0,20,1
716,-1.2840647580880449,-0.8743127354110151,-1.3268805653585676,-0.5947674405940137,-0.3351491917455937,-0.20656031897345173,0.0,0,0
4074,1.4676008544439274,1.6851007070133512,0.5175461309975176,-1.306818803057679,0.04834985542735569,1.2652845865145586,1.0,5,1
687,0.7796844513109343,1.7767264865750827,-0.712071666573206,-0.038072739031511676,-0.288277085980011,1.2290756360471005,0.0,10,0
704,-0.08021105260530702,-0.037463948747200757,-0.712071666573206,-1.306818803057679,-0.39906569960775196,-0.37977610904750647,0.0,0,0
3342,0.7796844513109343,0.34125594010795607,0.5175461309975176,0.09139114505279104,0.8536978544905495,0.48532422103986106,0.0,5,1
2354,0.17775759856956538,0.12746245446391594,1.1323550297828793,1.5543330352054125,0.9346587644492832,-0.11554863266335536,0.0,0,1
2258,0.2637471489611895,-0.5444599289887817,1.7471639285682412,0.44094363208040865,1.6505236525054554,-1.452343939110578,0.0,15,1
3568,-1.1980752076964207,-0.5811102408134743,-1.3268805653585676,-1.306818803057679,-0.25844938231100384,-2.6315813800102137,0.0,0,0
474,0.17775759856956538,-0.28179936091181806,-1.3268805653585676,-0.931373539213201,-0.015566652434802543,1.2163535723693455,0.0,0,0
22,-0.682137905346676,0.6466752053137277,0.5175461309975176,-0.5818210521855834,0.7812591455801035,1.236904598310335,1.0,30,1
2753,-1.6280229596545415,-1.8699795399818306,-1.3268805653585676,1.5931722004307034,0.938919864973427,-1.068724788212107,1.0,20,1
886,0.2637471489611895,1.538499459714581,1.7471639285682412,1.5931722004307034,0.5554208178004777,1.7878678175854343,1.0,25,1
2449,0.7796844513109343,1.4102233683281569,2.3619728273536027,0.9976383336429104,0.06539425752393122,0.6252669214951713,1.0,25,1
918,0.5217158001360619,0.37179786662853326,1.1323550297828793,-0.25816134197482643,1.377813218960247,-0.5138470878053901,0.0,5,1
4438,0.8656740017025585,0.054161830814530736,-0.712071666573206,-1.306818803057679,0.30401588687598863,0.5068538672637554,1.0,0,1
4677,0.4357262497444378,0.5916997375766888,-0.09726276778784416,-0.89253437398791,1.1306693885599017,0.14182850174046518,0.0,20,1
2240,-0.3381797037801794,-0.44672576412293474,-0.712071666573206,-1.306818803057679,0.794042447152535,0.7740172044966187,0.0,0,1
3863,-1.1980752076964207,-0.9598301296686311,-0.712071666573206,0.4927291857141298,-0.09652756239353631,-0.4267498826269107,1.0,25,0
3396,0.607705350527686,-0.06800587526777792,1.1323550297828793,-1.306818803057679,1.880623080809225,-1.1078695995282777,0.0,0,0
1266,-0.08021105260530702,-1.1064313769674015,-0.712071666573206,-1.0608374232975037,-0.8464812546428596,-0.5686498236480291,1.0,20,0
484,0.607705350527686,1.5873665421475043,-0.09726276778784416,-0.2711077303832567,-0.5609875195252194,0.19173813616858235,1.0,15,1
4348,-1.8859916108294137,-0.9476133590604002,-1.3268805653585676,-1.034944646480643,0.5255931141314705,-1.1568006136734907,1.0,5,0
2964,-0.7681274557383001,-1.3996338715649423,-0.09726276778784416,0.0007664261937791922,-0.13061636658668735,-1.6333886914478664,0.0,20,0
1220,1.3816113040523033,0.03583667490218444,-0.09726276778784416,-1.306818803057679,-0.5226376148079245,-0.6625973708068383,0.0,0,1
278,-1.1120856573047966,-1.0025888267974392,-1.3268805653585676,-1.1903013073818065,-1.3237245133469744,-0.05389555484038728,0.0,10,0
989,-0.3381797037801794,-0.019138792834854458,-0.09726276778784416,1.619064977247564,-0.6589928315805288,-0.07444658078137686,0.0,15,1
2085,1.0376531024858067,1.2941640475499636,0.5175461309975176,2.8230790992315797,1.6420014514571677,0.5068538672637554,1.0,10,1
1246,0.09176804817794125,1.1781047267717704,-0.712071666573206,-0.4135180028759897,-0.8550034556911473,0.8474137257144384,0.0,0,0
2383,-1.5420334092629173,-0.7093863321998983,0.5175461309975176,0.4927291857141298,0.02704435280663628,0.4921745630201909,0.0,0,0
572,-0.08021105260530702,-0.3734251404735496,-0.09726276778784416,0.4279972436719784,1.3138967110980886,0.7084496455420329,0.0,0,1
1436,-0.08021105260530702,0.13357083976803136,2.3619728273536027,0.44094363208040865,1.2158913990427793,0.8376275228853955,0.0,0,1
994,1.3816113040523033,0.3840146372367641,-0.712071666573206,-1.306818803057679,0.4275878020761612,1.585293419024252,1.0,15,0
3468,-1.8859916108294137,-1.8699795399818306,-0.712071666573206,0.8034425075164564,0.1889661727241038,-1.3084867575236516,0.0,10,0
3998,-0.25219015338855527,-1.607318971904867,-0.09726276778784416,-0.08985829266523283,0.02704435280663628,-0.9591193165268299,0.0,0,0
586,2.0695277071852964,1.159779570859424,-0.712071666573206,0.8422816727417473,-0.49280991113891737,0.8493709662802472,0.0,20,0
3677,-1.1120856573047966,-1.8699795399818306,-1.3268805653585676,-0.10280468107366313,-0.7996091488772769,-1.0638316867975859,0.0,15,1
2515,0.09176804817794125,0.9093357733906914,-0.712071666573206,-0.9961054812553524,-1.3237245133469744,1.3543390322588462,0.0,0,0
1350,-0.08021105260530702,-0.04968071935543162,2.3619728273536027,2.007456629500472,-0.5695097205735072,-0.33573819631681434,0.0,0,0
1008,-0.3381797037801794,-1.4851512658225583,0.5175461309975176,-1.034944646480643,1.0241418754563048,-1.0882971938701926,0.0,15,0
675,0.8656740017025585,0.11524568385568507,-0.712071666573206,-0.607713829002444,-1.0552751803259097,-0.5970298118522526,1.0,15,1
2413,-1.7140125100461656,-1.3018997066990954,-1.3268805653585676,2.2404916208522176,-0.5609875195252194,-0.9297607080397019,1.0,0,0
2904,-0.5101588045634277,-0.746036644024591,-1.3268805653585676,-0.7889632667204678,0.6704705319523625,0.1300850583456143,1.0,0,0
448,-0.3381797037801794,-0.21460712256654832,-0.09726276778784416,-0.07691190425680254,1.0539695791253119,-0.5099326066737732,0.0,0,1
3489,0.09176804817794125,-0.5811102408134743,-0.712071666573206,-1.0996765885227946,-1.3237245133469744,-1.0100075712378516,0.0,20,0
4905,2.1555172575769204,-0.013030407530739023,-0.09726276778784416,0.4279972436719784,-1.1362360902846436,0.48043111962534,0.0,0,1
3722,0.6936949009193102,2.424215328811319,-0.09726276778784416,-0.141643846298954,-1.0084030745603272,-0.35922508310651685,0.0,0,0
360,-0.16620060299693115,-0.22071550787066374,-0.712071666573206,-1.034944646480643,1.19458589642206,-0.33084509490229336,0.0,20,1
2065,-0.3381797037801794,1.2636221210293865,-0.09726276778784416,-0.012179962214651098,0.0952219611929384,1.7771029944734875,0.0,10,1
4460,0.2637471489611895,1.611800083363966,0.5175461309975176,-0.11575106948209342,1.0369251770287364,1.964998088791106,0.0,20,0
3829,0.2637471489611895,-1.5156931923431356,1.1323550297828793,0.22085502913709376,0.7301259392903768,-1.9543761442404644,0.0,0,0
1691,-0.5101588045634277,-0.4955928465558582,-1.3268805653585676,-1.306818803057679,-0.29253818650415486,-0.343567158580049,0.0,0,1
4337,0.17775759856956538,0.1396792250721468,1.1323550297828793,-1.306818803057679,0.03982765437906793,-0.4101133378175388,1.0,0,1
1549,0.607705350527686,-1.8699795399818306,-0.712071666573206,-0.9572663160300615,-1.3237245133469744,-0.8299414391834672,0.0,0,1
1248,-1.8859916108294137,-1.4057422568690576,-0.712071666573206,-0.8278024319457586,-1.1149305876639242,-0.8309200594663713,1.0,0,0
1986,-0.25219015338855527,0.2313050046338783,-0.09726276778784416,0.2985333595876755,1.6505236525054554,0.46477319509887216,0.0,0,0
295,-0.25219015338855527,-0.04968071935543162,-0.712071666573206,-1.1514621421565157,0.33810469106913965,-2.1902236324203916,0.0,10,1
1548,-0.8541170061299242,1.1048041031223852,-0.09726276778784416,2.136920513584775,1.1903247958979162,0.6790910370549054,0.0,0,1
2013,0.6936949009193102,-0.037463948747200757,-0.712071666573206,-0.7112849362698862,-0.8209146514979963,0.8973233601425555,0.0,0,0
589,0.2637471489611895,-0.055789104659547055,0.5175461309975176,-1.306818803057679,-0.21583837706956502,0.8160978766615019,0.0,0,1
3330,-0.25219015338855527,0.6527835906178432,-1.3268805653585676,-1.306818803057679,-0.4246323027526152,1.1595935959608978,0.0,0,0
2404,-0.682137905346676,-1.1919487712250176,-1.3268805653585676,-0.4653035565097109,-0.5609875195252194,-0.2897430430203142,0.0,15,0
2130,1.1236426528774308,0.04805344551041531,1.1323550297828793,0.8811208379670382,1.99567279496111,-0.40815609725172997,0.0,0,0
4399,-1.0260961069131724,-1.1919487712250176,-0.712071666573206,-0.2711077303832567,-0.21157727654542113,-0.4512153896995173,1.0,20,1
2411,-0.9401065565215483,0.25573854585034,-0.712071666573206,-1.306818803057679,0.6108151246143482,0.11442713381914572,1.0,20,0
2720,-1.1120856573047966,-1.8455459987653688,-0.712071666573206,-1.2679796378323882,1.0710139812218875,-1.729293479172484,1.0,0,0
4565,0.5217158001360619,-0.9048546619315923,-0.09726276778784416,0.609246681390002,1.514168435732851,-0.23102582604605829,0.0,0,0
426,-0.3381797037801794,-0.7582534146328218,-0.09726276778784416,1.062370275685062,0.8366534523939739,-0.9493331136977872,1.0,25,1
2583,-0.08021105260530702,0.5550494257519962,-0.09726276778784416,-1.0090518696637827,-0.360715794890457,-0.029430047767780722,1.0,5,1
1055,-1.4560438588712932,-0.8254456529780916,-0.712071666573206,-1.306818803057679,1.3138967110980886,-0.4972105429960182,1.0,0,0
3985,-0.8541170061299242,-0.10465618709247052,0.5175461309975176,0.6998714002490141,-0.5524653184769317,-1.1068909792453734,1.0,0,0
4573,0.34973669935281365,-0.06189748996366248,-0.712071666573206,0.453890020488839,-1.2044136986709457,1.197759786994164,1.0,20,0
557,-0.7681274557383001,-0.1718484254377403,-0.09726276778784416,-0.32289328401697787,-0.4501989058974785,-0.25451271283576077,1.0,5,0
4369,-0.16620060299693115,-0.7216031028081292,-0.712071666573206,-1.2550332494239578,-0.11357196449011184,-1.2409619580032574,0.0,0,1
3957,-0.7681274557383001,-1.8699795399818306,-0.712071666573206,-0.840748820354189,-1.3237245133469744,-0.8221124769202329,0.0,0,1
4723,-0.08021105260530702,-1.8699795399818306,-0.712071666573206,-1.306818803057679,-0.4501989058974785,-0.19090239444698387,0.0,30,1
2470,0.005778497786317116,0.7077590583548821,-0.09726276778784416,-0.9702127044384918,-0.24566608073857218,0.26709189795221083,0.0,0,1
4721,-1.8859916108294137,0.28017208706680174,-1.3268805653585676,-1.306818803057679,-0.49280991113891737,0.7916323695888954,1.0,0,1
356,0.2637471489611895,0.9093357733906914,-1.3268805653585676,0.2596941943623846,-0.9231810640774495,1.1165343035131106,0.0,10,0
1194,0.7796844513109343,0.17022115159272397,-0.712071666573206,1.6320113656559943,-1.161802693429507,0.7211717092197886,1.0,10,1
1717,-0.5961483549550518,-0.7154947175040138,2.3619728273536027,0.9070136147838987,2.3024720326994697,1.1762301407702704,0.0,0,1
3417,0.09176804817794125,0.8849022321742296,1.7471639285682412,0.33737252481296637,0.9261365634009954,-0.3288878543364845,0.0,20,1
2605,1.209632203269055,0.09081214263922334,1.7471639285682412,1.0105847220513406,-0.9359643656498811,0.6135234781003196,1.0,20,1
4359,-0.42416925417180357,0.12746245446391594,-0.712071666573206,0.07844475664436075,-0.28401598545586715,0.25045535314283823,0.0,0,1
2829,-1.7140125100461656,0.18854630750507026,-0.712071666573206,-1.034944646480643,-0.8976144609325861,1.0509667445585247,0.0,0,1
1705,0.2637471489611895,-0.8132288823698607,-0.09726276778784416,1.0882630525019223,0.6917760345730819,-0.23200444632896303,1.0,0,0
2864,3.18739186227641,1.2391885798129247,-0.712071666573206,0.4021044668551178,0.4233267015520173,-0.24961961142123973,0.0,20,0
2619,-0.7681274557383001,-0.6299773232463978,0.5175461309975176,-0.9961054812553524,-1.3237245133469744,-0.9463972528490743,1.0,0,1
2401,-0.42416925417180357,-0.055789104659547055,0.5175461309975176,-0.5559282753687228,0.04834985542735569,0.18097331305663553,1.0,20,0
2140,1.295621753660679,1.0131783235606537,-0.09726276778784416,-0.5170891101434321,-1.3237245133469744,1.2584342445342287,1.0,0,0
3240,-1.1980752076964207,-0.42840060821058845,0.5175461309975176,-0.659499382636165,-0.2967992870282988,-0.19090239444698387,1.0,0,1
2384,-0.5101588045634277,-0.6666276350710904,-0.712071666573206,0.6221930697984324,1.11788608698747,-0.00887902182679113,0.0,0,1
3219,2.3274963583601687,1.9111109632656222,4.82120842249505,1.7873680265571574,3.21434754486626,1.6126947869455714,1.0,15,1
4193,0.607705350527686,-0.9048546619315923,0.5175461309975176,-1.306818803057679,1.049708478601168,-0.7174001066494768,0.0,0,0
1286,0.2637471489611895,-1.057564294534478,-0.712071666573206,-0.7371777130867467,-1.016925275608615,-0.30442234726387796,0.0,30,1
3815,1.209632203269055,2.198205072559048,1.1323550297828793,-0.6724457710445954,-1.2470247039123845,1.7203430180650405,1.0,10,1
3859,-0.42416925417180357,-0.6238689379422823,-0.09726276778784416,-0.3617324492422687,-0.9444865666981689,0.20935330126085974,1.0,0,0
4479,0.7796844513109343,2.7296345940170905,-1.3268805653585676,0.1561230870949425,-1.1831081960502263,1.3954410841408253,1.0,0,0
2088,-0.5101588045634277,-0.8498791941945534,-0.712071666573206,-1.2679796378323882,0.7556925424352401,-1.5541204485326212,0.0,0,0
1890,0.607705350527686,1.1964298826841167,0.5175461309975176,0.16906947550337278,1.1306693885599017,-0.06759623880104701,0.0,20,1
4900,-0.42416925417180357,-0.7277114881122446,-0.09726276778784416,0.7904961191080262,-1.3237245133469744,-0.9238889863422761,0.0,15,0
1592,-1.4560438588712932,0.8360351497413061,1.1323550297828793,-0.5041427217350017,2.758409788782865,-0.07346796049847211,1.0,20,0
1347,0.34973669935281365,0.48174880210261106,-0.712071666573206,-1.164408530564946,1.1903247958979162,-0.2505982317041438,0.0,10,1
4442,-1.8859916108294137,-1.8699795399818306,-0.712071666573206,1.1659413829525043,-0.4075879006560397,0.26415603710349794,0.0,0,1
2163,1.3816113040523033,0.29238885767503264,0.5175461309975176,-0.659499382636165,1.3479855152912397,0.047880954581655914,0.0,30,1
2397,-0.42416925417180357,0.29849724297914804,-0.712071666573206,0.07844475664436075,-0.00704445138651478,0.6282027823438834,0.0,0,1
3662,0.4357262497444378,0.46953203149438016,-0.712071666573206,-0.4653035565097109,0.2315771779655426,1.08423983417727,0.0,0,1
2272,-1.1120856573047966,0.04805344551041531,-0.712071666573206,-0.3617324492422687,0.2571437811104059,0.46770905594758433,1.0,10,1
4501,-1.5420334092629173,-1.8699795399818306,-1.3268805653585676,-0.025126350623081387,-0.10504976344182407,-0.27310649821094224,1.0,5,1
3112,1.295621753660679,1.3002724328540791,-0.712071666573206,-0.4005716144675594,0.3807156963105785,0.07430370222007131,0.0,0,1
1138,0.005778497786317116,-1.8699795399818306,0.5175461309975176,0.33737252481296637,0.6832538335247942,-1.1196130429231286,1.0,25,1
4594,-0.3381797037801794,-0.20849873726243287,-1.3268805653585676,0.1561230870949425,-1.3237245133469744,0.7612951408188631,0.0,15,1
973,0.2637471489611895,-0.06800587526777792,-0.712071666573206,1.1271022177272134,0.252882680586262,-1.3055508966749387,0.0,0,0
796,-0.08021105260530702,0.3046056282832635,-0.09726276778784416,0.5056755741225601,1.6973957582710382,-0.9101883023816167,0.0,0,0
3021,-1.2840647580880449,0.719975828963113,1.1323550297828793,-1.306818803057679,-1.2171970002433774,1.02454399692011,0.0,0,1
1712,-1.8859916108294137,-1.3263332479155572,-0.712071666573206,-0.11575106948209342,-0.3351491917455937,-1.5061680546703125,0.0,15,0
3388,-0.5101588045634277,1.1658879561635396,0.5175461309975176,1.9686174642751815,-0.8379590535945718,-0.33671681659971914,1.0,15,0
37,-0.08021105260530702,0.5978081228808043,1.7471639285682412,-0.750124101495177,0.6704705319523625,1.5461486077080817,1.0,0,1
454,2.1555172575769204,0.11524568385568507,2.3619728273536027,-1.306818803057679,1.198846996946204,-0.6126877363787208,0.0,25,1
914,-0.5961483549550518,-0.4528341494270502,-0.09726276778784416,0.06549836823593046,0.10800526276537004,-0.7115283849520514,0.0,20,1
4099,0.4357262497444378,-0.20849873726243287,0.5175461309975176,-0.8536952087626192,-0.00704445138651478,-0.45219400998242204,0.0,0,0
1200,-1.1120856573047966,-0.44061737881881935,-0.712071666573206,0.9329063916007589,-1.3237245133469744,0.18586641447115726,1.0,0,1
1275,-0.5961483549550518,-0.422292222906473,1.7471639285682412,-0.07691190425680254,1.3820743194843907,-0.8348345405979882,1.0,0,1
2376,-1.8859916108294137,-1.6195357425130978,-1.3268805653585676,2.3311163397112296,0.5085487120348949,0.30232222813676424,1.0,30,0
38,-0.8541170061299242,-1.1491900740962095,-0.712071666573206,-0.11575106948209342,-1.3237245133469744,-0.15665068454533454,1.0,0,0
975,-1.0260961069131724,0.6711087465301895,-0.09726276778784416,0.6610322350237232,-0.4800266095664857,0.48532422103986106,0.0,20,0
3196,1.1236426528774308,-0.037463948747200757,1.1323550297828793,1.852099968599309,1.0326640765045925,0.7867392681743743,0.0,20,1
984,0.7796844513109343,1.0192867088647692,2.9767817261389644,1.7485288613318666,1.624957049360592,1.8407133128622644,1.0,20,1
3923,-1.1120856573047966,0.24963016054622458,0.5175461309975176,-1.306818803057679,0.8196090502973984,0.13106367862851834,1.0,0,1
4088,-1.8000020604377898,-1.4485009539978657,0.5175461309975176,-0.20637578834110526,1.2542413037600744,-1.9132740923584857,0.0,0,1
1419,1.0376531024858067,2.2348553843837404,1.7471639285682412,1.5931722004307034,0.5852485214694848,1.9023663906852333,0.0,10,1
3333,-1.8859916108294137,1.0986957178182697,-0.712071666573206,0.3762116900382572,-0.940225466174025,1.7917822987170513,1.0,10,0
1561,-0.42416925417180357,-0.2329322784788946,-0.09726276778784416,-0.23226856515796585,1.8294898745194985,-0.8573428071047864,0.0,0,1
40,0.6936949009193102,-0.7032779468957829,-0.09726276778784416,1.3730835974873885,0.4020211989312979,0.029287169206475155,0.0,0,0
1487,0.9516635520941825,0.396231407844995,1.1323550297828793,0.8422816727417473,1.2840690074290815,-0.7399083731562749,1.0,0,0
3902,0.6936949009193102,-1.0697810651427089,0.5175461309975176,0.6739786234321535,0.30401588687598863,-1.3319736443133536,1.0,0,0
170,0.005778497786317116,2.033278669347931,-1.3268805653585676,-1.306818803057679,0.8025646482008228,0.6927917210155651,1.0,10,1
1356,0.5217158001360619,0.07248698672687703,-0.712071666573206,1.1012094409103528,-1.3237245133469744,0.05081681543036881,1.0,25,1
2786,0.09176804817794125,2.002736742827354,0.5175461309975176,-0.9831590928469222,0.04834985542735569,2.6069729943763025,1.0,0,1
3651,1.4676008544439274,0.622241664097266,-0.712071666573206,-1.306818803057679,-0.30106038755244263,-0.00887902182679113,0.0,0,0
4759,-1.0260961069131724,1.3247059740705407,-0.712071666573206,-1.306818803057679,-0.612120725814946,-0.17524446992051598,0.0,20,0
4023,-1.370054308479669,1.257513735725271,-1.3268805653585676,0.09139114505279104,-0.18174957287641394,-0.3670540453697508,0.0,15,1
2683,1.0376531024858067,0.39012302254087955,0.5175461309975176,0.07844475664436075,-0.2669715833592916,0.6262455417780752,1.0,20,0
4715,-0.5961483549550518,0.28017208706680174,-1.3268805653585676,0.453890020488839,-0.2754937844075794,-0.33378095575100625,0.0,30,1
4044,-1.4560438588712932,-1.210273927137364,-1.3268805653585676,-1.306818803057679,-1.042491878753478,0.920810246932258,0.0,10,1
1641,-1.5420334092629173,-0.2756909756077026,-0.09726276778784416,1.0753166640934921,0.3679323947381469,0.5459986785799258,0.0,0,1
1291,0.17775759856956538,-0.42840060821058845,-0.09726276778784416,-1.073783811705934,0.009999950710060749,0.4256283837827011,1.0,25,1
1381,1.295621753660679,0.2679553164585709,-0.09726276778784416,-1.306818803057679,0.022783252282492394,-0.2329830666118671,0.0,0,1
1934,1.3816113040523033,0.8421435350454216,1.7471639285682412,-0.3617324492422687,2.208727821168304,0.5293621337705531,0.0,0,0
580,0.34973669935281365,1.0986957178182697,1.7471639285682412,0.8681744495586079,0.4701988073176,0.2484981125770301,0.0,0,1
4230,0.9516635520941825,0.07248698672687703,1.1323550297828793,-1.306818803057679,0.39776009840715404,-0.5451629368583265,1.0,0,1
3161,-0.08021105260530702,-0.5811102408134743,-0.09726276778784416,-0.8536952087626192,-1.3237245133469744,1.0548812256901416,0.0,10,0
2031,1.3816113040523033,0.5061823433190727,-0.09726276778784416,-1.306818803057679,0.17192177062752828,0.3248304946435627,1.0,20,0
893,-0.42416925417180357,1.6056916980598508,-0.09726276778784416,1.0105847220513406,-0.433154503800903,1.7506802468350728,1.0,5,1
4588,1.5535904048355516,0.7016506730507667,0.5175461309975176,-0.07691190425680254,-0.7996091488772769,-0.034323149182301754,0.0,30,0
781,-0.08021105260530702,-0.31234128743239525,-1.3268805653585676,-0.4394107796928503,-1.3237245133469744,0.13791402060884822,0.0,20,0
160,-1.1980752076964207,-1.8699795399818306,-0.712071666573206,-1.306818803057679,-1.3237245133469744,-0.848535224558648,0.0,20,1
3,0.7796844513109343,-0.2634742049994718,-0.712071666573206,-0.21932217674953555,1.4630352294431246,0.6272241620609793,0.0,0,1
2264,-0.16620060299693115,-0.4833760759476274,1.7471639285682412,0.3114797479961058,-1.0254474766569026,-0.47372365620631574,0.0,0,1
3217,-1.370054308479669,-1.705053136770714,-0.09726276778784416,-0.4005716144675594,-1.051014079801766,-0.30148648641516573,1.0,15,1
2110,0.2637471489611895,0.6283500494013814,-1.3268805653585676,-0.8795879855794798,-1.3237245133469744,-0.5745215453454549,0.0,20,1
850,1.0376531024858067,0.4634236461902647,0.5175461309975176,-0.34878606083383845,-0.019827752958946426,-0.15371482369662165,0.0,0,0
2738,-0.25219015338855527,-0.5383515436846662,-0.09726276778784416,-0.10280468107366313,-0.6206429268632339,0.3522318625648814,1.0,20,1
2467,-0.42416925417180357,-0.5933270114217052,0.5175461309975176,-0.8795879855794798,0.2358382784896865,-0.4218567812123897,0.0,0,0
4010,1.209632203269055,-0.9598301296686311,-0.09726276778784416,-1.306818803057679,1.2457191027117867,-1.1049337386795648,0.0,0,0
3669,-1.8000020604377898,-1.2896829360908646,-1.3268805653585676,-0.6983385478614559,-1.1490193918570752,-1.538462524006153,0.0,0,1
1597,0.34973669935281365,-0.055789104659547055,-0.712071666573206,-0.16753662311581458,-0.5652486200493634,-0.5295050123318586,0.0,25,0
1777,-1.370054308479669,-1.4057422568690576,-1.3268805653585676,-0.8278024319457586,3.227130846438692,-1.3270805428988324,1.0,20,0
1914,-1.8859916108294137,1.0070699382565382,-0.09726276778784416,0.8811208379670382,0.1676606701033844,1.0225867563543012,1.0,30,1
1044,0.09176804817794125,-1.2041655418332484,-0.09726276778784416,-0.5300354985518623,0.49150430993831945,-0.9111669226645208,0.0,0,0
4783,-0.8541170061299242,-0.19017358135008658,-0.712071666573206,-0.06396551584837226,-0.7484759425875502,-0.08325416332751487,1.0,0,1
1545,1.3816113040523033,0.2740637017626863,1.7471639285682412,1.2047805481777951,1.4374686262982612,1.7702526524931577,0.0,10,0
2737,-0.9401065565215483,0.5061823433190727,-1.3268805653585676,0.1561230870949425,-1.3237245133469744,-0.041173491162631616,0.0,20,1
3725,-0.08021105260530702,0.8177099938289598,2.3619728273536027,2.1110277367679147,2.801020794024304,1.6087803058139545,1.0,20,0
4628,0.7796844513109343,0.5428326551437653,-0.712071666573206,0.22085502913709376,-1.0041419740361832,1.3670610959366019,1.0,0,0
54,-0.3381797037801794,-0.8559875794986688,-1.3268805653585676,-1.034944646480643,-1.0297085771810466,-0.2515768519870479,0.0,0,0
1797,-0.3381797037801794,-0.5017012318599736,-0.09726276778784416,-0.89253437398791,-0.4501989058974785,0.19858847814891223,0.0,10,1
3589,-0.8541170061299242,0.20687146341741655,0.5175461309975176,-1.164408530564946,-0.07522205977281689,-1.2575985028126295,0.0,0,0
1912,0.5217158001360619,-0.30012451682416436,1.1323550297828793,1.2824588786283768,0.6576872303799308,-0.10576242983431329,0.0,20,1
2307,1.983538156793672,1.2697305063335018,-0.09726276778784416,0.7775497306995959,0.9985752723114414,1.2104818506719197,0.0,20,0
2554,-1.8859916108294137,-0.33677482864885694,-1.3268805653585676,-1.306818803057679,-1.3237245133469744,-0.9101883023816167,1.0,25,1
2801,-0.25219015338855527,0.37179786662853326,-0.712071666573206,-0.32289328401697787,-1.3237245133469744,0.23773328946508326,1.0,0,0
937,-1.1980752076964207,-1.6378608984254441,-1.3268805653585676,-1.306818803057679,-1.3237245133469744,-0.4893815807327836,1.0,0,0
4439,-1.4560438588712932,0.17022115159272397,-0.712071666573206,-1.306818803057679,0.21027167534482322,0.5773145276328622,1.0,0,0
825,-1.8859916108294137,-1.8699795399818306,-1.3268805653585676,-1.306818803057679,-0.8550034556911473,-0.8426635028612226,1.0,0,0
4744,-0.08021105260530702,0.1396792250721468,-0.712071666573206,-1.306818803057679,0.10800526276537004,0.584164869613192,1.0,0,0
3179,0.6936949009193102,0.15189599568037768,0.5175461309975176,1.6320113656559943,-1.3152023122986867,-0.4786167576208367,0.0,0,0
3402,0.8656740017025585,1.4774156066734265,-0.09726276778784416,1.3989763743042491,-1.3237245133469744,1.465901744509932,1.0,25,1
1390,-0.9401065565215483,-0.09854780178835508,1.7471639285682412,0.3762116900382572,0.8366534523939739,0.3277663554922749,1.0,15,1
3565,1.4676008544439274,-0.39175029638589587,-0.09726276778784416,-1.1126229769312248,-0.49280991113891737,-0.3024651066980698,0.0,30,0
4887,0.2637471489611895,-0.41007545229824216,-1.3268805653585676,-1.306818803057679,1.0582306796494558,-0.36998990621846367,1.0,25,0
885,-1.1120856573047966,0.14578761037626223,-0.09726276778784416,-0.9054807623963403,-1.1021472860914925,0.05277405599617764,0.0,0,1
4358,-0.3381797037801794,-1.3263332479155572,-0.712071666573206,-0.25816134197482643,0.1847050721999599,-0.7027208024059131,1.0,0,1
1608,0.17775759856956538,0.017511518989838142,0.5175461309975176,0.5445147393478507,-1.298157910202111,-0.1145700123804513,1.0,10,1
1595,0.4357262497444378,-0.3612083698653187,-0.09726276778784416,-1.306818803057679,-0.9700531698430321,-1.6118590452239727,0.0,0,0
772,1.3816113040523033,1.2086466532923474,0.5175461309975176,0.27264058277081493,0.7471703413869524,0.9540833365510033,1.0,0,1
2612,0.8656740017025585,0.04194506020629987,-1.3268805653585676,-1.306818803057679,0.15487736853095274,0.6810482776207135,0.0,0,1
3873,-0.5101588045634277,-1.8699795399818306,-0.09726276778784416,-0.9961054812553524,1.91897298552652,-1.31044399808946,0.0,0,0
2274,0.9516635520941825,-0.013030407530739023,-0.712071666573206,-0.18048301152424487,1.4246853247258295,0.04103061260132605,0.0,5,1
1869,-0.3381797037801794,-1.5034764217349046,-0.712071666573206,2.39584828175338,-1.157541592905363,-0.4247926420611026,1.0,0,1
1086,-0.42416925417180357,-1.4851512658225583,-1.3268805653585676,0.9458527800091893,-0.19879397497298948,0.22990432720184864,0.0,0,1
11,0.9516635520941825,1.1719963414676549,-0.09726276778784416,0.1561230870949425,-0.8464812546428596,0.760316520535959,1.0,15,1
3847,-0.08021105260530702,-0.196281966654202,0.5175461309975176,0.22085502913709376,0.7386481403386645,-0.0705320996497599,0.0,30,1
1326,1.0376531024858067,2.851802300099399,0.5175461309975176,-0.2970005072001173,-1.1703248944777946,2.2742420981888527,1.0,25,0
3391,-1.1120856573047966,-0.8987462766274767,-1.3268805653585676,0.6610322350237232,0.8792644576354127,-0.5569063802531782,0.0,10,0
1464,0.5217158001360619,0.9337693146071531,-0.09726276778784416,0.3114797479961058,0.4275878020761612,0.05179543571327288,0.0,25,0
807,-0.16620060299693115,-0.9781552855809774,-1.3268805653585676,-0.3876252260591293,0.33810469106913965,-0.684127017030732,0.0,0,1
3754,0.7796844513109343,-0.2695825903035872,-0.09726276778784416,0.3762116900382572,-1.3237245133469744,-0.4130491986662517,0.0,0,1
4004,2.3274963583601687,0.09081214263922334,1.1323550297828793,1.8779927454161693,-0.23288277916614053,-0.9092096820987123,0.0,20,1
3790,-0.5101588045634277,-0.5872186261175897,2.9767817261389644,0.9846919452344801,1.876361980285081,0.7035565441275119,0.0,25,1
2109,-0.8541170061299242,0.09081214263922334,-1.3268805653585676,1.90388552223303,-1.3237245133469744,0.14770022343789097,1.0,0,0
4246,0.005778497786317116,-0.45894253473116564,0.5175461309975176,2.214598844035357,1.1903247958979162,0.14476436258917807,0.0,20,0
4967,-0.42416925417180357,0.24963016054622458,1.7471639285682412,-0.8795879855794798,1.267024605332506,-0.47372365620631574,0.0,10,0
2235,-0.9401065565215483,-0.13519811361304768,-0.712071666573206,-1.306818803057679,0.2145327758689671,-1.7743100121860802,1.0,10,0
3212,-0.08021105260530702,-0.196281966654202,-0.09726276778784416,-0.7371777130867467,-0.3308880912214498,-0.7203359674981897,0.0,0,1
964,-0.08021105260530702,-0.11687295770070139,-0.712071666573206,0.6221930697984324,-0.15192186920740677,0.2915574050248174,1.0,30,0
3416,0.09176804817794125,-0.24514904908712548,-0.09726276778784416,-0.10280468107366313,0.5596819183246216,0.07821818335168827,0.0,0,1
3772,-1.370054308479669,0.18243792220095484,-1.3268805653585676,-0.6465529942277348,0.325321389496708,-0.2515768519870479,0.0,20,1
399,0.5217158001360619,-1.369091945044365,0.5175461309975176,0.22085502913709376,0.904831060780276,-1.1499502716931609,0.0,0,0
2633,-0.08021105260530702,-0.4039670669941267,-0.712071666573206,-1.0608374232975037,-0.5908152231942266,-0.2740851184938463,1.0,25,0
4862,0.607705350527686,-1.4423925686937502,-0.712071666573206,0.5963002929815718,1.262763504808362,-1.8565141159500382,1.0,25,1
2997,-1.2840647580880449,1.214755038596463,-0.09726276778784416,0.20790864072866364,-0.4970710116630612,1.577464456761018,1.0,0,0
705,1.1236426528774308,-0.36731675516943413,0.5175461309975176,2.6936152151472768,0.8238701508215422,-0.6273670406222849,0.0,0,0
432,0.5217158001360619,0.5306158845355345,-0.712071666573206,-0.45235716810128057,0.794042447152535,-0.3288878543364845,0.0,0,1
293,1.5535904048355516,1.0681537912976926,-0.712071666573206,-1.0608374232975037,1.4587741289189806,1.1116412020985895,0.0,0,0
4878,0.607705350527686,-1.607318971904867,0.5175461309975176,-0.6853921594530257,-0.27123268388343547,0.14476436258917807,0.0,0,0
146,-0.42416925417180357,-0.12298134300481682,1.1323550297828793,1.360137209078958,0.34236579159328356,-0.23591892746058002,0.0,0,1
4156,-0.5961483549550518,-0.12908972830893226,-0.09726276778784416,-1.306818803057679,0.8792644576354127,-0.00887902182679113,1.0,10,0
2034,-0.42416925417180357,-0.5994353967258206,1.1323550297828793,-1.306818803057679,-0.019827752958946426,-0.6792339156162106,0.0,0,0
4216,1.4676008544439274,2.6319004291512433,1.1323550297828793,0.9717455568260498,0.06539425752393122,2.9739556004654006,0.0,15,1
1166,-0.8541170061299242,0.06027021611864617,-0.09726276778784416,0.51862196253099,-0.45446000642162243,0.40116287671009454,0.0,25,1
3501,-0.25219015338855527,-0.11076457239658595,0.5175461309975176,0.33737252481296637,-1.3237245133469744,0.4706449167962972,0.0,0,1
2051,0.7796844513109343,0.848251920349537,1.1323550297828793,0.6869250118405839,1.1818025948496282,0.5058752469808506,1.0,25,0
2625,-0.5961483549550518,-1.0758894504468244,-0.712071666573206,-1.306818803057679,0.5767263204211971,-0.6567256491094129,0.0,25,1
4389,-1.7140125100461656,-0.5139180024682045,-0.712071666573206,-0.3617324492422687,0.35088799264157133,0.3307022163409878,0.0,20,0
340,0.607705350527686,1.3247059740705407,2.3619728273536027,2.2404916208522176,1.0241418754563048,1.363146614804985,1.0,5,0
3898,1.811559056010424,2.076037366476739,0.5175461309975176,-0.7630704899036073,1.0795361822701752,1.465901744509932,0.0,10,0
3691,0.7796844513109343,-0.4955928465558582,2.3619728273536027,0.609246681390002,-0.18601067340055782,-1.5257404603283977,1.0,20,1
2974,-0.5961483549550518,0.29238885767503264,0.5175461309975176,0.609246681390002,0.9815308702148658,1.9013877704023292,1.0,0,1
266,1.0376531024858067,0.4023397931491104,1.1323550297828793,0.32442613640453605,-0.33941029226973757,1.2917073341529735,0.0,20,1
2425,0.09176804817794125,0.21908823402564742,-1.3268805653585676,1.0882630525019223,-0.019827752958946426,-1.1939881844238527,0.0,0,1
1263,0.8656740017025585,0.1213540691598005,-0.712071666573206,0.1431766986865122,0.12504966486194558,0.4921745630201909,1.0,10,1
1772,0.09176804817794125,1.9294361191779685,2.3619728273536027,0.18201586391180308,2.87345950293475,0.7485730771411081,1.0,10,0
3512,-1.4560438588712932,-1.0819978357509399,-0.09726276778784416,0.5056755741225601,-0.11357196449011184,0.14476436258917807,1.0,20,0
272,0.34973669935281365,1.1719963414676549,1.1323550297828793,2.732454380372568,-1.3237245133469744,-0.5334194934634756,1.0,25,0
697,-1.8859916108294137,-0.7277114881122446,-0.09726276778784416,0.6998714002490141,0.36367129421400296,0.5557848814089685,0.0,20,0
748,0.5217158001360619,-1.1308649181838633,-0.712071666573206,-0.3099468956085476,-0.9615309687947444,-0.4159850595149639,1.0,15,0
245,2.2415068079685447,2.063820595868508,1.7471639285682412,-1.164408530564946,-0.053916557152097484,2.346659999123768,0.0,20,1
318,-0.682137905346676,0.8604686909577679,-0.712071666573206,-0.45235716810128057,1.76557336665734,0.24751949229412534,1.0,10,1
477,1.1236426528774308,-0.2634742049994718,2.3619728273536027,0.47978279730569956,1.701656858795182,1.311279739811059,0.0,0,1
2033,0.6936949009193102,0.4023397931491104,-0.09726276778784416,-1.306818803057679,1.2244136000910673,-0.12044173407787709,1.0,20,0
958,2.3274963583601687,1.8561354955285834,2.9767817261389644,1.6061185888391336,1.5567794409742899,-0.04019487087972755,1.0,0,1
3835,1.4676008544439274,-0.34899159925708784,-0.712071666573206,0.9458527800091893,1.488601832587988,0.36495392624263706,1.0,25,0
814,-0.5101588045634277,0.5428326551437653,-0.09726276778784416,1.2824588786283768,0.2656659821586937,-0.3983698944226872,0.0,10,0
4181,1.209632203269055,-0.9415049737562848,1.1323550297828793,1.2306733249946555,0.0696553580480751,-0.8387490217296055,1.0,0,0
1915,1.209632203269055,-0.9048546619315923,-0.712071666573206,0.16906947550337278,-0.3777601969870325,-0.7350152717417535,0.0,0,1
4613,-0.42416925417180357,0.48785718740672646,0.5175461309975176,-0.6724457710445954,2.0851559059681315,0.7309579120488314,0.0,0,1
3488,0.2637471489611895,-0.20849873726243287,-1.3268805653585676,-0.06396551584837226,1.0326640765045925,-0.5334194934634756,0.0,20,0
1298,-0.682137905346676,-0.25125743439124093,-0.09726276778784416,1.1788877713609345,1.373552118436103,1.188952204448026,0.0,25,1
4049,-0.16620060299693115,0.2862804723709172,-0.09726276778784416,0.16906947550337278,-0.3862823980353203,0.08506852533201813,1.0,25,0
1805,0.09176804817794125,0.6466752053137277,-0.09726276778784416,1.3730835974873885,2.0084560965335414,0.9452757540048646,0.0,0,1
759,0.6936949009193102,0.622241664097266,1.1323550297828793,1.114155829318783,-0.9359643656498811,-0.0940189864394617,1.0,0,0
251,-0.3381797037801794,-0.2756909756077026,-0.09726276778784416,-0.1286974578905237,1.343724414767096,-1.4014556843995565,0.0,30,1
2462,-1.370054308479669,-0.8376624235863225,-1.3268805653585676,-0.08985829266523283,-0.6206429268632339,-0.4453436680020922,0.0,25,0
546,-0.16620060299693115,1.4346569095446187,1.1323550297828793,0.9199600031923287,-1.1234527887122119,0.31308705124871106,0.0,15,1
3242,-0.8541170061299242,-1.3568751744361343,-0.712071666573206,-1.2938724146492486,-1.3237245133469744,-1.833027229160336,0.0,0,1
739,-1.6280229596545415,-1.8699795399818306,-0.712071666573206,-0.2970005072001173,-1.2299803018158089,-1.2350902363058318,1.0,10,0
311,1.209632203269055,-0.31234128743239525,-0.09726276778784416,-0.21932217674953555,-0.13061636658668735,-0.4013057552714001,1.0,0,0
3886,0.09176804817794125,1.6728839364051205,-0.712071666573206,-0.5170891101434321,0.5085487120348949,-0.48448847931826255,1.0,0,0
2942,1.295621753660679,1.1109124884265007,-0.09726276778784416,0.9458527800091893,0.41054339997958567,-0.904316580684191,0.0,15,1
1132,-0.25219015338855527,0.017511518989838142,-0.09726276778784416,-0.34878606083383845,0.325321389496708,-0.14784310199919654,1.0,20,1
1450,-0.5961483549550518,1.0253950941688845,-0.09726276778784416,1.7873680265571574,1.0326640765045925,1.2320114968958134,0.0,0,1
4930,1.1236426528774308,0.6588919759219586,2.3619728273536027,0.18201586391180308,-0.015566652434802543,0.03418027062099619,0.0,0,1
16,-0.8541170061299242,-0.8254456529780916,1.7471639285682412,0.22085502913709376,-1.3237245133469744,1.4022914261211552,0.0,20,0
3233,-1.1120856573047966,-0.3428832139529724,-0.712071666573206,0.36326530162982695,0.8068257487249667,-2.2049029366639554,1.0,20,0
2770,0.7796844513109343,0.31682239889149433,0.5175461309975176,-1.306818803057679,-1.046752979277622,0.475538018210819,1.0,15,1
3469,1.4676008544439274,0.7260842142672284,1.7471639285682412,2.007456629500472,0.615076225138492,0.5430628177312129,0.0,10,1
921,-0.3381797037801794,-0.4039670669941267,-1.3268805653585676,-1.306818803057679,-1.3237245133469744,-1.3525246702543432,1.0,10,0
3030,0.2637471489611895,0.2374133899379937,-0.09726276778784416,2.7195079919641376,-1.2001525981468018,0.22990432720184864,0.0,0,0
1373,0.4357262497444378,-0.21460712256654832,-0.09726276778784416,-1.306818803057679,-0.97857537089132,-0.4453436680020922,0.0,30,0
3588,0.17775759856956538,-0.5811102408134743,-0.712071666573206,1.114155829318783,0.06539425752393122,0.08213266448330524,0.0,0,0
2545,-0.08021105260530702,-1.3324416332196725,0.5175461309975176,2.0851349599510542,1.9104507844782321,0.32385187436065793,0.0,0,1
3599,-1.8000020604377898,-0.7765785705451681,-0.09726276778784416,-0.07691190425680254,-1.3237245133469744,-0.9258462269080849,0.0,20,0
39,-0.8541170061299242,-1.8699795399818306,-0.712071666573206,0.557461127756281,-0.6163818263390899,-1.371118455629524,1.0,0,0
364,-1.1120856573047966,-0.8682043501068997,0.5175461309975176,1.7226360845150064,2.0681115038715556,-1.84085619142357,0.0,10,1
4111,0.607705350527686,0.7871680673083827,1.1323550297828793,-0.6206602174108743,-0.5396820169045,-0.2672347765135164,0.0,0,0
183,-0.42416925417180357,-0.28179936091181806,-0.712071666573206,-0.5559282753687228,0.6662094314282186,-0.12729207605820694,1.0,15,1
3034,0.34973669935281365,0.3473643254120715,-0.09726276778784416,0.1561230870949425,0.5767263204211971,0.48043111962534,1.0,15,0
2984,0.2637471489611895,-0.6666276350710904,-0.09726276778784416,1.0364774988682013,-0.20731617602127725,0.024394067791954122,0.0,0,1
1195,1.983538156793672,0.5550494257519962,2.3619728273536027,1.774421638148727,0.8110868492491106,1.5676782539319754,1.0,20,0
2853,1.3816113040523033,2.6135752732388973,-0.09726276778784416,1.023531110459771,-1.3237245133469744,1.1781873813360793,0.0,20,1
3785,1.897548606402048,0.6283500494013814,0.5175461309975176,0.03960559141906988,1.2542413037600744,-0.6479180665632746,1.0,20,1
1122,0.005778497786317116,0.9032273880865759,0.5175461309975176,1.2824588786283768,1.5567794409742899,1.865178819934871,1.0,0,0
2236,-1.1120856573047966,0.5061823433190727,-0.09726276778784416,1.0753166640934921,-0.8038702494014207,0.6145020983832237,0.0,0,0
2668,-0.25219015338855527,-0.7765785705451681,0.5175461309975176,0.11728392186965161,1.1306693885599017,0.05668853712779461,1.0,20,1
3718,0.4357262497444378,1.5018491478898883,1.7471639285682412,0.8940672263754684,1.4672963299672686,1.3866335015946867,0.0,10,1
3224,-1.8859916108294137,0.6711087465301895,0.5175461309975176,0.32442613640453605,1.3309411131946642,1.3465100699956123,0.0,20,1
1183,-0.8541170061299242,-1.8699795399818306,-1.3268805653585676,-1.306818803057679,-1.3237245133469744,-2.7362937502809697,1.0,0,0
4194,-1.0260961069131724,-0.5200263877723199,-0.712071666573206,-0.8536952087626192,0.0014777496617729847,0.5205545512244151,0.0,5,0
4304,-0.5961483549550518,-0.3734251404735496,-1.3268805653585676,-0.37467883765069904,-1.3237245133469744,0.24458363144541315,0.0,0,0
615,-0.8541170061299242,0.2679553164585709,-0.712071666573206,-0.47824994491814116,-0.5695097205735072,0.1408498814575611,1.0,0,1
4919,0.2637471489611895,-0.34899159925708784,-1.3268805653585676,-0.19342939993267516,-1.2853746086296793,-0.12631345577530287,0.0,0,0
1467,-1.2840647580880449,-0.037463948747200757,-1.3268805653585676,-0.42646439128442,-1.3237245133469744,0.34244565973583935,1.0,10,0
402,0.17775759856956538,0.7444093701795746,-0.09726276778784416,-0.931373539213201,1.9658450912921026,-0.12631345577530287,0.0,10,1
3043,-0.9401065565215483,0.20687146341741655,-0.09726276778784416,-0.2970005072001173,-0.30532148807658654,-0.23787616802638814,0.0,0,1
935,0.34973669935281365,-1.2957913213949799,-0.712071666573206,-1.306818803057679,-1.3237245133469744,-0.8133048943740946,0.0,15,0
2420,-1.8859916108294137,-1.8699795399818306,-0.712071666573206,0.09139114505279104,-0.4715044085181979,-1.5374839037232488,0.0,0,0
4048,-0.5961483549550518,2.8334771441870528,-0.712071666573206,-0.5041427217350017,-1.3237245133469744,1.0715177704995142,1.0,5,0
4525,1.0376531024858067,0.2862804723709172,0.5175461309975176,1.5413866467969821,-0.5013321121872051,-0.762416639663073,1.0,20,1
2642,-0.08021105260530702,0.7321925995713437,-0.09726276778784416,-0.32289328401697787,0.8750033571112689,-1.6108804249410686,0.0,0,0
4036,0.17775759856956538,1.6912090923174667,-0.712071666573206,-1.306818803057679,0.12931076538608946,0.16335814796435882,1.0,10,1
727,0.2637471489611895,-1.4546093393019812,-0.712071666573206,-0.20637578834110526,0.08243865962050674,-2.158907783367455,1.0,0,1
827,0.005778497786317116,0.8726854615659987,-0.09726276778784416,0.557461127756281,-0.5482042179527878,1.2858356124555483,1.0,15,0
1522,-1.8859916108294137,-0.2634742049994718,-0.09726276778784416,0.6869250118405839,0.09948306171708228,1.6880485487292,0.0,0,1
4755,1.811559056010424,-0.23904066378301003,0.5175461309975176,-1.306818803057679,-0.6930816357736798,-0.22026100293411144,0.0,20,1
2931,-0.7681274557383001,-0.8926378913233614,-0.712071666573206,-0.9702127044384918,-0.13487746711083123,-0.7408869934391794,1.0,10,1
137,0.34973669935281365,0.5367242698396499,-0.09726276778784416,-0.038072739031511676,-0.11357196449011184,-0.0852114038933237,0.0,5,0
3591,-0.08021105260530702,-0.746036644024591,-1.3268805653585676,-0.45235716810128057,-0.6802983342012482,-1.1372282080154057,1.0,0,1
629,-1.0260961069131724,0.09081214263922334,-1.3268805653585676,-0.8666415971710495,-1.0041419740361832,0.920810246932258,0.0,0,0
335,0.005778497786317116,0.9948531676483074,-0.712071666573206,-1.2679796378323882,0.27418818320698146,1.6890271690121041,1.0,10,0
391,-1.8859916108294137,0.5183991139273036,-1.3268805653585676,-1.306818803057679,-1.3237245133469744,0.0018858012851556995,0.0,0,1
4398,-0.5101588045634277,-1.1491900740962095,-0.712071666573206,-0.6465529942277348,-0.940225466174025,1.144914291717334,0.0,0,1
4886,-0.3381797037801794,-1.6134273572089823,1.1323550297828793,0.5445147393478507,1.4246853247258295,-0.6391104840171358,0.0,0,0
4208,0.9516635520941825,1.5079575331940038,0.5175461309975176,0.2855869711792452,-0.7143871383943993,0.43541458661174387,1.0,20,1
1818,0.9516635520941825,0.40844817845322584,0.5175461309975176,0.36326530162982695,0.6065540240902042,0.44128630830916965,1.0,0,1
401,-0.16620060299693115,-0.3856419110817804,-0.712071666573206,-0.5818210521855834,0.15487736853095274,0.04592371401584778,0.0,25,1
711,0.005778497786317116,0.7810596820042672,1.7471639285682412,0.9199600031923287,-0.13061636658668735,0.4589014734014463,0.0,20,1
1040,0.6936949009193102,1.0253950941688845,-0.712071666573206,-1.306818803057679,-0.5609875195252194,-0.29561476471773995,0.0,0,1
4292,-1.6280229596545415,-0.6421940938546286,-0.712071666573206,1.7226360845150064,-0.7697814452082697,-1.1382068282983098,1.0,10,1
3360,0.17775759856956538,0.1580043809844931,1.1323550297828793,0.47978279730569956,1.3820743194843907,-0.1723086090718031,0.0,0,0
47,0.8656740017025585,1.2452969651170402,1.7471639285682412,1.4637083163464004,0.4488933046968806,0.9423398931561517,0.0,10,0
1562,0.17775759856956538,-1.5218015776472509,-0.712071666573206,0.3762116900382572,2.2300333237890237,-0.2525554722699526,0.0,0,0
4810,-0.08021105260530702,-1.564560274776059,-0.712071666573206,-0.3358396724254082,0.7173426377179452,0.320916013511945,0.0,20,1
3643,-0.08021105260530702,-0.5933270114217052,-0.09726276778784416,0.026659203010639593,-0.2541882817868599,0.9981212492816947,0.0,20,0
3727,0.2637471489611895,1.3185975887664254,-0.712071666573206,0.5833539045731415,-0.11357196449011184,2.0266511666140743,1.0,20,1
4854,-1.8000020604377898,-0.39175029638589587,-0.09726276778784416,1.1529949945440738,1.407640922629254,-0.5304836326147627,0.0,10,1
1113,-1.1980752076964207,-0.47726769064351193,-0.712071666573206,-1.306818803057679,0.24862158006211815,0.46673043566468025,0.0,0,1
2514,0.8656740017025585,0.5611578110561116,0.5175461309975176,-0.23226856515796585,-0.7783036462565575,0.755423419121438,1.0,10,1
3609,0.7796844513109343,0.054161830814530736,-0.09726276778784416,-1.2032476957902367,-0.4800266095664857,0.204460199846338,1.0,10,1
1224,0.7796844513109343,1.0681537912976926,-0.09726276778784416,0.8163888959248867,-1.3237245133469744,0.31504429181451993,1.0,0,0
4079,-0.42416925417180357,-0.6788444056793212,-0.09726276778784416,0.51862196253099,-1.3237245133469744,-1.0041358495404258,0.0,20,1
3024,-0.7681274557383001,-0.8498791941945534,0.5175461309975176,1.4507619279379702,-0.4757655090423418,-0.03236590861649362,1.0,20,1
2422,-0.25219015338855527,-0.2756909756077026,-0.09726276778784416,0.5833539045731415,-0.6163818263390899,1.4893886312996347,1.0,0,0
1509,2.0695277071852964,0.4206649490614567,1.7471639285682412,0.27264058277081493,0.5724652198970532,0.6614758719626287,0.0,20,0
1751,-0.7681274557383001,0.2374133899379937,-0.712071666573206,0.7775497306995959,0.8536978544905495,-0.343567158580049,1.0,0,1
4848,0.6936949009193102,0.1580043809844931,-1.3268805653585676,0.6610322350237232,-1.0339696777051903,1.4561155416808893,1.0,0,1
4106,0.7796844513109343,0.7566261407878055,1.1323550297828793,0.8034425075164564,0.10800526276537004,0.4334573460459357,1.0,10,1
1800,-0.42416925417180357,1.1658879561635396,-0.09726276778784416,0.4021044668551178,1.083797282794319,0.9031950818399813,1.0,20,1
339,1.209632203269055,0.8726854615659987,-0.09726276778784416,-1.2032476957902367,0.3082769874001325,-0.4942746821473053,0.0,0,0
216,1.0376531024858067,-0.15352326952539397,-0.712071666573206,0.24674780595395435,-0.024088853483090308,0.4099704592562332,0.0,10,1
3664,0.34973669935281365,0.7077590583548821,0.5175461309975176,1.8650463570077391,-0.4033268001318958,0.2798139616299665,1.0,5,0
1342,0.4357262497444378,-0.013030407530739023,-0.712071666573206,-1.164408530564946,-1.3237245133469744,0.3218946337948498,0.0,0,0
12,0.7796844513109343,-0.7949037264575144,-0.09726276778784416,-0.8278024319457586,-0.7101260378702553,-0.4707877953576028,1.0,0,0
1521,-1.2840647580880449,0.3229307841956098,-0.712071666573206,0.7257641770658747,-0.1476607686832629,0.5499131597115428,0.0,0,0
3641,-1.6280229596545415,-0.019138792834854458,-0.712071666573206,-0.6336066058193045,0.8835255581595566,-1.1695226773512462,1.0,0,0
3956,-1.8859916108294137,-1.8699795399818306,-1.3268805653585676,-0.18048301152424487,-1.3237245133469744,-0.6997849415572002,1.0,20,1
3794,0.7796844513109343,0.6955422877466512,2.9767817261389644,-0.4911963333265715,0.7471703413869524,-0.7144642458007643,0.0,0,0
3005,-0.25219015338855527,0.03583667490218444,-0.712071666573206,-0.012179962214651098,-0.00704445138651478,-0.6342173826026147,1.0,0,1
2865,-1.1120856573047966,-1.692836366162483,-0.712071666573206,0.03960559141906988,-1.3237245133469744,-0.3670540453697508,0.0,0,0
3116,0.7796844513109343,-0.055789104659547055,-0.09726276778784416,-0.7242313246783165,0.20174947429653545,-0.14784310199919654,1.0,15,0
4851,-0.3381797037801794,0.13357083976803136,-0.09726276778784416,-0.10280468107366313,0.15913846905509663,-1.784096215015123,1.0,20,1
2323,1.209632203269055,1.9294361191779685,1.1323550297828793,-0.5947674405940137,0.022783252282492394,2.036437369443117,0.0,0,0
2572,0.6936949009193102,0.9154441586948068,1.1323550297828793,0.4150508552635481,0.9857919707390098,0.48532422103986106,0.0,10,1
2914,-1.8859916108294137,-1.8699795399818306,-1.3268805653585676,-0.21932217674953555,-1.3237245133469744,-2.3350594342902227,0.0,0,0
102,1.3816113040523033,2.1432296048220087,1.7471639285682412,1.3212980438536677,0.43184890260030506,2.256626933096576,1.0,5,1
3550,0.607705350527686,1.9599780456985458,1.7471639285682412,0.5833539045731415,1.369291017911959,1.6303099520378481,1.0,20,0
1459,1.811559056010424,0.5428326551437653,-0.09726276778784416,-0.47824994491814116,0.542637516228046,-0.2995292458493569,0.0,20,0
172,0.4357262497444378,0.11524568385568507,-0.09726276778784416,0.9846919452344801,0.5468986167521899,0.6830055181865223,0.0,20,0
108,-0.3381797037801794,-0.5322431583805508,1.1323550297828793,-0.4911963333265715,1.3096356105739448,0.813162015812789,0.0,20,1
4206,-0.25219015338855527,-0.4039670669941267,-0.712071666573206,0.609246681390002,0.2571437811104059,0.17510159135921044,0.0,0,1
3570,0.8656740017025585,-0.23904066378301003,-0.712071666573206,1.619064977247564,-1.3237245133469744,-0.025515566636163757,1.0,0,0
4306,0.005778497786317116,0.023619904293953574,0.5175461309975176,-1.306818803057679,-0.21583837706956502,0.6056945158370857,1.0,0,1
4082,0.8656740017025585,0.16411276628860852,-0.09726276778784416,1.774421638148727,0.6576872303799308,0.9658267799458542,0.0,0,0
3880,0.34973669935281365,-0.5750018555093589,0.5175461309975176,0.46683640889726924,2.0127171970576856,-0.11065553124883433,0.0,0,1
4690,-0.5961483549550518,0.7749512967001518,-0.09726276778784416,-0.7760168783120376,-1.298157910202111,-0.6469394462803701,1.0,0,0
4089,-0.42416925417180357,-1.79057053102833,-0.09726276778784416,1.7226360845150064,-0.505593212711349,-1.5550990688155255,0.0,25,0
61,-1.7140125100461656,-1.8272208428530226,-0.712071666573206,0.026659203010639593,-1.1703248944777946,-0.6312815217539018,0.0,0,1
1241,1.295621753660679,1.666775551101005,3.5915906249243266,1.5672794236138428,-1.2725913070572479,0.9227674874980668,1.0,20,1
4648,-0.7681274557383001,0.4756404167984956,-0.712071666573206,0.9070136147838987,-0.30532148807658654,1.7193643977821365,1.0,5,1
1041,-0.9401065565215483,1.4713072213693112,1.7471639285682412,-0.038072739031511676,0.8451756534422616,-0.5627781019506033,1.0,5,1
4197,0.2637471489611895,-1.1614068447044403,-0.712071666573206,-0.32289328401697787,-1.3237245133469744,-0.9131241632303293,0.0,20,1
2761,-0.682137905346676,-0.2329322784788946,-0.09726276778784416,-0.038072739031511676,-0.8038702494014207,-1.0745965099095327,1.0,0,1
2121,0.607705350527686,0.8421435350454216,-0.09726276778784416,0.2985333595876755,0.4020211989312979,0.691813100732661,1.0,0,1
1525,-0.42416925417180357,-0.037463948747200757,0.5175461309975176,-0.06396551584837226,-0.9146588630291617,-0.7399083731562749,1.0,20,1
3522,0.005778497786317116,-0.8559875794986688,-0.712071666573206,-0.06396551584837226,-0.360715794890457,-1.1519075122589695,1.0,30,1
154,-0.5101588045634277,0.9704196264318456,-0.09726276778784416,-0.25816134197482643,-1.2598080054848162,1.199717027559973,1.0,15,1
2249,-0.08021105260530702,0.7749512967001518,-0.09726276778784416,-0.025126350623081387,0.005738850185916867,0.204460199846338,1.0,0,0
482,1.4676008544439274,0.22519661932976287,0.5175461309975176,-1.306818803057679,-1.2342414023399528,0.06941060080554957,1.0,30,1
4243,-1.1120856573047966,-1.8699795399818306,-0.712071666573206,0.18201586391180308,0.3466268921174274,-1.3701398353466199,0.0,0,1
4316,-0.08021105260530702,0.11524568385568507,-0.712071666573206,0.2596941943623846,1.7826177687539158,-0.13218517747272798,0.0,0,1
3579,0.607705350527686,1.7889432571833137,-0.09726276778784416,0.0007664261937791922,-1.3237245133469744,2.584464727869504,0.0,0,1
4490,-0.3381797037801794,-1.2530326242661718,-0.712071666573206,0.1561230870949425,0.18044397167581602,-1.1832233613119059,1.0,0,1
3563,-1.2840647580880449,-1.0636726798385934,-1.3268805653585676,-1.306818803057679,-0.5482042179527878,-0.7956897292818179,1.0,30,1
3316,0.8656740017025585,0.8299267644371907,2.9767817261389644,0.33737252481296637,-0.9103977625050178,-0.8455993637099355,0.0,20,1
1763,-0.682137905346676,-0.6299773232463978,-0.09726276778784416,-0.18048301152424487,0.07391645857221898,-0.003985920412270097,0.0,0,1
3539,0.8656740017025585,1.5262826891063501,0.5175461309975176,1.0105847220513406,-0.053916557152097484,0.6732193153574796,1.0,15,0
4814,0.005778497786317116,0.09692052794333877,-0.09726276778784416,-0.32289328401697787,-0.6589928315805288,-0.5666925830822209,0.0,0,1
751,0.005778497786317116,0.34125594010795607,1.7471639285682412,3.4056665776109423,1.5056462346845634,0.4706449167962972,1.0,15,0
3620,-0.25219015338855527,-0.12298134300481682,-0.09726276778784416,-0.23226856515796585,0.0952219611929384,-0.3876050713107404,0.0,20,0
1786,1.295621753660679,-0.3856419110817804,1.7471639285682412,1.3989763743042491,1.445990827346549,-0.7859035264527752,0.0,0,1
4281,1.4676008544439274,-0.44672576412293474,-1.3268805653585676,0.5963002929815718,-1.0936250850432048,0.054731296561985776,0.0,15,0
3384,-0.682137905346676,-1.0758894504468244,-0.09726276778784416,0.8034425075164564,-0.30532148807658654,-0.7311007906101366,0.0,0,0
4148,2.0695277071852964,0.14578761037626223,-1.3268805653585676,-0.5300354985518623,-0.8336979530704279,-0.7585021585314561,1.0,5,0
406,-0.25219015338855527,0.9154441586948068,-0.712071666573206,0.557461127756281,0.19322727324824768,1.3543390322588462,1.0,0,0
758,0.8656740017025585,-0.013030407530739023,1.7471639285682412,-0.06396551584837226,1.092319483842607,0.027329928640666325,0.0,10,1
2712,0.6936949009193102,1.2758388916376173,-0.712071666573206,1.528440258388552,-0.684559434725392,0.0860471456149222,1.0,20,0
2671,0.6936949009193102,0.5183991139273036,-0.712071666573206,0.4927291857141298,-1.3237245133469744,-0.1312065571898239,0.0,0,0
4002,0.9516635520941825,-0.5688934702052434,-0.712071666573206,-1.306818803057679,-0.18174957287641394,-0.2672347765135164,0.0,0,1
98,-1.0260961069131724,1.5934749274516198,1.7471639285682412,1.3342444322620977,0.6022929235660603,2.2253110840436396,1.0,10,1
1334,0.2637471489611895,-1.5218015776472509,1.1323550297828793,0.7904961191080262,0.41054339997958567,0.8102261549640761,1.0,0,1
4462,-0.08021105260530702,0.18243792220095484,-0.09726276778784416,-1.306818803057679,0.33810469106913965,-0.1145700123804513,1.0,0,1
2792,-0.08021105260530702,-1.4729344952143275,-0.712071666573206,1.2824588786283768,-1.3237245133469744,-1.0149006726523728,0.0,0,1
2855,-0.8541170061299242,-0.013030407530739023,-0.712071666573206,-0.1286974578905237,-0.03687215505552195,-1.3055508966749387,0.0,0,1
187,0.17775759856956538,0.6344584347054969,-0.09726276778784416,0.18201586391180308,0.5383764157039022,0.9707198813603752,1.0,10,1
4404,1.6395799552271757,1.3980065977199259,-0.712071666573206,0.35031891322139663,-0.8890922598842984,1.7164285369334236,1.0,0,1
2724,0.17775759856956538,-1.821112457548907,-0.09726276778784416,0.738710565474305,0.08669976014465063,-0.49916778356182634,0.0,0,0
3584,-0.08021105260530702,-1.1491900740962095,-0.712071666573206,-1.306818803057679,0.17618287115167217,-1.3760115570440454,0.0,5,0
2059,-0.5961483549550518,1.0559370206894618,1.7471639285682412,1.2047805481777951,-0.9189199635533055,1.6224809897746142,1.0,25,1
1320,1.209632203269055,1.483523991977542,2.9767817261389644,2.4346874469786712,0.2315771779655426,0.3825690913349138,1.0,15,1
149,1.1236426528774308,0.5428326551437653,-0.09726276778784416,1.5672794236138428,-0.4033268001318958,0.5694855653696282,1.0,10,1
29,0.4357262497444378,0.9582028558236148,-0.09726276778784416,0.7516569538827352,0.07391645857221898,1.4668803647928361,1.0,20,1
4150,-1.8000020604377898,-0.6849527909834366,-1.3268805653585676,0.7646033422911656,0.6917760345730819,-0.35628922225780396,1.0,0,0
4220,-0.42416925417180357,-0.691061176287552,-1.3268805653585676,-0.8278024319457586,-0.08800536134524854,0.3982270158613823,1.0,0,1
3364,-0.9401065565215483,-0.9537217443645157,0.5175461309975176,0.5056755741225601,0.7812591455801035,0.2308829474847534,1.0,10,1
693,0.9516635520941825,0.212979848721532,-0.09726276778784416,0.16906947550337278,0.252882680586262,0.05962439797650751,0.0,0,0
2867,0.5217158001360619,0.09081214263922334,2.3619728273536027,0.5315683509394203,0.19748837377239156,0.27296361964963667,1.0,10,1
3777,-0.9401065565215483,0.0847037573351079,-0.712071666573206,0.2985333595876755,0.8963088597319883,0.31308705124871106,1.0,25,1
1387,1.295621753660679,1.990519972219123,-0.712071666573206,-1.2550332494239578,-0.543943117428644,1.0617315676704715,1.0,0,1
1846,-1.8859916108294137,-0.3734251404735496,1.1323550297828793,1.3342444322620977,0.7684758440076718,-0.2897430430203142,1.0,10,0
4741,-0.25219015338855527,1.5201743038022346,1.1323550297828793,0.3114797479961058,-1.3237245133469744,1.8211409072041795,1.0,20,1
130,-0.9401065565215483,-0.41007545229824216,-0.712071666573206,-0.284054118791687,-1.3237245133469744,0.44715803000659543,0.0,0,0
1600,-1.1120856573047966,0.5916997375766888,-0.09726276778784416,-0.038072739031511676,0.9943141717872975,-0.22026100293411144,1.0,25,1
3630,0.6936949009193102,1.611800083363966,-1.3268805653585676,-0.32289328401697787,-1.3237245133469744,0.4461794097236907,0.0,0,0
4514,-0.7681274557383001,-0.6666276350710904,0.5175461309975176,-1.306818803057679,2.3152553342719013,-0.1723086090718031,0.0,5,1
702,-0.25219015338855527,0.9093357733906914,-0.712071666573206,-1.306818803057679,1.2798079069049377,-0.10380518926850446,0.0,0,0
4418,0.34973669935281365,-0.03135556344308532,-0.09726276778784416,-1.073783811705934,0.3594101936898591,0.3473387611503604,1.0,10,1
3029,-0.8541170061299242,-0.24514904908712548,0.5175461309975176,0.1302303102780819,-0.5013321121872051,-0.11163415153173839,0.0,10,0
2970,0.005778497786317116,1.4468736801528495,1.1323550297828793,0.7904961191080262,0.06539425752393122,1.4512224402663683,1.0,15,0
4367,0.4357262497444378,0.8971190027824605,-1.3268805653585676,-0.8019096551288981,-1.3237245133469744,1.140021190302813,0.0,20,0
1709,1.0376531024858067,1.2330801945088092,1.7471639285682412,0.20790864072866364,1.083797282794319,0.7975040912863212,0.0,0,1
2954,-1.8859916108294137,-0.660519249766975,0.5175461309975176,0.738710565474305,-1.2811135081055356,0.18488779418825319,0.0,0,1
455,0.09176804817794125,-0.6360857085505132,-0.09726276778784416,-0.2970005072001173,2.4643938526169373,-0.0020286798464612663,0.0,10,0
2869,0.09176804817794125,0.8299267644371907,1.1323550297828793,-1.306818803057679,0.7812591455801035,0.3434242800187434,0.0,0,1
2041,0.9516635520941825,0.5733745816643425,0.5175461309975176,0.6998714002490141,1.8380120755677862,-0.27017063736222935,0.0,0,0
1773,-1.370054308479669,-0.6727360203752057,-0.09726276778784416,0.5963002929815718,-0.23288277916614053,0.527404893204745,0.0,15,0
2316,0.34973669935281365,0.14578761037626223,-0.09726276778784416,-1.306818803057679,-0.360715794890457,-0.8211338566373289,0.0,0,0
610,0.5217158001360619,0.6711087465301895,-0.09726276778784416,-0.9184271508047707,-0.37349909646288865,0.7368296337462564,0.0,0,1
168,0.4357262497444378,-0.8071204970657453,-0.712071666573206,-0.19342939993267516,-0.18174957287641394,-0.4502367694166132,0.0,10,0
731,0.4357262497444378,-1.7783537604200992,1.1323550297828793,1.0753166640934921,0.014261051234204632,-0.0852114038933237,0.0,25,1
4259,1.5535904048355516,-0.7216031028081292,0.5175461309975176,-1.306818803057679,0.9176143623527077,-0.29267890386902706,1.0,0,0
3359,-1.0260961069131724,1.385789827111695,0.5175461309975176,-0.18048301152424487,0.2656659821586937,1.0000784898475035,0.0,0,0
2075,0.09176804817794125,1.1109124884265007,2.9767817261389644,1.023531110459771,0.2997547863518447,-0.10380518926850446,0.0,25,1
4700,0.005778497786317116,1.5629330009310427,-0.712071666573206,0.453890020488839,0.27418818320698146,2.1401711194309687,1.0,20,0
3701,-0.08021105260530702,-1.3263332479155572,-0.712071666573206,0.5056755741225601,-1.3237245133469744,-1.3133798589381727,0.0,0,1
1623,0.7796844513109343,1.6728839364051205,0.5175461309975176,0.22085502913709376,0.0696553580480751,0.6849627587523311,0.0,5,0
588,-0.8541170061299242,0.2740637017626863,-0.712071666573206,-0.5947674405940137,-0.13061636658668735,0.7622737611017678,0.0,0,1
1402,-0.3381797037801794,-1.0636726798385934,-0.09726276778784416,-0.11575106948209342,0.5042876115107511,0.5998227941396599,0.0,0,1
3046,-0.3381797037801794,0.15189599568037768,-0.712071666573206,-0.6724457710445954,-1.051014079801766,0.3091725701170941,1.0,0,0
3225,0.2637471489611895,0.945986085215384,-0.09726276778784416,-0.8278024319457586,0.15487736853095274,1.848542275125499,1.0,25,0
1701,-1.1980752076964207,-1.3324416332196725,-0.712071666573206,0.013712814602209302,2.0553282022991244,-0.39641265385687907,0.0,10,0
3089,0.17775759856956538,0.4939655727108419,-1.3268805653585676,0.453890020488839,-0.032611054531378074,-0.4923174415814965,1.0,10,1
4401,-0.08021105260530702,-0.831554038282207,-0.09726276778784416,0.026659203010639593,0.7514314419110962,-0.5246119109173369,1.0,0,0
2982,1.6395799552271757,0.9948531676483074,1.7471639285682412,-0.07691190425680254,1.3266800126705203,0.760316520535959,0.0,25,1
41,0.7796844513109343,0.3779062519326487,0.5175461309975176,-1.306818803057679,1.3479855152912397,-1.0374089391591705,0.0,0,1
1380,1.5535904048355516,0.7016506730507667,0.5175461309975176,-0.012179962214651098,-1.0211863761327586,0.9002592209912684,0.0,10,1
2090,0.5217158001360619,0.20687146341741655,-0.09726276778784416,-0.9961054812553524,1.5653016420225778,0.4833669804740529,0.0,5,1
2176,0.09176804817794125,1.3002724328540791,1.1323550297828793,-0.10280468107366313,1.2116302985186356,2.125491815187405,1.0,20,1
3218,1.209632203269055,-0.422292222906473,-0.712071666573206,-1.1385157537480854,0.4275878020761612,-1.601094222112026,1.0,0,1
2886,0.34973669935281365,-1.1919487712250176,1.7471639285682412,0.7646033422911656,1.3266800126705203,-1.3006577952604172,0.0,0,1
75,0.17775759856956538,1.2086466532923474,-0.09726276778784416,-1.0996765885227946,0.022783252282492394,0.5694855653696282,1.0,0,0
3928,-1.4560438588712932,-1.1797320006167866,-1.3268805653585676,-1.216194084198667,-1.2342414023399528,-1.2967433141288003,0.0,25,1
3909,-1.0260961069131724,-0.9842636708850928,-0.712071666573206,0.829335284333317,1.2840690074290815,-0.291700283586123,1.0,0,0
2658,-0.9401065565215483,-0.8620959648027842,-0.09726276778784416,-1.0608374232975037,-0.7143871383943993,-0.982606203316532,0.0,0,1
3181,-1.0260961069131724,-0.31234128743239525,-0.09726276778784416,-1.306818803057679,-0.24566608073857218,-1.3290377834646407,0.0,5,0
2077,0.005778497786317116,0.524507499231419,2.3619728273536027,0.738710565474305,0.4233267015520173,-0.08619002417622777,1.0,15,1
442,0.34973669935281365,-1.057564294534478,-0.09726276778784416,1.619064977247564,-0.1263552660625435,0.07332508193716723,0.0,0,0
4070,-1.8859916108294137,-1.7844621457242145,-0.712071666573206,0.7646033422911656,-0.35219359384216925,-0.676298054767498,1.0,0,0
2052,-1.2840647580880449,0.9582028558236148,-0.712071666573206,0.05255197982750017,-0.11357196449011184,1.3543390322588462,1.0,5,1
2542,0.4357262497444378,-0.15963165482950942,-1.3268805653585676,-1.306818803057679,0.018522151758348513,-0.4179423000807727,1.0,0,1
3307,0.5217158001360619,-1.0514559092303626,-0.09726276778784416,-0.8148560435373283,0.8963088597319883,-0.9855420641652449,1.0,0,0
1302,-1.8859916108294137,-1.6134273572089823,-0.712071666573206,-1.216194084198667,0.15487736853095274,-1.1783302598973844,1.0,0,0
1782,0.09176804817794125,-0.0008136369225081579,-0.09726276778784416,0.9846919452344801,-1.3237245133469744,0.4872814616056699,0.0,20,1
4825,0.7796844513109343,0.26184693115445545,-0.09726276778784416,0.557461127756281,-0.8123924504497085,-0.46295883309436886,1.0,5,1
3431,-1.6280229596545415,-0.7521450293287064,-0.712071666573206,-0.8666415971710495,-1.3237245133469744,0.21718226352409367,1.0,15,1
1305,-0.25219015338855527,0.7688429113960363,-0.712071666573206,-0.8019096551288981,-1.0637973813741977,2.288921402432417,0.0,0,0
237,-1.8859916108294137,-1.760028604507753,-1.3268805653585676,0.06549836823593046,-0.20305507549713336,-1.1382068282983098,0.0,0,0
2600,1.0376531024858067,-0.013030407530739023,-0.09726276778784416,-1.306818803057679,-1.3109412117745427,1.187973584165122,0.0,15,0
521,-1.0260961069131724,0.09692052794333877,-0.09726276778784416,-0.10280468107366313,-0.5865541226700828,0.6790910370549054,1.0,0,1
2574,0.17775759856956538,0.48785718740672646,-0.09726276778784416,1.5154938699801217,1.8678397792367933,1.5510417091226028,1.0,15,1
3281,1.811559056010424,1.2514053504211555,2.9767817261389644,1.1529949945440738,-0.2967992870282988,0.07626094278587944,0.0,25,1
3187,-1.0260961069131724,1.086478947210039,-0.09726276778784416,-1.2420868610155276,0.24862158006211815,0.04494509373294302,1.0,0,1
2769,0.8656740017025585,0.6405668200096123,0.5175461309975176,-0.34878606083383845,-0.867786757263579,0.4686876762304891,0.0,5,0
736,0.17775759856956538,-1.6317525131213286,-0.09726276778784416,0.3114797479961058,0.4531544052210245,-1.2145392103648422,1.0,0,0
4714,-0.9401065565215483,-0.6849527909834366,-1.3268805653585676,-0.20637578834110526,-0.5609875195252194,0.6546255299822988,0.0,20,0
4940,-0.9401065565215483,-1.8150040722447918,-0.09726276778784416,-0.4394107796928503,-1.3237245133469744,-0.19090239444698387,1.0,0,0
2107,1.4676008544439274,1.0986957178182697,1.7471639285682412,0.6869250118405839,0.7130815371938013,0.867964751655428,0.0,15,1
2680,0.4357262497444378,-0.4833760759476274,0.5175461309975176,-1.0608374232975037,1.2925912084773692,0.20152433899762512,1.0,20,0
3230,-1.4560438588712932,-0.6421940938546286,-1.3268805653585676,0.8422816727417473,-1.3237245133469744,-0.24276926944090987,1.0,20,0
2762,-1.6280229596545415,-1.6989447514665985,-0.712071666573206,0.557461127756281,-0.3862823980353203,0.2220753649386147,1.0,25,0
593,1.897548606402048,1.7828348718791982,0.5175461309975176,-1.306818803057679,0.1420940669585211,1.1106625818156848,0.0,20,0
1304,0.7796844513109343,-0.6177605526381669,-0.09726276778784416,1.8132608033740178,0.7897813466283912,-0.4825312387524537,1.0,0,1
1388,-1.1120856573047966,-1.8699795399818306,-0.09726276778784416,0.9070136147838987,-0.3308880912214498,-1.9377395994310922,0.0,0,0
4706,0.607705350527686,0.524507499231419,0.5175461309975176,-1.125569365339655,1.8891452818575127,1.1644866973754195,1.0,15,1
4537,-0.9401065565215483,-0.5933270114217052,-0.09726276778784416,0.3114797479961058,-1.3237245133469744,-0.003985920412270097,1.0,0,0
3966,-0.8541170061299242,0.48174880210261106,-0.09726276778784416,0.11728392186965161,-1.3237245133469744,-0.6606401302410299,1.0,0,1
1891,1.0376531024858067,-0.46505092003528103,0.5175461309975176,0.16906947550337278,0.9474420660217149,-1.66861902163242,0.0,0,1
2988,1.6395799552271757,0.7383009848754593,0.5175461309975176,1.1659413829525043,0.26992708268283755,-0.47274503592341166,0.0,20,1
4935,-0.42416925417180357,-0.013030407530739023,1.1323550297828793,1.3212980438536677,0.37219349526229073,0.09779058900977379,1.0,10,1
3298,-0.08021105260530702,-0.30012451682416436,0.5175461309975176,0.07844475664436075,-0.8166535509738524,-0.17622309020342006,1.0,25,1
905,-0.5961483549550518,-0.013030407530739023,1.1323550297828793,-1.306818803057679,-0.4501989058974785,-0.21634652180249447,1.0,0,1
4620,0.607705350527686,0.5672661963602271,-0.712071666573206,-1.306818803057679,-1.051014079801766,-1.0364303188762665,0.0,25,1
1280,-0.25219015338855527,-1.8699795399818306,-0.712071666573206,0.35031891322139663,-0.5609875195252194,-0.8994234792696696,0.0,25,1
934,1.7255695056187998,0.8238183791330753,2.9767817261389644,1.3471908206705279,0.29549368582770086,-0.014750743524216925,0.0,20,1
4910,-0.08021105260530702,-0.28179936091181806,-0.712071666573206,-1.1385157537480854,-1.3237245133469744,-0.4707877953576028,0.0,30,1
2309,1.295621753660679,-0.043572334051316185,-1.3268805653585676,2.1110277367679147,1.1647581927530528,-0.28191408075708024,1.0,0,1
1556,-0.682137905346676,-0.29401613152004896,1.1323550297828793,0.46683640889726924,1.3905965205326787,0.1731443507934016,1.0,0,1
4544,-1.0260961069131724,-1.1064313769674015,-1.3268805653585676,1.8132608033740178,-1.012664175084471,-1.2977219344117044,1.0,10,1
3191,-1.4560438588712932,-0.19017358135008658,-1.3268805653585676,0.648085846615293,-0.22009947759370888,-0.6449822057145617,0.0,0,1
4452,-0.25219015338855527,-0.4039670669941267,-0.09726276778784416,0.8811208379670382,-1.2725913070572479,0.9178743860835451,1.0,20,0
707,-0.9401065565215483,0.4450984902779184,0.5175461309975176,-0.9572663160300615,0.8963088597319883,0.5000035252834255,1.0,20,0
4701,0.8656740017025585,-0.07411426057189335,1.1323550297828793,2.175759678810066,0.2358382784896865,0.021458206943241222,0.0,25,0
3071,0.8656740017025585,1.9111109632656222,1.1323550297828793,2.0721885715426236,-1.1447582913329313,-0.48644571988407137,0.0,20,1
746,0.9516635520941825,1.2514053504211555,1.1323550297828793,1.3860299858958187,-1.3237245133469744,1.361189374239176,0.0,30,0
3595,-0.42416925417180357,-0.3550999845612033,-0.09726276778784416,-0.6853921594530257,1.11788608698747,1.1145770629473024,0.0,15,0
1940,-0.8541170061299242,-0.5261347730764354,-0.09726276778784416,0.9458527800091893,-0.46298220746991015,-0.7653525005117859,0.0,10,0
4411,1.4676008544439274,-0.23904066378301003,1.7471639285682412,3.353881023977221,0.19748837377239156,-0.2740851184938463,1.0,0,1
2863,-0.7681274557383001,-1.338550018523788,-0.712071666573206,-0.07691190425680254,0.8451756534422616,-1.4278784320379714,1.0,0,1
4707,0.4357262497444378,-0.013030407530739023,-0.712071666573206,-0.21932217674953555,-0.143399668159119,-1.426899811755067,1.0,20,1
514,-0.08021105260530702,-0.6238689379422823,-0.712071666573206,-0.3617324492422687,-0.30106038755244263,-1.2497695405493956,0.0,15,0
82,-0.682137905346676,-0.9415049737562848,-1.3268805653585676,-0.23226856515796585,-1.051014079801766,0.03613751118680502,0.0,0,0
4987,0.4357262497444378,0.9276609293030377,-0.712071666573206,0.03960559141906988,2.2683832285063183,0.7779316856282357,1.0,0,1
1309,-1.8859916108294137,0.20687146341741655,-0.09726276778784416,-0.11575106948209342,-1.0723195824224854,0.05668853712779461,1.0,0,0
4559,0.7796844513109343,-0.0069220222266235905,0.5175461309975176,-0.931373539213201,-0.578031921621795,0.30819394983419,1.0,0,1
915,1.0376531024858067,0.9826363970400765,-0.09726276778784416,-0.284054118791687,-1.3237245133469744,0.3277663554922749,0.0,30,1
3453,1.983538156793672,0.029728289598069006,0.5175461309975176,0.32442613640453605,-0.5908152231942266,-1.9064237503781558,0.0,15,0
3696,-0.7681274557383001,0.18854630750507026,-1.3268805653585676,0.18201586391180308,0.8707422565871249,1.1458929120002381,0.0,0,1
4815,0.17775759856956538,0.5855913522725734,1.1323550297828793,0.609246681390002,-0.5695097205735072,0.5792717681986703,0.0,20,1
3157,2.757444110318289,1.1781047267717704,0.5175461309975176,-1.306818803057679,0.9090921613044199,0.12910643806271022,0.0,0,0
2199,-0.25219015338855527,-1.0697810651427089,1.1323550297828793,1.7614752497402968,-1.2470247039123845,0.14280712202336923,0.0,0,1
4242,-0.8541170061299242,0.1213540691598005,1.1323550297828793,2.3181699513027993,0.44037110364859283,0.0077575229825814955,1.0,20,1
775,0.005778497786317116,2.314264393337241,1.7471639285682412,-0.6336066058193045,2.0084560965335414,1.86713606050068,0.0,10,0
330,-0.5101588045634277,0.24352177524210916,0.5175461309975176,0.23380141754552405,0.8451756534422616,0.02047958666033646,0.0,25,0
2055,0.34973669935281365,0.9826363970400765,-0.09726276778784416,-1.306818803057679,0.20601057482067933,0.5362124757508829,0.0,30,1
2002,-0.682137905346676,-1.1736236153126713,0.5175461309975176,0.7257641770658747,-1.3237245133469744,-1.72831485888958,1.0,20,0
944,1.209632203269055,-1.8699795399818306,-0.712071666573206,-0.5170891101434321,-0.5226376148079245,-2.3673539036260633,0.0,0,0
823,-1.1980752076964207,-0.47726769064351193,-0.09726276778784416,0.7516569538827352,1.7442678640366207,0.6370103648900222,0.0,0,0
4538,0.34973669935281365,0.75051775548369,1.1323550297828793,2.253438009260648,1.5099073352087073,0.4021414969929993,1.0,0,0
910,-1.1120856573047966,0.6833255171384203,1.7471639285682412,1.43781553952954,0.6278595267109237,-0.20264583784183476,1.0,0,1
2517,0.005778497786317116,0.7138674436589975,1.7471639285682412,0.8811208379670382,0.9218754628768515,1.5520203294055075,1.0,0,0
182,0.2637471489611895,0.04194506020629987,-0.712071666573206,0.1302303102780819,-0.1945328744488456,0.4373718271775527,0.0,10,1
165,0.8656740017025585,-0.4161838376023576,-0.712071666573206,-0.19342939993267516,-0.4161101017043275,-0.9669482787900638,0.0,25,1
1524,-0.16620060299693115,0.4573152608861493,-0.09726276778784416,-0.840748820354189,-1.3237245133469744,0.4403076880262656,0.0,5,1
452,0.34973669935281365,-0.6421940938546286,-0.09726276778784416,1.0494238872766315,-0.9530087677464566,-1.3897122410047051,0.0,0,1
2539,0.607705350527686,-0.9048546619315923,-0.712071666573206,-1.306818803057679,1.0241418754563048,0.5743786667841493,0.0,10,0
4689,-0.16620060299693115,-0.3734251404735496,0.5175461309975176,-0.19342939993267516,1.4204242242016858,-0.9963068872771917,0.0,0,0
4786,-1.6280229596545415,-0.6788444056793212,-1.3268805653585676,1.360137209078958,0.252882680586262,0.2807925819128706,1.0,20,1
1312,0.8656740017025585,1.5323910744104654,2.3619728273536027,-0.6336066058193045,0.0696553580480751,1.3964197044237294,0.0,20,1
3150,0.2637471489611895,0.6955422877466512,1.1323550297828793,0.9199600031923287,0.8963088597319883,0.5303407540534572,1.0,25,1
1112,-0.25219015338855527,-0.33677482864885694,-0.712071666573206,0.6610322350237232,0.5682041193729093,0.5822076290473832,0.0,0,0
4558,0.5217158001360619,0.11524568385568507,0.5175461309975176,-0.6853921594530257,-1.3237245133469744,-0.6988063212742961,0.0,0,1
3875,-1.2840647580880449,-0.7643617999369373,-1.3268805653585676,-1.306818803057679,-0.6206429268632339,-1.1254847646205544,0.0,0,0
3490,-0.25219015338855527,-1.8088956869406763,0.5175461309975176,0.1302303102780819,0.022783252282492394,0.43541458661174387,0.0,0,0
1288,0.005778497786317116,-0.886529506019246,0.5175461309975176,-1.1773549189733763,-0.15192186920740677,-0.43751470573885826,0.0,20,0
4546,0.005778497786317116,0.8910106174783451,-0.09726276778784416,0.27264058277081493,-1.3237245133469744,0.024394067791954122,0.0,0,0
4656,-0.08021105260530702,-1.8699795399818306,-1.3268805653585676,-0.141643846298954,-0.18174957287641394,-1.4680018636370462,0.0,25,0
3681,-0.682137905346676,-0.21460712256654832,-1.3268805653585676,-1.125569365339655,-1.0339696777051903,-0.5343981137463797,1.0,30,1
4341,-1.8859916108294137,-1.8699795399818306,-0.712071666573206,-0.5559282753687228,0.4616766062693123,-0.5158043283711989,1.0,20,0
4178,0.34973669935281365,1.2514053504211555,-1.3268805653585676,-0.45235716810128057,-0.5354209163803562,-1.449408078261865,1.0,10,1
3301,0.607705350527686,1.3063808181581944,-0.712071666573206,1.1788877713609345,-0.18601067340055782,0.22305398522151879,0.0,0,1
3311,-0.5101588045634277,-1.4546093393019812,1.1323550297828793,0.8811208379670382,0.4233267015520173,0.09876920929267786,0.0,0,0
4567,-1.8859916108294137,-1.8699795399818306,0.5175461309975176,-1.306818803057679,0.4148045005037296,-1.2116033495161294,1.0,0,0
3126,0.607705350527686,-1.1064313769674015,1.1323550297828793,0.3762116900382572,-0.39906569960775196,-1.098083396699235,0.0,20,1
328,-0.08021105260530702,-0.8010121117616299,0.5175461309975176,-1.306818803057679,1.4246853247258295,0.5127255889611805,1.0,0,0
1791,-1.7140125100461656,-0.18406519604597116,0.5175461309975176,-0.32289328401697787,-0.13913856763497512,-1.923060295187528,0.0,0,1
2491,0.8656740017025585,-0.8071204970657453,-0.09726276778784416,1.5802258120222732,-1.2171970002433774,-0.8641931490851162,0.0,10,1
2007,-0.08021105260530702,-1.5279099629513664,-0.09726276778784416,-0.08985829266523283,1.3352022137188082,-1.7655024296399418,0.0,0,1
2008,-1.1120856573047966,-1.8699795399818306,0.5175461309975176,-0.9702127044384918,1.0624917801735996,0.023415447509049357,0.0,30,1
1859,0.4357262497444378,2.2531805402960865,-0.09726276778784416,-1.306818803057679,1.339463314242952,2.879029433023687,0.0,0,0
4696,0.34973669935281365,0.524507499231419,-0.09726276778784416,-0.5947674405940137,-1.1319749897604996,1.2819211313239305,0.0,0,1
313,1.811559056010424,1.3369227446787717,-0.712071666573206,-0.025126350623081387,0.19322727324824768,1.457094161963794,1.0,0,1
833,-1.1980752076964207,-0.42840060821058845,-0.09726276778784416,-1.306818803057679,0.7130815371938013,-1.2830426301681406,1.0,15,1
3080,1.1236426528774308,2.8151519882747063,-0.09726276778784416,-1.073783811705934,0.9261365634009954,0.9374467917416307,0.0,15,0
4728,-1.1120856573047966,0.5611578110561116,-0.712071666573206,1.1400486061356436,-1.3237245133469744,-0.5373339745950926,1.0,10,1
3463,-1.370054308479669,-1.8699795399818306,-0.712071666573206,1.7614752497402968,-1.3237245133469744,-1.4954032315583654,0.0,30,0
1202,-0.5101588045634277,-1.0331307533180163,0.5175461309975176,1.4766547047548308,1.373552118436103,-0.6312815217539018,0.0,30,1
4402,-0.5101588045634277,0.5428326551437653,-0.09726276778784416,-1.2679796378323882,-0.21583837706956502,0.3003649875709561,0.0,0,0
3548,1.1236426528774308,2.540274649589512,0.5175461309975176,0.16906947550337278,-0.5226376148079245,1.8720291619152007,0.0,25,1
4012,0.2637471489611895,-0.8254456529780916,-0.712071666573206,0.16906947550337278,-0.31810478964901817,-0.7692669816434029,1.0,0,1
2135,-0.8541170061299242,-0.7643617999369373,-0.712071666573206,-1.306818803057679,-1.3237245133469744,-1.8075831018048252,1.0,10,0
3452,0.6936949009193102,-0.13519811361304768,0.5175461309975176,-1.0996765885227946,0.4488933046968806,0.9658267799458542,0.0,0,0
2210,-0.42416925417180357,-0.19017358135008658,-1.3268805653585676,-1.306818803057679,-1.0382307782293343,0.13693540032594415,1.0,0,1
1902,1.1236426528774308,1.7889432571833137,-0.09726276778784416,-1.306818803057679,-0.9103977625050178,2.289900022715321,0.0,0,1
1482,0.607705350527686,-0.31844967273651065,-0.712071666573206,-0.21932217674953555,1.6846124566986065,-0.6195380783590506,0.0,0,1
778,0.4357262497444378,0.35958109602030236,0.5175461309975176,0.6610322350237232,-1.18736929657437,0.09779058900977379,0.0,0,0
800,0.005778497786317116,0.3656894813244178,-0.09726276778784416,0.2855869711792452,-1.3237245133469744,-0.21634652180249447,0.0,20,1
3715,-0.7681274557383001,-1.0758894504468244,0.5175461309975176,0.35031891322139663,-1.3237245133469744,-0.13707827888724972,1.0,0,0
3943,-0.8541170061299242,0.5855913522725734,1.1323550297828793,-1.306818803057679,-0.97857537089132,1.1233846454934404,1.0,0,1
55,-0.5101588045634277,-0.23904066378301003,-1.3268805653585676,-1.306818803057679,0.2869714847794131,-0.7536090571169347,1.0,0,0
2973,0.005778497786317116,-0.2573658196953563,0.5175461309975176,0.51862196253099,-1.3237245133469744,-0.5833291278915932,1.0,20,1
3336,-0.25219015338855527,-0.22071550787066374,-1.3268805653585676,-1.306818803057679,0.005738850185916867,-0.5872436090232102,0.0,0,1
1921,-1.1120856573047966,0.719975828963113,-0.09726276778784416,0.8163888959248867,-1.3237245133469744,0.9658267799458542,0.0,0,0
3716,-0.8541170061299242,0.6894339024425358,-0.09726276778784416,0.3762116900382572,0.044088754903211805,2.6637329707847495,1.0,15,1
4657,-0.8541170061299242,-0.8682043501068997,-0.09726276778784416,-0.7630704899036073,0.252882680586262,0.27687810078125363,0.0,0,1
947,0.34973669935281365,0.9337693146071531,-0.712071666573206,-0.5429818869602926,-0.053916557152097484,0.6996420629958949,0.0,20,0
1702,-0.5101588045634277,1.3185975887664254,-0.09726276778784416,1.360137209078958,-0.6675150326288165,0.17510159135921044,0.0,0,1
3294,0.607705350527686,0.4512068755820339,-0.09726276778784416,-1.306818803057679,0.19748837377239156,0.28764292389320045,0.0,0,0
2162,-0.9401065565215483,-0.28179936091181806,-0.09726276778784416,-0.659499382636165,-1.3237245133469744,-1.4836597881635145,0.0,0,1
1137,0.09176804817794125,-0.013030407530739023,-0.09726276778784416,-0.5947674405940137,2.217250022216592,-0.8015614509792434,0.0,25,1
988,0.34973669935281365,-0.28179936091181806,-0.712071666573206,-0.840748820354189,0.9474420660217149,-0.8710434910654461,0.0,20,1
2550,0.5217158001360619,0.6772171318343049,1.1323550297828793,-0.20637578834110526,2.2257722232648796,-0.5363553543121885,1.0,0,1
194,1.5535904048355516,1.2819472769417328,0.5175461309975176,-0.6465529942277348,-1.3237245133469744,1.417949350647623,0.0,15,0
3058,-0.5101588045634277,0.8910106174783451,1.1323550297828793,1.360137209078958,2.370649641085772,2.1695297279180963,0.0,20,1
3247,-0.8541170061299242,-0.2329322784788946,0.5175461309975176,1.4119227627126794,-0.9487476672223127,-0.8994234792696696,1.0,25,1
1395,-1.8859916108294137,0.7993848379166135,-0.712071666573206,2.1498669019932053,0.977269769690722,1.3983769449895382,0.0,15,0
2638,-0.25219015338855527,0.4634236461902647,-0.712071666573206,-0.9054807623963403,-1.3237245133469744,0.307215329551286,1.0,0,1
769,-1.2840647580880449,-0.7521450293287064,-0.09726276778784416,-0.16753662311581458,-1.298157910202111,-0.8651717693680206,1.0,15,0
4713,1.1236426528774308,-0.5872186261175897,1.1323550297828793,-0.05101912743994197,0.6917760345730819,0.5724214262183405,0.0,15,0
3091,1.295621753660679,1.7400761747503901,1.7471639285682412,0.453890020488839,0.8110868492491106,0.6790910370549054,0.0,20,1
3496,-0.08021105260530702,-0.28179936091181806,0.5175461309975176,0.2985333595876755,-0.433154503800903,-0.9816275830336276,1.0,25,1
3216,0.5217158001360619,0.6161332787931506,-0.712071666573206,-0.4653035565097109,-0.2754937844075794,-0.5774574061941677,1.0,0,1
286,-0.5101588045634277,0.07859537203099247,1.7471639285682412,-0.4394107796928503,1.599390446215729,-0.2887644227374101,0.0,0,1
4949,0.005778497786317116,1.0559370206894618,0.5175461309975176,1.0364774988682013,-0.20731617602127725,2.0109932420876064,0.0,10,1
429,-1.4560438588712932,0.18243792220095484,-0.712071666573206,0.3114797479961058,-0.5865541226700828,0.7211717092197886,1.0,15,1
4459,-0.5961483549550518,-0.6299773232463978,-0.09726276778784416,-0.3876252260591293,-0.29253818650415486,0.29645050643933846,1.0,0,1
2333,0.2637471489611895,-0.22071550787066374,-0.09726276778784416,-1.0090518696637827,-0.08800536134524854,0.6389676054558302,0.0,30,0
2718,0.17775759856956538,1.0986957178182697,1.1323550297828793,0.35031891322139663,0.653426129855787,0.4921745630201909,1.0,15,0
2080,-0.9401065565215483,-0.1779568107418557,-0.09726276778784416,0.6221930697984324,-1.3237245133469744,-2.236218785716892,1.0,0,0
3390,-0.5101588045634277,0.945986085215384,1.1323550297828793,0.8422816727417473,-0.25844938231100384,0.46183733425015927,0.0,25,1
723,-1.8859916108294137,-0.9353965884521694,-0.712071666573206,0.8422816727417473,-0.31810478964901817,-0.5255905312002417,0.0,0,0
952,0.4357262497444378,0.8360351497413061,-0.712071666573206,-0.6336066058193045,-0.32662699069730594,0.8258840794905447,1.0,15,0
4394,-0.9401065565215483,0.396231407844995,-0.09726276778784416,-0.8278024319457586,1.015619674408017,-0.37390438735008064,1.0,0,1
4377,-1.5420334092629173,-1.4057422568690576,-1.3268805653585676,1.0105847220513406,-0.9828364714154638,-1.343717087708205,1.0,0,0
2263,0.17775759856956538,1.1109124884265007,-0.09726276778784416,0.1431766986865122,0.44463220417273674,0.25534845455735994,1.0,0,1
990,-0.5101588045634277,-0.7216031028081292,-0.712071666573206,0.7775497306995959,-0.5609875195252194,0.19663123758310408,0.0,20,0
3213,0.6936949009193102,0.8726854615659987,-0.09726276778784416,-0.4653035565097109,0.8451756534422616,0.100726449858486,0.0,0,0
1760,0.09176804817794125,1.4468736801528495,3.5915906249243266,0.8940672263754684,0.29123258530355695,0.5734000465012452,1.0,10,1
4117,1.209632203269055,-0.6238689379422823,0.5175461309975176,-0.20637578834110526,-0.3095825886007304,-0.15077896284790943,0.0,20,0
327,-1.6280229596545415,1.0253950941688845,-0.09726276778784416,-1.306818803057679,0.7343870398145207,0.6595186313968199,1.0,0,0
2609,0.8656740017025585,2.106579292997316,-0.09726276778784416,-0.42646439128442,-1.3237245133469744,1.5255975817670921,1.0,25,1
1384,-0.16620060299693115,-1.1736236153126713,-1.3268805653585676,-1.306818803057679,-1.3237245133469744,-1.3349095051620665,0.0,0,1
1725,1.209632203269055,1.0070699382565382,-0.09726276778784416,1.6449577540644245,-0.8123924504497085,1.4326286548911875,1.0,20,1
1087,-1.4560438588712932,-0.02524717813896989,-1.3268805653585676,-0.5688746637771531,0.1378329664343772,-0.4198995406465816,0.0,0,0
2524,-1.8859916108294137,-0.5200263877723199,-1.3268805653585676,-1.1385157537480854,-1.0893639845190608,-0.9121455429474252,0.0,0,1
342,0.34973669935281365,0.34125594010795607,-0.09726276778784416,0.2596941943623846,1.7954010703263474,1.642053395432699,0.0,0,0
3702,-0.9401065565215483,-1.595102201296636,-0.09726276778784416,-1.306818803057679,-0.13913856763497512,-0.9023593401183825,0.0,15,0
148,-0.16620060299693115,-0.7949037264575144,-0.09726276778784416,0.8163888959248867,0.8920477592078444,-1.0892758141530965,0.0,0,1
689,-0.5101588045634277,0.28017208706680174,-0.09726276778784416,-0.5429818869602926,-0.6632539321046726,-0.023558326070354924,0.0,0,0
3433,-0.3381797037801794,-0.8254456529780916,-0.09726276778784416,-1.306818803057679,1.4204242242016858,-0.8279841986176587,0.0,0,0
1108,-0.8541170061299242,1.8011600277915445,-0.09726276778784416,-0.8666415971710495,0.7429092408628085,0.6311386431925963,0.0,10,1
849,-0.682137905346676,0.16411276628860852,-0.09726276778784416,-0.141643846298954,0.5895096219936288,1.584314798741348,0.0,30,0
967,-0.25219015338855527,-0.8743127354110151,-0.712071666573206,-1.2938724146492486,-1.3237245133469744,-0.705656663254626,0.0,0,0
4993,-0.5961483549550518,-0.7949037264575144,-0.712071666573206,-1.306818803057679,-1.0765806829466291,-0.736972512307562,0.0,0,0
1493,-0.5961483549550518,-1.3141164773073262,1.1323550297828793,0.9199600031923287,0.4744599078417439,-2.0130933612147204,1.0,0,1
3954,-0.42416925417180357,0.5611578110561116,-0.09726276778784416,-0.5429818869602926,-1.2001525981468018,0.867964751655428,1.0,15,1
2204,0.607705350527686,0.35347271071618697,1.1323550297828793,0.8034425075164564,-1.3237245133469744,0.30232222813676424,0.0,0,0
2714,-1.1980752076964207,-1.2530326242661718,-1.3268805653585676,-1.306818803057679,0.9857919707390098,1.3553176525417503,1.0,10,0
662,0.005778497786317116,0.212979848721532,-0.712071666573206,1.955671075866751,-1.3237245133469744,1.2594128648171328,0.0,15,1
1003,-0.42416925417180357,0.5672661963602271,-0.712071666573206,-1.034944646480643,-0.5013321121872051,-0.16545826709147324,0.0,30,1
63,0.17775759856956538,-0.8193372676739762,-0.09726276778784416,1.1918341597693647,0.33810469106913965,1.2241825346325794,0.0,15,0
285,-1.1120856573047966,-0.29401613152004896,0.5175461309975176,1.2306733249946555,0.12504966486194558,-0.24374788972381395,1.0,30,0
2225,-1.1120856573047966,-1.2896829360908646,-0.09726276778784416,-1.2809260262408184,1.1008416848908946,-1.3652467339320986,0.0,0,0
4717,0.8656740017025585,-1.210273927137364,1.7471639285682412,1.5543330352054125,-0.37349909646288865,-0.48546709960116663,1.0,0,0
1880,-1.7140125100461656,-0.7582534146328218,-1.3268805653585676,0.8811208379670382,-0.6930816357736798,-1.6079445640923558,1.0,30,0
3573,0.34973669935281365,-1.6439692837295596,-1.3268805653585676,1.295405267036807,-0.6163818263390899,-0.8974662387038611,0.0,0,0
4868,-0.3381797037801794,0.9887447823441919,-0.09726276778784416,-1.306818803057679,0.32958249002085194,-0.00887902182679113,0.0,30,0
1204,-0.08021105260530702,-0.2329322784788946,3.5915906249243266,1.8262071917824483,3.193042042245541,-0.2212396232170162,1.0,10,1
1991,0.4357262497444378,-0.28179936091181806,0.5175461309975176,0.7516569538827352,-1.3237245133469744,0.019500966377432392,0.0,20,1
25,-0.42416925417180357,-0.6177605526381669,-1.3268805653585676,1.295405267036807,-0.3649768954146009,-0.2887644227374101,0.0,0,1
4863,0.6936949009193102,0.4023397931491104,-0.09726276778784416,1.0105847220513406,-0.5822930221459389,0.36691116680844593,0.0,25,0
4112,0.607705350527686,1.0498286353853463,-0.09726276778784416,-0.9831590928469222,0.05261095595149957,0.317001532380328,0.0,0,0
4177,0.4357262497444378,0.14578761037626223,0.5175461309975176,0.7128177886574444,-0.612120725814946,0.8581785488263852,0.0,15,1
763,0.7796844513109343,-0.1718484254377403,2.9767817261389644,2.2404916208522176,0.12931076538608946,0.9482116148535775,1.0,10,1
876,-1.8859916108294137,0.0663786014227616,-1.3268805653585676,0.22085502913709376,1.0369251770287364,-0.16741550765728136,1.0,30,0
4753,0.5217158001360619,0.9032273880865759,1.1323550297828793,0.51862196253099,1.2798079069049377,-0.023558326070354924,0.0,0,1
939,0.9516635520941825,0.6833255171384203,-0.09726276778784416,1.0494238872766315,-0.4075879006560397,-0.10771967040012143,0.0,25,1
2688,-0.25219015338855527,0.31682239889149433,1.1323550297828793,-0.42646439128442,-0.0027833508623708973,-0.42087816092948566,1.0,0,0
3601,1.0376531024858067,0.8665770762618833,2.9767817261389644,0.7904961191080262,1.369291017911959,0.08702576589782696,1.0,25,1
2395,-0.9401065565215483,-1.7111615220748293,-0.712071666573206,-1.306818803057679,-1.3237245133469744,-2.064960236208646,0.0,20,0
4578,-1.8859916108294137,0.4573152608861493,-0.712071666573206,0.6610322350237232,1.377813218960247,0.18684503475406133,0.0,0,0
4991,-1.6280229596545415,-0.4345089935147039,-0.09726276778784416,0.8811208379670382,-0.46298220746991015,-0.567671203365125,1.0,0,0
4134,-0.08021105260530702,0.5306158845355345,-1.3268805653585676,-0.37467883765069904,-1.3237245133469744,0.6751765559232884,0.0,20,0
4575,1.1236426528774308,1.4163317536322724,1.1323550297828793,0.6221930697984324,-0.2627104828351477,0.7074710252591289,1.0,5,1
386,-0.8541170061299242,0.6100248934890351,0.5175461309975176,1.1529949945440738,-1.046752979277622,0.8542640676947683,1.0,0,0
4592,1.6395799552271757,0.15189599568037768,-0.712071666573206,1.6320113656559943,0.49150430993831945,-0.08619002417622777,0.0,20,1
4580,0.7796844513109343,1.5934749274516198,2.9767817261389644,-0.89253437398791,0.7642147434835279,0.6282027823438834,0.0,0,0
537,-0.5101588045634277,-1.0881062210550552,-0.712071666573206,1.3730835974873885,-0.8038702494014207,-1.101997877830852,0.0,0,0
4676,1.3816113040523033,0.16411276628860852,-0.09726276778784416,0.648085846615293,-0.5993374242425143,0.2220753649386147,0.0,0,0
3508,0.4357262497444378,-1.143081688792094,-1.3268805653585676,-1.034944646480643,-1.3237245133469744,0.6878986196010434,1.0,0,1
202,1.4676008544439274,0.2740637017626863,1.7471639285682412,1.1918341597693647,1.0326640765045925,0.1320422989114224,0.0,0,1
1333,0.9516635520941825,0.2313050046338783,-0.09726276778784416,2.3440627281196593,1.1732803938013405,-0.6214953189248591,1.0,25,1
3503,0.6936949009193102,-0.3612083698653187,-1.3268805653585676,0.32442613640453605,-1.3237245133469744,-0.9786917221849151,1.0,0,0
2709,0.34973669935281365,-0.3612083698653187,1.7471639285682412,0.738710565474305,1.3905965205326787,0.47651663849372305,0.0,0,1
4022,0.34973669935281365,0.3290391694997252,-0.09726276778784416,-1.306818803057679,0.9687475686424343,0.03320165033809212,1.0,0,1
1855,0.5217158001360619,-0.14130649891716313,2.3619728273536027,0.9846919452344801,1.19458589642206,0.3326594569067966,1.0,10,1
4480,0.4357262497444378,0.9154441586948068,0.5175461309975176,-0.08985829266523283,-0.7527370431116942,-0.4247926420611026,0.0,20,1
2873,-1.1120856573047966,-0.5933270114217052,-1.3268805653585676,0.46683640889726924,-1.1191916881880681,-0.37096852650136847,1.0,0,1
3031,-0.08021105260530702,-0.013030407530739023,0.5175461309975176,1.3342444322620977,0.7088204366696574,0.16531538853016767,0.0,10,1
1206,-0.682137905346676,-1.8516543840694843,-1.3268805653585676,-0.4005716144675594,-1.3237245133469744,-1.6529610971059518,1.0,0,0
1646,0.09176804817794125,0.04805344551041531,0.5175461309975176,-1.2420868610155276,0.06539425752393122,-0.6430249651487532,0.0,15,0
3418,0.9516635520941825,0.29238885767503264,0.5175461309975176,0.8811208379670382,-0.4757655090423418,0.8366489026024916,1.0,0,1
3477,-1.8859916108294137,-0.7704701852410527,0.5175461309975176,1.114155829318783,0.022783252282492394,-1.4053701655311734,1.0,20,1
2862,0.6936949009193102,-0.6238689379422823,-0.712071666573206,-1.125569365339655,-0.07522205977281689,0.4089918389733292,1.0,0,1
1793,0.2637471489611895,0.43899010497380303,-0.09726276778784416,-0.47824994491814116,-0.6632539321046726,1.5735499756294011,1.0,0,1
3798,-1.1120856573047966,0.4939655727108419,-1.3268805653585676,-0.931373539213201,0.14635516748266497,0.3708256479400629,0.0,20,1
3369,0.34973669935281365,0.42677333436557213,1.1323550297828793,1.062370275685062,0.798303547676679,0.527404893204745,1.0,10,1
3368,-0.25219015338855527,-0.6238689379422823,-0.712071666573206,-1.306818803057679,0.2315771779655426,0.152593324852412,1.0,0,0
3534,0.34973669935281365,0.3351475548038407,1.7471639285682412,-0.4005716144675594,0.4616766062693123,-0.12044173407787709,0.0,15,0
3450,0.005778497786317116,1.8255935690080063,-0.712071666573206,-0.012179962214651098,-0.08800536134524854,1.5030893152602944,1.0,30,0
604,-0.682137905346676,-0.0069220222266235905,-1.3268805653585676,-1.306818803057679,-1.3237245133469744,-0.6371532434513273,0.0,10,0
3057,-0.42416925417180357,-0.8071204970657453,-1.3268805653585676,-1.306818803057679,0.02704435280663628,-0.15958654539404743,1.0,0,1
4371,-1.6280229596545415,-0.14741488422127855,0.5175461309975176,-0.42646439128442,-0.7996091488772769,0.00384304185096453,1.0,0,0
127,1.5535904048355516,1.1964298826841167,0.5175461309975176,-0.21932217674953555,0.252882680586262,0.055709916844890545,1.0,25,0
3877,-1.1120856573047966,-0.33066644334474155,-0.09726276778784416,-0.25816134197482643,0.14635516748266497,0.2543698342744552,0.0,0,0
2936,-1.8859916108294137,-1.6256441278172133,-1.3268805653585676,-0.8536952087626192,-0.5098543132354929,-2.6707261913263847,0.0,5,0
3532,-0.16620060299693115,0.5733745816643425,-0.09726276778784416,0.05255197982750017,-1.3237245133469744,1.0235653766372053,1.0,0,1
2731,-1.1980752076964207,-0.8804211207151305,0.5175461309975176,1.670850530881285,-0.9700531698430321,0.47358077764501016,0.0,0,1
828,-0.08021105260530702,2.259288925600202,-0.712071666573206,0.9587991684176196,-1.3237245133469744,1.3269376643375268,1.0,25,1
1640,-0.16620060299693115,0.5428326551437653,-0.09726276778784416,0.0007664261937791922,-1.3237245133469744,-0.5666925830822209,0.0,10,1
985,0.34973669935281365,-1.8699795399818306,-1.3268805653585676,-0.4005716144675594,-0.5950763237183705,-0.5598422411018911,0.0,0,1
3282,0.7796844513109343,0.1763295368968394,-0.712071666573206,0.22085502913709376,-1.3237245133469744,-0.9816275830336276,0.0,0,0
4982,0.17775759856956538,1.1903214973800011,-1.3268805653585676,-0.34878606083383845,-1.3237245133469744,1.1948239261454512,1.0,0,1
2189,2.0695277071852964,0.18243792220095484,-0.09726276778784416,-1.0867302001143642,-1.0978861855673485,-0.4590443519627519,0.0,30,1
4623,0.09176804817794125,0.07859537203099247,1.1323550297828793,0.829335284333317,0.12931076538608946,-1.985691993293401,0.0,20,1
2444,0.7796844513109343,-0.6483024791587441,-0.712071666573206,1.062370275685062,-0.8464812546428596,-1.4249425711892585,0.0,5,0
363,1.0376531024858067,2.2653973109043175,2.3619728273536027,0.7646033422911656,0.5000265109866072,1.0940260370063128,0.0,0,1
2350,0.7796844513109343,0.9398776999112685,-1.3268805653585676,-0.37467883765069904,-0.4118490011801836,-0.13218517747272798,0.0,0,1
346,-1.8859916108294137,-1.564560274776059,-1.3268805653585676,-1.306818803057679,0.2358382784896865,0.656582770548107,1.0,20,1
815,-0.682137905346676,0.35347271071618697,0.5175461309975176,-0.21932217674953555,-0.5950763237183705,0.5900365913106171,1.0,0,1
3206,-0.3381797037801794,-0.5078096171640891,1.1323550297828793,1.8650463570077391,1.0539695791253119,-0.8074331726766691,0.0,0,0
4170,0.5217158001360619,1.086478947210039,-0.09726276778784416,0.19496225232023337,0.22731607744139873,1.6674975227882105,0.0,20,1
4806,-1.370054308479669,-1.8699795399818306,-1.3268805653585676,1.5931722004307034,-0.07522205977281689,-0.7819890453211582,1.0,0,1
3326,0.2637471489611895,0.6161332787931506,-0.09726276778784416,-1.1903013073818065,0.4233267015520173,0.4706449167962972,0.0,20,1
4107,-1.8859916108294137,-0.4833760759476274,-1.3268805653585676,-1.306818803057679,0.904831060780276,-0.8123262740911905,0.0,20,1
2117,0.09176804817794125,0.20687146341741655,1.1323550297828793,0.8422816727417473,-0.8592645562152912,0.24164777059670023,0.0,20,1
1835,0.607705350527686,0.6527835906178432,1.7471639285682412,0.6998714002490141,1.0284029759804485,1.1214274049276316,0.0,20,1
794,0.4357262497444378,1.2330801945088092,-1.3268805653585676,-1.0996765885227946,-0.7186482389185431,0.0713678413713584,0.0,5,0
4957,0.09176804817794125,0.6100248934890351,0.5175461309975176,-1.1126229769312248,0.5980318230419165,0.537191096033787,1.0,30,1
2675,-0.25219015338855527,-0.11687295770070139,0.5175461309975176,2.5900441078798346,1.6547847530295994,-0.5539705194044653,1.0,0,1
95,-1.7140125100461656,-0.4039670669941267,-0.09726276778784416,0.013712814602209302,0.1378329664343772,0.7084496455420329,1.0,30,0
3757,-0.16620060299693115,-0.04968071935543162,0.5175461309975176,-1.306818803057679,-0.42037120222847135,0.3737615087887758,1.0,10,1
2892,0.4357262497444378,-0.23904066378301003,2.3619728273536027,0.5704075161647112,0.33810469106913965,0.925703348346779,1.0,15,1
2372,-0.25219015338855527,0.4145565637573413,0.5175461309975176,1.90388552223303,-0.015566652434802543,0.8249054592076407,0.0,0,1
4420,1.3816113040523033,1.0925873325141544,-0.712071666573206,0.5963002929815718,-1.3237245133469744,-0.19090239444698387,0.0,0,1
4443,0.005778497786317116,-1.057564294534478,-0.712071666573206,0.4279972436719784,-0.6462095300080971,0.6644117328113416,1.0,0,0
3229,0.607705350527686,-0.33066644334474155,0.5175461309975176,0.6610322350237232,-0.8507423551670035,-0.28093546047417617,1.0,0,1
2854,0.2637471489611895,-1.436284183389635,-1.3268805653585676,-0.012179962214651098,1.2585024042842183,-1.7987755192586867,0.0,0,0
2913,0.005778497786317116,-0.15963165482950942,0.5175461309975176,2.3440627281196593,-1.3237245133469744,0.03613751118680502,1.0,20,0
1866,0.17775759856956538,0.5122907286231883,-0.712071666573206,0.5315683509394203,0.009999950710060749,0.36691116680844593,0.0,20,0
1858,1.1236426528774308,2.051603825260277,1.1323550297828793,-0.15459023470738428,1.8039232713746352,-0.010836262392599265,0.0,0,1
2646,-0.16620060299693115,1.0253950941688845,0.5175461309975176,0.6351394582068627,-0.8763089583118667,0.5939510724422348,0.0,20,1
2244,0.9516635520941825,-1.6867279808583677,-0.09726276778784416,-0.20637578834110526,-0.5609875195252194,-2.127591934314519,0.0,0,1
2337,2.8434336607099135,2.9556448502693615,1.1323550297828793,0.5315683509394203,1.2031080974703479,3.042459020268699,0.0,15,1
951,-1.8000020604377898,-1.8699795399818306,-1.3268805653585676,0.47978279730569956,2.132028011733714,-1.1910523235751398,0.0,0,0
3069,2.1555172575769204,1.6362336245804279,1.1323550297828793,-0.9702127044384918,-0.28401598545586715,1.535383784596135,0.0,30,0
1121,0.4357262497444378,2.033278669347931,0.5175461309975176,-0.025126350623081387,1.7527900650849086,1.1194701643618234,0.0,20,0
2598,0.2637471489611895,-0.8743127354110151,-0.712071666573206,-1.306818803057679,1.7527900650849086,-0.4541512505482302,1.0,15,1
2205,1.1236426528774308,0.06027021611864617,1.1323550297828793,1.8262071917824483,-0.4075879006560397,1.408163147818581,0.0,0,0
420,1.3816113040523033,-0.44061737881881935,0.5175461309975176,-1.2032476957902367,1.1818025948496282,-2.0796395404522103,0.0,0,0
923,0.09176804817794125,2.51584110837305,1.1323550297828793,1.657904142472855,0.8153479497732545,1.7467657657034552,0.0,0,1
1255,-0.7681274557383001,-0.196281966654202,1.7471639285682412,0.026659203010639593,0.1847050721999599,-0.5373339745950926,0.0,0,1
478,-1.1980752076964207,-0.03135556344308532,-0.09726276778784416,-1.306818803057679,0.06113315699978734,0.36788978709135,1.0,0,0
2036,0.7796844513109343,-0.7399282587204755,-0.09726276778784416,0.7257641770658747,-1.2768524075813916,-0.6939132198597747,0.0,0,0
1203,0.4357262497444378,0.3351475548038407,-1.3268805653585676,-1.306818803057679,-1.3237245133469744,-0.22906858548025014,0.0,0,0
2627,1.3816113040523033,0.9520944705194994,-0.712071666573206,-1.306818803057679,-0.3564546943663131,-0.013772123241312164,0.0,15,1
4829,1.295621753660679,-0.6788444056793212,-0.712071666573206,-0.2970005072001173,0.7088204366696574,-1.6969990098366436,0.0,0,1
1971,-0.25219015338855527,0.04805344551041531,-0.09726276778784416,-1.306818803057679,0.07817755909636287,1.5989941029849117,0.0,25,1
3111,0.2637471489611895,0.011403133685722707,-0.712071666573206,0.9458527800091893,-1.3237245133469744,-0.47274503592341166,0.0,0,1
4019,-0.3381797037801794,-0.7582534146328218,-0.09726276778784416,0.23380141754552405,0.39776009840715404,-0.00887902182679113,1.0,20,0
2152,0.7796844513109343,0.9337693146071531,1.1323550297828793,2.5770977194714044,0.2145327758689671,0.09974782957558193,1.0,15,1
3688,0.4357262497444378,-0.013030407530739023,-0.09726276778784416,-0.6206602174108743,0.44463220417273674,-0.26038443453318655,0.0,5,1
1998,-0.08021105260530702,-1.01480559740567,-1.3268805653585676,-1.216194084198667,-0.6547317310563848,-1.8222624060483892,1.0,25,0
4034,0.607705350527686,1.3674646711993488,1.7471639285682412,-0.6724457710445954,0.06539425752393122,0.9570191973997155,1.0,15,0
3055,-0.42416925417180357,-0.5139180024682045,0.5175461309975176,-1.1903013073818065,0.9005699602561321,-1.5071466749532165,0.0,0,0
1249,-0.16620060299693115,1.5629330009310427,0.5175461309975176,-0.6983385478614559,1.083797282794319,0.9090668035374071,1.0,20,1
2193,-1.0260961069131724,0.4023397931491104,-0.09726276778784416,0.8552280611501776,0.08243865962050674,0.6937703412984692,0.0,15,0
2713,-0.08021105260530702,-0.013030407530739023,0.5175461309975176,0.7257641770658747,-0.6547317310563848,0.48043111962534,0.0,25,0
993,1.897548606402048,1.1475628002511933,0.5175461309975176,0.46683640889726924,-1.3237245133469744,0.7407441148778742,0.0,20,1
2191,0.7796844513109343,-0.11076457239658595,1.1323550297828793,-0.15459023470738428,-0.3777601969870325,-0.4776381373379327,0.0,25,1
3763,0.34973669935281365,1.159779570859424,-0.09726276778784416,0.8163888959248867,-0.11357196449011184,1.2975790558503992,0.0,0,0
3598,-0.5961483549550518,0.18243792220095484,-0.09726276778784416,0.03960559141906988,-1.1319749897604996,-1.2164964509306508,1.0,0,1
1319,-1.5420334092629173,-1.6256441278172133,-1.3268805653585676,-1.306818803057679,-0.49280991113891737,0.23871190974798734,1.0,25,0
1864,1.0376531024858067,0.5672661963602271,-0.712071666573206,-0.3358396724254082,-1.153280492381219,1.0069288318278333,1.0,10,1
2344,-0.16620060299693115,-0.04968071935543162,0.5175461309975176,-1.306818803057679,1.7527900650849086,-1.1626723353709163,1.0,0,0
2450,0.8656740017025585,0.4206649490614567,-0.09726276778784416,-1.306818803057679,-0.684559434725392,0.5205545512244151,0.0,20,0
2137,0.2637471489611895,-0.5933270114217052,0.5175461309975176,1.4637083163464004,2.0723726043957,0.026351308357762258,0.0,5,1
1066,-0.08021105260530702,0.2679553164585709,-0.09726276778784416,0.5056755741225601,1.3650299173878153,-0.11261277181464316,0.0,0,0
4971,-0.16620060299693115,1.0559370206894618,0.5175461309975176,-1.2420868610155276,-1.1234527887122119,-0.2740851184938463,0.0,20,1
2622,-0.682137905346676,-0.5994353967258206,0.5175461309975176,0.9458527800091893,1.0667528806977435,-0.7770959439066368,0.0,15,0
78,0.17775759856956538,0.13357083976803136,-0.09726276778784416,1.8650463570077391,1.122147187511614,-0.16154378595985627,1.0,0,1
2899,-0.8541170061299242,-0.6360857085505132,-0.712071666573206,-1.306818803057679,1.2073691979944916,-0.03530176946520582,0.0,0,1
1315,0.607705350527686,1.8988941926573915,-0.712071666573206,-1.2809260262408184,-0.6973427362978237,1.1380639497370042,1.0,0,1
4383,0.5217158001360619,0.4939655727108419,-0.712071666573206,-0.7371777130867467,-0.3564546943663131,-0.287785802454506,1.0,0,0
873,0.7796844513109343,0.5367242698396499,0.5175461309975176,1.709689696106576,1.0369251770287364,-0.9669482787900638,1.0,0,0
3851,0.607705350527686,1.4163317536322724,0.5175461309975176,1.0105847220513406,-0.4842877100906296,1.0607529473875674,1.0,20,1
4798,0.8656740017025585,0.4328817196696876,2.9767817261389644,-0.06396551584837226,3.555235586797771,1.1615508365267067,0.0,15,1
2966,-1.6280229596545415,-1.6806195955542522,-1.3268805653585676,0.8811208379670382,-1.3237245133469744,-1.7332079603041013,1.0,30,1
3392,-1.8000020604377898,-1.5889938159925208,-0.712071666573206,-1.2938724146492486,-0.39906569960775196,0.33950979888712646,1.0,0,0
2561,0.34973669935281365,0.5367242698396499,-0.09726276778784416,-0.9054807623963403,0.22305497691725487,-0.02747280720197189,0.0,0,1
4907,0.7796844513109343,0.31682239889149433,-1.3268805653585676,0.8681744495586079,0.3466268921174274,1.920960176060414,1.0,20,1
2636,1.209632203269055,0.5428326551437653,-0.712071666573206,-0.141643846298954,-1.3237245133469744,1.416970730364719,1.0,0,1
3531,1.6395799552271757,1.3918982124158106,1.1323550297828793,0.4150508552635481,0.1889661727241038,2.8819652938724003,1.0,30,1
376,2.413485908751793,2.0088451281314694,-0.09726276778784416,-0.8666415971710495,-0.4288934032767591,1.4062059072527722,0.0,15,0
1909,-0.5101588045634277,-0.22071550787066374,-0.09726276778784416,-1.0608374232975037,2.0808948054439873,-0.5392912151609015,1.0,0,0
4343,-0.08021105260530702,-0.25125743439124093,-0.712071666573206,-1.306818803057679,0.9176143623527077,1.5549561902542204,0.0,0,0
4832,-1.8859916108294137,-0.1779568107418557,-0.712071666573206,0.9199600031923287,-0.4288934032767591,0.08213266448330524,1.0,0,1
4028,0.6936949009193102,-0.33066644334474155,1.1323550297828793,-0.34878606083383845,0.7812591455801035,-1.4611515216567164,0.0,0,1
1605,-0.3381797037801794,0.4756404167984956,0.5175461309975176,-0.3099468956085476,-1.3237245133469744,1.3357452468836655,0.0,30,0
1119,0.34973669935281365,-0.28179936091181806,0.5175461309975176,0.9717455568260498,-1.1490193918570752,0.46575181538177624,1.0,0,1
3678,0.607705350527686,-0.013030407530739023,-1.3268805653585676,-0.025126350623081387,-0.9189199635533055,0.8415420040170125,1.0,0,1
3491,-1.2840647580880449,-0.4039670669941267,-0.712071666573206,-1.306818803057679,-0.5311598158562123,0.9394040323074387,0.0,0,1
4875,-1.0260961069131724,0.2313050046338783,-1.3268805653585676,-1.306818803057679,-0.27975488493172324,-0.8876800358748187,0.0,0,0
2959,0.17775759856956538,0.6894339024425358,0.5175461309975176,-1.0996765885227946,-0.44593780537333466,-0.28484994160579313,1.0,10,1
1995,0.09176804817794125,0.665000361226074,-0.09726276778784416,-1.1385157537480854,-0.9359643656498811,-0.7242504486298067,0.0,25,0
4966,0.17775759856956538,-0.14741488422127855,-0.712071666573206,-0.25816134197482643,1.228674700615211,-0.48546709960116663,1.0,20,1
4366,1.0376531024858067,-0.9659385149727465,0.5175461309975176,-0.025126350623081387,0.2869714847794131,0.9814847044723221,1.0,20,0
2377,0.5217158001360619,-0.7338198734163601,-0.712071666573206,0.46683640889726924,0.9133532618285638,-0.7301221703272325,1.0,20,0
1343,0.4357262497444378,0.7688429113960363,1.1323550297828793,0.07844475664436075,-0.8336979530704279,1.2398404591590473,1.0,10,1
321,0.7796844513109343,1.0070699382565382,-0.712071666573206,0.2596941943623846,0.4616766062693123,0.695727581864278,0.0,0,1
1620,-0.7681274557383001,-0.013030407530739023,-0.09726276778784416,1.7873680265571574,0.5554208178004777,-0.11163415153173839,1.0,0,1
3714,0.09176804817794125,0.11524568385568507,1.7471639285682412,0.8034425075164564,0.6193373256626359,-0.507975366107965,0.0,0,1
2061,-1.4560438588712932,0.2313050046338783,-0.09726276778784416,0.9199600031923287,0.5468986167521899,0.2896001644590086,0.0,25,1
2220,-1.5420334092629173,-0.013030407530739023,-0.09726276778784416,0.5445147393478507,-0.6930816357736798,-0.33573819631681434,1.0,0,1
1674,0.4357262497444378,-1.3080080920032109,-0.712071666573206,-1.306818803057679,2.391955143706491,-1.0315372174617452,1.0,0,0
261,-0.25219015338855527,0.3351475548038407,-0.09726276778784416,1.2306733249946555,0.3551490931657152,-0.3376954368826232,0.0,5,1
4428,-1.4560438588712932,-0.746036644024591,-0.09726276778784416,-0.9443199276216312,-0.6675150326288165,-1.1323351066008842,0.0,0,1
2040,0.34973669935281365,-1.0270223680139008,-0.712071666573206,-0.607713829002444,-1.3237245133469744,-1.4092846466627904,1.0,10,0
902,0.09176804817794125,-0.2695825903035872,-0.712071666573206,-1.306818803057679,0.7812591455801035,0.45596561255273343,0.0,15,0
3745,2.9294232111015375,0.7260842142672284,1.7471639285682412,0.6869250118405839,2.136289112257858,0.7152999875223628,1.0,0,0
2027,0.607705350527686,1.4713072213693112,1.7471639285682412,-1.306818803057679,-0.940225466174025,-0.3132299298100166,0.0,5,1
4235,1.295621753660679,1.0559370206894618,0.5175461309975176,0.9717455568260498,0.3338435905449958,0.43639320689464794,0.0,20,1
1918,1.0376531024858067,0.11524568385568507,1.7471639285682412,0.5315683509394203,0.24009937901383038,0.8748150936357578,1.0,25,0
1829,-0.9401065565215483,-0.8498791941945534,-0.09726276778784416,-0.4005716144675594,2.132028011733714,-1.1303778660350758,0.0,0,0
1574,0.005778497786317116,-1.0636726798385934,-0.712071666573206,-1.306818803057679,-0.011305551910658662,-0.8338559203150842,0.0,0,0
4405,-0.08021105260530702,-1.2713577801785183,-1.3268805653585676,-0.659499382636165,-0.7825647467807013,-0.48448847931826255,1.0,10,1
4209,1.1236426528774308,-1.8699795399818306,0.5175461309975176,1.9945102410920421,-1.2768524075813916,-0.6342173826026147,1.0,0,0
225,0.09176804817794125,0.9582028558236148,1.7471639285682412,0.5704075161647112,0.5937707225177726,0.12910643806271022,0.0,0,0
724,-1.5420334092629173,2.1310128342137777,-1.3268805653585676,0.07844475664436075,-1.3237245133469744,0.09974782957558193,0.0,0,1
4686,-0.7681274557383001,-1.8699795399818306,-1.3268805653585676,-1.306818803057679,2.460132752092793,-1.3574177716688647,0.0,0,0
1142,-1.8859916108294137,-0.6299773232463978,-0.712071666573206,-0.9831590928469222,-0.867786757263579,-1.3163157197868856,1.0,0,1
2763,-0.5101588045634277,-0.8010121117616299,0.5175461309975176,1.7485288613318666,0.6832538335247942,-0.7722028424921158,0.0,0,0
847,3.273381412668034,2.4914075671565885,2.3619728273536027,0.6869250118405839,0.6917760345730819,2.381890329308322,0.0,0,1
2552,-0.08021105260530702,0.5733745816643425,-0.09726276778784416,-1.306818803057679,-0.31810478964901817,0.6164593389490325,1.0,25,1
2929,-1.370054308479669,-1.8699795399818306,-0.09726276778784416,-0.5300354985518623,0.8877866586837004,-0.46198021281146484,0.0,0,1
118,0.005778497786317116,-0.196281966654202,1.1323550297828793,1.528440258388552,-0.9998808735120394,-1.594243880131696,1.0,0,0
646,-0.16620060299693115,-1.8699795399818306,-1.3268805653585676,-0.07691190425680254,2.102200308064707,-0.9258462269080849,0.0,20,0
4,0.9516635520941825,0.848251920349537,-0.09726276778784416,-1.306818803057679,-1.3237245133469744,0.5655710842380106,0.0,0,1
4171,1.1236426528774308,-0.42840060821058845,1.1323550297828793,0.44094363208040865,-0.33941029226973757,0.29645050643933846,1.0,20,1
468,1.983538156793672,2.3264811639454717,0.5175461309975176,-1.306818803057679,0.5980318230419165,2.597186791547259,0.0,25,0
6,-1.370054308479669,-1.8699795399818306,-1.3268805653585676,0.648085846615293,0.615076225138492,-0.46198021281146484,0.0,0,0
920,-1.8859916108294137,-1.2224906977455947,-1.3268805653585676,1.0494238872766315,-0.8933533604084423,-0.14588586143338772,1.0,0,0
2596,-0.8541170061299242,-1.6317525131213286,-0.712071666573206,0.33737252481296637,-1.3237245133469744,-0.8524497056902653,0.0,0,0
1064,1.209632203269055,1.0437202500812308,1.1323550297828793,-0.8795879855794798,-0.4715044085181979,-0.1400141397359619,1.0,20,0
2591,-0.8541170061299242,-1.3202248626114417,-1.3268805653585676,-0.9184271508047707,1.1647581927530528,-0.48546709960116663,0.0,10,0
243,-1.8000020604377898,-0.19017358135008658,0.5175461309975176,0.6221930697984324,0.3679323947381469,-0.571585684496742,0.0,0,1
1161,-1.1980752076964207,-0.34899159925708784,-0.09726276778784416,0.38915807844668754,-1.085102883994917,0.7290006714830225,1.0,15,0
2871,-1.8859916108294137,0.017511518989838142,-0.712071666573206,-1.306818803057679,0.794042447152535,0.0009071810022516319,0.0,15,1
3736,-0.42416925417180357,-1.0209139827097855,-1.3268805653585676,-1.306818803057679,-0.2754937844075794,-0.339652677448432,1.0,0,0
2398,-0.16620060299693115,0.7321925995713437,-1.3268805653585676,-0.2970005072001173,-1.0297085771810466,-1.1646295759367247,1.0,0,0
3518,-0.08021105260530702,-0.055789104659547055,-1.3268805653585676,0.829335284333317,-0.8294368525462841,-0.5236332906344329,1.0,0,1
3422,-0.08021105260530702,-0.3978586816900113,-1.3268805653585676,0.2985333595876755,0.05687205647564345,-0.7036994226888171,0.0,10,0
2564,1.7255695056187998,0.5183991139273036,-0.09726276778784416,-1.2550332494239578,-0.9870975719396077,0.31112981068290296,1.0,30,0
1606,1.3816113040523033,-0.562785084901128,-0.09726276778784416,0.648085846615293,0.7002982356213696,-1.348610189122726,1.0,0,0
4839,1.209632203269055,0.6527835906178432,-0.09726276778784416,-0.141643846298954,1.7229623614159013,0.24360501116250838,1.0,25,0
2325,-1.8859916108294137,0.25573854585034,-1.3268805653585676,-0.9702127044384918,1.2755468063807938,-0.7712242222092114,0.0,0,0
2710,-0.08021105260530702,-0.886529506019246,-0.712071666573206,-0.5429818869602926,-1.3237245133469744,-1.7224431371921542,1.0,0,0
4409,-0.08021105260530702,1.3369227446787717,1.1323550297828793,0.4150508552635481,-1.161802693429507,0.14672160315498692,0.0,25,0
1313,-0.682137905346676,-0.28179936091181806,-1.3268805653585676,-0.7371777130867467,-1.3237245133469744,0.029287169206475155,1.0,0,0
3449,-0.5101588045634277,-1.4851512658225583,-0.712071666573206,-1.306818803057679,0.5895096219936288,-0.46295883309436886,0.0,20,1
3813,-0.5101588045634277,0.11524568385568507,0.5175461309975176,2.7583471571894282,1.5695627425467216,-0.13707827888724972,1.0,0,1
4666,0.9516635520941825,0.7077590583548821,0.5175461309975176,-0.6724457710445954,-0.0496554566279536,1.148828772848951,1.0,0,0
2363,-0.3381797037801794,-0.605543782029936,0.5175461309975176,0.44094363208040865,1.99567279496111,-1.1088482198111818,0.0,0,0
1976,0.7796844513109343,-1.338550018523788,-0.09726276778784416,0.7646033422911656,0.8579589550146933,-0.9326965688884145,1.0,0,0
3515,0.34973669935281365,1.0070699382565382,-0.712071666573206,-0.6336066058193045,-1.1703248944777946,0.9893136667355567,1.0,25,1
1762,-0.7681274557383001,-0.7521450293287064,-1.3268805653585676,-0.7371777130867467,-1.3237245133469744,-0.9669482787900638,1.0,0,1
2740,1.4676008544439274,1.226971809204694,-0.712071666573206,-0.34878606083383845,-0.6206429268632339,0.042009232884230814,0.0,0,1
4670,-0.7681274557383001,0.6100248934890351,-1.3268805653585676,-0.20637578834110526,1.488601832587988,-1.1783302598973844,1.0,0,0
2473,0.34973669935281365,-0.422292222906473,-0.09726276778784416,-0.3876252260591293,0.8068257487249667,-1.0589385853830646,1.0,0,0
4008,0.5217158001360619,-0.33677482864885694,-0.09726276778784416,-1.306818803057679,-0.3436713927938815,0.46379457481596736,1.0,10,1
1494,-1.1120856573047966,-0.605543782029936,-0.712071666573206,1.5802258120222732,-1.3237245133469744,-0.960097936809734,0.0,30,1
4207,0.005778497786317116,-0.8743127354110151,-0.712071666573206,-1.306818803057679,0.17618287115167217,0.8806868153331836,0.0,30,0
2159,0.6936949009193102,0.4573152608861493,1.1323550297828793,-0.3358396724254082,0.5852485214694848,0.12617057721399733,1.0,20,0
1170,-0.3381797037801794,1.7217510188380438,0.5175461309975176,-0.750124101495177,2.0808948054439873,0.2817712021957747,1.0,0,0
4527,-0.25219015338855527,-0.21460712256654832,-0.712071666573206,-0.3617324492422687,2.0553282022991244,-0.511889847239582,1.0,0,0
233,0.34973669935281365,-0.33677482864885694,1.1323550297828793,0.5445147393478507,-1.3237245133469744,-0.7408869934391794,0.0,15,1
67,-0.3381797037801794,-1.8699795399818306,0.5175461309975176,-0.9961054812553524,0.542637516228046,-0.5255905312002417,1.0,0,0
1604,-1.4560438588712932,-0.5383515436846662,-0.712071666573206,0.9329063916007589,-1.3237245133469744,0.3962697752955735,0.0,25,0
3284,1.3816113040523033,0.5061823433190727,1.1323550297828793,0.738710565474305,1.7442678640366207,0.3316808366238925,0.0,0,1
3597,-0.42416925417180357,-0.20849873726243287,-0.09726276778784416,-0.4653035565097109,-0.22862167864199665,-0.7262076891956152,1.0,0,1
126,0.34973669935281365,1.5140659184981191,3.5915906249243266,0.9587991684176196,1.7911399698022035,0.9951853884329818,0.0,0,0
1297,-1.6280229596545415,-1.8699795399818306,-1.3268805653585676,-0.45235716810128057,-0.3777601969870325,-1.2644488447929594,0.0,0,0
1977,-1.8859916108294137,-0.44061737881881935,-0.712071666573206,0.0007664261937791922,1.1903247958979162,-0.47470227648921975,1.0,25,0
4528,0.17775759856956538,-0.39175029638589587,-0.09726276778784416,-0.3358396724254082,0.5298542146556143,0.0009071810022516319,0.0,0,1
4534,-1.5420334092629173,-1.8699795399818306,-0.712071666573206,-1.306818803057679,-1.3237245133469744,-0.8602786679534993,1.0,0,1
2076,-1.2840647580880449,-1.8699795399818306,-0.712071666573206,-1.306818803057679,1.2158913990427793,-1.3290377834646407,0.0,10,0
3087,-1.1980752076964207,0.3351475548038407,-0.712071666573206,-1.073783811705934,-0.867786757263579,0.6947489615813732,0.0,0,0
4356,-0.7681274557383001,-0.8010121117616299,-0.712071666573206,-1.306818803057679,0.8707422565871249,-0.4942746821473053,0.0,0,1
3346,-0.25219015338855527,0.7260842142672284,1.1323550297828793,-1.306818803057679,0.4616766062693123,-1.0011999886917131,0.0,15,1
4920,1.0376531024858067,2.185988301950817,-0.712071666573206,-0.6724457710445954,-0.1220941655383996,1.0764108719140362,0.0,0,0
2798,-0.25219015338855527,-0.9659385149727465,-1.3268805653585676,-0.6206602174108743,-0.03687215505552195,-0.4061988566859218,0.0,0,0
919,1.3816113040523033,1.086478947210039,-0.712071666573206,-0.750124101495177,-0.20731617602127725,0.042009232884230814,1.0,0,0
1647,-0.08021105260530702,-0.7765785705451681,-0.09726276778784416,1.1012094409103528,0.6449039288074991,-0.1693727482230902,1.0,0,1
365,-0.16620060299693115,0.17022115159272397,-0.712071666573206,0.7128177886574444,-0.543943117428644,1.1302349874737703,1.0,0,1
3288,1.1236426528774308,1.2391885798129247,1.1323550297828793,1.7226360845150064,1.5354739383535705,1.4492651997005594,1.0,20,1
2126,0.17775759856956538,0.5428326551437653,-0.09726276778784416,-0.5688746637771531,0.3125380879242764,-0.7046780429717215,1.0,0,1
4124,0.34973669935281365,0.5916997375766888,-0.09726276778784416,-1.306818803057679,0.798303547676679,1.1801446219018874,1.0,0,1
526,-0.42416925417180357,-1.5156931923431356,-0.712071666573206,-1.306818803057679,-0.37349909646288865,-0.598008432135157,1.0,20,0
56,-0.682137905346676,-0.3734251404735496,-0.712071666573206,-1.306818803057679,0.6406428282833553,-0.6508539274119871,0.0,0,0
639,0.607705350527686,0.622241664097266,1.7471639285682412,0.35031891322139663,1.7485289645607647,-0.07444658078137686,1.0,0,1
303,0.8656740017025585,1.3185975887664254,1.1323550297828793,-0.750124101495177,-1.26406910600896,-0.0705320996497599,1.0,0,1
2767,-1.8859916108294137,-0.44672576412293474,-0.712071666573206,-1.216194084198667,-0.3564546943663131,-0.47274503592341166,1.0,0,1
1277,-0.5961483549550518,0.37179786662853326,-0.09726276778784416,-0.9572663160300615,-1.3237245133469744,-0.5931153307206356,0.0,10,1
2056,0.607705350527686,-1.369091945044365,-0.712071666573206,-0.6465529942277348,0.14635516748266497,0.02243682722614529,1.0,10,0
3645,-0.25219015338855527,0.31682239889149433,1.1323550297828793,0.05255197982750017,0.21027167534482322,-0.13414241803853683,1.0,0,1
4144,-0.42416925417180357,0.10913729855156963,1.7471639285682412,0.07844475664436075,1.5866071446432972,0.7299792917659266,1.0,0,0
2879,-0.8541170061299242,-1.1858403859209021,-0.712071666573206,-0.3358396724254082,0.15061626800680886,-2.1256346937487103,1.0,0,1
4203,0.5217158001360619,-0.037463948747200757,1.1323550297828793,0.05255197982750017,0.15913846905509663,-0.39934851470559196,1.0,0,0
2287,0.6936949009193102,-0.03135556344308532,-1.3268805653585676,-0.9961054812553524,-1.1191916881880681,-0.9571620759610211,0.0,15,0
2262,-0.7681274557383001,0.6833255171384203,0.5175461309975176,-0.8148560435373283,-0.2541882817868599,0.38941943331524365,0.0,0,1
2297,2.6714545599266653,1.1048041031223852,1.7471639285682412,1.1271022177272134,1.7187012608917576,0.8160978766615019,1.0,0,0
1754,-0.5961483549550518,0.2374133899379937,-1.3268805653585676,-0.3099468956085476,-1.3237245133469744,-0.07248934021556803,0.0,0,0
1969,-0.42416925417180357,1.9721948163067766,-1.3268805653585676,-1.2550332494239578,-0.7740425457324136,0.541105577165404,0.0,25,0
4362,0.34973669935281365,-0.3612083698653187,-1.3268805653585676,-0.012179962214651098,-0.8336979530704279,-0.5343981137463797,1.0,0,1
3118,-0.16620060299693115,-1.1186481475756325,-0.09726276778784416,0.648085846615293,0.8536978544905495,0.18978089560277422,0.0,0,1
2394,0.34973669935281365,0.5061823433190727,0.5175461309975176,0.6739786234321535,0.17192177062752828,0.34048841917003053,0.0,25,1
524,-0.16620060299693115,0.6772171318343049,-1.3268805653585676,0.27264058277081493,-1.3237245133469744,0.419756662085276,1.0,0,0
3901,0.6936949009193102,2.259288925600202,-0.09726276778784416,0.16906947550337278,-0.07522205977281689,1.752637487400881,0.0,0,1
3123,0.6936949009193102,-0.15963165482950942,-0.09726276778784416,0.51862196253099,1.3565077163395276,0.22990432720184864,1.0,0,0
4157,0.34973669935281365,0.26184693115445545,-0.712071666573206,0.6869250118405839,-0.9146588630291617,-0.5500560382728483,0.0,0,0
1970,0.8656740017025585,1.4102233683281569,1.7471639285682412,0.5445147393478507,-1.0552751803259097,-0.42577126234400664,1.0,0,0
672,0.2637471489611895,0.46953203149438016,-0.09726276778784416,0.5963002929815718,-1.3237245133469744,1.1644866973754195,0.0,20,1
4189,-0.7681274557383001,-0.6421940938546286,0.5175461309975176,-0.7242313246783165,-0.6206429268632339,-0.40815609725172997,0.0,5,0
667,-1.6280229596545415,-0.5322431583805508,-0.09726276778784416,1.1659413829525043,-0.5183765142837806,0.091918867312348,1.0,0,0
4349,0.4357262497444378,-0.055789104659547055,-0.09726276778784416,0.3114797479961058,-0.5396820169045,-0.14099276001886668,0.0,0,1
1888,0.17775759856956538,-0.8743127354110151,-1.3268805653585676,-1.306818803057679,1.3011134095256571,-0.024536946353258992,0.0,0,0
3267,-1.8859916108294137,0.2740637017626863,-1.3268805653585676,-1.1385157537480854,0.14635516748266497,-0.28289270103998426,0.0,5,1
281,0.5217158001360619,-1.155298459400325,-0.09726276778784416,0.9846919452344801,0.9474420660217149,-0.11946311379497301,0.0,20,0
1720,-1.370054308479669,-0.7399282587204755,-0.09726276778784416,-1.306818803057679,0.29549368582770086,0.48043111962534,0.0,25,0
2948,0.4357262497444378,0.2374133899379937,-0.09726276778784416,-1.306818803057679,2.1959445195958724,0.2749208602154448,0.0,0,1
900,-1.5420334092629173,-0.36731675516943413,-1.3268805653585676,0.4279972436719784,0.4233267015520173,0.5088111078295635,1.0,20,0
4861,-1.6280229596545415,-0.6849527909834366,-1.3268805653585676,-0.5818210521855834,0.24436047953797427,-0.18013757133503702,1.0,0,0
761,1.295621753660679,2.8395855294911683,-0.09726276778784416,-0.4135180028759897,-0.360715794890457,2.414184798644162,0.0,20,0
1907,0.005778497786317116,-0.9537217443645157,0.5175461309975176,-0.025126350623081387,-1.0893639845190608,-1.896637547549113,1.0,15,0
4043,0.005778497786317116,-1.0697810651427089,-0.712071666573206,-0.8148560435373283,0.4531544052210245,-0.9571620759610211,0.0,0,1
3824,-0.25219015338855527,-0.2329322784788946,2.3619728273536027,-0.20637578834110526,1.5439961394018584,-1.5296549414600147,0.0,10,1
4139,-1.0260961069131724,-1.4485009539978657,-1.3268805653585676,-0.08985829266523283,-0.5396820169045,-1.590329399000079,0.0,0,0
3819,1.6395799552271757,0.6405668200096123,1.7471639285682412,1.6837969192897153,-0.8294368525462841,0.2778567210641577,1.0,20,0
4301,-0.42416925417180357,-0.33066644334474155,-0.09726276778784416,-1.306818803057679,-0.2967992870282988,1.2936645747187823,0.0,30,1
2594,0.7796844513109343,-0.013030407530739023,0.5175461309975176,0.5056755741225601,0.20601057482067933,0.8346916620366827,0.0,0,0
4165,-0.25219015338855527,1.3796814418075796,1.7471639285682412,0.03960559141906988,1.0454473780770241,0.24360501116250838,1.0,30,0
3032,0.607705350527686,0.5672661963602271,-0.09726276778784416,1.0105847220513406,-0.8592645562152912,1.0597743271046633,0.0,0,1
3580,-1.370054308479669,0.8360351497413061,-1.3268805653585676,-0.4394107796928503,-0.9870975719396077,0.9570191973997155,0.0,5,1
2833,1.0376531024858067,0.7566261407878055,0.5175461309975176,-1.306818803057679,-0.505593212711349,-0.7301221703272325,1.0,25,1
3473,1.1236426528774308,0.8177099938289598,-0.09726276778784416,-1.306818803057679,-0.8038702494014207,1.303450777547825,1.0,25,0
138,0.8656740017025585,0.8360351497413061,1.7471639285682412,-0.10280468107366313,0.2571437811104059,0.09779058900977379,0.0,0,0
2181,2.1555172575769204,0.8787938468701142,0.5175461309975176,-1.306818803057679,2.0553282022991244,0.7123641266736499,1.0,0,0
2129,0.4357262497444378,-0.5078096171640891,-0.09726276778784416,0.07844475664436075,0.5639430188487654,-0.6792339156162106,1.0,0,0
3178,0.17775759856956538,-0.07411426057189335,-1.3268805653585676,-1.1385157537480854,0.46593770679345614,-0.39445541329107026,0.0,15,1
4378,-0.16620060299693115,-0.2573658196953563,0.5175461309975176,0.1561230870949425,1.2158913990427793,0.3336380771897007,0.0,0,1
4262,1.1236426528774308,0.5794829669684579,0.5175461309975176,0.5315683509394203,1.373552118436103,1.0813039733285572,0.0,15,1
4345,-0.5961483549550518,-0.746036644024591,-0.09726276778784416,-1.306818803057679,0.7769980450559595,-0.5441843165754224,0.0,5,1
1332,-1.1120856573047966,-0.4161838376023576,-0.712071666573206,-1.034944646480643,-0.7868258473048452,-0.34748163971166596,1.0,25,0
2018,-0.682137905346676,0.09081214263922334,2.3619728273536027,-0.4005716144675594,-0.24992718126271607,1.1547004945463768,1.0,25,1
2483,0.2637471489611895,0.22519661932976287,0.5175461309975176,-1.306818803057679,0.7343870398145207,0.5665497045209154,0.0,15,1
1359,-0.42416925417180357,0.8238183791330753,3.5915906249243266,-1.306818803057679,0.1847050721999599,0.91200266438612,1.0,25,1
1330,0.7796844513109343,0.5916997375766888,0.5175461309975176,2.2922771744859385,0.5255931141314705,0.8151192563785978,1.0,30,1
2151,-0.08021105260530702,-0.46505092003528103,0.5175461309975176,0.4021044668551178,-1.3237245133469744,-0.6537897882607,0.0,0,0
2123,-0.8541170061299242,-1.8699795399818306,0.5175461309975176,0.5315683509394203,-0.8507423551670035,-2.0385374885702308,1.0,10,0
3982,-0.25219015338855527,0.03583667490218444,-0.09726276778784416,0.6739786234321535,-0.5524653184769317,-0.5510346585557524,1.0,0,0
1253,-0.8541170061299242,0.48174880210261106,-0.09726276778784416,-0.07691190425680254,0.4744599078417439,0.484345600756957,0.0,20,0
3279,-0.7681274557383001,0.25573854585034,-0.09726276778784416,-0.5170891101434321,-1.3237245133469744,-0.8289628189005628,0.0,30,1
3375,0.005778497786317116,-0.16574004013362484,-0.09726276778784416,0.35031891322139663,0.5639430188487654,-0.057810035972004244,1.0,15,0
2815,0.005778497786317116,-0.5872186261175897,0.5175461309975176,0.09139114505279104,0.22731607744139873,-2.7470585733929167,1.0,25,1
1849,-0.42416925417180357,-1.8699795399818306,-1.3268805653585676,-0.8278024319457586,-1.1234527887122119,-1.6637259202178987,0.0,0,0
3038,-0.08021105260530702,-1.3263332479155572,-0.712071666573206,-1.306818803057679,-0.4033268001318958,-1.4386432551499182,0.0,0,0
389,0.2637471489611895,-0.7399282587204755,-1.3268805653585676,-0.3876252260591293,-1.1490193918570752,0.2661132776693068,0.0,0,1
236,-0.682137905346676,-0.5750018555093589,0.5175461309975176,-1.2420868610155276,-0.8507423551670035,-0.15273620341371758,1.0,5,0
1078,2.9294232111015375,0.622241664097266,1.1323550297828793,-0.6853921594530257,-0.8209146514979963,-0.38564783074493225,1.0,0,0
1985,-0.7681274557383001,-1.3935254862608268,-0.712071666573206,-0.9572663160300615,-1.3237245133469744,-1.2908715924313745,1.0,0,1
4364,-0.5961483549550518,-0.917071432539823,-0.712071666573206,-0.7630704899036073,-1.046752979277622,-1.4846384084464184,0.0,25,0
3963,0.5217158001360619,0.17022115159272397,0.5175461309975176,1.023531110459771,0.1633995695792405,-0.23787616802638814,0.0,0,0
771,1.811559056010424,1.990519972219123,-0.09726276778784416,0.5704075161647112,-1.3237245133469744,0.9863778058868438,0.0,10,0
2166,1.295621753660679,1.3369227446787717,-0.09726276778784416,-0.5688746637771531,-0.6675150326288165,1.0646674285191844,0.0,0,0
674,-1.370054308479669,-0.9781552855809774,-1.3268805653585676,-0.2970005072001173,-0.31810478964901817,0.22403260550442355,1.0,0,1
250,-1.1980752076964207,-1.4118506421731731,-1.3268805653585676,-0.8795879855794798,-1.3237245133469744,-0.5520132788386564,1.0,0,0
1575,-1.4560438588712932,-1.1614068447044403,0.5175461309975176,0.6610322350237232,1.2244136000910673,-0.4179423000807727,1.0,20,1
3420,1.295621753660679,1.0131783235606537,0.5175461309975176,1.7355824729234361,1.11788608698747,0.7485730771411081,1.0,25,0
2082,0.4357262497444378,1.1536711855553086,0.5175461309975176,-0.11575106948209342,-0.8081313499255647,1.4267569331937617,1.0,25,1
1824,0.6936949009193102,1.3002724328540791,1.1323550297828793,0.03960559141906988,-1.3237245133469744,1.1556791148292809,1.0,20,1
717,-1.6280229596545415,-0.831554038282207,-1.3268805653585676,-1.306818803057679,-0.8763089583118667,1.1018549992695468,1.0,5,0
4679,-0.9401065565215483,-1.735595063291291,-0.09726276778784416,0.8811208379670382,-1.3237245133469744,-0.8612572882364037,0.0,0,0
2049,0.09176804817794125,0.28017208706680174,-0.09726276778784416,-1.306818803057679,0.9900530712631537,1.5676782539319754,0.0,5,0
4179,-1.8859916108294137,-1.2896829360908646,-1.3268805653585676,-1.1126229769312248,-1.3237245133469744,-1.3916694815705137,1.0,25,1
2725,-0.5961483549550518,-0.605543782029936,-0.712071666573206,-1.306818803057679,-1.1064083866156365,-0.7350152717417535,0.0,0,0
4532,0.2637471489611895,-1.2957913213949799,-0.09726276778784416,1.8909391338245998,-1.161802693429507,-1.0628530665146816,0.0,0,0
1461,1.0376531024858067,1.678992321709236,1.1323550297828793,-0.025126350623081387,-0.5567264190010756,0.6193951997977454,0.0,0,0
1669,0.2637471489611895,0.011403133685722707,-0.712071666573206,0.6610322350237232,-1.3237245133469744,-0.3200802717903465,0.0,0,1
2757,0.6936949009193102,0.8116016085248444,0.5175461309975176,1.0882630525019223,0.7514314419110962,-0.18209481190084517,1.0,15,0
2001,-0.42416925417180357,-1.564560274776059,-1.3268805653585676,-1.0996765885227946,0.11226636328951392,0.03809475175261385,0.0,0,0
405,0.5217158001360619,0.4573152608861493,0.5175461309975176,-0.20637578834110526,-1.1021472860914925,0.9061309426886942,0.0,10,1
385,-1.6280229596545415,0.5733745816643425,0.5175461309975176,0.06549836823593046,-1.3237245133469744,1.0940260370063128,0.0,15,0
4503,-1.370054308479669,-1.8150040722447918,-0.712071666573206,-0.20637578834110526,-0.8720478577877229,-2.303743585237286,0.0,0,0
2153,-0.8541170061299242,0.665000361226074,-0.712071666573206,-0.11575106948209342,0.653426129855787,0.9266819686296839,0.0,0,1
1634,0.005778497786317116,-1.2347074683538255,-0.09726276778784416,0.4279972436719784,-1.1490193918570752,-1.090254434436001,1.0,0,0
4597,-0.3381797037801794,1.2758388916376173,-0.712071666573206,0.6998714002490141,-0.5950763237183705,1.1057694804011637,1.0,30,1
3926,0.9516635520941825,1.0925873325141544,-1.3268805653585676,-1.306818803057679,-0.8422201541187156,-0.3132299298100166,0.0,0,0
4159,1.1236426528774308,-0.03135556344308532,0.5175461309975176,-1.306818803057679,0.2571437811104059,-0.13218517747272798,0.0,0,0
224,-1.1120856573047966,-0.20849873726243287,0.5175461309975176,1.6837969192897153,0.044088754903211805,-1.1744157787657674,0.0,20,1
2194,0.005778497786317116,-0.8987462766274767,-0.712071666573206,-0.5041427217350017,0.653426129855787,-0.35335336140909107,1.0,5,1
3137,1.295621753660679,-0.33066644334474155,2.9767817261389644,2.7195079919641376,-0.3095825886007304,0.16922986966178463,0.0,0,1
1825,-0.9401065565215483,-0.2329322784788946,-0.712071666573206,-1.306818803057679,0.8366534523939739,-0.922910366059372,0.0,20,0
4611,0.09176804817794125,-1.1858403859209021,-0.09726276778784416,1.3083516554452375,-1.3237245133469744,-1.0520882434027348,0.0,10,0
798,1.1236426528774308,0.7321925995713437,1.1323550297828793,-0.11575106948209342,1.4800796315397,0.049838195147464744,0.0,20,0
2872,-0.682137905346676,-0.5322431583805508,-0.712071666573206,-0.3876252260591293,-1.3237245133469744,0.2484981125770301,1.0,20,0
10,-0.8541170061299242,-0.16574004013362484,0.5175461309975176,1.852099968599309,0.5937707225177726,-0.3279092340535804,0.0,0,0
1945,-0.42416925417180357,-0.10465618709247052,-0.09726276778784416,-0.45235716810128057,-1.3237245133469744,0.12617057721399733,0.0,0,0
1839,1.5535904048355516,2.0210618987397,1.1323550297828793,-0.7371777130867467,2.1149836096371386,1.188952204448026,0.0,20,1
256,0.7796844513109343,-0.7765785705451681,1.1323550297828793,-0.5300354985518623,-0.8379590535945718,-0.12239897464368522,1.0,0,1
4519,-0.25219015338855527,-0.04968071935543162,0.5175461309975176,-0.5300354985518623,-0.578031921621795,-0.0852114038933237,1.0,30,1
1582,-0.16620060299693115,-0.5078096171640891,-0.712071666573206,-1.306818803057679,0.5980318230419165,-0.7448014745707964,1.0,0,0
2957,0.5217158001360619,0.11524568385568507,-1.3268805653585676,2.0851349599510542,0.41054339997958567,0.2896001644590086,0.0,0,1
925,-0.16620060299693115,-1.2530326242661718,-0.09726276778784416,1.90388552223303,-0.09652756239353631,-0.76633112079469,0.0,0,1
4440,-1.0260961069131724,-0.33066644334474155,-1.3268805653585676,1.1012094409103528,0.6449039288074991,-0.6606401302410299,1.0,0,1
2509,0.9516635520941825,-0.22682389317477916,-1.3268805653585676,-1.306818803057679,0.7642147434835279,-0.5255905312002417,0.0,15,0
3776,-0.9401065565215483,-1.8699795399818306,-1.3268805653585676,-0.750124101495177,-1.3237245133469744,-1.4474508376960566,1.0,0,1
4137,1.4676008544439274,0.35958109602030236,-0.09726276778784416,-0.18048301152424487,0.35088799264157133,0.18390917390534842,0.0,20,0
2780,-1.0260961069131724,-0.20849873726243287,-0.712071666573206,0.5315683509394203,-0.684559434725392,-1.233132995740023,0.0,0,0
540,-0.7681274557383001,-1.50958480703902,-0.09726276778784416,-1.306818803057679,0.1889661727241038,-0.4267498826269107,0.0,0,1
2746,1.209632203269055,0.3779062519326487,1.1323550297828793,-0.05101912743994197,-0.650470630532241,-0.511889847239582,0.0,10,0
4509,-0.9401065565215483,-0.5139180024682045,-0.712071666573206,-0.07691190425680254,-0.8336979530704279,-1.3848191395901837,0.0,0,1
4582,0.8656740017025585,-0.5750018555093589,-0.09726276778784416,0.20790864072866364,0.5980318230419165,-0.5422270760096144,0.0,0,0
1146,0.6936949009193102,-0.08633103118012422,-1.3268805653585676,-1.306818803057679,-0.7101260378702553,0.04298785316713488,0.0,25,0
668,0.5217158001360619,0.07248698672687703,0.5175461309975176,-1.2809260262408184,-0.6206429268632339,-0.02160108550454679,0.0,0,0
3020,-1.8859916108294137,-1.662294439641906,0.5175461309975176,0.7646033422911656,0.6278595267109237,-0.792753868433105,1.0,0,0
358,0.2637471489611895,0.06027021611864617,-0.09726276778784416,0.6998714002490141,-1.195891497622658,-0.17132998878889832,0.0,20,1
2832,1.0376531024858067,2.442540484723665,1.7471639285682412,0.9976383336429104,2.728582085113858,0.3698470276571581,1.0,25,1
2784,1.1236426528774308,0.3290391694997252,-0.09726276778784416,-1.306818803057679,-0.3351491917455937,0.32874497577517964,1.0,10,1
1354,0.34973669935281365,-0.3734251404735496,-0.09726276778784416,-0.8795879855794798,-0.543943117428644,-0.4766595170550286,0.0,10,0
471,0.34973669935281365,-0.11687295770070139,-0.712071666573206,0.36326530162982695,-1.1021472860914925,-0.6674904722213597,1.0,0,1
2704,1.209632203269055,0.31071401358737893,1.7471639285682412,1.489601093163261,0.8750033571112689,-1.3329522645962582,0.0,0,1
3331,0.005778497786317116,-1.1003229916632862,-0.712071666573206,-0.5041427217350017,-0.39480459908360804,-0.16154378595985627,0.0,0,0
3638,1.3816113040523033,1.2758388916376173,1.1323550297828793,-1.1514621421565157,0.6406428282833553,0.6448393271532561,1.0,0,1
1397,0.607705350527686,1.355247900591118,-0.712071666573206,-0.3358396724254082,-1.3237245133469744,1.2956218152845904,1.0,20,0
3585,0.34973669935281365,0.054161830814530736,-0.712071666573206,-0.10280468107366313,-1.3237245133469744,0.4226925229339889,1.0,15,0
4758,0.8656740017025585,2.0088451281314694,-0.712071666573206,-1.306818803057679,-1.2299803018158089,0.9560405771168115,1.0,0,0
3377,0.6936949009193102,-1.3141164773073262,-0.09726276778784416,-1.306818803057679,0.2358382784896865,0.12812781777980545,0.0,0,1
1257,0.7796844513109343,-0.691061176287552,1.1323550297828793,1.489601093163261,-0.1220941655383996,0.6546255299822988,1.0,0,1
3513,-0.682137905346676,-0.6483024791587441,-0.712071666573206,-1.0478910348890733,-1.153280492381219,0.26122017625478505,0.0,0,1
1251,1.0376531024858067,0.25573854585034,-0.712071666573206,-0.9054807623963403,0.7727369445318156,-0.3631395642381338,0.0,25,1
4818,-0.16620060299693115,-0.11076457239658595,-0.712071666573206,-0.6853921594530257,-1.3237245133469744,0.2426263908796043,1.0,25,1
4299,1.7255695056187998,-0.0008136369225081579,1.7471639285682412,1.2047805481777951,-1.298157910202111,-0.9845634438823405,0.0,0,1
3285,-0.7681274557383001,0.2679553164585709,-1.3268805653585676,-0.659499382636165,-1.3237245133469744,0.7935896101547042,1.0,30,1
2934,1.1236426528774308,-0.12298134300481682,-0.712071666573206,0.4927291857141298,0.6363817277592114,-1.2429191985690657,0.0,30,1
4176,-0.5101588045634277,-0.055789104659547055,-0.712071666573206,0.2855869711792452,-1.3237245133469744,-0.02747280720197189,1.0,0,0
1853,-0.3381797037801794,-0.20239035195831745,-0.09726276778784416,1.360137209078958,-1.3237245133469744,0.9041737021228854,1.0,25,1
4880,-1.1120856573047966,0.8116016085248444,2.3619728273536027,1.114155829318783,0.9346587644492832,0.5058752469808506,0.0,0,1
2106,-0.5101588045634277,-0.3978586816900113,-0.712071666573206,-0.07691190425680254,0.014261051234204632,-1.128420625469267,1.0,20,1
134,-0.25219015338855527,-1.3935254862608268,-0.712071666573206,-0.32289328401697787,-0.867786757263579,-0.6351960028855188,1.0,0,0
929,-0.25219015338855527,0.4023397931491104,-0.712071666573206,0.013712814602209302,-0.8592645562152912,1.2222252940667706,0.0,15,1
824,-1.8859916108294137,-1.143081688792094,-1.3268805653585676,0.1302303102780819,-0.032611054531378074,0.317001532380328,1.0,25,0
4554,0.34973669935281365,-0.2695825903035872,-0.712071666573206,-0.16753662311581458,1.5397350388777145,-0.848535224558648,1.0,0,1
1532,0.34973669935281365,-0.12298134300481682,0.5175461309975176,0.05255197982750017,1.2371969016634987,0.8258840794905447,1.0,0,1
1215,-1.8859916108294137,-0.2573658196953563,-1.3268805653585676,0.05255197982750017,-0.42037120222847135,-0.3934767930081662,0.0,0,0
505,-1.8859916108294137,-0.886529506019246,-1.3268805653585676,-0.5818210521855834,-0.4587211069457663,0.5636138436722025,1.0,25,1
4286,1.7255695056187998,0.9887447823441919,-0.712071666573206,-0.9443199276216312,-0.27975488493172324,0.30232222813676424,1.0,0,0
1997,0.34973669935281365,-0.12908972830893226,-0.09726276778784416,-0.9702127044384918,-0.27975488493172324,-0.1811161916179411,0.0,0,1
3073,-1.6280229596545415,-1.8699795399818306,-0.712071666573206,-0.18048301152424487,0.31679918844842025,-1.295764693845896,0.0,0,1
1959,-0.25219015338855527,-0.8010121117616299,-0.09726276778784416,-0.89253437398791,-1.0041419740361832,-0.11848449351206826,0.0,0,0
1385,-1.8000020604377898,-0.44061737881881935,0.5175461309975176,0.19496225232023337,-0.906136661980874,-0.22319686378282436,1.0,0,0
895,-0.3381797037801794,-0.15963165482950942,-0.712071666573206,0.9976383336429104,1.914711885002376,-0.5285263920489546,1.0,0,0
456,0.17775759856956538,0.5978081228808043,-0.712071666573206,2.0980813483594845,-1.3237245133469744,1.2623487256658457,1.0,0,1
4647,-0.08021105260530702,-1.2347074683538255,-1.3268805653585676,-1.306818803057679,-1.3237245133469744,-0.43751470573885826,1.0,0,0
3710,-0.25219015338855527,-0.6299773232463978,-0.712071666573206,-0.11575106948209342,-1.3237245133469744,0.22305398522151879,1.0,0,1
4629,-0.682137905346676,0.7444093701795746,-0.712071666573206,1.3212980438536677,-1.3237245133469744,1.9914208364295207,1.0,0,0
4269,1.209632203269055,-0.4528341494270502,0.5175461309975176,1.6837969192897153,0.6704705319523625,0.3982270158613823,0.0,25,0
3523,-0.3381797037801794,-0.19017358135008658,-0.09726276778784416,0.03960559141906988,-0.6973427362978237,-0.2613630548160906,0.0,10,1
4135,-1.1120856573047966,-1.5034764217349046,-0.712071666573206,0.9976383336429104,-0.7314315404909747,-0.9346538094542233,1.0,15,0
3603,-1.4560438588712932,-1.2469242389620565,-1.3268805653585676,0.19496225232023337,-1.3237245133469744,-2.064960236208646,0.0,0,0
714,0.005778497786317116,2.344806319857818,0.5175461309975176,-0.5170891101434321,-1.3237245133469744,2.1754014496155225,1.0,10,1
4187,0.4357262497444378,0.719975828963113,1.7471639285682412,1.670850530881285,0.7173426377179452,1.638138914301082,0.0,0,1
2215,-0.8541170061299242,-1.3141164773073262,-1.3268805653585676,0.648085846615293,-0.06669985872452913,-1.8545568753842296,1.0,0,0
2924,-0.682137905346676,-1.8699795399818306,-1.3268805653585676,-0.4911963333265715,0.7855202461042473,-2.0140719814976245,1.0,0,0
1811,-1.8859916108294137,-0.6360857085505132,-0.09726276778784416,0.648085846615293,0.04834985542735569,-0.05095969399167438,0.0,20,1
3487,0.7796844513109343,0.26184693115445545,-0.09726276778784416,-0.8536952087626192,0.49150430993831945,-0.12631345577530287,0.0,0,0
3142,3.1014023118847858,2.497515952460704,0.5175461309975176,0.4279972436719784,-0.46724330799405406,1.0490095039927165,0.0,25,1
1828,1.6395799552271757,-1.5462351188637127,3.5915906249243266,2.7583471571894282,-0.2967992870282988,-1.2380260971545445,0.0,0,1
1156,0.09176804817794125,1.9477612750903148,1.1323550297828793,0.026659203010639593,0.725864838766233,1.9101953529484672,0.0,5,0
1325,0.2637471489611895,0.37179786662853326,0.5175461309975176,1.528440258388552,-1.2299803018158089,1.4531796808321764,0.0,0,1
4313,0.09176804817794125,-0.9048546619315923,0.5175461309975176,-0.8536952087626192,-0.1902717739247017,-0.06270313738652528,1.0,0,1
511,-1.6280229596545415,-0.45894253473116564,-0.09726276778784416,2.2922771744859385,-1.3237245133469744,-0.4061988566859218,0.0,10,0
1681,-1.5420334092629173,-0.25125743439124093,1.1323550297828793,1.4248691511211096,-0.7612592441599819,-0.5353767340292845,0.0,0,0
500,-1.5420334092629173,-1.4851512658225583,-0.09726276778784416,0.36326530162982695,-1.3237245133469744,0.12421333664818848,0.0,0,0
4547,-1.8859916108294137,-0.013030407530739023,-0.712071666573206,1.3083516554452375,0.5639430188487654,-0.7350152717417535,0.0,20,0
1857,-0.16620060299693115,-1.0209139827097855,1.7471639285682412,0.07844475664436075,0.05261095595149957,1.2887714733042606,1.0,0,1
1389,0.34973669935281365,-0.33677482864885694,0.5175461309975176,0.5315683509394203,-0.6547317310563848,-0.35041750056037885,0.0,25,1
3720,0.2637471489611895,0.16411276628860852,-0.712071666573206,0.0007664261937791922,0.8920477592078444,0.484345600756957,0.0,20,1
2387,-1.6280229596545415,-0.19017358135008658,0.5175461309975176,-0.141643846298954,-0.16470517077983843,-0.7183787269323813,0.0,0,1
3237,1.1236426528774308,0.15189599568037768,0.5175461309975176,0.8940672263754684,-0.8336979530704279,0.2250112257873276,0.0,15,0
1541,-0.25219015338855527,-1.5706686600801745,-0.712071666573206,2.4994193890208227,-1.3237245133469744,-0.5588636208189863,0.0,10,0
1218,-1.8859916108294137,-1.5584518894719435,-1.3268805653585676,2.266384397669078,-0.21157727654542113,-1.1538647528247779,1.0,0,0
2682,-0.25219015338855527,0.3473643254120715,-1.3268805653585676,1.2565661018115162,-1.302419010726255,-0.46100159252856004,0.0,0,1
2994,2.499475459143417,-0.06189748996366248,1.1323550297828793,2.305223562894369,-0.6334262284356654,-0.4776381373379327,1.0,25,1
1192,1.0376531024858067,1.2819472769417328,1.1323550297828793,-0.5559282753687228,-0.39906569960775196,2.2634772750769057,0.0,0,0
1543,0.2637471489611895,0.7383009848754593,-0.09726276778784416,-0.9443199276216312,0.15061626800680886,0.1614009073985507,1.0,20,1
3302,2.1555172575769204,0.5061823433190727,-0.09726276778784416,-1.306818803057679,1.339463314242952,-0.6351960028855188,1.0,20,0
3325,0.9516635520941825,-0.06189748996366248,2.3619728273536027,1.3342444322620977,0.8536978544905495,-0.4218567812123897,0.0,0,0
2540,0.6936949009193102,0.15189599568037768,-0.712071666573206,-0.5300354985518623,0.5937707225177726,0.3972483955784776,0.0,25,1
954,-1.1980752076964207,-0.22071550787066374,-0.712071666573206,-1.306818803057679,-1.3237245133469744,-0.7046780429717215,0.0,15,0
4331,1.897548606402048,0.42677333436557213,-0.09726276778784416,-0.18048301152424487,1.3053745100498009,0.4863028413227658,1.0,20,1
733,0.607705350527686,1.5446078450186964,1.1323550297828793,1.0882630525019223,1.0667528806977435,1.9669553293569142,0.0,25,1
1157,0.005778497786317116,-1.534018348255482,-0.712071666573206,-1.306818803057679,1.4630352294431246,0.8072902941153639,0.0,10,0
3295,-0.5961483549550518,0.24352177524210916,-1.3268805653585676,-1.306818803057679,-1.3237245133469744,1.1419784308686212,1.0,0,1
2983,-0.16620060299693115,-0.09243941648423964,-0.712071666573206,0.6998714002490141,0.9687475686424343,1.1331708483224832,1.0,30,0
2157,0.34973669935281365,0.35347271071618697,-0.09726276778784416,-0.1286974578905237,1.3863354200085347,-0.9591193165268299,0.0,15,0
1063,-0.42416925417180357,-0.08633103118012422,-1.3268805653585676,-1.306818803057679,0.45741550574516837,0.04494509373294302,0.0,0,0
2617,0.005778497786317116,1.2025382679882322,-0.09726276778784416,1.0753166640934921,0.6917760345730819,0.5205545512244151,1.0,30,1
1168,1.897548606402048,-1.5156931923431356,-0.09726276778784416,1.023531110459771,0.4531544052210245,-2.5953724295427563,0.0,5,0
3223,-1.7140125100461656,-1.6989447514665985,-0.712071666573206,-0.9054807623963403,0.08243865962050674,-1.0834040924556712,1.0,20,1
3637,-0.25219015338855527,0.06027021611864617,0.5175461309975176,-0.038072739031511676,-0.46724330799405406,0.06647473995683738,0.0,0,0
2939,-0.42416925417180357,0.31682239889149433,1.7471639285682412,1.1400486061356436,1.6206959488364483,-0.05095969399167438,0.0,0,1
4492,-0.9401065565215483,-0.4955928465558582,-1.3268805653585676,-0.5041427217350017,-0.39906569960775196,-0.8925731372893401,0.0,0,1
3141,-0.16620060299693115,0.4206649490614567,-0.09726276778784416,-0.8019096551288981,-1.2044136986709457,0.22598984607023168,0.0,20,0
144,0.2637471489611895,1.1048041031223852,-0.09726276778784416,-1.306818803057679,-0.4033268001318958,-0.33573819631681434,1.0,0,1
3578,0.17775759856956538,0.1030289132474542,1.1323550297828793,-1.306818803057679,-1.3237245133469744,0.37278288850587105,0.0,0,1
2783,0.5217158001360619,0.07248698672687703,-1.3268805653585676,-0.06396551584837226,-0.10078866291768018,-0.029430047767780722,0.0,15,1
718,0.6936949009193102,-0.09243941648423964,-0.09726276778784416,0.5704075161647112,0.9943141717872975,0.006778902699677428,1.0,0,1
1820,-0.25219015338855527,-0.7032779468957829,0.5175461309975176,-0.6983385478614559,0.5170709130831828,0.22990432720184864,0.0,20,1
2503,1.0376531024858067,-0.0069220222266235905,-0.712071666573206,0.7128177886574444,-1.3237245133469744,-1.8496637739697084,1.0,10,0
4361,0.34973669935281365,-0.16574004013362484,-0.09726276778784416,-1.2420868610155276,-0.7868258473048452,1.4473079591347513,1.0,0,1
4172,0.607705350527686,0.1580043809844931,-0.09726276778784416,-0.9572663160300615,0.8409145529181178,0.30819394983419,0.0,15,0
396,0.17775759856956538,0.6405668200096123,-1.3268805653585676,-0.9054807623963403,0.2571437811104059,0.6203738200806495,1.0,15,0
4847,0.9516635520941825,1.6606671657968897,-0.09726276778784416,-0.5170891101434321,-0.18174957287641394,1.2143963318035367,0.0,20,0
4493,-0.7681274557383001,-1.8699795399818306,-0.712071666573206,0.11728392186965161,-0.433154503800903,-1.8075831018048252,0.0,0,1
1366,0.4357262497444378,-0.11687295770070139,-1.3268805653585676,-0.607713829002444,0.8877866586837004,0.8503495865631513,0.0,0,1
4569,0.6936949009193102,0.9093357733906914,-0.712071666573206,-0.4135180028759897,0.04834985542735569,0.8415420040170125,1.0,0,1
596,-0.42416925417180357,0.0663786014227616,-0.09726276778784416,-1.306818803057679,0.8281312513456861,0.5176186903757022,0.0,20,0
3953,-0.08021105260530702,-1.2957913213949799,-0.712071666573206,0.24674780595395435,-0.6334262284356654,0.45302975170402054,0.0,0,0
2915,0.34973669935281365,-0.8498791941945534,-0.09726276778784416,0.44094363208040865,-0.13913856763497512,-0.8005828306963393,0.0,0,0
2327,-1.8859916108294137,-0.33677482864885694,-0.712071666573206,-0.931373539213201,0.1420940669585211,0.054731296561985776,1.0,0,1
3767,0.9516635520941825,0.8543603056536524,-0.712071666573206,-1.306818803057679,-0.9956197729878954,0.4872814616056699,0.0,25,0
3441,2.0695277071852964,0.10913729855156963,1.1323550297828793,1.1659413829525043,0.5767263204211971,-0.2672347765135164,0.0,15,1
3852,-0.7681274557383001,0.023619904293953574,-0.712071666573206,-1.216194084198667,-1.3237245133469744,-1.1039551183966605,0.0,20,0
4133,0.34973669935281365,-0.2634742049994718,1.1323550297828793,0.7257641770658747,-0.6760372336771043,1.5960582421361988,0.0,5,0
4602,0.09176804817794125,0.6344584347054969,-0.09726276778784416,0.6351394582068627,-0.795348048353133,-0.1380568991701538,0.0,0,1
2144,0.4357262497444378,1.031503479473,-0.09726276778784416,0.9587991684176196,2.0041949960093977,0.9609336785313332,0.0,0,1
1572,-0.25219015338855527,1.0070699382565382,-0.09726276778784416,0.4279972436719784,-0.7442148420634064,-1.1626723353709163,0.0,20,1
4080,-0.5101588045634277,-0.8926378913233614,-0.712071666573206,1.43781553952954,-0.9956197729878954,-0.9649910382242554,1.0,25,1
1123,-0.7681274557383001,0.46953203149438016,1.1323550297828793,0.32442613640453605,2.728582085113858,-1.318272960352694,0.0,15,1
2787,0.005778497786317116,-0.21460712256654832,-0.09726276778784416,-0.24521495356639614,-0.2967992870282988,-1.3720970759124285,1.0,0,0
2968,-0.682137905346676,0.21908823402564742,-0.712071666573206,1.0753166640934921,-0.578031921621795,0.021458206943241222,0.0,15,1
2505,1.295621753660679,0.8421435350454216,0.5175461309975176,0.07844475664436075,0.009999950710060749,1.1615508365267067,1.0,0,0
3466,2.1555172575769204,1.611800083363966,0.5175461309975176,0.4150508552635481,2.3322997363684768,1.6508609779788377,1.0,15,1
676,0.34973669935281365,-0.3062329021282798,0.5175461309975176,0.9976383336429104,1.1349304890840457,0.4021414969929993,1.0,0,0
2809,0.2637471489611895,0.21908823402564742,-0.712071666573206,-1.2550332494239578,-1.3237245133469744,1.0137791738081632,1.0,25,0
3349,0.5217158001360619,-0.5322431583805508,0.5175461309975176,-1.306818803057679,-0.32662699069730594,-0.1723086090718031,1.0,0,0
729,-1.1980752076964207,0.43899010497380303,-0.09726276778784416,-0.08985829266523283,-1.2001525981468018,0.1408498814575611,1.0,10,1
413,-0.682137905346676,-0.8437708088904379,-0.712071666573206,0.453890020488839,-1.3237245133469744,-0.8446207434270311,1.0,0,1
3147,0.8656740017025585,0.3779062519326487,-1.3268805653585676,-1.306818803057679,-0.3777601969870325,0.7945682304376083,1.0,15,1
1517,-0.7681274557383001,-1.4485009539978657,1.7471639285682412,-0.24521495356639614,0.04834985542735569,0.6996420629958949,1.0,0,0
826,0.005778497786317116,0.4512068755820339,0.5175461309975176,-0.5429818869602926,0.5554208178004777,-0.3876050713107404,0.0,10,1
3268,0.005778497786317116,-1.0942146063591707,1.1323550297828793,1.5543330352054125,-0.03687215505552195,-1.2311757551742146,1.0,0,0
3975,-0.682137905346676,-1.381308715652596,-1.3268805653585676,0.1431766986865122,-0.543943117428644,-0.42283540149529375,1.0,0,0
617,0.7796844513109343,0.2740637017626863,-0.712071666573206,-0.15459023470738428,-1.3237245133469744,0.3796332304862009,1.0,10,0
115,0.09176804817794125,1.538499459714581,-0.09726276778784416,-0.9702127044384918,-1.3237245133469744,2.5492343976849505,1.0,0,1
418,1.3816113040523033,1.5507162303228117,-0.09726276778784416,0.11728392186965161,-0.6078596252908022,1.917045694928797,0.0,0,1
3070,-0.8541170061299242,0.8238183791330753,-0.712071666573206,-1.306818803057679,0.22305497691725487,0.22794708663604052,1.0,0,0
1626,1.209632203269055,0.48174880210261106,0.5175461309975176,0.8163888959248867,1.624957049360592,0.35321048284778617,1.0,15,1
4961,-0.682137905346676,-0.34899159925708784,1.1323550297828793,0.7257641770658747,1.0539695791253119,-2.50436074323266,0.0,25,0
4186,0.4357262497444378,-0.6116521673340515,-0.712071666573206,-0.37467883765069904,0.8835255581595566,0.49315318330309565,0.0,0,0
2897,1.0376531024858067,-0.7093863321998983,-1.3268805653585676,-0.5947674405940137,-1.3237245133469744,-1.0227296349156068,1.0,15,1
4682,0.09176804817794125,-0.055789104659547055,-0.09726276778784416,1.3471908206705279,1.015619674408017,1.0568384662559505,1.0,0,0
2083,-1.1980752076964207,-0.7338198734163601,-0.09726276778784416,0.4150508552635481,-0.4757655090423418,0.6624544922455328,0.0,0,0
754,2.1555172575769204,2.106579292997316,-0.09726276778784416,-1.306818803057679,1.2755468063807938,1.2643059662316538,0.0,0,0
2547,-0.3381797037801794,0.09081214263922334,-0.712071666573206,-1.1514621421565157,-0.02834995400723419,0.755423419121438,0.0,30,0
3970,-1.0260961069131724,-1.5584518894719435,-0.712071666573206,-1.2809260262408184,0.2571437811104059,0.027329928640666325,1.0,0,0
3374,-0.5961483549550518,0.9582028558236148,1.7471639285682412,0.8552280611501776,0.9943141717872975,0.07528232250297537,1.0,5,1
4108,1.295621753660679,-0.6238689379422823,-0.09726276778784416,0.06549836823593046,0.653426129855787,-0.7144642458007643,1.0,10,1
2445,0.8656740017025585,0.31682239889149433,2.3619728273536027,1.295405267036807,0.725864838766233,-0.8446207434270311,0.0,15,0
4381,1.983538156793672,1.764509715966852,-0.712071666573206,0.9976383336429104,-0.06243875820038525,1.1644866973754195,0.0,0,0
1067,-1.1120856573047966,0.023619904293953574,1.1323550297828793,0.27264058277081493,0.5937707225177726,-0.287785802454506,0.0,20,0
3914,-1.370054308479669,-0.22682389317477916,-0.09726276778784416,-0.47824994491814116,-0.906136661980874,-1.281085389602332,0.0,20,1
3499,-0.25219015338855527,1.2208634239005784,-0.712071666573206,0.8034425075164564,2.2428166253614554,0.47847387905953187,1.0,0,1
2739,2.499475459143417,1.2025382679882322,1.1323550297828793,-0.2711077303832567,0.20601057482067933,1.257455624251324,1.0,0,1
4001,0.2637471489611895,0.20687146341741655,-0.09726276778784416,-1.021998258072213,-1.26406910600896,0.5303407540534572,1.0,0,1
1569,0.7796844513109343,0.029728289598069006,0.5175461309975176,0.19496225232023337,0.41906560102787344,-0.6645546113726468,1.0,0,0
2428,-0.5961483549550518,-0.6177605526381669,-1.3268805653585676,-0.06396551584837226,-1.3237245133469744,-1.7038493518169735,1.0,0,0
3747,-1.7140125100461656,0.4206649490614567,-0.712071666573206,-1.306818803057679,-1.3237245133469744,-0.00887902182679113,0.0,0,0
4650,-0.25219015338855527,0.35958109602030236,-0.712071666573206,-0.012179962214651098,1.015619674408017,0.36397530595973304,1.0,25,0
1688,0.2637471489611895,-0.8804211207151305,-0.712071666573206,-0.10280468107366313,-1.3237245133469744,0.49021732245438276,1.0,0,1
852,-0.5101588045634277,0.7138674436589975,1.1323550297828793,2.162813290401636,0.8068257487249667,0.11736299466785861,1.0,10,1
3547,1.6395799552271757,0.35347271071618697,-0.09726276778784416,-1.306818803057679,1.774095567705628,0.25241259370864705,0.0,0,1
896,1.1236426528774308,0.34125594010795607,-0.712071666573206,-1.306818803057679,-0.9615309687947444,0.5264262729218402,0.0,20,0
4593,0.2637471489611895,0.5489410404478808,-0.09726276778784416,1.4637083163464004,-0.13061636658668735,0.13889264089175227,1.0,0,0
336,-1.2840647580880449,-1.6256441278172133,-1.3268805653585676,-1.306818803057679,-1.2896357091538233,-0.5657139627993162,1.0,0,0
2840,0.09176804817794125,-0.1779568107418557,0.5175461309975176,0.10433753346122134,-0.6589928315805288,0.34244565973583935,1.0,25,0
3088,-0.9401065565215483,0.07859537203099247,1.7471639285682412,2.2404916208522176,0.43184890260030506,-1.2086674886674165,1.0,15,1
1349,0.9516635520941825,1.0437202500812308,1.7471639285682412,-0.10280468107366313,-1.3237245133469744,0.5225117917902232,0.0,20,0
1016,-1.0260961069131724,-1.424067412781404,-1.3268805653585676,-0.8666415971710495,-0.4715044085181979,-0.7810104250382541,0.0,10,1
2817,-1.5420334092629173,-0.19017358135008658,-1.3268805653585676,-0.6853921594530257,0.1847050721999599,-0.7516518165511262,0.0,15,1
1632,-0.8541170061299242,-0.7704701852410527,1.1323550297828793,0.9976383336429104,0.44463220417273674,-0.3787974887646024,0.0,10,1
2490,0.005778497786317116,-0.16574004013362484,-1.3268805653585676,-1.306818803057679,-1.3237245133469744,-0.6645546113726468,1.0,0,1
3731,-0.7681274557383001,0.212979848721532,-0.712071666573206,0.4927291857141298,0.4957654104624633,-0.12827069634111102,1.0,15,1
3252,-0.08021105260530702,-0.20849873726243287,-0.712071666573206,-0.9831590928469222,0.2614048816345498,-0.9454186325661702,0.0,0,1
4645,-0.08021105260530702,0.6588919759219586,-0.712071666573206,-1.0090518696637827,-0.4842877100906296,1.5490844685567946,0.0,0,0
2071,-0.3381797037801794,0.023619904293953574,-0.09726276778784416,-0.284054118791687,-0.4288934032767591,-0.17915895105213295,0.0,5,1
4453,-1.370054308479669,1.2086466532923474,-0.09726276778784416,-0.4653035565097109,0.37645459578643464,1.087175695025983,1.0,0,1
4893,-1.1120856573047966,-1.143081688792094,-0.712071666573206,-1.306818803057679,-1.3237245133469744,-0.9796703424678191,0.0,30,0
1636,1.1236426528774308,0.3779062519326487,-1.3268805653585676,-1.164408530564946,-1.2470247039123845,0.17803745220792333,0.0,20,0
2480,-0.25219015338855527,-0.6666276350710904,-0.712071666573206,-1.306818803057679,0.14635516748266497,-0.10869829068302549,1.0,0,0
2266,0.7796844513109343,0.7566261407878055,-0.09726276778784416,1.062370275685062,0.4148045005037296,-0.025515566636163757,0.0,20,1
2960,1.983538156793672,0.7871680673083827,1.1323550297828793,0.05255197982750017,-1.3237245133469744,0.4980462847176167,0.0,0,0
4742,-0.08021105260530702,0.9765280117359612,1.1323550297828793,2.0851349599510542,0.4531544052210245,0.05277405599617764,1.0,0,1
3060,-0.3381797037801794,1.0803705619059234,-1.3268805653585676,-1.306818803057679,-1.3237245133469744,1.320087322357197,1.0,20,0
2142,-0.3381797037801794,0.5855913522725734,-0.09726276778784416,-0.5947674405940137,-1.016925275608615,-0.4795953779037415,1.0,15,1
3119,-0.8541170061299242,-1.6806195955542522,-0.09726276778784416,-0.012179962214651098,1.228674700615211,-0.24570513028962276,0.0,0,1
4757,0.17775759856956538,-0.660519249766975,-0.712071666573206,0.47978279730569956,0.2869714847794131,1.2163535723693455,0.0,0,1
4046,-0.16620060299693115,-0.2695825903035872,-1.3268805653585676,-0.284054118791687,1.2031080974703479,0.5097897281124676,0.0,20,1
3357,-0.5961483549550518,-1.8699795399818306,-0.712071666573206,0.33737252481296637,1.514168435732851,-0.3083368283954956,0.0,10,0
2745,1.0376531024858067,-1.760028604507753,-0.09726276778784416,0.38915807844668754,-0.21157727654542113,-0.7487159557024133,0.0,15,0
3507,-0.16620060299693115,-0.36731675516943413,-0.09726276778784416,-0.9831590928469222,-0.4075879006560397,0.9071095629715983,0.0,0,1
1680,-0.25219015338855527,1.483523991977542,-0.712071666573206,-1.306818803057679,-1.2342414023399528,-0.5432056962925185,0.0,10,0
4250,1.5535904048355516,3.7191930132837903,1.1323550297828793,1.5025474815716913,-1.1788470955260824,2.3936337727031725,0.0,0,1
3148,-0.08021105260530702,-0.28179936091181806,-1.3268805653585676,-0.45235716810128057,-1.3194634128228304,-0.8544069462560738,1.0,0,1
2295,1.209632203269055,-0.20239035195831745,0.5175461309975176,0.10433753346122134,0.7684758440076718,-0.08716864445913183,0.0,0,0
581,-1.8859916108294137,-0.5994353967258206,-0.712071666573206,-0.8666415971710495,1.488601832587988,-0.4189209203636768,0.0,0,0
1471,0.09176804817794125,0.6833255171384203,-0.09726276778784416,-0.2711077303832567,-0.05817765767624136,0.07626094278587944,1.0,0,0
4071,-0.25219015338855527,0.6100248934890351,0.5175461309975176,-0.47824994491814116,-1.3237245133469744,0.3297235960580837,0.0,10,0
3344,0.7796844513109343,-0.16574004013362484,-1.3268805653585676,-1.306818803057679,-1.0552751803259097,-1.0677461679292028,1.0,20,0
4584,1.295621753660679,-0.7521450293287064,0.5175461309975176,2.2922771744859385,0.3551490931657152,0.3414670394529346,0.0,10,1
3673,0.607705350527686,1.666775551101005,0.5175461309975176,1.6837969192897153,0.47872100836588777,1.6498823576959336,1.0,20,0
560,-0.9401065565215483,-1.7111615220748293,-0.712071666573206,-0.07691190425680254,-0.433154503800903,-0.8054759321108607,0.0,15,0
2850,1.0376531024858067,1.0437202500812308,0.5175461309975176,0.9458527800091893,-0.21583837706956502,3.2567768622247324,0.0,15,0
513,0.09176804817794125,-1.381308715652596,-0.09726276778784416,0.22085502913709376,-1.3237245133469744,-1.512039776367738,0.0,25,0
1082,-0.16620060299693115,-1.8699795399818306,-1.3268805653585676,-0.5429818869602926,-1.3237245133469744,-1.448429457978961,1.0,0,0
1665,1.209632203269055,-0.07411426057189335,0.5175461309975176,-1.306818803057679,-1.3237245133469744,-0.38466921046202746,0.0,0,1
1013,-0.5101588045634277,0.4328817196696876,-1.3268805653585676,1.0753166640934921,-0.16044407025569454,-0.2652775359477076,1.0,10,1
1932,-0.42416925417180357,0.5183991139273036,1.1323550297828793,0.07844475664436075,1.5823460441191532,0.9188530063664498,1.0,0,1
1151,0.17775759856956538,-0.5139180024682045,0.5175461309975176,-1.306818803057679,0.5298542146556143,0.1819519333395403,0.0,5,0
2839,1.209632203269055,0.8360351497413061,-1.3268805653585676,-0.3617324492422687,-1.3237245133469744,1.4365431360228045,1.0,15,1
117,0.2637471489611895,0.848251920349537,2.3619728273536027,0.8811208379670382,-1.157541592905363,2.247819350550438,0.0,0,1
741,1.0376531024858067,1.2025382679882322,1.7471639285682412,-0.2970005072001173,1.7996621708504912,0.7534661785556291,0.0,0,0
4817,1.983538156793672,1.5201743038022346,-0.712071666573206,-1.306818803057679,0.34236579159328356,0.27296361964963667,0.0,20,0
3676,2.0695277071852964,0.8299267644371907,1.1323550297828793,0.7646033422911656,0.687514934048938,0.8924302587280345,0.0,15,1
831,0.4357262497444378,-0.8132288823698607,-0.09726276778784416,0.7646033422911656,-1.3237245133469744,-0.9620551773755425,0.0,0,1
120,-0.25219015338855527,0.4573152608861493,-0.09726276778784416,-0.5559282753687228,0.17618287115167217,-0.6068160146812953,0.0,0,0
4790,0.607705350527686,0.8116016085248444,1.7471639285682412,1.5154938699801217,2.754148688258721,1.140021190302813,0.0,20,1
4749,-1.1120856573047966,-0.5688934702052434,-0.09726276778784416,-1.306818803057679,1.514168435732851,0.28470706304448756,0.0,0,0
636,-0.25219015338855527,-1.8699795399818306,-0.09726276778784416,1.2565661018115162,-0.18601067340055782,-2.108998148939338,1.0,0,1
4466,0.5217158001360619,1.9294361191779685,1.1323550297828793,-1.306818803057679,1.228674700615211,0.30232222813676424,1.0,0,0
4365,-1.8859916108294137,-1.8699795399818306,-1.3268805653585676,-0.141643846298954,-0.4715044085181979,-1.3603536325175771,0.0,0,0
4143,0.2637471489611895,-1.5279099629513664,-0.09726276778784416,-0.750124101495177,-0.1732273718281262,-0.2104748001050694,0.0,20,1
992,1.5535904048355516,1.5995833127557353,-0.09726276778784416,1.6837969192897153,0.41054339997958567,0.7593379002530549,1.0,15,1
877,0.005778497786317116,-0.4711593053393965,-0.09726276778784416,0.8163888959248867,1.2244136000910673,1.4639445039441232,0.0,10,0
5,-1.8859916108294137,-0.7399282587204755,-0.712071666573206,-0.750124101495177,0.1633995695792405,0.204460199846338,1.0,0,1
3052,-0.9401065565215483,0.3229307841956098,-0.712071666573206,-1.0996765885227946,-1.2086747991950895,-0.21438928123668635,1.0,25,1
3125,0.2637471489611895,1.3613562858952333,-0.09726276778784416,0.8681744495586079,0.8409145529181178,-0.5363553543121885,0.0,0,1
2661,-1.0260961069131724,-1.2469242389620565,-1.3268805653585676,-1.073783811705934,1.6505236525054554,-0.8837655547432014,1.0,0,0
2492,-0.682137905346676,-0.5444599289887817,1.1323550297828793,0.7257641770658747,-0.07522205977281689,0.36299668567682825,1.0,25,0
3855,0.09176804817794125,1.8011600277915445,1.1323550297828793,0.16906947550337278,0.22305497691725487,0.8297985606221616,0.0,20,1
1716,0.17775759856956538,-0.9781552855809774,-0.712071666573206,-0.6336066058193045,-1.26406910600896,-0.7839462858869667,0.0,15,0
1149,1.0376531024858067,-1.3874171009567113,0.5175461309975176,0.1431766986865122,-1.268330206533104,-2.0023285381027733,1.0,0,1
3262,-1.1120856573047966,-0.33677482864885694,0.5175461309975176,-0.3099468956085476,0.19748837377239156,-0.59409395100354,1.0,15,1
575,0.17775759856956538,1.1048041031223852,0.5175461309975176,-0.6465529942277348,0.5255931141314705,0.7270434309172145,0.0,10,1
3770,0.7796844513109343,0.37179786662853326,1.7471639285682412,1.3471908206705279,-0.33941029226973757,-0.6704263330700723,1.0,0,0
3737,-0.5101588045634277,0.4573152608861493,-0.712071666573206,-1.306818803057679,1.4204242242016858,1.036287440314961,1.0,10,1
4147,0.09176804817794125,-0.3550999845612033,-0.712071666573206,-0.7889632667204678,-0.6334262284356654,-0.511889847239582,1.0,0,0
854,0.005778497786317116,-1.3446584038279035,-0.712071666573206,-1.0478910348890733,-1.1362360902846436,-0.8876800358748187,0.0,20,0
1983,0.005778497786317116,-0.422292222906473,0.5175461309975176,0.03960559141906988,0.022783252282492394,-0.563756722233508,0.0,20,1
2775,-0.42416925417180357,-0.31234128743239525,-0.09726276778784416,1.4766547047548308,-0.48854881061477345,-0.15077896284790943,1.0,0,0
1167,2.499475459143417,1.837810339616237,1.1323550297828793,-0.2711077303832567,-0.143399668159119,2.1665938670693845,0.0,20,0
972,-0.08021105260530702,0.1030289132474542,-0.712071666573206,0.7775497306995959,-1.051014079801766,0.419756662085276,1.0,20,0
2702,-1.1120856573047966,-0.7765785705451681,-0.712071666573206,-1.0090518696637827,-1.3237245133469744,-0.657704269392317,0.0,0,0
4496,-1.370054308479669,-0.06189748996366248,-0.09726276778784416,0.16906947550337278,0.5213320136073266,0.8014185724179381,0.0,10,1
3848,2.8434336607099135,-0.8254456529780916,-0.712071666573206,-0.284054118791687,-1.3237245133469744,-0.8230910972031373,1.0,0,1
2369,-0.9401065565215483,0.75051775548369,-0.712071666573206,-1.306818803057679,-1.3237245133469744,1.5177686195038582,0.0,0,0
4116,-0.5961483549550518,-1.112539762271517,-1.3268805653585676,-1.306818803057679,0.725864838766233,-2.597329670108565,0.0,20,0
4132,-0.7681274557383001,-1.143081688792094,-0.09726276778784416,0.33737252481296637,0.1378329664343772,-0.24374788972381395,0.0,5,0
2951,-1.1980752076964207,-1.8699795399818306,-1.3268805653585676,2.2275452324437874,1.99567279496111,-0.7281649297614237,1.0,5,0
525,1.4676008544439274,0.5672661963602271,2.3619728273536027,0.33737252481296637,0.5682041193729093,0.7485730771411081,0.0,5,1
2456,0.09176804817794125,0.34125594010795607,1.1323550297828793,0.7775497306995959,-0.04113325557966584,0.3698470276571581,0.0,0,0
1842,0.005778497786317116,-0.7399282587204755,-0.09726276778784416,0.47978279730569956,1.4630352294431246,-1.5521632079668126,0.0,0,0
538,1.209632203269055,-1.436284183389635,1.7471639285682412,-0.05101912743994197,-0.1220941655383996,0.639946225738735,1.0,0,1
2807,1.811559056010424,-0.2695825903035872,2.3619728273536027,-0.931373539213201,0.8068257487249667,-0.395434033573975,0.0,0,1
4342,1.1236426528774308,0.6955422877466512,0.5175461309975176,0.1302303102780819,0.3551490931657152,1.1791660016189833,1.0,0,1
3176,-1.8000020604377898,-1.8699795399818306,-0.712071666573206,-0.7371777130867467,-0.7527370431116942,-0.43751470573885826,0.0,0,0
785,0.005778497786317116,-0.06189748996366248,1.7471639285682412,-0.32289328401697787,-0.7527370431116942,0.22109674465571064,1.0,20,1
4058,0.7796844513109343,-0.30012451682416436,0.5175461309975176,0.5315683509394203,0.7769980450559595,-0.35922508310651685,0.0,20,0
1410,0.5217158001360619,-0.34899159925708784,-0.09726276778784416,0.1302303102780819,-0.0496554566279536,0.9658267799458542,0.0,25,1
2538,-1.6280229596545415,-0.5261347730764354,0.5175461309975176,-0.07691190425680254,1.7101790598434696,-0.877893833045776,1.0,0,1
155,-0.08021105260530702,0.5489410404478808,1.1323550297828793,-0.08985829266523283,-0.11783306501425572,0.6213524403635535,0.0,0,1
3010,0.7796844513109343,-1.1736236153126713,-0.712071666573206,0.9329063916007589,-0.9530087677464566,-1.5404197645719615,1.0,20,0
1687,-0.5101588045634277,0.48174880210261106,-0.09726276778784416,1.3083516554452375,-1.3237245133469744,0.6066731361199897,0.0,15,0
2902,-1.4560438588712932,0.03583667490218444,-0.712071666573206,-1.2938724146492486,-1.0084030745603272,-0.3171444109416336,0.0,25,0
4960,-0.9401065565215483,-1.8699795399818306,-0.712071666573206,-1.0608374232975037,0.5255931141314705,-1.6412176537111005,0.0,20,0
3864,1.7255695056187998,-0.20849873726243287,1.7471639285682412,0.6998714002490141,0.9261365634009954,-0.4189209203636768,1.0,0,0
2734,-0.5101588045634277,-1.155298459400325,-1.3268805653585676,-0.8278024319457586,1.2158913990427793,-1.1049337386795648,0.0,0,1
1896,-0.5961483549550518,-1.0942146063591707,-0.09726276778784416,1.7226360845150064,-0.7016038368219676,-1.4552797999592908,1.0,0,0
570,0.17775759856956538,0.24963016054622458,-1.3268805653585676,-1.306818803057679,-1.3237245133469744,-0.7790531844724456,0.0,25,1
1817,0.6936949009193102,-0.16574004013362484,-0.09726276778784416,-0.607713829002444,0.08669976014465063,-0.14099276001886668,0.0,0,1
2066,-0.16620060299693115,0.3046056282832635,-0.712071666573206,-0.11575106948209342,0.1633995695792405,0.36201806539392417,1.0,0,0
128,-1.1980752076964207,0.6466752053137277,-0.09726276778784416,-0.21932217674953555,1.0795361822701752,0.9981212492816947,1.0,0,0
3395,0.607705350527686,0.7321925995713437,-0.09726276778784416,0.33737252481296637,0.30401588687598863,0.5391483365995959,1.0,20,0
3328,0.09176804817794125,0.24963016054622458,-0.09726276778784416,-0.1286974578905237,0.2784492837311253,0.4481366502894995,0.0,0,0
4997,-0.3381797037801794,-0.23904066378301003,1.1323550297828793,1.774421638148727,-0.23288277916614053,0.813162015812789,1.0,10,0
2976,0.34973669935281365,0.03583667490218444,-0.712071666573206,-0.8019096551288981,-0.5652486200493634,-0.6107304958129123,1.0,20,1
981,0.5217158001360619,-0.44672576412293474,-1.3268805653585676,0.6610322350237232,-0.32662699069730594,-0.5422270760096144,0.0,10,0
2301,-0.5101588045634277,-0.11687295770070139,-0.09726276778784416,1.3989763743042491,0.48724320941417554,-1.2380260971545445,1.0,5,0
191,1.811559056010424,0.9826363970400765,1.7471639285682412,1.7873680265571574,0.2997547863518447,0.751508937989821,0.0,0,1
1140,0.005778497786317116,1.31248920346231,0.5175461309975176,-1.306818803057679,0.17192177062752828,0.8444778648657255,0.0,20,0
700,-0.16620060299693115,-1.79057053102833,-0.712071666573206,-1.306818803057679,0.7514314419110962,-1.8800010027397407,0.0,10,0
4791,-1.8000020604377898,-0.5078096171640891,-0.09726276778784416,1.3212980438536677,-1.3237245133469744,-0.1380568991701538,0.0,10,1
607,0.7796844513109343,0.1763295368968394,1.7471639285682412,2.046295794725763,1.5525183404501461,-0.5911580901548271,1.0,10,0
4277,0.7796844513109343,0.20687146341741655,-0.09726276778784416,-1.306818803057679,-0.143399668159119,1.2956218152845904,0.0,20,1
302,-1.5420334092629173,-1.5218015776472509,-0.712071666573206,-1.306818803057679,-1.26406910600896,-0.7565449179656476,1.0,0,1
3421,0.005778497786317116,0.24963016054622458,1.1323550297828793,-0.21932217674953555,-0.5737708210976511,-0.24276926944090987,0.0,30,1
4831,-1.370054308479669,-1.01480559740567,-1.3268805653585676,-1.306818803057679,-0.3777601969870325,-0.6058373943983909,0.0,30,1
1061,-0.16620060299693115,-0.5750018555093589,1.1323550297828793,-1.306818803057679,-0.7783036462565575,-1.0873185735872881,1.0,25,0
2566,-0.9401065565215483,-1.821112457548907,-1.3268805653585676,-0.8278024319457586,-0.3692379959387448,-1.2967433141288003,0.0,0,1
1070,-0.08021105260530702,-0.9353965884521694,-1.3268805653585676,-1.306818803057679,-1.0723195824224854,-0.9953282669942873,1.0,30,1
2525,1.983538156793672,0.48785718740672646,1.1323550297828793,0.4927291857141298,-1.3237245133469744,-0.3631395642381338,0.0,0,1
2206,-0.3381797037801794,-0.9292882031480539,-0.09726276778784416,-0.20637578834110526,0.1889661727241038,-1.2644488447929594,0.0,20,0
1244,-0.5101588045634277,0.8543603056536524,0.5175461309975176,-0.16753662311581458,0.6917760345730819,0.4863028413227658,0.0,0,1
17,0.34973669935281365,-0.6971695615916675,0.5175461309975176,0.4150508552635481,0.48724320941417554,-0.6909773590110618,0.0,0,1
3121,0.34973669935281365,0.39012302254087955,2.3619728273536027,1.657904142472855,0.21027167534482322,1.3621679945220801,1.0,20,0
4643,0.9516635520941825,-0.06189748996366248,0.5175461309975176,-0.3876252260591293,1.2883301079532254,-0.03921625059682348,1.0,0,0
816,0.34973669935281365,-0.22071550787066374,1.1323550297828793,1.5025474815716913,-1.3237245133469744,0.1731443507934016,0.0,0,0
3068,0.4357262497444378,-0.7949037264575144,-0.09726276778784416,-0.07691190425680254,-1.2853746086296793,-0.33084509490229336,0.0,0,0
4795,1.209632203269055,0.5183991139273036,1.1323550297828793,-1.306818803057679,-0.5482042179527878,0.3267877352093708,0.0,0,0
960,0.4357262497444378,1.3369227446787717,0.5175461309975176,-1.306818803057679,0.9559642670700026,1.311279739811059,0.0,20,0
226,0.2637471489611895,0.46953203149438016,-0.09726276778784416,0.9070136147838987,-1.042491878753478,0.8151192563785978,0.0,25,0
3355,-0.3381797037801794,-0.8804211207151305,-0.09726276778784416,0.1561230870949425,0.6576872303799308,-0.03530176946520582,1.0,0,0
2486,-0.08021105260530702,0.25573854585034,-0.09726276778784416,-0.18048301152424487,-0.18174957287641394,0.06451749939102853,1.0,0,1
563,0.09176804817794125,0.43899010497380303,-0.712071666573206,-0.8148560435373283,-0.7910869478289891,0.35321048284778617,0.0,0,0
3437,-0.682137905346676,0.3290391694997252,-0.712071666573206,0.6739786234321535,-1.3237245133469744,0.14770022343789097,0.0,20,1
1694,-0.5101588045634277,0.3046056282832635,-0.712071666573206,0.4150508552635481,-0.7783036462565575,-0.004964540695174165,0.0,0,1
1046,-0.8541170061299242,-0.4955928465558582,0.5175461309975176,-0.20637578834110526,-1.3237245133469744,-1.806604481521921,0.0,20,1
3447,-0.42416925417180357,1.0498286353853463,-0.712071666573206,-1.0478910348890733,1.407640922629254,0.8376275228853955,0.0,0,1
4566,0.09176804817794125,-0.20849873726243287,-0.712071666573206,-1.164408530564946,-0.49280991113891737,0.528383513487649,0.0,0,0
955,-0.7681274557383001,-0.5872186261175897,-0.09726276778784416,-0.42646439128442,-0.8507423551670035,-0.733058031175945,1.0,0,0
4996,1.1236426528774308,2.0271702840438155,1.7471639285682412,0.8811208379670382,2.2002056201200166,-0.00887902182679113,0.0,0,1
2736,-0.42416925417180357,-1.1247565328797478,0.5175461309975176,-0.21932217674953555,-0.29253818650415486,-0.684127017030732,1.0,0,0
4914,-1.1120856573047966,-0.16574004013362484,-0.712071666573206,-1.306818803057679,0.8835255581595566,0.38844081303233957,1.0,20,1
4736,0.005778497786317116,-1.3752003303484805,-0.09726276778784416,1.5413866467969821,-0.505593212711349,-1.2184536914964592,0.0,0,0
4834,-0.8541170061299242,-0.6177605526381669,0.5175461309975176,-0.21932217674953555,1.5354739383535705,-0.7780745641895412,0.0,25,1
1219,-1.1980752076964207,0.21908823402564742,-1.3268805653585676,-0.4394107796928503,0.12078856433780169,1.474709327056071,1.0,30,0
1528,-0.16620060299693115,0.24352177524210916,0.5175461309975176,-1.306818803057679,-0.1902717739247017,-0.9503117339806916,0.0,15,1
3988,0.4357262497444378,-1.8516543840694843,-0.712071666573206,-1.306818803057679,-0.16470517077983843,-0.7350152717417535,1.0,0,0
1301,0.09176804817794125,1.4713072213693112,0.5175461309975176,-0.607713829002444,0.34236579159328356,1.2789852704752185,1.0,5,0
4902,0.09176804817794125,0.26184693115445545,1.7471639285682412,3.8587901719060023,-0.6717761331529604,-0.3328023354681022,0.0,25,0
161,-1.0260961069131724,-0.5750018555093589,-0.09726276778784416,1.3342444322620977,0.4701988073176,-2.073767818754784,0.0,20,1
4068,-0.08021105260530702,1.3308143593746562,0.5175461309975176,-1.0608374232975037,0.12504966486194558,2.814440494352005,0.0,0,0
957,-0.5101588045634277,-1.1064313769674015,-0.712071666573206,-1.306818803057679,0.28271038425526923,-0.5226546703515288,0.0,0,0
3792,1.6395799552271757,2.1920966872549323,1.7471639285682412,-1.021998258072213,1.7996621708504912,0.5812290087644791,1.0,10,0
3235,-0.5101588045634277,-0.422292222906473,0.5175461309975176,-0.6853921594530257,-1.195891497622658,0.1320422989114224,1.0,0,0
2870,0.607705350527686,0.2313050046338783,0.5175461309975176,-0.6724457710445954,0.2358382784896865,-0.33573819631681434,1.0,0,0
3778,0.5217158001360619,-0.8132288823698607,-0.09726276778784416,0.4279972436719784,1.6164348483123043,-0.5500560382728483,1.0,15,1
4434,0.4357262497444378,-0.6971695615916675,1.7471639285682412,-1.306818803057679,-0.7868258473048452,0.2690491385180197,0.0,25,0
2962,0.005778497786317116,-0.013030407530739023,-1.3268805653585676,-0.21932217674953555,-1.0637973813741977,-0.7722028424921158,0.0,0,0
2201,-0.5101588045634277,0.5061823433190727,-0.09726276778784416,0.4021044668551178,-0.9572698682706005,0.6702834545087667,1.0,0,0
99,0.4357262497444378,-0.6666276350710904,-0.712071666573206,0.33737252481296637,0.24862158006211815,-1.4719163447686632,1.0,0,0
2558,0.8656740017025585,1.8194851837038908,-1.3268805653585676,-1.2420868610155276,0.24862158006211815,1.9493401642646375,0.0,15,0
3184,0.607705350527686,0.7871680673083827,-0.712071666573206,-0.5041427217350017,-0.7314315404909747,0.9149385252348322,1.0,25,1
254,-1.0260961069131724,0.8299267644371907,-0.712071666573206,-1.306818803057679,0.11226636328951392,0.7172572280881716,0.0,25,1
3924,0.6936949009193102,0.6161332787931506,-0.09726276778784416,-0.7760168783120376,1.7613122661331964,0.100726449858486,1.0,0,1
4200,0.34973669935281365,-0.8132288823698607,-1.3268805653585676,-0.6336066058193045,-1.2299803018158089,-0.847556604275744,1.0,20,0
1446,0.2637471489611895,1.6912090923174667,0.5175461309975176,0.8422816727417473,-0.7356926410151187,0.1584650465498378,0.0,25,1
1649,-0.16620060299693115,-0.9842636708850928,-0.712071666573206,0.03960559141906988,-1.3237245133469744,1.02454399692011,1.0,0,1
4683,-0.5961483549550518,-0.2879077462159335,0.5175461309975176,-1.2938724146492486,-0.21157727654542113,0.9364681714587266,0.0,20,0
4724,-0.3381797037801794,0.5611578110561116,-0.712071666573206,-0.9184271508047707,-0.9018755614567301,0.4510725111382124,1.0,30,1
3992,-1.0260961069131724,-1.8699795399818306,-1.3268805653585676,0.5704075161647112,0.5639430188487654,-0.18307343218374994,0.0,20,1
1697,-0.5101588045634277,-0.5322431583805508,-0.712071666573206,0.07844475664436075,-0.5098543132354929,-0.9630337976584469,1.0,0,0
3192,-0.8541170061299242,1.1231292590347315,-0.09726276778784416,0.9846919452344801,-0.7186482389185431,0.8738364733528537,0.0,10,1
4500,-0.5101588045634277,-1.240815853657941,-0.712071666573206,1.9945102410920421,0.9261365634009954,-0.2642989156648035,0.0,20,1
1155,0.6936949009193102,1.9477612750903148,0.5175461309975176,0.1431766986865122,1.3522466158153836,1.7232788789137534,0.0,20,1
2256,-1.1980752076964207,-0.8926378913233614,1.1323550297828793,0.9846919452344801,3.384791565832016,-0.9062738212499994,0.0,30,1
1683,-0.5101588045634277,-1.5401267335595972,-1.3268805653585676,-0.24521495356639614,-0.5354209163803562,-2.51121108521299,0.0,15,1
3171,1.1236426528774308,-0.08633103118012422,1.1323550297828793,0.5833539045731415,1.5823460441191532,0.7143213672394587,1.0,0,0
2057,-0.5101588045634277,2.1249044489096627,1.1323550297828793,-1.306818803057679,2.2939498316511817,1.7908036784341472,1.0,0,1
4091,2.3274963583601687,0.03583667490218444,1.1323550297828793,0.8552280611501776,1.7954010703263474,-0.7115283849520514,1.0,5,0
3109,-1.370054308479669,-1.8699795399818306,-0.712071666573206,-1.2679796378323882,-0.15192186920740677,-0.30735820811259085,0.0,0,0
4549,0.17775759856956538,-0.6788444056793212,-0.09726276778784416,1.2306733249946555,0.1847050721999599,-1.0882971938701926,0.0,20,0
3724,0.9516635520941825,0.1580043809844931,-0.09726276778784416,0.4021044668551178,-0.6589928315805288,0.4021414969929993,0.0,0,1
2050,-1.1120856573047966,0.3473643254120715,-0.09726276778784416,-0.34878606083383845,0.014261051234204632,-0.35335336140909107,0.0,0,1
3644,-0.682137905346676,-1.8699795399818306,-1.3268805653585676,0.557461127756281,-1.3237245133469744,-0.6557470288265085,1.0,0,0
4938,-1.7140125100461656,-0.14741488422127855,-0.712071666573206,-1.306818803057679,0.4275878020761612,-0.6459608259974656,0.0,0,1
624,-0.5961483549550518,-1.8577627693735999,-1.3268805653585676,-0.607713829002444,0.7045593361455136,-1.1499502716931609,1.0,0,0
263,0.2637471489611895,0.5733745816643425,0.5175461309975176,-1.306818803057679,-1.3237245133469744,-0.2907216633032189,0.0,5,1
3370,0.09176804817794125,-0.8682043501068997,-1.3268805653585676,-0.42646439128442,-0.5737708210976511,-1.4758308259002801,1.0,25,0
4062,1.1236426528774308,1.7156426335339285,0.5175461309975176,-0.15459023470738428,-1.1788470955260824,1.0578170865388545,1.0,0,1
1803,-0.3381797037801794,-0.29401613152004896,-0.712071666573206,-0.4135180028759897,-0.18174957287641394,-1.7792031136006017,0.0,0,1
4737,-0.7681274557383001,2.1920966872549323,-0.712071666573206,-0.21932217674953555,-1.012664175084471,1.91313121379718,0.0,0,0
2386,-0.5961483549550518,-0.45894253473116564,1.1323550297828793,-0.5300354985518623,0.5468986167521899,-0.7291435500443281,1.0,30,0
1960,-0.5961483549550518,-0.4894844612517428,0.5175461309975176,0.1302303102780819,1.5525183404501461,-0.03530176946520582,1.0,0,1
2977,-0.7681274557383001,1.1842131120758859,-0.09726276778784416,-0.4005716144675594,-1.1703248944777946,1.136106709171196,1.0,0,1
489,-0.8541170061299242,-1.3446584038279035,-1.3268805653585676,-1.306818803057679,0.32958249002085194,-0.28484994160579313,0.0,10,0
1844,-1.5420334092629173,-0.8376624235863225,-1.3268805653585676,0.2985333595876755,-1.3237245133469744,-1.4670232433541417,1.0,20,1
1735,-0.5101588045634277,0.2740637017626863,-1.3268805653585676,-1.306818803057679,-1.3237245133469744,-1.1734371584828631,0.0,0,1
2912,1.983538156793672,0.7321925995713437,2.3619728273536027,-0.06396551584837226,0.6619483309040747,0.7231289497855975,1.0,10,1
3220,1.0376531024858067,0.9826363970400765,-0.712071666573206,-0.24521495356639614,0.7855202461042473,0.4510725111382124,0.0,25,1
147,-0.5961483549550518,1.1414544149470778,-0.09726276778784416,-0.3617324492422687,-1.3237245133469744,0.6203738200806495,0.0,15,0
1987,0.17775759856956538,-0.9476133590604002,-1.3268805653585676,-0.659499382636165,-0.17748847235227005,-1.9651409673524112,0.0,0,0
1370,1.0376531024858067,1.9783032016108921,1.1323550297828793,0.1561230870949425,1.2755468063807938,0.8630716502409069,1.0,0,0
2812,-0.3381797037801794,-1.0392391386221318,0.5175461309975176,0.6610322350237232,-0.25844938231100384,0.09094024702944392,0.0,0,0
660,-0.3381797037801794,-0.03135556344308532,1.1323550297828793,0.2985333595876755,-0.3138436891248743,0.7749958247795228,0.0,0,1
1795,-1.8859916108294137,-0.8926378913233614,-0.712071666573206,0.06549836823593046,-0.8081313499255647,-0.836791781163797,1.0,0,0
2512,1.7255695056187998,-0.2695825903035872,1.1323550297828793,-0.15459023470738428,-0.722909339442687,-1.0599172056659687,1.0,0,1
3398,-0.25219015338855527,0.31682239889149433,-0.712071666573206,0.1561230870949425,0.009999950710060749,-0.33573819631681434,0.0,20,0
4283,0.8656740017025585,0.8971190027824605,1.1323550297828793,0.8163888959248867,2.822326296645023,0.8278413200563528,0.0,0,1
1148,-0.42416925417180357,-0.8498791941945534,0.5175461309975176,1.3471908206705279,-1.2555469049606722,-0.6978277009913917,0.0,0,1
3273,-0.16620060299693115,2.424215328811319,-0.09726276778784416,-0.3099468956085476,-0.7143871383943993,1.961083607659489,0.0,20,0
609,-1.7140125100461656,-0.660519249766975,-1.3268805653585676,-1.1126229769312248,-0.07948316029696077,-0.300507866132261,1.0,0,0
3583,0.09176804817794125,-0.8743127354110151,-0.09726276778784416,0.1302303102780819,-1.1319749897604996,-0.4942746821473053,1.0,15,1
1931,-1.8000020604377898,-1.8699795399818306,-0.712071666573206,-0.607713829002444,0.6662094314282186,-0.049981073708770314,0.0,20,0
198,-0.42416925417180357,-1.3018997066990954,-0.712071666573206,0.51862196253099,-0.11783306501425572,-0.4296857434756236,0.0,25,1
2932,0.8656740017025585,-1.0881062210550552,-0.712071666573206,-1.306818803057679,0.21027167534482322,-0.9522689745465001,1.0,0,0
2328,1.5535904048355516,0.34125594010795607,0.5175461309975176,0.5833539045731415,2.0084560965335414,-0.6870628778794449,0.0,15,0
4390,1.6395799552271757,0.7383009848754593,-0.09726276778784416,0.829335284333317,1.2116302985186356,2.130384916601926,1.0,0,1
767,0.09176804817794125,-0.4161838376023576,0.5175461309975176,-0.3876252260591293,1.3181578116222326,0.6732193153574796,0.0,0,0
4497,-0.5101588045634277,-0.4955928465558582,2.3619728273536027,0.738710565474305,0.866481156062981,0.1643367682472636,1.0,0,1
4219,1.811559056010424,1.0192867088647692,-0.712071666573206,0.8681744495586079,-1.0211863761327586,1.4991748341286775,1.0,15,1
3256,0.34973669935281365,0.29849724297914804,-1.3268805653585676,-1.2938724146492486,-0.97857537089132,0.3952911550126694,0.0,0,0
203,0.09176804817794125,-0.8254456529780916,-1.3268805653585676,-1.306818803057679,-1.046752979277622,-1.4063487858140777,1.0,0,1
3511,0.5217158001360619,-0.831554038282207,-0.712071666573206,-1.306818803057679,-0.9359643656498811,-1.2106247292332253,1.0,20,0
1734,-1.4560438588712932,-1.8699795399818306,-0.712071666573206,-0.5559282753687228,0.12931076538608946,-0.10086932841979156,1.0,0,1
2778,-0.5101588045634277,-1.2591410095702873,-0.09726276778784416,-0.5688746637771531,-0.25844938231100384,-0.3298664746193893,0.0,0,1
1708,0.2637471489611895,-0.20239035195831745,0.5175461309975176,0.16906947550337278,2.0127171970576856,1.4864527704509218,0.0,0,0
3475,-1.370054308479669,-0.5078096171640891,0.5175461309975176,1.670850530881285,0.37219349526229073,-0.9689055193558723,0.0,10,1
855,0.2637471489611895,-0.6544108644628595,0.5175461309975176,0.1561230870949425,0.8707422565871249,0.7896751290230872,0.0,0,1
4738,0.9516635520941825,0.005294748381607275,0.5175461309975176,-0.9702127044384918,-1.1191916881880681,0.6164593389490325,0.0,0,0
4098,0.8656740017025585,1.3980065977199259,1.7471639285682412,-0.5559282753687228,-0.7186482389185431,1.6626044213736886,1.0,15,0
2161,-0.5101588045634277,-0.3550999845612033,-0.712071666573206,-0.07691190425680254,-0.5609875195252194,-0.08716864445913183,1.0,20,0
699,-0.9401065565215483,-1.045347523926247,-0.712071666573206,-0.32289328401697787,-0.21583837706956502,-1.1616937150880122,0.0,0,0
4958,-1.8859916108294137,1.3002724328540791,1.1323550297828793,0.32442613640453605,2.51126595838252,1.6498823576959336,1.0,25,1
3000,-0.3381797037801794,0.04194506020629987,-0.712071666573206,0.453890020488839,-1.0978861855673485,0.6056945158370857,0.0,0,0
3697,-0.682137905346676,0.7138674436589975,0.5175461309975176,1.295405267036807,-0.09226646186939243,0.49413180358599973,0.0,0,1
1637,-1.8000020604377898,-0.013030407530739023,-0.712071666573206,-1.306818803057679,0.8110868492491106,-0.5285263920489546,1.0,15,0
3458,-0.9401065565215483,-1.0025888267974392,-1.3268805653585676,-0.284054118791687,-0.5993374242425143,-0.9483544934148828,0.0,0,0
3582,2.1555172575769204,1.3308143593746562,1.1323550297828793,0.6351394582068627,0.436110003124449,1.7213216383479446,0.0,0,0
1292,-0.42416925417180357,1.1353460296429623,-0.712071666573206,-0.5688746637771531,-0.3564546943663131,-0.6019229132667739,0.0,15,1
4660,-0.9401065565215483,0.6527835906178432,-0.09726276778784416,1.5931722004307034,0.5937707225177726,0.8963447398596515,1.0,0,0
1854,0.6936949009193102,-0.8559875794986688,-0.712071666573206,0.5963002929815718,-0.011305551910658662,-1.653939717388856,1.0,0,1
3764,0.607705350527686,-0.3428832139529724,-0.712071666573206,-0.32289328401697787,0.41906560102787344,-0.843642123144127,0.0,0,0
3305,3.18739186227641,0.2862804723709172,-0.712071666573206,-0.5429818869602926,-1.3237245133469744,-1.563906651361664,1.0,20,0
4923,0.17775759856956538,-0.788795341153399,-0.712071666573206,2.136920513584775,-0.5311598158562123,1.2320114968958134,0.0,0,0
3744,0.6936949009193102,-0.8620959648027842,-0.712071666573206,-0.6983385478614559,1.3224189121463765,-0.576478785911263,1.0,0,1
3446,-0.3381797037801794,0.5183991139273036,-1.3268805653585676,-1.306818803057679,-1.3237245133469744,1.0676032893678973,0.0,25,0
1999,-0.5101588045634277,-0.20239035195831745,-0.09726276778784416,0.8163888959248867,-0.7314315404909747,-0.5833291278915932,0.0,0,0
664,-0.3381797037801794,0.07859537203099247,-0.09726276778784416,-1.306818803057679,-1.2385025028640968,-0.4805739981866456,1.0,0,1
4780,0.005778497786317116,-1.6867279808583677,-0.09726276778784416,-0.8278024319457586,-0.9444865666981689,-1.754737606527995,0.0,0,0
3749,-0.7681274557383001,-0.422292222906473,-1.3268805653585676,0.44094363208040865,-0.4757655090423418,0.4021414969929993,1.0,0,0
4414,-0.7681274557383001,-1.79057053102833,-0.712071666573206,-1.0608374232975037,1.5567794409742899,-1.4856170287293229,1.0,0,0
4745,-0.16620060299693115,-1.821112457548907,-0.09726276778784416,-0.8148560435373283,-0.9444865666981689,-1.4905101301438444,0.0,20,0
710,0.6936949009193102,-0.4039670669941267,0.5175461309975176,0.6739786234321535,-0.09226646186939243,-0.8250483377689458,1.0,0,1
1283,-1.8859916108294137,-0.3856419110817804,0.5175461309975176,-0.24521495356639614,0.2315771779655426,-0.5657139627993162,1.0,0,0
2676,0.34973669935281365,-1.01480559740567,-0.712071666573206,-0.6206602174108743,1.0965805843667507,-0.3787974887646024,1.0,0,1
4030,0.17775759856956538,0.7016506730507667,1.7471639285682412,2.7065616035557074,1.3479855152912397,0.7975040912863212,0.0,0,1
1307,-1.0260961069131724,-1.8699795399818306,-1.3268805653585676,-1.306818803057679,-1.0978861855673485,-1.3906908612876097,0.0,0,0
2238,-0.08021105260530702,-0.019138792834854458,-0.712071666573206,1.243619713403086,-1.0041419740361832,-1.2272612740425977,0.0,0,1
3303,0.9516635520941825,0.9765280117359612,1.1323550297828793,1.528440258388552,0.05687205647564345,-0.7125070052349555,0.0,15,1
2039,-1.0260961069131724,0.48174880210261106,-0.712071666573206,0.2855869711792452,0.5213320136073266,0.17803745220792333,0.0,0,1
1530,0.607705350527686,-1.8638711546777151,-0.09726276778784416,1.7873680265571574,0.0014777496617729847,-1.8154120640680593,0.0,0,1
1664,1.897548606402048,0.8360351497413061,-0.712071666573206,-1.306818803057679,-1.1149305876639242,-0.8416848825783181,0.0,15,1
4945,-0.16620060299693115,0.1580043809844931,-0.712071666573206,-0.05101912743994197,-0.024088853483090308,-0.58039326704288,1.0,25,0
4964,-0.5101588045634277,0.7138674436589975,0.5175461309975176,1.5672794236138428,-0.9700531698430321,0.5234904120731273,1.0,25,1
3628,-0.9401065565215483,-1.5706686600801745,-0.712071666573206,0.7257641770658747,1.267024605332506,-1.5834790570197492,1.0,0,0
2694,-0.3381797037801794,0.4939655727108419,-1.3268805653585676,-1.306818803057679,1.2542413037600744,0.30819394983419,1.0,20,1
3061,1.209632203269055,0.212979848721532,2.3619728273536027,0.1561230870949425,0.7130815371938013,0.3052580889854771,0.0,15,0
1598,0.2637471489611895,-0.019138792834854458,-1.3268805653585676,-1.306818803057679,-0.5482042179527878,-0.2907216633032189,0.0,25,0
2730,-1.2840647580880449,-1.6500776690336751,-0.09726276778784416,-1.306818803057679,0.33810469106913965,-1.7146141749289203,0.0,0,0
2626,-0.16620060299693115,-0.09243941648423964,-0.09726276778784416,-1.306818803057679,1.0028363728355854,0.0018858012851556995,1.0,25,1
3158,-0.25219015338855527,-1.735595063291291,-1.3268805653585676,1.3989763743042491,0.6235984261867797,-0.9209531254935636,1.0,0,0
3315,1.1236426528774308,-0.013030407530739023,-0.09726276778784416,-1.034944646480643,-1.3237245133469744,0.6653903530942457,1.0,10,0
1723,-0.682137905346676,-0.8926378913233614,0.5175461309975176,0.9070136147838987,-0.4118490011801836,0.7436799757265863,0.0,0,0
1060,0.4357262497444378,1.2086466532923474,0.5175461309975176,0.9070136147838987,-0.9870975719396077,0.59297245215933,1.0,20,0
4637,-1.8859916108294137,-1.6684028249460214,-0.09726276778784416,1.670850530881285,-0.5013321121872051,-1.6187093872043026,0.0,25,1
3243,0.2637471489611895,0.48174880210261106,-0.09726276778784416,-1.306818803057679,-0.8848311593601546,0.2367546691821785,0.0,0,0
1679,-0.7681274557383001,0.1030289132474542,-1.3268805653585676,0.9199600031923287,-0.0496554566279536,-0.8465779839928396,0.0,25,1
1758,2.3274963583601687,0.03583667490218444,-0.09726276778784416,-1.306818803057679,1.1136249864633263,0.18293055362244437,0.0,25,0
4192,0.8656740017025585,-1.3874171009567113,-1.3268805653585676,-0.4005716144675594,-0.1220941655383996,0.6810482776207135,0.0,0,1
564,-0.7681274557383001,-1.6134273572089823,0.5175461309975176,-1.0608374232975037,1.1306693885599017,-0.00887902182679113,1.0,20,1
2791,1.5535904048355516,0.34125594010795607,-1.3268805653585676,-0.8278024319457586,-1.2171970002433774,-0.6038801538325824,1.0,15,1
864,0.09176804817794125,0.46953203149438016,-0.09726276778784416,-1.306818803057679,0.1165274638136578,0.17412297107630567,1.0,0,1
1485,0.7796844513109343,0.9765280117359612,-1.3268805653585676,-0.9184271508047707,1.3266800126705203,0.764231001667576,1.0,0,1
207,-0.8541170061299242,-1.7844621457242145,-1.3268805653585676,0.7516569538827352,-1.3237245133469744,-0.8054759321108607,1.0,0,0
4489,0.4357262497444378,0.5428326551437653,-0.712071666573206,-0.07691190425680254,-1.0936250850432048,0.8571999285434811,1.0,10,1
871,0.2637471489611895,0.28017208706680174,-1.3268805653585676,-0.11575106948209342,0.08669976014465063,0.6663689733771497,0.0,0,0
4494,-1.0260961069131724,-0.42840060821058845,-0.712071666573206,-1.306818803057679,-1.3237245133469744,-0.5686498236480291,1.0,20,0
503,-0.7681274557383001,-1.3996338715649423,-0.09726276778784416,-0.4005716144675594,-0.18601067340055782,0.04298785316713488,1.0,20,1
1029,0.005778497786317116,0.7688429113960363,-0.09726276778784416,0.7516569538827352,-0.34793249331802534,-0.076403821347185,0.0,20,1
3841,-1.4560438588712932,-1.8699795399818306,-0.712071666573206,0.4927291857141298,0.8451756534422616,-0.00887902182679113,0.0,0,0
2691,-1.2840647580880449,-0.42840060821058845,-0.712071666573206,-1.306818803057679,-0.07522205977281689,-1.5599921702300465,0.0,0,0
1571,0.005778497786317116,-0.660519249766975,0.5175461309975176,0.2985333595876755,-1.3237245133469744,0.43932906774336083,0.0,0,1
2774,-0.16620060299693115,0.8726854615659987,-0.712071666573206,-1.306818803057679,1.11788608698747,0.9785488436236098,0.0,25,0
2732,-1.370054308479669,-0.8132288823698607,0.5175461309975176,-1.1126229769312248,0.09096086066879451,-0.3817333496133153,1.0,0,1
805,1.295621753660679,0.34125594010795607,-0.09726276778784416,1.3083516554452375,-0.31810478964901817,2.5619564613627053,0.0,20,0
3646,-1.5420334092629173,-1.0881062210550552,-0.712071666573206,0.648085846615293,-0.24992718126271607,-0.9395469108687443,1.0,5,0
2455,-0.42416925417180357,-0.5261347730764354,-0.09726276778784416,-0.89253437398791,0.37219349526229073,-0.11359139209754722,0.0,30,0
4599,1.209632203269055,0.15189599568037768,0.5175461309975176,0.6869250118405839,-0.3777601969870325,-0.43457884489014537,1.0,0,0
3105,-0.08021105260530702,-0.09854780178835508,-0.09726276778784416,-0.5559282753687228,-0.15618296973155066,1.1458929120002381,0.0,20,0
4876,-0.42416925417180357,-1.8699795399818306,1.1323550297828793,0.9458527800091893,1.2925912084773692,0.44128630830916965,0.0,20,1
201,0.34973669935281365,0.39012302254087955,-0.09726276778784416,0.9587991684176196,-1.1234527887122119,-1.0599172056659687,1.0,0,1
3100,0.607705350527686,1.9172193485697377,-0.712071666573206,0.16906947550337278,0.6576872303799308,2.1714869684839053,0.0,25,1
2279,-0.5961483549550518,-0.9903720561892083,-0.712071666573206,0.9717455568260498,0.05261095595149957,0.05864577769360275,1.0,0,1
3562,0.09176804817794125,1.0437202500812308,1.7471639285682412,3.366827412385651,-1.3237245133469744,-0.23787616802638814,0.0,0,1
4475,-0.682137905346676,-0.972046900276862,-1.3268805653585676,-1.306818803057679,-1.0765806829466291,-0.3572678425407087,0.0,10,0
4515,0.09176804817794125,-0.3856419110817804,1.7471639285682412,-0.47824994491814116,0.17192177062752828,1.1781873813360793,1.0,10,0
392,0.09176804817794125,-1.2713577801785183,1.7471639285682412,0.013712814602209302,-0.46298220746991015,-0.684127017030732,1.0,30,0
1496,-1.1120856573047966,-1.8699795399818306,-0.712071666573206,-1.306818803057679,1.5823460441191532,-0.567671203365125,1.0,0,1
2696,0.9516635520941825,1.3247059740705407,-1.3268805653585676,0.35031891322139663,-0.722909339442687,0.5871007304619049,1.0,25,1
2028,-1.8859916108294137,-0.7704701852410527,-0.09726276778784416,-0.07691190425680254,0.580987420945341,-0.8534283259731694,1.0,0,0
2569,-1.8859916108294137,0.20687146341741655,-0.09726276778784416,-0.06396551584837226,-0.024088853483090308,-0.15958654539404743,1.0,10,0
65,0.7796844513109343,0.1030289132474542,-0.09726276778784416,-0.5947674405940137,-1.3237245133469744,-0.576478785911263,0.0,0,1
3885,-0.7681274557383001,0.054161830814530736,-0.09726276778784416,0.9199600031923287,0.35088799264157133,-0.8553855665389779,1.0,25,0
2063,0.2637471489611895,0.6894339024425358,1.1323550297828793,0.6351394582068627,-0.4800266095664857,0.2798139616299665,0.0,0,0
493,-0.25219015338855527,-0.33066644334474155,-0.712071666573206,-0.89253437398791,-1.3237245133469744,-0.2858285618886972,0.0,0,0
380,-0.42416925417180357,0.6833255171384203,-0.712071666573206,1.4507619279379702,1.1860636953737722,1.1703584190728447,0.0,0,1
4860,-0.25219015338855527,0.054161830814530736,-0.09726276778784416,-1.1126229769312248,0.5341153151797583,1.2320114968958134,1.0,0,1
3994,-0.682137905346676,0.9520944705194994,-0.09726276778784416,3.2762026935266393,2.0084560965335414,0.8591571691092893,1.0,25,0
4888,1.6395799552271757,2.1126876783014317,0.5175461309975176,0.5963002929815718,-1.3237245133469744,1.487431390733826,0.0,10,1
1077,1.3816113040523033,2.5524914201977427,0.5175461309975176,1.9686174642751815,-0.45446000642162243,0.7965254710034171,0.0,25,1
879,-0.08021105260530702,1.117020873730616,-0.712071666573206,-0.8666415971710495,0.1378329664343772,0.3385311786042217,1.0,0,0
338,0.34973669935281365,0.9765280117359612,0.5175461309975176,1.5931722004307034,1.5099073352087073,-0.00887902182679113,1.0,10,1
1017,0.09176804817794125,0.9704196264318456,-0.09726276778784416,-0.6853921594530257,-0.1945328744488456,-0.3876050713107404,1.0,0,1
1276,0.005778497786317116,-0.12298134300481682,2.9767817261389644,2.7065616035557074,0.38923789735886627,0.040051992318421985,1.0,0,1
3799,0.8656740017025585,0.8360351497413061,-0.09726276778784416,0.4021044668551178,0.005738850185916867,0.12323471636528442,1.0,25,1
4552,-0.682137905346676,0.6894339024425358,-0.09726276778784416,0.03960559141906988,-0.8763089583118667,2.07166769962767,1.0,0,0
3343,1.7255695056187998,-0.28179936091181806,0.5175461309975176,1.5802258120222732,1.0795361822701752,0.13399953947723126,1.0,30,1
4912,0.5217158001360619,-0.3978586816900113,1.1323550297828793,-0.1286974578905237,0.9943141717872975,0.7681454827991929,1.0,10,1
996,0.34973669935281365,-1.1858403859209021,-1.3268805653585676,1.0364774988682013,-0.5524653184769317,-0.23200444632896303,1.0,0,1
1982,-0.5961483549550518,-0.8254456529780916,-0.09726276778784416,0.4279972436719784,0.22731607744139873,0.36201806539392417,0.0,0,0
4298,-0.682137905346676,0.6039165081849197,-1.3268805653585676,0.06549836823593046,-1.3237245133469744,1.016715034656876,1.0,0,1
162,-0.7681274557383001,-1.7539202192036374,-1.3268805653585676,-1.021998258072213,1.1732803938013405,-0.8514710854073609,0.0,20,0
4799,-0.42416925417180357,0.3046056282832635,-0.09726276778784416,-1.306818803057679,-1.3237245133469744,1.3377024874494736,0.0,0,0
1501,-0.5961483549550518,0.8360351497413061,-0.09726276778784416,-0.16753662311581458,-1.0936250850432048,1.1126198223814936,1.0,10,1
3844,1.897548606402048,1.6606671657968897,0.5175461309975176,-0.5041427217350017,1.450251927870693,0.35321048284778617,1.0,15,1
2614,-0.42416925417180357,-0.7093863321998983,1.1323550297828793,-1.306818803057679,-0.04113325557966584,0.38941943331524365,1.0,0,0
3462,-1.4560438588712932,-0.605543782029936,-1.3268805653585676,-0.20637578834110526,0.9346587644492832,-0.6185594580761465,0.0,0,0
1022,0.34973669935281365,-1.4057422568690576,-0.09726276778784416,0.8422816727417473,1.590868245167441,1.095004657289217,1.0,0,1
3074,0.7796844513109343,0.5550494257519962,0.5175461309975176,0.5833539045731415,-0.5908152231942266,1.1380639497370042,1.0,5,0
3944,0.6936949009193102,1.7889432571833137,-0.09726276778784416,0.47978279730569956,0.12931076538608946,1.0587957068217593,1.0,0,0
1586,-1.6280229596545415,-1.1614068447044403,-1.3268805653585676,-1.306818803057679,-0.7186482389185431,-0.00887902182679113,1.0,0,0
1956,-1.0260961069131724,-0.562785084901128,-1.3268805653585676,-0.038072739031511676,-0.1732273718281262,-1.0100075712378516,1.0,0,1
3153,0.4357262497444378,-0.4711593053393965,-1.3268805653585676,0.026659203010639593,-0.20305507549713336,1.3934838435750165,1.0,10,1
35,0.607705350527686,1.214755038596463,0.5175461309975176,-1.306818803057679,-0.795348048353133,0.8014185724179381,0.0,25,0
4015,0.17775759856956538,1.4285485242405032,0.5175461309975176,-0.07691190425680254,1.450251927870693,0.6732193153574796,0.0,0,0
776,0.17775759856956538,0.3656894813244178,-0.09726276778784416,0.35031891322139663,-1.3237245133469744,0.0018858012851556995,0.0,20,1
2557,-1.8859916108294137,-1.155298459400325,-1.3268805653585676,-1.306818803057679,-0.7910869478289891,-0.8358131608808926,0.0,0,0
1479,-0.42416925417180357,-0.7277114881122446,-0.09726276778784416,-0.6853921594530257,0.20174947429653545,0.5636138436722025,0.0,10,1
1364,0.8656740017025585,0.4450984902779184,-1.3268805653585676,0.5056755741225601,0.436110003124449,-0.011814882675504028,0.0,0,1
2613,-0.5961483549550518,0.7688429113960363,0.5175461309975176,-1.021998258072213,0.04834985542735569,1.5578920511029326,0.0,0,0
2825,0.005778497786317116,-0.9842636708850928,-0.712071666573206,-1.034944646480643,-1.3237245133469744,-0.3895623118765492,0.0,20,1
2042,0.6936949009193102,1.385789827111695,0.5175461309975176,1.3083516554452375,0.5128098125590388,1.703706473255668,0.0,0,1
242,-0.08021105260530702,-0.6971695615916675,1.1323550297828793,0.013712814602209302,1.3905965205326787,-0.5432056962925185,0.0,0,1
2062,1.811559056010424,0.25573854585034,-0.09726276778784416,0.20790864072866364,1.2499802032359304,-0.3328023354681022,1.0,15,0
2364,0.5217158001360619,1.3735730565034643,0.5175461309975176,-1.2032476957902367,0.6704705319523625,0.6673475936600545,0.0,10,1
601,0.5217158001360619,1.7889432571833137,-0.09726276778784416,-1.306818803057679,0.3807156963105785,1.8446277939938813,1.0,0,1
2436,-0.9401065565215483,-1.8699795399818306,2.3619728273536027,1.0105847220513406,0.39776009840715404,-1.2027957669699911,0.0,0,1
2889,-0.42416925417180357,-1.4912596511266738,-0.712071666573206,-1.306818803057679,-1.3237245133469744,-1.1969240452725656,1.0,15,0
647,0.607705350527686,-1.1003229916632862,-0.09726276778784416,-1.0608374232975037,-1.3237245133469744,-0.7350152717417535,0.0,0,0
3891,-1.2840647580880449,-0.8193372676739762,-1.3268805653585676,0.32442613640453605,0.325321389496708,-1.4278784320379714,1.0,0,0
3557,-0.25219015338855527,-0.46505092003528103,-1.3268805653585676,0.9587991684176196,-1.0339696777051903,-0.4590443519627519,0.0,0,0
3203,-0.3381797037801794,0.2740637017626863,-1.3268805653585676,-1.306818803057679,-1.0254474766569026,0.44128630830916965,1.0,25,0
1529,-1.8859916108294137,0.212979848721532,-0.712071666573206,1.023531110459771,-0.6334262284356654,-1.5012749532557912,1.0,20,0
1268,0.6936949009193102,1.3674646711993488,-0.712071666573206,1.2047805481777951,-0.5567264190010756,1.1762301407702704,0.0,10,0
1900,-1.1120856573047966,-1.8699795399818306,-1.3268805653585676,0.18201586391180308,-1.3237245133469744,-0.0010500595635571986,1.0,0,0
4659,-0.5961483549550518,-0.013030407530739023,-0.09726276778784416,-1.306818803057679,0.7471703413869524,0.7270434309172145,0.0,30,1
3006,-0.5101588045634277,-1.8699795399818306,-0.712071666573206,-1.306818803057679,0.4531544052210245,-1.4689804839199503,1.0,15,0
2735,0.005778497786317116,1.3674646711993488,-0.09726276778784416,-0.2970005072001173,0.07391645857221898,2.2771779590375654,0.0,20,1
190,1.7255695056187998,-0.11687295770070139,-0.09726276778784416,0.6221930697984324,-0.16470517077983843,-0.4932960618644012,0.0,5,1
1807,0.5217158001360619,1.2452969651170402,-0.712071666573206,-0.5300354985518623,-0.6376873289598094,2.1157056123583624,1.0,0,1
976,-1.0260961069131724,-0.5200263877723199,1.1323550297828793,0.9070136147838987,1.2158913990427793,0.6585400111139158,0.0,30,0
2748,-0.5101588045634277,0.29849724297914804,0.5175461309975176,1.3212980438536677,0.8963088597319883,0.4138849403878502,0.0,20,0
2048,0.5217158001360619,0.9093357733906914,-0.09726276778784416,0.8163888959248867,-1.3237245133469744,0.8395847634512045,0.0,0,0
2559,1.4676008544439274,0.2740637017626863,-0.712071666573206,-1.306818803057679,0.19748837377239156,1.6763051053343483,0.0,0,1
1083,0.4357262497444378,0.5306158845355345,-0.712071666573206,-1.306818803057679,0.5852485214694848,0.5146828295269893,1.0,0,1
475,0.607705350527686,0.5306158845355345,0.5175461309975176,-0.11575106948209342,1.3224189121463765,0.967784020511663,0.0,0,1
2905,-0.42416925417180357,-0.9048546619315923,-0.09726276778784416,-0.15459023470738428,-0.09226646186939243,-1.0295799768959366,1.0,0,0
4844,-1.1980752076964207,-0.013030407530739023,-1.3268805653585676,-0.750124101495177,0.009999950710060749,-0.4707877953576028,1.0,10,0
4118,1.0376531024858067,-1.8699795399818306,-0.712071666573206,-1.306818803057679,-1.3237245133469744,-1.754737606527995,1.0,0,0
3386,0.4357262497444378,0.5061823433190727,-0.09726276778784416,0.1431766986865122,-0.4374156043250469,0.2690491385180197,0.0,25,1
4556,1.6395799552271757,1.3369227446787717,1.1323550297828793,2.305223562894369,-0.30532148807658654,2.0941759661344688,0.0,15,1
1185,0.005778497786317116,0.9093357733906914,1.1323550297828793,0.06549836823593046,-0.5950763237183705,2.095154586417373,1.0,5,1
2434,0.09176804817794125,0.719975828963113,-1.3268805653585676,-1.306818803057679,-0.8720478577877229,-0.8945303778551486,0.0,0,0
2392,0.6936949009193102,0.2313050046338783,-0.712071666573206,-1.306818803057679,1.3266800126705203,-0.7790531844724456,1.0,20,1
770,1.7255695056187998,0.9765280117359612,-0.09726276778784416,0.05255197982750017,0.11226636328951392,-0.10674105011721735,0.0,20,1
1686,0.6936949009193102,-1.2469242389620565,-0.712071666573206,-0.7112849362698862,-0.8933533604084423,-1.6030514626778343,1.0,0,1
131,-0.42416925417180357,-1.0819978357509399,0.5175461309975176,0.7516569538827352,0.542637516228046,0.588079350744809,1.0,30,1
2920,0.9516635520941825,2.5341662642853966,-1.3268805653585676,0.4150508552635481,-1.3237245133469744,0.6076517564028938,0.0,0,1
3172,0.6936949009193102,-0.33066644334474155,-0.712071666573206,0.24674780595395435,0.8281312513456861,-1.7195072763434416,1.0,0,0
3445,1.1236426528774308,1.1903214973800011,1.7471639285682412,1.955671075866751,2.984248116562491,-0.19090239444698387,1.0,5,1
4427,0.17775759856956538,-0.6238689379422823,-0.712071666573206,0.09139114505279104,-0.27123268388343547,-1.2556412622468212,1.0,0,1
467,-0.3381797037801794,0.5550494257519962,-0.09726276778784416,-0.9184271508047707,-0.2541882817868599,0.6379889851729261,0.0,0,1
3093,0.9516635520941825,1.0925873325141544,-0.09726276778784416,-1.306818803057679,0.19322727324824768,0.33950979888712646,1.0,0,1
3773,0.4357262497444378,0.017511518989838142,-0.712071666573206,2.0592421831341934,-1.3237245133469744,-1.0276227363301282,0.0,15,1
861,-1.0260961069131724,0.5733745816643425,-0.712071666573206,-0.5041427217350017,-1.3237245133469744,0.061581638542315645,0.0,20,1
