customer_id,age,income,previous_purchases,campaign_response,customer_tenure_days,channel,avg_basket_size,discount,purchase,treatment,ITE,segment
1053,41,28100.0,2,0.106,82,in_store,18.61,15,0,1,-0.04150710546357589,Not Persuadable
2991,48,53100.0,5,0.206,483,in_store,44.66,0,0,0,0.06098811906578121,Persuadable
1789,44,26400.0,4,0.137,1,online,28.27,0,1,0,0.11449550193698398,Highly Persuadable
765,44,43000.0,3,0.109,649,online,38.5,0,1,0,0.025174564540653706,Persuadable
3248,24,17100.0,0,0.0,305,in_store,44.09,0,1,0,-0.07697340183652761,Not Persuadable
1102,47,39700.0,6,0.176,395,online,42.07,20,0,1,0.06411212530840447,Persuadable
1666,32,35800.0,1,0.084,461,online,27.52,20,0,1,-0.029553512162233824,Not Persuadable
280,43,77100.0,0,0.0,207,in_store,49.98,0,1,0,-0.03713479155757205,Not Persuadable
3194,26,27200.0,0,0.06,496,online,37.59,0,1,0,-0.05686105743741611,Not Persuadable
4045,28,38500.0,0,0.127,317,online,46.56,10,0,1,-0.009191889008383063,Not Persuadable
2345,50,60700.0,3,0.133,1046,in_store,56.4,0,0,0,0.17631743919834605,Highly Persuadable
3306,46,57400.0,3,0.014,433,online,34.76,25,0,1,-0.021189501416881844,Not Persuadable
4619,73,47700.0,2,0.158,1,in_store,34.16,0,0,0,0.13357024544965476,Highly Persuadable
1695,25,27400.0,0,0.0,511,online,40.04,0,1,0,-0.08563742866403454,Not Persuadable
1663,39,15000.0,3,0.057,445,in_store,39.46,0,1,0,0.07804617146964907,Persuadable
2112,46,64500.0,4,0.086,1,in_store,57.52,30,0,1,0.06983170855031566,Persuadable
4518,38,45500.0,3,0.14,1,online,44.66,15,0,1,-0.025762237840811653,Not Persuadable
890,20,27900.0,0,0.049,365,online,33.36,0,0,0,0.07652691370940379,Persuadable
4461,45,55000.0,3,0.017,153,in_store,55.73,0,1,0,0.03577930228986183,Persuadable
3356,18,15000.0,1,0.022,393,in_store,36.41,0,1,0,-0.11423709110978611,Not Persuadable
2019,47,38200.0,2,0.022,715,online,34.43,0,0,0,0.08127144514735238,Persuadable
2727,29,34400.0,2,0.11,296,online,28.02,0,1,0,-0.0994275150670565,Not Persuadable
158,52,61200.0,3,0.123,375,in_store,45.71,15,0,1,-0.0745271237741556,Not Persuadable
4013,48,45400.0,2,0.168,585,in_store,45.87,15,0,1,0.029821275578840182,Persuadable
3626,64,73700.0,3,0.078,159,online,47.37,15,1,1,0.04697197665906272,Persuadable
2092,48,25700.0,5,0.061,241,in_store,21.9,0,0,0,0.04258336100754146,Persuadable
3968,27,31900.0,0,0.0,73,in_store,32.28,0,0,0,0.09822397889626096,Persuadable
4268,44,47300.0,2,0.182,294,online,40.13,0,0,0,0.14310919837576797,Highly Persuadable
1095,32,46800.0,0,0.013,414,in_store,35.43,0,1,0,0.06043989701146079,Persuadable
3912,69,42500.0,3,0.197,853,online,19.07,0,1,0,0.05196354903051644,Persuadable
3258,60,48300.0,6,0.146,438,online,23.1,0,0,0,0.03662166332117981,Persuadable
4231,54,61700.0,1,0.163,390,in_store,48.69,0,0,0,0.10827357254618968,Highly Persuadable
706,28,40400.0,0,0.085,71,online,31.15,0,0,0,0.0592049467640943,Persuadable
600,19,25700.0,1,0.081,66,in_store,47.79,25,0,1,-0.03878468757373523,Not Persuadable
2570,46,57900.0,1,0.031,1,in_store,47.01,15,1,1,0.05145425282654402,Persuadable
3989,54,40200.0,4,0.093,874,online,37.73,25,1,1,0.05734637049382296,Persuadable
2835,46,67500.0,0,0.196,277,in_store,46.58,0,0,0,0.044215126333764385,Persuadable
2239,29,65300.0,1,0.112,154,online,49.09,10,0,1,0.01707914055224171,Persuadable
4563,44,45400.0,0,0.03,284,online,42.4,0,1,0,0.025849029844926222,Persuadable
1783,18,15000.0,1,0.0,731,in_store,18.36,0,0,0,-0.00016251084124104496,Not Persuadable
2814,34,51900.0,4,0.275,284,online,53.4,5,1,1,0.1440391730138708,Highly Persuadable
2842,53,18700.0,0,0.01,481,in_store,34.68,0,0,0,0.0073419477806640435,Persuadable
3955,40,53000.0,4,0.126,536,online,26.47,25,1,1,0.11561681638375691,Highly Persuadable
228,63,57400.0,2,0.099,364,in_store,38.29,20,0,1,-0.08906379000624093,Not Persuadable
4416,30,23400.0,3,0.052,224,online,22.29,10,0,1,-0.03628173893425891,Not Persuadable
3135,34,50900.0,3,0.167,427,online,45.31,15,1,1,0.03863195287758032,Persuadable
4678,50,63300.0,5,0.122,93,online,43.88,15,1,1,-0.06460752781741902,Not Persuadable
3495,57,51100.0,2,0.0,358,in_store,39.2,0,0,0,0.015187669555540764,Persuadable
4513,55,80200.0,6,0.204,546,in_store,47.17,15,0,1,-0.01372198477585325,Not Persuadable
241,29,50400.0,2,0.093,1,online,37.86,25,0,1,-0.020522556080031312,Not Persuadable
732,41,46600.0,1,0.0,305,in_store,45.37,0,1,0,-0.08042840078370507,Not Persuadable
30,45,20600.0,1,0.063,474,online,34.72,0,0,0,0.043202279169704386,Persuadable
107,29,51100.0,2,0.135,576,in_store,18.55,20,1,1,0.1443605920150269,Highly Persuadable
4802,47,30200.0,4,0.11,367,in_store,21.32,5,1,1,0.030839135996754655,Persuadable
3881,34,33700.0,1,0.012,407,online,48.8,5,0,1,-0.19614665428861294,Not Persuadable
1845,24,29300.0,0,0.0,286,online,38.54,20,0,1,-0.09435570167256771,Not Persuadable
3472,36,34900.0,2,0.0,12,online,25.83,10,0,1,0.027475607189812765,Persuadable
2374,59,45600.0,2,0.0,110,in_store,35.3,10,1,1,-0.0071390089613285615,Not Persuadable
4858,32,46600.0,1,0.141,8,in_store,33.8,25,1,1,0.15201214105088962,Highly Persuadable
1169,35,40900.0,1,0.095,24,in_store,34.96,0,0,0,0.13329107207215996,Highly Persuadable
2158,30,42200.0,0,0.105,247,online,30.72,0,1,0,0.04154657436945629,Persuadable
2816,34,15000.0,1,0.082,466,in_store,37.42,0,0,0,0.020264729367707845,Persuadable
799,52,42200.0,4,0.097,302,online,38.08,15,1,1,0.0327974602979369,Persuadable
3987,27,26500.0,1,0.192,467,in_store,27.39,0,0,0,0.11199201369029597,Highly Persuadable
66,50,57800.0,4,0.267,208,in_store,42.72,5,1,1,0.0670840409327899,Persuadable
2700,30,48200.0,0,0.015,246,in_store,23.02,25,0,1,0.051236318947248304,Persuadable
1505,37,45700.0,3,0.19,584,in_store,40.44,0,1,0,0.07681293125568839,Persuadable
180,43,37500.0,0,0.102,501,in_store,33.38,0,1,0,-0.075123324625795,Not Persuadable
1422,37,52900.0,3,0.086,168,online,49.81,0,0,0,0.07169873160822814,Persuadable
625,46,42300.0,1,0.192,1,online,31.78,0,0,0,0.21508324930794234,Highly Persuadable
24,38,28300.0,1,0.0,1,online,24.25,0,0,0,0.06421555097868814,Persuadable
2060,27,36700.0,0,0.318,59,in_store,39.11,0,0,0,0.11204386690964316,Highly Persuadable
682,48,79400.0,6,0.102,519,in_store,49.37,20,1,1,-0.03601242506201015,Not Persuadable
1631,25,40000.0,1,0.2,240,online,25.91,0,0,0,0.17834585419657292,Highly Persuadable
1091,33,43800.0,2,0.057,456,in_store,39.96,0,0,0,0.018270508861261952,Persuadable
502,51,19700.0,0,0.0,1,in_store,30.05,0,0,0,0.10306027533255768,Highly Persuadable
4444,28,17800.0,0,0.0,314,online,26.73,0,0,0,-0.020510451374297113,Not Persuadable
229,30,43900.0,0,0.0,491,online,36.17,0,0,0,0.008713860000777725,Persuadable
4138,42,45200.0,1,0.134,238,in_store,44.22,0,1,0,-0.019502053347534718,Not Persuadable
4639,34,24500.0,0,0.189,108,in_store,27.56,0,0,0,0.1827786399859426,Highly Persuadable
3788,41,71400.0,1,0.0,1,in_store,50.7,25,1,1,0.0032193762378141034,Persuadable
2221,41,55900.0,1,0.111,58,in_store,37.86,20,0,1,0.039014729134247375,Persuadable
3711,46,29400.0,1,0.0,603,online,42.17,0,0,0,0.055740302575882125,Persuadable
1413,21,17100.0,1,0.24,1,online,15.43,10,1,1,0.10936100086779084,Highly Persuadable
2684,32,15000.0,0,0.054,478,in_store,24.34,25,1,1,0.01899452201244332,Persuadable
85,26,46300.0,3,0.113,135,in_store,31.82,15,1,1,0.05011090842984529,Persuadable
4455,47,69900.0,3,0.133,606,in_store,54.45,0,0,0,0.21209523999245453,Highly Persuadable
4587,46,65700.0,0,0.032,385,in_store,45.93,25,0,1,-0.1311934031144737,Not Persuadable
4309,44,45400.0,4,0.077,849,in_store,39.32,5,1,1,0.05796294628637412,Persuadable
2379,41,25900.0,1,0.117,322,online,36.5,0,0,0,-0.0479750370005113,Not Persuadable
2697,46,40500.0,6,0.152,759,online,41.42,0,0,0,0.180113955247614,Highly Persuadable
1210,44,38900.0,2,0.166,368,online,37.3,0,0,0,0.12207618004525737,Highly Persuadable
2766,32,39200.0,0,0.15,1,in_store,32.4,0,0,0,0.15777697834877222,Highly Persuadable
334,28,62300.0,0,0.119,42,online,34.51,0,1,0,-0.001502066965326435,Not Persuadable
2093,42,59300.0,0,0.024,136,in_store,40.39,20,1,1,0.07908016381387528,Persuadable
200,38,40700.0,2,0.189,417,online,29.85,0,0,0,0.09237410088015638,Persuadable
2883,49,52600.0,1,0.066,339,in_store,47.14,0,1,0,-0.05377200806276318,Not Persuadable
1433,30,35400.0,2,0.111,687,in_store,24.99,0,0,0,0.13341829944006361,Highly Persuadable
808,25,32700.0,0,0.018,193,in_store,34.89,0,1,0,-0.11483660878646473,Not Persuadable
4195,55,27900.0,4,0.179,643,online,35.02,15,1,1,0.1373115632181952,Highly Persuadable
3436,46,62400.0,6,0.248,361,online,38.66,0,1,0,0.11170235104541748,Highly Persuadable
3574,39,29500.0,4,0.074,915,online,39.9,0,1,0,0.07139910182506105,Persuadable
1030,53,21500.0,1,0.187,364,in_store,40.32,0,1,0,-0.05452538685511357,Not Persuadable
3493,37,50200.0,3,0.112,1,online,49.52,10,0,1,-0.11359359985875464,Not Persuadable
1520,18,33300.0,1,0.086,502,online,27.63,0,0,0,0.04380952333955987,Persuadable
4849,31,23800.0,0,0.052,1,online,24.64,20,1,1,0.13922656097415326,Highly Persuadable
1955,43,44400.0,1,0.125,239,online,44.33,0,1,0,-0.034548134692206314,Not Persuadable
2405,30,80500.0,6,0.098,575,in_store,52.45,15,1,1,-0.014235853731171078,Not Persuadable
4310,18,15000.0,0,0.031,389,in_store,18.16,0,0,0,-0.055787171732705254,Not Persuadable
4131,52,55200.0,3,0.097,1,in_store,43.31,0,0,0,0.05341303187692669,Persuadable
2122,41,48600.0,3,0.239,266,in_store,27.02,0,0,0,0.12139523457328705,Highly Persuadable
80,36,32300.0,2,0.089,868,online,26.67,15,0,1,0.00157935693474855,Persuadable
4293,30,15000.0,1,0.059,541,in_store,29.14,0,0,0,0.027216104786275327,Persuadable
3292,43,71000.0,2,0.052,266,in_store,48.56,30,0,1,0.056139416264008785,Persuadable
3045,42,39000.0,1,0.212,185,online,35.58,10,1,1,0.22780043294287453,Highly Persuadable
4733,67,46000.0,0,0.092,174,in_store,35.07,10,0,1,-0.07093831590872093,Not Persuadable
3167,29,37200.0,1,0.122,242,in_store,31.75,0,0,0,0.036607871011402414,Persuadable
4542,43,38100.0,6,0.225,264,online,27.93,15,1,1,0.19458135725880182,Highly Persuadable
2074,37,44000.0,2,0.096,68,online,30.8,30,1,1,0.11044406149479843,Highly Persuadable
734,38,44600.0,0,0.186,425,in_store,34.92,30,0,1,-0.011790073372584588,Not Persuadable
3952,69,80000.0,6,0.334,504,in_store,36.97,25,0,1,-0.07156702398012883,Not Persuadable
3434,41,43500.0,1,0.121,481,in_store,32.29,15,1,1,0.011339847916104215,Persuadable
2219,32,38500.0,0,0.093,24,in_store,30.42,0,0,0,0.0800742450128556,Persuadable
1742,58,80100.0,3,0.113,733,in_store,47.61,15,1,1,0.04634151662509669,Persuadable
297,44,37100.0,1,0.019,1,in_store,27.33,10,1,1,0.06768496707824526,Persuadable
3560,30,31000.0,2,0.064,498,in_store,40.1,15,0,1,0.019608306377887824,Persuadable
712,48,15000.0,2,0.016,853,in_store,29.51,15,1,1,0.12767127703001194,Highly Persuadable
897,32,48400.0,3,0.187,107,in_store,33.86,30,1,1,0.09108941323533877,Persuadable
3950,40,62700.0,3,0.066,404,online,40.75,0,0,0,0.09098556234681826,Persuadable
374,50,43000.0,4,0.129,564,in_store,43.19,0,1,0,-0.04164491550929482,Not Persuadable
1558,49,48200.0,2,0.109,478,online,40.44,0,0,0,0.09425888684681286,Persuadable
4149,39,45900.0,3,0.022,1,in_store,40.36,10,0,1,0.13959211842663077,Highly Persuadable
1500,26,69000.0,3,0.095,415,in_store,53.53,0,1,0,0.00958961090023908,Persuadable
4618,28,40400.0,2,0.077,252,in_store,19.56,30,1,1,-0.03431659754852889,Not Persuadable
472,35,34700.0,2,0.146,565,in_store,18.13,0,0,0,0.20072459880831892,Highly Persuadable
1035,34,36700.0,3,0.093,363,online,37.56,20,0,1,-0.11504371120521832,Not Persuadable
1515,20,15000.0,0,0.058,1,in_store,19.29,10,0,1,0.0570086806599839,Persuadable
4237,42,59000.0,2,0.123,16,in_store,46.33,10,0,1,-0.035008544152663336,Not Persuadable
1733,37,38300.0,3,0.142,590,online,41.57,20,0,1,0.011237178371959648,Persuadable
1271,58,63600.0,4,0.143,119,in_store,52.71,10,1,1,-0.025350966699985208,Not Persuadable
3935,45,73100.0,8,0.206,511,in_store,65.04,25,1,1,0.016235910026237966,Persuadable
4437,35,28500.0,5,0.17,284,in_store,39.61,0,1,0,0.04582789486778421,Persuadable
4419,44,58900.0,2,0.005,17,online,37.56,0,1,0,0.04911011702186347,Persuadable
2586,52,46900.0,1,0.105,190,online,41.6,0,0,0,0.10645737349532663,Highly Persuadable
3636,25,38300.0,0,0.081,940,online,43.83,0,0,0,0.0020879653181954554,Persuadable
656,44,45600.0,0,0.138,482,online,31.78,25,0,1,-0.04562234554630061,Not Persuadable
1293,35,43500.0,0,0.163,110,in_store,37.86,25,1,1,0.17863124397458324,Highly Persuadable
4752,43,70300.0,1,0.045,475,online,55.76,25,1,1,-0.053445690790943266,Not Persuadable
427,50,42100.0,3,0.179,1,online,47.8,20,0,1,0.05623805864962584,Persuadable
2421,18,33200.0,1,0.164,482,online,39.1,25,1,1,-0.10211881291235357,Not Persuadable
2136,36,80200.0,1,0.063,1,in_store,51.29,0,0,0,0.06296354624301874,Persuadable
1075,29,38900.0,1,0.16,111,online,42.08,0,0,0,0.014015080276167047,Persuadable
4840,45,57300.0,5,0.114,626,in_store,48.9,0,0,0,0.07906007071395207,Persuadable
1323,40,46900.0,1,0.093,432,in_store,41.98,0,1,0,-0.014403340214929802,Not Persuadable
415,37,63700.0,4,0.0,565,online,51.62,25,1,1,0.02843409725163404,Persuadable
2485,39,38800.0,1,0.063,1,online,42.08,20,1,1,0.08027152446689827,Persuadable
2147,29,61800.0,2,0.142,252,in_store,48.71,0,1,0,0.08981322910463958,Persuadable
590,59,43800.0,4,0.139,267,online,34.05,0,1,0,0.030104319573511555,Persuadable
169,38,59200.0,3,0.135,1,online,47.3,0,1,0,-0.026123579242627273,Not Persuadable
3519,40,46800.0,7,0.269,617,in_store,45.98,30,1,1,0.011985300165599849,Persuadable
2241,55,72400.0,5,0.318,309,in_store,47.21,15,1,1,0.12735618963839423,Highly Persuadable
997,49,55100.0,1,0.004,1,online,46.28,20,1,1,-0.009093882920252245,Not Persuadable
3670,42,47300.0,3,0.23,358,in_store,55.94,15,1,1,0.07996425986341935,Persuadable
1865,43,43200.0,1,0.177,1,online,44.15,0,0,0,0.05566994611945766,Persuadable
9,40,33200.0,2,0.094,224,online,21.19,20,1,1,0.10413356236532939,Highly Persuadable
3186,24,16000.0,0,0.0,443,online,16.4,0,1,0,-0.01267637028369833,Not Persuadable
498,36,51400.0,5,0.106,853,online,30.71,0,1,0,0.041817233019267916,Persuadable
4335,47,63300.0,2,0.049,181,in_store,58.37,30,1,1,0.10510923334922588,Highly Persuadable
145,30,15000.0,2,0.129,60,online,11.54,0,0,0,0.04685616642537953,Persuadable
658,42,41800.0,2,0.171,403,in_store,47.8,0,1,0,-0.05500823472364928,Not Persuadable
2026,22,55200.0,2,0.221,584,online,37.58,15,0,1,-0.0216473261908543,Not Persuadable
298,36,42000.0,2,0.061,172,in_store,33.22,0,1,0,0.09958861405202726,Persuadable
3781,45,47900.0,3,0.057,2,in_store,33.08,20,0,1,0.0337706052281197,Persuadable
1254,44,39600.0,1,0.0,124,in_store,23.96,0,0,0,0.07826487116118608,Persuadable
152,28,35800.0,2,0.247,248,online,35.0,0,0,0,0.08099722107379377,Persuadable
1744,24,56400.0,0,0.08,1,online,37.86,30,0,1,0.00014361953146894545,Persuadable
2628,58,32700.0,1,0.048,155,online,46.84,15,1,1,0.03606499110028198,Persuadable
1198,29,46000.0,0,0.082,352,online,28.26,20,0,1,-0.011937629059134027,Not Persuadable
3228,39,24400.0,3,0.026,982,online,14.0,25,0,1,0.04664182766315374,Persuadable
3162,47,74100.0,1,0.078,282,online,54.94,15,1,1,0.08789627704140215,Persuadable
4835,21,25600.0,0,0.134,354,in_store,27.94,30,0,1,-0.07276977320491472,Not Persuadable
3409,46,64700.0,1,0.161,77,online,57.57,10,1,1,0.08871286031033136,Persuadable
1393,33,46300.0,2,0.0,213,online,34.83,0,1,0,0.016756565668975446,Persuadable
3941,41,15000.0,1,0.0,248,online,30.75,0,0,0,0.13448940270278464,Highly Persuadable
1414,55,51200.0,0,0.05,284,online,60.94,20,1,1,0.12296156467502425,Highly Persuadable
1540,58,53200.0,1,0.038,13,in_store,42.61,0,0,0,0.03610413205475275,Persuadable
2588,57,42700.0,8,0.224,972,online,26.17,15,1,1,0.13241018751913058,Highly Persuadable
1706,63,61500.0,1,0.0,1,online,47.53,0,1,0,0.03605590496894076,Persuadable
3833,38,26500.0,1,0.021,330,online,28.9,20,1,1,0.06365996356500202,Persuadable
2999,50,58800.0,2,0.0,603,in_store,42.92,0,0,0,0.0536576075574171,Persuadable
4530,57,36900.0,3,0.112,143,in_store,28.97,20,1,1,0.03903185012034751,Persuadable
4260,36,31800.0,1,0.087,1,online,30.53,0,0,0,0.09892946891996361,Persuadable
3610,40,31100.0,2,0.035,348,in_store,38.12,0,1,0,-0.004558580250736421,Not Persuadable
1445,38,44500.0,3,0.199,218,online,51.26,0,1,0,0.09280100457195882,Persuadable
101,35,28700.0,2,0.127,1,in_store,31.62,0,0,0,0.14662121541252104,Highly Persuadable
2820,50,73300.0,6,0.244,674,online,53.81,15,0,1,0.022521553336660775,Persuadable
1205,32,38900.0,2,0.018,137,in_store,35.03,30,1,1,0.05585113229992011,Persuadable
1324,21,24600.0,3,0.206,1,in_store,26.01,0,0,0,0.15308916539978917,Highly Persuadable
1026,36,50100.0,2,0.0,431,online,50.86,0,0,0,-0.1526717850605884,Not Persuadable
4059,47,48500.0,2,0.182,1,in_store,35.24,0,0,0,0.18629255423339502,Highly Persuadable
1616,46,58300.0,1,0.203,226,in_store,42.44,0,1,0,-0.039076979230383294,Not Persuadable
2388,48,54000.0,3,0.189,201,in_store,55.78,10,1,1,0.03335808738332639,Persuadable
1753,32,27800.0,2,0.16,363,in_store,24.03,0,1,0,0.10908399880452235,Highly Persuadable
4999,41,63000.0,2,0.155,441,online,40.65,15,1,1,0.1202114478374715,Highly Persuadable
1232,27,49300.0,4,0.078,150,online,37.52,0,0,0,0.03949963548449498,Persuadable
4422,49,46800.0,1,0.156,1,in_store,37.61,25,1,1,0.14998804198146473,Highly Persuadable
3012,36,17200.0,1,0.051,338,in_store,27.04,0,0,0,0.04426077182756414,Persuadable
2506,51,42200.0,1,0.077,130,in_store,25.59,10,0,1,-0.022349962136780036,Not Persuadable
4382,44,56300.0,2,0.017,291,in_store,42.77,0,0,0,0.06774745376452225,Persuadable
1211,51,43700.0,5,0.149,955,online,26.04,10,1,1,0.14661873144319748,Highly Persuadable
3945,55,42800.0,3,0.148,1,in_store,51.33,15,0,1,-0.08440890800951895,Not Persuadable
1913,47,60600.0,2,0.11,113,online,41.9,0,1,0,0.0073134397550380275,Persuadable
3527,45,48100.0,3,0.112,673,in_store,43.91,0,0,0,0.07304498092685958,Persuadable
2528,36,48900.0,1,0.031,1,in_store,54.13,0,0,0,-0.007803824512399532,Not Persuadable
2606,29,48900.0,1,0.0,304,in_store,50.06,0,1,0,-0.07697103241400896,Not Persuadable
3984,24,37300.0,1,0.157,321,online,37.92,0,1,0,0.028732246406167748,Persuadable
473,37,50400.0,0,0.065,575,in_store,47.52,0,1,0,-0.13055824259328516,Not Persuadable
2844,49,40400.0,0,0.0,1,in_store,39.45,30,0,1,-0.013944761296792993,Not Persuadable
4215,39,23500.0,4,0.11,498,in_store,21.26,0,0,0,0.13424348786723142,Highly Persuadable
4081,53,43400.0,4,0.177,593,in_store,23.71,20,0,1,-0.007903561025201096,Not Persuadable
3596,70,63800.0,5,0.159,1,in_store,49.13,0,0,0,0.004363946552948279,Persuadable
1256,32,53700.0,3,0.03,673,online,34.04,0,1,0,0.05877746796523632,Persuadable
4773,36,35500.0,0,0.2,337,in_store,35.53,0,1,0,0.06646702768095843,Persuadable
1748,44,58100.0,4,0.057,1064,online,56.86,0,1,0,-0.03279386239568408,Not Persuadable
3917,36,51200.0,0,0.143,32,in_store,38.35,0,0,0,0.10947120693285706,Highly Persuadable
4979,54,54900.0,2,0.055,534,in_store,52.48,15,0,1,-0.11356623706972101,Not Persuadable
3297,45,47800.0,4,0.032,493,in_store,39.48,0,1,0,-0.0005372256435204195,Not Persuadable
3265,34,41700.0,3,0.104,225,online,40.48,10,1,1,0.06589273199333605,Persuadable
249,75,74800.0,3,0.069,158,in_store,53.07,25,0,1,0.010404154580233298,Persuadable
34,30,37600.0,3,0.072,377,online,45.11,20,0,1,-0.13338717648447937,Not Persuadable
2797,47,45400.0,3,0.052,44,online,29.18,0,0,0,0.04753219495427644,Persuadable
3684,35,41500.0,0,0.039,1,in_store,32.15,5,1,1,0.09599079221517019,Persuadable
506,33,26300.0,1,0.049,1,online,27.1,0,0,0,0.1637041347909136,Highly Persuadable
3081,34,30200.0,1,0.0,71,online,14.66,15,1,1,0.04573368749722428,Persuadable
894,40,63200.0,1,0.152,682,in_store,61.82,20,1,1,0.0877694262331908,Persuadable
627,35,47900.0,1,0.144,58,in_store,47.04,0,1,0,0.022991189416198335,Persuadable
3190,24,37200.0,3,0.0,200,online,19.38,5,0,1,-0.07445665785142762,Not Persuadable
1673,42,29000.0,2,0.012,1,in_store,27.83,0,0,0,0.16711620578899827,Highly Persuadable
2518,57,54700.0,2,0.125,224,online,45.24,0,1,0,-0.07798498222351423,Not Persuadable
2723,19,38900.0,1,0.154,278,online,27.99,0,0,0,0.049381430862340495,Persuadable
3040,39,69300.0,4,0.148,1022,online,45.37,15,0,1,0.05337295845702951,Persuadable
1872,33,57900.0,0,0.105,23,online,38.86,0,0,0,0.07692534766935992,Persuadable
2852,57,76000.0,2,0.172,24,online,44.64,20,0,1,0.022341619059281913,Persuadable
970,40,68300.0,2,0.0,258,in_store,54.69,0,1,0,0.05039569816978388,Persuadable
417,53,63700.0,3,0.083,389,in_store,35.33,0,1,0,-0.11216166512318491,Not Persuadable
1361,35,58000.0,0,0.0,242,online,46.55,0,0,0,-0.04092470808076486,Not Persuadable
231,22,45800.0,2,0.072,140,in_store,42.89,20,1,1,0.07899104596502024,Persuadable
4871,26,23800.0,2,0.003,1,online,22.37,0,0,0,0.10325216084652127,Highly Persuadable
3660,40,55700.0,3,0.195,511,in_store,40.44,25,1,1,0.11106963258870345,Highly Persuadable
545,37,42300.0,1,0.005,1,online,32.91,25,0,1,0.09612836485808773,Persuadable
1245,53,77800.0,9,0.274,525,online,51.08,15,0,1,-0.009559837438012028,Not Persuadable
3318,32,15000.0,0,0.032,104,in_store,18.55,5,0,1,0.045528133143546035,Persuadable
995,39,30200.0,2,0.084,546,in_store,20.2,20,1,1,0.1316056670355961,Highly Persuadable
1621,47,48200.0,2,0.128,459,online,52.17,15,0,1,-0.11575800660600892,Not Persuadable
1757,61,53300.0,7,0.241,690,in_store,51.4,0,1,0,0.13813448904038242,Highly Persuadable
4821,34,34600.0,1,0.199,1,online,20.06,0,0,0,0.15061566590887498,Highly Persuadable
1341,30,34700.0,0,0.0,164,in_store,30.88,20,0,1,0.023804737396626485,Persuadable
1819,46,51600.0,4,0.11,461,in_store,54.05,0,1,0,-0.06186842412833853,Not Persuadable
813,43,56100.0,1,0.0,1,online,43.9,20,0,1,0.002046883556409978,Persuadable
3510,28,32200.0,2,0.136,571,online,39.44,0,0,0,0.010762285650423654,Persuadable
3910,22,15000.0,2,0.238,1,in_store,15.11,20,0,1,0.04377456211262315,Persuadable
3009,37,40500.0,2,0.061,658,in_store,36.48,0,1,0,0.05760355409509516,Persuadable
3969,33,45900.0,0,0.068,326,online,39.67,20,1,1,0.1360263461128583,Highly Persuadable
4994,32,50200.0,2,0.188,432,online,45.7,5,1,1,0.0059474268106388456,Persuadable
3621,44,63800.0,4,0.18,289,online,61.52,10,1,1,0.1292740087777849,Highly Persuadable
1085,41,30000.0,4,0.276,252,online,37.26,20,1,1,0.14718287443095676,Highly Persuadable
1104,46,75700.0,2,0.18,316,in_store,40.34,5,1,1,0.08717822563496022,Persuadable
932,45,38500.0,0,0.0,188,online,36.49,15,0,1,-0.02438772618940165,Not Persuadable
3059,32,62600.0,2,0.176,313,in_store,40.81,25,1,1,0.06252469062236077,Persuadable
3879,24,27200.0,3,0.0,306,online,31.97,0,0,0,0.053623733178500964,Persuadable
1145,40,59700.0,2,0.032,57,in_store,59.52,0,0,0,0.05626730464499491,Persuadable
423,33,37800.0,3,0.069,207,in_store,22.99,20,0,1,0.007867079022309494,Persuadable
1437,35,45400.0,1,0.089,355,online,45.82,0,0,0,-0.046941678618594475,Not Persuadable
725,29,40000.0,1,0.053,153,in_store,39.17,0,0,0,0.060211277951153754,Persuadable
1418,52,51700.0,1,0.0,1,online,35.06,20,1,1,0.013854689478186176,Persuadable
3738,59,81000.0,3,0.147,178,online,47.21,0,0,0,0.08652683818095307,Persuadable
3567,49,53600.0,4,0.169,624,online,39.15,15,1,1,0.261081931705356,Highly Persuadable
927,38,42500.0,3,0.141,57,in_store,19.95,5,1,1,0.16168649364525298,Highly Persuadable
2291,45,75500.0,4,0.219,197,in_store,50.73,0,0,0,0.15737022020671806,Highly Persuadable
150,42,27200.0,0,0.0,81,online,47.4,0,1,0,-0.06495333713635715,Not Persuadable
4090,49,28100.0,4,0.102,25,in_store,35.5,0,1,0,0.07045746870738041,Persuadable
3102,34,38800.0,1,0.173,1,online,27.89,25,0,1,0.07615769590830482,Persuadable
4093,31,55200.0,4,0.024,557,in_store,38.02,0,1,0,-0.046413650083781975,Not Persuadable
13,41,24900.0,1,0.138,254,in_store,40.51,10,0,1,-0.023547319360696244,Not Persuadable
469,53,60100.0,1,0.13,494,online,38.66,20,1,1,-0.006855225036845226,Not Persuadable
3264,59,60600.0,5,0.124,383,online,39.76,0,1,0,0.0044470503780602135,Persuadable
3874,25,43100.0,1,0.0,564,online,23.5,0,1,0,-0.00068582924751526,Not Persuadable
1894,18,44100.0,1,0.125,219,online,28.17,0,1,0,-0.05237561954257343,Not Persuadable
3705,46,40600.0,1,0.141,196,in_store,45.85,10,1,1,0.03854522056100681,Persuadable
1438,18,46400.0,1,0.211,171,online,37.5,0,0,0,0.03156283251263666,Persuadable
1860,23,40700.0,2,0.11,198,online,36.12,10,0,1,-0.07865392841339063,Not Persuadable
1841,33,67100.0,2,0.009,1,in_store,54.55,0,0,0,-0.043303559024105674,Not Persuadable
3659,29,47200.0,1,0.128,340,online,36.01,0,1,0,0.002208930519404788,Persuadable
2105,37,40500.0,2,0.16,161,in_store,25.74,0,0,0,0.18599040759816393,Highly Persuadable
3612,31,31500.0,0,0.0,181,online,42.35,10,1,1,-0.020270680396829617,Not Persuadable
812,33,47500.0,1,0.099,384,online,44.67,20,0,1,-0.1239840461664918,Not Persuadable
2664,23,20500.0,1,0.166,393,in_store,30.17,0,0,0,0.06450958125288013,Persuadable
1269,48,49800.0,2,0.178,49,online,35.71,0,1,0,0.13045022370240156,Highly Persuadable
1962,32,65600.0,3,0.125,386,in_store,49.59,0,1,0,-0.08883876574850612,Not Persuadable
3707,38,40800.0,4,0.094,598,online,39.27,0,1,0,-0.055181915912161685,Not Persuadable
2878,34,49000.0,7,0.35,186,online,24.89,5,1,1,0.09185294952823173,Persuadable
4545,47,41900.0,2,0.082,70,in_store,33.96,20,0,1,0.11491180821863338,Highly Persuadable
4264,50,31200.0,0,0.082,158,online,21.01,25,1,1,-0.0626057229370539,Not Persuadable
394,46,37200.0,3,0.0,786,in_store,30.5,0,0,0,0.16557531625499794,Highly Persuadable
2631,41,61500.0,0,0.0,340,online,38.68,5,1,1,0.0713565576608031,Persuadable
585,49,43400.0,2,0.18,62,online,30.83,0,1,0,0.0950385914405467,Persuadable
4965,32,38500.0,0,0.031,372,online,33.97,0,1,0,-0.050390317560016926,Not Persuadable
492,44,15000.0,1,0.104,1,online,7.39,15,0,1,0.029723533302812702,Persuadable
2651,27,15000.0,1,0.0,601,in_store,27.88,0,1,0,-0.009692568012522029,Not Persuadable
3041,55,48800.0,1,0.058,202,in_store,46.61,0,1,0,0.0717319615222192,Persuadable
133,48,51200.0,4,0.16,708,online,51.86,0,0,0,0.11846246815640225,Highly Persuadable
1589,28,27300.0,0,0.0,356,online,29.03,0,0,0,0.10293103223538322,Highly Persuadable
1739,30,45400.0,3,0.0,66,online,21.74,0,1,0,0.029234272731713317,Persuadable
4986,45,62600.0,3,0.06,333,in_store,43.59,25,1,1,0.006843774381219414,Persuadable
1019,36,58600.0,1,0.031,256,in_store,41.03,25,1,1,0.07175160024270169,Persuadable
4379,34,70900.0,1,0.0,56,in_store,40.04,0,1,0,0.004046485628630372,Persuadable
4703,18,38900.0,1,0.163,42,in_store,38.95,20,1,1,-0.017865125213976332,Not Persuadable
2308,40,18200.0,1,0.104,1,online,30.93,25,0,1,0.018322845151926753,Persuadable
288,41,34600.0,0,0.269,111,in_store,33.92,0,1,0,0.10350127376889402,Highly Persuadable
2211,49,47200.0,5,0.015,170,in_store,35.23,10,0,1,0.07921297000341476,Persuadable
3130,44,37900.0,4,0.121,293,in_store,39.46,0,1,0,0.00434685599816946,Persuadable
4576,44,58300.0,2,0.069,30,in_store,41.84,25,0,1,-0.004500916190804663,Not Persuadable
1407,43,41000.0,5,0.269,629,online,30.3,0,1,0,0.05835990863180322,Persuadable
2367,53,47900.0,2,0.116,267,in_store,38.36,25,1,1,0.07402238331775313,Persuadable
2292,54,42400.0,3,0.11,596,in_store,36.25,15,1,1,0.12521642522150264,Highly Persuadable
950,18,78100.0,3,0.092,395,in_store,41.99,0,0,0,0.02708546489671671,Persuadable
3478,37,74000.0,5,0.248,653,in_store,45.46,15,0,1,0.004360282737971623,Persuadable
3887,28,34600.0,1,0.185,216,in_store,44.21,5,0,1,0.024709676424515766,Persuadable
3405,22,35500.0,4,0.148,1,in_store,39.75,0,0,0,-0.046020326342346235,Not Persuadable
2296,51,57200.0,3,0.054,130,in_store,38.29,25,1,1,0.11003607969745278,Highly Persuadable
4224,26,21800.0,1,0.037,1,in_store,33.44,0,0,0,0.19854381978037514,Highly Persuadable
4612,64,72200.0,3,0.056,420,in_store,41.52,20,0,1,-0.0553576531064612,Not Persuadable
4486,32,47800.0,5,0.118,501,online,36.75,20,1,1,-0.011888982744329089,Not Persuadable
4340,37,47900.0,2,0.118,706,in_store,54.87,10,0,1,0.028480722475172148,Persuadable
2222,31,38100.0,0,0.088,368,in_store,49.79,30,0,1,-0.1768819255232267,Not Persuadable
1042,52,52900.0,1,0.0,812,in_store,43.42,10,1,1,0.029296389704066852,Persuadable
3846,18,46500.0,4,0.193,1,online,38.38,10,0,1,0.007260540036823039,Persuadable
4339,40,39300.0,5,0.044,1107,online,31.36,0,0,0,0.12034214946236935,Highly Persuadable
3883,44,33000.0,4,0.086,109,in_store,32.62,15,1,1,0.04027929505843301,Persuadable
2305,44,47500.0,2,0.124,59,in_store,42.78,0,0,0,-0.02010300846666127,Not Persuadable
4403,32,31800.0,1,0.129,1,in_store,9.32,0,1,0,0.11399952883736636,Highly Persuadable
430,45,83200.0,4,0.11,191,in_store,54.96,0,0,0,0.10618126926141862,Highly Persuadable
1045,31,50700.0,2,0.098,483,in_store,46.25,0,1,0,-0.07900431324560217,Not Persuadable
1808,40,34000.0,4,0.136,336,in_store,15.55,0,0,0,0.11711728196843094,Highly Persuadable
4953,39,56600.0,2,0.167,355,online,33.72,5,1,1,0.0962027564740344,Persuadable
3655,47,32400.0,0,0.0,401,online,18.24,20,0,1,0.02410149455652292,Persuadable
830,18,21900.0,0,0.094,334,online,23.73,20,1,1,-0.002625274220851334,Not Persuadable
2978,38,34800.0,4,0.096,109,online,32.85,25,0,1,0.00249375209249074,Persuadable
1719,47,21600.0,2,0.07,104,online,35.82,0,0,0,0.1176496177804936,Highly Persuadable
466,34,48500.0,1,0.195,1,in_store,39.55,0,0,0,0.183973786803912,Highly Persuadable
3961,56,53500.0,2,0.153,479,online,37.86,0,0,0,0.1302354064794628,Highly Persuadable
1372,50,84200.0,2,0.027,475,online,57.06,10,1,1,-0.02729441284200534,Not Persuadable
1457,68,66900.0,3,0.182,564,in_store,44.21,15,1,1,-0.0014149605783912614,Not Persuadable
1188,44,49200.0,2,0.0,171,online,48.07,0,1,0,-0.05836873999154062,Not Persuadable
3163,47,33000.0,3,0.055,104,in_store,47.27,0,0,0,-0.0025196314336455032,Not Persuadable
4646,30,21400.0,0,0.0,58,in_store,38.42,30,1,1,0.0733475344719883,Persuadable
678,45,54600.0,1,0.0,100,online,28.79,25,1,1,0.06667115295449973,Persuadable
487,31,67700.0,3,0.234,209,in_store,51.16,5,1,1,0.17879864843127402,Highly Persuadable
2232,27,52200.0,2,0.06,302,in_store,50.05,0,1,0,-0.041296957206814956,Not Persuadable
1039,50,40300.0,3,0.181,248,online,35.67,10,0,1,0.04130370653450548,Persuadable
764,48,79900.0,3,0.151,179,online,69.47,0,0,0,0.14669791092513373,Highly Persuadable
2956,28,15000.0,0,0.0,187,online,43.38,0,1,0,-0.054624139607086834,Not Persuadable
3656,44,50300.0,2,0.035,388,in_store,48.15,0,1,0,-0.13849144135161423,Not Persuadable
3755,37,56300.0,1,0.056,673,in_store,37.59,0,0,0,0.07629870768051349,Persuadable
3652,43,69500.0,4,0.127,701,online,47.07,25,1,1,0.06951224187627877,Persuadable
766,19,32700.0,1,0.0,154,in_store,26.43,0,0,0,-0.02373099099083433,Not Persuadable
4271,25,33800.0,0,0.082,869,online,28.7,15,0,1,0.04315380812471893,Persuadable
291,37,50500.0,2,0.0,41,online,44.79,0,0,0,-0.047574062469595675,Not Persuadable
2120,49,30600.0,1,0.017,133,in_store,24.56,15,0,1,-0.059673892660876936,Not Persuadable
3540,30,43000.0,0,0.132,134,in_store,35.34,0,0,0,0.014844904501573112,Persuadable
253,61,85700.0,4,0.24,943,in_store,62.35,25,1,1,-0.0018366448462380522,Not Persuadable
3261,41,22800.0,1,0.215,1,in_store,27.67,20,1,1,0.14529347823722097,Highly Persuadable
351,44,39700.0,2,0.1,650,in_store,18.06,0,1,0,0.05909130650235914,Persuadable
3708,47,58900.0,2,0.147,209,online,36.4,0,0,0,0.1322126466827579,Highly Persuadable
3204,53,42200.0,1,0.0,500,in_store,36.94,0,1,0,-0.11068427899226817,Not Persuadable
1740,41,31000.0,1,0.075,278,in_store,17.95,20,0,1,-0.0040554438570198255,Not Persuadable
677,69,41000.0,4,0.021,220,in_store,42.36,0,1,0,0.02635427585561811,Persuadable
91,48,55600.0,2,0.138,39,in_store,55.25,0,1,0,-5.973534441269226e-06,Not Persuadable
3827,50,55500.0,0,0.012,591,in_store,36.4,0,0,0,0.022008951215140623,Persuadable
4881,34,72100.0,0,0.0,105,in_store,47.49,0,0,0,-0.0746064748697505,Not Persuadable
4119,32,38700.0,2,0.122,308,online,35.29,10,0,1,-0.05908878166069542,Not Persuadable
3056,26,37300.0,0,0.045,1,in_store,31.37,0,1,0,0.05376729642850273,Persuadable
27,46,47800.0,6,0.106,525,online,22.85,0,1,0,0.06093874032414183,Persuadable
3717,49,42900.0,2,0.207,206,in_store,24.44,0,0,0,0.19016991682565035,Highly Persuadable
4898,55,55300.0,5,0.118,417,in_store,48.16,5,0,1,-0.10598834856695195,Not Persuadable
722,54,67200.0,4,0.18,59,in_store,39.31,10,0,1,0.0563180391088255,Persuadable
2064,45,45100.0,4,0.105,940,online,36.62,30,1,1,0.10565494054899395,Highly Persuadable
3964,35,18600.0,3,0.111,332,in_store,35.27,0,1,0,0.02944676835064322,Persuadable
2471,34,44100.0,3,0.206,713,in_store,47.25,30,0,1,0.016226394693419882,Persuadable
2318,45,46400.0,3,0.203,422,in_store,39.86,0,1,0,0.06059559580516925,Persuadable
2859,36,39100.0,4,0.18,204,in_store,31.63,15,0,1,0.16635965452303306,Highly Persuadable
878,37,33600.0,3,0.157,96,in_store,34.21,5,0,1,0.047327383511353946,Persuadable
3317,38,51200.0,2,0.154,348,in_store,35.89,0,0,0,0.13714217049019672,Highly Persuadable
3789,61,39700.0,2,0.223,208,in_store,38.78,0,0,0,0.11480885108286636,Highly Persuadable
255,37,55100.0,3,0.098,482,in_store,36.8,15,1,1,0.009488527992566274,Persuadable
4822,32,20000.0,1,0.024,1,online,29.38,20,0,1,0.1012972280486183,Highly Persuadable
4796,29,34700.0,0,0.0,389,in_store,35.35,0,1,0,-0.1119054416216909,Not Persuadable
4249,32,59300.0,1,0.051,341,online,52.07,0,0,0,0.06347182169703425,Persuadable
4321,31,51100.0,2,0.199,310,online,21.14,0,0,0,0.08564260093210162,Persuadable
4734,18,30600.0,0,0.0,31,in_store,34.02,0,1,0,0.011682300831257156,Persuadable
2100,59,64400.0,3,0.134,372,in_store,50.46,25,1,1,0.09338025907156489,Persuadable
4740,39,59200.0,1,0.0,491,online,56.48,15,1,1,0.01322588272797941,Persuadable
3981,44,55100.0,3,0.115,323,in_store,45.44,25,1,1,-0.06017776271879559,Not Persuadable
2535,38,50300.0,4,0.044,475,in_store,35.56,20,0,1,-0.020329986520710774,Not Persuadable
4658,41,58800.0,3,0.133,312,in_store,22.93,20,0,1,0.08181474691276909,Persuadable
316,36,58700.0,2,0.031,265,in_store,38.36,0,0,0,0.14916653807838764,Highly Persuadable
1262,41,53300.0,4,0.199,366,in_store,37.76,0,0,0,0.13441689448076788,Highly Persuadable
842,40,41200.0,3,0.192,850,online,25.42,15,1,1,0.17230729642150952,Highly Persuadable
2744,19,37300.0,2,0.04,358,in_store,37.43,0,0,0,-0.07576530279702025,Not Persuadable
554,64,52700.0,2,0.114,628,in_store,42.64,0,0,0,0.09992006128782308,Persuadable
2023,42,37800.0,1,0.146,524,in_store,39.83,0,1,0,0.02380552214175996,Persuadable
3132,32,36600.0,2,0.179,427,in_store,39.01,0,1,0,-0.014785884183600153,Not Persuadable
70,38,62300.0,4,0.137,328,in_store,50.09,10,1,1,0.10238673915722746,Highly Persuadable
3605,41,63500.0,3,0.0,7,in_store,44.36,15,0,1,-0.0011216653773125224,Not Persuadable
747,62,33500.0,2,0.018,316,online,40.25,25,1,1,-0.01142435949027483,Not Persuadable
2424,35,44900.0,4,0.145,483,in_store,45.8,25,1,1,0.02075905710237166,Persuadable
4457,33,45400.0,2,0.024,289,online,30.39,0,0,0,0.08326589777127688,Persuadable
1703,42,26900.0,3,0.011,409,in_store,27.25,0,0,0,0.08311056173192331,Persuadable
3122,42,60600.0,2,0.115,6,in_store,36.79,15,0,1,0.12674710171895837,Highly Persuadable
4694,31,75300.0,2,0.181,1,in_store,58.82,25,0,1,0.09815609529727709,Persuadable
3354,30,19400.0,0,0.0,1,in_store,28.49,0,0,0,0.17257516077060034,Highly Persuadable
2068,40,15000.0,1,0.086,524,in_store,18.05,30,1,1,0.06373575750646547,Persuadable
3649,56,49800.0,1,0.051,423,in_store,44.3,0,0,0,0.01914028820201156,Persuadable
3996,32,53200.0,7,0.219,581,online,46.05,20,1,1,0.0413625301265943,Persuadable
2154,27,38300.0,1,0.007,249,online,27.93,0,1,0,-0.06171003455657399,Not Persuadable
1840,29,36100.0,0,0.093,98,online,34.61,25,1,1,-0.06581599682739037,Not Persuadable
388,46,45600.0,0,0.0,136,online,35.81,0,1,0,-0.03296663602779653,Not Persuadable
2469,48,53200.0,6,0.076,688,online,34.77,0,0,0,0.07457275821635996,Persuadable
3703,31,39200.0,2,0.126,213,in_store,34.05,20,0,1,0.0028773227036593793,Persuadable
3932,49,30400.0,3,0.0,406,in_store,20.9,25,0,1,0.011304133035933391,Persuadable
3719,45,70000.0,5,0.135,634,in_store,45.49,20,1,1,0.17823259380228823,Highly Persuadable
1371,22,42200.0,1,0.047,1,online,31.13,0,0,0,0.08401575869968876,Persuadable
411,22,44500.0,0,0.154,751,in_store,36.12,0,0,0,0.05738527337359923,Persuadable
1439,25,46700.0,2,0.272,632,in_store,35.76,0,1,0,0.038750562818139926,Persuadable
110,19,39800.0,1,0.076,499,online,34.18,0,1,0,0.032698109853117135,Persuadable
4057,50,82200.0,5,0.158,380,in_store,71.49,15,1,1,0.10434545084727315,Highly Persuadable
1136,55,55600.0,3,0.13,35,online,43.02,20,0,1,-0.06314681394629043,Not Persuadable
2128,34,29200.0,0,0.0,422,in_store,20.98,15,1,1,-0.001424592843010241,Not Persuadable
2610,24,33900.0,2,0.186,305,in_store,36.31,30,1,1,0.02329721611445275,Persuadable
692,37,38000.0,0,0.0,236,online,36.58,0,0,0,0.03117983404542846,Persuadable
1579,18,15000.0,0,0.0,1,online,30.17,0,0,0,0.18368359292563416,Highly Persuadable
2963,44,79000.0,0,0.0,655,online,55.74,20,1,1,0.02427500672541669,Persuadable
4142,80,87900.0,3,0.145,291,in_store,60.49,30,1,1,0.09678105667676178,Persuadable
3706,37,36100.0,1,0.0,492,in_store,42.87,0,1,0,0.014265487656517424,Persuadable
3255,36,39600.0,1,0.111,135,in_store,52.05,0,1,0,-0.12737555723204647,Not Persuadable
4812,35,19400.0,1,0.0,646,in_store,31.16,0,0,0,0.16946490935608363,Highly Persuadable
486,38,55900.0,1,0.0,7,in_store,35.54,0,0,0,0.06301544770157637,Persuadable
556,36,45100.0,0,0.111,314,online,41.61,0,0,0,0.052188185157394096,Persuadable
4632,21,57400.0,5,0.251,459,in_store,40.23,10,1,1,0.06420421461547922,Persuadable
4421,54,42800.0,5,0.146,461,online,43.44,5,0,1,-0.04495016835013832,Not Persuadable
2772,47,42200.0,1,0.104,571,in_store,48.48,30,0,1,-0.0469031414040628,Not Persuadable
2861,22,16300.0,1,0.112,453,online,17.16,15,0,1,-0.007827653319428562,Not Persuadable
1109,56,76200.0,2,0.042,120,online,53.48,0,1,0,-0.03935034678765626,Not Persuadable
3913,34,22000.0,0,0.068,14,online,22.53,10,0,1,0.10455831332805655,Highly Persuadable
2270,35,49000.0,2,0.218,203,online,31.19,0,1,0,0.05769482714678691,Persuadable
3931,27,49600.0,2,0.253,277,online,49.33,25,1,1,0.10159840415913766,Highly Persuadable
178,42,67700.0,4,0.174,604,in_store,43.43,20,0,1,0.09214840122180261,Persuadable
2906,40,56500.0,2,0.047,154,in_store,50.81,0,0,0,0.007911022264676444,Persuadable
916,54,59900.0,0,0.102,1,online,53.69,15,0,1,-0.026819498679183342,Not Persuadable
81,45,45400.0,1,0.081,375,online,36.84,10,0,1,-0.0053761461706455516,Not Persuadable
3269,36,37500.0,2,0.138,1,in_store,36.86,0,0,0,0.14670211122115218,Highly Persuadable
578,55,48800.0,3,0.0,720,online,44.39,25,0,1,0.035222831838942294,Persuadable
2300,36,43700.0,1,0.083,302,in_store,56.04,0,0,0,0.0034657839957399047,Persuadable
3312,48,52800.0,3,0.082,163,in_store,18.31,15,0,1,0.04710726546607176,Persuadable
3795,22,35300.0,2,0.198,701,online,30.1,0,0,0,0.12752028336131138,Highly Persuadable
1392,58,37000.0,1,0.151,214,in_store,27.77,20,0,1,0.004582545414037796,Persuadable
222,43,17800.0,5,0.253,100,online,16.29,0,1,0,0.036567191247237396,Persuadable
94,39,44700.0,2,0.247,300,in_store,39.23,5,1,1,0.08143401632377661,Persuadable
3647,57,55300.0,4,0.127,565,online,55.8,0,0,0,0.06619849785261035,Persuadable
4360,63,53900.0,3,0.063,519,in_store,39.23,0,0,0,-0.05297253145163648,Not Persuadable
843,61,59900.0,1,0.0,360,online,33.47,20,1,1,-0.003908083922082162,Not Persuadable
539,18,38500.0,5,0.243,700,online,40.73,10,1,1,-0.016373925258193416,Not Persuadable
3015,52,41100.0,0,0.041,454,online,42.04,0,1,0,0.009934859098084151,Persuadable
1435,43,52600.0,4,0.137,444,in_store,34.08,20,0,1,0.060424424490398115,Persuadable
1056,58,67700.0,4,0.085,864,online,41.94,0,0,0,0.07208889773530087,Persuadable
3774,47,27900.0,6,0.179,437,in_store,37.1,20,1,1,0.0759193313591563,Persuadable
3687,25,15200.0,1,0.003,538,in_store,39.15,0,0,0,-0.06686463505605314,Not Persuadable
811,38,72400.0,1,0.045,1,in_store,43.06,0,1,0,0.02660416601214768,Persuadable
2216,40,23200.0,2,0.167,251,in_store,43.85,15,1,1,0.09239660150269845,Persuadable
2987,43,46400.0,2,0.029,434,online,34.03,20,1,1,0.07740604050610823,Persuadable
735,43,42500.0,1,0.05,277,online,39.08,0,0,0,0.14939327566562433,Highly Persuadable
4521,27,27700.0,1,0.0,478,online,33.93,0,1,0,0.024167237285056455,Persuadable
1863,57,80500.0,5,0.08,746,online,44.7,20,1,1,0.07413256894301412,Persuadable
4072,38,15000.0,1,0.113,123,online,31.52,25,0,1,-0.004383359221446937,Not Persuadable
531,36,31800.0,2,0.07,159,in_store,41.13,30,0,1,0.08094921192847791,Persuadable
2923,25,22500.0,2,0.0,1,online,36.9,0,0,0,-0.007926739611093954,Not Persuadable
3413,42,35200.0,2,0.079,217,online,35.86,0,0,0,0.019157185352680656,Persuadable
3127,39,63500.0,5,0.237,493,in_store,37.11,20,1,1,0.0753609534572902,Persuadable
3624,53,66700.0,1,0.095,590,in_store,40.56,25,0,1,-0.041122613387206366,Not Persuadable
4141,38,51800.0,2,0.083,448,in_store,28.39,0,1,0,-0.012091391326686287,Not Persuadable
1747,33,35900.0,2,0.0,538,in_store,36.65,0,0,0,0.01974281274909137,Persuadable
684,34,28100.0,0,0.104,1,online,36.29,25,0,1,0.004989212501884026,Persuadable
4568,42,28600.0,0,0.0,36,online,39.89,20,1,1,0.07965770265231617,Persuadable
1130,18,26800.0,1,0.273,442,online,39.92,10,1,1,-0.013222496924172537,Not Persuadable
4275,45,44100.0,2,0.105,232,in_store,45.3,0,0,0,0.011144284186259939,Persuadable
2652,18,15000.0,0,0.0,275,in_store,38.52,0,1,0,-0.059931651823119415,Not Persuadable
801,30,31300.0,0,0.0,1,online,44.21,0,0,0,-0.06743681251861199,Not Persuadable
2118,41,28900.0,3,0.133,552,online,41.15,20,0,1,-0.025501196631672614,Not Persuadable
3381,43,18100.0,5,0.276,248,in_store,15.02,0,0,0,0.0880332969648565,Persuadable
4267,30,15000.0,1,0.0,305,in_store,23.31,0,0,0,-0.06700691818181088,Not Persuadable
220,32,48800.0,6,0.119,640,in_store,28.1,0,0,0,0.12340135101821642,Highly Persuadable
1870,43,63800.0,3,0.072,439,online,39.26,0,0,0,0.029298709023344444,Persuadable
2246,33,47500.0,2,0.132,474,online,47.63,5,0,1,-0.08456578915800554,Not Persuadable
4357,50,47600.0,3,0.056,59,in_store,47.13,0,0,0,0.10635614393024312,Highly Persuadable
4085,52,47900.0,2,0.04,311,in_store,48.04,0,1,0,-0.06247782774809162,Not Persuadable
4695,39,35900.0,1,0.069,560,online,25.8,25,0,1,0.07691458706419646,Persuadable
2678,46,40200.0,1,0.032,1,in_store,35.93,0,1,0,0.04488174070404557,Persuadable
44,43,20400.0,1,0.304,228,online,29.37,20,0,1,0.10173179294181207,Highly Persuadable
2285,46,26200.0,3,0.0,192,online,34.85,20,0,1,0.08225775480120603,Persuadable
211,51,58800.0,1,0.038,436,online,42.43,25,0,1,-0.0206272976731774,Not Persuadable
1618,19,30200.0,4,0.104,311,in_store,41.13,0,1,0,-0.08159607962210602,Not Persuadable
355,53,54400.0,2,0.216,200,online,58.92,10,0,1,0.05923963753393016,Persuadable
3810,45,56200.0,2,0.05,225,in_store,38.89,0,0,0,0.13025255504849947,Highly Persuadable
2314,41,48800.0,1,0.0,480,in_store,41.38,10,0,1,-0.035702063247207275,Not Persuadable
4564,37,43400.0,1,0.036,1,in_store,46.37,0,0,0,0.016120310214693373,Persuadable
562,44,85500.0,2,0.08,642,online,52.43,15,1,1,0.035182683648255095,Persuadable
368,30,65600.0,0,0.0,1,online,37.4,20,1,1,-0.0006732106356645217,Not Persuadable
587,26,27100.0,2,0.0,1,in_store,34.46,5,0,1,0.08840737152889377,Persuadable
3735,41,42300.0,2,0.063,166,online,46.58,20,1,1,0.1253237320936853,Highly Persuadable
2846,27,51200.0,2,0.074,1,online,51.07,0,0,0,-0.05644492978449021,Not Persuadable
136,28,32200.0,0,0.089,875,online,23.12,25,1,1,0.06640277580246672,Persuadable
804,45,65700.0,4,0.295,238,in_store,37.81,10,1,1,0.014029895292567464,Persuadable
48,43,31800.0,1,0.101,593,online,47.38,30,1,1,-0.034601030279717226,Not Persuadable
3159,23,34000.0,1,0.058,642,in_store,31.51,25,1,1,0.1876953633284878,Highly Persuadable
2322,55,39000.0,0,0.187,600,online,28.21,5,0,1,-0.0040349118983391405,Not Persuadable
4857,22,15000.0,0,0.069,242,online,51.17,15,1,1,-0.004197866954924858,Not Persuadable
4684,33,57700.0,0,0.073,1,in_store,49.24,5,1,1,0.05627903168404373,Persuadable
4976,33,29100.0,3,0.142,344,in_store,40.27,0,1,0,-0.0032236252465585634,Not Persuadable
1935,24,55800.0,2,0.08,122,in_store,39.04,10,1,1,0.0927308504254709,Persuadable
62,36,54600.0,1,0.077,599,online,54.92,25,1,1,-0.014363419590164078,Not Persuadable
1768,50,51700.0,3,0.006,262,online,31.85,5,0,1,-0.00010811447855804159,Not Persuadable
634,18,44100.0,3,0.026,256,in_store,36.4,0,0,0,0.019082139349839742,Persuadable
96,23,29700.0,1,0.0,242,online,28.53,0,1,0,-0.035748650219651436,Not Persuadable
479,40,58700.0,3,0.013,455,online,49.9,10,1,1,0.02563641625840725,Persuadable
1724,63,40500.0,0,0.169,1,in_store,28.61,15,0,1,0.04397632472779728,Persuadable
4823,58,45300.0,3,0.025,329,online,32.87,0,1,0,0.007390031413330891,Persuadable
4603,39,57200.0,4,0.221,98,online,46.39,0,0,0,0.052244867516703826,Persuadable
1118,36,25700.0,2,0.058,329,in_store,29.18,25,1,1,0.11217785745058666,Highly Persuadable
2777,47,88600.0,3,0.131,673,in_store,49.01,5,1,1,0.10154831550536758,Highly Persuadable
4222,47,49800.0,4,0.0,539,in_store,48.34,25,0,1,-0.13807797088384582,Not Persuadable
323,54,45400.0,1,0.035,554,online,46.47,0,0,0,-0.026767763363103516,Not Persuadable
1294,18,21600.0,0,0.0,613,online,30.92,0,0,0,0.04400147748692574,Persuadable
2230,43,61300.0,2,0.0,390,online,51.93,0,1,0,-0.04727620796475709,Not Persuadable
1659,49,67800.0,4,0.204,357,online,55.28,0,0,0,0.0559767913553096,Persuadable
1570,21,15000.0,1,0.004,1,online,24.33,0,0,0,0.07845104963302618,Persuadable
2441,41,33200.0,0,0.179,1,online,31.78,0,1,0,0.05494878210005063,Persuadable
2496,67,86900.0,2,0.104,134,in_store,47.16,30,0,1,-0.01929195629468421,Not Persuadable
3679,32,19500.0,0,0.154,1,in_store,5.96,10,1,1,0.20181960920748448,Highly Persuadable
2961,25,15000.0,0,0.0,362,online,34.57,0,0,0,0.07091071043223274,Persuadable
292,42,33300.0,4,0.237,681,in_store,23.25,0,1,0,0.13173177923427484,Highly Persuadable
1002,31,38300.0,1,0.0,293,online,30.22,0,1,0,0.04371595991437312,Persuadable
2095,41,51100.0,2,0.048,277,online,39.28,20,1,1,0.17681726225080543,Highly Persuadable
534,45,51400.0,6,0.243,432,online,29.55,20,1,1,0.07158731907224351,Persuadable
4517,50,61900.0,5,0.209,222,online,53.69,20,0,1,-0.0004710414012125512,Not Persuadable
1096,55,71200.0,3,0.125,817,online,55.63,30,0,1,0.07953411158227015,Persuadable
3793,36,57800.0,1,0.16,1,online,25.74,0,1,0,0.03828733526439098,Persuadable
2012,61,51000.0,3,0.117,218,in_store,50.62,0,1,0,-0.0064856249342053664,Not Persuadable
4598,44,41600.0,2,0.22,429,in_store,30.95,30,1,1,0.14082246654604524,Highly Persuadable
1559,50,45600.0,0,0.102,1,online,33.41,0,1,0,-0.05452930241782677,Not Persuadable
1171,26,55500.0,3,0.0,477,in_store,49.44,5,0,1,-0.11532014276618231,Not Persuadable
4037,66,42000.0,4,0.235,376,online,41.03,5,0,1,0.0105500460328612,Persuadable
2418,32,28500.0,1,0.142,360,online,41.85,0,0,0,-0.034791696963358085,Not Persuadable
4064,32,55600.0,2,0.0,549,in_store,46.71,20,0,1,-0.1327693710649088,Not Persuadable
4722,29,25400.0,1,0.159,249,online,25.59,20,0,1,0.14704436314093533,Highly Persuadable
3796,38,64700.0,2,0.096,2,online,33.02,25,0,1,0.07556071431551153,Persuadable
2084,42,59900.0,1,0.048,630,in_store,46.79,0,0,0,0.027070298117928132,Persuadable
4622,39,47900.0,2,0.197,561,in_store,35.06,10,0,1,-0.03197321343854314,Not Persuadable
1011,25,15000.0,1,0.019,1,online,19.22,0,0,0,0.0021410147380516113,Persuadable
4779,39,20100.0,4,0.103,162,in_store,28.82,5,1,1,0.020460096383264646,Persuadable
752,36,47500.0,2,0.123,303,online,30.45,0,0,0,0.10418139097680801,Highly Persuadable
3937,54,30600.0,1,0.017,329,in_store,27.75,0,1,0,-0.08959832936122597,Not Persuadable
4730,36,77600.0,2,0.033,259,in_store,63.85,25,1,1,0.013386930642287988,Persuadable
4536,44,72300.0,2,0.032,435,online,49.15,10,1,1,-0.023562295772739744,Not Persuadable
4931,48,27900.0,0,0.031,34,online,33.36,0,0,0,0.12380376865765105,Highly Persuadable
1426,29,60000.0,2,0.127,289,in_store,59.59,20,1,1,0.17178387738086334,Highly Persuadable
1877,49,38600.0,4,0.084,464,online,40.83,0,0,0,0.0156683682240606,Persuadable
1546,37,42700.0,2,0.075,382,in_store,27.23,0,1,0,-0.08397771385320123,Not Persuadable
4889,38,28300.0,2,0.142,390,in_store,28.9,0,1,0,0.038721755402341636,Persuadable
3236,47,45900.0,2,0.009,101,in_store,31.82,0,1,0,-0.012847140776504003,Not Persuadable
4163,46,68100.0,3,0.0,125,in_store,56.96,0,0,0,0.004867816485947505,Persuadable
1193,37,23400.0,0,0.119,1,in_store,20.18,15,0,1,0.09228493429528746,Persuadable
2253,48,36500.0,2,0.046,1,online,40.14,30,0,1,0.043789902641802866,Persuadable
2860,29,53100.0,1,0.033,325,in_store,34.81,20,1,1,0.09463670679802419,Persuadable
3455,58,53800.0,4,0.234,662,in_store,40.21,0,1,0,0.15274973885770005,Highly Persuadable
1895,37,45400.0,2,0.076,157,online,44.62,0,0,0,0.03925475958561586,Persuadable
671,49,43400.0,2,0.191,1,online,38.89,10,0,1,0.138854912628155,Highly Persuadable
829,55,50000.0,4,0.124,685,online,44.05,10,0,1,0.01524113738057501,Persuadable
2145,31,35900.0,1,0.251,782,online,31.8,5,1,1,0.12581554608064843,Highly Persuadable
1700,42,61000.0,2,0.0,1,online,46.2,0,1,0,-0.06596150678015256,Not Persuadable
908,25,21900.0,1,0.182,105,in_store,26.42,0,1,0,0.09231131103613861,Persuadable
2175,44,71400.0,2,0.147,340,in_store,43.54,5,0,1,0.14442934663395363,Highly Persuadable
71,25,27700.0,1,0.162,420,online,17.85,25,1,1,0.10135174863229247,Highly Persuadable
912,45,52000.0,3,0.192,398,online,33.08,0,1,0,-0.06735253995648728,Not Persuadable
3866,27,35900.0,1,0.261,477,in_store,38.46,0,0,0,-0.002510028718823625,Not Persuadable
2621,32,51000.0,3,0.084,619,in_store,18.03,20,0,1,0.018307156692602636,Persuadable
3253,23,25600.0,0,0.048,198,in_store,35.71,0,1,0,-0.031189396048580155,Not Persuadable
4225,32,36300.0,2,0.142,300,in_store,19.41,0,0,0,0.19195400425138975,Highly Persuadable
2754,41,45900.0,0,0.0,288,in_store,39.79,0,0,0,0.03358257766725996,Persuadable
839,62,60300.0,3,0.12,710,in_store,44.15,0,1,0,0.01691242612375396,Persuadable
1613,39,43800.0,3,0.168,269,online,28.25,0,1,0,0.04194694711067441,Persuadable
1150,52,73100.0,5,0.107,843,online,44.17,0,1,0,0.034776081367156916,Persuadable
3535,46,51100.0,3,0.0,120,in_store,42.92,0,1,0,0.0012068899046351798,Persuadable
1076,43,15000.0,3,0.028,314,in_store,33.73,0,0,0,0.06680692048756404,Persuadable
2452,35,25300.0,1,0.104,245,online,28.11,0,0,0,0.06109657276390871,Persuadable
2795,53,72100.0,3,0.021,606,in_store,41.42,25,1,1,0.09073732646428785,Persuadable
2821,22,33100.0,2,0.163,179,in_store,36.22,0,1,0,-0.020538929469475154,Not Persuadable
2022,31,57300.0,0,0.099,1,in_store,32.57,25,0,1,0.015443316570233042,Persuadable
3769,51,45500.0,2,0.0,14,in_store,40.02,10,1,1,0.07090700352305854,Persuadable
1306,18,61500.0,0,0.076,1,in_store,28.08,0,0,0,0.017141633517410066,Persuadable
3672,46,50800.0,0,0.045,105,in_store,36.02,0,1,0,0.07231326901709509,Persuadable
1889,21,31600.0,2,0.012,272,online,32.38,0,0,0,0.08045877716813603,Persuadable
3251,54,45200.0,1,0.046,163,in_store,46.8,0,0,0,0.14776690292746494,Highly Persuadable
2373,39,24000.0,0,0.0,1,online,22.02,10,1,1,0.09060884076302843,Persuadable
2909,26,18700.0,0,0.0,1,in_store,32.26,0,0,0,0.20275603712703943,Highly Persuadable
3797,20,49600.0,1,0.127,313,online,34.91,0,0,0,0.03939830312270258,Persuadable
1633,42,40000.0,1,0.096,326,online,42.93,20,0,1,-0.022245201105889737,Not Persuadable
2243,23,39800.0,1,0.083,311,in_store,41.23,5,1,1,0.07573467971472043,Persuadable
4853,64,53700.0,1,0.094,382,in_store,32.77,0,1,0,-0.16822328699247333,Not Persuadable
3918,32,47900.0,3,0.198,474,online,27.79,0,0,0,0.0611121287841869,Persuadable
3543,38,40100.0,0,0.0,355,online,39.71,0,1,0,0.049297406934314295,Persuadable
3581,48,23900.0,3,0.095,223,in_store,31.65,20,0,1,0.043554694549517846,Persuadable
4928,44,67400.0,4,0.083,375,online,49.35,25,1,1,-0.005700597775169446,Not Persuadable
4890,54,44000.0,3,0.095,308,in_store,23.81,15,0,1,-0.012295120513626084,Not Persuadable
643,65,73300.0,7,0.091,119,in_store,54.82,25,1,1,0.006888038143992487,Persuadable
2975,41,69800.0,3,0.0,219,in_store,52.0,0,0,0,0.08892366006828482,Persuadable
3615,18,31400.0,1,0.233,21,in_store,52.6,0,1,0,0.034948743108756834,Persuadable
3811,43,39700.0,3,0.164,24,in_store,44.01,20,0,1,0.004479267363140523,Persuadable
234,54,85900.0,6,0.146,551,in_store,53.73,20,1,1,0.09788352995641292,Persuadable
4577,29,47300.0,3,0.01,323,in_store,39.98,10,1,1,0.05234084027804031,Persuadable
1610,35,32500.0,1,0.012,468,in_store,40.33,0,0,0,0.11177350821194651,Highly Persuadable
416,42,22200.0,1,0.216,186,in_store,37.51,5,0,1,0.1113513074518052,Highly Persuadable
2472,35,47500.0,2,0.0,373,online,23.87,0,0,0,0.05729396635121803,Persuadable
654,27,45300.0,1,0.095,253,in_store,38.32,15,1,1,0.038010883956334694,Persuadable
3623,29,34900.0,2,0.118,1,online,21.8,0,1,0,0.07949955995916101,Persuadable
1601,39,58000.0,4,0.151,407,online,33.8,0,1,0,0.07852113722788717,Persuadable
18,28,29300.0,0,0.161,314,in_store,29.58,0,0,0,0.1290017006787464,Highly Persuadable
1861,48,50800.0,3,0.165,314,in_store,38.86,0,0,0,0.09975935014886078,Persuadable
2461,25,40200.0,0,0.04,1,in_store,36.96,0,1,0,-0.047052450621665534,Not Persuadable
2390,39,43300.0,2,0.085,1,in_store,25.07,0,0,0,0.006186415245713335,Persuadable
597,34,38400.0,3,0.124,389,in_store,36.08,0,0,0,-0.11723820494380106,Not Persuadable
4872,42,50300.0,2,0.0,1,online,43.23,0,0,0,-0.022707623058851073,Not Persuadable
2168,19,33200.0,1,0.146,224,in_store,27.8,10,0,1,-0.07720122947441742,Not Persuadable
2858,42,47000.0,2,0.145,263,online,26.05,0,0,0,0.15658867536096438,Highly Persuadable
4760,33,48200.0,0,0.0,927,online,29.15,20,0,1,0.03614939830532178,Persuadable
1816,34,41900.0,1,0.09,308,online,30.14,0,0,0,0.06377239734015959,Persuadable
4936,32,42500.0,5,0.007,60,online,37.35,20,1,1,0.00800281379693884,Persuadable
372,56,61200.0,3,0.129,170,in_store,45.78,20,1,1,-0.017041079042584343,Not Persuadable
3039,30,42600.0,2,0.09,290,online,29.69,15,0,1,-0.029897591357750213,Not Persuadable
599,43,51800.0,3,0.007,327,in_store,45.11,0,1,0,0.020881406498371342,Persuadable
239,27,25300.0,1,0.189,425,in_store,46.24,10,0,1,-0.042921324358603456,Not Persuadable
3616,50,47500.0,3,0.128,436,in_store,47.48,30,0,1,-0.132599756885227,Not Persuadable
1814,40,29300.0,1,0.202,229,online,29.84,0,0,0,0.2011163317164726,Highly Persuadable
1944,18,35400.0,1,0.182,668,in_store,39.09,5,0,1,0.048273955043643374,Persuadable
1718,34,44900.0,1,0.222,139,online,52.59,0,0,0,0.11275427936377737,Highly Persuadable
4838,28,31300.0,5,0.139,361,online,33.86,0,1,0,-0.027807364793311504,Not Persuadable
2139,44,97600.0,1,0.042,1,online,64.58,15,1,1,0.05931168586738934,Persuadable
2560,58,63900.0,3,0.065,732,online,47.72,0,0,0,0.05189442883003616,Persuadable
3481,34,37800.0,2,0.009,349,in_store,29.58,0,0,0,0.12390420648358072,Highly Persuadable
3694,24,27500.0,1,0.042,1,in_store,24.14,25,1,1,0.1299764420480172,Highly Persuadable
2765,33,61800.0,6,0.19,24,in_store,58.32,15,0,1,0.1103595722812533,Highly Persuadable
2477,18,15000.0,0,0.005,594,in_store,28.88,0,1,0,0.005370896660460381,Persuadable
2553,35,43900.0,2,0.12,310,in_store,28.34,30,1,1,-0.031066045458310806,Not Persuadable
788,38,30300.0,1,0.101,36,in_store,27.63,10,1,1,0.11905184039919035,Highly Persuadable
1544,39,60500.0,4,0.146,237,online,36.35,0,0,0,0.15397097940052418,Highly Persuadable
3741,21,38600.0,3,0.138,786,in_store,29.66,0,1,0,0.1258522193900457,Highly Persuadable
4263,34,62400.0,1,0.0,1,online,25.93,0,1,0,-0.0003164132833463106,Not Persuadable
3726,57,67800.0,2,0.172,228,in_store,50.36,20,0,1,0.025582756313848393,Persuadable
2245,46,32800.0,1,0.107,572,online,28.69,20,1,1,-0.0750738926934839,Not Persuadable
4488,27,21900.0,2,0.0,297,online,29.75,15,1,1,0.1592365480005318,Highly Persuadable
4221,59,52600.0,4,0.145,409,online,57.56,10,1,1,0.06862110622459053,Persuadable
3049,51,69600.0,1,0.142,325,online,46.24,20,1,1,0.17782123578940134,Highly Persuadable
1434,20,54500.0,1,0.089,47,online,35.22,10,1,1,0.07809113465362266,Persuadable
622,40,48200.0,2,0.143,314,in_store,37.12,0,1,0,0.11692899682593613,Highly Persuadable
2313,56,56900.0,2,0.0,756,in_store,38.77,0,1,0,-0.018833477045219853,Not Persuadable
3648,35,50200.0,1,0.174,694,online,46.76,0,1,0,-0.08268980279202351,Not Persuadable
567,38,64100.0,1,0.22,45,in_store,39.02,0,0,0,0.12230279752366399,Highly Persuadable
1486,30,30000.0,2,0.156,251,online,36.01,0,1,0,0.08824770448955807,Persuadable
3753,38,73600.0,2,0.09,1,online,50.63,5,1,1,0.10397076688161762,Highly Persuadable
3586,64,80600.0,4,0.175,362,online,53.6,10,0,1,0.11833968956783572,Highly Persuadable
52,48,53200.0,3,0.159,232,in_store,48.04,0,1,0,0.018006043594489245,Persuadable
2143,72,54100.0,5,0.173,243,online,43.52,0,1,0,-0.05428241385726365,Not Persuadable
3047,46,15000.0,3,0.0,5,online,30.69,0,1,0,0.08126577147777492,Persuadable
3120,25,46200.0,0,0.013,659,in_store,43.08,0,0,0,0.026578553530950875,Persuadable
4375,51,66300.0,6,0.171,251,in_store,57.83,0,1,0,0.05772365251345099,Persuadable
535,21,37500.0,5,0.122,143,online,40.17,15,1,1,0.026916987487916887,Persuadable
3200,35,42700.0,0,0.116,491,in_store,40.74,25,1,1,0.03157704963974003,Persuadable
3103,49,33600.0,4,0.083,174,in_store,16.56,0,1,0,-0.022001620544827218,Not Persuadable
444,56,55800.0,5,0.098,636,online,38.74,30,1,1,-0.016392064687826082,Not Persuadable
2690,18,18200.0,0,0.153,531,online,36.08,0,0,0,0.01097753583333582,Persuadable
196,29,51800.0,0,0.121,912,in_store,42.51,5,0,1,0.0024360127385134856,Persuadable
3484,56,73700.0,4,0.09,300,in_store,37.85,0,1,0,-0.04547735802867796,Not Persuadable
777,27,38100.0,0,0.105,85,online,42.08,25,1,1,0.04738803311801456,Persuadable
2227,42,27900.0,2,0.116,335,online,47.46,5,0,1,-0.14718139005610595,Not Persuadable
2823,48,53300.0,4,0.251,530,in_store,29.48,0,0,0,0.12678437590181957,Highly Persuadable
3018,53,71700.0,2,0.111,630,in_store,62.1,30,1,1,0.077366405054691,Persuadable
3063,70,85600.0,4,0.127,605,in_store,49.29,20,1,1,0.10813863501886663,Highly Persuadable
2981,39,28700.0,2,0.098,25,in_store,33.03,15,1,1,0.11075979660770324,Highly Persuadable
2576,45,46000.0,4,0.179,597,online,32.25,25,1,1,0.0856726919565027,Persuadable
2938,57,62500.0,2,0.051,280,in_store,61.01,30,1,1,0.15789336328982265,Highly Persuadable
645,36,59500.0,1,0.116,509,in_store,39.69,0,1,0,0.01392577963780772,Persuadable
806,53,48800.0,4,0.143,1,in_store,48.26,0,0,0,-0.04811422376491451,Not Persuadable
3538,36,73000.0,4,0.195,41,online,59.27,15,1,1,0.15333645616749453,Highly Persuadable
1352,47,38000.0,1,0.034,303,in_store,37.43,0,0,0,-0.01671363933707567,Not Persuadable
4866,41,47900.0,2,0.213,696,in_store,52.58,30,0,1,0.03369693746769945,Persuadable
121,28,39600.0,4,0.294,469,online,42.61,0,1,0,-0.07879903646018162,Not Persuadable
2489,57,54100.0,5,0.194,606,online,45.62,0,1,0,0.09306500538371261,Persuadable
4808,33,53900.0,2,0.149,558,in_store,25.64,0,0,0,0.17223266956667632,Highly Persuadable
4899,44,71100.0,2,0.09,155,in_store,49.95,30,1,1,0.060314422368199394,Persuadable
2465,32,41600.0,1,0.081,274,in_store,38.71,25,1,1,0.07048961753570418,Persuadable
3183,31,45400.0,0,0.0,1,in_store,26.88,0,0,0,0.03107715252925399,Persuadable
135,22,24700.0,0,0.0,1,in_store,35.47,10,0,1,0.020192460295219414,Persuadable
2804,28,16300.0,1,0.0,281,in_store,16.43,0,0,0,-0.06356167130104028,Not Persuadable
3639,43,51300.0,4,0.157,703,in_store,54.62,30,1,1,0.13608498542062225,Highly Persuadable
2299,34,41900.0,3,0.134,828,online,31.7,0,0,0,0.1312791523758936,Highly Persuadable
185,45,32700.0,1,0.064,1,in_store,35.07,10,1,1,0.03885705674305436,Persuadable
1336,62,33300.0,3,0.1,32,online,22.32,0,1,0,-0.08231079735475433,Not Persuadable
1667,43,41200.0,2,0.059,139,in_store,44.27,15,0,1,0.104562077657432,Highly Persuadable
512,36,42800.0,4,0.133,636,in_store,30.78,0,0,0,0.14982895195061519,Highly Persuadable
1322,33,36700.0,0,0.0,470,online,27.83,0,0,0,0.04240536728564328,Persuadable
4073,38,51400.0,0,0.178,1,online,32.14,10,1,1,0.0505761724843076,Persuadable
3759,45,43700.0,3,0.177,677,in_store,38.63,0,0,0,0.16004148884826705,Highly Persuadable
4229,32,22600.0,1,0.0,1,in_store,22.46,20,1,1,0.06631936593326324,Persuadable
3733,74,73400.0,3,0.056,407,online,38.12,20,1,1,-0.08470444596973906,Not Persuadable
3680,41,49400.0,4,0.244,369,in_store,46.31,0,1,0,-0.015111172878086738,Not Persuadable
743,28,45800.0,3,0.145,1,online,45.42,20,0,1,-0.011280313057105126,Not Persuadable
252,44,69600.0,3,0.112,349,online,53.46,20,1,1,0.11157387926292912,Highly Persuadable
1174,28,19000.0,1,0.137,494,in_store,21.97,0,1,0,0.13107045862446454,Highly Persuadable
3960,30,19100.0,1,0.192,570,online,42.78,0,0,0,0.08580682558234017,Persuadable
3903,22,15000.0,0,0.0,199,in_store,35.3,0,0,0,0.03454743962313992,Persuadable
2171,30,36300.0,2,0.1,549,online,39.89,10,1,1,-0.04433350422563609,Not Persuadable
123,43,42600.0,1,0.0,222,online,45.97,20,0,1,-0.03803575733582181,Not Persuadable
2355,26,38600.0,3,0.071,810,in_store,45.69,20,1,1,0.02842602779892972,Persuadable
1670,32,26100.0,2,0.081,577,online,33.81,0,1,0,0.11115404544017511,Highly Persuadable
1478,23,15000.0,1,0.186,288,in_store,18.94,25,0,1,0.013185296463382432,Persuadable
568,32,21600.0,3,0.14,516,in_store,30.5,0,0,0,0.17392627079856432,Highly Persuadable
3668,27,44100.0,2,0.0,353,in_store,37.41,20,0,1,0.019124715694840328,Persuadable
3201,33,46000.0,1,0.021,469,in_store,39.9,0,0,0,0.06506201465969642,Persuadable
1676,21,22500.0,2,0.182,651,online,18.35,20,1,1,0.17122729954621088,Highly Persuadable
1804,35,51100.0,2,0.031,401,in_store,31.03,30,1,1,0.03945684242717191,Persuadable
882,51,47700.0,5,0.075,206,in_store,32.51,25,1,1,0.04739874581881301,Persuadable
1216,23,29200.0,1,0.087,318,in_store,46.35,0,1,0,-0.06508916769619509,Not Persuadable
3775,53,29300.0,2,0.081,33,in_store,22.23,0,0,0,-0.07469650089793027,Not Persuadable
2629,30,35600.0,1,0.069,1,in_store,27.73,0,1,0,-0.01889663821510353,Not Persuadable
4426,49,82000.0,4,0.258,700,online,38.85,20,1,1,0.1263649435070308,Highly Persuadable
721,39,45400.0,4,0.188,1,online,34.44,30,0,1,0.0921133053904517,Persuadable
2726,36,66900.0,0,0.035,566,in_store,36.93,0,1,0,-0.03522183125877393,Not Persuadable
3892,23,44300.0,1,0.009,513,online,31.04,15,0,1,0.05894105605204441,Persuadable
2466,31,45800.0,2,0.198,1,online,37.69,20,0,1,0.10184003493902812,Highly Persuadable
3211,40,45400.0,1,0.119,149,in_store,46.0,0,0,0,-0.016590547810707637,Not Persuadable
603,55,65400.0,5,0.167,225,in_store,35.21,10,0,1,0.027395896211092806,Persuadable
4199,18,62500.0,1,0.062,242,in_store,45.25,10,1,1,0.023289783753848284,Persuadable
1898,45,30800.0,1,0.0,1,online,32.33,20,1,1,0.1375167618851027,Highly Persuadable
3946,39,71000.0,2,0.096,347,online,52.26,10,1,1,0.06556877371527399,Persuadable
3853,24,16400.0,2,0.146,286,online,25.24,0,0,0,0.04476159432072529,Persuadable
319,52,24800.0,1,0.09,645,in_store,31.21,10,1,1,0.09611265990424424,Persuadable
3098,32,31800.0,2,0.0,294,in_store,37.35,0,0,0,-0.04238022522645081,Not Persuadable
4904,42,52200.0,5,0.26,17,online,54.37,10,1,1,0.13795731101893402,Highly Persuadable
275,59,48800.0,0,0.029,1,in_store,35.32,0,0,0,0.06596105733292339,Persuadable
1874,26,33600.0,2,0.158,329,in_store,37.54,0,1,0,-0.03193323878792364,Not Persuadable
550,48,35900.0,3,0.143,500,online,24.63,15,1,1,0.16606974583860507,Highly Persuadable
4992,39,17100.0,1,0.208,316,online,29.54,0,1,0,0.12089426776886747,Highly Persuadable
4674,42,90300.0,7,0.162,680,in_store,61.36,0,1,0,0.07792746502307725,Persuadable
4903,40,61500.0,3,0.074,419,in_store,47.74,0,0,0,0.0007711993835192068,Persuadable
2950,54,74400.0,4,0.264,99,in_store,42.55,25,0,1,0.08228407696769806,Persuadable
606,46,30700.0,3,0.141,524,in_store,39.56,0,1,0,-0.015987815603408187,Not Persuadable
4039,32,24900.0,1,0.089,112,online,31.79,0,0,0,0.16612155392806024,Highly Persuadable
528,42,50100.0,1,0.179,495,in_store,31.43,0,0,0,0.04505580212225703,Persuadable
4065,42,36800.0,3,0.101,143,online,34.71,20,0,1,-0.004457704246964963,Not Persuadable
4285,35,63100.0,4,0.056,403,in_store,52.08,20,0,1,-0.06355007323373252,Not Persuadable
4913,44,51900.0,1,0.0,1,online,27.37,0,1,0,0.04620848700621549,Persuadable
3791,34,17700.0,0,0.0,40,online,32.26,0,1,0,0.13406583627994165,Highly Persuadable
4837,18,20200.0,0,0.07,1,online,29.63,0,1,0,0.039719253627988976,Persuadable
1832,41,49200.0,1,0.073,351,in_store,32.04,20,0,1,0.04637557212981198,Persuadable
299,19,40000.0,2,0.14,146,in_store,21.09,0,0,0,0.07925985332089155,Persuadable
2806,41,59000.0,3,0.124,520,in_store,32.62,0,1,0,0.07575713308194022,Persuadable
4256,52,34900.0,3,0.118,1,online,31.89,0,0,0,0.04640169525606954,Persuadable
1594,31,57300.0,2,0.021,443,online,37.96,5,0,1,-0.0577647562558871,Not Persuadable
2179,47,59600.0,4,0.083,250,in_store,50.58,0,0,0,0.01193510554890725,Persuadable
4932,29,47400.0,0,0.0,1,online,52.43,0,1,0,-0.17283402565506695,Not Persuadable
4266,34,18100.0,0,0.119,20,in_store,25.05,0,1,0,0.07088079618065951,Persuadable
2178,46,48000.0,1,0.056,8,in_store,38.52,0,0,0,0.07167890431732793,Persuadable
1599,59,43600.0,2,0.168,769,in_store,37.14,5,1,1,0.12452498417848552,Highly Persuadable
2537,30,85200.0,2,0.079,123,online,60.28,5,0,1,0.035672433494475964,Persuadable
757,29,25000.0,3,0.0,429,in_store,25.42,15,0,1,-0.04358589849061633,Not Persuadable
1483,41,41000.0,2,0.003,108,in_store,50.25,5,0,1,-0.11005555444554305,Not Persuadable
2488,50,66800.0,3,0.138,701,online,61.85,15,0,1,0.09734301087907753,Persuadable
2073,18,24500.0,0,0.071,316,in_store,36.89,0,0,0,-0.08473350934220664,Not Persuadable
1296,50,24300.0,2,0.036,266,in_store,24.91,0,0,0,0.029160650924722763,Persuadable
1097,59,73600.0,4,0.099,196,in_store,53.42,0,0,0,0.06755787456626254,Persuadable
1908,42,47400.0,4,0.272,173,in_store,35.51,0,0,0,0.1027409827346891,Highly Persuadable
4784,44,38500.0,0,0.047,137,in_store,35.67,0,0,0,0.03403761682806202,Persuadable
377,38,43800.0,1,0.218,1,in_store,38.21,25,1,1,0.15335015134417196,Highly Persuadable
4166,44,55200.0,2,0.212,250,online,38.58,20,0,1,0.09412692852250185,Persuadable
2536,53,61300.0,5,0.247,189,in_store,46.24,0,0,0,0.13650688250688528,Highly Persuadable
4669,62,70600.0,3,0.216,658,online,47.46,0,0,0,0.019956264340089364,Persuadable
928,45,62300.0,2,0.053,353,online,53.13,30,0,1,0.000652368471644763,Persuadable
379,59,54900.0,5,0.0,769,online,35.23,25,1,1,0.07937513340753297,Persuadable
1176,21,35800.0,2,0.042,39,online,49.91,20,0,1,-0.1437941391834987,Not Persuadable
2457,52,75800.0,2,0.014,206,in_store,42.4,0,1,0,-0.008926276798510654,Not Persuadable
2577,30,36900.0,0,0.097,61,online,19.91,0,0,0,0.09693323631518493,Persuadable
4869,66,69800.0,6,0.148,461,in_store,62.75,20,1,1,0.008738379939362216,Persuadable
1346,68,82800.0,4,0.327,727,online,44.29,15,0,1,0.015986010986604897,Persuadable
2620,60,80000.0,0,0.052,1,in_store,54.2,0,1,0,0.03811069705913676,Persuadable
1685,32,35800.0,1,0.108,483,in_store,29.13,0,1,0,-0.08607675353408928,Not Persuadable
2058,18,21400.0,0,0.1,350,online,36.83,0,1,0,-0.08456831529639232,Not Persuadable
1537,49,34100.0,1,0.125,238,in_store,14.06,15,0,1,0.051568893830420424,Persuadable
2529,53,63400.0,3,0.107,53,in_store,42.74,10,0,1,-0.06102380986456053,Not Persuadable
2288,67,87400.0,3,0.152,147,in_store,37.19,25,1,1,0.027081121404594417,Persuadable
4879,46,36100.0,6,0.09,418,in_store,26.21,15,0,1,-0.02441700783913108,Not Persuadable
795,19,15800.0,1,0.0,437,online,37.57,10,0,1,-0.10570887131000024,Not Persuadable
2521,37,45400.0,1,0.201,1,in_store,28.02,0,1,0,0.040198050480594945,Persuadable
3521,31,31000.0,2,0.199,400,in_store,22.17,0,1,0,0.09058130605804615,Persuadable
1222,55,51200.0,4,0.164,710,in_store,37.69,30,1,1,0.1642941462622142,Highly Persuadable
176,42,44000.0,2,0.102,385,online,36.74,30,1,1,-0.04842489327216821,Not Persuadable
1787,53,28100.0,1,0.121,281,in_store,27.62,0,1,0,-0.042885370524876794,Not Persuadable
3425,74,68400.0,5,0.156,532,in_store,28.21,25,1,1,0.08700421601308496,Persuadable
1979,59,88200.0,4,0.106,739,online,49.14,25,1,1,0.043361932478526544,Persuadable
46,43,68100.0,2,0.226,325,in_store,49.47,0,1,0,0.07695971075721479,Persuadable
2768,61,38400.0,3,0.112,216,online,30.22,0,0,0,0.07610345152536999,Persuadable
860,48,70700.0,6,0.179,709,in_store,34.95,0,0,0,0.14467994092121406,Highly Persuadable
4668,50,66700.0,4,0.132,265,in_store,37.79,20,1,1,0.03603040288746566,Persuadable
4168,28,31400.0,0,0.017,65,in_store,36.62,20,0,1,-0.0005032605580871554,Not Persuadable
1527,54,69000.0,6,0.001,137,in_store,43.08,20,0,1,-0.030439358940924692,Not Persuadable
2192,29,21600.0,0,0.0,366,online,21.56,0,0,0,-0.014883983990351712,Not Persuadable
3011,68,71100.0,5,0.17,151,online,44.59,0,1,0,-0.01431644643305488,Not Persuadable
3014,41,27700.0,3,0.16,371,online,18.0,0,1,0,0.1092525057385306,Highly Persuadable
1780,58,81400.0,2,0.125,313,in_store,48.43,10,0,1,0.0340144328502846,Persuadable
1704,18,54200.0,1,0.0,1,online,36.54,10,1,1,0.056580757313301006,Persuadable
3114,49,39200.0,0,0.1,176,online,34.54,15,0,1,-0.10125607585053258,Not Persuadable
2604,42,46700.0,4,0.0,897,online,44.68,20,0,1,-0.03613414237962271,Not Persuadable
284,45,62500.0,3,0.281,169,online,38.81,10,1,1,0.09500872907992726,Persuadable
1554,36,40700.0,2,0.106,282,online,40.67,30,0,1,0.031258294276860395,Persuadable
4145,57,73500.0,2,0.0,488,in_store,51.56,0,1,0,0.02212500590550851,Persuadable
4712,33,53100.0,2,0.17,7,in_store,49.23,20,0,1,0.035245979510253586,Persuadable
1567,26,53200.0,2,0.132,273,in_store,33.89,0,1,0,0.07664916120848145,Persuadable
1259,61,43400.0,3,0.105,81,online,40.8,10,1,1,0.07127606634048567,Persuadable
857,44,59900.0,2,0.129,379,in_store,51.23,30,0,1,-0.016904221097413255,Not Persuadable
2087,39,34300.0,3,0.011,517,online,28.11,5,1,1,0.13117158505063864,Highly Persuadable
2417,31,35700.0,1,0.086,1,in_store,32.45,20,1,1,0.097130588391107,Persuadable
4926,53,65900.0,2,0.0,398,online,42.81,20,0,1,-0.06892636880900087,Not Persuadable
1875,27,18100.0,1,0.078,83,in_store,19.17,0,1,0,-0.03692299873371221,Not Persuadable
4617,18,39300.0,0,0.108,430,online,38.85,0,1,0,-0.08498472660415164,Not Persuadable
2096,49,70300.0,0,0.104,1,in_store,69.21,0,1,0,0.07166953039632364,Persuadable
978,35,33400.0,3,0.039,1,online,38.26,15,0,1,0.008525896001242275,Persuadable
1398,38,25000.0,1,0.168,96,in_store,29.85,20,1,1,0.1433834932841146,Highly Persuadable
2460,18,29200.0,0,0.122,1,online,42.19,0,0,0,0.0092364772685731,Persuadable
4570,45,45200.0,2,0.043,809,in_store,33.89,20,1,1,0.10375083986264648,Highly Persuadable
1942,41,15800.0,0,0.094,44,in_store,23.86,0,0,0,0.03580494092937999,Persuadable
2527,39,37800.0,2,0.293,1,in_store,51.69,0,0,0,0.11431467037192697,Highly Persuadable
953,46,22500.0,1,0.072,244,online,24.66,20,1,1,0.0998397278878683,Persuadable
100,29,22400.0,1,0.033,94,in_store,19.36,25,0,1,0.027694086249596794,Persuadable
1074,21,36500.0,1,0.068,1,in_store,38.78,25,0,1,-0.03225242468240443,Not Persuadable
4465,52,32300.0,1,0.078,232,in_store,45.32,0,1,0,-0.03985968627975292,Not Persuadable
3465,46,60300.0,5,0.118,452,online,40.37,20,1,1,0.06928656417730453,Persuadable
4896,39,74100.0,3,0.083,641,in_store,45.16,0,1,0,0.06789523744699406,Persuadable
352,50,56800.0,5,0.085,889,in_store,40.89,0,0,0,0.17566711494206091,Highly Persuadable
2747,53,67300.0,3,0.082,754,online,41.01,20,1,1,0.022549520708858514,Persuadable
1159,18,15000.0,0,0.077,350,in_store,38.08,0,1,0,-0.049896553169673376,Not Persuadable
1057,42,38700.0,0,0.0,1,online,43.36,0,0,0,0.0611472449917598,Persuadable
965,40,74000.0,2,0.109,199,in_store,53.36,20,0,1,0.03598888384831628,Persuadable
719,36,58100.0,0,0.081,446,in_store,43.95,15,0,1,-0.07503220621031606,Not Persuadable
2776,72,51200.0,5,0.061,536,online,50.43,20,0,1,-0.037643885037935365,Not Persuadable
3576,18,36300.0,0,0.012,131,in_store,36.96,0,1,0,-0.05988259015752064,Not Persuadable
1539,29,34200.0,2,0.245,1,in_store,35.26,20,1,1,0.152697130100623,Highly Persuadable
309,47,70600.0,2,0.008,107,online,47.37,0,1,0,-0.0016366470226646616,Not Persuadable
1535,64,40400.0,3,0.159,252,in_store,22.55,25,0,1,0.05313461784536293,Persuadable
834,35,29700.0,4,0.077,1,online,27.19,10,1,1,0.04882898802284469,Persuadable
367,31,30800.0,0,0.0,160,online,29.68,0,0,0,0.0934012702824961,Persuadable
3397,29,27600.0,1,0.185,1,online,32.28,30,1,1,0.2564455245316486,Highly Persuadable
2094,50,44200.0,1,0.161,277,online,40.98,20,1,1,0.08421945744484939,Persuadable
4867,29,15000.0,0,0.0,294,online,14.71,0,0,0,-0.02729482689990502,Not Persuadable
3782,18,36600.0,0,0.027,695,in_store,26.02,0,0,0,0.012195344471579762,Persuadable
2556,35,44300.0,1,0.025,1,online,40.75,0,0,0,0.16515984301897557,Highly Persuadable
1127,61,71800.0,6,0.176,382,online,54.32,0,1,0,0.0016169949201503297,Persuadable
20,39,58000.0,0,0.0,1,in_store,30.73,0,0,0,0.016235884609496133,Persuadable
3266,45,52800.0,0,0.085,124,in_store,40.2,25,0,1,0.019502072179888263,Persuadable
2944,36,45600.0,2,0.317,548,in_store,59.74,0,1,0,-0.004157349658289778,Not Persuadable
2590,47,79900.0,4,0.136,308,in_store,52.23,5,1,1,0.16905176242271802,Highly Persuadable
219,38,57300.0,6,0.194,176,in_store,48.96,25,1,1,0.1550254281744369,Highly Persuadable
2639,48,44800.0,3,0.0,298,in_store,34.62,20,1,1,0.03516392604673807,Persuadable
439,32,44600.0,1,0.063,385,online,25.92,15,0,1,-0.07213114173502001,Not Persuadable
1966,46,54100.0,1,0.146,1,in_store,42.4,10,0,1,0.04016085521546265,Persuadable
3376,33,54300.0,0,0.0,164,online,40.71,0,0,0,0.06803716796464786,Persuadable
3304,52,58500.0,5,0.0,180,in_store,31.09,10,0,1,0.07996425470915211,Persuadable
4282,18,15000.0,1,0.232,338,in_store,32.87,0,1,0,0.03878946036596535,Persuadable
2433,28,58700.0,3,0.103,590,in_store,50.71,15,0,1,0.042802137372800246,Persuadable
4661,21,31500.0,0,0.019,1,online,30.72,0,1,0,0.12963257384648827,Highly Persuadable
3780,18,32000.0,4,0.097,12,online,24.85,0,0,0,0.03877457037041753,Persuadable
2779,46,48600.0,3,0.119,341,in_store,58.81,0,1,0,-0.022938601912271456,Not Persuadable
803,44,58700.0,3,0.205,698,online,76.16,25,1,1,0.10600139582121905,Highly Persuadable
3013,35,44100.0,1,0.103,281,online,38.6,5,0,1,0.01988856167921693,Persuadable
2289,52,44700.0,2,0.092,289,in_store,36.97,0,0,0,0.021489839405182315,Persuadable
3742,31,39200.0,0,0.0,1,online,38.08,0,0,0,0.010900853505078374,Persuadable
4451,31,46000.0,4,0.144,717,online,38.93,25,1,1,0.10903781899670402,Highly Persuadable
583,36,65100.0,1,0.011,112,online,47.52,15,1,1,-0.10712956195535793,Not Persuadable
204,48,33200.0,1,0.119,1,online,21.41,0,0,0,0.06819617878285629,Persuadable
4061,43,60900.0,2,0.0,296,in_store,48.84,0,0,0,0.006546387007569185,Persuadable
3432,57,60500.0,1,0.038,129,online,41.98,20,1,1,0.08401100288702369,Persuadable
2265,46,57900.0,2,0.083,388,online,50.96,10,0,1,-0.05371337932495202,Not Persuadable
2196,18,48800.0,3,0.227,283,online,36.41,0,1,0,-0.02670043210048861,Not Persuadable
3423,53,58000.0,2,0.167,298,in_store,47.86,5,1,1,0.09258663731027728,Persuadable
1607,46,47400.0,1,0.132,263,in_store,37.43,20,1,1,0.10408582104210751,Highly Persuadable
1048,47,42300.0,1,0.141,473,in_store,42.22,20,1,1,0.0220563935363937,Persuadable
1425,42,46100.0,2,0.07,4,in_store,41.26,25,1,1,0.1269538775495932,Highly Persuadable
2882,51,65900.0,4,0.036,306,in_store,55.69,20,0,1,0.04902792898576606,Persuadable
1963,37,40000.0,2,0.0,84,in_store,30.23,0,0,0,0.08604862269352952,Persuadable
3366,25,34700.0,1,0.039,537,online,19.02,0,0,0,0.03328660180769056,Persuadable
518,32,61200.0,7,0.095,439,in_store,35.89,0,1,0,-0.053309236320430435,Not Persuadable
2985,24,39600.0,1,0.045,496,online,37.4,5,1,1,0.006595612932160613,Persuadable
3337,37,60800.0,3,0.108,113,in_store,33.33,0,0,0,0.10695532022891575,Highly Persuadable
4856,55,50700.0,0,0.137,406,in_store,26.99,0,0,0,0.018239379767990185,Persuadable
669,34,31500.0,0,0.005,1,in_store,5.0,15,1,1,0.08584851458448567,Persuadable
3113,59,51000.0,4,0.219,766,online,44.9,0,0,0,0.12926277899890726,Highly Persuadable
1428,51,36100.0,1,0.07,361,in_store,29.3,25,0,1,-0.008201093868621522,Not Persuadable
4922,50,82300.0,1,0.151,1,in_store,46.7,10,1,1,0.06872849725630563,Persuadable
4507,49,47400.0,2,0.102,448,in_store,27.4,0,1,0,0.049299006965450025,Persuadable
1261,52,45400.0,4,0.123,1,online,33.15,20,1,1,0.10880824064089804,Highly Persuadable
2440,38,61600.0,2,0.0,48,online,47.12,0,1,0,-0.10833011035823417,Not Persuadable
3768,45,50900.0,2,0.053,38,online,45.79,10,1,1,0.031233371419149593,Persuadable
4270,38,43400.0,2,0.099,751,online,37.02,0,0,0,-0.01818652723813132,Not Persuadable
3358,34,68200.0,3,0.0,750,in_store,47.54,0,1,0,-0.02323486214008685,Not Persuadable
3408,60,34400.0,2,0.078,241,in_store,36.53,0,0,0,-0.013973615821478805,Not Persuadable
1376,44,50300.0,6,0.145,269,online,33.57,20,0,1,0.10950454328462887,Highly Persuadable
760,45,15000.0,2,0.096,349,in_store,22.7,0,0,0,-0.008330592223760546,Not Persuadable
2848,33,46400.0,0,0.026,484,in_store,33.02,20,0,1,0.0683456423830239,Persuadable
4333,58,60300.0,6,0.316,1,online,27.51,30,1,1,0.15427912374196623,Highly Persuadable
2686,42,24000.0,2,0.105,289,in_store,27.63,30,0,1,-0.012500112153009498,Not Persuadable
3022,58,36000.0,2,0.08,1220,online,26.14,0,0,0,0.0645062331651398,Persuadable
4396,43,49500.0,1,0.018,291,in_store,36.09,10,0,1,0.06626005281293275,Persuadable
2510,36,31000.0,0,0.095,104,online,29.49,20,0,1,0.018605237693419926,Persuadable
215,36,50700.0,3,0.051,364,in_store,35.0,25,1,1,0.026834305909649792,Persuadable
3347,43,23500.0,2,0.057,279,online,33.94,0,1,0,0.05075682371940684,Persuadable
1484,44,74100.0,4,0.338,286,online,42.7,30,1,1,0.10121902573382409,Highly Persuadable
694,18,51600.0,0,0.117,127,in_store,26.5,15,0,1,-0.016565260518155413,Not Persuadable
2183,18,23400.0,1,0.037,88,in_store,16.95,0,1,0,-0.05674563271080793,Not Persuadable
4732,36,43900.0,1,0.044,471,in_store,35.28,15,1,1,0.04780898502916312,Persuadable
2134,44,41900.0,2,0.04,833,in_store,33.62,0,1,0,0.0515702175674154,Persuadable
1116,41,67900.0,1,0.008,2,in_store,56.49,30,1,1,0.0021963113273203135,Persuadable
1785,48,45500.0,2,0.041,223,online,43.81,20,1,1,0.09684173237238769,Persuadable
4739,50,45000.0,2,0.063,653,online,35.06,15,0,1,0.040268715772343505,Persuadable
1213,38,58900.0,3,0.045,1081,online,51.85,0,0,0,0.06328867602158757,Persuadable
4882,43,51000.0,2,0.09,556,in_store,36.02,25,0,1,0.018127009915756165,Persuadable
197,48,52100.0,3,0.044,1,online,30.59,0,1,0,0.047470279579731815,Persuadable
4606,42,57800.0,8,0.352,727,in_store,57.39,5,1,1,0.16877746486484704,Highly Persuadable
4729,44,29300.0,3,0.116,556,online,21.16,0,0,0,0.07218576269318842,Persuadable
1058,45,33100.0,1,0.022,78,in_store,29.06,0,1,0,0.07250415131144283,Persuadable
880,40,62800.0,2,0.137,208,in_store,40.49,20,1,1,0.07178474357308517,Persuadable
1823,55,91100.0,3,0.083,455,in_store,65.13,15,1,1,-0.05871238483248398,Not Persuadable
1938,26,27400.0,0,0.053,341,in_store,37.73,0,1,0,-0.04139290346875503,Not Persuadable
1331,18,51600.0,1,0.066,282,online,40.27,0,1,0,0.0841361105526126,Persuadable
2269,18,57900.0,3,0.098,156,online,55.13,0,1,0,-0.007726109705637569,Not Persuadable
888,35,71500.0,3,0.178,85,in_store,43.1,0,1,0,-0.02743799772917212,Not Persuadable
3033,25,43000.0,0,0.212,252,in_store,53.92,0,1,0,0.05263879602043044,Persuadable
69,50,42200.0,0,0.101,589,in_store,45.5,0,0,0,-0.0032215115175756597,Not Persuadable
2498,18,33300.0,2,0.14,55,online,37.96,5,0,1,-0.028164146522096766,Not Persuadable
1936,59,52100.0,3,0.066,147,online,58.08,10,0,1,0.017362780763800708,Persuadable
569,47,48400.0,2,0.057,266,in_store,31.44,10,1,1,0.08509973537900484,Persuadable
1653,46,37000.0,3,0.088,655,online,29.46,0,0,0,0.07924363019354874,Persuadable
97,24,50300.0,0,0.0,325,in_store,44.88,0,0,0,-0.007744368506625612,Not Persuadable
1021,44,46800.0,2,0.103,386,in_store,37.65,0,0,0,-0.015345050979588623,Not Persuadable
2875,41,46000.0,5,0.109,488,online,34.3,30,1,1,-0.02765027461006375,Not Persuadable
140,75,76900.0,5,0.118,629,in_store,48.77,0,1,0,0.025242725142994575,Persuadable
3104,53,74600.0,3,0.125,183,in_store,50.96,0,1,0,-0.006453294395966059,Not Persuadable
2618,51,65600.0,5,0.107,255,in_store,44.96,0,1,0,-0.0442762435232254,Not Persuadable
1506,46,64200.0,3,0.153,212,online,50.55,25,0,1,0.09627548474853385,Persuadable
1363,19,26800.0,0,0.11,357,online,33.61,0,0,0,0.04906897434859139,Persuadable
2648,34,61800.0,3,0.13,464,in_store,39.07,25,1,1,0.028246567057283616,Persuadable
3287,24,19100.0,1,0.233,238,online,27.13,25,0,1,0.09066267388581241,Persuadable
4765,54,69100.0,2,0.096,469,online,51.25,20,0,1,-0.08750450618090021,Not Persuadable
2293,54,52300.0,4,0.152,282,in_store,33.12,25,1,1,0.13660387848767977,Highly Persuadable
4424,32,51000.0,3,0.184,164,online,38.64,0,1,0,0.07110765629858415,Persuadable
464,18,27900.0,1,0.198,621,online,28.24,10,1,1,0.13268849456295936,Highly Persuadable
2896,25,23900.0,0,0.094,124,online,9.27,20,0,1,0.02006176613287405,Persuadable
4188,36,33300.0,3,0.036,92,online,43.86,25,1,1,0.003411454426483249,Persuadable
2005,23,22100.0,1,0.162,224,online,15.2,0,0,0,0.144795319813451,Highly Persuadable
595,25,41800.0,2,0.102,25,online,44.52,0,1,0,-0.03969909385993509,Not Persuadable
1339,73,87300.0,3,0.174,691,in_store,70.48,20,1,1,0.04566521766479195,Persuadable
626,34,59600.0,0,0.0,200,online,43.63,20,0,1,-0.04528144444795228,Not Persuadable
451,38,41000.0,2,0.051,1,in_store,48.34,0,1,0,-0.0780153002985518,Not Persuadable
3748,51,58600.0,3,0.075,356,in_store,39.63,0,1,0,0.04453893847704383,Persuadable
4302,53,40400.0,3,0.106,554,online,30.86,0,0,0,-0.00273551695262198,Not Persuadable
4326,35,67100.0,1,0.0,196,online,39.05,0,1,0,0.00230525610346973,Persuadable
4836,31,18100.0,0,0.214,421,online,19.0,0,0,0,0.13613660627708132,Highly Persuadable
1593,38,55800.0,3,0.018,488,in_store,30.16,20,0,1,0.05408833348350839,Persuadable
1050,45,46500.0,1,0.012,234,in_store,27.27,25,0,1,0.03623555022814084,Persuadable
3554,20,45500.0,0,0.168,785,in_store,49.12,15,0,1,-0.10322619498134332,Not Persuadable
1910,45,83800.0,3,0.149,161,online,58.53,25,1,1,0.1854719263654211,Highly Persuadable
4600,63,35900.0,2,0.066,102,online,46.75,0,0,0,0.01792249617187703,Persuadable
4011,44,71500.0,4,0.201,82,online,57.32,15,1,1,0.18239681969465982,Highly Persuadable
151,38,68400.0,5,0.161,391,online,60.12,0,1,0,0.10613480185888007,Highly Persuadable
1737,24,61000.0,4,0.15,1,online,35.98,20,1,1,0.058508521120279676,Persuadable
3967,28,32000.0,2,0.0,483,in_store,29.33,25,0,1,0.042349628436641036,Persuadable
4685,32,28500.0,0,0.009,409,in_store,16.65,0,1,0,-0.06813965277747311,Not Persuadable
1481,45,45700.0,1,0.0,316,online,39.39,20,1,1,0.0036576285945415896,Persuadable
89,46,28100.0,0,0.0,501,in_store,21.59,20,0,1,0.060467751275644306,Persuadable
458,30,57500.0,3,0.063,316,in_store,40.03,25,0,1,0.07945524100312264,Persuadable
4376,18,36000.0,2,0.005,29,in_store,28.8,0,1,0,0.003641691225318217,Persuadable
2941,60,58100.0,2,0.176,263,in_store,36.76,0,1,0,0.02890249017766042,Persuadable
3286,52,66400.0,4,0.149,264,in_store,40.72,20,1,1,0.06908809039783059,Persuadable
4891,47,50500.0,3,0.087,406,online,32.27,0,0,0,0.05330610569160109,Persuadable
2017,40,67600.0,2,0.0,557,in_store,43.27,20,1,1,0.029129254457338865,Persuadable
1671,39,42100.0,2,0.242,358,online,49.32,0,0,0,0.10083568825668068,Highly Persuadable
3665,38,53100.0,1,0.127,362,in_store,36.45,0,0,0,0.04638152561206186,Persuadable
832,59,61800.0,2,0.262,119,in_store,39.11,30,1,1,0.13369882962411742,Highly Persuadable
240,34,38400.0,3,0.262,552,online,35.42,20,0,1,0.05936862947326331,Persuadable
4692,44,63800.0,3,0.306,1,in_store,37.23,0,0,0,0.12551722918287156,Highly Persuadable
1000,50,31700.0,7,0.094,538,in_store,36.04,25,1,1,0.03910124376553577,Persuadable
1449,36,35800.0,0,0.0,222,in_store,52.03,15,0,1,-0.08567234930256593,Not Persuadable
2916,63,54300.0,4,0.15,1,online,43.54,20,0,1,0.0004253704338478591,Persuadable
1974,60,55100.0,7,0.161,822,in_store,46.91,0,1,0,0.10346287136970767,Highly Persuadable
2996,31,31500.0,3,0.142,223,online,30.6,0,0,0,0.07988465205007718,Persuadable
193,35,46800.0,2,0.038,352,in_store,43.11,20,1,1,0.07585650821947676,Persuadable
4240,48,53600.0,2,0.133,1,in_store,34.32,0,0,0,0.08877219918358185,Persuadable
3762,49,52400.0,0,0.0,120,in_store,37.24,20,1,1,0.05441001527222654,Persuadable
3862,49,58600.0,1,0.0,1,in_store,46.32,30,0,1,-5.795346356413339e-05,Not Persuadable
945,43,65900.0,2,0.062,285,online,55.82,25,0,1,0.018125980884556532,Persuadable
4191,52,45600.0,7,0.145,553,in_store,33.82,0,1,0,0.03423843889462279,Persuadable
1184,48,45300.0,5,0.119,439,online,37.76,5,0,1,0.019506717361617465,Persuadable
4241,40,34200.0,2,0.119,460,online,17.07,0,0,0,0.13058156956485706,Highly Persuadable
1033,34,62800.0,3,0.22,453,online,43.49,30,0,1,-0.04655285342705688,Not Persuadable
4435,63,71900.0,5,0.122,254,online,56.48,5,1,1,0.024712600770550278,Persuadable
4691,53,63200.0,0,0.049,108,online,23.12,0,1,0,-0.03725481355497771,Not Persuadable
2032,34,66400.0,3,0.076,568,in_store,27.25,10,1,1,0.06423622360162333,Persuadable
3429,63,87400.0,6,0.166,875,online,45.02,10,1,1,0.0947982971116618,Persuadable
2132,68,67200.0,5,0.176,659,online,45.63,20,0,1,0.1368539242033769,Highly Persuadable
3974,60,41900.0,3,0.139,586,online,31.91,0,0,0,0.04874800256425856,Persuadable
3485,50,53700.0,3,0.123,33,in_store,42.49,25,0,1,-0.02085391199297711,Not Persuadable
4330,19,33100.0,1,0.0,1,online,22.85,20,0,1,-0.016917685728826543,Not Persuadable
1833,27,50100.0,2,0.094,1,in_store,31.19,0,1,0,0.0027817332083320246,Persuadable
2955,18,24100.0,0,0.208,163,in_store,26.24,0,0,0,0.19184151630402677,Highly Persuadable
2986,35,44100.0,3,0.338,85,in_store,37.98,15,1,1,0.03274001836853709,Persuadable
3241,53,36800.0,5,0.242,479,online,42.28,20,1,1,-0.009707028255800594,Not Persuadable
1624,54,61100.0,2,0.026,159,online,46.8,0,1,0,0.0579171207951993,Persuadable
4906,55,34200.0,1,0.079,115,online,27.02,10,0,1,-0.12823838753349825,Not Persuadable
4927,54,45400.0,3,0.084,511,online,46.53,25,1,1,0.028106224530503727,Persuadable
192,38,51700.0,3,0.156,187,online,35.61,15,1,1,0.15651189570611854,Highly Persuadable
1488,24,33800.0,1,0.068,279,in_store,27.45,30,1,1,0.009129097294986004,Persuadable
3099,64,62000.0,1,0.017,171,in_store,38.78,15,0,1,-0.03045285709401635,Not Persuadable
3332,40,79100.0,1,0.026,186,online,59.39,0,1,0,-0.037245836656749964,Not Persuadable
3830,26,45900.0,2,0.0,381,online,31.41,0,1,0,0.021410166119620898,Persuadable
4476,46,45600.0,1,0.001,713,in_store,38.51,0,1,0,-0.033045332655265686,Not Persuadable
1730,40,19500.0,1,0.056,571,online,39.23,0,0,0,0.030259323374181153,Persuadable
4027,32,47700.0,2,0.167,1,in_store,38.1,0,1,0,0.07324908842159798,Persuadable
2808,18,35900.0,2,0.0,263,in_store,34.19,0,0,0,-0.05290383903184633,Not Persuadable
3663,35,44700.0,1,0.231,570,in_store,47.23,0,0,0,-0.02315728657187949,Not Persuadable
4585,36,51200.0,2,0.249,289,in_store,41.39,0,1,0,0.030521011685237985,Persuadable
3414,36,28900.0,1,0.04,350,in_store,39.95,0,1,0,0.02136610469232119,Persuadable
4933,61,56200.0,4,0.173,398,in_store,43.13,10,1,1,0.0387114218515932,Persuadable
4877,51,37500.0,0,0.024,223,in_store,37.63,0,1,0,-0.019450017096502913,Not Persuadable
167,51,24800.0,3,0.158,628,online,31.01,0,0,0,0.18283684609464584,Highly Persuadable
1615,32,65100.0,3,0.054,187,in_store,43.47,5,0,1,-0.045299563709363194,Not Persuadable
3277,52,38900.0,3,0.179,312,in_store,23.51,25,0,1,-0.011588712533719155,Not Persuadable
1025,18,15000.0,0,0.003,74,online,5.0,0,0,0,0.019094728410786795,Persuadable
1452,46,54300.0,1,0.107,264,in_store,34.27,15,1,1,0.08686182985279878,Persuadable
4332,26,23300.0,1,0.049,170,in_store,37.63,20,0,1,-0.04505106316051524,Not Persuadable
2237,40,70400.0,4,0.064,220,in_store,39.09,25,0,1,0.08847945946080459,Persuadable
2330,52,71000.0,2,0.095,63,in_store,31.06,30,1,1,0.05503715011542299,Persuadable
4391,42,42200.0,5,0.059,636,in_store,36.34,0,1,0,0.012233399077551964,Persuadable
3313,38,57900.0,6,0.182,312,online,46.29,20,1,1,0.1305728518904544,Highly Persuadable
4718,36,41200.0,2,0.099,258,online,22.82,0,0,0,0.1745368101109536,Highly Persuadable
153,20,32100.0,2,0.0,575,online,33.8,0,0,0,0.009415365410980155,Persuadable
4024,21,38700.0,1,0.0,48,online,38.25,0,1,0,-0.054913582256082186,Not Persuadable
4699,53,53600.0,2,0.0,321,in_store,42.82,0,1,0,0.026840482643135828,Persuadable
3400,34,52800.0,2,0.0,596,online,39.68,25,1,1,-0.02649132905390767,Not Persuadable
1972,36,64000.0,6,0.138,363,online,39.06,5,1,1,0.118366863990847,Highly Persuadable
1182,50,65100.0,7,0.287,517,online,36.05,0,1,0,-0.007321445065140728,Not Persuadable
2990,57,51800.0,3,0.172,848,online,50.93,0,1,0,0.17402679037835864,Highly Persuadable
4329,47,22400.0,2,0.051,169,in_store,26.47,10,1,1,0.03775140150245774,Persuadable
2115,46,27200.0,2,0.11,216,online,43.56,25,0,1,-0.061399637975112664,Not Persuadable
4833,27,29600.0,1,0.036,584,online,39.63,5,0,1,-0.021954990661784888,Not Persuadable
4054,34,48200.0,3,0.176,347,in_store,17.79,0,1,0,0.05743771758282022,Persuadable
1590,35,45400.0,2,0.15,1,in_store,36.24,0,1,0,0.15505910767828743,Highly Persuadable
32,35,54200.0,2,0.066,393,online,25.35,0,1,0,-0.05308824252315753,Not Persuadable
938,39,56200.0,2,0.157,398,in_store,63.88,20,1,1,0.11125429382916949,Highly Persuadable
2548,64,58800.0,2,0.2,1,in_store,39.29,0,0,0,0.14368948793593456,Highly Persuadable
1996,45,65100.0,3,0.059,617,online,48.83,20,1,1,0.07645070222338951,Persuadable
3134,33,26100.0,5,0.166,425,in_store,31.99,0,0,0,0.14348551066302173,Highly Persuadable
310,61,70800.0,4,0.155,536,online,59.46,0,0,0,0.08511444849654418,Persuadable
3976,44,72900.0,2,0.126,175,in_store,61.36,20,1,1,0.07671194903123485,Persuadable
1472,54,58900.0,3,0.031,1,online,53.26,0,1,0,0.04726237737115984,Persuadable
3129,31,52000.0,3,0.165,334,in_store,52.3,10,1,1,0.11089377273703481,Highly Persuadable
2224,30,35700.0,1,0.037,1,online,41.08,0,1,0,-0.010556837416993774,Not Persuadable
496,51,58400.0,1,0.0,580,online,41.09,10,1,1,0.059680358329198754,Persuadable
206,39,41200.0,4,0.1,546,in_store,44.23,0,1,0,-0.049157223381968436,Not Persuadable
2689,55,59700.0,3,0.014,671,in_store,35.14,0,1,0,0.009063635967883527,Persuadable
3373,22,34700.0,2,0.104,37,in_store,26.93,30,1,1,-0.020885365126360918,Not Persuadable
3849,50,58300.0,6,0.017,708,in_store,52.52,20,1,1,0.062418024399069856,Persuadable
306,27,63400.0,2,0.064,601,online,47.27,0,1,0,0.04704673507892846,Persuadable
3812,36,70900.0,2,0.015,402,online,38.49,20,1,1,0.04692577772046167,Persuadable
1809,40,57100.0,3,0.191,99,in_store,49.71,0,0,0,0.07540186008925236,Persuadable
1062,57,44200.0,2,0.134,161,online,30.29,30,0,1,0.038760770395968855,Persuadable
844,39,51900.0,2,0.078,881,in_store,33.87,10,1,1,0.06101620840683647,Persuadable
2729,62,70500.0,5,0.017,531,online,55.73,0,0,0,0.05962242534237688,Persuadable
2267,47,42200.0,3,0.15,184,in_store,19.61,0,0,0,0.18096887194964353,Highly Persuadable
212,24,45300.0,0,0.004,400,in_store,40.72,0,0,0,0.048097434849429,Persuadable
3734,36,40400.0,4,0.076,508,online,43.06,10,0,1,-0.001955272557887888,Not Persuadable
680,38,56700.0,2,0.107,767,in_store,45.3,0,1,0,-0.023632239795154778,Not Persuadable
566,49,59300.0,1,0.111,492,in_store,47.65,0,0,0,0.011142605636409779,Persuadable
3131,48,38800.0,1,0.127,831,in_store,33.78,0,0,0,0.09025007573628141,Persuadable
3712,48,42400.0,3,0.206,99,online,26.77,0,1,0,0.17975610467518038,Highly Persuadable
681,50,44400.0,4,0.207,439,in_store,35.51,20,1,1,0.08426540348002003,Persuadable
181,56,46600.0,3,0.075,375,in_store,37.09,20,0,1,-0.05837304887860814,Not Persuadable
4870,41,28100.0,0,0.146,144,online,29.85,0,0,0,0.1142522261600597,Highly Persuadable
1236,30,34800.0,0,0.0,149,in_store,41.22,15,0,1,0.0033138257155324808,Persuadable
2332,21,69500.0,7,0.079,185,online,50.24,0,0,0,0.1443750450677132,Highly Persuadable
4284,34,15000.0,0,0.143,1,online,27.15,0,1,0,0.13551378955198098,Highly Persuadable
279,54,48600.0,2,0.129,113,in_store,43.32,0,0,0,-0.020803539497085754,Not Persuadable
1129,37,62600.0,4,0.14,720,online,43.0,20,0,1,0.02093438221679104,Persuadable
3713,38,61700.0,2,0.2,1,online,56.9,0,0,0,0.09773835314735273,Persuadable
433,38,27700.0,1,0.121,312,in_store,30.38,30,0,1,0.032147906054180046,Persuadable
290,39,71300.0,3,0.184,135,in_store,49.95,0,0,0,0.1533783061613508,Highly Persuadable
1028,40,35700.0,3,0.147,273,online,27.46,30,1,1,0.10061861080894395,Highly Persuadable
536,48,33700.0,4,0.045,134,in_store,28.56,0,1,0,0.0022217876233609295,Persuadable
4354,22,35000.0,0,0.031,314,in_store,29.0,0,1,0,-0.03911677355498279,Not Persuadable
189,24,35900.0,1,0.0,478,in_store,31.49,0,1,0,0.015297564999878301,Persuadable
2277,25,67300.0,1,0.069,159,in_store,45.47,0,0,0,0.07292471268009314,Persuadable
3934,53,49600.0,3,0.235,1,in_store,33.55,25,1,1,0.17465448791338847,Highly Persuadable
3590,33,15000.0,4,0.039,215,in_store,21.67,0,1,0,-0.02010862241102546,Not Persuadable
271,31,52200.0,3,0.127,744,online,46.21,10,0,1,-0.024582905450136618,Not Persuadable
3456,30,43300.0,2,0.094,290,in_store,45.24,10,1,1,0.051843705387656924,Persuadable
4094,26,15000.0,2,0.081,1,in_store,5.0,15,0,1,0.005897427101369476,Persuadable
2173,36,37500.0,1,0.0,1,in_store,30.28,0,1,0,0.11962769913893942,Highly Persuadable
4234,57,24100.0,1,0.106,243,in_store,48.22,0,1,0,-0.11521556647001838,Not Persuadable
112,43,44000.0,2,0.173,777,online,36.81,0,1,0,0.10683473597406083,Highly Persuadable
2484,40,15000.0,0,0.0,336,in_store,23.66,30,0,1,-0.016634489716886657,Not Persuadable
221,37,57200.0,4,0.129,114,in_store,41.51,10,0,1,0.01552528569251313,Persuadable
628,56,15000.0,0,0.087,239,in_store,43.15,20,0,1,-0.07729357116525842,Not Persuadable
1201,24,56600.0,1,0.105,289,online,38.11,15,0,1,0.11173483368765008,Highly Persuadable
3372,22,25700.0,2,0.043,251,in_store,45.55,0,0,0,0.04985866309897438,Persuadable
2438,43,49200.0,0,0.0,400,in_store,50.39,0,1,0,-0.18081795543242762,Not Persuadable
791,31,56000.0,2,0.169,621,online,30.1,0,1,0,0.14370224182601055,Highly Persuadable
2329,42,31200.0,2,0.246,372,in_store,21.76,0,0,0,0.18756217677514117,Highly Persuadable
462,30,36000.0,2,0.022,1,online,38.34,0,0,0,-0.04543323208888056,Not Persuadable
4413,49,42900.0,2,0.0,538,in_store,34.92,0,1,0,-0.09856331868856283,Not Persuadable
552,47,47900.0,1,0.219,594,online,47.69,0,1,0,-0.0777926175040706,Not Persuadable
4104,62,63200.0,4,0.087,1,in_store,46.77,15,1,1,0.02017224125157442,Persuadable
1175,39,70400.0,3,0.098,427,in_store,35.24,10,1,1,0.019474984438243224,Persuadable
199,40,36400.0,2,0.141,384,in_store,30.83,0,1,0,0.06223520039875088,Persuadable
4033,47,71700.0,5,0.126,274,online,33.58,0,1,0,0.0772650312272817,Persuadable
3363,43,60600.0,0,0.065,130,in_store,47.04,5,0,1,-0.03344146566423922,Not Persuadable
403,50,32500.0,2,0.088,344,online,22.66,0,1,0,-0.11940525705129573,Not Persuadable
4579,34,35700.0,1,0.138,208,in_store,44.83,0,0,0,0.022325224533804835,Persuadable
4183,23,49200.0,0,0.119,353,in_store,26.78,30,1,1,0.10102038490950054,Highly Persuadable
4774,48,58800.0,2,0.055,358,online,40.62,25,0,1,0.04441133265491211,Persuadable
4988,43,52000.0,8,0.23,304,online,25.02,10,1,1,0.10892542662383463,Highly Persuadable
4813,40,20000.0,1,0.186,389,online,35.24,10,0,1,0.05740847645778777,Persuadable
4473,61,62600.0,3,0.08,206,in_store,35.58,5,0,1,-0.02344895736045897,Not Persuadable
651,62,66700.0,3,0.057,209,in_store,49.13,0,0,0,0.08548500954702552,Persuadable
709,37,45800.0,1,0.07,275,online,23.37,0,0,0,0.11826617597403298,Highly Persuadable
1502,33,62200.0,1,0.09,831,in_store,36.99,15,0,1,-0.02827736036822401,Not Persuadable
4425,28,19500.0,1,0.046,300,in_store,23.23,0,1,0,0.03881838134819589,Persuadable
3991,43,58600.0,1,0.099,582,online,26.41,25,1,1,0.04839326637169306,Persuadable
2233,25,18100.0,0,0.0,315,in_store,35.43,0,1,0,0.000773886468346069,Persuadable
2342,38,54000.0,1,0.05,227,in_store,45.05,0,0,0,0.05172763640542734,Persuadable
315,50,52000.0,3,0.077,369,in_store,44.33,0,0,0,-0.012430288345462068,Not Persuadable
1221,39,67000.0,6,0.195,125,online,54.13,25,1,1,0.0986550253936243,Persuadable
4485,41,39800.0,3,0.047,94,online,30.54,0,0,0,0.09640120783896203,Persuadable
114,23,45400.0,3,0.074,503,online,42.35,25,1,1,0.04281842887723951,Persuadable
961,59,52600.0,4,0.175,130,online,42.54,0,0,0,-0.04162023257733189,Not Persuadable
2926,51,29100.0,6,0.182,427,online,26.1,15,0,1,-0.011363493998913184,Not Persuadable
3275,18,47000.0,0,0.132,211,online,24.72,0,1,0,0.029179837695222872,Persuadable
1648,54,56600.0,2,0.213,634,in_store,43.9,0,0,0,0.14594152539946448,Highly Persuadable
3338,46,48200.0,2,0.195,271,in_store,31.42,5,1,1,0.04965865658758768,Persuadable
2624,43,52400.0,2,0.043,260,online,60.97,0,0,0,0.12522164037346523,Highly Persuadable
3210,33,59500.0,4,0.098,273,online,45.96,0,1,0,-0.05350034804961412,Not Persuadable
1771,35,49700.0,1,0.094,133,online,46.01,20,0,1,-0.05291893893445468,Not Persuadable
3430,50,70400.0,1,0.165,1,in_store,63.5,15,1,1,0.0619202349196029,Persuadable
4539,27,71600.0,0,0.0,135,online,55.4,0,0,0,-0.03424754847568079,Not Persuadable
1838,37,35500.0,1,0.0,379,in_store,30.46,5,1,1,0.10122199430328305,Highly Persuadable
1946,18,48000.0,2,0.066,175,online,51.6,10,1,1,0.02465144796640304,Persuadable
2499,33,32800.0,0,0.011,152,in_store,41.16,30,0,1,-0.007997025048195968,Not Persuadable
4052,39,39800.0,2,0.013,425,in_store,24.35,25,1,1,0.1347515609892921,Highly Persuadable
3309,28,29400.0,0,0.022,84,online,32.25,15,1,1,0.14538656838325442,Highly Persuadable
4201,30,42300.0,1,0.057,184,online,30.47,0,0,0,0.07173715583984548,Persuadable
4393,27,15000.0,0,0.0,171,online,37.03,0,0,0,0.029980134772568084,Persuadable
2595,21,31400.0,1,0.0,77,online,33.04,0,0,0,0.034921386434827284,Persuadable
2116,37,41600.0,4,0.001,663,in_store,45.73,0,0,0,-0.01479529526801885,Not Persuadable
1345,28,22200.0,0,0.101,189,online,30.48,0,0,0,0.11935931622831306,Highly Persuadable
2877,24,28000.0,1,0.01,245,online,34.15,0,0,0,-0.06286116517965132,Not Persuadable
3341,36,59500.0,3,0.041,516,in_store,48.98,15,1,1,-0.021134027507394678,Not Persuadable
4864,46,57300.0,1,0.17,301,online,28.22,30,0,1,0.03484082965841377,Persuadable
3938,46,69900.0,4,0.246,242,in_store,50.15,30,1,1,0.2159106581030419,Highly Persuadable
1651,34,53500.0,1,0.083,516,online,57.41,25,0,1,-0.05043624500083224,Not Persuadable
790,38,45400.0,2,0.114,303,in_store,50.96,0,1,0,-0.0216434750240354,Not Persuadable
2281,55,41700.0,2,0.231,240,in_store,25.33,0,1,0,0.156592748242683,Highly Persuadable
4655,42,80600.0,1,0.031,396,in_store,40.1,25,0,1,-0.0006476358058384421,Not Persuadable
4572,60,29900.0,4,0.287,101,online,24.96,0,1,0,0.03786911881923225,Persuadable
872,28,73700.0,1,0.22,163,online,46.94,25,1,1,0.17736134776682252,Highly Persuadable
1721,53,77200.0,3,0.228,442,in_store,54.83,0,1,0,0.03115638365081729,Persuadable
1591,23,39200.0,3,0.179,148,in_store,30.52,0,1,0,0.10057556906329115,Highly Persuadable
2728,38,66300.0,3,0.051,469,online,36.47,20,1,1,-0.028076229663301498,Not Persuadable
74,46,45400.0,3,0.221,226,online,34.55,0,1,0,0.070915514946735,Persuadable
1778,43,46100.0,1,0.0,158,in_store,32.82,0,1,0,-0.03231868894971028,Not Persuadable
1617,75,71100.0,5,0.295,569,online,53.35,0,1,0,0.0035023804994075906,Persuadable
1362,51,80800.0,0,0.095,163,in_store,53.39,0,0,0,0.02958996829531916,Persuadable
3025,38,30000.0,1,0.039,103,in_store,25.62,30,0,1,0.04449169334815591,Persuadable
1967,43,69200.0,4,0.132,338,in_store,45.67,0,0,0,0.24790155874441192,Highly Persuadable
4586,46,51100.0,3,0.08,87,online,35.37,0,0,0,0.18593176501318723,Highly Persuadable
3828,43,58000.0,1,0.066,785,in_store,48.23,0,0,0,-0.04150811616362883,Not Persuadable
2260,47,34700.0,2,0.09,381,in_store,36.42,10,0,1,-0.13558641972332988,Not Persuadable
2900,50,83000.0,5,0.103,823,in_store,50.06,30,0,1,0.029313572467632113,Persuadable
2223,41,54800.0,2,0.075,632,online,50.89,30,0,1,-0.012223506839015874,Not Persuadable
495,36,54400.0,3,0.124,727,in_store,25.05,0,1,0,0.030961592873291026,Persuadable
3146,44,46400.0,2,0.014,283,online,34.4,0,0,0,0.08892870540580314,Persuadable
3530,39,53000.0,3,0.049,485,online,49.47,20,0,1,-0.06484306916636894,Not Persuadable
1282,18,68600.0,1,0.044,358,in_store,44.5,0,0,0,0.00212245360826377,Persuadable
1165,28,61200.0,2,0.109,220,online,38.27,25,1,1,0.13563660509952352,Highly Persuadable
1243,60,52100.0,7,0.246,180,online,44.84,0,1,0,0.07968890098874636,Persuadable
1756,48,58300.0,1,0.058,1,online,32.87,25,1,1,0.0807242099565331,Persuadable
1993,43,43300.0,5,0.19,528,in_store,28.66,10,0,1,0.045046920101401364,Persuadable
2195,42,36300.0,2,0.165,84,online,47.16,15,1,1,0.06875143616643428,Persuadable
1727,29,54400.0,1,0.0,319,online,38.17,0,0,0,0.050816029052909745,Persuadable
619,33,41000.0,2,0.175,484,online,34.79,20,1,1,0.01732167888189811,Persuadable
4934,46,56600.0,5,0.095,8,online,40.53,0,0,0,0.1496365682476824,Highly Persuadable
1882,57,53800.0,5,0.204,46,in_store,55.33,10,0,1,-0.0038471766097103502,Not Persuadable
1630,53,44700.0,4,0.045,338,online,32.32,0,1,0,0.00982524251879683,Persuadable
4767,28,32600.0,2,0.112,162,in_store,29.18,30,0,1,-0.06256793957379828,Not Persuadable
2089,32,52400.0,3,0.035,693,in_store,39.78,25,1,1,0.08700294809731011,Persuadable
3426,45,45400.0,2,0.032,632,in_store,41.18,5,0,1,0.1052541973492202,Highly Persuadable
870,39,75000.0,5,0.081,258,in_store,54.01,20,0,1,0.07987481345013056,Persuadable
4709,30,27900.0,1,0.0,312,in_store,37.43,0,1,0,-0.13045218229190042,Not Persuadable
1043,48,30800.0,1,0.103,431,online,30.07,0,1,0,-0.13477217500813704,Not Persuadable
3385,39,41500.0,6,0.249,560,online,37.47,0,1,0,0.0735650756469075,Persuadable
357,43,18500.0,2,0.095,674,in_store,34.28,0,0,0,0.07234260420720376,Persuadable
1163,37,44400.0,2,0.174,1,in_store,32.29,0,0,0,0.07974352151560661,Persuadable
2781,58,62000.0,6,0.231,618,in_store,37.6,20,0,1,0.06444345786751851,Persuadable
2255,52,55300.0,6,0.075,372,online,33.43,0,0,0,-0.013572202074565692,Not Persuadable
3166,44,64400.0,0,0.0,1,online,44.57,25,1,1,0.018610788128733236,Persuadable
3947,56,23200.0,2,0.08,625,in_store,20.5,0,0,0,0.07159475851921007,Persuadable
1790,52,44500.0,2,0.0,747,in_store,34.37,0,1,0,-0.017478938484018575,Not Persuadable
3807,30,27200.0,0,0.087,1,in_store,37.9,15,0,1,-0.002678251626389471,Not Persuadable
3658,63,38100.0,3,0.205,608,in_store,29.09,0,1,0,0.013045350387656552,Persuadable
1273,36,50700.0,3,0.04,298,online,47.62,0,0,0,-0.037487363720890524,Not Persuadable
3151,43,53400.0,1,0.188,628,in_store,39.61,0,0,0,0.19183916913056637,Highly Persuadable
333,32,44400.0,1,0.167,325,online,26.38,0,1,0,-0.0020758694243328307,Not Persuadable
1555,23,23600.0,1,0.0,1,in_store,24.28,0,0,0,0.09215664556728974,Persuadable
2752,35,44700.0,1,0.163,79,in_store,45.64,0,1,0,0.08372415911572363,Persuadable
2555,45,60200.0,3,0.143,228,online,36.7,15,1,1,0.14744159656854183,Highly Persuadable
3686,43,51000.0,0,0.0,265,in_store,48.15,0,1,0,-0.08269219088009569,Not Persuadable
1655,37,49600.0,1,0.061,118,online,32.82,0,1,0,0.05488279264193673,Persuadable
1117,54,35500.0,1,0.101,80,online,35.85,0,0,0,-0.08065716610841155,Not Persuadable
4077,18,15000.0,1,0.042,528,in_store,25.16,0,0,0,-0.04847238651623215,Not Persuadable
3571,49,35700.0,1,0.073,628,in_store,28.02,25,0,1,0.1060282099107847,Highly Persuadable
4630,28,65100.0,5,0.211,1,in_store,49.24,0,0,0,0.06625248541415532,Persuadable
3904,37,51800.0,1,0.007,1,in_store,36.93,20,0,1,0.08621299523984477,Persuadable
4456,70,76500.0,4,0.2,601,online,43.25,25,1,1,0.020396108389193684,Persuadable
446,22,22200.0,2,0.045,391,in_store,35.27,0,0,0,0.03714286142606872,Persuadable
2616,32,29600.0,2,0.021,648,online,29.91,15,1,1,0.1792458768685767,Highly Persuadable
453,63,87900.0,4,0.087,449,in_store,51.02,20,1,1,-0.08800334510878431,Not Persuadable
4811,41,36000.0,3,0.236,383,online,36.52,0,1,0,0.05295034016681523,Persuadable
4445,41,45400.0,3,0.0,287,in_store,47.81,10,1,1,-0.03194682674119618,Not Persuadable
4555,61,53900.0,5,0.165,646,in_store,38.33,25,0,1,0.15634510308597593,Highly Persuadable
15,46,54900.0,2,0.14,434,online,40.8,25,1,1,0.07329374717291458,Persuadable
3108,42,62200.0,1,0.022,1,online,42.35,0,0,0,0.014604387710734176,Persuadable
946,36,15300.0,0,0.095,286,online,28.97,20,1,1,0.06257138511715511,Persuadable
248,62,76600.0,2,0.0,56,online,62.55,5,0,1,0.01007737834611687,Persuadable
4184,68,88600.0,1,0.0,345,in_store,63.91,0,0,0,0.02766815012344699,Persuadable
361,38,36500.0,1,0.072,450,online,28.72,10,1,1,0.05922419099862277,Persuadable
4667,56,45000.0,4,0.071,510,online,39.4,25,0,1,-0.005486043120433306,Not Persuadable
3379,28,37400.0,2,0.0,277,in_store,32.63,0,0,0,0.02705574125666094,Persuadable
2319,67,50200.0,3,0.088,291,online,54.13,10,1,1,-0.04045331396284004,Not Persuadable
1492,40,39100.0,4,0.143,1,online,24.15,30,0,1,0.16831801416562006,Highly Persuadable
4776,49,55300.0,3,0.055,1,online,39.14,25,0,1,0.09972879873523642,Persuadable
1774,60,55400.0,4,0.034,414,in_store,38.41,25,0,1,-0.1494523898157033,Not Persuadable
4633,29,40200.0,2,0.08,95,online,39.55,0,0,0,0.06665541340532126,Persuadable
4372,33,37700.0,2,0.093,413,in_store,32.88,0,1,0,-0.10888831452039312,Not Persuadable
4895,30,47500.0,5,0.234,703,in_store,43.48,25,0,1,0.025534544053685666,Persuadable
2868,58,46200.0,6,0.184,658,online,30.95,0,1,0,0.09239043022264393,Persuadable
491,53,50700.0,4,0.234,92,online,47.5,0,1,0,0.10643570451200782,Highly Persuadable
863,39,29100.0,3,0.124,316,online,41.56,10,1,1,-0.06956453760025093,Not Persuadable
1766,38,34500.0,0,0.098,337,online,26.99,10,0,1,-0.06655880177302884,Not Persuadable
2228,47,58400.0,3,0.137,717,in_store,40.32,10,1,1,0.18409925273520153,Highly Persuadable
1903,47,39300.0,1,0.012,69,in_store,37.2,0,0,0,0.021769674024576385,Persuadable
2463,38,59700.0,4,0.162,251,online,33.63,0,1,0,0.11080964714037025,Highly Persuadable
4113,32,47000.0,0,0.103,1,online,30.32,10,0,1,-0.0451961652003547,Not Persuadable
507,69,58000.0,1,0.023,1,online,35.96,0,1,0,0.03434333026969254,Persuadable
2693,39,27600.0,1,0.0,516,online,37.86,25,0,1,0.058879574254570695,Persuadable
2016,42,36900.0,2,0.232,222,in_store,40.06,0,0,0,0.1786752855799429,Highly Persuadable
4388,47,39900.0,2,0.143,254,online,31.4,25,1,1,0.13350462577475103,Highly Persuadable
1223,45,49200.0,2,0.17,533,in_store,33.91,15,1,1,0.0806623920250631,Persuadable
1114,37,32800.0,0,0.124,6,online,18.78,15,0,1,0.026562285537811793,Persuadable
1933,30,40100.0,1,0.149,1,in_store,41.69,0,1,0,-0.007280738753126296,Not Persuadable
3439,37,58000.0,3,0.176,560,in_store,48.9,0,1,0,0.04577804341574488,Persuadable
1375,40,35500.0,2,0.0,601,in_store,30.47,0,0,0,0.1605774492781683,Highly Persuadable
4782,55,52700.0,0,0.048,62,online,33.55,25,0,1,0.003571502547616715,Persuadable
434,18,45300.0,2,0.019,130,online,25.57,0,0,0,0.01153834141247849,Persuadable
3876,45,33400.0,1,0.037,390,online,28.01,5,0,1,-0.04880489654501876,Not Persuadable
3170,26,29400.0,0,0.091,496,in_store,30.62,0,0,0,0.09873868467940135,Persuadable
2851,38,53400.0,3,0.276,677,online,31.27,15,0,1,0.08997172077299101,Persuadable
2108,27,41500.0,3,0.258,377,online,37.55,10,1,1,0.06921681565181836,Persuadable
2649,43,45400.0,3,0.0,325,online,32.97,0,1,0,0.03982770796196344,Persuadable
4125,49,36300.0,1,0.0,161,in_store,35.15,0,0,0,-0.014432560669745218,Not Persuadable
4636,26,35600.0,1,0.148,444,in_store,37.84,15,0,1,-0.10415761239109309,Not Persuadable
2437,28,53200.0,5,0.156,584,online,35.13,10,1,1,0.08657750524565788,Persuadable
4995,45,39500.0,2,0.092,426,in_store,38.58,0,1,0,-0.11081949807821118,Not Persuadable
1103,47,41900.0,3,0.287,348,online,39.59,20,1,1,0.11883869093172211,Highly Persuadable
1770,74,48200.0,4,0.187,673,in_store,55.22,30,1,1,0.14041042158856884,Highly Persuadable
1892,31,33500.0,3,0.183,332,in_store,26.72,30,0,1,0.059611481794692917,Persuadable
2155,43,74500.0,2,0.077,492,in_store,48.38,20,1,1,0.030633888103170893,Persuadable
3861,25,57800.0,4,0.191,360,in_store,37.92,15,1,1,0.04390776716669004,Persuadable
157,42,37100.0,1,0.165,1,online,37.53,0,0,0,0.12116341621892043,Highly Persuadable
4921,36,70900.0,5,0.394,386,online,47.84,10,1,1,0.015418680773862214,Persuadable
2891,30,38300.0,1,0.018,277,online,47.62,0,1,0,-0.11848857856811171,Not Persuadable
616,25,29000.0,1,0.043,268,in_store,22.98,10,0,1,0.009034246935628952,Persuadable
644,42,73000.0,1,0.065,513,online,52.97,0,1,0,0.011146748925164126,Persuadable
2881,44,39500.0,3,0.0,1,in_store,43.57,20,1,1,-0.0029195760252749953,Not Persuadable
2081,45,67300.0,5,0.096,741,in_store,54.15,0,1,0,0.021900470033714505,Persuadable
1069,57,40000.0,4,0.122,40,in_store,44.04,0,1,0,-0.1038434526957,Not Persuadable
3300,42,40200.0,2,0.0,1,online,40.1,30,1,1,0.09578824439953089,Persuadable
4290,45,48900.0,1,0.087,931,online,37.53,25,0,1,0.07325827289692448,Persuadable
4635,44,56100.0,4,0.139,72,in_store,45.92,20,1,1,-0.028994313164689773,Not Persuadable
4164,24,29800.0,1,0.046,394,online,30.97,5,1,1,0.02918866524974123,Persuadable
331,58,63800.0,1,0.128,333,online,39.6,0,1,0,-0.019894741865809827,Not Persuadable
4007,36,49900.0,1,0.135,1,online,28.7,0,1,0,0.05000530638291046,Persuadable
3017,32,48600.0,4,0.028,458,in_store,33.5,20,1,1,0.09941112637022875,Persuadable
2670,32,71900.0,4,0.025,149,in_store,45.17,15,1,1,0.040612135637777234,Persuadable
623,43,57400.0,1,0.041,12,online,50.6,5,0,1,-0.012654972727866415,Not Persuadable
3860,45,31200.0,0,0.056,402,online,32.76,0,0,0,0.04524452125390776,Persuadable
3139,46,56400.0,1,0.073,5,online,58.84,0,1,0,0.038565758474261136,Persuadable
3435,25,39500.0,1,0.114,1,online,38.35,0,1,0,-0.02735326427690625,Not Persuadable
2917,59,48600.0,6,0.26,99,in_store,43.49,0,1,0,0.06303594702727083,Persuadable
1947,31,68400.0,4,0.19,636,in_store,36.8,15,0,1,0.103130485209229,Highly Persuadable
1584,32,46000.0,2,0.051,461,online,38.61,0,1,0,0.02900864352591393,Persuadable
4407,34,37800.0,1,0.095,600,online,39.86,0,1,0,-0.018173803200660282,Not Persuadable
756,54,58800.0,6,0.108,380,online,45.32,10,1,1,-0.03733395869038451,Not Persuadable
519,51,65300.0,3,0.178,570,in_store,47.77,25,1,1,0.07138727853144096,Persuadable
3822,55,62200.0,2,0.192,831,in_store,42.54,0,0,0,0.212865571182527,Highly Persuadable
33,34,60000.0,5,0.197,836,in_store,42.25,0,0,0,0.17747418821630273,Highly Persuadable
2953,36,42300.0,2,0.117,211,in_store,38.49,0,1,0,0.03416358316202528,Persuadable
1158,58,52700.0,3,0.0,326,in_store,36.25,0,1,0,0.015862597115292584,Persuadable
745,41,53900.0,2,0.122,638,online,31.32,15,0,1,0.055410065169106744,Persuadable
2482,29,35800.0,2,0.147,85,online,34.8,5,1,1,0.06630242349426198,Persuadable
2419,47,45900.0,6,0.119,736,in_store,51.62,20,1,1,-0.002031987465764707,Not Persuadable
1973,41,28600.0,3,0.253,522,in_store,40.24,0,0,0,0.13408143010300946,Highly Persuadable
2884,54,78000.0,4,0.09,793,online,49.99,25,0,1,0.06297797533210744,Persuadable
784,51,45300.0,3,0.319,1,online,44.08,0,0,0,0.15925964914411436,Highly Persuadable
4491,61,71000.0,2,0.03,124,in_store,49.63,25,0,1,0.037826844003330445,Persuadable
2523,37,49800.0,1,0.0,1,online,34.9,0,1,0,0.04474263804640794,Persuadable
230,37,38600.0,3,0.045,381,online,18.99,15,0,1,0.06527925855172124,Persuadable
858,45,48600.0,1,0.065,314,in_store,24.91,5,0,1,0.11445985407123743,Highly Persuadable
4911,31,33300.0,1,0.035,75,online,29.66,10,1,1,0.1485692232982866,Highly Persuadable
2378,32,15000.0,1,0.114,61,in_store,54.99,0,1,0,-0.050968885071478974,Not Persuadable
409,18,15000.0,2,0.116,490,online,22.98,20,0,1,-0.006425837525631868,Not Persuadable
171,32,50700.0,2,0.078,528,online,49.63,25,0,1,-0.07552798030035414,Not Persuadable
541,20,33400.0,0,0.083,67,online,23.74,0,0,0,0.03520738017946404,Persuadable
2226,43,49200.0,2,0.034,463,online,54.93,0,1,0,-0.11611172423540249,Not Persuadable
2320,37,39100.0,0,0.024,227,online,39.09,20,1,1,0.07759639466086171,Persuadable
3482,51,54500.0,7,0.027,503,online,42.81,0,0,0,0.06866190775860233,Persuadable
614,45,70700.0,1,0.04,232,in_store,53.17,20,1,1,0.11648393240549035,Highly Persuadable
4950,50,45600.0,3,0.133,766,in_store,33.45,0,1,0,0.08773776337319993,Persuadable
1834,45,31800.0,2,0.149,799,online,47.85,25,0,1,-0.0432158689640324,Not Persuadable
3454,49,59300.0,2,0.0,403,in_store,52.44,15,0,1,-0.04732743049775651,Not Persuadable
1162,36,33100.0,3,0.122,346,in_store,28.27,25,0,1,0.004350247497305117,Persuadable
2427,65,70300.0,4,0.299,549,in_store,47.0,30,0,1,0.005494723081083793,Persuadable
2381,37,42300.0,3,0.328,349,online,43.99,0,0,0,0.09628445906502073,Persuadable
1619,44,64800.0,3,0.001,252,online,39.69,0,0,0,0.2032832585714246,Highly Persuadable
1635,43,48700.0,2,0.0,232,in_store,21.85,20,0,1,0.11343670457942048,Highly Persuadable
1508,39,46300.0,6,0.238,1,in_store,32.51,0,1,0,0.02756543469580323,Persuadable
2214,61,53900.0,3,0.02,194,online,40.79,20,1,1,0.08710653668108546,Persuadable
565,51,41500.0,0,0.119,151,in_store,34.65,0,1,0,-0.03502690239833724,Not Persuadable
4615,33,59700.0,4,0.132,630,online,44.97,15,1,1,0.0562004933652678,Persuadable
4258,53,66600.0,2,0.025,122,in_store,44.11,0,0,0,0.007997958803398663,Persuadable
2439,52,42600.0,3,0.048,203,in_store,34.08,0,0,0,0.044657902810866436,Persuadable
4797,44,56900.0,1,0.087,421,in_store,38.13,25,1,1,-0.03920984593308673,Not Persuadable
2400,47,50600.0,1,0.0,675,in_store,42.63,0,1,0,0.012665467768821877,Persuadable
1421,37,42800.0,3,0.053,272,in_store,40.23,5,1,1,0.1744683313737805,Highly Persuadable
4939,48,48000.0,0,0.011,206,online,45.55,15,1,1,0.006433737778449554,Persuadable
3492,29,68500.0,5,0.237,326,online,45.04,10,0,1,0.07185016700345243,Persuadable
3930,31,28700.0,4,0.117,724,in_store,31.87,15,1,1,0.1048625764016721,Highly Persuadable
2743,30,15000.0,1,0.016,1,online,25.73,0,0,0,0.07088220999127673,Persuadable
2500,55,29000.0,3,0.076,52,online,15.34,0,1,0,-0.11717724946741645,Not Persuadable
1406,48,63600.0,4,0.091,274,in_store,50.77,15,1,1,0.03195234432936401,Persuadable
1173,39,40000.0,1,0.058,407,in_store,34.6,10,1,1,-0.02027483264376169,Not Persuadable
4327,53,65100.0,1,0.182,519,in_store,56.09,25,1,1,0.07296444059175299,Persuadable
326,49,76100.0,5,0.234,1,online,53.53,0,0,0,0.17212877719593084,Highly Persuadable
1052,38,38000.0,3,0.04,227,online,31.59,0,0,0,0.07645977604144497,Persuadable
4977,42,44900.0,3,0.062,528,in_store,41.12,0,0,0,0.09286177809050891,Persuadable
3310,35,42000.0,6,0.082,1,online,38.83,10,1,1,0.08723201733322443,Persuadable
2901,33,32600.0,0,0.121,65,in_store,38.96,0,1,0,-0.050225080825470156,Not Persuadable
2785,45,32200.0,2,0.181,1,online,30.22,10,1,1,0.11392536174210412,Highly Persuadable
1197,25,47600.0,3,0.17,133,online,11.15,0,1,0,-0.016431585551264054,Not Persuadable
621,35,79900.0,4,0.051,211,in_store,31.28,10,0,1,0.009746363411324593,Persuadable
1565,29,56600.0,3,0.164,204,in_store,46.06,20,1,1,0.07399783478119544,Persuadable
2895,32,64600.0,4,0.145,408,in_store,41.01,5,0,1,-0.02559872753909155,Not Persuadable
1190,38,40500.0,2,0.238,495,in_store,52.17,15,0,1,0.02204770240132203,Persuadable
329,26,43500.0,5,0.03,737,online,52.78,0,0,0,-0.022540592887148315,Not Persuadable
649,42,22900.0,2,0.082,34,online,27.82,0,1,0,0.059422601522071065,Persuadable
898,30,63500.0,3,0.191,220,online,52.84,15,1,1,0.10646687512862754,Highly Persuadable
1490,42,35300.0,1,0.179,492,online,41.02,20,0,1,-0.015696398797243966,Not Persuadable
1124,37,39300.0,3,0.0,448,in_store,30.4,20,1,1,0.19739934613037727,Highly Persuadable
1919,36,37600.0,7,0.128,802,online,43.63,0,0,0,-0.007750458387963781,Not Persuadable
4654,35,52500.0,1,0.0,76,in_store,38.03,15,0,1,-0.012977206321145329,Not Persuadable
4387,37,47300.0,1,0.138,492,in_store,45.16,15,1,1,-0.06463809044236651,Not Persuadable
1420,40,44000.0,4,0.0,76,online,35.35,30,0,1,0.01659965261944627,Persuadable
3817,39,43400.0,4,0.054,435,in_store,24.17,0,1,0,-0.010643878972279043,Not Persuadable
2589,44,30400.0,1,0.048,771,in_store,47.59,30,1,1,-0.018612455766159754,Not Persuadable
4716,60,72000.0,5,0.218,796,in_store,50.41,0,1,0,0.012499591323539538,Persuadable
3270,30,48400.0,1,0.055,77,online,50.33,0,1,0,-0.03799520588265942,Not Persuadable
3695,55,68100.0,3,0.118,481,in_store,47.59,20,0,1,-0.09654554715168678,Not Persuadable
2078,41,41100.0,2,0.044,430,online,24.7,20,0,1,0.004892450447173006,Persuadable
1024,47,59500.0,5,0.239,672,online,42.55,30,1,1,0.17309747901699601,Highly Persuadable
3008,53,42600.0,3,0.08,252,in_store,34.1,0,0,0,0.03293682736953203,Persuadable
2407,43,19100.0,0,0.092,279,in_store,28.82,10,0,1,-0.025409372453382408,Not Persuadable
1627,18,37600.0,0,0.014,290,in_store,33.05,0,0,0,-0.035819936166685724,Not Persuadable
4295,41,29300.0,1,0.163,259,in_store,25.48,10,1,1,0.12135818460510303,Highly Persuadable
2949,49,45500.0,4,0.132,628,in_store,32.21,0,0,0,0.20092967389827,Highly Persuadable
810,43,32300.0,1,0.14,296,online,35.7,0,1,0,-0.009876155245526418,Not Persuadable
2866,25,34200.0,0,0.031,164,online,43.69,0,0,0,0.011971815875548521,Persuadable
979,23,25200.0,5,0.016,437,online,13.5,10,0,1,-0.09508443420119841,Not Persuadable
4522,44,42700.0,2,0.254,485,in_store,29.27,0,0,0,0.14393176084303982,Highly Persuadable
2706,38,37800.0,2,0.103,95,in_store,31.75,0,0,0,0.12156403422028668,Highly Persuadable
3263,44,47500.0,1,0.042,682,in_store,45.29,0,0,0,0.022811580326061294,Persuadable
4449,57,44900.0,1,0.0,322,in_store,40.72,5,0,1,0.005335954752594614,Persuadable
2789,33,35500.0,1,0.098,274,in_store,22.38,0,0,0,0.09341326147614365,Persuadable
4158,56,81800.0,3,0.246,14,in_store,58.33,0,0,0,0.21031445709617355,Highly Persuadable
1514,18,27900.0,2,0.08,493,online,44.77,25,0,1,-0.04362321319412654,Not Persuadable
3479,54,35900.0,3,0.053,456,in_store,33.41,0,0,0,0.04350754712792328,Persuadable
2043,63,29200.0,1,0.054,453,online,26.68,0,0,0,-0.027542110164392,Not Persuadable
175,25,65800.0,2,0.02,513,online,43.33,0,0,0,0.007589689581606771,Persuadable
3291,37,40400.0,4,0.057,515,in_store,44.1,0,0,0,0.027915336443351278,Persuadable
1989,30,28500.0,0,0.061,96,online,31.56,0,1,0,0.13006983794388471,Highly Persuadable
1504,44,59600.0,1,0.012,321,in_store,49.49,0,1,0,-0.08485437997859412,Not Persuadable
4472,31,23500.0,1,0.07,380,in_store,17.8,10,0,1,-0.032482806298009134,Not Persuadable
218,56,74500.0,4,0.0,502,online,45.36,0,0,0,0.06036585891008756,Persuadable
3933,44,33300.0,1,0.113,803,in_store,35.77,0,1,0,0.0018056489267800964,Persuadable
3739,32,31400.0,1,0.095,574,online,25.91,20,0,1,-0.025823960166321717,Not Persuadable
691,44,75400.0,2,0.056,492,in_store,55.01,20,1,1,-0.05706489188275673,Not Persuadable
2593,46,51400.0,3,0.075,636,online,51.49,0,1,0,-0.011978022760658185,Not Persuadable
3801,36,54100.0,2,0.087,71,in_store,36.77,20,1,1,0.07514373038814658,Persuadable
3474,47,72800.0,1,0.023,434,in_store,58.7,30,0,1,-0.041544298233071354,Not Persuadable
1107,24,30300.0,1,0.0,406,in_store,21.06,0,0,0,-0.05879896353571785,Not Persuadable
1551,21,32200.0,0,0.185,1,online,53.63,0,0,0,-0.07093822383065201,Not Persuadable
2442,47,43900.0,0,0.0,64,in_store,25.19,0,0,0,0.019797396784182218,Persuadable
1552,31,22800.0,1,0.138,307,online,26.06,0,1,0,0.08668030145628103,Persuadable
612,43,37100.0,4,0.0,69,online,30.07,0,0,0,0.11374433204272588,Highly Persuadable
3257,32,48400.0,2,0.043,247,in_store,39.75,0,0,0,0.13996337594592972,Highly Persuadable
3730,43,29700.0,0,0.145,13,online,34.62,0,1,0,0.040801486293021626,Persuadable
577,56,62700.0,3,0.169,726,in_store,33.6,5,1,1,0.17770828796858232,Highly Persuadable
2079,18,16300.0,1,0.053,446,in_store,20.49,0,0,0,0.02040969293921034,Persuadable
4446,27,44300.0,1,0.033,257,in_store,20.16,5,1,1,-0.01601550172554328,Not Persuadable
1181,24,34700.0,1,0.036,190,online,29.81,10,0,1,0.042359221472722995,Persuadable
889,18,43500.0,2,0.216,123,in_store,24.08,15,1,1,0.05286827725988546,Persuadable
3144,43,62200.0,0,0.222,322,in_store,49.71,0,0,0,0.019618141318367532,Persuadable
3925,40,27900.0,2,0.0,204,in_store,17.16,0,0,0,0.06586796961431765,Persuadable
2679,19,24700.0,2,0.065,1,in_store,13.81,0,0,0,0.005010504666794684,Persuadable
818,43,43500.0,1,0.009,508,online,33.98,0,1,0,-0.009072079190737933,Not Persuadable
3293,34,34900.0,3,0.0,310,in_store,32.76,15,0,1,0.11074258091799874,Highly Persuadable
1887,27,34400.0,2,0.003,272,online,34.66,30,1,1,0.024582776592669258,Persuadable
209,29,31800.0,1,0.028,100,online,31.63,0,1,0,0.15187162363239157,Highly Persuadable
294,18,66400.0,0,0.156,1,online,34.46,15,0,1,-0.03127976170215566,Not Persuadable
1120,28,30400.0,1,0.0,4,in_store,36.43,25,0,1,-0.02015745882005665,Not Persuadable
2229,66,49500.0,0,0.113,157,in_store,41.09,0,0,0,-0.0015736445989416028,Not Persuadable
2252,39,37600.0,1,0.083,361,online,33.05,20,0,1,-0.11644100494441745,Not Persuadable
1265,39,45500.0,3,0.095,131,online,42.22,0,1,0,-0.05473496790998674,Not Persuadable
991,50,20500.0,5,0.119,1,in_store,35.91,0,0,0,0.05490167786096572,Persuadable
4294,55,31400.0,0,0.0,264,in_store,19.08,0,0,0,-0.039180917633563316,Not Persuadable
1533,52,71100.0,1,0.0,388,online,42.53,0,1,0,-0.03744928878932622,Not Persuadable
354,50,40000.0,2,0.226,32,in_store,38.55,0,0,0,0.15088635007316561,Highly Persuadable
1879,57,57300.0,4,0.0,188,online,48.03,0,0,0,0.06587597040549474,Persuadable
3657,37,26400.0,2,0.136,1,in_store,24.55,0,0,0,0.05611308402425105,Persuadable
4026,28,20900.0,3,0.154,283,online,33.63,0,0,0,0.100075960091792,Highly Persuadable
2571,67,25300.0,4,0.179,1027,in_store,19.95,0,1,0,0.1321307163890045,Highly Persuadable
3064,42,55000.0,4,0.151,748,online,50.83,0,1,0,0.0708226648364573,Persuadable
1229,47,40400.0,3,0.207,581,online,30.62,10,1,1,0.10055578866411886,Highly Persuadable
260,24,37800.0,1,0.154,129,online,43.89,10,1,1,0.024536786272216275,Persuadable
1542,50,62100.0,3,0.0,402,in_store,65.1,0,0,0,0.040717056372035695,Persuadable
4804,52,25600.0,2,0.139,337,online,34.94,0,1,0,-0.0006132950803464749,Not Persuadable
4750,19,37400.0,2,0.088,236,online,35.4,0,0,0,-0.06498827945164487,Not Persuadable
4842,28,33200.0,3,0.082,202,in_store,34.3,0,0,0,0.005122305040665623,Persuadable
2597,55,55700.0,2,0.045,1,in_store,44.56,0,0,0,0.06229713967360156,Persuadable
53,23,49900.0,1,0.195,3,in_store,36.72,10,1,1,0.10468862688354738,Highly Persuadable
2212,52,36900.0,3,0.162,38,online,42.81,10,0,1,-0.005718326495441751,Not Persuadable
1868,48,53200.0,3,0.274,1,in_store,56.72,20,1,1,0.1897669888719905,Highly Persuadable
3572,49,58500.0,3,0.136,173,online,41.24,25,1,1,0.08386147887007794,Persuadable
3654,49,33200.0,4,0.242,665,online,31.59,15,0,1,0.09893710807889614,Persuadable
2803,50,50200.0,1,0.136,409,online,37.85,0,0,0,0.080693797817064,Persuadable
2898,41,58000.0,1,0.128,668,online,49.18,0,1,0,0.0031774889363055427,Persuadable
1480,60,55700.0,3,0.246,454,in_store,46.22,15,1,1,0.07444312899235858,Persuadable
1034,46,55400.0,2,0.028,398,in_store,35.51,0,1,0,-0.07443128677322326,Not Persuadable
1098,46,37000.0,2,0.129,303,online,40.45,0,1,0,0.002408220020793253,Persuadable
1470,19,52600.0,1,0.0,258,online,39.71,0,1,0,0.021465746144463546,Persuadable
544,38,25900.0,2,0.209,1,online,12.44,0,0,0,0.15839402203267744,Highly Persuadable
1047,34,54400.0,1,0.0,325,online,42.24,15,0,1,0.03274769726016562,Persuadable
1922,52,45400.0,2,0.051,84,in_store,45.26,30,1,1,0.11019227236057869,Highly Persuadable
1596,45,41000.0,3,0.084,61,in_store,40.29,0,1,0,0.14972445338043566,Highly Persuadable
31,66,81000.0,5,0.122,559,in_store,62.02,0,1,0,-0.0548407849411112,Not Persuadable
726,58,60900.0,5,0.015,780,online,48.88,0,0,0,0.06745491897644854,Persuadable
2451,34,15000.0,0,0.109,376,in_store,13.41,0,0,0,0.081880430274269,Persuadable
4529,32,42800.0,0,0.153,346,in_store,33.13,10,0,1,0.02517659671993187,Persuadable
3922,36,51800.0,3,0.236,197,in_store,36.22,15,0,1,-0.011014988371198577,Not Persuadable
1427,50,66900.0,2,0.31,212,in_store,40.1,25,1,1,0.049297354621347295,Persuadable
2513,43,52000.0,3,0.002,1,online,32.26,0,0,0,0.02259912528024301,Persuadable
437,34,32400.0,0,0.065,86,in_store,39.94,0,1,0,0.018359907812277046,Persuadable
4746,43,61000.0,2,0.164,155,in_store,39.28,25,0,1,0.0535134549089155,Persuadable
913,47,58900.0,5,0.079,256,online,46.49,0,1,0,-0.055920170033130115,Not Persuadable
4232,48,52800.0,5,0.194,570,in_store,50.52,10,1,1,0.09749449628341766,Persuadable
4174,31,31500.0,1,0.025,51,in_store,22.02,10,1,1,0.10861499556793924,Highly Persuadable
4523,38,50900.0,2,0.136,376,online,27.3,5,1,1,0.08122737153185491,Persuadable
4311,44,49300.0,0,0.005,302,online,35.19,0,0,0,0.012929944714696774,Persuadable
2303,18,21700.0,0,0.041,266,online,15.89,0,0,0,-0.0834445477398427,Not Persuadable
2707,45,75200.0,4,0.09,246,online,56.5,0,1,0,0.15031880066743356,Highly Persuadable
1239,47,34700.0,1,0.051,162,online,33.46,5,0,1,-0.017393560670014702,Not Persuadable
904,59,60700.0,3,0.049,98,in_store,31.85,0,0,0,0.05311296972008512,Persuadable
4244,31,50800.0,0,0.017,66,in_store,48.82,0,0,0,-0.034234775711863154,Not Persuadable
3160,32,36800.0,4,0.001,101,in_store,24.65,0,0,0,-0.0505230277814181,Not Persuadable
4005,57,75100.0,0,0.15,118,online,44.09,30,0,1,-0.00039191438928414153,Not Persuadable
508,45,30500.0,0,0.0,265,in_store,32.12,0,0,0,0.07455896404391785,Persuadable
4511,37,48000.0,1,0.056,451,in_store,44.09,10,1,1,0.027208270745126023,Persuadable
184,53,99400.0,5,0.081,325,in_store,62.98,15,1,1,0.05514907075218139,Persuadable
4336,30,15000.0,1,0.0,170,in_store,27.03,0,0,0,-0.027666720333456282,Not Persuadable
1498,26,48600.0,3,0.028,424,in_store,39.5,5,0,1,0.01835712415842945,Persuadable
3888,35,33700.0,2,0.151,490,in_store,27.37,0,1,0,0.0949503552347252,Persuadable
322,38,21100.0,0,0.0,713,online,26.7,0,1,0,0.0627101528005839,Persuadable
2520,19,15000.0,0,0.109,332,online,26.53,0,0,0,0.02146520398162706,Persuadable
1534,26,59200.0,3,0.097,317,in_store,45.21,5,0,1,-0.0013203387885210001,Not Persuadable
3814,37,51300.0,1,0.049,271,in_store,42.3,0,1,0,0.06384409170964929,Persuadable
2396,26,35800.0,2,0.203,46,in_store,40.89,0,1,0,0.03225497033761139,Persuadable
2701,50,44700.0,1,0.263,338,online,36.74,20,1,1,0.05914823745167193,Persuadable
4626,45,62900.0,4,0.232,770,in_store,43.61,0,1,0,0.05161315914937765,Persuadable
2660,45,52400.0,2,0.033,429,online,36.1,15,0,1,-0.030702621517478677,Not Persuadable
4448,40,36900.0,1,0.106,280,in_store,40.73,0,0,0,-0.014784980980032678,Not Persuadable
1147,46,41900.0,3,0.186,6,online,26.62,0,0,0,0.1554664268845401,Highly Persuadable
4474,51,70100.0,0,0.001,260,in_store,40.8,15,0,1,0.05798496939995949,Persuadable
45,41,15000.0,1,0.181,254,in_store,35.29,0,0,0,0.08054326818842336,Persuadable
2526,48,73300.0,6,0.124,634,online,44.87,15,1,1,0.05615398070940827,Persuadable
3467,56,45400.0,5,0.184,421,online,43.37,10,0,1,-0.01285966503883704,Not Persuadable
1850,48,70100.0,2,0.128,209,online,36.56,15,1,1,0.0934585553950143,Persuadable
1379,43,52400.0,5,0.169,316,in_store,43.52,0,0,0,0.08235977520178886,Persuadable
4845,39,34300.0,3,0.219,380,online,22.73,10,1,1,0.21868026164232382,Highly Persuadable
3028,24,47900.0,5,0.181,535,online,41.64,0,1,0,-0.017047067058592574,Not Persuadable
414,49,65600.0,4,0.026,499,in_store,40.74,5,0,1,-0.001417845664259797,Not Persuadable
2174,25,27600.0,1,0.223,588,online,42.29,15,0,1,0.012998670122021558,Persuadable
1408,48,47300.0,0,0.02,247,in_store,32.39,25,0,1,-0.02955616137217592,Not Persuadable
2125,40,44600.0,4,0.063,1,online,39.76,0,0,0,0.12410063966658977,Highly Persuadable
802,27,15400.0,1,0.1,579,in_store,15.19,5,1,1,0.019828333251602936,Persuadable
1289,64,63300.0,5,0.133,131,in_store,34.83,15,1,1,0.010941264713331185,Persuadable
2198,40,42600.0,3,0.082,550,in_store,42.97,0,1,0,0.037973956560811185,Persuadable
2458,33,31900.0,2,0.0,681,in_store,32.96,0,1,0,0.08280904116000334,Persuadable
1722,23,50300.0,1,0.128,1,online,36.67,0,1,0,0.057543414069326046,Persuadable
2334,40,75000.0,4,0.106,263,online,53.4,20,1,1,0.08330664783273109,Persuadable
257,45,56200.0,3,0.21,280,online,34.18,0,1,0,0.02167936912107593,Persuadable
4540,48,57100.0,0,0.047,1,in_store,31.41,0,0,0,0.05520433335194127,Persuadable
1715,28,22100.0,0,0.0,445,in_store,17.03,0,0,0,-0.019882149499717797,Not Persuadable
1152,52,45400.0,0,0.114,349,online,47.61,0,1,0,-0.028180664536538044,Not Persuadable
2317,37,25100.0,2,0.221,429,in_store,26.2,10,1,1,0.18333093707292605,Highly Persuadable
648,19,18000.0,0,0.19,321,online,19.22,15,0,1,0.03723812336494987,Persuadable
4495,44,22900.0,0,0.117,707,in_store,23.6,20,0,1,0.0457800570989171,Persuadable
4245,43,47200.0,2,0.066,447,in_store,28.88,10,0,1,0.06863933616681306,Persuadable
4217,55,34600.0,2,0.121,532,online,26.22,15,1,1,0.019002406410993343,Persuadable
3787,36,67200.0,2,0.105,432,online,41.73,20,1,1,-0.011391549544027279,Not Persuadable
1316,62,90000.0,5,0.222,844,online,58.58,0,1,0,0.00010953293898115658,Persuadable
2030,34,48800.0,2,0.24,624,in_store,31.8,0,1,0,0.09220872573049345,Persuadable
3254,52,73500.0,2,0.132,1,online,57.64,5,1,1,0.057886071588066024,Persuadable
2481,62,75200.0,5,0.065,380,online,43.9,0,1,0,-0.06942918950435696,Not Persuadable
3728,48,41100.0,4,0.126,760,online,32.49,20,0,1,0.057127736595092606,Persuadable
1351,37,49000.0,7,0.281,812,online,35.37,15,0,1,0.06781590695128252,Persuadable
2516,33,38500.0,1,0.201,1,in_store,38.59,25,0,1,0.11908381776206314,Highly Persuadable
113,33,40700.0,0,0.097,1,online,46.1,0,0,0,0.007034485372652567,Persuadable
3149,61,66800.0,5,0.231,46,in_store,36.48,15,1,1,0.09268004294825583,Persuadable
264,33,48500.0,2,0.129,361,in_store,40.98,0,1,0,0.048251092347711834,Persuadable
1394,46,49400.0,2,0.059,282,in_store,48.59,20,0,1,-0.039435047011452604,Not Persuadable
1906,26,47000.0,2,0.214,291,in_store,49.64,0,0,0,0.04817128933158606,Persuadable
1187,36,46000.0,2,0.101,387,online,45.53,5,0,1,-0.0880608212940048,Not Persuadable
2368,35,48800.0,3,0.036,1,online,34.01,0,0,0,0.07400476274300677,Persuadable
57,37,39200.0,2,0.11,459,online,36.73,0,0,0,-0.025867334011227795,Not Persuadable
1310,36,20900.0,0,0.024,1,in_store,37.0,20,0,1,0.027953826954569636,Persuadable
696,31,72100.0,3,0.153,422,in_store,45.89,0,0,0,0.08783159282813578,Persuadable
4213,47,63300.0,2,0.08,200,in_store,45.45,0,1,0,-0.10414148357674621,Not Persuadable
4763,44,45300.0,7,0.222,349,in_store,29.23,25,1,1,0.13558891387654812,Highly Persuadable
1752,33,38300.0,2,0.156,151,in_store,41.29,0,1,0,0.03154608488013797,Persuadable
1925,39,44200.0,0,0.0,55,online,45.55,25,1,1,0.021790395474227092,Persuadable
4031,25,35600.0,2,0.124,647,online,32.78,0,0,0,0.12400289807230659,Highly Persuadable
320,26,39400.0,2,0.033,246,in_store,23.24,5,0,1,-0.03818062547198751,Not Persuadable
2338,50,37100.0,3,0.134,198,in_store,30.74,30,1,1,0.08374195309781128,Persuadable
683,55,50200.0,3,0.213,452,online,31.78,5,0,1,-0.015998090455663153,Not Persuadable
2331,29,38700.0,0,0.014,1,online,30.5,30,1,1,0.15917079332714804,Highly Persuadable
4697,49,45100.0,1,0.0,440,online,37.53,25,0,1,0.00873287733789752,Persuadable
3566,60,46000.0,0,0.069,129,in_store,28.58,0,1,0,-0.0904790488639953,Not Persuadable
3524,21,25500.0,1,0.138,476,in_store,33.48,0,1,0,-0.03315346330042366,Not Persuadable
3857,26,18400.0,1,0.043,21,online,14.93,5,1,1,0.03854533836315579,Persuadable
287,43,33300.0,3,0.101,361,online,33.8,0,1,0,-0.09283636154867367,Not Persuadable
2187,39,35400.0,2,0.212,183,in_store,35.2,20,1,1,0.16834207591976166,Highly Persuadable
4274,62,67300.0,4,0.091,490,in_store,35.1,0,1,0,-0.08840444934756117,Not Persuadable
3362,18,25500.0,0,0.057,93,in_store,26.89,0,1,0,0.0756180805642906,Persuadable
1745,48,58900.0,4,0.131,703,online,36.63,5,1,1,0.1386633786158718,Highly Persuadable
1741,35,21400.0,2,0.033,933,online,18.01,0,1,0,0.07287941252821746,Persuadable
3516,36,15000.0,3,0.158,531,online,19.15,30,0,1,0.10920232236283074,Highly Persuadable
1836,41,46300.0,7,0.358,1,in_store,39.21,0,1,0,0.07932844020209523,Persuadable
2099,18,27400.0,1,0.0,266,online,19.37,20,0,1,-0.05833604076853702,Not Persuadable
737,49,58500.0,3,0.113,207,in_store,35.42,0,1,0,0.0952470137288965,Persuadable
3351,41,49700.0,4,0.153,318,in_store,35.63,0,0,0,0.14446240783140546,Highly Persuadable
337,32,51700.0,2,0.153,420,in_store,33.81,10,1,1,0.08191788375285246,Persuadable
3502,56,59700.0,0,0.193,299,in_store,42.9,0,1,0,-0.03804391631628254,Not Persuadable
4562,31,36400.0,2,0.033,327,online,26.06,0,1,0,-0.04402706106342629,Not Persuadable
2657,43,30900.0,4,0.143,635,online,34.3,0,0,0,0.16268927153127138,Highly Persuadable
4415,38,74600.0,0,0.0,646,online,45.49,15,1,1,0.026004668698072622,Persuadable
1072,27,16300.0,0,0.136,256,online,30.07,0,0,0,0.09204545170861084,Persuadable
2306,34,34600.0,0,0.0,285,in_store,31.2,0,1,0,0.01201201254498239,Persuadable
1698,68,58000.0,0,0.007,273,in_store,57.35,25,1,1,0.12424952414799335,Highly Persuadable
3593,62,62000.0,3,0.172,185,in_store,43.57,10,0,1,-0.09990503072194795,Not Persuadable
3634,38,59700.0,3,0.134,347,in_store,38.27,0,0,0,0.1353445043269105,Highly Persuadable
4123,28,27300.0,1,0.15,366,online,24.75,0,0,0,0.1012920022261149,Highly Persuadable
4955,53,15000.0,4,0.089,200,online,31.4,15,0,1,-0.04088649237399354,Not Persuadable
3382,44,46800.0,2,0.0,227,in_store,49.68,0,0,0,0.013484596412513023,Persuadable
1489,44,36700.0,2,0.131,233,in_store,37.86,0,1,0,-0.0023584443855253897,Not Persuadable
499,18,40800.0,0,0.092,520,online,28.56,20,1,1,0.010972198072968167,Persuadable
4355,28,21600.0,2,0.262,473,in_store,33.54,0,1,0,0.051764557198314035,Persuadable
3246,44,42000.0,3,0.171,370,in_store,38.73,0,0,0,0.12789632212229876,Highly Persuadable
2573,58,49600.0,0,0.119,213,online,28.98,5,0,1,0.0007656507974873536,Persuadable
2601,33,44300.0,3,0.071,586,in_store,36.31,0,1,0,-0.04138072341163133,Not Persuadable
3289,35,32100.0,5,0.213,912,online,22.33,20,0,1,0.12007539960275847,Highly Persuadable
4423,23,30100.0,1,0.073,32,in_store,38.18,0,1,0,-0.05466706747816459,Not Persuadable
2146,32,33200.0,0,0.0,237,online,28.22,5,0,1,-0.06911674311296172,Not Persuadable
1611,43,15000.0,2,0.056,160,in_store,24.69,0,1,0,-0.006755554405365346,Not Persuadable
2352,47,48700.0,3,0.015,237,in_store,45.89,0,0,0,0.035544582170955324,Persuadable
4202,18,15600.0,0,0.062,275,online,28.8,20,0,1,0.011120849796625518,Persuadable
3249,50,72000.0,3,0.092,599,in_store,51.08,15,1,1,0.09146611849454994,Persuadable
1023,45,46700.0,3,0.108,342,online,42.21,10,1,1,0.05549519855819763,Persuadable
2298,31,35400.0,4,0.189,201,in_store,38.4,0,0,0,0.10670116228971976,Highly Persuadable
4897,47,48400.0,1,0.057,9,online,31.7,15,0,1,0.05130804680805867,Persuadable
2705,43,48900.0,3,0.06,212,in_store,42.16,25,1,1,0.02529102995495916,Persuadable
3079,25,44200.0,2,0.048,1,in_store,27.41,25,1,1,-0.007474649173403425,Not Persuadable
2046,28,39100.0,1,0.123,1,in_store,25.8,10,1,1,0.06036641104070859,Persuadable
666,20,30000.0,1,0.027,1,in_store,24.3,0,1,0,0.06513550084225919,Persuadable
3951,31,58600.0,2,0.102,1,in_store,45.95,0,1,0,-0.0719558632198067,Not Persuadable
2654,30,37400.0,4,0.249,211,in_store,19.68,20,1,1,0.11614754810543569,Highly Persuadable
1927,33,20300.0,4,0.193,358,in_store,19.13,15,1,1,0.12478659932796946,Highly Persuadable
4276,35,58500.0,3,0.272,1,in_store,46.8,30,0,1,0.1293728109936831,Highly Persuadable
2182,43,52600.0,7,0.152,531,in_store,37.33,10,1,1,0.18651230129461993,Highly Persuadable
1018,37,20600.0,1,0.021,455,in_store,38.98,20,0,1,0.06768471712732554,Persuadable
558,28,44400.0,3,0.116,540,online,32.98,15,1,1,0.014966737902517936,Persuadable
2415,53,28200.0,3,0.221,233,online,29.62,25,1,1,0.17049025934104411,Highly Persuadable
1208,29,26100.0,1,0.0,453,in_store,41.48,10,1,1,-0.049010081538999745,Not Persuadable
3868,60,72800.0,2,0.0,646,online,42.01,0,1,0,0.06147473440586418,Persuadable
2672,57,75800.0,6,0.161,854,in_store,54.05,30,1,1,0.08598419394768617,Persuadable
4380,24,38000.0,1,0.196,17,online,27.72,15,0,1,0.043039272632908694,Persuadable
1511,41,36300.0,1,0.092,375,online,22.36,0,1,0,-0.02755477592756506,Not Persuadable
4288,32,24300.0,0,0.009,188,online,45.6,25,1,1,-0.04709210152875601,Not Persuadable
246,25,37000.0,2,0.156,298,online,14.88,20,1,1,0.19953264585404798,Highly Persuadable
1164,22,25600.0,0,0.0,168,in_store,27.96,0,1,0,0.08590252796206783,Persuadable
4400,25,34600.0,0,0.0,1,in_store,46.82,0,1,0,-0.14998120450629138,Not Persuadable
267,42,24200.0,1,0.075,72,online,25.96,0,1,0,-0.021173019488485094,Not Persuadable
3075,55,88000.0,3,0.123,427,online,62.1,0,1,0,-0.0765798532530597,Not Persuadable
1115,41,52700.0,2,0.265,457,in_store,54.18,0,1,0,0.010725214552031922,Persuadable
64,47,47000.0,2,0.001,107,in_store,30.53,0,1,0,0.012176328500860324,Persuadable
2608,38,26500.0,2,0.056,102,online,36.21,20,0,1,0.08839424755568351,Persuadable
4972,23,49800.0,1,0.104,308,online,39.43,0,0,0,0.09077802278557041,Persuadable
2979,33,52000.0,3,0.168,494,online,43.9,20,1,1,0.10442653767752216,Highly Persuadable
3027,49,65900.0,1,0.0,95,online,51.17,20,0,1,-0.046269665318770935,Not Persuadable
3092,32,100200.0,3,0.05,84,in_store,64.74,15,0,1,-0.010296129905231903,Not Persuadable
3920,45,32500.0,1,0.018,1,in_store,35.0,20,0,1,0.054254281460530955,Persuadable
4352,26,41800.0,2,0.116,74,online,29.68,0,1,0,0.018439820123546183,Persuadable
2275,42,31500.0,1,0.04,644,in_store,26.62,0,0,0,0.11875764353512006,Highly Persuadable
2578,28,36700.0,1,0.107,346,in_store,38.6,20,0,1,-0.11478427611304648,Not Persuadable
3517,45,19100.0,3,0.108,1,in_store,24.92,0,0,0,0.020253626237347427,Persuadable
1238,47,30600.0,2,0.042,567,in_store,22.23,5,1,1,0.07849830292655433,Persuadable
104,49,49700.0,5,0.094,243,in_store,49.32,20,0,1,0.006577226623637966,Persuadable
2659,38,44500.0,0,0.039,242,online,31.43,0,0,0,-0.060422562303982345,Not Persuadable
273,39,35400.0,2,0.058,496,online,28.72,20,0,1,0.07831743693833952,Persuadable
509,33,43100.0,1,0.165,401,online,34.19,20,1,1,0.002949084663183717,Persuadable
4347,29,26200.0,3,0.176,367,in_store,49.36,25,1,1,-0.0012604739129566751,Not Persuadable
4944,31,23800.0,2,0.264,204,in_store,36.73,0,0,0,0.09663647587173169,Persuadable
4075,25,26300.0,1,0.092,1,in_store,32.46,15,1,1,0.15323830497222607,Highly Persuadable
866,50,27700.0,1,0.109,1,online,27.14,20,1,1,0.05566809504476984,Persuadable
4198,20,56000.0,2,0.0,160,in_store,51.87,0,1,0,-0.06103906626561703,Not Persuadable
909,41,56800.0,0,0.065,360,in_store,38.91,20,1,1,0.059894488824709345,Persuadable
3476,47,25800.0,3,0.232,264,online,39.27,0,1,0,0.11230848345441077,Highly Persuadable
4110,40,43600.0,2,0.181,795,in_store,43.86,0,0,0,0.09248828574477737,Persuadable
3915,18,45900.0,0,0.058,132,online,45.7,0,0,0,0.10828316181173679,Highly Persuadable
1628,59,54900.0,5,0.185,966,online,28.12,0,0,0,0.17899280900113188,Highly Persuadable
4973,52,51300.0,2,0.0,613,online,46.83,20,1,1,-0.03134376566771646,Not Persuadable
1523,37,59400.0,3,0.088,558,online,50.09,20,1,1,0.06767051805683172,Persuadable
836,29,15000.0,1,0.136,910,online,30.53,20,1,1,0.18609579330885836,Highly Persuadable
359,30,32000.0,2,0.194,476,online,22.29,0,1,0,0.11504233662715722,Highly Persuadable
139,64,53500.0,7,0.156,702,online,52.98,20,1,1,0.1370111323779613,Highly Persuadable
300,44,54200.0,0,0.0,675,in_store,38.04,20,1,1,0.048476519203043245,Persuadable
1557,31,48500.0,1,0.0,1,in_store,29.31,25,1,1,0.007755359157604778,Persuadable
1004,48,60100.0,3,0.249,3,in_store,58.94,25,1,1,0.20600042428487805,Highly Persuadable
383,21,22100.0,1,0.016,154,online,19.2,0,1,0,-0.09944092260053478,Not Persuadable
942,51,30800.0,1,0.178,226,online,28.41,15,0,1,-0.07367807491540378,Not Persuadable
4228,63,49200.0,6,0.151,291,online,44.78,10,1,1,0.05109492214618518,Persuadable
4553,32,80300.0,2,0.03,102,in_store,43.61,0,1,0,-0.0010949425682845724,Not Persuadable
762,48,59500.0,3,0.0,230,online,28.44,25,1,1,0.13264766606874867,Highly Persuadable
1731,39,58500.0,5,0.06,941,in_store,46.11,0,1,0,-0.009818801285763217,Not Persuadable
2824,28,60800.0,2,0.092,559,in_store,33.68,20,0,1,0.004323075408208423,Persuadable
4731,38,31400.0,1,0.058,356,online,39.58,30,1,1,0.04269046448391006,Persuadable
2102,19,15000.0,4,0.296,593,online,25.93,20,0,1,0.0028503292130411854,Persuadable
4609,26,59100.0,2,0.093,367,in_store,47.13,0,1,0,-0.02571599900589138,Not Persuadable
899,46,56100.0,6,0.118,920,in_store,35.02,20,1,1,0.11457673511094053,Highly Persuadable
4018,52,54900.0,3,0.186,280,online,40.3,25,1,1,0.09297123849997722,Persuadable
3803,37,40400.0,3,0.139,309,online,49.82,25,1,1,0.06870282601489593,Persuadable
1403,38,44400.0,5,0.087,592,in_store,30.37,0,1,0,0.05176381193099416,Persuadable
2380,39,40900.0,1,0.031,1,in_store,39.11,20,0,1,0.06852766936784396,Persuadable
3804,44,42900.0,3,0.0,1,online,36.9,0,1,0,0.024434748570836128,Persuadable
4397,41,84600.0,3,0.095,1,in_store,48.82,10,1,1,0.08648170728948172,Persuadable
2971,52,54900.0,4,0.0,734,online,33.44,0,0,0,0.09948485054980581,Persuadable
1513,51,59300.0,1,0.128,363,in_store,42.08,20,1,1,0.025659363110595523,Persuadable
1189,47,76000.0,8,0.286,487,in_store,56.17,5,1,1,-0.022956856093813725,Not Persuadable
3771,35,35300.0,4,0.065,88,in_store,38.25,0,1,0,0.0572976887823571,Persuadable
4929,58,58000.0,2,0.33,69,online,44.15,0,0,0,0.13845618343783103,Highly Persuadable
3895,48,59800.0,5,0.063,356,in_store,33.71,20,0,1,-0.03542845680084445,Not Persuadable
3949,39,38400.0,4,0.154,224,in_store,33.63,25,0,1,0.0970440806814452,Persuadable
109,50,48500.0,1,0.0,260,in_store,49.8,0,0,0,0.05550956428607774,Persuadable
2749,38,24500.0,2,0.012,93,in_store,39.8,0,0,0,0.07000954525491147,Persuadable
2324,40,57900.0,1,0.0,1,in_store,40.65,20,0,1,0.0617778907240212,Persuadable
3504,26,15000.0,2,0.0,1,in_store,20.74,0,0,0,0.08102538837368181,Persuadable
59,30,39500.0,1,0.172,80,in_store,33.93,25,1,1,0.13065369536591376,Highly Persuadable
77,35,48100.0,0,0.242,226,online,39.91,5,0,1,0.056715690796979384,Persuadable
797,52,87900.0,3,0.112,59,in_store,49.83,10,0,1,-0.005392812750551573,Not Persuadable
369,42,46900.0,6,0.178,403,in_store,34.96,0,0,0,0.04060632713989447,Persuadable
4916,41,31400.0,0,0.045,169,online,28.11,25,0,1,-0.052787131206665165,Not Persuadable
786,43,74000.0,5,0.408,461,online,50.02,30,0,1,-0.02779519842959056,Not Persuadable
2104,49,67200.0,0,0.141,756,online,43.9,15,1,1,0.06808055082227338,Persuadable
4392,55,96100.0,4,0.275,38,online,53.28,10,1,1,0.21634479282409422,Highly Persuadable
2035,41,39200.0,4,0.114,373,in_store,38.33,25,0,1,-0.10332530181806543,Not Persuadable
2124,41,51400.0,1,0.132,152,online,44.91,5,0,1,0.0025765201085363506,Persuadable
3779,39,49200.0,1,0.0,562,online,34.69,5,0,1,-0.033984946810528195,Not Persuadable
2414,23,47400.0,2,0.152,172,online,49.6,0,1,0,-0.04751454661136536,Not Persuadable
1729,41,73600.0,5,0.129,287,in_store,65.71,10,1,1,0.12795682018228105,Highly Persuadable
122,42,25500.0,3,0.234,948,in_store,21.38,0,1,0,0.12058407616415773,Highly Persuadable
1871,50,50800.0,2,0.07,678,online,46.32,15,1,1,0.034752527199288,Persuadable
2385,48,67400.0,3,0.008,544,online,53.92,0,0,0,-0.006292236454879226,Not Persuadable
3661,40,39900.0,2,0.084,368,online,34.99,10,0,1,-0.0842161735843311,Not Persuadable
911,31,63500.0,2,0.131,595,online,48.05,20,1,1,0.05932515720785113,Persuadable
125,50,44700.0,3,0.02,375,online,40.2,5,1,1,0.06573082984612813,Persuadable
4478,34,35400.0,3,0.082,298,online,56.09,20,0,1,-0.009215361747749336,Not Persuadable
1587,18,42700.0,1,0.06,496,in_store,42.96,0,0,0,0.0696969015644645,Persuadable
1258,40,45600.0,2,0.152,413,in_store,40.25,25,1,1,0.004399825375491025,Persuadable
3457,43,58700.0,3,0.201,1,in_store,55.0,25,0,1,0.08419381638043312,Persuadable
3497,52,68600.0,2,0.136,83,online,32.7,30,0,1,0.06716792929794999,Persuadable
3399,18,15000.0,2,0.137,1,online,27.8,0,1,0,0.03062047307936605,Persuadable
1179,44,15000.0,1,0.095,1,online,31.24,0,1,0,0.026832499467229362,Persuadable
2856,59,47600.0,8,0.217,730,in_store,38.17,20,1,1,0.11875971731740007,Highly Persuadable
3486,53,73700.0,0,0.061,368,in_store,57.2,0,1,0,-0.009713800486935223,Not Persuadable
4589,20,32200.0,2,0.041,71,in_store,14.44,20,1,1,0.04098644146827494,Persuadable
2119,43,42100.0,4,0.082,237,in_store,32.89,0,1,0,0.040798545817997675,Persuadable
443,44,59100.0,4,0.208,771,in_store,40.23,20,1,1,0.2503809268084487,Highly Persuadable
3101,28,55700.0,2,0.0,56,online,44.01,5,0,1,-0.022324514394758153,Not Persuadable
2887,46,40400.0,3,0.158,66,online,33.43,20,1,1,0.1601033272996349,Highly Persuadable
926,63,47100.0,3,0.185,218,online,49.73,10,1,1,0.04833631304856663,Persuadable
2348,32,34600.0,2,0.0,1,in_store,33.45,20,1,1,0.0990040047622416,Persuadable
2375,36,39500.0,2,0.052,289,in_store,35.78,0,0,0,0.07498807436878248,Persuadable
4781,36,40800.0,4,0.096,633,in_store,25.44,5,1,1,0.1435249895092704,Highly Persuadable
1412,67,65400.0,3,0.0,377,in_store,51.87,15,1,1,-0.01735100999873379,Not Persuadable
3483,52,56700.0,5,0.061,543,online,48.89,0,0,0,-0.01636425544829893,Not Persuadable
3023,45,60100.0,7,0.093,117,online,41.21,15,1,1,0.0748084801865155,Persuadable
1510,42,52800.0,2,0.194,238,in_store,35.66,25,1,1,0.11884567770544942,Highly Persuadable
1228,33,53900.0,1,0.0,72,online,40.38,0,0,0,0.014334398113548703,Persuadable
3619,44,49100.0,3,0.097,246,online,31.26,0,0,0,0.06903353780653412,Persuadable
2371,27,45400.0,3,0.089,105,online,44.6,0,1,0,-0.0012000864188780312,Not Persuadable
3529,22,29900.0,1,0.236,344,in_store,38.5,25,1,1,0.032512175931647964,Persuadable
2165,47,50600.0,3,0.142,225,online,28.66,20,1,1,0.12320610845083012,Highly Persuadable
3296,47,37200.0,3,0.108,323,online,34.69,15,1,1,-0.052918008896048016,Not Persuadable
325,62,61100.0,2,0.0,268,in_store,53.96,10,1,1,0.14063401619802857,Highly Persuadable
3095,62,41300.0,1,0.135,1,in_store,38.19,0,0,0,0.011569866596369818,Persuadable
3272,36,49500.0,5,0.237,559,online,40.18,25,1,1,0.053847883827030124,Persuadable
2037,34,49500.0,3,0.206,260,in_store,27.65,20,1,1,0.09963724310113312,Persuadable
3314,42,34700.0,2,0.017,694,in_store,36.4,0,0,0,0.13584322436575524,Highly Persuadable
3051,52,59400.0,4,0.057,912,in_store,41.53,0,1,0,0.07371079052004202,Persuadable
1499,49,58500.0,1,0.0,130,online,41.3,0,0,0,0.08665789830509044,Persuadable
1503,56,98600.0,5,0.169,724,in_store,52.65,0,0,0,0.1459111963490356,Highly Persuadable
1007,48,35900.0,1,0.157,500,in_store,40.64,25,1,1,0.05448311899986154,Persuadable
2635,54,69600.0,3,0.081,533,in_store,55.92,0,1,0,-0.03400549058351925,Not Persuadable
4909,34,22700.0,2,0.124,366,online,22.73,25,1,1,0.11206715210495276,Highly Persuadable
3533,56,60900.0,2,0.189,353,in_store,46.65,10,1,1,0.07171876987351652,Persuadable
1468,24,36400.0,0,0.005,252,online,29.49,20,0,1,-0.034550272319598056,Not Persuadable
1226,46,45100.0,2,0.0,547,online,48.13,0,1,0,-0.16488284516931534,Not Persuadable
2006,53,65100.0,2,0.037,554,in_store,60.1,15,0,1,-0.014811546428294848,Not Persuadable
2283,53,73200.0,3,0.184,423,in_store,45.16,10,1,1,0.06801057200360923,Persuadable
2111,45,34200.0,0,0.063,202,in_store,49.89,0,0,0,-0.05351139806650878,Not Persuadable
1217,18,29900.0,0,0.0,120,online,26.77,0,0,0,0.08863089298632595,Persuadable
3995,47,50400.0,3,0.057,1,in_store,44.33,10,1,1,0.037158256835524976,Persuadable
4287,31,38400.0,1,0.0,170,in_store,43.81,0,1,0,-0.07841757431032423,Not Persuadable
421,41,60200.0,1,0.013,592,online,44.17,0,1,0,0.0017899895483933195,Persuadable
3438,41,29500.0,1,0.133,235,online,23.11,20,0,1,0.04726092930692198,Persuadable
7,42,22000.0,0,0.106,299,online,40.11,15,0,1,-0.057161809081051354,Not Persuadable
933,54,51500.0,3,0.014,1,in_store,46.47,20,1,1,-0.013127731007248726,Not Persuadable
1692,21,38700.0,2,0.17,597,online,38.61,15,1,1,0.02100767168785208,Persuadable
440,45,56200.0,3,0.148,1,online,41.79,20,0,1,0.039106100210674684,Persuadable
1314,45,57200.0,3,0.234,354,online,49.59,5,1,1,0.0758037512534952,Persuadable
679,45,52400.0,4,0.208,184,online,49.76,30,1,1,0.07869654211497541,Persuadable
4180,31,54200.0,4,0.124,275,online,48.38,10,1,1,0.0423569310702256,Persuadable
4621,27,28000.0,2,0.159,323,in_store,28.32,0,1,0,0.03334590686043946,Persuadable
2003,45,38100.0,2,0.116,310,in_store,52.53,0,0,0,0.02089373749311192,Persuadable
2479,49,16100.0,1,0.175,309,in_store,18.18,20,1,1,0.05154577012087729,Persuadable
4644,40,53000.0,3,0.264,375,in_store,37.31,0,0,0,0.019128679477831034,Persuadable
2903,52,70000.0,5,0.07,321,in_store,38.87,0,0,0,0.05334436853551404,Persuadable
2534,42,70100.0,4,0.112,621,online,44.52,5,0,1,0.03121668515864575,Persuadable
4943,37,23400.0,2,0.168,135,online,30.29,0,1,0,0.18555445276027968,Highly Persuadable
4056,45,42000.0,1,0.133,413,online,43.81,20,1,1,-0.09013595095420478,Not Persuadable
3942,36,41500.0,1,0.0,1,online,48.68,10,1,1,-0.13601465904660803,Not Persuadable
4255,31,25200.0,0,0.0,1,online,26.8,0,0,0,0.20245160010916805,Highly Persuadable
2793,31,36700.0,2,0.0,4,in_store,28.97,0,0,0,0.05182996268551291,Persuadable
2656,33,32300.0,1,0.0,206,in_store,33.84,30,0,1,-0.03128686543470295,Not Persuadable
195,27,57500.0,1,0.015,251,in_store,31.93,10,0,1,0.034517366871500574,Persuadable
1475,38,17900.0,1,0.0,326,in_store,32.89,0,0,0,0.11576419085098032,Highly Persuadable
4297,37,43300.0,2,0.125,227,in_store,39.11,0,0,0,0.03156056514083777,Persuadable
1212,34,59400.0,5,0.244,476,in_store,29.74,20,1,1,0.12465785834294749,Highly Persuadable
2756,26,31400.0,0,0.115,447,online,31.79,0,1,0,-0.017857068301504568,Not Persuadable
1658,19,27500.0,1,0.092,1,online,16.29,0,0,0,-0.006487068144451141,Not Persuadable
2716,41,28700.0,3,0.0,168,online,28.5,0,0,0,0.1462392924670538,Highly Persuadable
3035,53,67100.0,3,0.102,812,in_store,57.1,0,0,0,0.021156799765826996,Persuadable
4095,47,42100.0,1,0.26,1,in_store,39.47,0,1,0,0.11532396777312638,Highly Persuadable
3627,41,37500.0,1,0.016,442,in_store,37.51,0,0,0,0.09697282353936981,Persuadable
1873,33,37500.0,2,0.017,259,online,29.15,30,1,1,0.07625111924291346,Persuadable
1878,62,53500.0,0,0.0,1,online,56.68,20,0,1,-0.018672788959804433,Not Persuadable
1131,29,35600.0,1,0.129,35,online,22.29,10,1,1,0.12910746008362484,Highly Persuadable
1462,31,53600.0,1,0.091,1,in_store,35.84,0,0,0,0.06721265145691457,Persuadable
277,31,40900.0,1,0.174,495,online,31.58,25,1,1,0.07684555322582502,Persuadable
4873,24,44400.0,2,0.0,335,online,34.01,0,0,0,0.10800941199052964,Highly Persuadable
2347,38,63300.0,4,0.103,515,in_store,47.81,15,0,1,-0.025626799921892773,Not Persuadable
2312,43,71900.0,5,0.108,311,online,45.49,30,1,1,0.0632977993696105,Persuadable
1303,47,46700.0,1,0.024,367,online,42.29,0,1,0,0.05582891245367147,Persuadable
3065,37,48200.0,3,0.147,716,online,50.5,0,1,0,-0.00033372560053376095,Not Persuadable
223,42,67100.0,4,0.136,373,online,37.79,30,1,1,0.06810375000668212,Persuadable
4651,29,62000.0,0,0.0,150,online,40.98,0,1,0,0.027076461986977295,Persuadable
4384,32,41400.0,3,0.073,398,online,40.35,0,1,0,-0.02155248911037838,Not Persuadable
574,29,47000.0,2,0.0,1,in_store,46.42,0,1,0,-0.2280582986987856,Not Persuadable
1237,40,42800.0,1,0.131,408,in_store,33.06,25,0,1,-0.0488162883865465,Not Persuadable
3561,49,66800.0,4,0.119,574,online,47.09,0,1,0,-0.053155768707006855,Not Persuadable
3689,72,62200.0,3,0.05,61,in_store,45.73,0,0,0,0.05127695796843878,Persuadable
1335,45,24600.0,1,0.0,1,in_store,28.23,0,0,0,0.15017991393314264,Highly Persuadable
2810,23,39200.0,1,0.0,52,in_store,40.3,0,1,0,-0.04932554501368735,Not Persuadable
419,39,40800.0,3,0.012,302,in_store,28.52,10,0,1,0.036571194711331696,Persuadable
268,44,18100.0,2,0.193,400,in_store,30.17,20,0,1,0.05823473870693253,Persuadable
1105,27,40900.0,0,0.221,17,online,33.04,0,0,0,0.10601644206426782,Highly Persuadable
258,35,23300.0,2,0.045,308,in_store,19.96,15,0,1,0.023879795910759546,Persuadable
296,42,68700.0,2,0.129,505,in_store,63.26,10,0,1,0.06350094944409115,Persuadable
2532,47,40500.0,0,0.161,403,in_store,28.25,0,1,0,-0.02550647155029177,Not Persuadable
387,45,30100.0,0,0.033,283,online,40.51,0,1,0,-0.012471981592242689,Not Persuadable
3324,49,61800.0,1,0.064,257,in_store,33.2,0,0,0,0.018130002448233835,Persuadable
3106,41,20200.0,2,0.0,91,in_store,20.82,0,0,0,0.08410867573758454,Persuadable
2575,39,44500.0,1,0.012,1,online,45.7,20,1,1,0.026011804716189166,Persuadable
4047,38,56800.0,2,0.31,37,online,44.91,10,1,1,0.1272257806036996,Highly Persuadable
4346,44,45900.0,3,0.103,475,online,38.56,0,1,0,-0.04160734030729213,Not Persuadable
4129,37,52200.0,3,0.094,60,in_store,47.9,25,1,1,0.0069403599390660655,Persuadable
4162,24,50800.0,1,0.053,1,online,23.45,15,0,1,0.00826764878059717,Persuadable
4395,26,22700.0,2,0.044,421,online,44.22,0,0,0,-0.029654491077324416,Not Persuadable
1564,26,28800.0,1,0.147,69,in_store,30.05,0,0,0,0.1577698571336791,Highly Persuadable
1920,22,15000.0,2,0.146,1,online,16.75,0,1,0,0.052364588130117656,Persuadable
1401,54,71500.0,3,0.169,772,online,46.99,10,0,1,0.16377582332590992,Highly Persuadable
713,28,42700.0,2,0.095,80,in_store,38.1,0,1,0,0.030985739660229203,Persuadable
2365,70,65800.0,6,0.273,527,in_store,45.27,15,1,1,0.01441002321540723,Persuadable
2943,40,56600.0,1,0.056,44,online,34.23,0,0,0,0.08777312855417982,Persuadable
210,36,22600.0,1,0.16,1,online,34.48,0,0,0,0.13371432348028228,Highly Persuadable
3962,56,62100.0,6,0.137,496,online,49.17,25,1,1,0.05985114941954651,Persuadable
1290,50,39500.0,1,0.106,234,in_store,33.01,0,1,0,-0.00901204280303539,Not Persuadable
2615,18,15000.0,1,0.278,28,online,30.45,0,0,0,0.08019760572250666,Persuadable
450,45,51300.0,3,0.028,655,online,49.05,25,1,1,0.028725415053795847,Persuadable
4103,31,27700.0,0,0.151,322,in_store,28.49,20,0,1,0.0332780512466451,Persuadable
2585,46,66300.0,2,0.029,618,online,48.94,0,1,0,0.049398386756311544,Persuadable
1821,18,28100.0,0,0.093,530,online,32.87,20,1,1,0.042052924359908865,Persuadable
959,40,23700.0,2,0.054,372,online,35.27,0,1,0,-0.0005936413967074692,Not Persuadable
1794,36,31700.0,1,0.0,611,online,37.72,0,0,0,0.07517944436596069,Persuadable
4952,30,54000.0,1,0.158,279,online,39.88,20,0,1,0.09890882422726802,Persuadable
655,47,42100.0,5,0.058,633,in_store,21.65,0,1,0,0.04851752678182647,Persuadable
2423,59,66900.0,6,0.269,332,in_store,37.47,15,1,1,-0.00035262940033878656,Not Persuadable
3871,40,67100.0,1,0.14,434,online,49.21,30,1,1,0.004958661444311743,Persuadable
2408,36,33900.0,1,0.0,481,in_store,28.73,0,0,0,0.12014539678589965,Highly Persuadable
1761,26,48900.0,0,0.043,158,online,53.28,0,1,0,-0.06908736534256352,Not Persuadable
2370,49,61400.0,3,0.187,489,online,36.56,0,1,0,-0.011823028215796907,Not Persuadable
3940,58,40400.0,1,0.067,428,in_store,33.12,15,0,1,-0.15793142650052422,Not Persuadable
4370,49,70900.0,4,0.056,732,in_store,61.18,20,0,1,0.03679752916624272,Persuadable
412,18,49300.0,1,0.047,348,in_store,44.08,0,1,0,0.05736428380096521,Persuadable
1775,53,37000.0,5,0.139,317,in_store,28.15,0,1,0,-0.00879752423892525,Not Persuadable
4463,53,56400.0,3,0.064,102,online,46.3,0,1,0,0.012596382466543208,Persuadable
2202,38,55100.0,3,0.193,562,in_store,43.21,0,1,0,0.050664421124405584,Persuadable
4092,41,48900.0,1,0.105,300,online,33.63,0,0,0,0.053349908659199585,Persuadable
3723,51,58900.0,4,0.0,121,in_store,37.53,5,1,1,0.08239182658778098,Persuadable
4322,41,45400.0,2,0.156,477,in_store,28.68,0,1,0,0.05722972336472338,Persuadable
4785,41,74400.0,4,0.096,333,in_store,44.55,20,1,1,0.06445194022040548,Persuadable
3721,41,23600.0,2,0.089,342,online,24.49,5,0,1,-0.04111795516027421,Not Persuadable
4641,58,58200.0,3,0.222,426,online,30.8,20,0,1,0.06020378340526836,Persuadable
4687,25,39700.0,2,0.027,231,in_store,27.15,0,0,0,-0.02655148921418026,Not Persuadable
3575,33,15000.0,1,0.009,90,in_store,34.44,0,1,0,0.07855966463082167,Persuadable
1984,37,25000.0,2,0.121,1,in_store,22.19,0,1,0,0.0176671443790609,Persuadable
3383,63,83400.0,6,0.208,854,in_store,58.38,0,1,0,0.004758058231871811,Persuadable
4151,35,43300.0,0,0.0,29,online,44.71,0,1,0,-0.034514130054790836,Not Persuadable
3587,28,46000.0,0,0.0,290,online,36.65,15,1,1,0.022017341181277808,Persuadable
431,28,15000.0,1,0.043,504,online,38.55,0,1,0,-0.009627092111978042,Not Persuadable
3124,47,38400.0,4,0.048,505,in_store,54.15,0,1,0,-0.040874391636682335,Not Persuadable
3838,38,37800.0,0,0.177,178,in_store,37.48,0,0,0,0.11747039994291571,Highly Persuadable
1367,26,61300.0,1,0.04,157,online,40.56,0,0,0,0.09796283131686859,Persuadable
2611,20,30200.0,1,0.119,27,online,27.49,10,0,1,0.04019422913113048,Persuadable
3840,38,51900.0,2,0.057,890,in_store,50.83,25,0,1,-0.03554064795598714,Not Persuadable
1177,31,27600.0,2,0.095,849,online,41.59,15,1,1,-0.023253813636646095,Not Persuadable
3348,42,51100.0,2,0.111,1,in_store,55.82,15,0,1,-0.08264272597156772,Not Persuadable
1477,65,62200.0,3,0.091,347,in_store,34.82,25,0,1,-0.078212896810043,Not Persuadable
3168,33,23500.0,2,0.005,1,in_store,29.59,0,0,0,0.20616587211726334,Highly Persuadable
4969,36,37500.0,1,0.032,664,in_store,38.48,0,0,0,0.13427832853849989,Highly Persuadable
103,36,58200.0,3,0.121,78,online,46.83,0,1,0,-0.014938915548946604,Not Persuadable
1943,25,26500.0,2,0.095,273,online,31.23,0,1,0,0.06489873261336589,Persuadable
4925,23,46600.0,1,0.09,82,online,42.55,5,0,1,-0.03096341111988386,Not Persuadable
1264,35,32200.0,2,0.146,567,online,30.8,0,1,0,0.042410062045587144,Persuadable
3378,37,36200.0,4,0.057,620,in_store,36.75,0,0,0,0.12879891575831676,Highly Persuadable
3154,38,60500.0,2,0.066,1,online,39.33,20,0,1,0.099964925943967,Persuadable
4510,47,66900.0,4,0.13,518,online,51.03,15,1,1,0.08837870316683526,Persuadable
3077,40,44500.0,1,0.04,317,in_store,56.51,10,0,1,-0.0834438903156109,Not Persuadable
2755,53,59200.0,2,0.021,358,in_store,50.06,0,0,0,-0.0048575854444796425,Not Persuadable
3604,57,56400.0,0,0.074,253,in_store,42.97,20,0,1,-0.10692798584963199,Not Persuadable
3905,21,56500.0,1,0.157,137,in_store,36.09,0,1,0,0.009329094665933528,Persuadable
2989,43,46100.0,0,0.0,2,online,43.8,20,0,1,0.01100002738100218,Persuadable
1644,48,35300.0,2,0.123,526,in_store,22.11,0,1,0,0.12746887755933836,Highly Persuadable
4516,51,15000.0,2,0.025,1,in_store,14.53,20,0,1,0.027211352953386905,Persuadable
1,44,44300.0,3,0.174,163,online,36.8,0,0,0,0.153378836243871,Highly Persuadable
1581,54,26000.0,1,0.154,25,in_store,18.65,0,0,0,0.012490251954693778,Persuadable
4433,46,43400.0,2,0.15,582,in_store,41.06,0,0,0,0.119589802011051,Highly Persuadable
4126,39,50800.0,1,0.173,497,in_store,40.14,0,1,0,0.09366446814561187,Persuadable
1357,35,54000.0,0,0.0,718,online,44.52,25,1,1,-0.012992868048725504,Not Persuadable
3407,49,53300.0,4,0.173,273,in_store,36.26,25,1,1,0.11460302509971507,Highly Persuadable
2343,18,27100.0,1,0.104,315,online,36.89,0,0,0,-0.05193816833686711,Not Persuadable
2406,20,27300.0,0,0.086,115,in_store,29.03,20,1,1,0.12890732858072038,Highly Persuadable
2053,54,63000.0,5,0.159,686,in_store,55.28,25,0,1,0.17349751387631282,Highly Persuadable
2234,59,48500.0,5,0.165,437,in_store,34.89,0,1,0,0.0627641547950075,Persuadable
397,49,58300.0,2,0.237,167,online,46.02,0,0,0,0.16946508683497988,Highly Persuadable
4115,30,52400.0,1,0.023,425,in_store,36.61,25,1,1,-0.006480345098638829,Not Persuadable
1065,32,64400.0,2,0.095,553,online,46.92,20,0,1,-0.012361138271786608,Not Persuadable
4624,50,59500.0,4,0.132,387,online,45.23,25,1,1,0.0008740499084639777,Persuadable
2169,31,18600.0,2,0.068,419,online,37.86,0,0,0,0.017226358055656803,Persuadable
819,43,54100.0,3,0.216,205,in_store,45.74,0,1,0,0.052379826669343266,Persuadable
1813,43,48200.0,1,0.031,246,in_store,46.08,0,0,0,0.02917612870738621,Persuadable
2568,45,52900.0,2,0.109,302,online,39.87,20,1,1,0.1228116484559215,Highly Persuadable
1553,33,36600.0,3,0.198,317,in_store,29.03,0,0,0,0.0692453923712944,Persuadable
3136,27,46000.0,0,0.008,82,online,52.42,0,0,0,-0.10657038668514188,Not Persuadable
817,35,46000.0,1,0.014,494,online,32.66,0,0,0,0.10006155125864191,Highly Persuadable
1573,44,70500.0,4,0.064,959,online,40.82,20,0,1,0.07112654636424197,Persuadable
4526,26,49800.0,0,0.131,218,online,31.17,20,0,1,0.049170769522668266,Persuadable
1801,40,38200.0,2,0.095,120,online,32.78,20,0,1,0.06211567822701732,Persuadable
4946,63,60100.0,6,0.101,481,in_store,49.18,0,1,0,-0.03216529133406875,Not Persuadable
382,56,46600.0,1,0.142,743,online,38.98,0,1,0,0.09435922530146365,Persuadable
3334,35,66400.0,1,0.047,11,in_store,41.58,30,0,1,0.007711567482689704,Persuadable
3842,39,29200.0,2,0.068,490,online,33.82,20,0,1,0.1132952128540734,Highly Persuadable
2310,43,43300.0,2,0.208,440,in_store,40.74,25,1,1,0.12462287857193863,Highly Persuadable
3520,48,57100.0,1,0.006,472,online,37.37,0,1,0,-0.04572934254820602,Not Persuadable
4941,44,56700.0,1,0.022,105,in_store,60.81,20,1,1,0.03675343377361168,Persuadable
1781,50,69700.0,7,0.144,808,online,35.18,30,0,1,0.14789776672723473,Highly Persuadable
2742,48,59500.0,6,0.208,626,in_store,29.33,0,0,0,0.1722844831444131,Highly Persuadable
2623,58,55500.0,5,0.215,687,online,42.75,15,1,1,0.12112990938030196,Highly Persuadable
2349,58,66000.0,3,0.081,427,in_store,41.39,0,1,0,-0.17700614263734166,Not Persuadable
865,32,30700.0,2,0.036,1,online,37.2,0,0,0,0.005844420720653372,Persuadable
3036,46,25200.0,4,0.113,64,online,26.59,0,0,0,0.06902323253497936,Persuadable
3180,45,76400.0,5,0.13,160,online,62.56,10,1,1,0.1046376523497454,Highly Persuadable
555,39,42100.0,1,0.145,367,in_store,41.17,0,1,0,-0.007823582954315095,Not Persuadable
1160,23,48300.0,1,0.018,421,online,30.58,20,1,1,0.10651948542256344,Highly Persuadable
1214,31,42200.0,4,0.134,696,online,52.94,0,1,0,0.024932350158745804,Persuadable
4236,47,50400.0,4,0.075,393,in_store,45.6,20,1,1,-0.0498994293956085,Not Persuadable
3617,54,53200.0,4,0.176,596,online,29.65,0,0,0,0.12446523898250875,Highly Persuadable
49,48,51000.0,5,0.118,736,online,32.74,0,1,0,0.06506388331794005,Persuadable
3164,48,61600.0,6,0.006,196,in_store,30.23,20,1,1,0.08812137573781956,Persuadable
701,53,50300.0,1,0.163,29,online,29.8,0,1,0,0.06322441412391623,Persuadable
653,60,71100.0,2,0.136,124,in_store,49.77,15,1,1,0.052006073203483986,Persuadable
3882,57,56200.0,4,0.148,895,in_store,35.83,10,0,1,0.1379628110891983,Highly Persuadable
3327,47,47000.0,3,0.181,189,in_store,41.96,0,1,0,0.0013887081637699264,Persuadable
749,36,31600.0,3,0.15,293,online,23.53,20,1,1,0.19090400605361785,Highly Persuadable
1456,39,34700.0,1,0.09,97,online,35.13,0,1,0,-0.030336173308277557,Not Persuadable
4205,57,50300.0,1,0.0,9,online,60.47,0,1,0,-0.039188529087541446,Not Persuadable
2101,43,66100.0,1,0.0,274,online,42.74,0,1,0,0.005936710731402929,Persuadable
2025,24,34800.0,3,0.078,38,in_store,40.45,0,0,0,0.04263248488494097,Persuadable
867,24,29900.0,1,0.165,241,in_store,38.56,20,0,1,-0.01624125159948312,Not Persuadable
753,28,53800.0,2,0.037,543,online,35.4,0,1,0,-0.04392879466618689,Not Persuadable
1645,22,23900.0,2,0.111,1,in_store,31.34,0,0,0,0.1871287800294321,Highly Persuadable
93,35,21800.0,2,0.011,1,online,27.07,0,1,0,0.02923869482120707,Persuadable
4608,56,71400.0,1,0.146,467,online,46.6,0,1,0,0.056325649870476675,Persuadable
3117,32,47900.0,0,0.0,1,online,45.44,0,1,0,-0.09404741624821507,Not Persuadable
2448,35,60600.0,4,0.206,208,in_store,42.56,20,1,1,0.09332908056836976,Persuadable
2645,57,64100.0,7,0.177,796,in_store,37.08,20,1,1,0.16732862676863308,Highly Persuadable
1491,33,55700.0,0,0.103,330,in_store,38.78,0,1,0,0.01629679116170572,Persuadable
2911,34,50100.0,2,0.122,161,in_store,38.27,15,0,1,-0.058999737687915055,Not Persuadable
4374,61,62800.0,1,0.146,134,online,42.58,15,1,1,0.04689696345317836,Persuadable
730,27,16300.0,0,0.0,245,in_store,38.34,0,1,0,0.011847224454406965,Persuadable
2733,61,45800.0,4,0.134,950,in_store,35.09,15,1,1,0.17071419672394123,Highly Persuadable
2487,41,53100.0,4,0.021,597,in_store,43.43,0,1,0,-0.013915723268109506,Not Persuadable
3997,52,29200.0,1,0.07,217,in_store,24.47,0,0,0,-2.829375406474834e-05,Not Persuadable
1937,40,34500.0,2,0.045,408,in_store,43.67,0,1,0,-0.05492909209995143,Not Persuadable
1746,31,44000.0,1,0.071,1,online,40.77,5,1,1,0.1257079099799371,Highly Persuadable
4450,40,32100.0,3,0.124,137,online,28.02,0,1,0,-0.09941295995205923,Not Persuadable
4020,40,36800.0,2,0.098,692,online,35.94,25,0,1,-0.026980071773240407,Not Persuadable
4102,42,53700.0,1,0.0,181,online,39.68,20,0,1,0.08240488427419329,Persuadable
1958,26,44900.0,1,0.05,420,in_store,41.31,15,1,1,0.0826921474486264,Persuadable
1111,58,53900.0,1,0.0,217,in_store,37.38,25,1,1,0.15932923491114606,Highly Persuadable
3353,50,65000.0,2,0.117,190,online,56.2,30,1,1,-0.006331179238776994,Not Persuadable
4051,51,33700.0,2,0.095,284,in_store,32.8,0,0,0,-0.052617449344178974,Not Persuadable
4482,39,35500.0,1,0.019,413,online,34.16,20,0,1,0.03818023825986524,Persuadable
4167,26,22400.0,2,0.083,370,in_store,20.71,25,1,1,0.0675215790748893,Persuadable
347,33,22700.0,1,0.106,1,in_store,24.14,15,0,1,0.09149011528446331,Persuadable
1186,23,15000.0,2,0.212,203,online,18.59,0,1,0,0.06745951923610906,Persuadable
4025,29,55000.0,1,0.188,209,online,46.44,5,1,1,0.10338126341814835,Highly Persuadable
1516,43,25700.0,5,0.139,642,in_store,29.79,0,0,0,0.195630399330131,Highly Persuadable
4680,27,56800.0,2,0.128,1,in_store,57.31,0,1,0,-0.0434090171458105,Not Persuadable
579,37,30600.0,0,0.071,460,online,19.25,0,0,0,0.06974388674866525,Persuadable
1965,31,61000.0,3,0.211,582,in_store,42.37,0,0,0,0.01668249033702812,Persuadable
76,48,51600.0,4,0.117,30,online,47.48,0,0,0,-0.042385452823056634,Not Persuadable
1430,49,47800.0,1,0.0,148,in_store,29.42,0,0,0,0.050479556291891874,Persuadable
3752,32,39800.0,2,0.08,96,online,40.58,0,1,0,0.07914725775858417,Persuadable
4441,44,46700.0,2,0.075,416,in_store,37.62,20,1,1,0.04288118610494744,Persuadable
4324,41,38400.0,1,0.0,588,in_store,29.72,0,0,0,0.10637341865508418,Highly Persuadable
4963,43,45400.0,2,0.054,1,online,43.23,0,1,0,0.03929883897225169,Persuadable
1847,40,40900.0,1,0.096,164,in_store,29.03,0,0,0,0.14367412385923453,Highly Persuadable
132,23,33700.0,0,0.018,1,in_store,31.82,0,1,0,0.08281328914669406,Persuadable
179,39,18600.0,0,0.0,235,in_store,22.71,0,1,0,-0.030806617135982615,Not Persuadable
2965,40,66800.0,1,0.123,55,online,43.48,0,1,0,-0.0311395024181238,Not Persuadable
4477,43,27900.0,0,0.208,41,in_store,18.01,0,0,0,0.1765866068239515,Highly Persuadable
2711,39,36200.0,0,0.0,247,in_store,34.62,0,1,0,0.02618154653530931,Persuadable
4702,34,62300.0,2,0.0,128,in_store,36.05,20,1,1,-0.003470557485417632,Not Persuadable
1843,51,64200.0,1,0.142,370,online,37.52,10,1,1,0.1401188033033845,Highly Persuadable
2218,39,39100.0,2,0.0,38,online,48.74,0,0,0,-0.12593821604232444,Not Persuadable
3594,45,45900.0,3,0.155,580,in_store,31.08,0,1,0,0.07918422937532066,Persuadable
2389,53,33500.0,4,0.026,16,online,32.6,0,0,0,0.04099363474649112,Persuadable
605,32,38500.0,2,0.0,311,in_store,32.81,0,1,0,0.009741016298420353,Persuadable
2643,28,17000.0,1,0.223,611,in_store,11.84,25,1,1,0.18274179397472692,Highly Persuadable
26,36,15000.0,1,0.0,310,online,32.45,20,0,1,0.03460733737875387,Persuadable
659,55,56000.0,5,0.153,390,online,29.28,20,0,1,0.007317562927816545,Persuadable
1897,21,33500.0,4,0.003,419,in_store,20.18,0,0,0,-0.06447250953684681,Not Persuadable
3545,37,65600.0,4,0.135,597,in_store,53.25,5,1,1,0.13909220128531494,Highly Persuadable
4769,22,39000.0,0,0.076,222,online,34.3,0,0,0,0.009537212178606518,Persuadable
174,25,20600.0,0,0.0,199,online,20.15,0,0,0,0.017356351962385372,Persuadable
1612,37,27100.0,2,0.095,390,online,12.53,0,0,0,0.08146528928682349,Persuadable
438,27,35200.0,0,0.053,199,online,33.08,0,0,0,0.006137082874164203,Persuadable
332,48,57000.0,2,0.193,41,online,46.23,30,1,1,0.1093772954084055,Highly Persuadable
1455,58,57700.0,5,0.276,784,online,47.75,25,1,1,0.12794675540515543,Highly Persuadable
343,41,47900.0,2,0.082,263,in_store,34.91,0,1,0,0.10746064723484576,Highly Persuadable
3214,28,21900.0,1,0.055,697,online,15.19,0,1,0,0.05606876175517207,Persuadable
2562,41,37000.0,2,0.089,1,in_store,37.75,0,1,0,0.038619813275879246,Persuadable
1089,48,78200.0,5,0.146,446,in_store,64.73,0,1,0,0.020175549379869855,Persuadable
480,71,52300.0,3,0.097,30,in_store,42.05,20,0,1,-0.041842727143300874,Not Persuadable
728,49,43500.0,0,0.077,211,online,38.7,0,1,0,0.0008580090743559968,Persuadable
3802,31,51300.0,4,0.045,429,in_store,34.42,0,0,0,0.02600603660475345,Persuadable
977,53,48600.0,2,0.177,451,online,47.91,0,1,0,-0.00967059345520558,Not Persuadable
2054,74,98700.0,8,0.324,564,in_store,54.29,15,1,1,-0.050836302868933765,Not Persuadable
2993,39,84600.0,2,0.08,295,in_store,46.74,0,1,0,0.01257033501658453,Persuadable
1929,50,41000.0,2,0.204,195,online,20.11,20,0,1,0.09908890720793694,Persuadable
1469,23,72400.0,3,0.087,202,in_store,49.2,15,1,1,0.18878506996681924,Highly Persuadable
1225,29,38100.0,1,0.053,288,in_store,17.89,15,0,1,-0.031977129333887175,Not Persuadable
3729,43,52300.0,1,0.082,309,online,36.32,20,1,1,0.07211307731306314,Persuadable
1953,19,45000.0,0,0.011,768,in_store,37.62,0,1,0,0.045754761363289084,Persuadable
4841,42,43300.0,2,0.062,1,in_store,29.03,15,0,1,-0.013780272527868096,Not Persuadable
4616,60,88600.0,3,0.0,282,in_store,53.16,15,1,1,0.10661824548383277,Highly Persuadable
1893,26,15000.0,1,0.235,1,online,26.97,15,0,1,0.08911266114817379,Persuadable
1300,28,28600.0,1,0.108,4,in_store,40.04,0,0,0,0.040231299203336436,Persuadable
3806,18,55000.0,2,0.106,62,online,48.75,0,0,0,-0.023363529740444332,Not Persuadable
4610,35,39400.0,0,0.058,119,online,53.06,15,0,1,-0.023453108818019593,Not Persuadable
661,20,37100.0,0,0.035,335,in_store,19.8,0,1,0,-0.006568490720403234,Not Persuadable
4761,42,62300.0,7,0.25,1047,online,47.09,25,0,1,0.07051202952554796,Persuadable
2410,34,44800.0,1,0.0,72,in_store,28.93,25,0,1,0.03748617388574701,Persuadable
4571,39,58500.0,4,0.031,133,in_store,49.36,0,1,0,-0.059430392462445,Not Persuadable
2992,60,49700.0,3,0.029,187,online,44.41,0,0,0,0.09448760258307294,Persuadable
4735,35,39900.0,2,0.076,1,online,25.2,10,0,1,0.001622203710920722,Persuadable
3067,43,53900.0,5,0.274,260,in_store,52.98,0,0,0,0.09989019227239126,Persuadable
2719,52,52200.0,4,0.13,587,in_store,39.68,0,0,0,0.1865563247214568,Highly Persuadable
3614,34,35600.0,0,0.08,276,in_store,32.36,0,1,0,0.061980543726275414,Persuadable
3207,46,32700.0,5,0.193,326,online,33.7,0,0,0,0.05672268243595148,Persuadable
1279,44,62800.0,1,0.064,243,in_store,41.77,10,0,1,-0.07528977642102877,Not Persuadable
3086,49,50700.0,1,0.093,381,in_store,37.88,25,0,1,-0.0643568381175565,Not Persuadable
1622,41,29800.0,2,0.124,6,online,43.34,10,0,1,-0.1010691533667938,Not Persuadable
3692,39,40200.0,2,0.191,417,online,34.91,0,1,0,0.024388500139951714,Persuadable
2847,33,49200.0,0,0.0,1,in_store,45.53,0,1,0,-0.06427140944928035,Not Persuadable
68,34,54600.0,1,0.067,18,in_store,41.1,15,0,1,0.10878373460456257,Highly Persuadable
4265,32,75100.0,0,0.036,273,in_store,30.8,25,0,1,0.04864369003289716,Persuadable
4627,34,15000.0,1,0.112,620,in_store,13.77,25,1,1,0.14968904503795902,Highly Persuadable
3809,39,50000.0,3,0.02,112,online,48.37,20,0,1,-0.09548437217144458,Not Persuadable
821,34,35500.0,0,0.0,310,in_store,33.06,20,1,1,0.03211956458811038,Persuadable
1227,49,51200.0,1,0.107,476,online,42.29,25,1,1,0.040184238329995854,Persuadable
3007,18,31500.0,2,0.215,545,in_store,17.02,5,0,1,0.07506231511820718,Persuadable
4273,45,36300.0,1,0.0,217,in_store,30.57,0,0,0,0.04090984276174754,Persuadable
2759,49,43600.0,0,0.089,434,online,46.34,0,1,0,-0.11205428175870459,Not Persuadable
4468,36,21500.0,0,0.14,968,online,19.06,0,0,0,0.20607604226088555,Highly Persuadable
4280,28,34400.0,1,0.067,1,online,26.27,0,1,0,0.00783258896425365,Persuadable
3365,46,53200.0,2,0.19,1312,in_store,27.79,25,1,1,0.1779223675335462,Highly Persuadable
1144,33,39900.0,0,0.0,118,in_store,28.42,0,1,0,0.028146788459218097,Persuadable
398,43,65100.0,0,0.0,33,in_store,39.2,0,1,0,0.0021376706182702518,Persuadable
2922,43,64200.0,4,0.031,320,online,50.82,15,0,1,-0.021707620593868642,Not Persuadable
4312,40,33400.0,1,0.0,445,in_store,40.37,20,1,1,0.0983204929679115,Persuadable
3037,42,44800.0,3,0.136,297,in_store,32.47,0,0,0,0.105851595234215,Highly Persuadable
1399,47,34900.0,1,0.122,1,in_store,44.23,20,1,1,0.028883382227113452,Persuadable
1660,42,19600.0,2,0.212,1,in_store,39.66,0,0,0,0.11652314251864189,Highly Persuadable
980,45,27900.0,1,0.032,5,online,24.56,0,1,0,0.08518863383504623,Persuadable
1299,26,50300.0,1,0.197,99,in_store,35.41,30,1,1,0.08231892673148031,Persuadable
3419,42,62200.0,2,0.047,52,in_store,33.76,15,0,1,0.04363836282790456,Persuadable
83,36,44100.0,3,0.212,449,online,39.88,0,1,0,0.08129852689226641,Persuadable
3709,38,36800.0,4,0.185,129,online,30.31,0,0,0,0.14879546859055293,Highly Persuadable
2474,47,40800.0,2,0.279,106,online,21.13,30,1,1,0.20718596535133488,Highly Persuadable
3758,25,53100.0,1,0.022,1,online,45.47,0,0,0,0.02442619709865717,Persuadable
3800,39,39500.0,3,0.135,272,online,38.03,0,0,0,0.020491184653502817,Persuadable
2304,35,40100.0,2,0.039,233,in_store,36.07,10,0,1,0.05217019455383875,Persuadable
424,22,32200.0,2,0.063,1,in_store,17.02,0,1,0,0.023892650173456566,Persuadable
4350,46,40400.0,2,0.0,305,online,28.06,0,0,0,0.04791535859893167,Persuadable
1905,47,37800.0,2,0.0,179,in_store,40.57,0,0,0,0.10002333085835129,Highly Persuadable
4625,62,59300.0,6,0.239,323,online,48.66,30,0,1,0.0427484486360844,Persuadable
4120,31,26800.0,3,0.095,122,online,37.38,0,1,0,0.023443617563525677,Persuadable
4317,47,42300.0,1,0.132,1,in_store,40.26,0,0,0,0.05427499885386578,Persuadable
1566,32,48700.0,3,0.046,899,in_store,48.6,5,0,1,-0.06875934439539881,Not Persuadable
3371,37,50100.0,3,0.089,524,in_store,47.24,25,1,1,0.015314601095098267,Persuadable
840,36,21200.0,0,0.05,1,in_store,42.98,0,1,0,-0.006329809838943833,Not Persuadable
501,56,49200.0,5,0.103,167,online,11.03,0,0,0,0.026177242371057174,Persuadable
142,28,15000.0,1,0.211,1,online,26.21,20,1,1,0.14795981252300078,Highly Persuadable
1378,42,57100.0,3,0.0,242,in_store,46.32,10,0,1,0.026382383465054865,Persuadable
4016,39,41700.0,1,0.0,135,in_store,29.43,15,1,1,0.08896747171628536,Persuadable
3260,36,46700.0,3,0.011,283,in_store,32.97,25,0,1,0.03183509817001081,Persuadable
1139,39,42700.0,1,0.03,128,online,35.76,0,0,0,0.04387188927662143,Persuadable
3097,56,53400.0,4,0.089,363,in_store,45.5,20,0,1,-0.07045607727151795,Not Persuadable
1788,21,22400.0,1,0.174,1,in_store,29.3,0,0,0,0.11313390164565164,Highly Persuadable
2582,52,67900.0,4,0.082,777,online,52.24,0,1,0,0.018808175285061658,Persuadable
551,45,59700.0,2,0.224,445,online,45.92,0,1,0,-0.011379642270572034,Not Persuadable
3115,43,58400.0,0,0.139,267,in_store,40.59,0,0,0,0.05279308160312546,Persuadable
2020,46,51000.0,3,0.104,240,in_store,36.24,10,1,1,0.16559357000502153,Highly Persuadable
949,45,64600.0,3,0.16,198,online,45.24,20,0,1,0.06942656361214539,Persuadable
2276,18,21200.0,2,0.031,349,online,29.83,0,0,0,0.056679451082936164,Persuadable
533,35,41200.0,2,0.128,263,in_store,33.24,0,0,0,0.05689273962031033,Persuadable
1830,37,22600.0,1,0.037,1,online,33.67,10,0,1,0.1662668111683321,Highly Persuadable
2933,54,68700.0,2,0.137,208,online,48.47,25,1,1,0.08921157149238819,Persuadable
4429,38,26600.0,2,0.14,1,in_store,32.89,0,1,0,0.11344080248171785,Highly Persuadable
3890,31,30400.0,1,0.067,1,online,35.6,0,1,0,0.02588179411500603,Persuadable
1603,55,65500.0,2,0.149,480,in_store,61.31,25,0,1,0.06777321736457081,Persuadable
640,46,58400.0,1,0.089,347,online,44.54,5,0,1,-0.08351464456336363,Not Persuadable
4843,22,15000.0,0,0.123,585,in_store,30.81,0,1,0,0.043448077558957236,Persuadable
968,31,37800.0,1,0.127,325,in_store,29.96,30,1,1,0.06988987378391681,Persuadable
4248,46,47200.0,1,0.117,448,in_store,41.46,20,1,1,0.05347457283900346,Persuadable
2641,47,45000.0,2,0.097,23,in_store,29.24,0,0,0,0.06144294785762102,Persuadable
1684,55,49900.0,3,0.196,55,in_store,44.3,0,0,0,0.10323214646841067,Highly Persuadable
4481,43,43500.0,1,0.045,1,in_store,42.06,0,1,0,0.14826925566340704,Highly Persuadable
2358,44,42800.0,1,0.0,427,in_store,35.49,0,1,0,-0.04555352953562319,Not Persuadable
156,61,47000.0,6,0.254,416,online,44.43,10,1,1,0.0457237721698438,Persuadable
2630,39,40200.0,1,0.0,352,in_store,52.34,20,0,1,-0.10617929832885208,Not Persuadable
4160,45,68100.0,2,0.141,1,online,52.38,5,1,1,0.05191522248080939,Persuadable
1090,37,33000.0,2,0.18,120,in_store,33.47,0,1,0,0.07668935839389317,Persuadable
3821,52,65000.0,0,0.091,229,online,59.24,20,0,1,-0.0321322929338633,Not Persuadable
4251,37,61600.0,3,0.2,308,in_store,45.06,0,1,0,0.04031614725332155,Persuadable
289,36,45400.0,2,0.248,282,in_store,43.71,30,1,1,0.10127973290598809,Highly Persuadable
931,40,53300.0,2,0.09,719,in_store,40.75,0,0,0,0.07629005771807376,Persuadable
2551,20,35500.0,1,0.0,399,online,29.62,25,0,1,0.024631897145252594,Persuadable
2278,63,57700.0,3,0.163,202,online,51.92,15,0,1,0.02035167048866941,Persuadable
3387,40,48200.0,2,0.196,187,in_store,25.16,10,0,1,0.0896723823206468,Persuadable
2699,45,41500.0,2,0.114,168,in_store,35.38,15,1,1,0.06528073835019957,Persuadable
3894,27,47000.0,3,0.284,1,in_store,35.29,20,0,1,-0.001861732032825914,Not Persuadable
943,46,59500.0,3,0.148,301,in_store,35.19,0,1,0,0.0773399121300124,Persuadable
3878,44,28000.0,0,0.215,23,in_store,37.85,10,1,1,0.17585162350896114,Highly Persuadable
4673,47,50200.0,2,0.084,1,online,35.16,0,0,0,0.09003943151870361,Persuadable
1699,19,25800.0,1,0.089,126,online,30.34,15,0,1,0.12143793700285146,Highly Persuadable
4719,43,54400.0,4,0.122,1,online,43.02,0,1,0,-0.04155656406512585,Not Persuadable
3197,24,36700.0,3,0.0,273,in_store,32.16,0,0,0,0.0033971768410959485,Persuadable
2522,61,65800.0,5,0.22,567,in_store,49.55,0,0,0,-0.003756136407773599,Not Persuadable
2827,62,70900.0,8,0.202,552,in_store,45.86,10,0,1,-0.030887365859188314,Not Persuadable
986,48,59500.0,3,0.008,44,online,36.45,20,1,1,0.07863521336666876,Persuadable
2788,39,53700.0,3,0.082,394,in_store,51.38,10,1,1,0.006111982253441732,Persuadable
3083,43,65900.0,3,0.211,162,in_store,42.15,0,1,0,0.0043549751461106935,Persuadable
2584,44,21400.0,2,0.082,790,in_store,26.47,0,0,0,0.09065117013749797,Persuadable
4788,40,48400.0,3,0.06,288,online,18.15,5,0,1,0.08486467254612763,Persuadable
982,22,55300.0,1,0.017,1,in_store,39.39,20,1,1,0.11570726267650075,Highly Persuadable
2750,49,34200.0,2,0.13,419,in_store,34.42,0,1,0,-0.10366557665808057,Not Persuadable
2446,71,83400.0,4,0.14,356,online,44.58,25,1,1,0.13091527401207959,Highly Persuadable
4698,39,59100.0,3,0.171,309,in_store,39.76,10,1,1,0.14590017711417622,Highly Persuadable
2958,41,51100.0,6,0.145,1080,in_store,56.71,25,1,1,0.11949016733564712,Highly Persuadable
3544,45,63100.0,1,0.0,67,in_store,36.02,15,1,1,0.05107209331166386,Persuadable
4708,36,39500.0,4,0.162,296,online,38.66,5,0,1,0.02540695426407314,Persuadable
1458,41,50100.0,1,0.112,138,online,48.73,10,0,1,-0.15430234628583467,Not Persuadable
1396,62,57000.0,4,0.051,51,in_store,38.98,0,1,0,-0.015677306095734412,Not Persuadable
265,46,34800.0,3,0.132,473,online,24.61,0,0,0,0.2054860931672309,Highly Persuadable
3683,42,67800.0,2,0.192,1,in_store,33.33,0,0,0,0.1063530025132541,Highly Persuadable
930,41,48700.0,2,0.145,184,in_store,36.91,30,1,1,0.13608170003563005,Highly Persuadable
3076,30,25400.0,1,0.105,41,in_store,21.66,0,0,0,0.05502773863639458,Persuadable
2708,18,15000.0,1,0.092,2,online,21.85,0,1,0,-0.007391930611153468,Not Persuadable
247,27,84900.0,2,0.071,164,online,52.6,15,0,1,0.05858412615983629,Persuadable
3608,58,37900.0,6,0.095,733,in_store,34.82,5,0,1,0.0053307105069735185,Persuadable
1759,28,63000.0,1,0.17,122,in_store,40.17,0,0,0,0.09107687055247254,Persuadable
4915,54,61700.0,4,0.161,448,online,44.59,15,1,1,0.06556486115114436,Persuadable
2826,39,44600.0,4,0.094,398,in_store,36.26,0,1,0,-0.058877705891470906,Not Persuadable
924,33,22400.0,1,0.116,318,in_store,24.33,0,0,0,0.0667821158540924,Persuadable
3096,26,26000.0,2,0.083,1,online,40.21,0,0,0,-0.00793322508999037,Not Persuadable
269,41,57200.0,1,0.153,1,online,36.93,5,1,1,0.17928768416846377,Highly Persuadable
670,18,37800.0,1,0.085,223,online,28.63,0,0,0,0.008725597428438044,Persuadable
2751,45,38600.0,4,0.206,33,online,30.98,10,1,1,0.26879461858405546,Highly Persuadable
1911,31,48600.0,3,0.128,1,online,51.12,20,1,1,-0.09282916338500945,Not Persuadable
3001,55,60900.0,2,0.091,57,in_store,54.02,0,1,0,-0.03465779953537643,Not Persuadable
1153,43,29800.0,1,0.016,248,in_store,40.57,0,0,0,0.0671529287942647,Persuadable
4828,37,41400.0,2,0.218,569,in_store,36.34,0,0,0,0.07611809126749053,Persuadable
3471,21,38200.0,0,0.0,641,online,21.19,0,1,0,0.022788943587797116,Persuadable
4252,35,33400.0,0,0.048,1,online,36.96,0,0,0,-0.04143088585801688,Not Persuadable
3896,21,51100.0,0,0.015,309,online,45.3,15,0,1,-0.05048761230831957,Not Persuadable
2188,34,51900.0,2,0.049,357,in_store,26.57,20,0,1,-0.03122195779750245,Not Persuadable
2998,68,45200.0,6,0.167,269,online,32.5,10,1,1,0.09320545054717173,Persuadable
1916,18,17400.0,1,0.0,382,online,9.6,0,1,0,-0.060436458176613264,Not Persuadable
613,23,23300.0,2,0.193,119,in_store,21.53,30,1,1,0.1273668655811339,Highly Persuadable
3751,37,15900.0,0,0.132,374,in_store,29.97,0,1,0,0.024094966689350572,Persuadable
4604,47,51900.0,3,0.0,25,in_store,40.37,0,1,0,0.021444908834772937,Persuadable
1899,35,26400.0,1,0.0,27,in_store,36.65,5,0,1,0.023419427928192075,Persuadable
1650,32,15000.0,1,0.0,116,in_store,25.38,0,1,0,-0.037707618049323904,Not Persuadable
3169,29,17300.0,2,0.271,306,in_store,21.32,25,1,1,0.12976198301248448,Highly Persuadable
259,38,21700.0,1,0.042,86,in_store,35.1,20,1,1,0.15136208409871132,Highly Persuadable
848,50,74100.0,5,0.236,343,in_store,47.12,5,1,1,0.1366401563503913,Highly Persuadable
4373,26,31700.0,1,0.0,105,online,26.45,0,0,0,0.050351611543001946,Persuadable
1234,41,73200.0,4,0.066,186,in_store,51.48,15,0,1,0.1252081665115498,Highly Persuadable
1128,39,52100.0,4,0.177,598,in_store,29.68,0,0,0,0.15370081141296865,Highly Persuadable
1968,39,26100.0,1,0.275,1,in_store,39.26,0,1,0,0.12208071191604941,Highly Persuadable
559,25,26200.0,0,0.041,1,in_store,36.55,25,0,1,-0.001767389180961641,Not Persuadable
4778,24,43500.0,1,0.213,359,in_store,43.87,20,1,1,0.025419996398303835,Persuadable
485,39,56800.0,2,0.065,382,in_store,46.07,0,1,0,-0.08938664147146497,Not Persuadable
1321,31,18500.0,1,0.14,123,online,23.57,25,1,1,0.13388812498246375,Highly Persuadable
2760,50,23400.0,2,0.308,1,in_store,44.5,0,0,0,0.1769995741032372,Highly Persuadable
8,36,49000.0,6,0.241,611,online,42.97,10,1,1,0.02519343294725009,Persuadable
3460,49,57500.0,2,0.01,279,online,45.52,0,1,0,0.007795754289747356,Persuadable
3205,45,68100.0,5,0.141,834,in_store,44.93,0,1,0,0.066661455753384,Persuadable
1451,36,54600.0,0,0.122,1,in_store,28.21,0,1,0,0.0028002094808755153,Persuadable
3999,32,61400.0,1,0.007,146,in_store,51.68,0,1,0,-0.057143775609359786,Not Persuadable
1815,42,50500.0,0,0.158,1,in_store,48.29,0,0,0,-0.02177381527273884,Not Persuadable
774,56,73300.0,4,0.063,594,online,51.59,15,1,1,0.12709530991872245,Highly Persuadable
1012,57,67900.0,7,0.246,411,in_store,34.87,0,1,0,0.023737307324482558,Persuadable
2834,28,45300.0,5,0.098,459,in_store,30.98,10,0,1,0.016447583787703567,Persuadable
2464,26,23600.0,2,0.091,1,in_store,24.72,5,0,1,0.07343150173395158,Persuadable
1992,47,55400.0,3,0.18,577,online,36.82,0,1,0,0.06075109864493109,Persuadable
1278,59,83400.0,4,0.284,481,in_store,44.2,10,1,1,-0.015998146384183277,Not Persuadable
1784,28,60000.0,1,0.067,330,in_store,36.62,0,0,0,0.10220524425032891,Highly Persuadable
4066,45,62700.0,3,0.126,438,in_store,37.01,15,1,1,-0.015657891594963214,Not Persuadable
447,53,30500.0,3,0.134,310,in_store,40.81,10,0,1,-0.03583880242338562,Not Persuadable
881,43,64500.0,2,0.164,445,online,50.96,15,0,1,0.06046792434767419,Persuadable
4470,30,15000.0,1,0.07,303,online,15.55,20,0,1,-0.04503826610622347,Not Persuadable
782,39,21600.0,2,0.12,850,online,46.16,0,0,0,-0.07045844681297352,Not Persuadable
1750,51,47600.0,4,0.09,676,online,30.83,20,1,1,0.06988179050715075,Persuadable
3404,53,64000.0,4,0.0,583,in_store,61.87,5,0,1,0.07660698899946614,Persuadable
4892,22,37000.0,2,0.288,403,online,33.36,5,0,1,0.0023550811690097157,Persuadable
884,26,34700.0,1,0.149,544,in_store,42.69,0,1,0,-0.015407682005505016,Not Persuadable
2945,38,41900.0,1,0.194,116,online,25.47,0,1,0,0.1461814387326584,Highly Persuadable
1092,40,26100.0,2,0.217,196,online,45.17,0,1,0,0.036596469419347605,Persuadable
4672,35,16400.0,0,0.057,104,online,23.2,0,0,0,0.01934407553024062,Persuadable
532,29,46900.0,2,0.0,321,online,29.96,20,0,1,0.05589229956297142,Persuadable
4041,41,54500.0,1,0.149,1,in_store,44.43,0,1,0,0.028689498140328996,Persuadable
3340,20,53900.0,2,0.046,734,in_store,37.13,0,0,0,0.05582179143480383,Persuadable
4590,34,48800.0,1,0.0,293,in_store,32.7,15,0,1,0.00012850969984935708,Persuadable
1728,34,38000.0,0,0.117,3,in_store,39.51,10,1,1,-0.022568248055394206,Not Persuadable
611,28,50800.0,1,0.194,244,in_store,38.59,15,1,1,0.07019645906883759,Persuadable
571,23,46500.0,3,0.114,297,online,43.52,20,0,1,0.03804452053040064,Persuadable
2687,19,34400.0,1,0.0,73,in_store,31.33,0,1,0,0.048438428103071196,Persuadable
3044,34,15000.0,0,0.0,170,in_store,23.41,20,0,1,-0.03745151822207646,Not Persuadable
344,45,18600.0,1,0.054,375,online,25.16,0,0,0,0.019727039601547144,Persuadable
3016,33,57800.0,2,0.164,317,online,48.91,20,0,1,0.05224930424622261,Persuadable
3155,33,45700.0,1,0.088,464,online,23.79,0,0,0,0.04876072723269845,Persuadable
435,51,39000.0,1,0.11,87,online,42.09,0,0,0,0.015393943386285277,Persuadable
1904,38,51000.0,1,0.0,279,online,35.43,20,1,1,0.08045692683857636,Persuadable
3823,39,40500.0,1,0.109,1,online,32.06,20,1,1,0.10078544583731008,Highly Persuadable
2790,35,36600.0,2,0.051,683,in_store,22.1,0,0,0,0.09944733319865558,Persuadable
2070,38,50200.0,3,0.25,149,in_store,33.94,0,1,0,0.023203536522923972,Persuadable
1538,20,15000.0,1,0.167,875,in_store,43.87,0,0,0,0.044749663244768895,Persuadable
2268,37,52500.0,0,0.004,1,online,44.73,10,0,1,-0.01777889353558141,Not Persuadable
2362,28,30900.0,2,0.304,238,in_store,18.77,5,0,1,0.17321789520881675,Highly Persuadable
1518,56,43400.0,3,0.0,464,online,28.61,0,0,0,-0.023889780032476795,Not Persuadable
966,24,52500.0,4,0.156,142,online,48.02,0,0,0,0.07779286913119257,Persuadable
4417,55,53000.0,3,0.006,569,online,37.02,15,0,1,-0.059291570112071354,Not Persuadable
529,43,44100.0,2,0.0,22,in_store,48.46,0,1,0,-0.1019944031489642,Not Persuadable
177,59,90400.0,4,0.242,431,in_store,47.48,0,1,0,0.04944870403037384,Persuadable
4595,49,45600.0,2,0.0,671,online,30.53,0,1,0,0.013373074455648544,Persuadable
4109,58,60600.0,3,0.138,548,in_store,26.37,0,1,0,0.04813789301153107,Persuadable
4308,65,60600.0,3,0.169,343,online,24.83,15,1,1,0.04026509114500023,Persuadable
573,43,24000.0,2,0.07,35,in_store,20.13,20,0,1,0.03191003383921284,Persuadable
2315,46,42400.0,5,0.159,710,in_store,46.7,30,1,1,0.07427820140366237,Persuadable
3525,29,61000.0,3,0.027,118,in_store,53.97,0,1,0,0.023365399675918035,Persuadable
2940,31,50600.0,3,0.151,882,in_store,51.65,0,0,0,0.02810517855802216,Persuadable
3227,29,46300.0,0,0.126,28,online,33.14,0,1,0,0.053775293867410826,Persuadable
4328,46,54900.0,1,0.02,167,in_store,31.67,30,1,1,0.006079200346012829,Persuadable
2209,47,39900.0,3,0.192,355,in_store,33.64,0,0,0,0.10108116640770434,Highly Persuadable
2581,28,53300.0,5,0.103,67,online,52.53,25,0,1,-0.024165338546366644,Not Persuadable
2771,52,72200.0,3,0.0,368,online,43.38,0,0,0,0.02103234814376743,Persuadable
384,25,40600.0,1,0.116,1,in_store,35.27,0,1,0,-0.023517432615559997,Not Persuadable
853,51,62800.0,2,0.0,1,in_store,53.33,0,1,0,0.022628454682275676,Persuadable
1881,49,26100.0,0,0.125,281,online,19.93,0,0,0,0.03486807883668207,Persuadable
371,40,56700.0,0,0.053,164,online,33.13,0,1,0,0.03515283274676523,Persuadable
4338,34,28000.0,1,0.0,161,online,30.9,20,1,1,0.12861259891119167,Highly Persuadable
4334,52,46700.0,5,0.219,561,in_store,43.91,5,1,1,0.037084279540808285,Persuadable
1106,48,53600.0,1,0.065,542,online,46.0,25,0,1,-0.060700631759048704,Not Persuadable
2587,41,56800.0,2,0.095,213,in_store,37.06,15,0,1,0.018140734094274528,Persuadable
3965,37,71600.0,4,0.158,723,in_store,31.35,0,0,0,0.2073002838694273,Highly Persuadable
1337,46,55300.0,2,0.17,1,online,33.52,20,1,1,0.1877007361705892,Highly Persuadable
2190,47,45400.0,3,0.0,241,in_store,30.1,20,0,1,0.0200669375018133,Persuadable
4605,39,59000.0,1,0.097,488,in_store,32.61,20,1,1,0.00603499272399585,Persuadable
2673,34,56700.0,2,0.0,149,online,33.32,5,0,1,0.033937636822511275,Persuadable
3618,32,15000.0,3,0.04,434,online,26.71,0,1,0,-0.02842380422438264,Not Persuadable
2946,43,25800.0,1,0.017,1031,online,44.53,10,0,1,-0.035053098080627974,Not Persuadable
4859,34,29700.0,1,0.147,189,in_store,36.74,0,1,0,0.09963556996061217,Persuadable
1172,18,15000.0,3,0.051,134,online,37.36,0,1,0,-0.04481357468620177,Not Persuadable
3993,36,35900.0,0,0.0,581,in_store,44.26,5,0,1,-0.1405707849678991,Not Persuadable
4279,35,16600.0,1,0.055,1,online,13.72,0,1,0,0.018125044159726596,Persuadable
1423,45,15000.0,4,0.198,626,in_store,22.57,0,0,0,0.13132616909697645,Highly Persuadable
3208,44,49300.0,4,0.172,138,in_store,32.67,15,1,1,0.13101607322056358,Highly Persuadable
4128,36,42100.0,5,0.033,354,in_store,42.84,25,1,1,0.0420708533193832,Persuadable
4363,36,87000.0,2,0.101,1,in_store,62.13,20,0,1,0.05522339406710181,Persuadable
1465,52,55000.0,6,0.202,443,in_store,46.4,5,0,1,-0.03486845786631009,Not Persuadable
875,18,15000.0,1,0.059,1,in_store,22.86,0,1,0,0.0447923691334424,Persuadable
2340,50,36900.0,1,0.053,125,online,39.92,15,0,1,0.06831654906731736,Persuadable
4351,38,67800.0,3,0.0,90,in_store,32.57,10,0,1,0.00011304609168391881,Persuadable
1252,58,68800.0,4,0.247,1,in_store,49.74,10,0,1,0.15425710599061127,Highly Persuadable
4970,44,63800.0,3,0.187,224,in_store,54.23,0,1,0,0.04087879764999852,Persuadable
841,63,52800.0,5,0.159,492,online,35.58,0,0,0,0.11950409021965946,Highly Persuadable
3085,34,38200.0,2,0.0,373,in_store,30.13,0,1,0,0.10905723734382193,Highly Persuadable
582,26,43000.0,3,0.063,671,in_store,40.78,10,1,1,0.11775933211888086,Highly Persuadable
205,18,45400.0,1,0.079,483,online,27.49,0,1,0,0.04853968451820363,Persuadable
1642,46,46000.0,4,0.01,280,in_store,41.21,15,1,1,0.17730296736905138,Highly Persuadable
2015,59,61000.0,2,0.066,926,online,43.8,0,1,0,0.04408821589373497,Persuadable
906,65,59300.0,3,0.139,205,online,45.6,10,1,1,0.03128378850926079,Persuadable
632,71,89900.0,3,0.017,163,in_store,54.16,20,0,1,-5.915742897137188e-05,Not Persuadable
4794,39,17900.0,1,0.047,220,online,26.64,15,0,1,0.00895667230092322,Persuadable
1975,24,55900.0,2,0.0,293,online,36.1,0,0,0,0.08722603305899358,Persuadable
163,66,87800.0,3,0.099,347,in_store,38.96,20,1,1,-0.020079641897898994,Not Persuadable
3188,31,23100.0,1,0.027,290,online,29.6,0,0,0,0.16622295071349147,Highly Persuadable
2880,45,60300.0,3,0.126,367,in_store,41.47,0,0,0,0.10471552408591991,Highly Persuadable
4506,59,72700.0,4,0.0,545,in_store,36.06,15,1,1,0.0642166276726485,Persuadable
618,43,46000.0,3,0.052,47,online,65.79,0,1,0,0.039840683506912854,Persuadable
4087,30,29700.0,1,0.15,376,in_store,31.8,0,0,0,0.07482233899265074,Persuadable
1432,29,40700.0,1,0.013,191,online,35.67,0,1,0,-0.031823332663282806,Not Persuadable
548,28,51800.0,2,0.0,513,in_store,37.19,0,0,0,-0.0009319676315506871,Not Persuadable
3350,29,16300.0,0,0.014,1,in_store,28.66,0,1,0,0.13790188792533178,Highly Persuadable
4557,44,38000.0,3,0.141,1,in_store,32.32,0,0,0,0.19931811443275602,Highly Persuadable
4233,28,66600.0,1,0.0,1,in_store,46.66,15,0,1,-0.13328981417706218,Not Persuadable
2403,43,25300.0,3,0.058,367,online,36.08,0,0,0,0.010172508745216413,Persuadable
2681,55,51600.0,4,0.028,459,online,52.16,0,0,0,-0.056511966452190435,Not Persuadable
2493,49,32800.0,4,0.05,730,online,41.46,30,1,1,0.10507301774149129,Highly Persuadable
4084,36,70700.0,1,0.0,123,in_store,40.87,10,0,1,-0.01607961977679949,Not Persuadable
1862,27,16900.0,0,0.044,393,online,31.47,0,1,0,0.04271017239876893,Persuadable
641,22,26600.0,2,0.15,429,in_store,22.92,0,1,0,0.06176953323588273,Persuadable
3003,64,80400.0,2,0.109,1,online,48.35,25,1,1,0.005124636742083229,Persuadable
638,27,53600.0,1,0.0,201,online,44.81,20,0,1,-0.06381416028342944,Not Persuadable
4121,32,45800.0,2,0.168,146,in_store,30.42,0,1,0,0.05864942037204994,Persuadable
3929,23,29100.0,1,0.0,1,in_store,32.36,0,0,0,0.0866619550444479,Persuadable
3002,48,69500.0,1,0.158,1,in_store,34.62,30,0,1,0.10610205243376061,Highly Persuadable
2097,50,32800.0,2,0.0,399,in_store,32.03,25,1,1,0.08806114207355292,Persuadable
3911,56,68300.0,1,0.0,156,in_store,60.99,30,0,1,0.05395662588890142,Persuadable
4032,34,77300.0,0,0.144,438,online,51.6,15,1,1,0.0978035800515758,Persuadable
3693,18,27600.0,0,0.0,88,in_store,20.03,0,0,0,0.04408256385307138,Persuadable
2857,39,47300.0,1,0.0,167,in_store,42.73,0,0,0,-0.014638393423139075,Not Persuadable
922,30,64000.0,1,0.127,537,in_store,57.23,0,0,0,0.0877153449094257,Persuadable
547,42,72500.0,3,0.001,484,in_store,41.6,10,0,1,0.05278278760060803,Persuadable
3685,27,70500.0,1,0.0,1,in_store,60.92,0,0,0,-0.05949635306371686,Not Persuadable
1901,33,24500.0,1,0.083,181,online,16.91,0,1,0,0.02846784440954531,Persuadable
2029,42,42900.0,3,0.144,263,online,53.46,0,0,0,0.06212728277606101,Persuadable
2302,29,28700.0,3,0.219,343,online,19.86,0,0,0,0.24202042604488094,Highly Persuadable
1886,43,49900.0,3,0.09,532,in_store,46.31,0,0,0,0.02939563871420745,Persuadable
1643,18,21500.0,1,0.006,1,in_store,23.15,0,1,0,0.03138890870879791,Persuadable
3526,59,53800.0,3,0.0,122,in_store,45.63,10,1,1,0.07382791352865163,Persuadable
4820,23,17400.0,2,0.034,82,in_store,23.75,25,0,1,0.02357109823455429,Persuadable
2098,30,37700.0,1,0.04,1,in_store,41.09,0,1,0,-0.007819497021768932,Not Persuadable
4368,38,64000.0,3,0.096,207,online,34.4,20,1,1,0.0063673277198523425,Persuadable
4663,47,46200.0,2,0.105,544,in_store,46.17,0,1,0,-0.07435344247540863,Not Persuadable
4505,32,39600.0,3,0.0,243,in_store,49.5,0,0,0,-0.10310157840506673,Not Persuadable
4978,47,40200.0,2,0.014,1,in_store,32.11,30,0,1,0.045565002402327526,Persuadable
837,36,56500.0,1,0.05,162,in_store,34.08,15,0,1,0.0824964131127339,Persuadable
602,33,60600.0,2,0.2,420,online,47.29,0,1,0,-0.08119762469729411,Not Persuadable
2185,19,33800.0,0,0.031,43,in_store,44.03,0,0,0,0.02020688502721935,Persuadable
3884,55,79500.0,1,0.153,150,in_store,48.18,20,0,1,0.05808445889029213,Persuadable
2805,30,17900.0,3,0.061,148,online,33.12,5,1,1,0.14913956995635405,Highly Persuadable
4318,33,31900.0,2,0.115,407,in_store,32.6,10,0,1,-0.028499810310339616,Not Persuadable
1583,47,52700.0,1,0.0,345,in_store,49.28,20,1,1,-0.1058944168254724,Not Persuadable
4726,54,28800.0,4,0.168,390,in_store,37.49,20,1,1,0.0566326384387283,Persuadable
3319,54,85400.0,8,0.126,430,in_store,43.86,25,0,1,-0.031409569969247354,Not Persuadable
3978,37,46400.0,3,0.172,510,online,47.28,20,0,1,-0.0448431354473439,Not Persuadable
1071,38,27700.0,2,0.138,337,in_store,32.55,10,1,1,0.08616122032773318,Persuadable
1776,44,64400.0,6,0.065,531,online,43.11,0,1,0,0.01946585621943874,Persuadable
4819,47,46200.0,2,0.194,329,in_store,48.84,15,0,1,0.02123423230505751,Persuadable
1284,50,35100.0,3,0.054,376,online,27.29,30,0,1,-0.033031184965621796,Not Persuadable
3066,40,35900.0,1,0.105,212,in_store,45.92,0,1,0,-0.07171079613881749,Not Persuadable
4764,59,75200.0,2,0.075,109,online,45.89,10,1,1,0.002043283060384272,Persuadable
1837,43,52700.0,2,0.126,184,online,45.93,0,1,0,-0.04854681566783992,Not Persuadable
4253,46,59000.0,3,0.077,130,online,42.78,0,1,0,-0.03677046980571414,Not Persuadable
1020,47,47800.0,1,0.069,1,in_store,35.48,0,1,0,0.057182146603632536,Persuadable
3221,57,38500.0,4,0.042,432,online,40.24,0,1,0,0.03299258108326863,Persuadable
1327,44,46400.0,1,0.0,510,online,36.35,0,0,0,-0.026327804073254798,Not Persuadable
476,36,26700.0,3,0.073,449,online,32.52,15,1,1,0.18822864327507338,Highly Persuadable
3464,23,29700.0,1,0.136,268,online,22.39,25,1,1,0.04093925239065862,Persuadable
1652,55,48800.0,2,0.117,578,in_store,40.18,0,0,0,0.04948813398451913,Persuadable
4017,58,51900.0,4,0.048,558,in_store,45.14,0,1,0,0.0003372236941281572,Persuadable
4296,45,54100.0,0,0.151,154,in_store,50.07,15,1,1,0.06570268176837916,Persuadable
4190,65,76000.0,0,0.0,1,online,46.53,20,1,1,0.010755990770036862,Persuadable
4671,18,15000.0,0,0.0,1,in_store,29.57,0,0,0,0.17727253253642283,Highly Persuadable
2599,18,24100.0,1,0.0,248,online,34.1,0,1,0,0.0016982956313948165,Persuadable
1374,21,34000.0,2,0.0,308,in_store,43.37,0,0,0,-0.11339974756044535,Not Persuadable
740,18,47000.0,1,0.029,193,online,37.18,0,0,0,0.039079556822176745,Persuadable
4408,43,24000.0,0,0.0,345,in_store,29.91,10,1,1,0.14871753993870596,Highly Persuadable
4693,43,56800.0,3,0.0,259,online,43.7,25,1,1,0.04962806364882707,Persuadable
868,35,61800.0,3,0.298,588,in_store,29.0,10,1,1,0.11173670441826501,Highly Persuadable
1141,61,85200.0,2,0.181,119,online,65.74,20,0,1,0.034333763560270215,Persuadable
998,41,70300.0,0,0.045,512,in_store,45.75,15,0,1,-0.02082493674438229,Not Persuadable
1338,48,30600.0,3,0.104,635,in_store,29.49,0,1,0,0.034977105909059863,Persuadable
542,30,44000.0,1,0.101,519,online,22.74,10,0,1,0.07273041730672551,Persuadable
1100,55,55200.0,3,0.173,705,online,26.45,5,0,1,0.12712788094645958,Highly Persuadable
1133,32,53200.0,2,0.138,97,in_store,37.03,0,0,0,0.1251795680704045,Highly Persuadable
4083,41,45400.0,1,0.094,91,in_store,49.26,0,1,0,-0.11891735473984684,Not Persuadable
4130,28,51300.0,0,0.069,1,online,34.39,0,1,0,0.02929391174687711,Persuadable
2259,53,75400.0,1,0.095,44,in_store,49.88,0,0,0,-0.021843860880403736,Not Persuadable
4006,36,83500.0,6,0.009,295,in_store,42.23,0,1,0,0.011083049260337305,Persuadable
60,52,54300.0,2,0.2,779,online,32.9,20,1,1,0.12430622737649127,Highly Persuadable
4204,65,90000.0,3,0.074,335,in_store,60.75,0,1,0,-0.02986179671504029,Not Persuadable
1939,32,36900.0,3,0.101,317,online,34.98,20,1,1,-0.048768924382562424,Not Persuadable
2592,66,80800.0,7,0.252,773,in_store,45.46,10,1,1,0.02667728058126316,Persuadable
4947,57,25300.0,4,0.135,132,online,38.43,10,1,1,-0.00947507244289432,Not Persuadable
1079,33,71300.0,3,0.0,216,online,48.09,15,1,1,0.05928927004324877,Persuadable
3380,37,72100.0,5,0.038,313,in_store,44.12,0,1,0,0.011986808131911235,Persuadable
3143,37,50500.0,1,0.0,484,in_store,38.29,0,0,0,0.00036868358455156294,Persuadable
2504,46,48800.0,0,0.0,1,in_store,39.48,0,0,0,0.06840259978879777,Persuadable
941,43,19900.0,2,0.237,327,online,21.87,25,1,1,0.1999774628428326,Highly Persuadable
1081,43,35300.0,1,0.013,607,in_store,34.27,20,0,1,0.11526681523224479,Highly Persuadable
188,25,34900.0,3,0.039,566,online,12.01,0,1,0,0.002732232780289651,Persuadable
2650,69,37400.0,1,0.105,22,in_store,42.7,0,0,0,0.028558031621574647,Persuadable
2086,49,50400.0,0,0.07,323,online,48.35,0,1,0,-0.10148454954901727,Not Persuadable
2250,54,47700.0,1,0.117,1,in_store,44.85,20,0,1,0.014345551563846396,Persuadable
4901,18,15000.0,0,0.034,45,in_store,16.86,10,0,1,-0.037871333088586784,Not Persuadable
2024,39,56200.0,1,0.061,578,in_store,44.36,0,1,0,-0.0016962424514596836,Not Persuadable
2698,42,64500.0,2,0.057,308,in_store,61.69,15,1,1,0.04354079063896073,Persuadable
4067,30,52000.0,4,0.212,600,in_store,27.8,25,1,1,0.17046669118455962,Highly Persuadable
3625,39,28200.0,4,0.106,864,in_store,31.29,0,1,0,0.036382698654980554,Persuadable
227,70,67100.0,3,0.066,386,in_store,46.21,0,0,0,-0.09548716136627003,Not Persuadable
3320,49,59600.0,3,0.123,403,online,62.34,0,1,0,0.006753083298520073,Persuadable
1930,49,54800.0,3,0.094,72,in_store,43.16,0,0,0,0.022201076016156642,Persuadable
3936,43,63300.0,2,0.244,1,in_store,44.47,25,1,1,0.15039044660364756,Highly Persuadable
4787,24,37700.0,2,0.074,1,in_store,38.16,0,1,0,-0.07206452362758295,Not Persuadable
1405,33,45400.0,4,0.098,485,online,46.05,20,1,1,-0.07372509367930925,Not Persuadable
2180,36,43700.0,0,0.045,459,online,41.83,25,0,1,0.054549863540683634,Persuadable
698,28,31000.0,6,0.249,616,online,26.76,15,1,1,0.1102863597779035,Highly Persuadable
1125,38,39700.0,4,0.229,541,in_store,39.46,0,1,0,0.08818938905899996,Persuadable
2811,32,46900.0,5,0.122,914,online,40.67,5,1,1,0.07713896509697615,Persuadable
2935,31,55500.0,2,0.026,84,in_store,44.79,25,1,1,0.06966028153178065,Persuadable
1779,27,17800.0,1,0.13,564,in_store,36.89,0,1,0,-0.024401227896750345,Not Persuadable
2874,18,21600.0,0,0.088,70,in_store,28.61,0,1,0,0.05691473051698865,Persuadable
1038,33,48700.0,2,0.131,360,online,38.82,0,1,0,0.04049914934120068,Persuadable
4185,40,33800.0,2,0.103,738,in_store,29.64,20,0,1,-0.029262827481986848,Not Persuadable
2257,44,73300.0,0,0.001,368,in_store,58.7,25,1,1,0.007922100008877195,Persuadable
314,45,46200.0,1,0.136,167,in_store,25.37,15,1,1,0.11005953784223074,Highly Persuadable
2282,40,38700.0,3,0.087,237,in_store,40.39,0,0,0,0.08546776699596846,Persuadable
1417,67,84700.0,5,0.146,412,in_store,63.58,0,1,0,-0.02185502498094908,Not Persuadable
1037,52,49300.0,1,0.139,194,online,27.17,10,0,1,0.056864502110147055,Persuadable
2160,31,20300.0,3,0.0,326,in_store,21.56,0,1,0,-0.02785352529736778,Not Persuadable
4173,41,49200.0,1,0.091,555,online,23.39,20,0,1,0.06963489726417382,Persuadable
1755,53,53500.0,2,0.055,612,in_store,27.72,25,0,1,0.022194711692083268,Persuadable
3128,45,68700.0,5,0.227,162,in_store,49.79,25,0,1,0.1704950800239978,Highly Persuadable
3635,38,34200.0,0,0.0,108,online,42.74,10,1,1,-0.013040340647832587,Not Persuadable
4975,35,39700.0,3,0.096,1,online,41.61,20,0,1,0.014734497551146957,Persuadable
4531,51,56600.0,3,0.05,231,online,50.26,0,1,0,0.12490853325216945,Highly Persuadable
3361,39,32300.0,5,0.258,490,online,36.91,15,0,1,0.02595851280691457,Persuadable
4751,50,48500.0,3,0.253,1,in_store,21.05,15,0,1,0.11694905196931508,Highly Persuadable
1507,18,21600.0,0,0.177,1,online,21.49,0,0,0,0.12105573190729288,Highly Persuadable
1924,54,70900.0,3,0.0,215,in_store,52.19,10,1,1,0.17410602603817063,Highly Persuadable
449,53,73900.0,2,0.108,398,online,40.76,0,1,0,-0.05177105180237505,Not Persuadable
2459,18,20300.0,1,0.086,494,online,24.01,0,1,0,0.04009404678486818,Persuadable
2544,49,42900.0,2,0.047,302,online,40.79,15,1,1,0.0933722480758336,Persuadable
4980,31,23500.0,3,0.125,1,online,27.26,30,1,1,0.158158658439862,Highly Persuadable
4574,45,41800.0,0,0.045,117,in_store,44.79,15,1,1,0.1215482059864603,Highly Persuadable
362,45,51000.0,2,0.002,399,in_store,40.0,0,0,0,-0.03459079720784069,Not Persuadable
2184,28,40800.0,2,0.075,711,online,24.3,0,0,0,0.14243566976545072,Highly Persuadable
1135,38,55000.0,3,0.114,744,online,45.14,0,1,0,-0.02270772287175389,Not Persuadable
3899,32,38100.0,1,0.0,427,online,35.7,0,0,0,-0.020654230327977044,Not Persuadable
2156,47,63100.0,0,0.0,427,online,31.58,10,1,1,0.036986405815355276,Persuadable
1831,49,48200.0,2,0.018,662,in_store,43.38,0,1,0,0.031798728144843455,Persuadable
1054,69,95500.0,3,0.209,585,in_store,61.17,25,1,1,-0.030296337470026927,Not Persuadable
23,55,49900.0,4,0.07,466,online,45.89,15,1,1,-0.06262776394223975,Not Persuadable
2067,52,67800.0,2,0.0,1,online,48.61,10,1,1,0.015703484460488266,Persuadable
1654,35,25500.0,1,0.178,885,online,21.76,0,0,0,0.17182381918954084,Highly Persuadable
2603,39,57500.0,4,0.079,217,in_store,42.8,10,0,1,-0.05550872670820452,Not Persuadable
3226,33,34200.0,1,0.154,219,online,44.45,30,0,1,0.01701630910032522,Persuadable
2813,35,27300.0,0,0.11,1,in_store,21.66,0,1,0,0.020956189915813515,Persuadable
4055,47,57100.0,4,0.103,645,in_store,49.7,15,0,1,0.025557210148501472,Persuadable
2326,46,70400.0,3,0.144,749,online,56.27,0,0,0,0.1697880075566468,Highly Persuadable
461,44,56600.0,2,0.0,509,in_store,54.7,0,1,0,-0.024563004961573348,Not Persuadable
1068,45,59700.0,0,0.0,507,online,43.55,20,1,1,-0.036357019624051905,Not Persuadable
88,40,34400.0,4,0.128,365,in_store,34.23,20,1,1,-0.016460561574856605,Not Persuadable
1431,37,29700.0,1,0.227,268,online,39.29,30,1,1,0.15265964963007445,Highly Persuadable
2663,36,33300.0,2,0.156,341,online,37.86,0,1,0,0.022078278810481678,Persuadable
283,51,38200.0,2,0.068,279,online,34.79,0,1,0,-0.0030492954438555934,Not Persuadable
463,21,16200.0,1,0.102,628,online,33.89,0,1,0,0.017869860476052622,Persuadable
213,40,37200.0,5,0.06,342,online,31.38,20,0,1,0.09054470022533824,Persuadable
2634,40,38200.0,1,0.053,191,online,30.78,5,0,1,0.06871172437324732,Persuadable
1369,55,41800.0,2,0.001,225,in_store,41.76,0,0,0,0.2078246566992043,Highly Persuadable
235,31,29700.0,4,0.149,578,in_store,35.44,0,1,0,0.05180946634598739,Persuadable
3552,26,39300.0,1,0.172,545,online,33.39,0,1,0,-0.001618391247522446,Not Persuadable
598,50,41700.0,1,0.12,339,in_store,36.04,0,0,0,0.008348823415675768,Persuadable
4431,39,31600.0,2,0.074,297,online,24.44,0,0,0,0.04572944935204092,Persuadable
2251,28,22500.0,1,0.118,39,online,37.86,0,1,0,-0.021483144923313924,Not Persuadable
4050,41,35100.0,1,0.096,74,online,30.66,0,0,0,0.05880934447503414,Persuadable
2284,43,48100.0,3,0.095,352,in_store,37.84,30,0,1,0.031559470052849856,Persuadable
663,29,33700.0,2,0.047,320,in_store,31.57,5,0,1,0.02465207201360931,Persuadable
4974,18,15000.0,0,0.099,1,in_store,24.49,0,0,0,0.09848125765234268,Persuadable
2286,44,56400.0,4,0.025,408,in_store,49.43,0,1,0,-0.06264196668856019,Not Persuadable
4727,36,40200.0,4,0.183,454,in_store,38.3,25,1,1,0.03612016072684835,Persuadable
3209,52,40100.0,4,0.199,522,in_store,26.9,0,1,0,0.021851970423665965,Persuadable
2519,47,56800.0,1,0.0,280,online,57.5,0,0,0,0.10956610211410271,Highly Persuadable
3448,52,64700.0,3,0.111,396,in_store,42.29,25,1,1,-0.014710953870758431,Not Persuadable
780,24,25200.0,0,0.024,90,online,24.86,0,0,0,0.08415583312695205,Persuadable
4211,40,44700.0,3,0.151,772,in_store,48.92,25,0,1,-0.006546177568547423,Not Persuadable
3442,41,66100.0,2,0.0,184,online,44.51,0,1,0,-0.0394311122947043,Not Persuadable
4874,26,28300.0,1,0.129,259,online,9.59,0,0,0,0.06908450307742137,Persuadable
4469,69,54400.0,2,0.075,1,in_store,36.95,10,0,1,0.020453902831320498,Persuadable
4846,50,63600.0,2,0.081,343,online,31.88,15,0,1,-0.039267128921303254,Not Persuadable
686,34,15200.0,0,0.067,314,in_store,30.74,0,0,0,0.10786772044562004,Highly Persuadable
3185,48,49100.0,3,0.043,583,in_store,38.86,15,1,1,0.014660020799018066,Persuadable
4254,18,40100.0,2,0.056,779,in_store,25.21,0,1,0,0.08317921149385678,Persuadable
4122,49,22100.0,1,0.087,413,in_store,28.43,0,1,0,-0.08256498844010213,Not Persuadable
2172,27,35100.0,2,0.078,198,online,24.71,5,1,1,0.022866092962567145,Persuadable
3556,37,27800.0,1,0.078,507,in_store,44.04,10,1,1,0.010953973091566644,Persuadable
1851,32,58300.0,3,0.056,424,online,53.4,15,0,1,-0.06295532631417954,Not Persuadable
488,45,38300.0,0,0.0,292,online,54.47,0,0,0,-0.009244385087805784,Not Persuadable
1689,38,66400.0,2,0.385,161,in_store,58.54,25,1,1,0.19973898482998384,Highly Persuadable
2231,46,44500.0,5,0.017,456,in_store,22.02,0,1,0,0.01156309513821131,Persuadable
3280,35,48000.0,1,0.163,322,online,37.91,15,0,1,0.011689085239498121,Persuadable
2321,45,15000.0,2,0.209,568,online,19.5,10,1,1,0.1478930556443959,Highly Persuadable
783,62,43000.0,2,0.125,108,in_store,45.54,20,1,1,-0.05014248391518601,Not Persuadable
522,29,47300.0,2,0.227,115,in_store,40.63,0,0,0,0.1912266723780691,Highly Persuadable
523,56,44500.0,0,0.19,142,in_store,42.08,0,1,0,0.05838087181365842,Persuadable
3600,57,53000.0,2,0.05,488,online,38.56,0,1,0,-0.0685062961664017,Not Persuadable
3971,21,36900.0,0,0.0,383,online,29.56,15,0,1,-0.028176118709446786,Not Persuadable
2399,32,28300.0,2,0.091,1,in_store,30.81,0,0,0,0.1508390806102659,Highly Persuadable
2208,45,60400.0,2,0.076,525,in_store,37.59,0,1,0,-0.04307728113557924,Not Persuadable
3494,43,57800.0,4,0.184,113,in_store,38.91,0,1,0,0.09231563142645842,Persuadable
3569,46,35100.0,4,0.132,253,in_store,31.64,10,0,1,0.044018014015530044,Persuadable
3756,34,34000.0,2,0.04,162,online,32.89,0,0,0,0.10967685960434886,Highly Persuadable
2838,43,66300.0,2,0.037,313,in_store,46.4,0,1,0,-0.05088354799271071,Not Persuadable
1512,47,40000.0,3,0.174,338,online,30.67,0,0,0,0.10479710624903264,Highly Persuadable
1883,35,53800.0,1,0.098,212,in_store,36.45,30,1,1,-0.0022172381736091373,Not Persuadable
652,38,22500.0,0,0.139,296,online,15.46,0,0,0,0.14173077579481588,Highly Persuadable
2802,52,68400.0,2,0.101,93,in_store,53.36,0,1,0,-0.1085098559121145,Not Persuadable
3406,25,46100.0,2,0.144,360,online,36.48,15,0,1,0.032362524961254004,Persuadable
370,50,79100.0,4,0.113,341,online,44.73,10,1,1,0.10108273807088328,Highly Persuadable
2655,40,54900.0,3,0.038,755,in_store,33.61,25,1,1,0.01890917632504665,Persuadable
119,59,48100.0,2,0.052,1,in_store,34.05,0,0,0,0.08446041326757456,Persuadable
4014,61,69900.0,4,0.106,85,online,39.56,15,0,1,-0.022573236099606108,Not Persuadable
3050,57,72300.0,3,0.124,287,online,59.76,20,1,1,0.017834173916452603,Persuadable
2217,40,21900.0,0,0.023,37,online,28.38,25,1,1,0.07662595022169444,Persuadable
3559,47,48400.0,2,0.006,460,online,47.7,0,1,0,-0.16927344218131465,Not Persuadable
1614,41,47100.0,2,0.068,281,online,43.9,0,0,0,0.1327748092972698,Highly Persuadable
4257,19,29800.0,2,0.096,493,online,27.42,0,1,0,-0.02693978989294586,Not Persuadable
963,28,60900.0,2,0.116,293,online,44.55,0,0,0,0.02402872593015642,Persuadable
2511,33,55100.0,2,0.0,547,in_store,43.81,0,0,0,-0.030195759342586403,Not Persuadable
3564,38,47200.0,1,0.0,101,online,36.36,0,1,0,-0.006517168959620601,Not Persuadable
4652,52,78100.0,2,0.089,477,online,48.08,20,1,1,-0.0740349732051066,Not Persuadable
3461,41,38100.0,0,0.124,76,in_store,26.17,0,0,0,0.06518957762388702,Persuadable
3048,46,34900.0,6,0.153,1010,in_store,30.77,15,1,1,0.21536877974861235,Highly Persuadable
2416,56,36800.0,3,0.159,212,in_store,35.83,25,1,1,0.10845748847384545,Highly Persuadable
4665,70,58200.0,4,0.039,1,in_store,50.87,0,0,0,0.03790099027062365,Persuadable
4247,43,44000.0,2,0.062,728,in_store,40.82,0,1,0,0.0867297333519961,Persuadable
2186,40,54400.0,2,0.094,372,online,55.36,0,0,0,0.02459295588560353,Persuadable
2837,47,30600.0,1,0.106,585,online,35.85,15,0,1,-0.05017210108685643,Not Persuadable
2038,52,41500.0,4,0.087,862,in_store,31.29,20,1,1,0.07771064265508738,Persuadable
4272,27,33400.0,1,0.133,361,in_store,33.33,0,0,0,0.0013775441885989115,Persuadable
773,43,46700.0,4,0.182,328,in_store,45.84,0,1,0,0.06986717560785251,Persuadable
1285,41,50300.0,3,0.03,547,in_store,44.18,0,1,0,0.022872705080722464,Persuadable
4614,32,63300.0,2,0.052,294,in_store,62.03,0,0,0,0.11783307592127587,Highly Persuadable
4747,49,27200.0,1,0.206,486,online,32.66,0,0,0,0.12219776176845798,Highly Persuadable
1415,56,32600.0,2,0.0,412,in_store,22.22,0,0,0,-0.046308761423016924,Not Persuadable
1235,44,45900.0,1,0.127,379,online,37.61,0,1,0,-0.009851086742488871,Not Persuadable
2715,38,33200.0,1,0.036,212,in_store,25.68,0,0,0,-0.002279460686981995,Not Persuadable
436,33,30400.0,1,0.27,256,in_store,41.07,0,0,0,0.08152610510998319,Persuadable
1675,37,73200.0,4,0.188,875,in_store,54.55,25,1,1,0.1373570139566728,Highly Persuadable
366,58,87900.0,4,0.141,617,in_store,54.03,25,1,1,0.22054093844379075,Highly Persuadable
2665,35,33800.0,2,0.082,1,in_store,35.42,0,1,0,0.0319722491738714,Persuadable
232,33,16700.0,2,0.0,1,online,8.7,0,0,0,0.05793250719883562,Persuadable
4278,37,28800.0,1,0.201,516,in_store,21.62,0,0,0,0.2285503443842773,Highly Persuadable
4060,39,54300.0,3,0.092,601,in_store,42.68,0,0,0,0.07201665880355064,Persuadable
4410,20,15000.0,0,0.038,1,online,28.9,0,0,0,0.1462353820493389,Highly Persuadable
408,50,52900.0,2,0.134,44,in_store,41.77,0,0,0,-0.047592508980542486,Not Persuadable
2091,42,31100.0,2,0.133,317,online,25.94,20,0,1,0.04703770432988555,Persuadable
87,34,26600.0,0,0.102,204,online,39.89,20,0,1,0.014657619916614994,Persuadable
845,42,68400.0,4,0.033,221,online,42.11,10,0,1,0.014926279599239381,Persuadable
1032,42,71100.0,3,0.17,1,online,36.26,30,1,1,0.13527101933858343,Highly Persuadable
2647,60,26400.0,2,0.259,67,in_store,26.46,20,1,1,0.14743059423292673,Highly Persuadable
4078,34,33400.0,4,0.241,679,in_store,30.06,30,0,1,0.08589415640803266,Persuadable
4289,38,55500.0,3,0.155,219,online,33.7,0,1,0,0.12002103396522483,Highly Persuadable
3245,46,51900.0,5,0.205,461,in_store,37.95,0,1,0,0.00757161224495322,Persuadable
2674,46,40500.0,1,0.25,152,online,25.99,25,1,1,0.25968749870683705,Highly Persuadable
856,40,41300.0,3,0.059,583,online,39.99,15,0,1,0.007685793548918883,Persuadable
79,48,63700.0,2,0.0,345,in_store,63.15,20,1,1,0.06265358708916953,Persuadable
2248,31,45500.0,4,0.113,360,in_store,44.75,0,0,0,0.009296709490002834,Persuadable
4581,36,26900.0,1,0.088,331,in_store,18.74,0,1,0,0.007704969527303127,Persuadable
3675,24,32400.0,1,0.13,1,in_store,27.27,15,0,1,0.02713563609868932,Persuadable
2928,43,35800.0,1,0.0,1,in_store,57.57,0,0,0,0.004082479358575395,Persuadable
2925,32,34500.0,3,0.149,289,in_store,34.78,10,0,1,0.00325477499762794,Persuadable
2280,18,47300.0,2,0.0,413,in_store,26.56,15,1,1,0.09225623209198928,Persuadable
4951,54,52700.0,3,0.0,309,in_store,37.14,0,1,0,0.018780192512472895,Persuadable
4169,39,61700.0,1,0.023,852,online,36.4,20,0,1,-0.03378629165256119,Not Persuadable
3889,37,69700.0,3,0.221,533,in_store,45.88,0,0,0,-0.012278259091533187,Not Persuadable
3444,36,46600.0,0,0.0,371,online,41.15,25,1,1,0.06253539872492189,Persuadable
2177,46,56300.0,1,0.0,467,in_store,40.08,15,1,1,0.028314915283109986,Persuadable
425,29,48400.0,1,0.01,705,in_store,35.4,0,0,0,0.03854012614973386,Persuadable
393,34,16900.0,1,0.3,499,in_store,33.56,0,0,0,0.09190093969918833,Persuadable
4805,34,46400.0,3,0.202,1,in_store,41.83,0,1,0,0.09069278053610805,Persuadable
3650,41,42100.0,5,0.097,693,online,55.5,20,0,1,0.010070517350063916,Persuadable
105,29,38200.0,2,0.167,580,in_store,22.55,0,1,0,0.11643634952341361,Highly Persuadable
3921,44,56700.0,3,0.117,331,online,37.27,0,1,0,0.015998169634119545,Persuadable
3152,29,35000.0,2,0.024,441,online,45.92,0,1,0,-0.11576179219609868,Not Persuadable
1949,30,59100.0,4,0.17,604,in_store,60.74,10,0,1,0.08119386315006612,Persuadable
1460,44,61800.0,5,0.134,753,in_store,45.15,20,1,1,0.06541751884488578,Persuadable
3897,24,47600.0,2,0.0,74,online,35.33,0,0,0,-0.009532723120752274,Not Persuadable
2819,49,58700.0,3,0.142,653,in_store,55.07,15,1,1,0.18520390935344816,Highly Persuadable
2722,55,58500.0,2,0.153,233,in_store,52.64,15,0,1,0.06609468244055094,Persuadable
4800,35,23200.0,1,0.075,1,in_store,25.03,20,1,1,0.04845180708293387,Persuadable
1588,51,57400.0,0,0.112,53,in_store,41.76,20,0,1,-0.024663926422301866,Not Persuadable
4223,79,75800.0,3,0.29,633,in_store,39.71,25,1,1,-0.0027143737186359077,Not Persuadable
1732,40,43900.0,3,0.157,105,online,38.06,0,0,0,0.14785005733906906,Highly Persuadable
4775,37,40000.0,2,0.199,574,in_store,27.89,0,0,0,0.13098483834857116,Highly Persuadable
3732,48,50700.0,5,0.269,318,in_store,49.26,0,0,0,0.1089007705177637,Highly Persuadable
3700,25,15000.0,1,0.0,1,in_store,26.96,0,1,0,0.08952951101253794,Persuadable
1792,40,39800.0,2,0.215,137,in_store,34.54,20,0,1,0.12280591084418599,Highly Persuadable
2356,18,15000.0,0,0.05,591,online,22.63,10,0,1,-0.03257343955370353,Not Persuadable
1941,25,22400.0,0,0.049,493,in_store,37.6,20,0,1,-0.07711470962594587,Not Persuadable
703,28,46000.0,4,0.04,133,online,40.63,30,1,1,0.11038983426364349,Highly Persuadable
2443,28,44900.0,3,0.003,1,in_store,38.2,0,1,0,-0.05498711680236773,Not Persuadable
2830,70,59900.0,2,0.0,554,online,36.59,0,0,0,-0.04512418386715191,Not Persuadable
497,18,21000.0,1,0.1,1,in_store,27.77,0,0,0,0.03971039675850357,Persuadable
465,27,21700.0,1,0.035,311,online,26.5,0,0,0,0.04452151542130285,Persuadable
2703,50,16100.0,1,0.103,268,in_store,29.66,10,0,1,-0.05176309038607286,Not Persuadable
4344,34,31300.0,1,0.082,306,online,43.28,20,1,1,-0.010237813421103095,Not Persuadable
173,35,35400.0,1,0.0,1,online,30.13,10,1,1,0.11148560844875423,Highly Persuadable
4096,19,15000.0,0,0.0,304,in_store,31.1,0,1,0,0.01852173779562348,Persuadable
4807,64,56400.0,1,0.279,225,in_store,38.01,20,0,1,0.04428552214585616,Persuadable
2541,46,35000.0,2,0.058,529,online,41.11,20,1,1,0.028455097894841158,Persuadable
3278,18,25300.0,0,0.0,317,in_store,18.18,0,0,0,-0.07784446791549776,Not Persuadable
4210,36,36000.0,2,0.178,598,in_store,44.45,15,1,1,0.0793637170201214,Persuadable
2261,18,31100.0,2,0.09,1,in_store,34.42,0,0,0,0.06098617124956434,Persuadable
2113,51,70600.0,3,0.016,251,online,49.28,20,1,1,0.2075873932162028,Highly Persuadable
901,45,49700.0,2,0.127,656,in_store,33.99,20,1,1,0.12216383694953452,Highly Persuadable
1447,68,89300.0,6,0.347,629,in_store,62.18,30,1,1,-0.06327042057880718,Not Persuadable
3592,56,44200.0,5,0.193,733,in_store,31.48,20,1,1,0.09529667551797147,Persuadable
742,54,72200.0,2,0.217,170,in_store,49.37,5,1,1,0.12977877461951715,Highly Persuadable
2294,35,47700.0,1,0.319,706,online,55.77,15,1,1,-0.011092331794681928,Not Persuadable
2453,46,61100.0,2,0.184,1082,in_store,40.59,0,0,0,0.19505603027803697,Highly Persuadable
2843,47,47400.0,4,0.092,18,online,32.06,0,0,0,0.14370999889120847,Highly Persuadable
4097,47,46300.0,4,0.18,637,in_store,41.44,5,1,1,0.2005874466544176,Highly Persuadable
1207,31,60300.0,3,0.228,370,online,50.69,20,0,1,0.054279502935981945,Persuadable
510,46,56000.0,3,0.074,1,online,37.83,20,1,1,0.1382811083101323,Highly Persuadable
3290,28,44000.0,4,0.194,274,in_store,32.31,0,0,0,0.130087023109184,Highly Persuadable
2818,49,36200.0,1,0.096,76,online,37.52,0,0,0,-0.03763659591671925,Not Persuadable
3367,40,36900.0,2,0.0,352,in_store,34.4,20,1,1,0.052980082502030124,Persuadable
1550,45,34500.0,1,0.0,416,in_store,22.31,0,0,0,0.07038897390188131,Persuadable
3283,33,34900.0,4,0.058,214,in_store,37.0,5,1,1,0.07424219528641086,Persuadable
2203,41,54200.0,2,0.162,755,in_store,44.1,0,0,0,0.057680861598942826,Persuadable
2567,42,37000.0,2,0.21,350,in_store,37.22,15,1,1,0.14766571067946566,Highly Persuadable
2695,57,69600.0,2,0.053,1,in_store,53.16,20,1,1,0.09049932250921945,Persuadable
2045,23,27100.0,1,0.0,350,in_store,29.42,0,0,0,0.0983825446217265,Persuadable
768,33,65300.0,2,0.125,323,online,48.34,0,0,0,0.00902454546812855,Persuadable
4883,32,30200.0,1,0.102,242,in_store,33.76,0,0,0,-0.006084430597763317,Not Persuadable
4154,30,44700.0,3,0.284,683,online,40.18,5,1,1,0.038015063740062145,Persuadable
422,30,20400.0,2,0.141,1,in_store,32.22,0,0,0,0.1809185621258625,Highly Persuadable
124,56,55400.0,3,0.228,528,online,48.53,30,1,1,0.07685160264012537,Persuadable
4543,18,30000.0,1,0.056,194,in_store,18.91,10,1,1,-0.0690001587501875,Not Persuadable
2644,29,25300.0,2,0.103,393,online,28.35,30,0,1,-0.03559549734007016,Not Persuadable
820,26,40700.0,4,0.08,449,in_store,45.01,0,0,0,-0.02955156747613098,Not Persuadable
1404,34,20500.0,1,0.105,174,online,30.75,0,0,0,0.13518802668406493,Highly Persuadable
1383,36,53500.0,2,0.174,406,online,28.16,20,0,1,-0.025137293374423938,Not Persuadable
2149,36,57200.0,2,0.064,150,in_store,34.46,25,1,1,0.07751498702269995,Persuadable
1576,25,33800.0,1,0.136,1,in_store,43.28,20,1,1,-0.06203014052033629,Not Persuadable
1639,40,56600.0,5,0.176,464,online,36.87,0,1,0,0.07392435646193414,Persuadable
1796,36,71400.0,6,0.212,631,online,52.32,25,1,1,0.042723569720944994,Persuadable
4826,32,85800.0,1,0.085,1,in_store,54.81,0,1,0,0.09366513115700467,Persuadable
400,32,57600.0,4,0.185,318,online,42.29,10,0,1,0.05097894397672911,Persuadable
2311,50,39600.0,1,0.0,136,online,34.27,0,1,0,-0.05578448526318216,Not Persuadable
883,27,35500.0,2,0.196,508,online,38.29,0,1,0,0.0016245480124309247,Persuadable
4984,63,61500.0,4,0.277,535,in_store,42.81,15,1,1,0.09372452217728845,Persuadable
4161,24,23200.0,1,0.139,128,online,41.11,0,0,0,-0.03061981817650974,Not Persuadable
1353,24,65300.0,0,0.215,111,online,40.86,0,0,0,0.05618090816425941,Persuadable
2758,44,51600.0,1,0.007,178,online,39.4,15,0,1,0.028595971555700886,Persuadable
4561,48,52800.0,4,0.022,410,online,45.01,0,1,0,-0.07892492544564429,Not Persuadable
2131,41,46400.0,3,0.107,881,online,46.5,0,0,0,0.0401296487470391,Persuadable
983,43,44400.0,2,0.127,339,in_store,39.09,15,0,1,-0.0037048583706094395,Not Persuadable
457,53,26700.0,1,0.138,237,in_store,27.73,30,0,1,-0.02174746727023232,Not Persuadable
3850,30,60500.0,4,0.102,518,online,53.74,20,1,1,0.044907788439391985,Persuadable
1080,57,35600.0,1,0.179,184,online,33.35,0,0,0,0.02961999035392581,Persuadable
1951,41,71700.0,3,0.032,415,in_store,47.1,0,1,0,-0.0009086661346699549,Not Persuadable
4325,29,70300.0,1,0.091,537,in_store,47.19,10,1,1,0.027906540865872773,Persuadable
690,35,28500.0,3,0.136,571,online,40.01,20,1,1,0.012295333593115751,Persuadable
2430,62,76500.0,5,0.056,666,in_store,51.78,20,0,1,0.06656151379093925,Persuadable
642,48,23100.0,3,0.058,1,in_store,24.82,0,1,0,0.03795387311926761,Persuadable
2393,20,20200.0,2,0.049,20,online,38.97,20,0,1,0.00449480891348756,Persuadable
1954,32,50400.0,5,0.257,627,online,51.89,15,0,1,-0.0296664837014853,Not Persuadable
2764,51,60300.0,4,0.33,299,online,44.28,10,0,1,0.0375723295955284,Persuadable
4454,45,67700.0,3,0.095,214,online,68.13,0,1,0,0.08441795745368919,Persuadable
3451,21,48100.0,1,0.0,596,online,30.87,0,0,0,0.07311264632315691,Persuadable
3352,45,43900.0,1,0.08,101,in_store,35.83,0,0,0,0.058050867006331636,Persuadable
4777,30,21200.0,2,0.155,1,in_store,37.73,0,1,0,0.10398752152318928,Highly Persuadable
3335,41,65200.0,1,0.094,170,online,33.44,0,0,0,0.021582958020391015,Persuadable
1885,18,26600.0,2,0.03,119,online,22.6,20,1,1,-0.019231462764900675,Not Persuadable
390,23,29500.0,0,0.019,1,in_store,26.26,0,1,0,0.14160264753601579,Highly Persuadable
2495,53,38200.0,4,0.088,645,in_store,23.06,0,0,0,0.06005500582115716,Persuadable
3133,41,26700.0,0,0.099,1,online,28.36,0,0,0,0.05117469728763314,Persuadable
2907,54,63800.0,5,0.297,516,in_store,29.54,5,1,1,0.05903763858489712,Persuadable
846,44,59200.0,2,0.108,739,online,62.12,15,0,1,0.030616606002784354,Persuadable
543,43,56500.0,2,0.16,402,online,50.37,0,0,0,0.06711197203142641,Persuadable
92,39,51900.0,5,0.181,815,online,33.6,0,0,0,0.16262329648770724,Highly Persuadable
3908,27,15000.0,2,0.0,463,in_store,21.13,0,0,0,0.014845662740625836,Persuadable
1980,46,25900.0,1,0.0,236,online,28.95,0,1,0,0.11695808049804399,Highly Persuadable
2828,63,58600.0,0,0.0,57,in_store,53.35,10,1,1,0.04672434559185668,Persuadable
4100,37,42600.0,3,0.0,1,online,51.53,0,0,0,-0.10183271318062616,Not Persuadable
2918,62,62600.0,3,0.0,345,online,44.52,0,1,0,0.01026331999732336,Persuadable
2530,33,66300.0,2,0.042,258,in_store,43.16,0,0,0,-0.02398181865679127,Not Persuadable
1677,52,51700.0,5,0.102,249,in_store,40.55,0,0,0,0.1067700250391346,Highly Persuadable
1049,29,50200.0,3,0.0,356,in_store,38.62,0,0,0,0.00481359755794354,Persuadable
1961,42,15000.0,1,0.055,1,in_store,30.52,0,0,0,0.07339543343698617,Persuadable
2531,54,50400.0,1,0.089,205,online,22.99,15,1,1,0.01874602381458895,Persuadable
4502,53,43200.0,1,0.135,68,in_store,35.91,0,1,0,0.02692532769863165,Persuadable
238,38,49000.0,5,0.286,381,online,51.26,25,0,1,-0.007496009473322332,Not Persuadable
4127,52,45400.0,3,0.052,339,online,28.23,30,0,1,0.020315263407638763,Persuadable
3505,42,29900.0,4,0.116,483,in_store,44.69,10,0,1,-0.1273364554522896,Not Persuadable
1134,57,35200.0,3,0.127,254,in_store,36.99,0,1,0,-0.05176115759175405,Not Persuadable
1806,18,23200.0,2,0.161,209,in_store,34.67,0,0,0,0.029692300654827166,Persuadable
4153,45,32700.0,1,0.103,255,online,34.35,0,1,0,-0.12391767273659078,Not Persuadable
164,30,41100.0,1,0.148,219,in_store,38.94,10,0,1,0.008215814987712934,Persuadable
3509,47,49700.0,2,0.059,304,online,34.62,0,1,0,0.07795231268668093,Persuadable
4720,42,47600.0,3,0.132,473,in_store,40.15,10,0,1,0.024941953096787903,Persuadable
3865,19,61400.0,0,0.094,604,online,47.68,0,1,0,0.0029167410497929823,Persuadable
3690,56,65500.0,0,0.132,93,online,33.57,25,0,1,-0.07652078222265553,Not Persuadable
3215,52,34500.0,7,0.146,772,online,23.27,20,0,1,0.10683163161079144,Highly Persuadable
3653,50,52900.0,2,0.027,293,in_store,42.68,20,1,1,0.09247577555989132,Persuadable
3958,52,69400.0,8,0.169,294,online,59.48,20,1,1,0.1241391766431015,Highly Persuadable
1812,18,23100.0,1,0.188,377,in_store,28.72,0,0,0,0.03315702125164277,Persuadable
3986,33,59800.0,0,0.05,239,in_store,52.66,15,1,1,0.11435803800501915,Highly Persuadable
3165,32,72600.0,2,0.098,595,online,59.22,0,0,0,0.09084156503154417,Persuadable
1429,48,69600.0,3,0.147,359,in_store,45.98,10,1,1,0.22132649735667453,Highly Persuadable
3632,54,77600.0,5,0.235,422,online,56.67,15,1,1,0.019390838642173128,Persuadable
4386,35,52700.0,3,0.136,110,in_store,25.29,25,0,1,0.07103477986003137,Persuadable
3412,18,40400.0,1,0.081,388,in_store,39.78,0,1,0,-0.03547579095187738,Not Persuadable
4471,44,58000.0,2,0.0,362,online,38.23,0,0,0,0.05789522649735922,Persuadable
4855,37,50800.0,1,0.051,359,online,40.95,0,1,0,0.10236129122478421,Highly Persuadable
2836,39,26900.0,2,0.14,514,in_store,25.54,0,0,0,0.2397576157428072,Highly Persuadable
1453,39,39900.0,1,0.193,582,online,41.44,25,0,1,0.04393120725320321,Persuadable
594,20,37300.0,1,0.0,566,in_store,38.93,0,0,0,-0.0646688733352433,Not Persuadable
42,47,37900.0,0,0.1,1,in_store,39.08,0,0,0,0.03864494176684286,Persuadable
561,39,69100.0,4,0.103,515,online,32.49,0,1,0,0.05876155102377205,Persuadable
2952,49,76400.0,4,0.12,148,online,61.11,5,1,1,0.09056538445882288,Persuadable
3743,19,15000.0,0,0.012,102,in_store,28.41,0,0,0,0.052791587141371395,Persuadable
244,22,45100.0,1,0.051,112,in_store,41.05,20,1,1,0.12361232343796325,Highly Persuadable
1340,37,43800.0,2,0.0,562,in_store,36.16,20,0,1,-0.07503486115821058,Not Persuadable
4038,40,66000.0,2,0.174,71,in_store,42.45,15,1,1,0.008228113565162643,Persuadable
4809,33,43900.0,1,0.033,459,online,33.58,0,0,0,0.08460602128731176,Persuadable
3818,42,28000.0,1,0.0,1,in_store,34.88,15,1,1,0.22117610053415254,Highly Persuadable
1443,23,52100.0,0,0.265,1,in_store,47.7,15,1,1,0.16087185829932044,Highly Persuadable
262,37,56900.0,3,0.228,445,in_store,33.44,0,1,0,-0.008485878125842321,Not Persuadable
3177,50,42200.0,1,0.065,340,online,39.79,0,0,0,0.04165700656354053,Persuadable
1690,50,79700.0,1,0.0,300,in_store,54.15,25,0,1,0.018710679675718128,Persuadable
1726,41,15000.0,2,0.019,132,in_store,21.93,10,0,1,-0.009799936987236779,Not Persuadable
4560,25,15000.0,1,0.066,272,in_store,28.31,0,1,0,0.004319228831444522,Persuadable
835,31,36500.0,0,0.009,12,in_store,26.34,0,0,0,0.1015284228367818,Highly Persuadable
1867,37,34500.0,0,0.048,1,in_store,35.8,0,1,0,-0.03531635858443464,Not Persuadable
2497,39,40600.0,2,0.051,423,online,37.69,5,1,1,0.02929980366967957,Persuadable
2011,25,15000.0,0,0.0,286,in_store,15.56,0,0,0,-0.008894183653247366,Not Persuadable
341,18,32800.0,0,0.0,428,in_store,26.75,0,0,0,-0.002997400526122227,Not Persuadable
3322,36,40400.0,2,0.136,47,in_store,43.58,0,1,0,0.025866644736313237,Persuadable
1602,54,50600.0,4,0.098,396,in_store,42.01,0,1,0,-0.045475365190672135,Not Persuadable
3019,45,72300.0,3,0.174,402,in_store,52.57,0,0,0,0.15587109853385853,Highly Persuadable
4705,49,59800.0,4,0.0,1,in_store,37.86,0,1,0,0.09404695660117095,Persuadable
481,43,57600.0,5,0.0,606,in_store,45.39,15,0,1,0.02007577895666695,Persuadable
2930,36,68600.0,3,0.092,598,online,41.39,10,0,1,0.09013847788412067,Persuadable
3919,43,44300.0,3,0.0,433,in_store,28.13,0,1,0,0.10112120551792157,Highly Persuadable
3410,40,44100.0,3,0.054,97,online,44.49,15,0,1,0.07294216562159264,Persuadable
4649,42,26200.0,2,0.21,77,online,37.51,0,0,0,0.17583237562329135,Highly Persuadable
3506,60,60100.0,8,0.309,214,online,49.07,20,1,1,0.08887542687221225,Persuadable
4009,30,15000.0,1,0.068,331,online,21.29,20,1,1,0.025845759117702632,Persuadable
1767,25,63000.0,3,0.0,489,online,34.0,0,0,0,0.051060783549608024,Persuadable
4484,43,49500.0,5,0.18,226,online,42.92,15,0,1,0.023354515535090475,Persuadable
2454,30,15100.0,1,0.0,162,in_store,27.65,0,1,0,0.005209427882610158,Persuadable
2893,39,38900.0,4,0.139,494,online,36.07,0,1,0,-0.023279278140743813,Not Persuadable
3834,31,60600.0,1,0.16,414,in_store,35.35,25,1,1,0.027407584636293576,Persuadable
4035,31,50600.0,1,0.134,455,online,39.37,10,1,1,0.00864580490004066,Persuadable
4688,22,45400.0,1,0.046,1,in_store,48.91,0,0,0,-0.0530985592835951,Not Persuadable
3698,38,39000.0,1,0.027,275,online,24.72,0,0,0,0.10111218623321927,Highly Persuadable
1272,57,26900.0,2,0.012,278,in_store,45.37,5,1,1,0.07013008994043776,Persuadable
4512,38,28100.0,1,0.13,1,online,34.55,0,0,0,0.0661250830074177,Persuadable
3110,30,26000.0,4,0.0,98,online,15.71,0,1,0,-0.036563181118789104,Not Persuadable
4152,57,54600.0,1,0.143,459,online,40.71,0,1,0,0.023868787601722834,Persuadable
348,47,71800.0,1,0.075,66,online,52.56,0,0,0,0.08823791868843311,Persuadable
3900,44,35300.0,4,0.076,414,in_store,41.88,0,0,0,-0.03298285424401138,Not Persuadable
4634,26,35600.0,0,0.053,268,online,34.96,20,0,1,-0.014026313413465977,Not Persuadable
2563,56,44500.0,2,0.098,778,in_store,30.63,0,1,0,-0.05283534013102488,Not Persuadable
4601,49,51100.0,0,0.158,36,online,31.86,0,1,0,0.11023096604355413,Highly Persuadable
1424,57,60400.0,1,0.249,632,online,56.14,0,0,0,0.1352474507127594,Highly Persuadable
657,30,15000.0,2,0.151,463,online,29.93,0,0,0,0.11254884842592935,Highly Persuadable
2103,31,47600.0,0,0.0,380,online,52.53,0,0,0,-0.11072320108346978,Not Persuadable
633,35,15000.0,1,0.021,71,online,19.06,0,0,0,-0.024683974400035686,Not Persuadable
2908,40,24200.0,0,0.073,16,in_store,25.12,0,1,0,-0.05292071187576575,Not Persuadable
2494,31,15000.0,4,0.26,228,in_store,25.71,0,1,0,0.06066390845786101,Persuadable
2666,41,62200.0,2,0.087,1,online,44.0,25,1,1,-0.02253803807694217,Not Persuadable
3231,35,48700.0,3,0.034,376,online,23.85,0,0,0,0.05121786744389756,Persuadable
3980,49,42700.0,2,0.081,529,online,35.79,0,1,0,-0.034399547912031064,Not Persuadable
3323,42,19000.0,0,0.011,52,in_store,33.25,0,0,0,0.16815722008340944,Highly Persuadable
3514,53,45300.0,0,0.049,14,online,21.21,15,1,1,0.01098478577984355,Persuadable
3613,33,33000.0,1,0.206,271,in_store,16.83,20,1,1,0.18099459454559816,Highly Persuadable
2501,47,64300.0,2,0.077,651,online,52.69,30,1,1,0.0061185049502631185,Persuadable
1466,40,26900.0,3,0.126,294,in_store,18.95,5,1,1,0.08790050593521047,Persuadable
4704,43,47000.0,1,0.072,372,online,42.07,0,1,0,0.04227538123685252,Persuadable
116,34,50000.0,0,0.049,370,online,38.51,20,0,1,-0.014007173518507866,Not Persuadable
1822,49,36600.0,0,0.095,343,online,39.76,5,0,1,-0.08927120950125485,Not Persuadable
1495,36,44400.0,3,0.077,653,in_store,25.84,0,0,0,0.14544470744957416,Highly Persuadable
2402,52,77000.0,4,0.159,104,in_store,49.32,0,1,0,0.0692219115716302,Persuadable
1233,26,34100.0,1,0.031,1,online,41.35,0,1,0,-0.0031114577976948618,Not Persuadable
2662,32,53300.0,2,0.0,180,online,40.93,0,0,0,0.051431926542431526,Persuadable
2888,42,26000.0,3,0.0,17,online,19.03,0,1,0,0.03979223186122033,Persuadable
4642,33,35100.0,0,0.066,491,in_store,32.21,0,0,0,0.056092041100877454,Persuadable
1154,33,37400.0,4,0.041,507,in_store,34.12,0,0,0,0.04403002159943317,Persuadable
3867,45,69900.0,3,0.069,110,online,53.46,10,1,1,0.05165138569304933,Persuadable
58,58,52200.0,0,0.148,34,online,33.81,0,1,0,0.009398214101669525,Persuadable
3411,18,41800.0,0,0.093,78,online,31.02,0,0,0,0.012915466373168412,Persuadable
4464,33,66600.0,3,0.101,340,in_store,56.88,0,1,0,0.05436562257797468,Persuadable
4956,65,88900.0,4,0.154,495,in_store,60.05,10,0,1,0.021563509526189777,Persuadable
1736,51,63200.0,4,0.227,182,in_store,44.26,0,1,0,0.13571598862235268,Highly Persuadable
2197,38,35400.0,1,0.001,401,in_store,35.76,0,0,0,0.026712632941661426,Persuadable
3784,56,16000.0,1,0.119,1,in_store,22.04,0,0,0,-0.025035451947912835,Not Persuadable
2476,40,54900.0,2,0.031,289,in_store,51.45,10,0,1,-0.013464243937041695,Not Persuadable
2565,54,47800.0,5,0.238,466,online,58.82,0,1,0,0.018663501136098534,Persuadable
3174,40,43900.0,1,0.03,523,in_store,40.7,0,0,0,0.08827251828473427,Persuadable
4053,45,34800.0,2,0.084,372,in_store,41.56,0,1,0,-0.04122683656699689,Not Persuadable
3674,18,46900.0,1,0.1,312,online,28.9,20,1,1,0.03261007298716245,Persuadable
708,47,56800.0,2,0.035,204,in_store,45.84,0,1,0,-0.032514501280376674,Not Persuadable
4291,35,31600.0,2,0.228,477,in_store,21.52,0,1,0,0.23064228343950535,Highly Persuadable
1094,42,39000.0,2,0.062,334,in_store,27.11,20,0,1,0.0037226100971819217,Persuadable
3805,52,70800.0,3,0.185,610,in_store,49.22,25,1,1,0.18740086776374681,Highly Persuadable
1377,47,23700.0,1,0.099,5,in_store,29.44,30,1,1,0.1386621105579799,Highly Persuadable
4924,24,42700.0,3,0.077,32,online,45.15,5,1,1,0.03863732985520348,Persuadable
73,29,66400.0,4,0.168,785,in_store,37.56,10,1,1,0.1062151262643415,Highly Persuadable
1923,18,27000.0,0,0.022,1,in_store,51.04,0,1,0,-0.10334425641503953,Not Persuadable
3189,36,52500.0,0,0.129,722,online,43.28,0,0,0,0.0020108615989833985,Persuadable
1765,27,31000.0,2,0.102,79,in_store,43.96,25,1,1,0.04735759509589273,Persuadable
744,18,39800.0,0,0.116,97,in_store,31.24,25,0,1,0.022958979774124994,Persuadable
2894,32,30800.0,2,0.03,300,in_store,36.06,0,0,0,0.08302369598653417,Persuadable
1006,44,56400.0,2,0.153,730,in_store,37.86,25,1,1,0.19970198663796654,Highly Persuadable
2669,40,59300.0,0,0.188,629,in_store,54.31,0,0,0,0.1146517518494959,Highly Persuadable
1191,58,55400.0,6,0.15,248,online,49.8,20,0,1,0.07078503563810458,Persuadable
4664,32,32000.0,2,0.122,35,in_store,33.07,0,0,0,0.029720078845004765,Persuadable
2602,57,35100.0,1,0.19,125,online,24.69,0,1,0,-0.027663852087937046,Not Persuadable
1126,37,21500.0,3,0.006,296,online,28.18,0,0,0,0.08145967617062835,Persuadable
1242,28,36500.0,2,0.016,1,in_store,44.12,0,1,0,-0.11424868423900207,Not Persuadable
3631,49,54400.0,2,0.077,669,online,38.82,20,1,1,0.03487223796734687,Persuadable
4140,44,20400.0,2,0.018,155,in_store,35.62,0,1,0,0.0884311991386381,Persuadable
4852,38,39300.0,3,0.227,512,online,38.71,25,1,1,0.12763951250535543,Highly Persuadable
999,42,49800.0,3,0.001,336,in_store,39.77,0,0,0,0.05620392195200437,Persuadable
4793,49,24300.0,1,0.098,197,in_store,27.61,0,0,0,-0.023613893485409057,Not Persuadable
2685,22,21600.0,1,0.005,627,in_store,29.49,0,0,0,0.058806531974193124,Persuadable
1578,52,27400.0,5,0.203,620,online,42.28,0,1,0,0.03612818225736814,Persuadable
4801,40,45200.0,2,0.152,804,in_store,28.73,0,0,0,0.12687540380541182,Highly Persuadable
1827,50,45400.0,3,0.092,355,in_store,28.85,0,0,0,0.07223248736537498,Persuadable
3308,48,60400.0,2,0.235,276,online,52.65,10,1,1,0.12110241612362334,Highly Persuadable
5000,29,35000.0,1,0.173,243,in_store,30.24,10,1,1,0.1187107914690262,Highly Persuadable
3553,52,49200.0,3,0.048,412,online,25.54,20,0,1,0.026461136178020615,Persuadable
441,38,43900.0,1,0.0,55,in_store,32.14,0,0,0,0.0567378690474244,Persuadable
4962,48,46900.0,4,0.143,207,in_store,36.11,15,0,1,0.13020048628275538,Highly Persuadable
1101,54,50300.0,5,0.271,436,in_store,54.39,0,1,0,-0.019643100381347894,Not Persuadable
4029,38,49900.0,3,0.285,499,in_store,41.64,0,0,0,0.02294013480397051,Persuadable
4954,18,45300.0,2,0.21,209,in_store,42.43,15,0,1,-0.038598009599357656,Not Persuadable
650,35,42600.0,1,0.085,60,online,40.5,0,0,0,0.12606776716221227,Highly Persuadable
1547,19,30200.0,0,0.01,435,online,42.47,0,1,0,-0.10949736294294002,Not Persuadable
3555,51,73500.0,4,0.109,333,online,40.1,0,0,0,0.13768065364258006,Highly Persuadable
3577,44,21200.0,2,0.048,348,online,28.24,0,1,0,0.018293045546998454,Persuadable
3816,31,32400.0,2,0.075,62,in_store,26.21,5,0,1,-0.06795516771526623,Not Persuadable
3760,19,20300.0,0,0.151,1,online,30.94,0,1,0,0.10664022983661296,Highly Persuadable
631,59,28800.0,6,0.19,775,in_store,29.66,0,1,0,0.05657564172881082,Persuadable
673,31,39500.0,2,0.22,491,online,38.45,20,1,1,0.11093548035406152,Highly Persuadable
1250,21,35700.0,2,0.124,313,in_store,23.61,10,1,1,0.10643546947484167,Highly Persuadable
483,41,46300.0,0,0.023,380,in_store,45.18,20,0,1,-0.12004744596550562,Not Persuadable
1585,39,42600.0,1,0.137,463,online,35.59,5,0,1,-0.029979691188508132,Not Persuadable
3090,52,47800.0,0,0.0,586,in_store,42.84,15,0,1,-0.053060870842943524,Not Persuadable
4638,27,28600.0,1,0.072,1,online,24.86,0,0,0,0.12563002846922325,Highly Persuadable
3054,39,53000.0,4,0.095,68,online,41.83,15,0,1,-0.004403232825412056,Not Persuadable
1463,30,34300.0,1,0.034,707,in_store,30.05,0,0,0,0.08252216829553552,Persuadable
3948,18,24500.0,2,0.199,457,online,30.24,0,1,0,0.037430045918144125,Persuadable
3640,24,23100.0,0,0.068,522,in_store,42.1,0,1,0,-0.012543768063188512,Not Persuadable
2579,55,76100.0,4,0.095,486,online,37.86,25,0,1,-0.07094609899632863,Not Persuadable
3820,36,20300.0,1,0.111,1,online,24.99,0,1,0,0.020279102114706484,Persuadable
50,41,61400.0,4,0.082,916,online,55.7,0,0,0,0.06664977013550778,Persuadable
4300,38,52600.0,6,0.091,563,in_store,41.58,30,1,1,0.12685583049619384,Highly Persuadable
3072,42,45400.0,2,0.131,58,in_store,45.01,15,0,1,-0.04203126059417798,Not Persuadable
859,18,47100.0,0,0.07,301,online,25.25,0,1,0,0.04445686777951242,Persuadable
1073,37,55200.0,6,0.251,827,online,32.4,15,1,1,0.15867900645830196,Highly Persuadable
720,28,44100.0,3,0.072,255,online,41.79,5,0,1,0.06179929084128776,Persuadable
3173,52,48900.0,3,0.0,315,in_store,51.54,15,0,1,-0.00032628938198495344,Not Persuadable
2632,28,15000.0,0,0.049,98,in_store,33.53,0,0,0,0.1843862495538948,Highly Persuadable
4884,37,40000.0,2,0.139,353,online,27.08,20,0,1,0.12321906404542202,Highly Persuadable
1661,69,95200.0,4,0.202,250,online,43.29,10,0,1,-0.04342267367600666,Not Persuadable
1657,45,42900.0,1,0.133,159,in_store,38.19,30,1,1,0.06340546642382879,Persuadable
2426,54,33500.0,3,0.093,307,in_store,33.64,0,1,0,-0.10248839645511323,Not Persuadable
3541,42,59600.0,0,0.02,170,online,48.01,20,0,1,-0.09447724257102655,Not Persuadable
4239,39,42200.0,1,0.0,41,in_store,47.37,0,1,0,-0.08425349274310547,Not Persuadable
4985,23,47800.0,3,0.137,639,in_store,36.13,0,0,0,0.11158845747348371,Highly Persuadable
4432,20,16800.0,1,0.078,108,online,5.0,0,1,0,-0.04450914703167165,Not Persuadable
4487,60,45100.0,2,0.176,295,online,49.76,0,0,0,0.033284369685056714,Persuadable
3321,21,42600.0,2,0.096,354,online,32.51,20,0,1,-0.013927550555823053,Not Persuadable
4762,74,23000.0,4,0.07,578,online,24.88,10,0,1,-0.03426580395746453,Not Persuadable
4136,33,37800.0,2,0.089,360,online,33.87,15,0,1,-0.1040234399478705,Not Persuadable
2607,28,34500.0,1,0.135,97,in_store,45.15,0,0,0,0.00598867090880955,Persuadable
1386,41,77200.0,5,0.178,395,in_store,45.3,20,1,1,0.02773792593633627,Persuadable
3854,36,34700.0,4,0.151,436,in_store,33.36,0,0,0,0.125171757224649,Highly Persuadable
1400,23,44300.0,0,0.114,1,in_store,39.25,10,0,1,-0.06020215724064197,Not Persuadable
1196,64,60100.0,4,0.0,540,in_store,37.86,20,0,1,-0.042206349530640105,Not Persuadable
1409,40,28500.0,1,0.206,236,in_store,20.13,10,1,1,0.24936383823834019,Highly Persuadable
3843,44,39600.0,3,0.212,562,in_store,38.9,0,0,0,0.12447940075370022,Highly Persuadable
1799,33,17000.0,3,0.042,560,in_store,36.86,0,0,0,0.04838767841726738,Persuadable
1476,38,30900.0,2,0.27,244,in_store,30.18,0,1,0,0.11169961307983518,Highly Persuadable
3232,58,56500.0,5,0.08,375,online,43.09,10,1,1,-0.10599014556060914,Not Persuadable
36,54,33100.0,3,0.007,125,in_store,39.18,0,1,0,0.05086280474334284,Persuadable
3558,45,62600.0,4,0.022,503,in_store,54.78,25,1,1,0.05087866226921817,Persuadable
2346,28,15000.0,1,0.001,405,online,11.55,0,1,0,-0.08740359039819728,Not Persuadable
3193,41,54500.0,5,0.191,103,online,51.48,30,0,1,0.06816401623304232,Persuadable
2360,59,68800.0,5,0.226,607,online,40.8,0,1,0,0.013686926261079061,Persuadable
2207,35,61200.0,0,0.092,199,online,36.88,0,1,0,-0.02573330602563578,Not Persuadable
3786,25,41300.0,1,0.17,262,in_store,34.21,0,0,0,-0.00843999964691476,Not Persuadable
1287,24,52700.0,2,0.046,70,online,48.34,20,1,1,0.005688883230987979,Persuadable
350,58,57600.0,2,0.217,190,online,38.63,10,0,1,0.05363011747743768,Persuadable
2138,50,44000.0,4,0.212,530,in_store,39.45,30,0,1,0.12747707408380696,Highly Persuadable
2692,28,29900.0,1,0.0,113,in_store,31.81,0,0,0,0.10793965531707495,Highly Persuadable
3394,27,18900.0,1,0.02,200,in_store,21.46,0,1,0,-0.014735657965011298,Not Persuadable
4535,40,42800.0,1,0.149,474,online,37.59,10,0,1,0.09311935715404411,Persuadable
1682,28,15000.0,2,0.044,655,online,34.63,0,0,0,0.14527656203182301,Highly Persuadable
4040,38,35500.0,3,0.124,481,online,38.1,0,1,0,-0.08916660261464351,Not Persuadable
1444,57,55900.0,5,0.16,190,in_store,39.73,0,0,0,0.0903727948672413,Persuadable
3259,29,40600.0,2,0.032,682,in_store,32.59,0,1,0,0.1032833080565792,Highly Persuadable
1672,21,39800.0,2,0.044,137,online,35.43,0,1,0,0.026197175097701166,Persuadable
2969,64,49900.0,1,0.022,612,online,35.73,0,1,0,-0.009542754467460928,Not Persuadable
1180,45,32600.0,2,0.161,342,online,24.14,10,1,1,0.10635667826798079,Highly Persuadable
2799,47,71900.0,3,0.004,547,online,43.67,0,0,0,0.046385474080767645,Persuadable
1693,23,15000.0,1,0.067,186,in_store,45.82,10,0,1,0.0311967849826499,Persuadable
3893,18,15000.0,0,0.0,274,in_store,25.83,0,1,0,0.010130549492108728,Persuadable
373,50,51400.0,2,0.047,446,in_store,36.81,0,1,0,-0.04180021712396052,Not Persuadable
3629,55,53100.0,1,0.046,6,in_store,38.31,0,0,0,0.08860420080755067,Persuadable
1917,33,36900.0,1,0.129,220,in_store,38.9,0,0,0,0.0025594380886702142,Persuadable
1358,34,52200.0,3,0.156,765,in_store,30.12,5,1,1,0.2014970272285035,Highly Persuadable
1826,48,45400.0,1,0.123,171,online,52.47,25,0,1,-0.049345333713604625,Not Persuadable
787,41,54100.0,1,0.0,256,online,40.25,20,0,1,0.1523023135883749,Highly Persuadable
470,28,50900.0,4,0.173,1,online,39.26,20,1,1,0.06560004700818425,Persuadable
141,45,46200.0,2,0.07,575,in_store,44.32,0,1,0,-0.01554276500029541,Not Persuadable
789,27,25400.0,0,0.0,79,online,17.87,0,0,0,0.0663965530125057,Persuadable
324,49,39100.0,1,0.16,168,online,30.57,5,1,1,0.16624448436207132,Highly Persuadable
51,43,53800.0,2,0.026,287,in_store,52.02,10,1,1,0.05667353237123335,Persuadable
715,37,20700.0,0,0.134,1,online,16.99,0,0,0,0.049887231314475436,Persuadable
4499,43,63600.0,7,0.247,1028,online,59.23,25,1,1,0.12594935863733905,Highly Persuadable
2841,38,44200.0,3,0.046,371,in_store,29.37,0,0,0,0.027528191944639884,Persuadable
2447,35,45100.0,0,0.077,117,in_store,28.56,10,0,1,-0.04030214365099331,Not Persuadable
4824,33,41800.0,3,0.13,526,online,38.17,5,0,1,-0.06169937608224988,Not Persuadable
4430,22,15000.0,1,0.072,360,online,25.13,25,1,1,0.06360843377517712,Persuadable
4607,27,53000.0,1,0.112,39,in_store,34.85,0,1,0,-0.0155385345361127,Not Persuadable
3699,27,54300.0,3,0.189,1,in_store,27.15,25,0,1,0.05827786354112215,Persuadable
2667,35,39900.0,2,0.14,41,online,30.43,0,0,0,0.22710760008748757,Highly Persuadable
407,39,20900.0,1,0.102,323,online,12.28,0,0,0,0.08067335444489429,Persuadable
4385,49,65200.0,1,0.0,1,online,47.83,15,1,1,-0.02579825707381106,Not Persuadable
1005,40,15000.0,1,0.067,580,online,22.48,0,1,0,0.02676898227650358,Persuadable
3528,24,71300.0,4,0.081,470,in_store,54.43,0,0,0,0.02695793764224593,Persuadable
891,30,50800.0,0,0.077,160,in_store,42.69,0,0,0,-0.005034681502393035,Not Persuadable
2412,59,45000.0,5,0.102,287,online,31.14,0,1,0,-0.0435386341961664,Not Persuadable
2546,34,65100.0,3,0.223,219,online,51.26,30,0,1,0.1088587859985903,Highly Persuadable
3622,32,59400.0,2,0.086,260,in_store,51.43,0,1,0,0.034495784078079836,Persuadable
2391,18,15000.0,1,0.053,494,online,33.8,0,0,0,-0.02465723408078917,Not Persuadable
3959,32,37100.0,1,0.069,119,online,48.63,25,0,1,-0.044617208123546526,Not Persuadable
43,32,45400.0,2,0.041,315,in_store,44.16,0,0,0,0.060408588599494197,Persuadable
2831,29,68700.0,2,0.118,424,in_store,51.02,15,0,1,-0.04264867920024467,Not Persuadable
4146,18,38900.0,1,0.0,199,in_store,38.72,5,0,1,-0.0790307498550679,Not Persuadable
304,36,60500.0,1,0.12,438,in_store,40.65,0,0,0,-0.032159551195861426,Not Persuadable
4524,41,55700.0,2,0.153,597,in_store,49.53,20,0,1,-0.0013696844593311568,Not Persuadable
3766,54,59300.0,2,0.0,676,in_store,44.13,0,0,0,0.03188427350913622,Persuadable
665,39,59700.0,5,0.12,415,in_store,46.72,0,1,0,-0.02014104455852619,Not Persuadable
1178,42,47300.0,3,0.013,495,online,23.09,0,1,0,0.06346525670140897,Persuadable
2677,59,55600.0,1,0.106,479,online,35.2,0,1,0,-0.07802820878942009,Not Persuadable
1948,29,49100.0,1,0.045,377,online,40.18,0,1,0,0.00829192293377489,Persuadable
2502,43,15000.0,1,0.03,71,in_store,37.42,0,0,0,0.09561627114996687,Persuadable
1474,18,15000.0,0,0.0,247,online,31.63,25,1,1,0.06768896764836847,Persuadable
3500,47,62400.0,1,0.0,231,online,48.37,20,1,1,0.025046191372356058,Persuadable
3537,51,58000.0,9,0.236,593,in_store,33.45,20,1,1,0.15127299848204095,Highly Persuadable
2133,35,39000.0,2,0.095,133,in_store,33.65,20,1,1,0.09579775026182856,Persuadable
1027,18,31300.0,3,0.086,149,in_store,26.96,20,0,1,0.0028073281809696507,Persuadable
962,42,25800.0,0,0.006,322,online,43.48,0,1,0,-0.06837660421602457,Not Persuadable
2890,36,51900.0,2,0.082,441,in_store,33.87,0,1,0,-0.008956593492290584,Not Persuadable
3972,43,27500.0,2,0.024,686,in_store,20.66,15,1,1,0.11257368964544001,Highly Persuadable
2010,48,48400.0,2,0.0,281,online,37.02,0,0,0,0.08389399089144914,Persuadable
2150,42,53300.0,2,0.008,1,online,26.94,10,1,1,0.06136966183635835,Persuadable
3339,27,15000.0,1,0.058,197,online,26.8,0,1,0,0.07807074023151815,Persuadable
2339,53,47200.0,2,0.065,111,in_store,45.03,0,0,0,0.11126289489166866,Highly Persuadable
3907,21,47100.0,1,0.17,600,in_store,20.09,0,1,0,0.07857665765852398,Persuadable
305,39,67400.0,2,0.193,426,in_store,49.91,0,1,0,-0.049006904572483224,Not Persuadable
1441,32,48900.0,1,0.034,1,in_store,53.81,0,0,0,-0.04927983862040487,Not Persuadable
1497,44,47600.0,6,0.082,938,in_store,45.5,20,0,1,0.05894195192149489,Persuadable
2653,55,55600.0,4,0.266,556,in_store,43.07,5,0,1,0.07007633548849938,Persuadable
2876,18,40700.0,0,0.0,338,online,41.6,0,0,0,0.04340751196146805,Persuadable
917,57,58200.0,3,0.13,496,online,50.92,10,0,1,0.08203325729635298,Persuadable
4894,30,39600.0,1,0.109,435,online,41.02,25,0,1,-0.09107580989904518,Not Persuadable
3740,34,49500.0,4,0.15,232,online,42.62,20,1,1,0.08424927977325851,Persuadable
2773,37,39700.0,7,0.226,548,in_store,29.9,20,1,1,0.15395714210484374,Highly Persuadable
1625,42,36200.0,1,0.037,248,in_store,40.49,20,1,1,0.09876740371881518,Persuadable
3856,18,15000.0,1,0.179,90,in_store,18.13,0,1,0,-0.045161593798868555,Not Persuadable
822,57,37400.0,5,0.067,543,in_store,42.41,30,1,1,0.06902597214029121,Persuadable
3808,42,42800.0,2,0.0,141,in_store,34.19,0,0,0,0.038946275439684735,Persuadable
1355,63,84800.0,6,0.252,282,online,50.03,0,1,0,0.04949561886861587,Persuadable
4508,28,34300.0,3,0.163,489,in_store,30.26,0,0,0,0.037303582202673366,Persuadable
851,36,57700.0,3,0.09,314,online,39.79,15,0,1,0.03881158627055343,Persuadable
1001,39,48100.0,1,0.003,12,in_store,36.88,0,0,0,0.08742758566885823,Persuadable
3393,30,35000.0,2,0.07,279,online,31.71,0,1,0,0.04250134770112533,Persuadable
19,51,35200.0,3,0.148,136,in_store,25.34,0,1,0,0.045165364348815344,Persuadable
1638,52,56800.0,2,0.1,1,in_store,44.37,25,1,1,0.08398821629111933,Persuadable
1668,40,57600.0,1,0.043,137,in_store,39.72,0,1,0,0.06873643877519851,Persuadable
494,45,40700.0,3,0.067,69,in_store,39.86,0,0,0,0.1127041604517836,Highly Persuadable
1348,31,35600.0,3,0.085,213,online,21.51,0,1,0,-0.0026329264514807155,Not Persuadable
3746,36,15000.0,1,0.0,450,online,31.08,15,1,1,0.13380569483089655,Highly Persuadable
3271,53,61700.0,1,0.017,229,in_store,38.83,10,0,1,0.0008268311701612957,Persuadable
3633,32,28600.0,5,0.0,295,in_store,33.81,20,0,1,0.09159008048288889,Persuadable
3498,53,84600.0,2,0.0,648,in_store,49.2,0,1,0,0.04698350404442368,Persuadable
688,58,78600.0,6,0.101,1021,in_store,53.09,0,0,0,0.040492143175008086,Persuadable
3750,56,23700.0,0,0.071,1,in_store,31.67,30,0,1,-0.01983890385909425,Not Persuadable
1609,37,52700.0,2,0.224,1,online,52.51,10,0,1,0.11030847256891607,Highly Persuadable
4101,47,72100.0,1,0.145,70,in_store,42.08,0,1,0,0.005463363881976292,Persuadable
4114,47,45800.0,2,0.203,264,online,42.88,0,1,0,0.028652858082709537,Persuadable
1010,45,55100.0,1,0.131,1,in_store,46.06,0,0,0,0.02301657893595059,Persuadable
2409,18,15000.0,0,0.055,1,online,17.82,0,1,0,0.042830571698666296,Persuadable
1093,50,47400.0,2,0.053,297,online,55.25,0,1,0,-0.015206252471249192,Not Persuadable
1328,21,25600.0,1,0.0,1,online,22.96,0,1,0,0.05228422880626631,Persuadable
1678,44,42200.0,5,0.065,300,in_store,29.38,20,1,1,0.05350365958738987,Persuadable
2000,67,71400.0,5,0.206,323,online,53.78,10,0,1,-0.03523444832628347,Not Persuadable
1311,26,44100.0,1,0.05,281,in_store,34.06,25,0,1,0.020613889515482493,Persuadable
3274,35,51100.0,1,0.0,171,in_store,40.28,0,1,0,-0.000507579926763471,Not Persuadable
1988,31,50200.0,0,0.0,570,online,49.66,0,0,0,-0.1544210883062587,Not Persuadable
3667,40,41800.0,2,0.159,434,in_store,29.57,0,1,0,0.005162587308115977,Persuadable
345,59,57500.0,3,0.113,713,in_store,28.53,25,1,1,0.049829393475967466,Persuadable
4196,30,33900.0,0,0.042,469,in_store,30.27,0,1,0,-0.028575407126643894,Not Persuadable
987,23,31100.0,1,0.097,734,in_store,25.81,0,1,0,0.05685184304543375,Persuadable
3870,47,42600.0,1,0.098,252,online,46.46,20,1,1,0.04122644630776129,Persuadable
3826,37,26300.0,1,0.0,1,in_store,37.53,25,1,1,0.04785448343579133,Persuadable
4323,22,15000.0,1,0.147,298,online,29.18,0,0,0,0.04103545801031121,Persuadable
4021,42,53000.0,1,0.171,215,online,25.63,25,0,1,0.06256964621478088,Persuadable
3107,49,62400.0,1,0.105,1,in_store,37.43,0,0,0,0.15524313633598355,Highly Persuadable
3872,28,58900.0,3,0.067,700,online,61.23,30,0,1,-0.02777568948530991,Not Persuadable
1143,18,59400.0,2,0.101,308,online,46.49,0,1,0,-0.030113377726936702,Not Persuadable
2359,55,35800.0,2,0.112,182,in_store,54.09,0,1,0,-0.037053706161122774,Not Persuadable
1199,58,46800.0,3,0.034,361,in_store,32.92,0,0,0,0.023723607070954444,Persuadable
86,46,69200.0,0,0.14,1,online,53.54,15,1,1,0.09204437581214941,Persuadable
1519,36,48800.0,4,0.074,636,in_store,44.8,0,1,0,0.007155591709989633,Persuadable
517,48,52100.0,1,0.158,1,in_store,30.9,0,0,0,0.1614812974104979,Highly Persuadable
1382,18,16600.0,1,0.036,285,in_store,35.72,0,0,0,0.009807262569795281,Persuadable
2717,41,65700.0,3,0.171,144,online,37.13,25,0,1,0.025317689741151332,Persuadable
4917,19,15000.0,0,0.026,1,in_store,23.31,0,0,0,0.11990774442488739,Highly Persuadable
1015,27,23300.0,1,0.041,1,online,24.72,0,0,0,0.12280464155989683,Highly Persuadable
129,32,43800.0,1,0.12,1,in_store,34.3,30,1,1,0.06644705435236453,Persuadable
1365,35,34000.0,3,0.181,42,online,37.15,20,1,1,0.15520922192345232,Highly Persuadable
3642,60,85400.0,7,0.182,409,online,63.71,15,0,1,-0.03879039432956165,Not Persuadable
3140,64,84800.0,7,0.158,659,online,38.27,0,1,0,0.058772125648195006,Persuadable
892,33,66100.0,0,0.0,1,online,54.29,0,1,0,-0.059069530198460445,Not Persuadable
2794,34,35100.0,0,0.05,42,online,27.85,25,1,1,0.02612601503644697,Persuadable
4218,46,68900.0,1,0.133,43,in_store,57.59,0,0,0,0.06005147643862176,Persuadable
1360,37,30700.0,2,0.156,1,in_store,34.39,5,1,1,0.10853663342825029,Highly Persuadable
308,56,51900.0,6,0.096,651,in_store,46.84,0,0,0,0.085052512958562,Persuadable
1662,27,73000.0,4,0.124,13,in_store,57.3,0,0,0,0.10487224337400161,Highly Persuadable
2432,52,74100.0,8,0.133,769,online,52.27,10,1,1,0.05995003560711574,Persuadable
4550,30,31400.0,2,0.018,199,online,14.5,5,1,1,-0.03981671662819438,Not Persuadable
1318,45,40900.0,2,0.026,437,in_store,28.47,0,0,0,0.03316952347734412,Persuadable
4314,43,43900.0,6,0.252,59,online,27.74,0,1,0,0.11479664311336898,Highly Persuadable
2475,29,56100.0,1,0.152,625,online,45.04,10,1,1,0.016039877051444665,Persuadable
2543,36,36600.0,1,0.149,329,online,39.01,20,0,1,-0.05923040008706216,Not Persuadable
1247,35,29100.0,3,0.157,173,in_store,35.85,20,1,1,0.17734587087678808,Highly Persuadable
1209,67,79700.0,6,0.06,400,online,42.69,10,1,1,-0.045167239154649215,Not Persuadable
217,46,37900.0,4,0.048,43,online,40.56,0,0,0,0.09724617394360281,Persuadable
4303,31,44900.0,5,0.134,203,online,34.06,0,0,0,0.0059306520527136405,Persuadable
3078,19,51900.0,1,0.154,52,online,43.87,0,1,0,-0.01295304359870093,Not Persuadable
1240,59,50700.0,6,0.173,363,in_store,40.56,5,1,1,0.07171501350089807,Persuadable
2290,21,47900.0,4,0.11,236,in_store,32.32,20,1,1,0.09773505602726852,Persuadable
2741,30,29400.0,3,0.008,273,online,31.8,0,1,0,0.08155061820688944,Persuadable
276,45,21200.0,0,0.055,330,in_store,35.45,0,1,0,0.017363489479669498,Persuadable
490,48,40200.0,3,0.009,608,online,45.47,0,1,0,-0.09242413586332483,Not Persuadable
1036,40,35900.0,2,0.312,523,online,31.27,0,1,0,0.0714384410659217,Persuadable
1230,47,48400.0,2,0.031,294,online,41.85,0,1,0,0.08736231872757033,Persuadable
4596,50,51200.0,1,0.0,231,in_store,33.55,15,1,1,0.10405323212439908,Highly Persuadable
1009,49,48900.0,4,0.063,821,in_store,39.85,30,1,1,0.08590114934629296,Persuadable
4076,30,31900.0,0,0.143,221,in_store,24.54,25,1,1,0.17831726565011732,Highly Persuadable
3138,53,64600.0,7,0.055,680,online,47.58,0,1,0,0.09352294479725978,Persuadable
3198,38,24600.0,1,0.128,557,online,5.0,0,0,0,0.13244047203697246,Highly Persuadable
2533,43,25000.0,2,0.099,264,online,23.53,0,0,0,0.05741408249392234,Persuadable
4406,55,28800.0,5,0.098,393,online,30.63,0,1,0,-0.06681866944176766,Not Persuadable
1059,41,42600.0,3,0.116,148,in_store,48.88,25,0,1,-0.11020121344567382,Not Persuadable
2167,74,79100.0,4,0.204,45,online,34.29,0,1,0,0.011094121278059406,Persuadable
3389,21,38800.0,0,0.026,225,in_store,33.89,0,0,0,0.02806336656460793,Persuadable
282,19,36400.0,0,0.055,65,in_store,22.26,0,0,0,0.07269458761089541,Persuadable
4827,35,21700.0,0,0.062,989,in_store,38.5,0,1,0,0.0473721226265375,Persuadable
1317,38,43100.0,0,0.0,222,online,36.25,0,1,0,0.05166629290938412,Persuadable
4989,34,52100.0,2,0.076,31,online,40.06,0,1,0,0.08601399371688821,Persuadable
969,51,54900.0,1,0.055,369,online,49.74,25,1,1,-0.02266089822602579,Not Persuadable
4498,18,57800.0,0,0.058,285,in_store,24.78,0,0,0,0.050863593454872964,Persuadable
3939,41,66300.0,2,0.187,1,in_store,48.1,20,1,1,0.08208203638580308,Persuadable
3182,22,15000.0,0,0.256,1,online,24.42,0,0,0,0.14355519076596204,Highly Persuadable
3536,24,25600.0,2,0.202,18,online,39.47,0,1,0,0.06419894811567674,Persuadable
620,57,64400.0,4,0.218,172,in_store,58.99,0,1,0,0.07882776914453092,Persuadable
3250,42,49600.0,2,0.284,32,online,29.77,25,1,1,0.11480500352607097,Highly Persuadable
1743,46,37900.0,3,0.185,143,in_store,39.85,20,1,1,0.12626707543472426,Highly Persuadable
1391,32,38700.0,4,0.319,144,in_store,37.86,5,0,1,-0.012371968825615828,Not Persuadable
4069,39,19700.0,0,0.057,1,in_store,37.86,15,0,1,-0.031059056021099433,Not Persuadable
1848,27,15000.0,1,0.021,38,in_store,24.23,0,0,0,0.1057315390024732,Highly Persuadable
1580,44,55500.0,3,0.273,319,in_store,40.27,0,1,0,0.13020601990290576,Highly Persuadable
1656,21,52700.0,1,0.238,338,online,44.51,10,0,1,0.014997097055518903,Persuadable
2353,40,15000.0,2,0.123,340,in_store,25.18,0,0,0,0.0605659749823,Persuadable
2213,56,59300.0,3,0.028,149,in_store,43.69,10,0,1,-0.01866591446092659,Not Persuadable
2021,40,47300.0,0,0.091,213,in_store,26.26,15,1,1,0.04028309249011398,Persuadable
4983,19,16200.0,0,0.0,1,online,24.07,0,0,0,0.13248178335845992,Highly Persuadable
1957,51,48000.0,0,0.038,214,in_store,41.11,10,0,1,0.034242316355840505,Persuadable
1308,55,50700.0,8,0.117,705,in_store,38.25,10,1,1,0.055443961905016215,Persuadable
2004,43,44400.0,0,0.047,439,online,30.08,0,1,0,0.005905087784584673,Persuadable
4662,36,44600.0,2,0.16,226,in_store,40.14,0,0,0,0.09066119220931226,Persuadable
576,23,32300.0,2,0.091,1,online,15.21,0,1,0,0.021632967191703167,Persuadable
2361,59,50200.0,2,0.042,97,online,46.73,10,0,1,0.06632502738901067,Persuadable
4212,44,38300.0,3,0.13,394,in_store,45.55,20,0,1,-0.14498224836744047,Not Persuadable
4447,45,36000.0,2,0.087,417,in_store,44.03,0,1,0,-0.07701690520597582,Not Persuadable
1707,35,34500.0,2,0.157,709,online,29.0,0,1,0,0.14546449564576608,Highly Persuadable
3761,35,63200.0,2,0.028,1,online,36.44,0,1,0,0.0504649394102794,Persuadable
4458,37,52300.0,4,0.0,769,in_store,35.24,0,1,0,-0.009546037799747484,Not Persuadable
1281,54,63700.0,6,0.361,775,online,50.42,25,1,1,0.05732886916126998,Persuadable
862,23,51600.0,3,0.007,208,online,28.33,0,1,0,-0.04203788925805806,Not Persuadable
4155,32,46900.0,0,0.093,332,in_store,43.34,0,0,0,0.08724435842814471,Persuadable
1802,45,64700.0,0,0.0,191,in_store,58.6,25,1,1,0.048843485235292874,Persuadable
1629,45,40900.0,1,0.071,300,in_store,29.44,0,0,0,0.1257260592027328,Highly Persuadable
1994,52,54300.0,2,0.0,188,in_store,36.12,25,1,1,0.1129008367839351,Highly Persuadable
2640,33,44100.0,1,0.066,324,online,39.43,0,0,0,0.1421668012978799,Highly Persuadable
270,40,34100.0,2,0.162,291,online,38.31,0,1,0,-0.003620132927726146,Not Persuadable
630,18,58800.0,1,0.099,239,in_store,39.48,5,1,1,0.01868397352090871,Persuadable
3082,27,21500.0,1,0.051,183,in_store,34.71,0,0,0,0.05892979353936423,Persuadable
2335,34,38800.0,6,0.112,325,in_store,25.08,0,0,0,0.10429591440875043,Highly Persuadable
2967,57,54600.0,4,0.184,536,online,41.16,0,0,0,0.10010901089624584,Highly Persuadable
301,61,48600.0,1,0.26,658,online,41.09,10,1,1,0.08537301299653394,Persuadable
460,40,58900.0,3,0.164,768,online,35.93,25,1,1,0.17946236418530748,Highly Persuadable
1448,58,57900.0,3,0.09,561,in_store,37.08,0,1,0,-0.04750983107731843,Not Persuadable
1473,40,47900.0,2,0.098,412,in_store,36.19,10,1,1,-0.07809101610760749,Not Persuadable
2047,48,59600.0,3,0.193,612,in_store,41.18,0,0,0,0.17271957296041549,Highly Persuadable
4238,43,58200.0,5,0.231,444,in_store,40.54,0,0,0,0.16912235370093529,Highly Persuadable
3783,29,40100.0,1,0.216,181,online,35.03,0,0,0,0.12248547560830016,Highly Persuadable
2114,42,49600.0,2,0.127,128,online,27.67,0,0,0,0.031185088129754637,Persuadable
28,44,45600.0,2,0.0,43,online,52.42,10,1,1,-0.06139953398781262,Not Persuadable
3858,40,59500.0,5,0.128,412,online,55.57,0,0,0,0.1054989937506006,Highly Persuadable
4533,62,45400.0,2,0.015,710,in_store,31.77,20,0,1,-0.02865538955626906,Not Persuadable
838,57,45700.0,3,0.135,606,in_store,32.92,20,1,1,0.14095600247262266,Highly Persuadable
3845,41,65500.0,4,0.092,984,in_store,61.37,20,0,1,0.013711943219376719,Persuadable
2009,54,50200.0,3,0.03,201,online,34.76,0,0,0,0.09415991521050916,Persuadable
4918,39,48600.0,4,0.191,610,in_store,37.43,10,1,1,0.07720802006631111,Persuadable
504,22,21700.0,2,0.0,294,online,28.46,0,0,0,0.04473416595282835,Persuadable
3222,41,36800.0,2,0.123,168,online,44.05,20,0,1,-0.007322731995529326,Not Persuadable
4315,40,56400.0,2,0.071,380,online,46.72,0,0,0,-0.018583632053367882,Not Persuadable
381,41,64500.0,1,0.002,95,online,36.36,0,1,0,-0.02175049247180547,Not Persuadable
1852,43,75800.0,4,0.154,577,online,49.13,20,1,1,0.10764686714564484,Highly Persuadable
1526,53,71000.0,3,0.032,265,online,47.0,0,0,0,0.1390857089664626,Highly Persuadable
2366,58,59200.0,4,0.03,469,in_store,41.48,30,1,1,0.004419108332266593,Persuadable
3244,43,69600.0,0,0.0,1,online,62.13,10,1,1,0.013616585135552693,Persuadable
3053,29,40900.0,2,0.067,441,online,35.68,15,1,1,-0.04350144194349005,Not Persuadable
2885,40,28100.0,0,0.061,1,online,42.96,10,1,1,-0.03868764716568498,Not Persuadable
2341,58,39600.0,2,0.062,520,online,41.92,0,0,0,0.04069275871176913,Persuadable
375,47,51400.0,3,0.098,259,in_store,37.68,25,1,1,0.08795813550981198,Persuadable
3276,26,31000.0,2,0.032,96,in_store,36.23,0,1,0,0.02784196670236069,Persuadable
2382,49,39800.0,0,0.087,438,in_store,22.17,30,1,1,-0.05328055997062336,Not Persuadable
4320,76,34600.0,6,0.171,464,in_store,28.13,25,0,1,-0.03780764764324862,Not Persuadable
940,50,61600.0,3,0.116,216,in_store,45.27,0,1,0,-0.12148678135880153,Not Persuadable
3869,44,40400.0,3,0.126,1,online,39.61,15,1,1,0.009826627256130814,Persuadable
4175,27,45400.0,2,0.0,1,online,48.04,25,0,1,-0.24321294384152192,Not Persuadable
2800,32,26800.0,1,0.173,1,in_store,9.4,0,0,0,0.194424518669752,Highly Persuadable
2148,51,61600.0,2,0.133,516,online,47.86,20,0,1,0.04562532416963761,Persuadable
3836,43,22700.0,4,0.04,249,in_store,33.03,0,0,0,0.10103582706446174,Highly Persuadable
4551,52,62800.0,2,0.188,303,online,42.32,10,0,1,-0.03068603708305723,Not Persuadable
4226,45,37300.0,1,0.037,720,in_store,34.19,15,1,1,0.14219882124914066,Highly Persuadable
2069,46,48300.0,4,0.138,269,in_store,48.96,10,0,1,-0.022089243397909773,Not Persuadable
530,59,58100.0,2,0.177,1,online,44.24,0,0,0,0.07918497225530648,Persuadable
4865,30,48000.0,1,0.078,213,online,36.55,25,1,1,0.007938549462614254,Persuadable
637,38,50700.0,2,0.136,599,in_store,46.99,0,1,0,-0.010175245939481147,Not Persuadable
1270,47,47300.0,3,0.237,1,in_store,36.43,20,1,1,0.1961508626489144,Highly Persuadable
186,58,61400.0,3,0.075,336,online,43.0,25,0,1,-0.1272910599634009,Not Persuadable
3837,47,52300.0,3,0.115,367,in_store,43.64,0,1,0,-0.0630461631944859,Not Persuadable
3195,39,61300.0,4,0.152,304,in_store,40.88,5,1,1,0.13561350206313694,Highly Persuadable
3470,51,61500.0,0,0.037,224,online,42.17,20,1,1,0.007425803342518899,Persuadable
1798,38,49800.0,2,0.07,1,online,33.18,5,0,1,0.01818244947044505,Persuadable
2980,68,72300.0,2,0.073,285,in_store,55.97,25,1,1,0.037397311035910014,Persuadable
1442,44,50700.0,3,0.045,501,online,38.41,10,1,1,-0.018210444619919854,Not Persuadable
3443,41,68000.0,2,0.002,266,in_store,41.66,5,1,1,0.10749339050627822,Highly Persuadable
4885,45,56000.0,3,0.185,131,in_store,52.08,0,1,0,0.020985325807801374,Persuadable
1536,28,58200.0,2,0.156,278,online,36.88,20,1,1,0.1271121375112707,Highly Persuadable
3459,37,26600.0,1,0.069,270,in_store,27.6,15,1,1,0.1329697846597831,Highly Persuadable
1274,44,94700.0,2,0.2,428,online,35.57,15,1,1,0.005330950851682224,Persuadable
2468,56,69200.0,4,0.192,562,in_store,33.65,0,0,0,0.06970154660130329,Persuadable
608,45,50400.0,2,0.028,591,in_store,45.3,0,0,0,-0.01914051901331792,Not Persuadable
3403,31,33200.0,2,0.076,1,in_store,39.16,20,0,1,-0.0361715766392911,Not Persuadable
1713,48,53800.0,3,0.0,437,online,37.35,0,1,0,-0.056494916981778553,Not Persuadable
2200,30,50900.0,2,0.105,369,in_store,30.48,0,1,0,-0.05540876673184568,Not Persuadable
956,56,58500.0,4,0.303,353,online,49.92,15,1,1,0.11928924180105333,Highly Persuadable
2580,56,56300.0,3,0.077,1,in_store,60.47,10,1,1,-0.04743007163317815,Not Persuadable
3916,37,40900.0,4,0.165,885,online,41.58,25,1,1,0.12001246754164992,Highly Persuadable
4436,50,40700.0,1,0.125,184,in_store,28.56,0,0,0,0.055407836535174206,Persuadable
4803,40,51200.0,9,0.302,491,in_store,43.72,0,1,0,0.05371854077036872,Persuadable
3704,31,57100.0,1,0.16,382,in_store,42.28,0,1,0,-0.015445896615496255,Not Persuadable
404,35,42000.0,1,0.045,814,online,19.74,0,1,0,0.05445233588747823,Persuadable
2072,23,47900.0,1,0.009,591,in_store,49.64,15,0,1,-0.09071826514858343,Not Persuadable
4766,44,29900.0,4,0.17,754,online,31.33,0,1,0,0.16558913230248687,Highly Persuadable
1978,43,55500.0,2,0.156,59,in_store,45.05,20,1,1,0.017717976670443412,Persuadable
159,34,31800.0,4,0.133,199,in_store,27.98,0,1,0,-0.016638583716411935,Not Persuadable
1749,34,41000.0,0,0.14,369,online,43.88,0,1,0,0.01068974216197924,Persuadable
2910,47,15000.0,3,0.0,367,in_store,29.95,0,0,0,0.11261763814043621,Highly Persuadable
3551,31,42200.0,3,0.019,441,online,35.22,0,1,0,-0.028522566077729454,Not Persuadable
903,38,41600.0,0,0.097,1,online,46.29,15,1,1,0.01196914703205131,Persuadable
353,33,55400.0,2,0.0,142,online,39.99,0,0,0,0.09360845265282446,Persuadable
1231,33,40700.0,2,0.141,387,in_store,43.35,15,1,1,-0.047433116641755695,Not Persuadable
4681,59,56200.0,1,0.172,563,in_store,45.67,0,1,0,0.06783165141167966,Persuadable
2141,39,24000.0,2,0.055,428,in_store,47.18,0,1,0,-0.06282528063380713,Not Persuadable
445,36,60000.0,1,0.073,244,online,61.39,25,0,1,0.11499118681076774,Highly Persuadable
4959,47,38600.0,3,0.142,521,online,40.04,0,1,0,0.025445751493073973,Persuadable
755,61,47000.0,3,0.038,342,in_store,48.26,0,0,0,-0.002487662281816287,Not Persuadable
1738,38,59100.0,5,0.239,506,online,41.89,0,0,0,0.13707320661822073,Highly Persuadable
2972,39,51600.0,1,0.061,1,online,23.45,20,1,1,-0.011163345967403895,Not Persuadable
4990,50,73000.0,5,0.127,349,online,35.08,20,1,1,0.12930689729908965,Highly Persuadable
2921,31,38800.0,0,0.17,134,online,41.54,0,0,0,0.032564572043950336,Persuadable
312,45,33400.0,2,0.124,765,in_store,38.92,0,0,0,0.008781248595444336,Persuadable
549,48,56100.0,2,0.044,1,in_store,33.99,15,1,1,0.14349988664426486,Highly Persuadable
4640,33,48400.0,1,0.083,145,in_store,43.1,0,1,0,0.004848705688149196,Persuadable
4772,18,47700.0,4,0.096,86,in_store,25.89,0,1,0,-0.053665665930074026,Not Persuadable
1990,24,16000.0,1,0.039,45,in_store,29.87,0,1,0,0.20341714191726373,Highly Persuadable
307,36,44600.0,1,0.0,1,online,38.87,10,0,1,0.04108240493598149,Persuadable
2336,41,66100.0,2,0.132,263,in_store,44.17,0,1,0,-0.00707032350909731,Not Persuadable
695,30,48300.0,4,0.215,1,online,23.44,10,1,1,0.11809807209390166,Highly Persuadable
2357,42,49000.0,2,0.0,607,in_store,39.26,0,1,0,-0.0853911454819764,Not Persuadable
1928,28,33600.0,0,0.004,147,in_store,41.34,25,1,1,-0.0029804814816559383,Not Persuadable
685,35,27000.0,0,0.048,51,in_store,33.22,0,1,0,0.08936897911813231,Persuadable
750,29,35800.0,1,0.173,158,in_store,33.27,5,1,1,0.12686616186150457,Highly Persuadable
4675,43,66500.0,4,0.129,210,online,36.44,5,1,1,0.05632351432742572,Persuadable
1267,30,44800.0,3,0.163,174,online,40.28,20,1,1,0.11967495626241584,Highly Persuadable
3983,36,15000.0,0,0.0,48,online,20.58,15,1,1,0.10127899641202792,Highly Persuadable
3546,32,28200.0,2,0.034,235,online,32.85,0,0,0,0.16153787147522078,Highly Persuadable
4771,42,63800.0,3,0.093,1,in_store,47.77,20,0,1,0.009283138969624311,Persuadable
4003,43,49000.0,2,0.0,524,in_store,44.62,0,1,0,-0.1427337795876319,Not Persuadable
3084,34,23300.0,0,0.013,336,online,22.6,10,0,1,-0.0417185356724343,Not Persuadable
3062,42,32500.0,2,0.056,410,online,42.28,5,0,1,0.003845942356046221,Persuadable
3026,40,54600.0,4,0.224,907,in_store,39.02,0,1,0,0.17239925592720254,Highly Persuadable
971,37,49900.0,2,0.156,286,online,50.16,0,0,0,0.08962093334844118,Persuadable
14,54,80300.0,4,0.204,1,in_store,61.21,20,0,1,0.09454151617429561,Persuadable
874,41,46400.0,0,0.0,145,in_store,46.65,0,0,0,-0.06805586838445982,Not Persuadable
809,36,34200.0,2,0.053,1,in_store,30.65,0,0,0,0.08786010841438989,Persuadable
3199,52,38300.0,2,0.03,41,in_store,46.85,0,1,0,0.002758669273694691,Persuadable
515,49,45600.0,1,0.097,1,in_store,41.57,0,0,0,0.07701420948726646,Persuadable
4483,45,48300.0,1,0.178,77,online,32.82,25,1,1,0.15197633520254317,Highly Persuadable
410,24,41800.0,1,0.147,628,online,46.46,20,0,1,0.01969799236243791,Persuadable
3424,28,54900.0,3,0.123,219,online,41.93,0,0,0,0.022440468649997027,Persuadable
4353,41,40400.0,3,0.194,1,online,29.28,0,1,0,0.12606512384886276,Highly Persuadable
208,25,19900.0,0,0.038,64,online,16.51,0,1,0,0.040855722636069985,Persuadable
3239,51,59300.0,0,0.027,307,online,47.58,0,0,0,0.01811448697152484,Persuadable
459,44,57600.0,5,0.146,484,in_store,27.39,25,1,1,0.07323492807209997,Persuadable
3671,46,60900.0,3,0.168,193,online,45.38,5,1,1,0.0048347171080576935,Persuadable
2431,22,22000.0,2,0.025,531,online,21.38,0,0,0,0.0004056731398399358,Persuadable
3979,49,21500.0,1,0.117,141,in_store,24.04,0,0,0,-0.022586073248127156,Not Persuadable
111,45,46100.0,3,0.184,424,online,20.85,15,1,1,0.09148344715943163,Persuadable
3765,39,65800.0,6,0.062,301,in_store,47.45,0,1,0,-0.035269069887567665,Not Persuadable
4063,32,46200.0,1,0.004,141,in_store,29.02,5,1,1,0.024309797299439738,Persuadable
1884,41,40400.0,2,0.0,1,online,24.03,0,0,0,0.07992852279193503,Persuadable
1714,39,33000.0,3,0.167,357,online,35.48,20,1,1,0.058585264231185354,Persuadable
3977,44,49100.0,1,0.0,753,in_store,51.12,30,0,1,-0.07336236104472764,Not Persuadable
3415,27,46100.0,2,0.063,229,in_store,40.85,0,0,0,0.16785517083677073,Highly Persuadable
553,44,56600.0,3,0.082,573,in_store,28.75,15,1,1,0.07000485823597848,Persuadable
1440,53,75800.0,3,0.096,1,online,48.41,0,1,0,0.03943861992301411,Persuadable
2271,45,57400.0,1,0.045,166,in_store,53.85,15,1,1,0.05235896288706327,Persuadable
3145,35,22600.0,1,0.0,253,in_store,36.89,0,1,0,-0.019921736822093045,Not Persuadable
2822,44,63100.0,4,0.172,348,in_store,52.17,20,0,1,0.16273635803097602,Highly Persuadable
4792,18,41000.0,0,0.204,283,in_store,41.05,0,0,0,-0.056866693162871886,Not Persuadable
1926,26,20900.0,0,0.031,444,in_store,20.42,0,0,0,-0.006794332831887583,Not Persuadable
635,36,42500.0,2,0.068,659,online,34.81,20,1,1,0.05559900302654175,Persuadable
4816,18,36600.0,1,0.005,71,in_store,38.74,0,0,0,-0.04728781568387899,Not Persuadable
317,41,57500.0,1,0.083,1,in_store,34.93,25,1,1,0.11556412081698908,Highly Persuadable
4227,45,30700.0,4,0.095,231,in_store,28.9,5,0,1,-0.01022684833026595,Not Persuadable
4710,47,45300.0,2,0.093,141,online,26.53,5,0,1,0.04887134294973259,Persuadable
1329,39,59900.0,3,0.171,532,online,43.07,0,0,0,0.1353798813045502,Highly Persuadable
428,61,61600.0,3,0.071,319,online,44.74,0,1,0,-0.08668123690452471,Not Persuadable
4042,38,62500.0,3,0.132,1,in_store,34.27,0,0,0,0.08662291053948162,Persuadable
106,38,31800.0,3,0.177,724,in_store,36.37,0,1,0,0.09675199965009537,Persuadable
3042,39,46600.0,1,0.0,1,online,46.66,20,0,1,-0.09412761945028311,Not Persuadable
143,18,22700.0,3,0.277,469,online,27.04,20,0,1,0.05919256892658725,Persuadable
2170,33,67400.0,3,0.068,159,in_store,29.16,20,1,1,0.04893049167597461,Persuadable
3345,22,15000.0,1,0.066,589,online,18.98,0,0,0,-0.018513700989063176,Not Persuadable
90,45,79400.0,4,0.211,355,online,52.73,10,0,1,0.11247705004014194,Highly Persuadable
2919,28,45800.0,2,0.0,465,online,33.9,0,0,0,0.014923132590427867,Persuadable
3238,49,55200.0,0,0.0,396,online,44.08,20,0,1,-0.05909511242957985,Not Persuadable
2242,30,24300.0,1,0.091,408,in_store,39.2,0,1,0,-0.1713106271812231,Not Persuadable
3175,49,59000.0,1,0.213,353,online,42.72,15,0,1,-0.036836909592628156,Not Persuadable
3428,46,51500.0,1,0.088,277,in_store,50.66,0,0,0,0.03977688224632081,Persuadable
2164,48,56100.0,5,0.089,329,in_store,40.81,0,1,0,-0.01022797713854505,Not Persuadable
2637,36,69500.0,8,0.165,284,in_store,46.32,0,1,0,0.07831401101871258,Persuadable
1950,64,73700.0,4,0.317,49,in_store,56.66,10,1,1,0.1644058860359926,Highly Persuadable
1769,29,64200.0,2,0.162,1,online,51.53,10,0,1,0.033286230217046124,Persuadable
3299,35,34200.0,2,0.078,404,online,20.75,0,0,0,-0.0007143490644610107,Not Persuadable
2273,48,29100.0,3,0.163,201,online,22.39,0,1,0,0.04580797520142352,Persuadable
2,28,32500.0,1,0.049,1,in_store,29.06,10,0,1,0.0069914619979203835,Persuadable
3542,44,35200.0,2,0.038,391,in_store,29.87,25,1,1,0.06640384978145851,Persuadable
4968,27,32500.0,0,0.092,158,online,24.74,0,1,0,-0.02799459237955218,Not Persuadable
1952,43,75300.0,7,0.313,444,in_store,56.51,25,1,1,0.020826692392014574,Persuadable
936,47,32900.0,0,0.012,165,online,32.36,15,0,1,-0.04321699203486903,Not Persuadable
4307,43,45600.0,2,0.0,504,in_store,23.87,0,1,0,0.05099950296937503,Persuadable
2721,42,27200.0,0,0.025,158,online,43.49,15,1,1,0.026043949893001173,Persuadable
4105,36,30200.0,2,0.1,620,online,30.16,0,0,0,0.02872171608204995,Persuadable
1110,50,41600.0,1,0.0,61,in_store,41.36,0,1,0,0.048812991036627895,Persuadable
3606,50,35900.0,5,0.213,444,online,32.37,0,1,0,0.02956219047203658,Persuadable
592,43,50100.0,2,0.216,145,in_store,32.63,0,1,0,0.029856942683188788,Persuadable
1696,45,32600.0,3,0.114,580,in_store,28.3,25,0,1,-0.00046377045635066024,Not Persuadable
3480,40,45800.0,4,0.009,202,in_store,36.13,20,1,1,0.004295297060100092,Persuadable
2937,19,22600.0,1,0.03,252,in_store,15.66,0,0,0,-0.04381120080730664,Not Persuadable
4214,38,62000.0,4,0.058,642,online,51.92,0,0,0,0.09085369187182701,Persuadable
3427,45,49600.0,0,0.009,356,online,36.73,0,1,0,0.0365056366349062,Persuadable
1577,40,54200.0,1,0.242,164,in_store,28.1,20,1,1,0.1217043255977001,Highly Persuadable
3973,43,46400.0,1,0.144,1,in_store,35.46,0,0,0,0.16084690423542686,Highly Persuadable
214,34,34600.0,5,0.084,418,online,30.76,25,1,1,0.05898043416426478,Persuadable
779,41,65800.0,1,0.081,785,online,61.02,0,1,0,-0.02654504802530118,Not Persuadable
1416,30,23200.0,2,0.169,254,online,29.62,20,1,1,0.20833586382743577,Highly Persuadable
4770,59,30500.0,4,0.147,33,online,33.98,0,1,0,-0.01613941397740727,Not Persuadable
2044,31,69400.0,2,0.176,413,online,51.28,0,0,0,0.06179170859922517,Persuadable
2849,49,29200.0,2,0.0,235,in_store,28.59,0,1,0,0.08662882288144128,Persuadable
4548,55,31200.0,2,0.168,371,online,40.56,25,0,1,-0.0867993721312371,Not Persuadable
3682,47,60700.0,0,0.078,518,online,34.92,0,0,0,0.0018588784586879654,Persuadable
3832,66,61800.0,1,0.068,208,in_store,48.53,0,1,0,-0.02767464421094591,Not Persuadable
1568,42,31600.0,2,0.177,559,online,34.41,20,0,1,-0.05837163377045522,Not Persuadable
166,29,27200.0,2,0.17,161,in_store,41.48,15,0,1,0.006029409035931608,Persuadable
4725,43,39400.0,0,0.047,824,in_store,49.44,0,1,0,-0.10820637894453444,Not Persuadable
3602,69,78100.0,2,0.0,356,in_store,71.58,20,1,1,0.017682365087165752,Persuadable
4937,43,46800.0,3,0.1,33,in_store,34.34,0,1,0,0.06733428265865762,Persuadable
1344,34,29100.0,3,0.137,88,in_store,36.91,0,1,0,0.062104705648128276,Persuadable
2014,40,39500.0,1,0.048,104,in_store,30.52,0,0,0,0.12949252767962952,Highly Persuadable
274,65,71800.0,2,0.0,426,in_store,47.47,0,0,0,-0.012141064958875942,Not Persuadable
72,26,34900.0,1,0.192,400,online,35.32,0,1,0,-0.04721575163565446,Not Persuadable
3906,69,68500.0,5,0.286,443,online,39.7,10,1,1,-0.05779390634713213,Not Persuadable
1088,21,42800.0,1,0.148,348,in_store,38.74,30,0,1,-0.04819572091356269,Not Persuadable
395,48,55300.0,2,0.109,756,online,47.68,0,1,0,0.003049582508733056,Persuadable
584,27,20500.0,1,0.081,605,in_store,40.75,0,0,0,0.08165102671849887,Persuadable
1368,56,41500.0,6,0.164,622,online,32.93,25,1,1,0.11986197724675712,Highly Persuadable
4998,49,53000.0,2,0.0,374,in_store,43.2,0,0,0,-0.02372088339343221,Not Persuadable
4653,45,60000.0,8,0.186,439,in_store,47.04,0,0,0,0.048186492569069296,Persuadable
2549,19,42100.0,1,0.199,1,in_store,46.41,15,0,1,0.0512405585292042,Persuadable
1014,20,32100.0,1,0.0,172,online,46.67,15,0,1,-0.13441898032785685,Not Persuadable
4908,28,55500.0,3,0.0,1029,in_store,39.22,20,0,1,0.024218824728895246,Persuadable
3004,21,25300.0,2,0.095,547,in_store,24.21,0,0,0,0.04104324115839713,Persuadable
4948,44,42400.0,4,0.102,386,online,45.15,5,1,1,-0.11971065592262953,Not Persuadable
4182,41,39300.0,0,0.0,281,in_store,31.98,0,0,0,0.06988666350737772,Persuadable
3549,31,40500.0,1,0.177,1,online,36.04,20,1,1,0.12658267295081269,Highly Persuadable
1764,27,57000.0,1,0.0,16,in_store,49.77,0,0,0,-0.16019067720411864,Not Persuadable
1876,18,41400.0,4,0.16,198,online,36.93,0,1,0,-0.02552824984343265,Not Persuadable
1260,34,26400.0,1,0.093,254,in_store,30.03,0,0,0,0.22209597667890885,Highly Persuadable
4541,53,43000.0,2,0.209,381,in_store,47.13,15,0,1,0.0009865950483628014,Persuadable
2254,18,28500.0,1,0.022,58,in_store,14.12,0,1,0,-0.05487983439759138,Not Persuadable
2782,32,37000.0,6,0.227,696,online,51.47,10,1,1,0.05879638691993494,Persuadable
3611,48,83800.0,5,0.075,483,in_store,57.39,5,0,1,-0.07163628295496201,Not Persuadable
527,57,64100.0,1,0.13,141,online,39.8,0,0,0,-0.06411447864879284,Not Persuadable
4748,25,22900.0,2,0.126,495,online,34.92,25,0,1,0.05311583316558512,Persuadable
2947,59,67700.0,5,0.16,7,in_store,49.84,0,1,0,0.029726608653097796,Persuadable
378,18,25300.0,1,0.032,309,online,33.2,0,1,0,0.027008280629844082,Persuadable
1560,38,41500.0,1,0.156,241,in_store,30.33,25,1,1,0.18423348018045563,Highly Persuadable
3839,36,20000.0,1,0.059,501,in_store,21.17,0,0,0,0.13231637226261928,Highly Persuadable
1964,37,50100.0,1,0.072,256,online,36.39,25,1,1,0.05408758440955197,Persuadable
4743,39,26700.0,2,0.0,86,online,20.47,0,1,0,0.05477832104264757,Persuadable
349,21,39700.0,0,0.125,388,in_store,35.92,0,0,0,-0.06957451012365616,Not Persuadable
2435,37,28600.0,2,0.193,1,online,6.25,25,1,1,0.15951096597931577,Highly Persuadable
2247,21,15000.0,0,0.0,200,in_store,21.5,0,1,0,0.019390121207717156,Persuadable
4467,40,42600.0,1,0.0,77,in_store,42.0,0,0,0,0.04912246342082018,Persuadable
1710,38,66500.0,2,0.207,319,in_store,47.42,0,1,0,-0.07182444350414094,Not Persuadable
1051,25,23900.0,1,0.0,10,in_store,24.27,0,1,0,0.08443452648214766,Persuadable
591,25,35900.0,0,0.098,159,in_store,39.57,0,1,0,-0.021673408880835774,Not Persuadable
520,60,44600.0,1,0.11,398,in_store,43.2,0,0,0,-0.06910690607776535,Not Persuadable
4504,50,79800.0,4,0.282,1,in_store,41.33,15,0,1,0.05696203783350422,Persuadable
4754,23,43200.0,0,0.069,357,online,39.75,0,0,0,0.12427710406308508,Highly Persuadable
2478,43,50200.0,5,0.136,765,in_store,44.7,0,1,0,0.010734737124512561,Persuadable
1084,41,29600.0,2,0.279,608,in_store,11.41,5,1,1,0.20776831417465053,Highly Persuadable
3607,20,58500.0,4,0.126,215,in_store,27.88,25,0,1,-0.013686402922337694,Not Persuadable
4789,64,77200.0,3,0.176,626,in_store,51.75,10,1,1,0.12837985100829394,Highly Persuadable
4520,19,24700.0,0,0.062,1,in_store,31.21,0,1,0,0.1334663169330179,Highly Persuadable
1295,43,30300.0,0,0.205,435,in_store,48.15,0,0,0,-0.047240192041150486,Not Persuadable
1810,52,47900.0,4,0.116,1,online,29.2,0,0,0,0.0689334518915903,Persuadable
792,25,35300.0,1,0.073,328,online,39.33,0,0,0,0.05681481743416934,Persuadable
793,46,43000.0,1,0.148,104,online,34.73,0,0,0,0.12164740711247662,Highly Persuadable
4319,29,47200.0,3,0.174,1,in_store,26.85,10,0,1,0.0007652033690252265,Persuadable
1856,32,40000.0,1,0.089,287,online,24.46,0,1,0,-0.006238330225269545,Not Persuadable
4768,53,16500.0,0,0.048,86,in_store,23.74,0,0,0,-0.012727725476363076,Not Persuadable
1981,42,70900.0,1,0.055,1,online,48.06,15,1,1,0.10251519004148155,Highly Persuadable
3234,50,53600.0,3,0.005,599,in_store,53.81,0,0,0,0.060031037465046434,Persuadable
3927,49,51700.0,0,0.129,829,online,30.23,10,0,1,0.059348029380191326,Persuadable
3401,45,41700.0,1,0.0,218,in_store,35.55,25,1,1,0.09313538321158926,Persuadable
3329,32,28200.0,3,0.022,573,in_store,45.31,25,1,1,-0.014868353742620785,Not Persuadable
1531,47,45900.0,3,0.17,321,in_store,38.11,0,1,0,0.08938817013469706,Persuadable
1411,35,68300.0,2,0.077,656,in_store,38.26,10,0,1,0.05425415373837757,Persuadable
4305,40,36000.0,0,0.04,394,in_store,27.2,0,1,0,-0.08231517617980916,Not Persuadable
4981,47,31100.0,3,0.156,516,online,30.3,25,0,1,0.06864185721583783,Persuadable
84,35,38600.0,4,0.277,14,in_store,29.15,15,0,1,0.05404536545029462,Persuadable
869,33,47400.0,1,0.036,140,in_store,38.57,0,0,0,0.06515820146887691,Persuadable
2351,48,71600.0,7,0.227,738,in_store,53.04,0,1,0,0.05436478491181206,Persuadable
21,38,32300.0,3,0.06,233,in_store,23.48,20,1,1,0.06160646262487484,Persuadable
3440,63,60200.0,0,0.099,444,in_store,45.44,5,0,1,-0.15225767477082744,Not Persuadable
2796,48,33000.0,1,0.124,1,online,25.92,0,1,0,0.05530645320043539,Persuadable
4583,42,58100.0,2,0.064,633,in_store,49.26,15,1,1,0.06481427357279275,Persuadable
1563,30,45300.0,0,0.0,1,online,35.32,0,0,0,0.0222854207227375,Persuadable
3094,31,40600.0,1,0.066,204,online,48.84,25,0,1,-0.04002085239545248,Not Persuadable
3156,31,23800.0,0,0.139,320,online,18.58,0,0,0,0.12778707512725565,Highly Persuadable
974,47,49500.0,4,0.304,395,in_store,41.11,15,0,1,-0.059304960988178265,Not Persuadable
1711,33,58400.0,2,0.164,243,online,54.11,10,0,1,0.1088123718437808,Highly Persuadable
3202,54,29700.0,4,0.187,1,in_store,31.95,0,0,0,0.13221775463561128,Highly Persuadable
4000,25,36400.0,1,0.155,109,online,20.26,0,0,0,0.10182165714703399,Highly Persuadable
4830,18,24200.0,0,0.012,607,online,32.69,0,1,0,-0.019335808445321383,Not Persuadable
1099,52,68800.0,2,0.052,1,in_store,26.55,0,1,0,0.03405500317250397,Persuadable
4261,44,56800.0,3,0.137,229,in_store,49.55,0,1,0,-0.03460664601589498,Not Persuadable
2845,32,53600.0,0,0.095,389,in_store,37.5,5,0,1,-0.023887113224800475,Not Persuadable
887,55,61400.0,1,0.135,549,online,44.01,10,1,1,0.1319443116949442,Highly Persuadable
4942,34,29100.0,1,0.03,310,in_store,35.31,20,1,1,0.06267471066150085,Persuadable
4850,40,45100.0,2,0.08,543,in_store,41.65,0,0,0,0.06157907548917747,Persuadable
4591,50,42500.0,2,0.131,675,online,41.08,0,1,0,0.13321301780994443,Highly Persuadable
3831,28,15000.0,1,0.0,261,in_store,18.84,0,0,0,-0.06108469092369202,Not Persuadable
4412,38,50200.0,0,0.0,232,in_store,46.01,20,0,1,-0.045595837087951036,Not Persuadable
516,44,42200.0,2,0.177,498,in_store,28.89,20,0,1,0.01773926115190242,Persuadable
4631,19,41700.0,2,0.026,441,online,33.85,0,1,0,0.012583059579571081,Persuadable
738,50,62300.0,2,0.132,573,in_store,45.58,0,0,0,0.08063588893032808,Persuadable
1454,35,46900.0,1,0.111,489,in_store,44.02,20,1,1,0.00033514242614890455,Persuadable
3990,29,21200.0,1,0.015,248,online,38.51,0,0,0,0.00851818642674779,Persuadable
4711,45,23700.0,1,0.136,200,online,17.61,15,0,1,-0.0009395275061531308,Not Persuadable
2507,58,30400.0,0,0.04,362,online,28.16,0,1,0,-0.1190129539334038,Not Persuadable
2995,34,32400.0,1,0.005,1,in_store,22.71,0,0,0,0.05749331036692237,Persuadable
2127,66,57700.0,5,0.199,1,online,39.81,25,1,1,0.15106845839004696,Highly Persuadable
2927,50,52600.0,0,0.045,293,in_store,41.41,0,1,0,-0.008364835201053642,Not Persuadable
4756,33,66000.0,5,0.23,157,online,64.35,0,0,0,0.22967833428046602,Highly Persuadable
907,37,44100.0,1,0.065,75,online,38.67,0,0,0,0.13009771842881962,Highly Persuadable
3666,21,15000.0,2,0.179,96,in_store,24.97,0,1,0,0.007488563709921592,Persuadable
1031,54,60400.0,3,0.133,129,in_store,43.82,20,0,1,-0.04688358482614434,Not Persuadable
2508,44,36200.0,3,0.187,276,in_store,38.96,20,1,1,0.13187969611856584,Highly Persuadable
2429,40,42900.0,3,0.079,259,online,45.87,5,1,1,0.1055775226256093,Highly Persuadable
948,18,16700.0,1,0.114,527,online,19.69,25,1,1,0.09064672864490386,Persuadable
3825,36,54000.0,4,0.187,239,online,32.94,0,1,0,0.12473498068589585,Highly Persuadable
4086,40,50600.0,3,0.191,1,in_store,39.98,20,1,1,0.19809533925860978,Highly Persuadable
716,25,31300.0,0,0.055,233,in_store,35.84,0,0,0,-0.016597859018791582,Not Persuadable
4074,57,73200.0,3,0.0,323,online,50.88,5,1,1,0.13851206485115045,Highly Persuadable
687,49,74700.0,1,0.098,244,in_store,50.51,10,0,1,0.046405510922783055,Persuadable
704,39,45000.0,1,0.0,218,in_store,34.07,0,0,0,0.011873940075865754,Persuadable
3342,49,51200.0,3,0.108,512,in_store,42.91,5,1,1,0.044979154060156845,Persuadable
2354,42,47700.0,4,0.221,531,in_store,36.77,0,1,0,0.0983239253516076,Persuadable
2258,43,36700.0,5,0.135,699,in_store,23.11,15,1,1,0.19585389915316162,Highly Persuadable
3568,26,36100.0,0,0.0,251,in_store,11.06,0,0,0,0.002395176573476889,Persuadable
474,42,41000.0,0,0.029,308,in_store,50.38,0,0,0,-0.060407942118218774,Not Persuadable
22,32,56200.0,3,0.056,495,online,50.59,30,1,1,-0.0536103904310228,Not Persuadable
2753,21,15000.0,0,0.224,532,online,27.03,20,1,1,0.047022415199627854,Persuadable
886,43,70800.0,5,0.224,442,online,56.22,25,1,1,0.09727499675070247,Persuadable
2449,49,68700.0,6,0.178,327,online,44.34,25,1,1,0.09847205110605141,Persuadable
918,46,51700.0,4,0.081,635,in_store,32.7,5,1,1,0.13684273274263148,Highly Persuadable
4438,50,46500.0,1,0.0,383,online,43.13,0,1,0,-0.0460308297412319,Not Persuadable
4677,45,55300.0,2,0.032,577,in_store,39.4,20,1,1,0.028996325283498686,Persuadable
2240,36,38300.0,1,0.0,498,in_store,45.86,0,1,0,-0.11801602118557042,Not Persuadable
3863,26,29900.0,1,0.139,289,online,33.59,25,0,1,0.03045861634580038,Persuadable
3396,47,44500.0,4,0.0,753,in_store,26.63,0,0,0,0.14489348793872317,Highly Persuadable
1266,39,27500.0,1,0.019,113,online,32.14,20,0,1,0.14262973063986253,Highly Persuadable
484,47,71600.0,2,0.08,180,online,39.91,15,1,1,0.08412144809303063,Persuadable
4348,18,30100.0,0,0.021,435,online,26.13,5,0,1,-0.06335214442415378,Not Persuadable
2964,31,22700.0,2,0.101,281,in_store,21.26,20,0,1,0.04051855945334372,Persuadable
1220,56,46200.0,2,0.0,189,in_store,31.18,0,1,0,0.0045224602068515436,Persuadable
278,27,29200.0,0,0.009,1,in_store,37.4,10,0,1,-0.01893374011441535,Not Persuadable
989,36,45300.0,2,0.226,157,in_store,37.19,15,1,1,0.11968346556125964,Highly Persuadable
2085,52,66800.0,3,0.319,697,online,43.13,10,1,1,0.0040653021200498796,Persuadable
1246,41,64900.0,1,0.069,111,in_store,46.61,0,0,0,0.005240982440311372,Persuadable
2383,22,34000.0,3,0.139,318,in_store,42.98,0,0,0,0.0015040362766896398,Persuadable
572,39,39500.0,2,0.134,620,in_store,45.19,0,1,0,0.04266384167866665,Persuadable
1436,39,47800.0,6,0.135,597,in_store,46.51,0,1,0,0.05641412081443675,Persuadable
994,56,51900.0,1,0.0,412,online,54.15,15,0,1,-0.12109804168428906,Not Persuadable
3468,18,15000.0,1,0.163,356,in_store,24.58,10,0,1,0.02657910006836862,Persuadable
3998,37,19300.0,2,0.094,318,in_store,28.15,0,0,0,0.04429594720689154,Persuadable
586,64,64600.0,1,0.166,196,in_store,46.63,20,0,1,-0.02102477985288143,Not Persuadable
3677,27,15000.0,0,0.093,124,in_store,27.08,15,1,1,0.016414226914208387,Persuadable
2515,41,60500.0,1,0.024,1,in_store,51.79,0,0,0,-0.0001538468271388713,Not Persuadable
1350,39,44800.0,6,0.256,178,in_store,34.52,0,0,0,0.027638084745807145,Persuadable
1008,36,21300.0,3,0.021,552,in_store,26.83,15,0,1,-0.005366982850720609,Not Persuadable
675,50,47500.0,1,0.054,64,online,31.85,15,1,1,0.061939957411173106,Persuadable
2413,20,24300.0,0,0.274,180,online,28.45,0,0,0,0.16048254856643315,Highly Persuadable
2904,34,33400.0,0,0.04,469,online,39.28,0,0,0,0.05119770849939381,Persuadable
448,36,42100.0,2,0.095,559,in_store,32.74,0,1,0,-0.018822971606453968,Not Persuadable
3489,41,36100.0,1,0.016,1,in_store,27.63,20,0,1,0.08707711835360532,Persuadable
4905,65,45400.0,2,0.134,45,in_store,42.86,0,1,0,-0.05006811230629995,Not Persuadable
3722,48,85300.0,2,0.09,75,in_store,34.28,0,0,0,0.1087159631025106,Highly Persuadable
360,38,42000.0,1,0.021,592,in_store,34.57,20,1,1,-0.012667675254913361,Not Persuadable
2065,36,66300.0,2,0.1,334,in_store,56.11,10,1,1,0.06812691770865832,Persuadable
4460,43,72000.0,3,0.092,555,in_store,58.03,20,0,1,0.07247065238246378,Persuadable
3829,43,20800.0,4,0.118,483,in_store,17.98,0,0,0,0.05748824929479766,Persuadable
1691,34,37500.0,0,0.0,243,in_store,34.44,0,1,0,0.003963158488119008,Persuadable
4337,42,47900.0,4,0.0,321,online,33.76,0,1,0,0.011167437825019711,Persuadable
1549,47,15000.0,1,0.027,1,in_store,29.47,0,1,0,0.08609228116216762,Persuadable
1248,18,22600.0,1,0.037,50,online,29.46,0,0,0,0.1584538794625108,Highly Persuadable
1986,37,49400.0,2,0.124,699,in_store,42.7,0,0,0,0.057643860690477215,Persuadable
295,37,44800.0,1,0.012,391,in_store,15.57,10,1,1,0.06221646958893142,Persuadable
1548,30,63700.0,2,0.266,591,in_store,44.89,0,1,0,-0.045051380211023236,Not Persuadable
2013,48,45000.0,1,0.046,119,in_store,47.12,0,0,0,0.08589182231809775,Persuadable
589,43,44700.0,3,0.0,261,in_store,46.29,0,1,0,-0.004194790083392516,Not Persuadable
3330,37,56300.0,0,0.0,212,in_store,49.8,0,0,0,-0.013927000508549343,Not Persuadable
2404,32,26100.0,0,0.065,180,in_store,34.99,15,0,1,0.073825412516449,Persuadable
2130,53,46400.0,4,0.169,780,in_store,33.78,0,0,0,0.16701467496606331,Highly Persuadable
4399,28,26100.0,1,0.08,262,online,33.34,20,1,1,0.15470777550994105,Highly Persuadable
2411,29,49800.0,1,0.0,455,online,39.12,20,0,1,-0.002404063874167776,Not Persuadable
2720,27,15400.0,1,0.003,563,online,20.28,0,0,0,-0.019630519127611032,Not Persuadable
4565,46,30800.0,2,0.148,667,in_store,35.59,0,0,0,0.14764153482317516,Highly Persuadable
426,36,33200.0,2,0.183,508,online,28.25,25,1,1,0.049964422537115305,Persuadable
2583,39,54700.0,2,0.023,227,online,37.65,5,1,1,0.07274700174384705,Persuadable
1055,23,32100.0,1,0.0,620,online,32.87,0,0,0,0.04361445850808587,Persuadable
3985,30,43900.0,3,0.155,182,online,26.64,0,0,0,0.12150634876192157,Highly Persuadable
4573,44,44600.0,1,0.136,29,online,50.19,20,0,1,-0.10772308054032355,Not Persuadable
557,31,42800.0,2,0.076,206,online,35.35,5,0,1,0.004068233657858689,Persuadable
4369,38,33800.0,1,0.004,285,in_store,25.27,0,1,0,0.037729089432584705,Persuadable
3957,31,15000.0,1,0.036,1,in_store,29.55,0,1,0,0.13712744743888458,Highly Persuadable
4723,39,15000.0,1,0.0,206,in_store,36.0,30,1,1,0.12700515204758897,Highly Persuadable
2470,40,57200.0,2,0.026,254,in_store,40.68,0,1,0,0.16808602793924896,Highly Persuadable
4721,18,50200.0,0,0.0,196,online,46.04,0,1,0,-0.03423422080051111,Not Persuadable
356,43,60500.0,0,0.121,95,in_store,49.36,10,0,1,-0.019883588070483998,Not Persuadable
1194,49,48400.0,1,0.227,39,online,45.32,10,1,1,0.1739982730994855,Highly Persuadable
1717,33,33900.0,6,0.171,852,in_store,49.97,0,1,0,0.047203697364209755,Persuadable
3417,41,60100.0,5,0.127,529,in_store,34.59,20,1,1,0.05092965849025195,Persuadable
2605,54,47100.0,5,0.179,92,online,44.22,20,1,1,0.03820827396946341,Persuadable
4359,35,47700.0,1,0.107,245,in_store,40.51,0,1,0,0.01423316403233759,Persuadable
2829,20,48700.0,1,0.021,101,in_store,48.69,0,1,0,-0.150476820185569,Not Persuadable
1705,43,32300.0,2,0.185,474,online,35.58,0,0,0,0.032426354317944044,Persuadable
2864,77,65900.0,1,0.132,411,in_store,35.4,20,0,1,-0.13603008871187178,Not Persuadable
2619,31,35300.0,3,0.024,1,online,28.28,0,1,0,0.013666525717170327,Persuadable
2401,35,44700.0,3,0.058,323,online,39.8,20,0,1,0.07048441109249198,Persuadable
2140,55,62200.0,2,0.061,1,online,50.81,0,0,0,0.03690246083751548,Persuadable
3240,26,38600.0,3,0.05,242,online,36.0,0,1,0,-0.01257651346775849,Not Persuadable
2384,34,34700.0,1,0.149,574,in_store,37.86,0,1,0,-0.01944203812286459,Not Persuadable
3219,67,76900.0,10,0.239,1066,online,54.43,15,1,1,-0.004398802010945408,Not Persuadable
4193,47,30800.0,3,0.0,558,in_store,30.62,0,0,0,0.16019360161668886,Highly Persuadable
1286,43,28300.0,1,0.044,73,in_store,34.84,30,1,1,0.15955937214448124,Highly Persuadable
3815,54,81600.0,4,0.049,19,online,55.53,10,1,1,0.06596252118893484,Persuadable
3859,35,35400.0,2,0.073,90,online,40.09,0,0,0,0.0901158973359637,Persuadable
4479,49,90300.0,0,0.113,34,online,52.21,0,0,0,0.032305726858841054,Persuadable
2088,34,31700.0,1,0.003,489,in_store,22.07,0,0,0,0.03405061909989718,Persuadable
1890,47,65200.0,3,0.114,577,in_store,37.26,20,1,1,-0.0071324421082896465,Not Persuadable
4900,35,33700.0,2,0.162,1,in_store,28.51,15,0,1,-0.04780634839472404,Not Persuadable
1592,23,59300.0,4,0.062,959,online,37.2,20,0,1,0.03244748953384832,Persuadable
1347,44,53500.0,1,0.011,591,in_store,35.39,10,1,1,0.03585507611847862,Persuadable
4442,18,15000.0,1,0.191,216,in_store,40.65,0,1,0,-0.08833702732161718,Not Persuadable
2163,56,50400.0,3,0.05,628,in_store,38.44,30,1,1,0.018964550973955004,Persuadable
2397,35,50500.0,1,0.107,310,in_store,44.37,0,1,0,-0.05352108874043379,Not Persuadable
3662,45,53300.0,1,0.065,366,in_store,49.03,0,1,0,-0.11067746542411845,Not Persuadable
2272,27,46400.0,1,0.073,372,online,42.73,10,1,1,-0.002260895033566196,Not Persuadable
4501,22,15000.0,0,0.099,287,online,35.16,5,1,1,0.005956974257651423,Persuadable
3112,55,66900.0,1,0.07,401,in_store,38.71,0,1,0,-0.16730277789612927,Not Persuadable
1138,40,15000.0,3,0.127,472,online,26.51,25,1,1,0.11100133451685396,Highly Persuadable
4594,36,42200.0,0,0.113,1,in_store,45.73,15,1,1,0.014002006917360432,Persuadable
973,43,44500.0,1,0.188,371,in_store,24.61,0,0,0,0.07378945087413886,Persuadable
796,39,50600.0,2,0.14,710,in_store,28.65,0,0,0,0.12196096254631059,Highly Persuadable
3021,25,57400.0,4,0.0,26,in_store,48.42,0,1,0,-0.10965298298070739,Not Persuadable
1712,18,23900.0,1,0.092,233,in_store,22.56,15,0,1,-0.05957138592815196,Not Persuadable
3388,34,64700.0,3,0.253,115,online,34.51,15,0,1,0.003035177643280906,Persuadable
37,39,55400.0,5,0.043,469,online,53.75,0,1,0,-0.05025190296355075,Not Persuadable
454,65,47500.0,6,0.0,593,in_store,31.69,25,1,1,-0.016244129299755824,Not Persuadable
914,33,38200.0,2,0.106,337,in_store,30.68,20,1,1,0.06999321670890175,Persuadable
4099,45,42200.0,3,0.035,310,in_store,33.33,0,0,0,0.050658593161393525,Persuadable
1200,27,38400.0,1,0.173,1,online,39.85,0,1,0,-0.0001384909225151621,Not Persuadable
1275,33,38700.0,5,0.095,636,online,29.42,0,1,0,0.07223749578760433,Persuadable
2376,18,19100.0,0,0.281,431,online,41.04,30,0,1,-0.07384913071769168,Not Persuadable
38,30,26800.0,1,0.092,1,online,36.35,0,0,0,0.04785350537014328,Persuadable
975,28,56600.0,2,0.152,199,in_store,42.91,20,0,1,0.05150841865411452,Persuadable
3196,53,45000.0,4,0.244,554,in_store,45.99,20,1,1,0.11828298284395009,Highly Persuadable
984,49,62300.0,7,0.236,693,online,56.76,20,1,1,0.08147887974769766,Persuadable
3923,27,49700.0,3,0.0,504,online,39.29,0,1,0,-0.015725204738585526,Not Persuadable
4088,19,21900.0,3,0.085,606,in_store,18.4,0,1,0,0.05289700069884468,Persuadable
1419,52,82200.0,5,0.224,449,in_store,57.39,10,1,1,0.02370687500191038,Persuadable
3333,18,63600.0,1,0.13,91,online,56.26,10,0,1,-0.02545696720098943,Not Persuadable
1561,35,41800.0,2,0.083,741,in_store,29.19,0,1,0,0.05848869392960937,Persuadable
40,48,34100.0,2,0.207,406,in_store,38.25,0,0,0,0.040285403686167925,Persuadable
1487,51,52100.0,4,0.166,613,online,30.39,0,0,0,0.23269800392022277,Highly Persuadable
3902,48,28100.0,3,0.153,383,online,24.34,0,0,0,0.13635624933468862,Highly Persuadable
170,40,78900.0,0,0.0,500,online,45.03,10,1,1,0.02248761795993408,Persuadable
1356,46,46800.0,1,0.186,1,online,38.47,25,1,1,0.17296784221178332,Highly Persuadable
2786,41,78400.0,3,0.025,323,online,64.59,0,1,0,0.02633734251647055,Persuadable
3651,57,55800.0,1,0.0,241,in_store,37.86,0,0,0,0.13545430372778947,Highly Persuadable
4759,28,67300.0,1,0.0,168,in_store,36.16,20,0,1,-0.049463232737814486,Not Persuadable
4023,24,66200.0,0,0.108,269,in_store,34.2,15,1,1,0.1259875117633863,Highly Persuadable
2683,52,52000.0,3,0.107,249,online,44.35,20,0,1,-0.007946364468747172,Not Persuadable
4715,33,50200.0,0,0.136,247,in_store,34.54,30,1,1,0.06450281158894304,Persuadable
4044,23,25800.0,0,0.0,67,in_store,47.36,10,1,1,-0.10850229121922723,Not Persuadable
1641,22,41100.0,2,0.184,398,in_store,43.53,0,1,0,-0.04623794021458834,Not Persuadable
1291,42,38600.0,2,0.018,314,online,42.3,25,1,1,0.04882707906874063,Persuadable
1381,55,50000.0,2,0.0,317,in_store,35.57,0,1,0,-0.00022971471381798468,Not Persuadable
1934,56,59400.0,5,0.073,830,in_store,43.36,0,0,0,0.06836113201353781,Persuadable
580,44,63600.0,5,0.168,422,in_store,40.49,0,1,0,0.14203112902514375,Highly Persuadable
4230,51,46800.0,4,0.0,405,online,32.38,0,1,0,0.030520451960833476,Persuadable
3161,39,36100.0,2,0.035,1,in_store,48.73,10,0,1,-0.09205771753393391,Not Persuadable
2031,56,53900.0,2,0.0,352,online,41.27,20,0,1,0.09440959547355798,Persuadable
893,35,71900.0,2,0.179,210,online,55.84,5,1,1,0.13171037821846335,Highly Persuadable
4588,58,57100.0,3,0.095,124,in_store,37.6,30,0,1,0.0290151633817882,Persuadable
781,39,40500.0,0,0.067,1,in_store,39.36,20,0,1,0.046750323044277765,Persuadable
160,26,15000.0,1,0.0,1,in_store,29.28,20,1,1,0.13422012621934384,Highly Persuadable
3,49,41300.0,1,0.084,655,in_store,44.36,0,1,0,0.019566503981191308,Persuadable
2264,38,37700.0,5,0.125,71,in_store,33.11,0,1,0,0.04451397849682491,Persuadable
3217,24,17700.0,2,0.07,65,online,34.87,15,1,1,0.04249479385675033,Persuadable
2110,43,55900.0,0,0.033,1,in_store,32.08,20,1,1,0.04666633514523298,Persuadable
850,52,53200.0,3,0.074,307,in_store,36.38,0,0,0,0.05878976721291974,Persuadable
2738,37,36800.0,2,0.093,166,online,41.55,20,1,1,0.0846091947694618,Persuadable
2467,35,35900.0,3,0.033,367,in_store,33.64,0,0,0,0.08830777333298805,Persuadable
4010,54,29900.0,2,0.0,604,in_store,26.66,0,0,0,0.023748179635188535,Persuadable
3669,19,24500.0,0,0.047,42,in_store,22.23,0,1,0,0.07885110487814248,Persuadable
1597,44,44700.0,1,0.088,179,in_store,32.54,25,0,1,0.01016078643386284,Persuadable
1777,24,22600.0,0,0.037,1069,online,24.39,20,0,1,0.04687228759986635,Persuadable
1914,18,62100.0,2,0.169,351,online,48.4,30,1,1,-0.011872003214459817,Not Persuadable
1044,41,25900.0,2,0.06,427,in_store,28.64,0,0,0,0.044732698355927074,Persuadable
4783,30,42500.0,1,0.096,136,online,37.1,0,1,0,-0.04519243837675128,Not Persuadable
1545,56,50100.0,5,0.194,649,in_store,56.04,10,0,1,0.084006192847307,Persuadable
2737,29,53900.0,0,0.113,1,in_store,37.53,20,1,1,-0.029236850996237157,Not Persuadable
3725,39,59000.0,6,0.264,969,online,54.39,20,0,1,0.11256884435391082,Highly Persuadable
4628,49,54500.0,1,0.118,76,online,51.92,0,0,0,-0.005731855055015647,Not Persuadable
54,36,31600.0,0,0.021,70,in_store,35.38,0,0,0,0.09137906631610208,Persuadable
1797,36,37400.0,2,0.032,206,in_store,39.98,10,1,1,0.13744647116224204,Highly Persuadable
3589,30,49000.0,3,0.011,294,in_store,25.1,0,0,0,-0.00423776925361268,Not Persuadable
1912,46,40700.0,4,0.2,466,in_store,36.87,20,1,1,0.09793990207086876,Persuadable
2307,63,66400.0,2,0.161,546,in_store,50.32,20,0,1,0.0577363838460691,Persuadable
2554,18,40100.0,0,0.0,1,online,28.65,25,1,1,0.053004298628885345,Persuadable
2801,37,51700.0,1,0.076,1,online,40.38,0,0,0,0.07039177283561417,Persuadable
937,26,18800.0,0,0.0,1,online,32.95,0,0,0,0.20663527883728772,Highly Persuadable
4439,23,48400.0,1,0.0,361,online,43.85,0,0,0,0.06248475892254791,Persuadable
825,18,15000.0,0,0.0,111,online,29.34,0,0,0,0.13715374515187212,Highly Persuadable
4744,39,47900.0,1,0.0,337,online,43.92,0,0,0,-0.01074721868836047,Not Persuadable
3179,48,48100.0,3,0.227,3,in_store,33.06,0,0,0,0.22354085369076448,Highly Persuadable
3402,50,69800.0,2,0.209,1,online,52.93,25,1,1,0.13165553710429412,Highly Persuadable
1390,29,44000.0,5,0.13,508,online,41.3,15,1,1,0.028950778247788946,Persuadable
3565,57,39200.0,2,0.015,196,in_store,34.86,30,0,1,-0.006714574332913068,Not Persuadable
4887,43,38900.0,0,0.0,560,online,34.17,25,0,1,-0.025351767599544345,Not Persuadable
885,27,48000.0,2,0.031,53,in_store,38.49,0,1,0,0.1053827902101728,Highly Persuadable
4358,36,23900.0,1,0.081,355,online,30.77,0,1,0,0.05883371157459147,Persuadable
1608,42,45900.0,3,0.143,7,online,36.78,10,1,1,0.15840400593259904,Highly Persuadable
1595,45,39700.0,2,0.0,84,in_store,21.48,0,0,0,0.11218114990838012,Highly Persuadable
772,56,65400.0,3,0.122,487,online,47.7,0,1,0,-0.09792163154842004,Not Persuadable
2612,50,46300.0,0,0.0,348,in_store,44.91,0,1,0,-0.1142402420630731,Not Persuadable
3873,34,15000.0,2,0.024,762,in_store,24.56,0,0,0,0.018489724781389782,Persuadable
2274,51,45400.0,1,0.087,646,in_store,38.37,5,1,1,0.09268851149338773,Persuadable
1869,36,21000.0,1,0.286,40,online,33.61,0,1,0,0.07768191333627258,Persuadable
1086,35,21300.0,0,0.174,265,in_store,40.3,0,1,0,0.05258713462851185,Persuadable
11,51,64800.0,2,0.113,113,online,45.72,15,1,1,-0.06415935816253514,Not Persuadable
3847,39,42400.0,3,0.118,485,in_store,37.23,30,1,1,-0.024445826853512893,Not Persuadable
1326,52,92300.0,3,0.078,37,online,61.19,25,0,1,0.08106352917952056,Persuadable
3391,27,30900.0,0,0.152,518,in_store,32.26,10,0,1,0.07160262472693786,Persuadable
1464,46,60900.0,2,0.125,412,in_store,38.48,25,0,1,-0.0465798947268426,Not Persuadable
807,38,29600.0,0,0.071,391,in_store,30.96,0,1,0,0.032031789433779004,Persuadable
3754,49,41200.0,2,0.13,1,in_store,33.73,0,1,0,0.09387961181456769,Persuadable
4004,67,47100.0,4,0.246,257,in_store,28.66,20,1,1,0.16808282769025853,Highly Persuadable
3790,34,36000.0,7,0.177,752,in_store,45.14,25,1,1,0.0854320266878108,Persuadable
2109,30,47100.0,0,0.248,1,online,39.46,0,0,0,0.1018416366343781,Highly Persuadable
4246,40,38100.0,3,0.272,591,in_store,39.43,20,0,1,0.053755327225620306,Persuadable
4967,35,49700.0,5,0.033,609,in_store,33.11,10,0,1,0.028564416386383622,Persuadable
2235,29,43400.0,1,0.0,362,online,19.82,10,0,1,-0.006167257517810859,Not Persuadable
3212,39,42400.0,2,0.044,234,in_store,30.59,0,1,0,0.03321475731273444,Persuadable
964,39,43700.0,1,0.149,276,online,40.93,30,0,1,0.08803386114982993,Persuadable
3416,41,41600.0,2,0.093,443,in_store,38.75,0,1,0,-0.10120514457975702,Not Persuadable
3772,24,48600.0,0,0.051,388,in_store,35.38,20,1,1,0.09833820165993491,Persuadable
399,46,23200.0,3,0.118,524,in_store,26.2,0,0,0,0.09340995908147443,Persuadable
2633,39,39000.0,1,0.019,173,online,35.15,25,0,1,0.05811409064453099,Persuadable
4862,47,22000.0,1,0.147,608,online,18.98,25,1,1,0.2658251691744717,Highly Persuadable
2997,25,65500.0,2,0.117,195,online,54.07,0,0,0,0.07519190503188813,Persuadable
705,53,39600.0,3,0.309,505,in_store,31.54,0,0,0,0.06361801083675386,Persuadable
432,46,54300.0,1,0.066,498,in_store,34.59,0,1,0,0.056854997114227895,Persuadable
293,58,63100.0,1,0.019,654,in_store,49.31,0,0,0,0.017025866574464487,Persuadable
4878,47,19300.0,3,0.048,248,in_store,39.43,0,0,0,0.07460841174532294,Persuadable
146,35,43600.0,4,0.206,392,in_store,35.54,0,1,0,-0.013447362826762945,Not Persuadable
4156,33,43500.0,2,0.0,518,online,37.86,10,0,1,-0.03748619389831005,Not Persuadable
2034,35,35800.0,4,0.0,307,in_store,31.01,0,0,0,0.0689994052883214,Persuadable
4216,57,88700.0,4,0.176,327,in_store,68.34,15,1,1,0.1408176410113295,Highly Persuadable
1166,30,46600.0,2,0.141,205,in_store,42.05,25,1,1,0.03164836341832471,Persuadable
3501,37,43800.0,3,0.127,1,in_store,42.76,0,1,0,-0.07880572356520649,Not Persuadable
2051,49,59500.0,4,0.154,589,online,43.12,25,0,1,0.14150814003230378,Highly Persuadable
2625,33,28000.0,1,0.0,447,in_store,31.24,25,1,1,0.14832999964078403,Highly Persuadable
4389,20,37200.0,1,0.073,394,in_store,41.33,20,0,1,-0.0615420588478877,Not Persuadable
340,47,67300.0,6,0.274,552,online,51.88,5,0,1,-0.013151988768161323,Not Persuadable
3898,61,79600.0,3,0.042,565,in_store,52.93,10,0,1,-0.02280743207019696,Not Persuadable
3691,49,37500.0,6,0.148,268,online,22.36,20,1,1,0.1104617060907388,Highly Persuadable
2974,33,50400.0,3,0.148,542,online,57.38,0,1,0,0.03673328892530254,Persuadable
266,52,52200.0,4,0.126,232,in_store,51.15,20,1,1,-0.02722381489850444,Not Persuadable
2425,41,49200.0,0,0.185,307,in_store,25.75,0,1,0,0.019971224113780373,Persuadable
1263,50,47600.0,1,0.112,341,online,42.98,10,1,1,0.05520958412239928,Persuadable
1772,41,77200.0,6,0.115,986,online,45.6,10,0,1,0.001264823716373624,Persuadable
3512,23,27900.0,2,0.14,285,online,39.43,20,0,1,-0.05936305148227988,Not Persuadable
272,44,64800.0,4,0.312,1,online,32.5,25,0,1,0.10254214206729392,Highly Persuadable
697,18,33700.0,2,0.155,397,in_store,43.63,20,0,1,-0.03146349644646678,Not Persuadable
748,46,27100.0,1,0.077,86,online,33.7,15,0,1,0.1129709626515486,Highly Persuadable
245,66,79400.0,5,0.011,299,in_store,61.93,20,1,1,0.10669720496473235,Highly Persuadable
318,32,59700.0,1,0.066,726,online,40.48,10,1,1,0.03902495915103571,Persuadable
477,53,41300.0,6,0.138,711,in_store,51.35,0,1,0,0.0136804832598855,Persuadable
2033,48,52200.0,2,0.0,599,online,36.72,20,0,1,-0.015658014304855934,Not Persuadable
958,67,76000.0,7,0.225,677,online,37.54,0,1,0,0.057902037680321775,Persuadable
3835,57,39900.0,1,0.174,661,online,41.68,25,0,1,0.11203096026211753,Highly Persuadable
814,34,54500.0,2,0.2,374,in_store,33.88,10,0,1,-0.004556424181803695,Not Persuadable
4181,54,30200.0,4,0.196,328,online,29.38,0,0,0,0.05304052903475263,Persuadable
1915,54,30800.0,1,0.114,223,in_store,30.44,0,1,0,-0.09296211026345587,Not Persuadable
4613,35,53600.0,3,0.049,801,in_store,45.42,0,1,0,0.00270247777351424,Persuadable
3488,43,42200.0,0,0.096,554,in_store,32.5,20,0,1,-0.10456476379248823,Not Persuadable
1298,32,41500.0,2,0.192,634,in_store,50.1,25,1,1,0.005616106751744709,Persuadable
4049,38,50300.0,2,0.114,221,online,38.82,25,0,1,0.02732705589820229,Persuadable
1805,41,56200.0,2,0.207,783,in_store,47.61,0,1,0,-0.045514922885235586,Not Persuadable
759,48,55800.0,4,0.187,92,online,36.99,0,0,0,0.07942666776310671,Persuadable
251,36,41100.0,2,0.091,627,in_store,23.63,30,1,1,0.12223411367490106,Highly Persuadable
2462,24,31900.0,0,0.094,166,in_store,33.4,25,0,1,-0.04181992741872455,Not Persuadable
546,38,69100.0,4,0.172,48,in_store,41.15,15,1,1,0.07123695306151401,Persuadable
3242,30,23400.0,1,0.001,1,in_store,19.22,0,1,0,0.04716687251504018,Persuadable
739,21,15000.0,1,0.078,23,online,25.33,10,0,1,0.03804276470206823,Persuadable
311,54,40500.0,2,0.084,281,online,33.85,0,0,0,-0.0064455618105616124,Not Persuadable
3886,41,73000.0,1,0.061,431,online,33.0,0,0,0,0.05129907470052042,Persuadable
2942,55,63800.0,2,0.174,408,in_store,28.71,15,1,1,0.022226182953986755,Persuadable
1132,37,45900.0,2,0.074,388,online,36.44,20,1,1,-0.012961391645778666,Not Persuadable
1450,33,62400.0,2,0.239,554,in_store,50.54,0,1,0,-0.0847254200582719,Not Persuadable
4930,53,56400.0,6,0.115,308,in_store,38.3,0,1,0,0.02385913625405048,Persuadable
16,30,32100.0,5,0.118,1,in_store,52.28,20,0,1,-0.15686805866842027,Not Persuadable
3233,27,40000.0,1,0.129,501,online,15.42,20,0,1,0.10187462771410195,Highly Persuadable
2770,49,50800.0,3,0.0,66,online,42.81,15,1,1,0.034032914825573676,Persuadable
3469,57,57500.0,5,0.256,456,in_store,43.5,10,1,1,0.06133997611212853,Persuadable
921,36,39000.0,0,0.0,1,online,24.13,10,0,1,0.05983675178724355,Persuadable
3030,43,49500.0,2,0.311,30,in_store,40.3,0,0,0,0.15657213711860576,Highly Persuadable
1373,45,42100.0,2,0.0,82,in_store,33.4,30,0,1,0.013443071295320371,Persuadable
3588,42,36100.0,1,0.187,327,in_store,38.79,0,0,0,0.011611914574812275,Persuadable
2545,39,23800.0,3,0.262,760,in_store,41.26,0,1,0,0.04025441689080055,Persuadable
3599,19,32900.0,2,0.095,1,in_store,28.49,20,0,1,-0.07965246006848709,Not Persuadable
39,30,15000.0,1,0.144,167,online,23.94,0,0,0,0.14558279766104867,Highly Persuadable
364,27,31400.0,3,0.234,797,in_store,19.14,10,1,1,0.12118304090087152,Highly Persuadable
4111,47,58500.0,4,0.053,185,in_store,35.22,0,0,0,0.09673308164589411,Persuadable
183,35,41000.0,1,0.058,468,online,36.65,15,1,1,0.09000400279351889,Persuadable
3034,44,51300.0,2,0.113,447,online,42.86,15,0,1,-0.025844768598010603,Not Persuadable
2984,43,34700.0,2,0.181,263,in_store,38.2,0,1,0,0.03200387958198384,Persuadable
1195,63,54700.0,6,0.238,502,online,53.97,20,0,1,0.022677610581812988,Persuadable
2853,56,88400.0,2,0.18,1,in_store,49.99,20,1,1,0.10535715231253798,Highly Persuadable
3785,62,55900.0,3,0.104,606,online,31.33,20,1,1,0.02515674582202092,Persuadable
1122,40,60400.0,3,0.2,677,online,57.01,0,0,0,0.17707668766714654,Highly Persuadable
2236,27,53900.0,2,0.184,123,in_store,44.23,0,0,0,0.08922259748600939,Persuadable
2668,37,32900.0,3,0.11,577,online,38.53,20,1,1,-0.04485168894035436,Not Persuadable
3718,45,70200.0,5,0.17,656,in_store,52.12,10,1,1,0.2052335891569481,Highly Persuadable
3224,18,56600.0,3,0.126,624,in_store,51.71,20,1,1,0.05860102587884748,Persuadable
1183,30,15000.0,0,0.0,1,online,9.99,0,0,0,0.12757717465916343,Highly Persuadable
4194,28,37100.0,1,0.035,312,in_store,43.27,5,0,1,-0.03582859182178915,Not Persuadable
4304,33,39500.0,0,0.072,1,in_store,40.45,0,0,0,0.052065268469691034,Persuadable
615,30,50000.0,1,0.064,178,online,39.39,0,1,0,0.03137932506777456,Persuadable
4919,43,39900.0,0,0.086,10,in_store,36.66,0,0,0,0.0036981604202754583,Persuadable
1467,25,45000.0,0,0.068,1,online,41.45,10,0,1,0.02797013522398197,Persuadable
402,42,57800.0,2,0.029,773,in_store,36.66,10,1,1,0.008804891549505844,Persuadable
3043,29,49000.0,2,0.078,240,in_store,35.52,0,1,0,0.057785014885296894,Persuadable
935,44,24400.0,1,0.0,1,in_store,29.64,15,0,1,0.18486811998443206,Highly Persuadable
2420,18,15000.0,1,0.108,201,in_store,22.24,0,0,0,-0.011021204901102494,Not Persuadable
4048,33,92000.0,1,0.062,1,online,48.9,5,0,1,0.057014430124157876,Persuadable
4525,52,50300.0,3,0.22,194,online,30.16,20,1,1,0.16284860808035262,Highly Persuadable
2642,39,57600.0,2,0.076,517,in_store,21.49,0,0,0,0.04470430422357933,Persuadable
4036,42,73300.0,1,0.0,342,online,39.62,10,1,1,0.12832364435175192,Highly Persuadable
727,43,21800.0,1,0.085,331,online,15.89,0,1,0,-0.03336667537696614,Not Persuadable
827,40,59900.0,2,0.144,183,online,51.09,15,0,1,0.10091887392151982,Highly Persuadable
1522,18,41300.0,2,0.154,335,in_store,55.2,0,1,0,-0.022030287336980217,Not Persuadable
4755,61,41700.0,3,0.0,149,in_store,35.7,20,1,1,0.04478021194881437,Persuadable
2931,31,31000.0,1,0.026,280,online,30.38,10,1,1,0.10691849129345792,Highly Persuadable
137,44,54400.0,2,0.098,285,in_store,37.08,5,0,1,-0.00027182728962608796,Not Persuadable
3591,39,33400.0,0,0.066,152,online,26.33,0,1,0,-0.15211473729979536,Not Persuadable
629,28,47100.0,0,0.034,76,in_store,47.36,0,0,0,0.015806929488047627,Persuadable
335,40,61900.0,1,0.003,376,online,55.21,10,0,1,-0.017777215134660747,Not Persuadable
391,18,54100.0,0,0.0,1,in_store,37.97,0,1,0,0.04760979571599598,Persuadable
4398,34,26800.0,1,0.051,91,in_store,49.65,0,1,0,-0.10341369993119111,Not Persuadable
4886,36,19200.0,4,0.143,646,in_store,31.42,0,0,0,0.18546282701309588,Highly Persuadable
4208,51,70300.0,3,0.123,144,online,42.4,20,1,1,-0.04259777929960305,Not Persuadable
1818,51,52300.0,3,0.129,454,online,42.46,0,1,0,-0.017290247405332217,Not Persuadable
401,38,39300.0,1,0.056,348,in_store,38.42,25,1,1,0.06582270339855621,Persuadable
711,40,58400.0,5,0.172,281,in_store,42.64,20,1,1,0.10469122666231598,Highly Persuadable
1040,48,62400.0,1,0.0,180,in_store,34.93,0,1,0,0.07288321521556715,Persuadable
4292,21,35100.0,1,0.234,131,online,26.32,10,1,1,0.16411306604664652,Highly Persuadable
3360,42,48200.0,4,0.138,636,in_store,36.19,0,0,0,0.16829075510801303,Highly Persuadable
47,50,66000.0,5,0.214,417,in_store,47.58,10,0,1,-0.08965979186677503,Not Persuadable
1562,42,20700.0,1,0.13,835,in_store,35.37,0,0,0,0.07659862132903525,Persuadable
4810,39,20000.0,1,0.075,480,in_store,41.23,20,1,1,0.07479898464261552,Persuadable
3643,39,35900.0,2,0.103,252,in_store,48.15,20,0,1,-0.14748290741066467,Not Persuadable
3727,43,67200.0,1,0.146,285,online,58.66,20,1,1,0.12009046457005731,Highly Persuadable
4854,19,39200.0,2,0.19,642,in_store,32.53,10,1,1,0.0832688519117341,Persuadable
1113,26,37800.0,1,0.0,370,in_store,42.72,0,1,0,-0.050693179463626406,Not Persuadable
2514,50,54800.0,3,0.083,129,online,45.67,10,1,1,-0.04710275117149349,Not Persuadable
3609,49,46500.0,2,0.008,199,online,40.04,10,1,1,0.17803429834090456,Highly Persuadable
1224,49,63100.0,2,0.164,1,online,41.17,0,0,0,0.14031058539254834,Highly Persuadable
4079,35,34500.0,2,0.141,1,in_store,27.69,20,1,1,0.07334556093632684,Persuadable
3024,31,31700.0,3,0.213,200,online,37.62,20,1,1,0.17360460490919125,Highly Persuadable
2422,37,41100.0,2,0.146,167,online,53.17,0,0,0,0.02818256476922126,Persuadable
1509,64,52500.0,5,0.122,446,in_store,44.71,20,0,1,-0.06557375855493776,Not Persuadable
1751,31,49500.0,1,0.161,512,online,34.44,0,1,0,0.08774724383275587,Persuadable
4848,48,48200.0,0,0.152,69,online,52.83,0,1,0,-0.06113669677011271,Not Persuadable
4106,49,58000.0,4,0.163,337,online,42.38,10,1,1,0.09525492583453972,Persuadable
1800,35,64700.0,2,0.132,566,online,47.18,20,1,1,0.028437984310652815,Persuadable
339,54,59900.0,2,0.008,384,in_store,32.9,0,0,0,-0.10550120686880003,Not Persuadable
216,52,43100.0,1,0.12,306,in_store,42.14,10,1,1,0.0500559083179426,Persuadable
3664,44,57200.0,3,0.245,217,online,40.81,5,0,1,0.07568471365838739,Persuadable
1342,45,45400.0,1,0.011,1,in_store,41.24,0,0,0,0.12246184834995341,Highly Persuadable
12,49,32600.0,2,0.037,145,online,33.14,0,0,0,0.02307304024521554,Persuadable
1521,25,50900.0,1,0.157,277,in_store,43.57,0,0,0,0.06579845763554916,Persuadable
3641,21,45300.0,1,0.052,519,online,26.0,0,0,0,0.04597511770415596,Persuadable
3956,18,15000.0,0,0.087,1,online,30.8,20,1,1,0.12604545356291671,Highly Persuadable
3794,49,57000.0,7,0.063,487,in_store,30.65,0,0,0,0.04492830076542574,Persuadable
3005,37,46200.0,1,0.1,310,online,31.47,0,1,0,0.013436022287087948,Persuadable
2865,27,17900.0,1,0.104,1,in_store,34.2,0,0,0,0.08039759474427131,Persuadable
3116,49,44700.0,2,0.045,359,online,36.44,15,0,1,0.020968508539281727,Persuadable
4851,36,47800.0,2,0.093,349,online,19.72,20,1,1,0.10106248115219654,Highly Persuadable
2323,54,77200.0,4,0.055,317,in_store,58.76,0,0,0,0.10011641692032415,Highly Persuadable
2572,48,60600.0,4,0.133,543,in_store,42.91,10,1,1,0.10973114999336292,Highly Persuadable
2914,18,15000.0,0,0.084,1,in_store,14.09,0,0,0,0.05139689177378837,Persuadable
102,56,80700.0,5,0.203,413,online,61.01,5,1,1,-0.01306704366943559,Not Persuadable
3550,47,77700.0,5,0.146,633,online,54.61,20,0,1,0.1742501983222163,Highly Persuadable
1459,61,54500.0,2,0.064,439,in_store,34.89,20,0,1,-0.10420058501518116,Not Persuadable
172,45,47500.0,2,0.177,440,in_store,44.93,20,0,1,-0.025685014886192806,Not Persuadable
108,36,36900.0,4,0.063,619,in_store,46.26,20,1,1,0.03856464787296572,Persuadable
4206,37,39000.0,1,0.148,372,in_store,39.74,0,1,0,-0.06714864274271198,Not Persuadable
3570,50,41700.0,1,0.226,1,online,37.69,0,0,0,0.1848594775680316,Highly Persuadable
4306,40,46000.0,3,0.0,261,online,44.14,0,1,0,0.0552600284974241,Persuadable
4082,50,48300.0,2,0.238,466,in_store,47.82,0,0,0,0.0010034174471029904,Persuadable
3880,44,36200.0,3,0.137,784,in_store,36.82,0,1,0,0.05512576559489832,Persuadable
4690,33,58300.0,2,0.041,7,online,31.34,0,0,0,0.08679688091882941,Persuadable
4089,35,16300.0,2,0.234,193,in_store,22.06,25,0,1,0.13540166733715925,Highly Persuadable
61,20,15700.0,1,0.103,37,in_store,31.5,0,1,0,0.07603923192291967,Persuadable
1241,55,72900.0,8,0.222,13,online,47.38,20,1,1,0.06356437907626618,Persuadable
4648,31,53400.0,1,0.171,240,online,55.52,5,1,1,0.13059423403918402,Highly Persuadable
1041,29,69700.0,5,0.098,510,online,32.2,5,1,1,0.08495239031265768,Persuadable
4197,43,26600.0,1,0.076,1,in_store,28.62,20,1,1,0.0633486441626989,Persuadable
2761,32,41800.0,2,0.098,123,online,26.97,0,1,0,-0.04900853504005288,Not Persuadable
2121,47,59400.0,2,0.124,406,online,45.02,0,1,0,-0.14229580722120702,Not Persuadable
1525,35,45000.0,3,0.096,97,online,30.39,20,1,1,0.08301399557779207,Persuadable
3522,40,31600.0,1,0.096,227,online,26.18,30,1,1,0.07776352630393225,Persuadable
154,34,61500.0,2,0.081,16,online,50.21,15,1,1,0.02067754128314745,Persuadable
2249,39,58300.0,2,0.099,313,online,40.04,0,0,0,0.03349571536864378,Persuadable
482,57,49300.0,3,0.0,22,online,38.66,30,1,1,0.025997014913595167,Persuadable
4243,27,15000.0,1,0.115,393,in_store,23.95,0,1,0,-0.020771407899277016,Not Persuadable
4316,39,47500.0,1,0.121,730,in_store,36.6,0,1,0,0.030945625210497787,Persuadable
3579,47,74900.0,2,0.101,1,in_store,64.36,0,1,0,0.1312097489779104,Highly Persuadable
4490,36,25100.0,1,0.113,354,online,25.86,0,1,0,-0.019052736942047847,Not Persuadable
3563,25,28200.0,0,0.0,183,online,29.82,30,1,1,0.13920731988502613,Highly Persuadable
3316,50,59200.0,7,0.127,98,in_store,29.31,20,1,1,0.10424791473444754,Highly Persuadable
1763,32,35300.0,2,0.087,329,in_store,37.91,0,1,0,-0.08024176333491911,Not Persuadable
3539,50,70600.0,3,0.179,299,online,44.83,15,0,1,0.06399891528472652,Persuadable
4814,40,47200.0,2,0.076,157,in_store,32.16,0,1,0,0.00867989811015053,Persuadable
751,40,51200.0,5,0.364,665,online,42.76,15,0,1,0.056863542256915645,Persuadable
3620,37,43600.0,2,0.083,334,in_store,33.99,20,0,1,-0.05830879377273557,Not Persuadable
1786,55,39300.0,5,0.209,651,in_store,29.92,0,1,0,0.07378023486515935,Persuadable
4281,57,38300.0,0,0.147,55,in_store,38.51,15,0,1,-0.015908003913125197,Not Persuadable
3384,32,28000.0,2,0.163,240,in_store,30.48,0,0,0,0.16220324145587026,Highly Persuadable
4148,64,48000.0,0,0.06,116,online,30.2,5,0,1,-0.043726119694451726,Not Persuadable
406,37,60600.0,1,0.144,357,online,51.79,0,0,0,0.10259780585318755,Highly Persuadable
758,50,45400.0,5,0.096,568,in_store,38.23,10,1,1,0.02839118349688831,Persuadable
2712,48,66500.0,1,0.219,151,online,38.83,20,0,1,0.03571884285745935,Persuadable
2671,48,54100.0,1,0.139,1,in_store,36.61,0,0,0,0.16595391895348294,Highly Persuadable
4002,51,36300.0,1,0.0,269,in_store,35.22,0,1,0,0.03179817338178789,Persuadable
98,28,71700.0,5,0.204,453,online,60.69,10,1,1,-0.012562416568104367,Not Persuadable
1334,43,20700.0,4,0.162,408,online,46.23,0,1,0,-0.02411303091044412,Not Persuadable
4462,39,48600.0,2,0.0,391,online,36.78,0,1,0,-0.015022540946781376,Not Persuadable
2792,39,21500.0,1,0.2,1,in_store,27.58,0,1,0,0.07451965453041616,Persuadable
2855,30,45400.0,1,0.091,303,in_store,24.61,0,1,0,0.011604062710798299,Persuadable
187,42,56000.0,2,0.115,438,online,47.87,10,1,1,-0.04497513087786453,Not Persuadable
4404,59,68500.0,1,0.128,103,online,55.49,0,1,0,-0.061494720743851594,Not Persuadable
2724,42,15800.0,2,0.158,332,in_store,32.85,0,0,0,0.13814476796724154,Highly Persuadable
3584,39,26800.0,1,0.0,353,in_store,23.89,5,0,1,0.03626141441866554,Persuadable
2059,33,62900.0,5,0.194,96,online,54.53,25,1,1,0.12661783255869435,Highly Persuadable
1320,54,69900.0,7,0.289,366,online,41.86,15,1,1,0.033953515522511954,Persuadable
149,53,54500.0,2,0.222,217,online,43.77,10,1,1,0.04935169348727949,Persuadable
29,45,61300.0,2,0.159,329,online,52.94,20,1,1,0.110346258202842,Highly Persuadable
4150,19,34400.0,0,0.16,474,online,34.31,0,0,0,-0.05614795648825674,Not Persuadable
4220,35,34300.0,0,0.037,291,online,42.02,0,1,0,0.0548738091315592,Persuadable
3364,29,30000.0,3,0.14,495,online,40.31,10,1,1,-0.0835371916729601,Not Persuadable
693,51,49100.0,2,0.114,371,in_store,38.56,0,0,0,0.0048055609932264745,Persuadable
2867,46,47100.0,6,0.142,358,online,40.74,10,1,1,0.12379263843782568,Highly Persuadable
3777,29,47000.0,1,0.124,522,online,41.15,25,1,1,0.015671674337601783,Persuadable
1387,55,78200.0,1,0.004,184,online,48.8,0,1,0,0.003589446094208703,Persuadable
1846,18,39500.0,4,0.204,492,online,34.99,10,0,1,-0.004088577662915241,Not Persuadable
4741,37,70500.0,4,0.125,1,online,56.56,20,1,1,0.08131102987803174,Persuadable
130,29,38900.0,1,0.079,1,in_store,42.52,0,0,0,-0.08916753865267166,Not Persuadable
1600,27,55300.0,2,0.098,545,online,35.7,25,1,1,0.014287429695695911,Persuadable
3630,48,72000.0,0,0.076,1,in_store,42.51,0,0,0,0.03690698571963775,Persuadable
4514,31,34700.0,3,0.0,855,in_store,36.19,5,1,1,0.0763288023974228,Persuadable
702,37,60500.0,1,0.0,612,in_store,36.89,0,0,0,-0.011855704758321308,Not Persuadable
4418,44,45100.0,2,0.018,396,online,41.5,10,1,1,0.010066110979189167,Persuadable
3029,30,41600.0,3,0.111,194,in_store,36.81,10,0,1,-0.06003939670633839,Not Persuadable
2970,40,69300.0,4,0.162,327,online,52.78,15,0,1,0.19699567230874157,Highly Persuadable
4367,45,60300.0,0,0.039,1,in_store,49.6,20,0,1,-0.0011529794974884996,Not Persuadable
1709,52,65800.0,5,0.117,566,in_store,46.1,0,1,0,-0.0017318684260617422,Not Persuadable
2954,18,34800.0,3,0.158,11,in_store,39.84,0,1,0,-0.046571659547725956,Not Persuadable
455,41,35200.0,2,0.078,890,in_store,37.93,10,0,1,0.07707743607343882,Persuadable
2869,41,59200.0,4,0.0,495,in_store,41.46,0,1,0,-0.00815787050409734,Not Persuadable
2041,51,55000.0,3,0.155,743,in_store,35.19,0,0,0,0.21471624001313694,Highly Persuadable
1773,24,34600.0,2,0.147,257,in_store,43.34,15,0,1,-0.0032024009210027396,Not Persuadable
2316,44,48000.0,2,0.0,227,in_store,29.56,0,0,0,0.09380497502344233,Persuadable
610,46,56600.0,2,0.03,224,in_store,45.48,0,1,0,-0.07018156491790961,Not Persuadable
168,45,32400.0,1,0.086,269,in_store,33.35,10,0,1,-0.03697180143162707,Not Persuadable
731,45,16500.0,4,0.184,315,in_store,37.08,25,1,1,0.08957134387743673,Persuadable
4259,58,33800.0,3,0.0,527,online,34.96,0,0,0,-0.011425726075741143,Not Persuadable
3359,28,68300.0,3,0.087,374,in_store,48.17,0,0,0,-0.018491234488583953,Not Persuadable
2075,41,63800.0,7,0.18,382,in_store,36.89,25,1,1,0.04940532788513347,Persuadable
4700,40,71200.0,1,0.136,376,online,59.82,20,0,1,0.11764211704865896,Highly Persuadable
3701,39,23900.0,1,0.14,1,in_store,24.53,0,1,0,0.11560661380726583,Highly Persuadable
1623,49,73000.0,3,0.118,328,in_store,44.95,5,0,1,0.04461463872916696,Persuadable
588,30,50100.0,1,0.055,281,in_store,45.74,0,1,0,0.013950846637338988,Persuadable
1402,36,28200.0,2,0.092,430,in_store,44.08,0,1,0,-0.0753042811139965,Not Persuadable
3046,36,48100.0,1,0.049,65,online,41.11,0,0,0,0.09108352373206528,Persuadable
3225,43,61100.0,2,0.037,348,online,56.84,25,0,1,0.07560761316598086,Persuadable
1701,26,23800.0,1,0.102,794,in_store,33.9,10,0,1,-0.02016317771188988,Not Persuadable
3089,42,53700.0,0,0.136,304,online,32.92,10,1,1,0.09348781786275195,Persuadable
4401,39,32000.0,2,0.103,488,online,32.59,0,0,0,-0.0031491432794868613,Not Persuadable
2982,59,61900.0,5,0.095,623,in_store,45.72,25,1,1,0.08789414136549435,Persuadable
41,49,51800.0,3,0.0,628,in_store,27.35,0,1,0,0.08348287078832103,Persuadable
1380,58,57100.0,3,0.1,72,in_store,47.15,10,1,1,0.00383509721167337,Persuadable
2090,46,49000.0,2,0.024,679,in_store,42.89,5,1,1,0.0057739788501483015,Persuadable
2176,41,66900.0,4,0.093,596,online,59.67,20,1,1,0.0669117831862433,Persuadable
3218,54,38700.0,1,0.013,412,online,21.59,0,1,0,-0.04540169145919967,Not Persuadable
2886,44,26100.0,5,0.16,623,in_store,24.66,0,1,0,0.14187811236942713,Highly Persuadable
75,42,65400.0,2,0.016,317,online,43.77,0,0,0,0.038818868571228425,Persuadable
3928,23,26300.0,0,0.007,22,in_store,24.7,25,1,1,0.14135828707516473,Highly Persuadable
3909,28,29500.0,1,0.165,613,online,34.97,0,0,0,0.09658441938317576,Persuadable
2658,29,31500.0,2,0.019,144,in_store,27.91,0,1,0,-0.0031069951917290736,Not Persuadable
3181,28,40500.0,2,0.0,254,in_store,24.37,5,0,1,-0.008688795038844456,Not Persuadable
2077,40,54200.0,6,0.158,411,online,37.07,15,1,1,0.10036968085068794,Highly Persuadable
442,44,28300.0,2,0.226,282,in_store,38.7,0,0,0,0.21660378214573678,Highly Persuadable
4070,18,16400.0,1,0.16,229,online,31.04,0,0,0,0.07149115443191639,Persuadable
2052,25,61300.0,1,0.105,285,online,51.79,5,1,1,0.04840360019306363,Persuadable
2542,45,43000.0,0,0.0,316,online,33.68,0,1,0,-0.06259818327138515,Not Persuadable
3307,46,28400.0,2,0.038,522,online,27.88,0,0,0,0.0829729202321429,Persuadable
1302,18,19200.0,1,0.007,348,online,25.91,0,0,0,-0.0670189425184249,Not Persuadable
1782,41,45600.0,2,0.177,1,in_store,42.93,20,1,1,0.040648332136676124,Persuadable
4825,49,49900.0,2,0.144,121,online,33.22,5,1,1,0.17865565136479244,Highly Persuadable
3431,21,33300.0,1,0.034,1,online,40.17,15,1,1,-0.026019574895958176,Not Persuadable
1305,37,58200.0,1,0.039,62,in_store,61.34,0,0,0,0.07544886225708382,Persuadable
237,18,16800.0,0,0.106,264,in_store,26.32,0,0,0,0.013610132670225369,Persuadable
2600,52,45400.0,2,0.0,4,in_store,50.09,15,0,1,-0.04389058161151152,Not Persuadable
521,28,47200.0,2,0.093,174,online,44.89,0,1,0,-0.012279154812616166,Not Persuadable
2574,42,53600.0,2,0.218,750,online,53.8,15,1,1,0.037504874377687195,Persuadable
3281,61,66100.0,7,0.19,242,in_store,38.73,25,1,1,0.04419111822495926,Persuadable
3187,28,63400.0,2,0.005,370,online,38.41,0,1,0,0.014549600934051932,Persuadable
2769,50,56100.0,3,0.074,108,in_store,42.74,5,0,1,0.021714833545007632,Persuadable
736,42,18900.0,2,0.125,418,online,25.54,0,0,0,0.055056826342480505,Persuadable
4714,29,34400.0,0,0.085,180,in_store,44.64,20,0,1,-0.07193904093862886,Not Persuadable
4940,29,15900.0,2,0.067,1,online,36.0,0,0,0,0.0014311714125988615,Persuadable
2107,57,63600.0,5,0.154,479,in_store,46.82,15,1,1,0.09093392866650954,Persuadable
2680,45,37700.0,3,0.019,615,online,40.01,20,0,1,0.05655316062381331,Persuadable
3230,23,35100.0,0,0.166,1,online,35.47,20,0,1,-0.05067018207084045,Not Persuadable
2762,21,17800.0,1,0.144,221,online,40.22,25,0,1,-0.049255619363677304,Not Persuadable
593,62,74800.0,3,0.0,345,in_store,49.3,20,0,1,0.057977328440043274,Persuadable
1304,49,35500.0,2,0.241,497,online,33.02,0,1,0,0.10339075789835168,Highly Persuadable
1388,27,15000.0,2,0.171,234,in_store,18.15,0,0,0,0.0612785370284011,Persuadable
4706,47,54200.0,3,0.014,755,online,49.85,15,1,1,0.047081114566584856,Persuadable
4537,29,35900.0,2,0.125,1,online,37.91,0,0,0,-0.003888928546514631,Not Persuadable
3966,30,53500.0,2,0.11,1,online,31.2,0,1,0,-0.01317180476428978,Not Persuadable
1891,52,38000.0,3,0.114,534,in_store,20.9,0,1,0,0.00600692338380413,Persuadable
2988,59,57700.0,3,0.191,375,in_store,33.12,20,1,1,0.01851378940580539,Persuadable
4935,35,45400.0,4,0.203,399,online,38.95,10,1,1,0.018276982217173995,Persuadable
3298,39,40700.0,3,0.107,120,online,36.15,25,1,1,0.03443166323552702,Persuadable
905,33,45400.0,4,0.0,206,online,35.74,0,1,0,0.012198846112600931,Persuadable
4620,47,54900.0,1,0.0,65,in_store,27.36,25,1,1,0.12237900713070986,Highly Persuadable
1280,37,15000.0,1,0.128,180,in_store,28.76,25,1,1,0.03656495592535638,Persuadable
934,60,59100.0,7,0.205,381,in_store,37.8,20,1,1,-0.0183967972573734,Not Persuadable
4910,39,41000.0,1,0.013,1,in_store,33.14,30,1,1,0.10746297534952075,Highly Persuadable
2309,55,44900.0,0,0.264,585,online,35.07,0,1,0,0.012764893102649473,Persuadable
1556,32,40800.0,4,0.137,638,online,39.72,0,1,0,0.058617521670926015,Persuadable
4544,28,27500.0,0,0.241,74,online,24.69,10,1,1,0.22724325491426195,Highly Persuadable
3191,23,42500.0,0,0.151,260,in_store,31.36,0,1,0,0.02189233860375346,Persuadable
4452,37,39000.0,2,0.169,13,online,47.33,20,0,1,-0.0135094025247963,Not Persuadable
707,29,52900.0,3,0.027,522,online,43.06,20,0,1,0.04477458734905279,Persuadable
4701,50,44400.0,4,0.269,367,in_store,38.17,25,0,1,0.026041998778171857,Persuadable
3071,50,76900.0,4,0.261,43,in_store,32.98,20,1,1,0.12279191427695522,Highly Persuadable
746,51,66100.0,4,0.208,1,in_store,51.86,30,0,1,0.018535381739994035,Persuadable
3595,35,39800.0,2,0.048,574,in_store,49.34,15,0,1,-0.1293091180633251,Not Persuadable
1940,30,37000.0,2,0.174,203,in_store,30.13,10,0,1,0.08877772489920899,Persuadable
4411,57,41700.0,5,0.36,358,online,35.15,0,1,0,0.0005758398258871884,Persuadable
2863,31,23700.0,1,0.095,510,online,23.36,0,1,0,0.05353155465891842,Persuadable
4707,45,45400.0,1,0.084,278,online,23.37,20,1,1,0.04777053616357231,Persuadable
514,39,35400.0,1,0.073,241,in_store,25.18,15,0,1,0.0844814112368234,Persuadable
82,32,30200.0,0,0.083,65,in_store,38.32,0,0,0,-0.01229866514522176,Not Persuadable
4987,45,60800.0,1,0.104,844,online,45.9,0,1,0,-0.027209839214001864,Not Persuadable
1309,18,49000.0,2,0.092,60,online,38.53,0,0,0,0.0379776994667513,Persuadable
4559,49,45500.0,3,0.029,176,online,41.1,0,1,0,0.1595514764567016,Highly Persuadable
915,52,61700.0,2,0.079,1,in_store,41.3,30,1,1,0.09437856525618701,Persuadable
3453,63,46100.0,3,0.126,173,in_store,18.47,15,0,1,0.011600451853633618,Persuadable
3696,31,48700.0,0,0.115,516,in_store,49.66,0,1,0,-0.08359738486968779,Not Persuadable
4815,42,55200.0,4,0.148,178,in_store,43.87,20,1,1,0.03697723335903825,Persuadable
3157,72,64900.0,3,0.0,525,in_store,39.27,0,0,0,-0.061722464289799495,Not Persuadable
2199,37,28100.0,4,0.237,19,in_store,39.41,0,1,0,0.11721585188775462,Highly Persuadable
4242,30,47600.0,4,0.28,415,online,38.03,20,1,1,0.005963536103402647,Persuadable
775,40,83500.0,5,0.052,783,in_store,57.03,10,0,1,-0.014084436657116303,Not Persuadable
330,34,49600.0,3,0.119,510,in_store,38.16,25,0,1,-0.03566328397275082,Not Persuadable
2055,44,61700.0,2,0.0,360,in_store,43.43,30,1,1,0.04433481082857214,Persuadable
2002,32,26400.0,3,0.157,1,online,20.29,20,0,1,0.15834662147179396,Highly Persuadable
944,54,15000.0,1,0.061,189,in_store,13.76,0,0,0,-0.12806684009080552,Not Persuadable
823,26,37800.0,2,0.159,721,in_store,44.46,0,0,0,0.03359203754135854,Persuadable
4538,44,57900.0,4,0.275,666,online,42.06,0,0,0,0.14398326074344547,Highly Persuadable
910,27,56800.0,5,0.212,459,online,35.88,0,1,0,0.029512874057308087,Persuadable
2517,40,57300.0,5,0.169,528,online,53.81,0,0,0,0.15155427964980125,Highly Persuadable
182,43,46300.0,1,0.111,266,in_store,42.42,10,1,1,0.001460686596223011,Persuadable
165,50,38800.0,1,0.086,214,in_store,28.07,25,1,1,0.06199963046813578,Persuadable
1524,38,53100.0,2,0.036,1,in_store,42.45,5,1,1,0.039520006959541804,Persuadable
452,44,35100.0,2,0.182,88,in_store,23.75,0,1,0,0.06498044071778063,Persuadable
2539,47,30800.0,1,0.0,552,in_store,43.82,10,0,1,-0.06717155195086591,Not Persuadable
4689,38,39500.0,3,0.086,645,in_store,27.77,0,0,0,0.12448185396849076,Highly Persuadable
4786,21,34500.0,0,0.206,371,online,40.82,20,1,1,-0.0372456700872633,Not Persuadable
1312,50,70700.0,6,0.052,328,in_store,52.22,20,1,1,0.14689958808800663,Highly Persuadable
3150,43,57000.0,4,0.172,522,online,43.37,25,1,1,0.11674163782171082,Highly Persuadable
1112,37,40100.0,1,0.152,445,in_store,43.9,0,0,0,0.03537359018440157,Persuadable
4558,46,47500.0,3,0.048,1,in_store,30.81,0,1,0,0.0025248388596631017,Persuadable
3875,25,33100.0,0,0.0,166,in_store,26.45,0,0,0,-0.007500384126162326,Not Persuadable
3490,37,16000.0,3,0.111,317,in_store,42.4,0,0,0,-0.02414970666612598,Not Persuadable
1288,40,31100.0,3,0.01,276,in_store,33.48,20,0,1,0.13496503342001043,Highly Persuadable
4546,40,60200.0,2,0.122,1,in_store,38.2,0,0,0,0.12265465296982124,Highly Persuadable
4656,39,15000.0,0,0.09,269,in_store,22.95,25,0,1,0.04635104763886358,Persuadable
3681,32,42100.0,0,0.014,69,online,32.49,30,1,1,0.11179545276541414,Highly Persuadable
4341,18,15000.0,1,0.058,420,online,32.68,20,0,1,-0.011843327613699025,Not Persuadable
4178,44,66100.0,0,0.066,186,online,23.14,10,1,1,0.019000588864166678,Persuadable
3301,47,67000.0,1,0.192,268,in_store,40.23,0,1,0,0.04398517823667487,Persuadable
3311,34,21800.0,4,0.169,411,in_store,38.96,0,0,0,0.04079703285642918,Persuadable
4567,18,15000.0,3,0.0,409,online,25.57,0,0,0,-0.02531884981413844,Not Persuadable
3126,47,27500.0,4,0.13,218,in_store,26.73,20,1,1,0.1145384532627427,Highly Persuadable
328,39,32500.0,3,0.0,646,online,43.19,0,0,0,0.08032888392047413,Persuadable
1791,20,42600.0,3,0.076,279,in_store,18.3,0,1,0,-0.031485866016994386,Not Persuadable
2491,50,32400.0,2,0.223,26,in_store,29.12,10,1,1,0.15828714574489816,Highly Persuadable
2007,39,20600.0,2,0.094,625,in_store,19.91,0,1,0,0.18304459383024627,Highly Persuadable
2008,27,15000.0,3,0.026,561,in_store,38.19,30,1,1,0.04759814636714922,Persuadable
1859,45,82500.0,2,0.0,626,in_store,67.37,0,0,0,0.11368892670131064,Highly Persuadable
4696,44,54200.0,2,0.055,46,in_store,51.05,0,1,0,-0.003978372720433882,Not Persuadable
313,61,67500.0,1,0.099,357,online,52.84,0,1,0,-0.07049389740076581,Not Persuadable
833,26,38600.0,2,0.0,479,online,24.84,15,1,1,0.012786986609343614,Persuadable
3080,53,91700.0,2,0.018,529,in_store,47.53,15,0,1,-0.02153644041885302,Not Persuadable
4728,27,54800.0,1,0.189,1,online,32.46,10,1,1,0.17057882632786317,Highly Persuadable
3463,24,15000.0,1,0.237,1,in_store,22.67,30,0,1,0.12036499302693587,Highly Persuadable
1202,34,28700.0,3,0.215,634,in_store,31.5,30,1,1,0.19137915306722536,Highly Persuadable
4402,34,54500.0,2,0.003,261,in_store,41.02,0,0,0,0.1140586258108525,Highly Persuadable
3548,53,87200.0,3,0.114,189,in_store,57.08,25,1,1,0.03390007149157901,Persuadable
4012,43,32100.0,1,0.114,237,online,30.09,0,1,0,-0.09363771119299244,Not Persuadable
2135,30,33100.0,1,0.0,1,online,19.48,10,0,1,0.00533537771222308,Persuadable
3452,48,43400.0,3,0.016,417,in_store,47.82,0,0,0,-0.0732123966440285,Not Persuadable
2210,35,42500.0,0,0.0,68,online,39.35,0,1,0,0.07539244031526117,Persuadable
1902,53,74900.0,2,0.0,98,in_store,61.35,0,1,0,-0.020678601331332015,Not Persuadable
1482,47,40400.0,1,0.084,707,in_store,31.62,0,1,0,0.08510111856211923,Persuadable
778,45,51500.0,3,0.152,33,in_store,38.95,0,0,0,0.11527171405283711,Highly Persuadable
800,40,51600.0,2,0.123,1,in_store,35.74,20,1,1,0.14487875460671518,Highly Persuadable
3715,31,28000.0,3,0.128,1,online,36.55,0,0,0,0.09623137818548355,Persuadable
3943,30,55200.0,4,0.0,82,online,49.43,0,1,0,-0.11698679924461543,Not Persuadable
55,34,41700.0,0,0.0,379,online,30.25,0,0,0,0.06717521946390582,Persuadable
2973,40,41400.0,3,0.141,1,online,31.99,20,1,1,0.18365461131361116,Highly Persuadable
3336,37,42000.0,0,0.0,313,in_store,31.95,0,1,0,-0.02474888999882843,Not Persuadable
1921,27,57400.0,2,0.164,1,in_store,47.82,0,0,0,0.017978940512429646,Persuadable
3716,30,56900.0,2,0.13,322,online,65.17,15,1,1,0.14719776225905146,Highly Persuadable
4657,30,31400.0,2,0.042,371,in_store,40.78,0,1,0,-0.060764450340329415,Not Persuadable
947,44,60900.0,1,0.059,299,in_store,45.1,20,0,1,-0.052937391072186576,Not Persuadable
1702,34,67200.0,2,0.206,155,in_store,39.74,0,1,0,0.07296717193885809,Persuadable
3294,47,53000.0,2,0.0,358,in_store,40.89,0,0,0,0.10172874196207853,Highly Persuadable
2162,29,41000.0,2,0.05,1,in_store,22.79,0,1,0,0.011171567406180498,Persuadable
1137,41,45400.0,2,0.055,832,in_store,29.76,25,1,1,0.09260540103969431,Persuadable
988,44,41000.0,1,0.036,534,in_store,29.05,20,1,1,0.07074910403445024,Persuadable
2550,46,56700.0,4,0.085,834,online,32.47,0,1,0,0.11380528400965537,Highly Persuadable
194,58,66600.0,3,0.051,1,in_store,52.44,15,0,1,0.03271081304710426,Persuadable
3058,34,60200.0,4,0.206,868,in_store,60.12,20,1,1,0.11841290506028909,Highly Persuadable
3247,30,41800.0,3,0.21,89,online,28.76,25,1,1,0.14065737888954935,Highly Persuadable
1395,18,58700.0,1,0.267,541,in_store,52.24,15,0,1,-0.07958772407148758,Not Persuadable
2638,37,53200.0,1,0.031,1,online,41.09,0,1,0,0.05511874682793215,Persuadable
769,25,33300.0,2,0.088,7,online,29.11,15,0,1,-0.06385779640735482,Not Persuadable
4713,53,36000.0,4,0.097,474,in_store,43.8,15,0,1,-0.045850337940197584,Not Persuadable
3091,55,74100.0,5,0.136,502,in_store,44.89,20,1,1,0.07340113134631572,Persuadable
3496,39,41000.0,3,0.124,210,online,27.92,25,1,1,0.08399094649536337,Persuadable
3216,46,55700.0,1,0.065,247,online,32.05,0,1,0,0.029627114008068535,Persuadable
286,34,46900.0,5,0.067,687,in_store,35.0,0,1,0,0.03649418102988322,Persuadable
4949,40,62900.0,3,0.181,263,in_store,58.5,10,1,1,0.1626594303930079,Highly Persuadable
429,23,48600.0,1,0.125,174,online,45.32,15,1,1,0.007669269439082257,Persuadable
4459,33,35300.0,2,0.071,243,online,40.98,0,1,0,0.09860892961752647,Persuadable
2333,43,42000.0,2,0.023,291,in_store,44.48,30,0,1,0.04268648146059667,Persuadable
2718,42,63600.0,4,0.128,465,online,42.98,15,0,1,-0.07457751375895487,Not Persuadable
2080,29,42700.0,2,0.149,1,online,15.1,0,0,0,0.14134001382899608,Highly Persuadable
3390,34,61100.0,4,0.166,251,in_store,42.67,25,1,1,0.09209282658888432,Persuadable
723,18,30300.0,1,0.166,237,in_store,32.58,0,0,0,-0.026273464004095748,Not Persuadable
952,45,59300.0,1,0.052,235,online,46.39,15,0,1,-0.03041705831099019,Not Persuadable
4394,29,52100.0,2,0.037,550,online,34.13,0,1,0,-0.046839130683348315,Not Persuadable
4377,22,22600.0,0,0.179,81,online,24.22,0,0,0,0.11226588153447886,Highly Persuadable
2263,42,63800.0,2,0.112,416,online,40.56,0,1,0,0.009129406457375222,Persuadable
990,34,33800.0,1,0.161,180,in_store,39.96,20,0,1,0.023463535087604695,Persuadable
3213,48,59900.0,2,0.065,510,in_store,38.98,0,0,0,-0.038076522717635924,Not Persuadable
1760,41,69300.0,8,0.17,380,online,43.81,10,1,1,0.015669274009696015,Persuadable
4117,54,35400.0,3,0.085,239,in_store,36.41,20,0,1,-0.013123911788661732,Not Persuadable
327,21,62400.0,2,0.0,484,online,44.69,0,0,0,-0.003586119727798304,Not Persuadable
2609,50,80100.0,2,0.068,1,online,53.54,25,1,1,0.14157547353773917,Highly Persuadable
1384,38,26400.0,0,0.0,1,in_store,24.31,0,1,0,0.0775784118164919,Persuadable
1725,54,62100.0,2,0.228,121,online,52.59,20,1,1,0.1419122452624054,Highly Persuadable
1087,23,45200.0,0,0.057,344,in_store,33.66,0,0,0,0.08626174410413866,Persuadable
2524,18,37100.0,0,0.013,56,in_store,28.63,0,1,0,0.10345976015375596,Highly Persuadable
342,44,51200.0,2,0.121,733,in_store,54.73,0,0,0,0.035718802835442195,Persuadable
3702,29,19500.0,2,0.0,279,in_store,28.73,15,0,1,0.06077018779127075,Persuadable
148,38,32600.0,2,0.164,521,in_store,26.82,0,1,0,0.04622868292368326,Persuadable
689,34,50200.0,2,0.059,156,in_store,37.71,0,0,0,0.04356358415952171,Persuadable
3433,36,32100.0,2,0.0,645,in_store,29.49,0,0,0,0.17775675915222547,Highly Persuadable
1108,30,75100.0,2,0.034,486,in_store,44.4,10,1,1,0.036948283704556065,Persuadable
849,32,48300.0,2,0.09,450,in_store,54.14,30,0,1,-0.1228677056448936,Not Persuadable
967,37,31300.0,1,0.001,1,in_store,30.74,0,0,0,0.14535103156211032,Highly Persuadable
4993,33,32600.0,1,0.0,59,in_store,30.42,0,0,0,0.14034590672471445,Highly Persuadable
1493,33,24100.0,4,0.172,423,online,17.38,0,1,0,0.14081329230256714,Highly Persuadable
3954,35,54800.0,2,0.059,30,online,46.82,15,1,1,-0.03398502231029379,Not Persuadable
2204,47,51400.0,4,0.163,1,in_store,41.04,0,0,0,0.11298039066715791,Highly Persuadable
2714,26,25100.0,0,0.0,543,online,51.8,10,0,1,-0.18097415861024022,Not Persuadable
662,40,49100.0,1,0.252,1,in_store,50.82,15,1,1,0.12980766058248044,Highly Persuadable
1003,35,54900.0,1,0.021,194,in_store,36.26,30,1,1,-0.02601209828852456,Not Persuadable
63,42,32200.0,2,0.193,391,in_store,50.46,15,0,1,-0.03131375892184561,Not Persuadable
285,27,40800.0,3,0.196,341,online,35.46,30,0,1,0.021692968777917647,Persuadable
2225,27,24500.0,2,0.002,570,in_store,24.0,0,0,0,0.0009043912287364897,Persuadable
4717,50,25800.0,5,0.221,224,online,32.99,0,0,0,0.07523043075201362,Persuadable
1880,20,33200.0,0,0.169,149,online,21.52,30,0,1,-0.009406043366612889,Not Persuadable
3573,44,18700.0,0,0.201,167,in_store,28.78,0,0,0,0.08735254630711507,Persuadable
4868,36,61800.0,2,0.0,389,in_store,37.86,30,0,1,-0.03312601547994907,Not Persuadable
1204,39,41800.0,8,0.242,1061,online,35.69,10,1,1,0.10372666253005684,Highly Persuadable
1991,45,41000.0,3,0.159,1,in_store,38.15,20,1,1,0.16018868893927196,Highly Persuadable
25,35,35500.0,0,0.201,226,in_store,35.0,0,1,0,0.11777623219355776,Highly Persuadable
4863,48,52200.0,2,0.179,175,in_store,41.7,25,0,1,-0.014958581439975175,Not Persuadable
4112,47,62800.0,2,0.025,324,in_store,41.19,0,0,0,0.10037214439909112,Highly Persuadable
4177,45,48000.0,3,0.156,168,in_store,46.72,15,1,1,0.005147361825413249,Persuadable
763,49,42800.0,7,0.274,342,online,47.64,10,1,1,0.10817729017338078,Highly Persuadable
876,18,46700.0,0,0.118,555,online,36.24,30,0,1,-0.09803709438342627,Not Persuadable
4753,46,60400.0,4,0.141,612,in_store,37.71,0,1,0,0.16645212048883612,Highly Persuadable
939,51,56800.0,2,0.182,216,in_store,36.85,25,1,1,0.0650898999617174,Persuadable
2688,37,50800.0,4,0.068,311,online,33.65,0,0,0,0.02930834468885745,Persuadable
3601,52,59800.0,7,0.162,633,online,38.84,25,1,1,0.14572832349309708,Highly Persuadable
2395,29,17600.0,1,0.0,1,in_store,16.85,20,0,1,0.029648188953503934,Persuadable
4578,18,53100.0,1,0.152,635,in_store,39.86,0,0,0,0.10868115022877656,Highly Persuadable
4991,21,38500.0,2,0.169,203,online,32.15,0,0,0,0.05969274712516057,Persuadable
4134,39,54300.0,0,0.072,1,in_store,44.85,20,0,1,-0.011776985871195533,Not Persuadable
4575,53,68800.0,4,0.149,250,online,45.18,5,1,1,0.08955123661076386,Persuadable
386,30,55600.0,3,0.19,66,online,46.68,0,0,0,0.15823946214879392,Highly Persuadable
4592,59,48100.0,1,0.227,427,in_store,37.07,20,1,1,0.15090662887505332,Highly Persuadable
4580,49,71700.0,7,0.032,491,in_store,44.37,0,0,0,0.04588217293934716,Persuadable
537,34,27800.0,1,0.207,123,in_store,26.69,0,0,0,0.2294553141171826,Highly Persuadable
4676,56,48300.0,2,0.151,171,in_store,40.22,0,0,0,0.1341767026944418,Highly Persuadable
3508,45,26900.0,0,0.021,1,online,44.98,0,1,0,0.015668216186113755,Persuadable
202,57,50100.0,5,0.193,554,in_store,39.3,0,1,0,0.0494571920807766,Persuadable
1333,51,49400.0,2,0.282,587,online,31.6,25,1,1,0.044463960985786005,Persuadable
3503,48,39700.0,0,0.126,1,online,27.95,0,0,0,0.08380727742880113,Persuadable
2709,44,39700.0,5,0.158,638,in_store,42.82,0,1,0,-0.004122325032371567,Not Persuadable
4022,44,51000.0,2,0.0,539,online,38.29,0,1,0,-0.043348977635146564,Not Persuadable
1855,46,43300.0,6,0.177,592,online,41.35,10,1,1,0.16196819278501118,Highly Persuadable
4480,45,60600.0,3,0.094,135,in_store,33.61,20,1,1,0.10815765247029217,Highly Persuadable
2873,27,35900.0,0,0.137,49,online,34.16,0,1,0,0.026415789025650657,Persuadable
3031,39,45400.0,3,0.204,478,in_store,39.64,10,1,1,0.11299388109063674,Highly Persuadable
1206,32,15300.0,0,0.07,1,online,21.06,0,0,0,0.05994438573786059,Persuadable
1646,41,46400.0,3,0.005,327,in_store,31.38,15,0,1,0.002012607710501569,Persuadable
3418,51,50400.0,3,0.169,200,online,46.5,0,1,0,-0.013570838519839803,Not Persuadable
3477,18,33000.0,3,0.187,317,online,23.59,20,1,1,0.03538408879194553,Persuadable
2862,48,35400.0,1,0.014,294,online,42.13,0,1,0,0.026787707312159303,Persuadable
1793,43,52800.0,2,0.064,156,online,54.03,0,1,0,-0.017326241513604426,Not Persuadable
3798,27,53700.0,0,0.029,346,in_store,41.74,20,1,1,0.06516445143298355,Persuadable
3369,44,52600.0,4,0.183,499,online,43.34,10,1,1,0.10280431271953101,Highly Persuadable
3368,37,35400.0,1,0.0,366,online,39.51,0,0,0,0.02337806726839906,Persuadable
3534,44,51100.0,5,0.07,420,in_store,36.72,15,0,1,0.007697890174291289,Persuadable
3450,40,75500.0,1,0.1,291,online,53.31,30,0,1,0.022267759430513612,Persuadable
604,32,45500.0,0,0.0,1,in_store,31.44,10,0,1,0.02773400635185523,Persuadable
3057,35,32400.0,0,0.0,318,online,36.32,0,1,0,-0.04823245598353177,Not Persuadable
4371,21,43200.0,3,0.068,124,online,37.99,0,0,0,0.09212968036322333,Persuadable
127,58,65200.0,3,0.084,371,online,38.52,25,0,1,-0.1758734561465557,Not Persuadable
3877,27,40200.0,2,0.081,346,in_store,40.55,0,0,0,0.05655847426565451,Persuadable
2936,18,19000.0,0,0.035,192,in_store,10.66,5,0,1,-0.06285535150479422,Not Persuadable
3532,38,55000.0,2,0.105,1,online,48.41,0,1,0,-0.06132716879817719,Not Persuadable
2731,26,31200.0,3,0.23,84,in_store,42.79,0,1,0,0.0632716287362204,Persuadable
828,39,82600.0,1,0.175,1,online,51.51,25,1,1,0.10498599985606948,Highly Persuadable
1640,38,54500.0,2,0.101,1,in_store,32.16,10,1,1,0.07569882763284583,Persuadable
985,44,15000.0,0,0.07,172,in_store,32.23,0,1,0,0.02901809248571609,Persuadable
3282,49,48500.0,1,0.118,1,in_store,27.92,0,0,0,0.08675448263210929,Persuadable
4982,42,65100.0,0,0.074,1,online,50.16,0,1,0,-0.013179709092587692,Not Persuadable
2189,64,48600.0,2,0.017,54,in_store,33.26,30,1,1,0.015481311354950048,Persuadable
4623,41,46900.0,4,0.165,342,in_store,17.66,20,1,1,0.12099204759440277,Highly Persuadable
2444,49,35000.0,1,0.183,113,in_store,23.39,5,0,1,-0.020600380325426836,Not Persuadable
363,52,82700.0,6,0.16,429,in_store,49.13,0,1,0,0.020387526416814857,Persuadable
2350,49,61000.0,0,0.072,215,in_store,36.6,0,1,0,-0.020099011323740697,Not Persuadable
346,18,20000.0,0,0.0,367,online,44.66,20,1,1,-0.09018467558888255,Not Persuadable
815,32,51400.0,3,0.084,172,online,43.98,0,1,0,-0.02151064719895438,Not Persuadable
3206,36,37300.0,4,0.245,559,in_store,29.7,0,0,0,0.11508543327336747,Highly Persuadable
4170,46,63400.0,2,0.116,365,in_store,54.99,20,1,1,0.06700822413224959,Persuadable
4806,24,15000.0,0,0.224,294,online,29.96,0,1,0,0.049775934084710226,Persuadable
3326,43,55700.0,2,0.009,411,in_store,42.76,20,1,1,0.017763537823720907,Persuadable
4107,18,37700.0,0,0.0,524,in_store,29.65,20,1,1,0.04287888383413233,Persuadable
2117,41,49000.0,4,0.166,110,in_store,40.42,20,1,1,0.13289443018364352,Highly Persuadable
1835,47,56300.0,5,0.155,553,in_store,49.41,20,1,1,0.10095208081935755,Highly Persuadable
794,45,65800.0,0,0.016,143,in_store,38.68,5,0,1,0.003693409255474371,Persuadable
4957,41,55600.0,3,0.015,452,online,43.44,30,1,1,-0.005228917443482102,Not Persuadable
2675,37,43700.0,3,0.301,700,online,32.29,0,1,0,0.03734380914836666,Persuadable
95,20,39000.0,2,0.102,344,online,45.19,30,0,1,-0.016723645778918782,Not Persuadable
3757,38,44800.0,3,0.0,213,online,41.77,10,1,1,0.08283556314313541,Persuadable
2892,45,41700.0,6,0.145,391,online,47.41,15,1,1,0.07181900653144735,Persuadable
2372,37,52400.0,3,0.248,308,in_store,46.38,0,1,0,0.055329799873266576,Persuadable
4420,56,63500.0,1,0.147,1,in_store,36.0,0,1,0,0.11740790677969695,Highly Persuadable
4443,40,28300.0,1,0.134,160,online,44.74,0,0,0,0.023282854524244084,Persuadable
3229,47,40200.0,3,0.152,112,online,35.08,0,1,0,0.09053869765984561,Persuadable
2854,43,22100.0,0,0.1,607,in_store,19.57,0,0,0,0.13196020524003013,Highly Persuadable
2913,40,43000.0,3,0.282,1,online,38.32,20,0,1,0.037319561992463376,Persuadable
1866,42,54000.0,1,0.142,314,in_store,41.7,20,0,1,0.06599824467601455,Persuadable
1858,53,79200.0,4,0.089,735,in_store,37.84,0,1,0,-0.04198066169081287,Not Persuadable
2646,38,62400.0,3,0.15,106,in_store,44.02,20,1,1,-0.01239694081393,Not Persuadable
2244,51,18000.0,2,0.085,180,in_store,16.21,0,1,0,-0.0809229270816944,Not Persuadable
2337,73,94000.0,4,0.142,594,in_store,69.04,15,1,1,0.0629742591630304,Persuadable
951,19,15000.0,0,0.138,812,in_store,25.78,0,0,0,0.11904874206628907,Highly Persuadable
3069,65,72400.0,4,0.026,245,in_store,53.64,30,0,1,0.17128599524951652,Highly Persuadable
1121,45,78900.0,3,0.099,723,in_store,49.39,20,0,1,0.01549375551682639,Persuadable
2598,43,31300.0,1,0.0,723,online,33.31,15,1,1,0.1390414997296004,Highly Persuadable
2205,53,46600.0,4,0.242,216,in_store,52.34,0,0,0,0.13827555557415425,Highly Persuadable
420,56,38400.0,3,0.008,589,in_store,16.7,0,0,0,-0.0014211595363769012,Not Persuadable
923,41,86800.0,4,0.229,503,in_store,55.8,0,1,0,0.1159240322647432,Highly Persuadable
1255,31,42400.0,5,0.103,355,in_store,32.46,0,1,0,-0.03954854090539514,Not Persuadable
478,26,45100.0,2,0.0,326,online,41.71,0,0,0,0.06876879783606112,Persuadable
2036,49,33500.0,2,0.157,12,in_store,30.86,0,0,0,0.04784739272638891,Persuadable
1203,45,51100.0,0,0.0,1,in_store,35.61,0,0,0,0.08980180370762082,Persuadable
2627,56,61200.0,1,0.0,228,in_store,37.81,15,1,1,0.12568137298453272,Highly Persuadable
4829,55,34500.0,1,0.078,478,in_store,20.61,0,1,0,-0.07293716512045612,Not Persuadable
1971,37,46400.0,2,0.0,330,in_store,54.29,25,1,1,-0.11276913979447453,Not Persuadable
3111,43,45800.0,1,0.174,1,in_store,33.12,0,1,0,0.10645623434337409,Highly Persuadable
4019,36,33200.0,2,0.119,405,online,37.86,20,0,1,-0.11196945345683885,Not Persuadable
2152,49,60900.0,4,0.3,362,online,38.97,15,1,1,0.008292145864457735,Persuadable
3688,45,45400.0,2,0.053,416,in_store,35.29,5,1,1,0.05314587440273162,Persuadable
1998,39,29000.0,0,0.007,158,online,19.33,25,0,1,-0.032334821032545286,Not Persuadable
4034,47,68000.0,5,0.049,327,online,47.73,15,0,1,0.018150940564045964,Persuadable
3055,35,37200.0,3,0.009,523,in_store,22.55,0,0,0,0.062172271268855765,Persuadable
1249,38,71200.0,3,0.047,566,online,47.24,20,1,1,-0.0030561193023448466,Not Persuadable
2193,28,52200.0,2,0.167,331,in_store,45.04,15,0,1,0.034785122763274334,Persuadable
2713,39,45400.0,3,0.157,158,in_store,42.86,25,0,1,-0.01846839222530418,Not Persuadable
993,62,64400.0,3,0.137,1,in_store,45.52,20,1,1,0.05522760334313292,Persuadable
2191,49,43800.0,4,0.089,223,in_store,33.07,25,1,1,0.09003866082014092,Persuadable
3763,44,64600.0,2,0.164,285,in_store,51.21,0,0,0,0.08568477125407255,Persuadable
3598,33,48600.0,2,0.104,46,online,25.52,0,1,0,0.029835297426678717,Persuadable
1319,22,19000.0,0,0.0,196,online,40.39,25,0,1,-0.027219813915956428,Not Persuadable
1864,52,54900.0,1,0.075,41,online,48.24,10,1,1,-0.011328972382091901,Not Persuadable
2344,38,44800.0,3,0.0,723,online,26.07,0,0,0,0.06477046764673018,Persuadable
2450,50,52500.0,2,0.0,151,in_store,43.27,20,0,1,0.0594823451789242,Persuadable
2137,43,35900.0,3,0.214,798,in_store,38.22,5,1,1,0.11831911265268362,Highly Persuadable
1066,39,50000.0,2,0.14,632,in_store,36.8,0,0,0,0.13344607939997888,Highly Persuadable
4971,38,62900.0,3,0.005,48,in_store,35.15,20,1,1,0.05561369693380729,Persuadable
2622,32,35800.0,3,0.174,562,in_store,30.01,15,0,1,0.05417384767460627,Persuadable
78,42,47800.0,2,0.245,575,online,36.3,0,1,0,0.035395941701325075,Persuadable
2899,30,35200.0,1,0.0,595,in_store,37.59,0,1,0,-0.0010852248327222298,Not Persuadable
1315,47,76700.0,1,0.002,148,online,49.58,0,1,0,-0.04622972003819184,Not Persuadable
4383,46,53700.0,1,0.044,228,online,35.01,0,0,0,0.08693226410029421,Persuadable
873,49,54400.0,3,0.233,555,online,28.07,0,0,0,0.1782054252744026,Highly Persuadable
3851,47,68800.0,3,0.179,198,online,48.79,20,1,1,0.1317174831399713,Highly Persuadable
4798,50,52700.0,7,0.096,1146,in_store,49.82,15,1,1,0.043635482293671694,Persuadable
2966,21,18100.0,0,0.169,1,online,20.24,30,1,1,0.1434832387498936,Highly Persuadable
3392,19,19600.0,1,0.001,218,online,41.42,0,0,0,-0.04254612359653678,Not Persuadable
2561,44,54400.0,2,0.031,364,in_store,37.67,0,1,0,-0.028984267509480122,Not Persuadable
4907,49,50800.0,0,0.168,393,online,57.58,20,1,1,0.11695631422335659,Highly Persuadable
2636,54,54500.0,1,0.09,1,online,52.43,0,1,0,-0.07511796288641492,Not Persuadable
3531,59,68400.0,4,0.133,356,online,67.4,30,1,1,0.15121493147882464,Highly Persuadable
376,68,78500.0,2,0.034,211,in_store,52.32,15,0,1,0.07146432860005147,Persuadable
1909,34,42000.0,2,0.019,800,online,32.44,0,0,0,0.03189659168035401,Persuadable
4343,39,41500.0,1,0.0,527,in_store,53.84,0,0,0,-0.10087208128261302,Not Persuadable
4832,18,42700.0,1,0.172,211,online,38.79,0,1,0,-0.05526234295731707,Not Persuadable
4028,48,40200.0,4,0.074,495,in_store,23.02,0,1,0,-0.006879513579113223,Not Persuadable
1605,36,53400.0,3,0.077,1,in_store,51.6,30,0,1,0.0038597395789782955,Persuadable
1119,44,41000.0,3,0.176,42,online,42.71,0,1,0,-0.009967404665036724,Not Persuadable
3678,47,45400.0,0,0.099,96,online,46.55,0,1,0,0.0006890812501856034,Persuadable
3491,25,39000.0,1,0.0,187,in_store,47.55,0,1,0,-0.2185955657422098,Not Persuadable
4875,28,49400.0,0,0.0,246,in_store,28.88,0,0,0,0.059700450174830375,Persuadable
2959,42,56900.0,3,0.016,207,online,35.04,10,1,1,0.06103428424285354,Persuadable
1995,41,56500.0,2,0.013,92,in_store,30.55,25,0,1,0.06993897494591016,Persuadable
4966,42,43200.0,1,0.081,600,online,32.99,20,1,1,0.03151548084020462,Persuadable
4366,52,29800.0,3,0.099,379,online,47.98,20,0,1,-0.15719671493779033,Not Persuadable
2377,46,33600.0,1,0.137,526,online,30.49,20,0,1,0.04855224515716969,Persuadable
1343,45,58200.0,4,0.107,116,online,50.62,10,1,1,0.010270288101730559,Persuadable
321,49,62100.0,1,0.121,420,in_store,45.06,0,1,0,-0.10144580273938453,Not Persuadable
1620,31,45400.0,2,0.239,442,online,36.81,0,1,0,0.05220411539582583,Persuadable
3714,41,47500.0,5,0.163,457,in_store,32.76,0,1,0,0.04433398979796577,Persuadable
2061,23,49400.0,2,0.172,440,in_store,40.91,25,1,1,0.010347794704051252,Persuadable
2220,22,45400.0,2,0.143,149,online,34.52,0,1,0,-0.019329773944989453,Not Persuadable
1674,45,24200.0,1,0.0,873,online,27.41,0,0,0,0.12979179746285222,Highly Persuadable
261,37,51100.0,2,0.196,395,in_store,34.5,5,1,1,-0.06866282490056055,Not Persuadable
4428,23,33400.0,2,0.028,155,in_store,26.38,0,1,0,0.000931184618041526,Persuadable
2040,44,28800.0,1,0.054,1,online,23.55,10,0,1,0.03113304952053215,Persuadable
902,41,41200.0,1,0.0,495,in_store,42.61,15,0,1,-0.03368168759614146,Not Persuadable
3745,74,57500.0,5,0.154,813,online,45.26,0,0,0,0.13971748886517402,Highly Persuadable
2027,47,69700.0,5,0.0,91,in_store,34.75,5,1,1,0.02520458325589193,Persuadable
4235,55,62900.0,3,0.176,390,in_store,42.41,20,1,1,0.046589888654408974,Persuadable
1918,52,47500.0,5,0.142,368,online,46.89,25,0,1,-0.03324034730495911,Not Persuadable
1829,29,31700.0,2,0.07,812,in_store,26.4,0,0,0,0.09623657018052295,Persuadable
1574,40,28200.0,1,0.0,309,in_store,29.43,0,0,0,0.16025582008199463,Highly Persuadable
4405,39,24800.0,0,0.05,128,online,33.0,10,1,1,0.09504327484549432,Persuadable
4209,53,15000.0,3,0.255,12,online,31.47,0,0,0,0.07580171301719503,Persuadable
225,41,61300.0,5,0.145,451,in_store,39.27,0,0,0,0.10551721686705386,Highly Persuadable
724,22,80500.0,0,0.107,1,in_store,38.97,0,1,0,-0.021450219316276303,Not Persuadable
4686,31,15000.0,0,0.0,889,in_store,24.08,0,0,0,0.003053097723072955,Persuadable
1142,18,35300.0,1,0.025,108,online,24.5,0,1,0,0.029007013971755664,Persuadable
2763,34,32500.0,3,0.236,472,in_store,30.06,0,0,0,0.16037593858841853,Highly Persuadable
847,78,86400.0,6,0.154,474,in_store,62.29,0,1,0,-0.04834676510292083,Not Persuadable
2552,39,55000.0,2,0.0,237,online,44.25,25,1,1,0.04872711983931936,Persuadable
2929,24,15000.0,2,0.06,520,in_store,33.23,0,1,0,0.044852755439017594,Persuadable
118,40,42400.0,4,0.219,77,online,21.66,0,0,0,0.16832308780472255,Highly Persuadable
646,38,15000.0,0,0.095,805,in_store,28.49,20,0,1,0.021540340502159177,Persuadable
4,51,59500.0,2,0.0,1,in_store,43.73,0,1,0,-0.0246778467914623,Not Persuadable
4171,53,38600.0,4,0.135,232,online,40.98,20,1,1,0.0415786271888397,Persuadable
468,63,83700.0,3,0.0,452,in_store,64.49,25,0,1,-0.010820498605271633,Not Persuadable
6,24,15000.0,0,0.151,456,in_store,33.23,0,0,0,0.08787525263788001,Persuadable
920,18,25600.0,0,0.182,102,online,36.46,0,0,0,0.04795283961729646,Persuadable
2596,30,18900.0,1,0.127,1,in_store,29.24,0,0,0,0.085708746518746,Persuadable
1064,54,62700.0,4,0.033,201,online,36.52,20,0,1,0.033118286964149396,Persuadable
2591,30,24000.0,0,0.03,585,in_store,32.99,10,0,1,-0.04637518551585332,Not Persuadable
243,19,42500.0,3,0.149,398,in_store,32.11,0,1,0,-0.03640888180111896,Not Persuadable
1161,26,39900.0,2,0.131,57,online,45.4,15,0,1,-0.0047137767967441934,Not Persuadable
2871,18,45900.0,1,0.0,498,in_store,37.96,15,1,1,0.0637360574913366,Persuadable
3736,35,28900.0,0,0.0,247,online,34.48,0,0,0,0.04996460924552777,Persuadable
2398,38,57600.0,0,0.078,70,online,26.05,0,0,0,0.0157978841296065,Persuadable
3518,39,44700.0,0,0.165,117,online,32.6,0,1,0,0.08819500562361823,Persuadable
3422,39,39100.0,0,0.124,325,in_store,30.76,10,0,1,-0.000642246600272999,Not Persuadable
2564,60,54100.0,2,0.004,80,online,41.13,30,0,1,0.0549011588932408,Persuadable
1606,56,36400.0,2,0.151,476,online,24.17,0,0,0,0.028833778282052497,Persuadable
4839,54,56300.0,2,0.09,716,online,40.44,25,0,1,0.041778254939601085,Persuadable
2325,18,49800.0,0,0.026,611,in_store,30.07,0,0,0,-0.0015310028910121537,Not Persuadable
2710,39,31100.0,1,0.059,1,online,20.35,0,0,0,0.06793947822966824,Persuadable
4409,39,67500.0,4,0.133,39,in_store,39.45,25,0,1,0.04592823423383558,Persuadable
1313,32,41000.0,0,0.044,1,online,38.25,0,0,0,0.041196581120488796,Persuadable
3449,34,21300.0,1,0.0,450,in_store,33.22,20,1,1,0.137948339352038,Highly Persuadable
3813,34,47500.0,3,0.314,680,online,36.55,0,1,0,-0.0006146947504532064,Not Persuadable
4666,51,57200.0,3,0.049,300,online,49.69,0,0,0,0.08565514478992499,Persuadable
2363,36,35700.0,3,0.135,780,in_store,26.62,0,0,0,0.17378388547782406,Highly Persuadable
1976,49,23700.0,2,0.16,513,online,28.42,0,0,0,0.04852203573112625,Persuadable
3515,44,62100.0,1,0.052,37,online,48.06,25,1,1,0.01575547145450421,Persuadable
1762,31,33300.0,0,0.044,1,online,28.07,0,1,0,0.03883847261378104,Persuadable
2740,57,65700.0,1,0.074,166,in_store,38.38,0,1,0,-0.033852255257333694,Not Persuadable
4670,31,55600.0,0,0.085,661,online,25.91,0,0,0,0.08071063142720918,Persuadable
2473,44,38700.0,2,0.071,501,online,27.13,0,0,0,0.06299852533567483,Persuadable
4008,46,40100.0,2,0.0,231,online,42.69,10,1,1,0.08553250824962741,Persuadable
1494,27,35700.0,1,0.223,1,in_store,28.14,30,1,1,0.12011045259243933,Highly Persuadable
4207,40,31300.0,1,0.0,353,in_store,46.95,30,0,1,-0.16866742591428263,Not Persuadable
2159,48,53100.0,4,0.075,449,online,39.24,20,0,1,-0.03550361082835187,Not Persuadable
1170,36,73800.0,3,0.043,800,online,40.83,0,0,0,0.11585400959675454,Highly Persuadable
4527,37,42100.0,1,0.073,794,online,32.72,0,0,0,0.05547326160704299,Persuadable
233,44,40100.0,4,0.143,1,in_store,30.38,15,1,1,0.16748827830097715,Highly Persuadable
67,36,15000.0,3,0.024,439,online,32.58,0,0,0,0.13512176068556864,Highly Persuadable
1604,23,36800.0,1,0.173,1,in_store,42.0,25,0,1,-0.07304435012409051,Not Persuadable
3284,56,53900.0,4,0.158,721,in_store,41.34,0,1,0,0.17233732535370774,Highly Persuadable
3597,35,42200.0,2,0.065,258,online,30.53,0,1,0,0.10896014562136794,Highly Persuadable
126,44,70400.0,8,0.175,732,in_store,48.12,0,0,0,0.15710444373372445,Highly Persuadable
1297,21,15000.0,0,0.066,223,in_store,25.03,0,0,0,0.06021120893471052,Persuadable
1977,18,38400.0,1,0.101,591,online,33.1,25,0,1,-0.056350063226423726,Not Persuadable
4528,42,39200.0,2,0.075,436,in_store,37.96,0,1,0,-0.0622614752220721,Not Persuadable
4534,22,15000.0,1,0.0,1,online,29.16,0,1,0,0.10801260385701054,Highly Persuadable
2076,25,15000.0,1,0.0,597,in_store,24.37,10,0,1,-0.039435784435559465,Not Persuadable
3087,26,51100.0,1,0.018,108,in_store,45.05,0,0,0,0.028465472162898554,Persuadable
4356,31,32500.0,1,0.0,516,in_store,32.9,0,1,0,0.03947973153552623,Persuadable
3346,37,57500.0,4,0.0,420,in_store,27.72,15,1,1,0.06086337904151732,Persuadable
4920,52,81400.0,1,0.049,283,in_store,48.95,0,0,0,0.06270463872950092,Persuadable
2798,37,29800.0,0,0.053,303,in_store,33.8,0,0,0,-0.027371068979973386,Not Persuadable
919,56,63400.0,1,0.043,263,online,38.38,0,0,0,0.05773107350899505,Persuadable
1647,39,32900.0,2,0.186,463,online,36.22,0,1,0,0.05497416337312313,Persuadable
365,38,48400.0,1,0.156,184,online,49.5,0,1,0,-0.030824320965945597,Not Persuadable
3288,53,65900.0,4,0.234,672,online,52.76,20,1,1,0.07606837172871105,Persuadable
2126,42,54500.0,2,0.057,385,online,30.75,0,1,0,0.016292414409679365,Persuadable
4124,44,55300.0,2,0.0,499,online,50.01,0,1,0,-0.10925125286469825,Not Persuadable
526,35,20800.0,1,0.0,224,online,31.84,20,0,1,0.06866813248398392,Persuadable
56,32,39500.0,1,0.0,462,in_store,31.3,0,0,0,0.11353469469551875,Highly Persuadable
639,47,55800.0,5,0.128,722,online,37.19,0,1,0,0.12797194883895271,Highly Persuadable
303,50,67200.0,4,0.043,15,online,37.23,0,1,0,0.04510069739684753,Persuadable
2767,18,38300.0,1,0.007,228,online,33.12,0,1,0,-0.02777198421289638,Not Persuadable
1277,33,51700.0,2,0.027,1,in_store,31.89,10,1,1,0.10249852395692749,Highly Persuadable
2056,47,23200.0,1,0.051,346,online,38.18,10,0,1,-0.08312671151019345,Not Persuadable
3645,37,50800.0,4,0.105,361,online,36.58,0,1,0,-0.027767266830707,Not Persuadable
4144,35,47400.0,5,0.107,684,online,45.41,0,0,0,0.03714746611430106,Persuadable
2879,30,26200.0,1,0.075,347,online,16.23,0,1,0,-0.05654860625320951,Not Persuadable
4203,46,45000.0,4,0.105,349,online,33.87,0,0,0,0.04932982614197546,Persuadable
2287,48,45100.0,0,0.024,49,in_store,28.17,15,0,1,0.05384389425676907,Persuadable
2262,31,56800.0,3,0.038,252,in_store,41.93,0,1,0,0.03077139788768303,Persuadable
2297,71,63700.0,5,0.188,715,online,46.29,0,0,0,0.1319427073398698,Highly Persuadable
1754,33,49500.0,0,0.077,1,in_store,37.21,0,0,0,0.041183969162304226,Persuadable
1969,35,77900.0,0,0.004,130,in_store,43.48,25,0,1,-0.08918595741708209,Not Persuadable
4362,44,39700.0,0,0.1,116,online,32.49,0,1,0,-0.07617030356982785,Not Persuadable
3118,38,27300.0,2,0.151,512,in_store,39.89,0,1,0,0.04896394565825307,Persuadable
2394,44,53900.0,3,0.153,352,in_store,41.43,25,1,1,0.13249026808583855,Highly Persuadable
524,38,56700.0,0,0.122,1,online,42.24,0,0,0,0.06441723666812528,Persuadable
3901,48,82600.0,2,0.114,294,in_store,55.86,0,1,0,0.09671796325774322,Persuadable
3123,48,43000.0,2,0.141,630,online,40.3,0,0,0,0.19600183094224294,Highly Persuadable
4157,44,49900.0,1,0.154,97,in_store,32.33,0,0,0,0.14989431422038446,Highly Persuadable
1970,50,68700.0,5,0.143,64,online,33.6,0,0,0,0.11557915038171823,Highly Persuadable
672,43,53300.0,2,0.147,1,in_store,49.85,20,1,1,-0.012416183670900523,Not Persuadable
4189,31,35100.0,3,0.045,166,in_store,33.78,5,0,1,-0.0027678532272233,Not Persuadable
667,21,36900.0,2,0.191,190,online,38.89,0,0,0,0.03872267459696258,Persuadable
4349,45,44700.0,2,0.125,185,in_store,36.51,0,1,0,0.05496415000483457,Persuadable
1888,42,31300.0,0,0.0,617,in_store,37.7,0,0,0,0.06088871830496739,Persuadable
3267,18,50100.0,0,0.013,346,in_store,35.06,5,1,1,0.06386795425863143,Persuadable
281,46,26700.0,2,0.177,534,in_store,36.73,20,0,1,0.03467443154080016,Persuadable
1720,24,33500.0,2,0.0,381,in_store,42.86,25,0,1,-0.07663878763359619,Not Persuadable
2948,45,49500.0,2,0.0,827,in_store,40.76,0,1,0,0.040443225140852364,Persuadable
900,22,39600.0,0,0.134,411,online,43.15,20,0,1,-0.0856544362187224,Not Persuadable
4861,21,34400.0,0,0.056,369,online,36.11,0,0,0,0.028026864922088904,Persuadable
761,55,92100.0,2,0.069,227,in_store,62.62,20,0,1,0.06057471224373353,Persuadable
1907,40,30000.0,3,0.099,56,online,18.57,15,0,1,0.04980364879794552,Persuadable
4043,40,28100.0,1,0.038,418,in_store,28.17,0,1,0,0.011919139305993443,Persuadable
3824,37,41800.0,6,0.085,674,in_store,22.32,10,1,1,0.12049345246989611,Highly Persuadable
4139,28,21900.0,0,0.094,185,in_store,21.7,0,0,0,0.03325679577544909,Persuadable
3819,59,56100.0,5,0.231,117,online,40.79,20,0,1,0.032102784828813256,Persuadable
4301,35,40200.0,2,0.0,242,in_store,51.17,30,1,1,-0.008510693823549654,Not Persuadable
2594,49,45400.0,3,0.14,360,in_store,46.48,0,0,0,0.025954455299210647,Persuadable
4165,37,68200.0,5,0.104,557,online,40.44,30,0,1,0.05154571780369441,Persuadable
3032,47,54900.0,2,0.179,110,in_store,48.78,0,1,0,0.05074585707067471,Persuadable
3580,24,59300.0,0,0.067,80,in_store,47.73,5,1,1,0.1021031818183173,Highly Persuadable
2833,52,58000.0,3,0.0,193,online,30.49,25,1,1,0.08137194558359599,Persuadable
3473,53,59000.0,2,0.0,123,online,51.27,25,0,1,0.03176212464586126,Persuadable
138,50,59300.0,5,0.093,372,in_store,38.95,0,0,0,-0.025942484714281896,Not Persuadable
2181,65,60000.0,3,0.0,794,online,45.23,0,0,0,0.07292557888767578,Persuadable
2129,45,37300.0,2,0.107,444,online,31.01,0,0,0,-0.002616540584714156,Not Persuadable
3178,42,44400.0,0,0.013,421,in_store,33.92,15,1,1,0.044568961823197174,Persuadable
4378,38,41400.0,3,0.113,597,in_store,41.36,0,1,0,0.014479411028187825,Persuadable
4262,53,55100.0,3,0.142,634,in_store,49.0,15,1,1,0.14184641702910325,Highly Persuadable
4345,33,33400.0,2,0.0,494,in_store,32.39,5,1,1,0.15888338527985565,Highly Persuadable
1332,27,38800.0,1,0.021,127,online,34.4,25,0,1,0.025058058851739205,Persuadable
2018,32,47100.0,6,0.07,253,online,49.75,25,1,1,0.07424930846425237,Persuadable
2483,43,49300.0,3,0.0,484,in_store,43.74,15,1,1,-0.06952171424448833,Not Persuadable
1359,35,59100.0,8,0.0,355,online,47.27,25,1,1,-0.04746132960117663,Not Persuadable
1330,49,55300.0,3,0.278,435,online,46.28,30,1,1,0.013687375163396453,Persuadable
2151,39,38000.0,3,0.132,1,in_store,31.27,0,0,0,0.20219144258293278,Highly Persuadable
2123,30,15000.0,3,0.142,112,online,17.12,10,0,1,0.07434150267116064,Persuadable
3982,37,46200.0,2,0.153,182,online,32.32,0,0,0,0.11781674647894297,Highly Persuadable
1253,30,53500.0,2,0.095,423,in_store,42.9,20,0,1,-0.07143432244411249,Not Persuadable
3279,31,49800.0,2,0.061,1,in_store,29.48,30,1,1,-0.05826091595562847,Not Persuadable
3375,40,42900.0,2,0.128,444,online,37.36,15,0,1,-0.04397948601198375,Not Persuadable
2815,40,36000.0,3,0.108,365,online,9.88,25,1,1,0.10248642195901739,Highly Persuadable
1849,35,15000.0,0,0.037,48,in_store,20.95,0,0,0,0.05567638577769933,Persuadable
3038,39,23900.0,1,0.0,217,in_store,23.25,0,0,0,0.02867028688491821,Persuadable
389,43,33500.0,0,0.071,42,in_store,40.67,0,1,0,0.021328856888347993,Persuadable
236,32,36200.0,3,0.005,112,online,36.39,5,0,1,-0.05480894385083654,Not Persuadable
1078,74,55800.0,4,0.048,119,online,34.01,0,0,0,0.04556973929595694,Persuadable
1985,31,22800.0,1,0.027,1,online,24.76,0,1,0,0.09193318061430715,Persuadable
4364,33,30600.0,1,0.042,66,in_store,22.78,25,0,1,0.07419560538506978,Persuadable
3963,46,48400.0,3,0.18,350,in_store,35.52,0,0,0,0.14074168640182597,Highly Persuadable
771,61,78200.0,2,0.145,1,in_store,48.03,10,0,1,0.05474153318495119,Persuadable
2166,55,67500.0,2,0.057,155,in_store,48.83,0,0,0,0.05095302964164282,Persuadable
674,24,29600.0,0,0.078,237,online,40.24,0,1,0,-0.04508563054029822,Not Persuadable
250,26,22500.0,0,0.033,1,online,32.31,0,0,0,0.19947174776459625,Highly Persuadable
1575,23,26600.0,3,0.152,599,online,33.68,20,1,1,0.14282716119331218,Highly Persuadable
3420,55,62200.0,3,0.235,574,online,45.6,25,0,1,0.0685149558722661,Persuadable
2082,45,64500.0,3,0.092,122,online,52.53,25,1,1,0.028023299924706806,Persuadable
1824,48,66900.0,4,0.104,1,online,49.76,20,1,1,0.01718773814079133,Persuadable
717,21,32000.0,0,0.0,106,online,49.21,5,0,1,-0.14421118052561616,Not Persuadable
4679,29,17200.0,2,0.169,1,in_store,29.15,0,0,0,0.08692135594958728,Persuadable
2049,41,50200.0,2,0.0,544,in_store,53.97,5,0,1,-0.1457655756666744,Not Persuadable
4179,18,24500.0,0,0.015,1,online,23.73,25,1,1,0.11897105168081322,Highly Persuadable
2725,33,35700.0,1,0.0,52,in_store,30.44,0,0,0,0.17205748083768918,Highly Persuadable
4532,43,24400.0,2,0.247,39,in_store,27.09,0,0,0,0.222469488972706,Highly Persuadable
1461,52,73100.0,4,0.099,181,in_store,44.28,0,0,0,0.02777306297654751,Persuadable
1669,43,45800.0,1,0.152,1,in_store,34.68,0,1,0,0.14889790871025532,Highly Persuadable
2757,48,58900.0,3,0.185,488,online,36.09,15,0,1,-0.10062267713260653,Not Persuadable
2001,35,20000.0,0,0.016,338,in_store,38.34,0,0,0,0.021140047979879686,Persuadable
405,46,53100.0,3,0.085,53,in_store,47.21,10,1,1,0.08891276253328495,Persuadable
385,21,55000.0,3,0.106,1,in_store,49.13,15,0,1,-0.07392559173765902,Not Persuadable
4503,24,15900.0,1,0.085,107,in_store,14.41,0,0,0,-0.02499679271441919,Not Persuadable
2153,30,56500.0,1,0.092,465,in_store,47.42,0,1,0,-0.07706765308547123,Not Persuadable
1634,40,25400.0,2,0.134,42,online,26.81,0,0,0,0.07453100340103787,Persuadable
4597,36,66500.0,1,0.155,172,online,49.25,30,1,1,0.1258340778786344,Highly Persuadable
3926,51,63500.0,0,0.0,114,in_store,34.75,0,0,0,0.061389247260789405,Persuadable
4159,53,45100.0,3,0.0,372,in_store,36.6,0,0,0,-0.003493518440889093,Not Persuadable
224,27,42200.0,3,0.231,322,in_store,25.95,20,1,1,0.15880210482924587,Highly Persuadable
2194,40,30900.0,1,0.062,465,online,34.34,5,1,1,0.12184294890583942,Highly Persuadable
3137,55,40200.0,7,0.311,239,in_store,39.68,0,1,0,0.07721530166245247,Persuadable
1825,29,41800.0,1,0.0,508,in_store,28.52,20,0,1,0.04106839657628493,Persuadable
4611,41,26200.0,2,0.202,1,in_store,27.2,10,0,1,0.10659896447771852,Highly Persuadable
798,53,57600.0,4,0.092,659,in_store,38.46,20,0,1,-0.018393137862644567,Not Persuadable
2872,32,36900.0,1,0.071,1,online,40.49,20,0,1,-0.003009897952142602,Not Persuadable
10,30,42900.0,3,0.244,451,in_store,34.6,0,0,0,0.037994375168788994,Persuadable
1945,35,43900.0,2,0.066,1,in_store,39.24,0,0,0,0.1147301780712914,Highly Persuadable
1839,58,78700.0,4,0.044,808,in_store,50.1,20,1,1,0.11037778445880424,Highly Persuadable
256,49,32900.0,4,0.06,115,online,36.7,0,1,0,0.034111586576114045,Persuadable
4519,37,44800.0,3,0.06,176,online,37.08,30,1,1,0.11476630801754598,Highly Persuadable
1582,38,37300.0,1,0.0,452,online,30.34,0,0,0,0.17856490204176445,Highly Persuadable
2957,46,47500.0,0,0.262,408,in_store,40.91,0,1,0,0.006890713391273524,Persuadable
925,38,25100.0,2,0.248,289,in_store,30.12,0,1,0,0.1506611039649251,Highly Persuadable
4440,28,40200.0,0,0.186,463,online,31.2,0,1,0,0.03823022475733406,Persuadable
2509,51,41900.0,0,0.0,491,in_store,32.58,15,0,1,-0.05676385711606395,Not Persuadable
3776,29,15000.0,0,0.043,1,online,23.16,0,1,0,0.1350125163388589,Highly Persuadable
4137,57,51500.0,2,0.087,394,in_store,39.83,20,0,1,-0.10321881920564362,Not Persuadable
2780,28,42200.0,1,0.142,151,in_store,25.35,0,0,0,0.1383766611716927,Highly Persuadable
540,31,20900.0,2,0.0,356,in_store,33.59,0,1,0,0.08936563979448664,Persuadable
2746,54,51800.0,4,0.097,159,in_store,32.72,10,0,1,0.06042329535328154,Persuadable
4509,29,37200.0,1,0.095,116,in_store,23.8,0,1,0,0.026068583739610643,Persuadable
4582,50,36200.0,2,0.117,452,in_store,32.41,0,0,0,0.04635867402327352,Persuadable
1146,48,44200.0,0,0.0,145,in_store,38.39,25,0,1,0.013574571687599266,Persuadable
668,46,46800.0,3,0.002,166,in_store,37.73,0,0,0,0.0931868031277626,Persuadable
3020,18,18400.0,3,0.16,459,online,29.85,0,0,0,0.05695781835263749,Persuadable
358,43,46600.0,2,0.155,31,in_store,36.2,20,1,1,0.1606931467725309,Highly Persuadable
2832,52,85600.0,5,0.178,952,online,41.73,25,1,1,0.1877437151568785,Highly Persuadable
2784,53,51000.0,2,0.0,233,online,41.31,10,1,1,0.1745046053449828,Highly Persuadable
1354,44,39500.0,2,0.033,184,in_store,33.08,10,0,1,-0.018366681862414587,Not Persuadable
471,44,43700.0,1,0.129,53,online,31.13,0,1,0,0.11015931955891677,Highly Persuadable
2704,54,50700.0,5,0.216,517,in_store,24.33,0,1,0,-0.01585352983582604,Not Persuadable
3331,40,27600.0,1,0.062,219,in_store,36.3,0,0,0,0.03450915686539379,Persuadable
3638,56,66500.0,4,0.012,462,online,44.54,0,1,0,-0.0306777703590921,Not Persuadable
1397,47,67800.0,1,0.075,1,online,51.19,20,0,1,-0.00996129608407604,Not Persuadable
3585,44,46500.0,1,0.093,1,online,42.27,15,0,1,0.006864398602051059,Persuadable
4758,50,78500.0,1,0.0,23,online,47.72,0,0,0,-0.047895331180057704,Not Persuadable
3377,48,24100.0,2,0.0,367,in_store,39.26,0,1,0,-0.03617969665466624,Not Persuadable
1257,49,34300.0,4,0.216,283,online,44.64,0,1,0,0.08301568963101183,Persuadable
3513,32,35000.0,1,0.02,41,in_store,40.62,0,1,0,0.04633727260882869,Persuadable
1251,52,49800.0,1,0.031,493,in_store,34.24,25,1,1,0.028162836303069795,Persuadable
4818,38,43800.0,1,0.048,1,online,40.43,25,1,1,0.14536265823115646,Highly Persuadable
4299,60,45600.0,5,0.194,7,in_store,27.89,0,1,0,0.03966822012195095,Persuadable
3285,31,50000.0,0,0.05,1,online,46.06,30,1,1,0.07070324472420503,Persuadable
2934,53,43600.0,1,0.139,461,in_store,25.25,30,1,1,0.03032486401449372,Persuadable
4176,34,44700.0,1,0.123,1,online,37.67,0,0,0,0.047123459701498754,Persuadable
1853,36,42300.0,2,0.206,1,online,47.19,25,1,1,0.08689717100845233,Persuadable
4880,27,58900.0,6,0.187,531,in_store,43.12,0,1,0,-0.0012656031102129283,Not Persuadable
2106,34,39100.0,1,0.095,315,online,26.42,20,1,1,0.038868202648172555,Persuadable
134,37,22800.0,1,0.076,108,online,31.46,0,0,0,0.1352826598597405,Highly Persuadable
929,37,52200.0,1,0.102,110,in_store,50.44,15,1,1,0.01587591010140896,Persuadable
824,18,26900.0,0,0.111,304,online,41.19,25,0,1,-0.04060557911733564,Not Persuadable
4554,44,41200.0,1,0.088,673,online,29.28,0,1,0,0.08109897886618797,Persuadable
1532,44,43600.0,3,0.105,602,online,46.39,0,1,0,0.06800971244994783,Persuadable
1215,18,41400.0,0,0.105,213,in_store,33.93,0,0,0,-0.026564084766960396,Not Persuadable
505,18,31100.0,0,0.056,204,online,43.71,25,1,1,0.026195548395188818,Persuadable
4286,60,61800.0,1,0.028,246,online,41.04,0,0,0,0.04328090232325373,Persuadable
1997,44,43500.0,2,0.026,246,in_store,36.1,0,1,0,0.027798691409935232,Persuadable
3073,21,15000.0,1,0.087,386,in_store,24.71,0,1,0,-0.0003948304751214851,Not Persuadable
1959,37,32500.0,2,0.032,76,in_store,36.74,0,0,0,0.03980992412651215,Persuadable
1385,19,38400.0,3,0.116,99,online,35.67,0,0,0,0.008920019449454765,Persuadable
895,36,43000.0,1,0.178,761,online,32.55,0,0,0,0.08620708643008372,Persuadable
456,42,55400.0,1,0.263,1,online,50.85,0,1,0,0.13328211926051878,Highly Persuadable
4647,39,25400.0,0,0.0,1,online,33.48,0,0,0,0.15482684539712388,Highly Persuadable
3710,37,35300.0,1,0.092,1,online,40.23,0,1,0,0.04726053261286096,Persuadable
4629,32,57800.0,1,0.203,1,online,58.3,0,0,0,0.10861890145916742,Highly Persuadable
4269,54,38200.0,3,0.231,469,in_store,42.02,25,0,1,0.026173796089026147,Persuadable
3523,36,42500.0,2,0.104,148,in_store,35.28,10,1,1,0.07181616612190038,Persuadable
4135,27,21000.0,1,0.178,140,online,28.4,15,0,1,0.05015661569981195,Persuadable
3603,23,25200.0,0,0.116,1,in_store,16.85,0,0,0,0.12242515499094608,Highly Persuadable
714,40,84000.0,3,0.061,1,online,60.18,10,1,1,0.062148323133530976,Persuadable
4187,45,57400.0,5,0.23,480,in_store,54.69,0,1,0,0.07067261628990376,Persuadable
2215,30,24100.0,0,0.151,296,online,19.0,0,0,0,0.15231682992062584,Highly Persuadable
2924,32,15000.0,0,0.063,496,online,17.37,0,0,0,0.05063840299201398,Persuadable
1811,18,35200.0,2,0.151,323,in_store,37.43,20,1,1,0.015528670040830965,Persuadable
3487,49,49900.0,2,0.035,427,in_store,36.66,0,0,0,0.0005799552935637775,Persuadable
3142,76,86500.0,3,0.134,202,in_store,48.67,25,1,1,0.027386344220085422,Persuadable
1828,59,20300.0,8,0.314,242,in_store,25.3,0,1,0,-0.0025072580374548787,Not Persuadable
1156,41,77500.0,4,0.103,482,in_store,57.47,5,0,1,0.01229955041350001,Persuadable
1325,43,51700.0,3,0.219,23,in_store,52.8,0,1,0,0.08436990820361003,Persuadable
4313,41,30800.0,3,0.035,267,online,37.31,0,1,0,0.0967854159924428,Persuadable
511,21,38100.0,2,0.278,1,in_store,33.8,10,0,1,0.026828529695341028,Persuadable
1681,22,41500.0,4,0.211,133,in_store,32.48,0,0,0,0.1167413711601127,Highly Persuadable
500,22,21300.0,2,0.129,1,in_store,39.22,0,0,0,0.0021274589491035575,Persuadable
4547,18,45400.0,1,0.202,444,in_store,30.44,20,0,1,-0.037595138443558225,Not Persuadable
1857,38,28900.0,5,0.107,324,online,51.12,0,1,0,-0.12519696512125342,Not Persuadable
1389,44,40100.0,3,0.142,158,in_store,34.37,25,1,1,0.10425210165563993,Highly Persuadable
3720,43,48300.0,1,0.101,521,in_store,42.9,20,1,1,0.06494334652044816,Persuadable
2387,21,42500.0,3,0.09,273,in_store,30.61,0,1,0,0.02814823783766538,Persuadable
3237,53,48100.0,3,0.17,116,in_store,40.25,15,0,1,0.10540624529978913,Highly Persuadable
1541,37,19900.0,1,0.294,1,in_store,32.24,10,0,1,0.05657479473200556,Persuadable
1218,18,20100.0,0,0.276,262,online,26.16,0,0,0,0.08586624842305915,Persuadable
2682,37,51300.0,0,0.198,6,in_store,33.24,0,1,0,0.04095172159260009,Persuadable
2994,69,44600.0,4,0.279,163,online,33.07,25,1,1,0.09180245531268133,Persuadable
1192,52,66600.0,4,0.058,218,in_store,61.08,0,0,0,0.08727501553571945,Persuadable
1543,43,57700.0,2,0.028,347,online,39.6,20,1,1,0.1137466935969683,Highly Persuadable
3302,65,53900.0,2,0.0,626,online,31.46,20,0,1,-0.005328041121324265,Not Persuadable
3325,51,44600.0,6,0.204,512,in_store,33.64,0,0,0,0.0325248010723184,Persuadable
2540,48,48100.0,1,0.06,451,in_store,42.01,25,1,1,0.06688012909932267,Persuadable
954,26,42000.0,1,0.0,1,in_store,30.75,15,0,1,0.037931674999378974,Persuadable
4331,62,52600.0,2,0.087,618,online,42.92,20,1,1,0.09010321218151918,Persuadable
733,47,70900.0,4,0.185,562,in_store,58.05,25,1,1,0.11796391500061962,Highly Persuadable
1157,40,20500.0,1,0.0,655,in_store,46.2,10,0,1,-0.041911317845209906,Not Persuadable
3295,33,49600.0,0,0.0,1,online,49.62,0,1,0,-0.10093552695988675,Not Persuadable
2983,38,44100.0,1,0.155,539,online,49.53,30,0,1,-0.022160975258730637,Not Persuadable
2157,44,51400.0,2,0.091,637,in_store,28.15,15,0,1,0.07324549352528534,Persuadable
1063,35,44200.0,0,0.0,419,in_store,38.41,0,0,0,0.07657877482685889,Persuadable
2617,40,65300.0,2,0.184,474,online,43.27,30,1,1,-0.02251073818924153,Not Persuadable
1168,62,20800.0,2,0.18,418,in_store,11.43,5,0,1,0.010107794517538682,Persuadable
3223,20,17800.0,1,0.031,331,online,26.88,20,1,1,0.01595527597004654,Persuadable
3637,37,46600.0,3,0.098,202,in_store,38.63,0,0,0,0.05650881334516319,Persuadable
2939,35,50800.0,5,0.189,692,in_store,37.43,0,1,0,0.06215361368485621,Persuadable
4492,29,37500.0,0,0.062,218,in_store,28.83,0,1,0,0.0015527849688745324,Persuadable
3141,38,52500.0,2,0.039,29,in_store,40.26,20,0,1,0.07386989483764865,Persuadable
144,43,63700.0,2,0.0,217,online,34.52,0,1,0,0.09751898430408341,Persuadable
3578,42,47300.0,4,0.0,1,in_store,41.76,0,1,0,0.06804579393867223,Persuadable
2783,46,46800.0,0,0.096,288,in_store,37.65,15,1,1,0.019633068669594463,Persuadable
718,48,44100.0,2,0.145,545,online,38.02,0,1,0,0.09150290522980924,Persuadable
1820,37,34100.0,3,0.047,433,in_store,40.3,20,1,1,0.10704321738543489,Highly Persuadable
2503,52,45500.0,1,0.156,1,online,19.05,10,0,1,0.002370165649730507,Persuadable
4361,44,42900.0,2,0.005,127,online,52.74,0,1,0,-0.08905809228104151,Not Persuadable
4172,47,48200.0,2,0.027,509,in_store,41.1,15,0,1,0.04877618019768114,Persuadable
396,42,56100.0,0,0.031,372,online,44.29,15,0,1,-0.042315469139442966,Not Persuadable
4847,51,72800.0,2,0.061,269,in_store,50.36,20,0,1,0.05655764427725753,Persuadable
4493,31,15000.0,1,0.11,210,in_store,19.48,0,1,0,-0.012513534313144708,Not Persuadable
1366,45,43700.0,0,0.054,520,in_store,46.64,0,1,0,-0.024016957545594794,Not Persuadable
4569,48,60500.0,1,0.069,323,online,46.55,0,1,0,-0.07911556491139546,Not Persuadable
596,35,46700.0,2,0.0,506,in_store,43.24,20,0,1,-0.053161929003109634,Not Persuadable
3953,39,24400.0,1,0.12,163,in_store,42.58,0,0,0,-0.02680437221053442,Not Persuadable
2915,44,31700.0,2,0.135,279,in_store,29.77,0,0,0,0.049429083545446575,Persuadable
2327,18,40100.0,1,0.029,345,online,38.51,0,1,0,-0.06107983687507213,Not Persuadable
3767,51,59600.0,1,0.0,78,in_store,42.93,25,0,1,-0.012427583092865221,Not Persuadable
3441,64,47400.0,4,0.191,447,in_store,35.22,15,1,1,0.12115029715636699,Highly Persuadable
3852,31,46000.0,1,0.007,1,in_store,26.67,20,0,1,0.01995605064078668,Persuadable
4133,44,41300.0,4,0.157,153,in_store,54.26,5,0,1,-0.002693650333092804,Not Persuadable
4602,41,56000.0,2,0.15,125,in_store,36.54,0,1,0,0.08872990555178552,Persuadable
2144,45,62500.0,2,0.175,782,in_store,47.77,0,1,0,0.03587421118277802,Persuadable
1572,37,62100.0,2,0.134,137,in_store,26.07,20,1,1,0.015664301576241806,Persuadable
4080,34,31000.0,1,0.212,78,online,28.09,25,1,1,0.20543190434237465,Highly Persuadable
1123,31,53300.0,4,0.126,952,in_store,24.48,15,1,1,0.12332857990839799,Highly Persuadable
2787,40,42100.0,2,0.082,242,online,23.93,0,0,0,0.09786704231881128,Persuadable
2968,32,49200.0,1,0.184,176,in_store,38.17,15,1,1,0.11340896332152511,Highly Persuadable
2505,55,59400.0,3,0.107,314,online,49.82,0,0,0,0.045774042658220195,Persuadable
3466,65,72000.0,3,0.133,859,online,54.82,15,1,1,0.1301377150036564,Highly Persuadable
676,44,40600.0,3,0.178,578,online,42.06,0,0,0,0.01963815639680826,Persuadable
2809,43,49200.0,1,0.004,1,online,48.31,25,0,1,-0.07846236815009638,Not Persuadable
3349,46,36900.0,3,0.0,235,online,36.19,0,0,0,0.06579638784825581,Persuadable
729,26,52800.0,2,0.094,30,online,39.39,10,1,1,0.04783077660032321,Persuadable
413,32,31800.0,1,0.136,1,online,29.32,0,1,0,0.0973384273688652,Persuadable
3147,50,51800.0,0,0.0,223,online,46.07,15,1,1,0.00570414313465126,Persuadable
1517,31,21900.0,5,0.082,323,online,45.1,0,0,0,0.01704814104654949,Persuadable
826,40,53000.0,3,0.059,442,in_store,33.99,10,1,1,0.02780159121598722,Persuadable
3268,40,27700.0,4,0.221,303,online,25.37,0,0,0,0.26348175496124293,Highly Persuadable
3975,32,23000.0,0,0.112,184,online,33.63,0,0,0,0.021481700706754335,Persuadable
617,49,50100.0,1,0.089,1,online,41.83,10,0,1,0.006550262832882594,Persuadable
115,41,70800.0,2,0.026,1,online,64.0,0,1,0,0.0631187087212127,Persuadable
418,56,71000.0,2,0.11,169,in_store,57.54,0,1,0,-0.024795857261198224,Not Persuadable
3070,30,59100.0,1,0.0,364,online,40.28,0,0,0,0.043653505970445296,Persuadable
1626,54,53500.0,3,0.164,693,online,41.56,15,1,1,0.23119923455165517,Highly Persuadable
4961,32,39900.0,4,0.157,559,in_store,12.36,25,0,1,0.10555925885566578,Highly Persuadable
4186,45,35600.0,1,0.072,519,in_store,42.99,0,0,0,0.010693045748584717,Persuadable
2897,52,34000.0,0,0.055,1,online,27.5,15,1,1,-0.026945092247841276,Not Persuadable
4682,41,44700.0,2,0.205,550,online,48.75,0,0,0,-0.04240725799550553,Not Persuadable
2083,26,33600.0,2,0.133,200,in_store,44.72,0,0,0,-0.02452504817579794,Not Persuadable
754,65,80100.0,2,0.0,611,in_store,50.87,0,0,0,0.09309201372794348,Persuadable
2547,36,47100.0,1,0.012,305,in_store,45.67,30,0,1,-0.09741532836871994,Not Persuadable
3970,28,20100.0,1,0.002,372,online,38.23,0,0,0,-0.10800289707193328,Not Persuadable
3374,33,61300.0,5,0.167,545,online,38.72,5,1,1,0.03522891977563334,Persuadable
4108,55,35400.0,2,0.106,465,online,30.65,10,1,1,-0.011573706211940583,Not Persuadable
2445,50,50800.0,6,0.201,482,in_store,29.32,15,0,1,-0.0651420026766688,Not Persuadable
4381,63,74500.0,1,0.178,297,in_store,49.85,0,0,0,0.11673538169374736,Highly Persuadable
1067,27,46000.0,4,0.122,451,in_store,35.01,20,0,1,-0.031134003226990926,Not Persuadable
3914,24,41900.0,2,0.064,99,in_store,24.86,20,1,1,-0.0035501074631371934,Not Persuadable
3499,37,65600.0,1,0.163,838,online,42.84,0,1,0,0.026176400134161757,Persuadable
2739,69,65300.0,4,0.08,360,online,50.8,0,1,0,-0.12127621627992544,Not Persuadable
4001,43,49000.0,2,0.022,15,online,43.37,0,1,0,-0.013383566069742881,Not Persuadable
1569,49,46100.0,3,0.116,410,online,31.16,0,0,0,0.052111536606637344,Persuadable
2428,33,35500.0,0,0.096,1,online,20.54,0,0,0,0.07452277615169857,Persuadable
3747,20,52500.0,1,0.0,1,in_store,37.86,0,0,0,0.05666809053188404,Persuadable
4650,37,51500.0,1,0.1,550,online,41.67,25,0,1,0.06732175287315158,Persuadable
1688,43,31200.0,1,0.093,1,online,42.96,0,1,0,0.0047564924041653325,Persuadable
852,34,57300.0,4,0.268,501,online,39.15,10,1,1,0.0327895203162263,Persuadable
3547,59,51400.0,2,0.0,728,in_store,40.53,0,1,0,0.0602903668987026,Persuadable
896,53,51200.0,1,0.0,86,in_store,43.33,20,0,1,0.04613892689505388,Persuadable
4593,43,54600.0,2,0.214,281,online,39.37,0,0,0,0.06169460577799023,Persuadable
336,25,19000.0,0,0.0,9,online,32.17,0,0,0,0.16612605886380316,Highly Persuadable
2840,41,42700.0,3,0.109,157,online,41.45,25,0,1,0.010745817263565275,Persuadable
3088,29,46900.0,5,0.274,413,online,25.6,15,1,1,0.0850124142255578,Persuadable
1349,51,62700.0,5,0.093,1,in_store,43.29,20,0,1,0.030288456196353217,Persuadable
1016,28,22300.0,0,0.034,201,in_store,29.97,10,1,1,0.20817016936170232,Highly Persuadable
2817,22,42500.0,0,0.048,355,in_store,30.27,15,1,1,0.0803556229952062,Persuadable
1632,30,33000.0,4,0.178,416,in_store,34.08,10,1,1,0.04114704407391433,Persuadable
2490,40,42900.0,0,0.0,1,online,31.16,0,1,0,0.01773107154827709,Persuadable
3731,31,49100.0,1,0.139,428,online,36.64,15,1,1,0.018678899547715705,Persuadable
3252,39,42200.0,1,0.025,373,in_store,28.29,0,1,0,-0.008168278777816066,Not Persuadable
4645,39,56400.0,1,0.023,198,in_store,53.78,0,0,0,0.053016448637881984,Persuadable
2071,36,46000.0,2,0.079,211,in_store,36.12,5,1,1,0.08655895125679222,Persuadable
4453,24,65400.0,2,0.065,400,online,49.06,0,1,0,-0.06957799153080518,Not Persuadable
4893,27,26900.0,1,0.0,1,in_store,27.94,30,0,1,0.15924129617129087,Highly Persuadable
1636,53,51800.0,0,0.011,19,in_store,39.77,20,0,1,0.023477095364101377,Persuadable
2480,37,34700.0,1,0.0,346,online,36.84,0,0,0,-0.005496131077172128,Not Persuadable
2266,49,58000.0,2,0.183,409,in_store,37.69,20,1,1,0.0859568941207146,Persuadable
2960,63,58500.0,4,0.105,1,in_store,43.04,0,0,0,0.05384533693653979,Persuadable
4742,39,61600.0,4,0.262,418,online,38.49,0,1,0,0.033146303190866026,Persuadable
3060,36,63300.0,0,0.0,1,online,51.44,20,0,1,-0.07031524421726106,Not Persuadable
2142,36,55200.0,2,0.055,73,online,33.05,15,1,1,0.12349338545229313,Highly Persuadable
3119,30,18100.0,2,0.1,600,in_store,35.44,0,1,0,0.04557920980522647,Persuadable
4757,42,34800.0,1,0.138,379,in_store,50.38,0,1,0,-0.060843207462862266,Not Persuadable
4046,38,41200.0,0,0.079,594,in_store,43.16,20,1,1,0.04563134350353011,Persuadable
3357,33,15000.0,1,0.127,667,in_store,34.8,10,0,1,0.08910044168689724,Persuadable
2745,52,16800.0,2,0.131,262,in_store,30.3,15,0,1,0.023987534867907372,Persuadable
3507,38,39600.0,2,0.025,216,in_store,47.22,0,1,0,-0.06695212291492682,Not Persuadable
1680,37,69900.0,1,0.0,22,in_store,32.4,10,0,1,0.007100311351795723,Persuadable
4250,58,106500.0,4,0.217,35,in_store,62.41,0,1,0,0.08521512437915725,Persuadable
3148,39,41000.0,0,0.066,2,online,29.22,0,1,0,-0.0023675672084374384,Not Persuadable
2295,54,42300.0,3,0.109,492,in_store,37.06,0,0,0,0.005792404473689891,Persuadable
581,18,35800.0,1,0.034,661,in_store,33.67,0,0,0,0.0275186006045524,Persuadable
1471,41,56800.0,2,0.08,298,online,38.73,0,0,0,0.0929451864427153,Persuadable
4071,37,55600.0,3,0.064,1,in_store,41.32,10,0,1,0.05069919525353045,Persuadable
3344,49,42900.0,0,0.0,64,online,27.04,20,0,1,0.007409075966071435,Persuadable
4584,55,33300.0,3,0.278,395,in_store,41.44,10,1,1,0.01801679636444625,Persuadable
3673,47,72900.0,3,0.231,424,online,54.81,20,0,1,0.0628958249457445,Persuadable
560,29,17600.0,1,0.095,210,in_store,29.72,15,0,1,0.05294088294622327,Persuadable
2850,52,62700.0,3,0.174,261,in_store,71.23,15,0,1,0.06377391705798614,Persuadable
513,41,23000.0,2,0.118,1,in_store,22.5,25,0,1,0.025899259168063425,Persuadable
1082,38,15000.0,0,0.059,1,online,23.15,0,0,0,0.03196793856705299,Persuadable
1665,54,44400.0,3,0.0,1,in_store,34.02,0,1,0,-0.013960479090773468,Not Persuadable
1013,34,52700.0,0,0.184,274,online,35.24,10,1,1,0.10084670142043203,Highly Persuadable
1932,35,54100.0,4,0.107,683,online,47.34,0,1,0,-0.035104835156593676,Not Persuadable
1151,42,37200.0,3,0.0,436,in_store,39.81,5,0,1,0.01929483636917056,Persuadable
2839,54,59300.0,0,0.073,1,online,52.63,15,1,1,0.009416353188592718,Persuadable
117,43,59500.0,6,0.169,40,in_store,60.92,0,1,0,0.10568734525296301,Highly Persuadable
741,52,65300.0,5,0.078,734,in_store,45.65,0,0,0,0.02648815788794375,Persuadable
4817,63,70500.0,1,0.0,392,in_store,40.74,20,0,1,-0.058561432770537526,Not Persuadable
3676,64,59200.0,4,0.16,473,in_store,47.07,15,1,1,0.11168782966293148,Highly Persuadable
831,45,32300.0,2,0.16,1,in_store,28.12,0,1,0,0.043156846117068444,Persuadable
120,37,53100.0,2,0.058,353,in_store,31.75,0,0,0,0.04872008403254265,Persuadable
4790,47,58900.0,5,0.218,958,in_store,49.6,20,1,1,0.10922617204837573,Highly Persuadable
4749,27,36300.0,2,0.0,667,in_store,40.86,0,0,0,0.02389152591573382,Persuadable
636,37,15000.0,2,0.198,268,online,16.4,0,1,0,0.09013236577006732,Persuadable
4466,46,77200.0,4,0.0,600,online,41.04,0,0,0,0.107785086110406,Highly Persuadable
4365,18,15000.0,0,0.09,201,in_store,24.05,0,0,0,0.025795546873861003,Persuadable
4143,43,20600.0,2,0.043,271,in_store,35.8,20,1,1,0.1469385593100699,Highly Persuadable
992,58,71800.0,2,0.231,408,online,45.71,15,1,1,0.07667396840433527,Persuadable
877,40,37900.0,2,0.164,599,in_store,52.91,10,0,1,-0.0028754013456388536,Not Persuadable
5,18,33500.0,1,0.043,350,online,40.04,0,1,0,-0.040785310288580415,Not Persuadable
3052,29,50900.0,1,0.016,28,online,35.76,25,1,1,0.08783593772327336,Persuadable
3125,43,67900.0,2,0.168,509,in_store,32.47,0,1,0,0.07734174818018612,Persuadable
2661,28,25200.0,0,0.018,699,online,28.92,0,0,0,-0.006047174531051685,Not Persuadable
2492,32,36700.0,4,0.157,294,online,41.66,25,0,1,0.04621212545672598,Persuadable
3855,41,75100.0,4,0.114,364,in_store,46.43,20,1,1,0.09615806857123889,Persuadable
1716,42,29600.0,1,0.052,15,in_store,29.94,15,0,1,0.12678687935504707,Highly Persuadable
1149,52,22900.0,3,0.112,14,online,17.49,0,1,0,-0.01768053248561685,Not Persuadable
3262,27,40100.0,3,0.077,358,online,31.88,15,1,1,0.057106568580213804,Persuadable
575,42,63700.0,3,0.051,435,in_store,45.38,10,1,1,-0.03958536023539424,Not Persuadable
3770,49,51700.0,5,0.205,232,online,31.1,0,0,0,0.11642957322979929,Highly Persuadable
3737,34,53100.0,1,0.0,645,online,48.54,10,1,1,-0.06713482953679134,Not Persuadable
4147,41,39800.0,1,0.04,163,online,32.72,0,0,0,0.043032567217946224,Persuadable
854,40,23600.0,1,0.02,45,in_store,28.88,20,0,1,0.12867942472792154,Highly Persuadable
1983,40,38700.0,3,0.104,317,in_store,32.19,20,1,1,0.07686095409790995,Persuadable
2775,35,40500.0,2,0.215,197,online,36.41,0,0,0,0.13807751160426954,Highly Persuadable
1167,69,75700.0,4,0.08,278,in_store,60.09,20,0,1,0.06632009980260381,Persuadable
972,39,47300.0,1,0.161,65,online,42.24,20,0,1,0.047530865927823324,Persuadable
2702,27,32900.0,1,0.023,1,in_store,31.23,0,0,0,0.09856399455483734,Persuadable
4496,24,44600.0,2,0.114,434,in_store,46.14,10,1,1,-0.020289321252983928,Not Persuadable
3848,73,32100.0,1,0.079,1,online,29.54,0,1,0,-0.08580778461054062,Not Persuadable
2369,29,57900.0,1,0.0,1,in_store,53.46,0,0,0,-0.0900995381779142,Not Persuadable
4116,33,27400.0,0,0.0,482,in_store,11.41,20,0,1,0.04087633468458561,Persuadable
4132,31,26900.0,2,0.127,344,in_store,35.46,5,0,1,0.040170331708878036,Persuadable
2951,26,15000.0,0,0.273,780,online,30.51,5,0,1,0.034562822387533325,Persuadable
525,57,54900.0,6,0.127,445,in_store,45.6,5,1,1,-0.032721231401061424,Not Persuadable
2456,41,51200.0,4,0.161,302,in_store,41.73,0,0,0,0.17515851499436275,Highly Persuadable
1842,40,33500.0,2,0.138,655,in_store,22.09,0,0,0,0.2885888720180541,Highly Persuadable
538,54,22100.0,5,0.097,283,online,44.49,0,1,0,-0.03517617429812378,Not Persuadable
2807,61,41200.0,6,0.029,501,in_store,33.91,0,1,0,-0.05995110446596113,Not Persuadable
4342,53,57000.0,3,0.111,395,online,50.0,0,1,0,-0.028931205889061267,Not Persuadable
3176,19,15000.0,1,0.044,135,in_store,33.48,0,0,0,0.12143664102587588,Highly Persuadable
785,40,44600.0,5,0.076,135,online,40.21,20,1,1,0.10502748811466166,Highly Persuadable
4058,49,40700.0,3,0.142,494,in_store,34.28,20,0,1,-0.01956617402628115,Not Persuadable
1410,46,39900.0,2,0.111,300,in_store,47.82,25,1,1,0.0031771226183810466,Persuadable
2538,21,37000.0,3,0.095,713,online,28.98,0,1,0,0.06309569394861154,Persuadable
155,39,54600.0,4,0.094,284,in_store,44.3,0,1,0,-0.05645917929360735,Not Persuadable
3010,49,26400.0,1,0.173,88,online,22.21,20,0,1,0.02027513490328315,Persuadable
1687,34,53500.0,2,0.202,1,in_store,44.15,15,0,1,0.10477904041964296,Highly Persuadable
2902,23,46200.0,1,0.001,75,in_store,34.71,25,0,1,-0.012969802903556857,Not Persuadable
4960,29,15000.0,1,0.019,435,in_store,21.18,20,0,1,-0.09335533177490214,Not Persuadable
3864,60,42200.0,5,0.155,529,online,33.67,0,0,0,0.002843979946977551,Persuadable
2734,34,26700.0,0,0.037,597,in_store,26.66,0,1,0,0.05601923235460733,Persuadable
1896,33,27700.0,2,0.234,147,online,23.08,0,0,0,0.21195558098371547,Highly Persuadable
570,42,49700.0,0,0.0,1,in_store,29.99,25,1,1,0.011212260749574487,Persuadable
1817,48,42900.0,2,0.054,332,in_store,36.51,0,1,0,0.02117651967293782,Persuadable
2066,38,50600.0,1,0.092,350,online,41.65,0,0,0,-0.04446355570221721,Not Persuadable
128,26,56200.0,2,0.084,565,online,48.15,0,0,0,-0.02612644177304406,Not Persuadable
3395,47,57600.0,2,0.127,383,online,43.46,20,0,1,-0.11910675059956417,Not Persuadable
3328,41,49700.0,2,0.091,377,in_store,42.53,0,0,0,-0.006720800326706175,Not Persuadable
4997,36,41700.0,4,0.238,257,online,46.26,10,0,1,0.14733260580665578,Highly Persuadable
2976,44,46200.0,1,0.039,179,online,31.71,20,1,1,0.036199317703476876,Persuadable
981,46,38300.0,0,0.152,235,in_store,32.41,10,0,1,0.040499549827178336,Persuadable
2301,34,43700.0,2,0.209,426,online,25.3,5,0,1,0.10654259096975842,Highly Persuadable
191,61,61700.0,5,0.239,382,in_store,45.63,0,1,0,0.07047603857549656,Persuadable
1140,40,67100.0,3,0.0,352,in_store,46.58,20,0,1,-0.05100815029717356,Not Persuadable
700,38,16300.0,1,0.0,488,in_store,18.74,10,0,1,0.07396069765153844,Persuadable
4791,19,37300.0,2,0.203,1,in_store,36.54,10,1,1,-0.0012750076716953446,Not Persuadable
607,49,48500.0,5,0.259,676,online,31.91,10,0,1,0.08051477456390112,Persuadable
4277,49,49000.0,2,0.0,278,in_store,51.19,20,1,1,0.07658208453066961,Persuadable
302,22,20700.0,1,0.0,15,online,30.22,0,1,0,0.15186958091973163,Highly Persuadable
3421,40,49700.0,4,0.084,177,in_store,35.47,30,1,1,0.10752770164704836,Highly Persuadable
4831,24,29000.0,0,0.0,223,in_store,31.76,30,1,1,0.11092965975811256,Highly Persuadable
1061,38,36200.0,4,0.0,129,online,26.84,25,0,1,0.038078022302769035,Persuadable
2566,29,15800.0,0,0.037,225,in_store,24.7,0,1,0,0.017378872274455087,Persuadable
1070,39,30300.0,0,0.0,60,online,27.78,30,1,1,0.12364660607448,Highly Persuadable
2525,63,53600.0,4,0.139,1,in_store,34.24,0,1,0,0.012536946098006343,Persuadable
2206,36,30400.0,2,0.085,356,in_store,25.03,20,0,1,0.012822501468330973,Persuadable
1244,34,59600.0,3,0.088,474,in_store,42.92,0,1,0,-0.05445419164144381,Not Persuadable
17,44,34200.0,3,0.133,426,in_store,30.89,0,1,0,0.008848001852012968,Persuadable
3121,44,52000.0,6,0.229,361,online,51.87,20,0,1,0.05273417005299681,Persuadable
4643,51,44600.0,3,0.071,614,online,37.55,0,0,0,0.13859892627171738,Highly Persuadable
816,44,42000.0,4,0.217,1,in_store,39.72,0,0,0,0.19337029722392074,Highly Persuadable
3068,45,32600.0,2,0.095,10,in_store,34.57,0,0,0,0.028862612070410715,Persuadable
4795,54,54100.0,4,0.0,183,in_store,41.29,0,0,0,0.14731888515370223,Highly Persuadable
960,45,67500.0,3,0.0,536,in_store,51.35,20,0,1,0.013937280655906936,Persuadable
226,43,53300.0,2,0.171,67,in_store,46.28,25,0,1,0.043683499289948226,Persuadable
3355,36,31200.0,2,0.113,466,online,37.59,0,0,0,0.017612631945606614,Persuadable
2486,39,49800.0,2,0.087,269,online,38.61,0,1,0,0.031749102955163644,Persuadable
563,41,52800.0,1,0.038,126,in_store,41.56,0,0,0,0.04358551072448677,Persuadable
3437,32,51000.0,1,0.153,1,in_store,39.46,20,1,1,0.10366499865242253,Highly Persuadable
1694,34,50600.0,1,0.133,129,in_store,37.9,0,1,0,0.046199206681709126,Persuadable
1046,30,37500.0,3,0.085,1,in_store,19.49,20,1,1,0.019722748554810165,Persuadable
3447,35,62800.0,1,0.02,642,in_store,46.51,0,1,0,-0.013019044999041109,Not Persuadable
4566,41,42200.0,1,0.011,196,in_store,43.35,0,0,0,0.055511026064449825,Persuadable
955,31,36000.0,2,0.068,112,online,30.46,0,0,0,0.07076877592360196,Persuadable
4996,53,78800.0,5,0.169,828,in_store,37.86,0,1,0,0.11244927223938894,Highly Persuadable
2736,35,27200.0,3,0.084,243,online,30.96,0,0,0,0.2085610666010334,Highly Persuadable
4914,27,42900.0,1,0.0,519,online,41.92,20,1,1,0.0531885055736413,Persuadable
4736,40,23100.0,2,0.22,193,in_store,25.5,0,0,0,0.17660039387335844,Highly Persuadable
4834,30,35500.0,3,0.084,672,in_store,30.0,25,1,1,0.16085552490894953,Highly Persuadable
1219,26,49200.0,0,0.067,340,online,53.02,30,0,1,-0.024482101640984143,Not Persuadable
1528,38,49600.0,3,0.0,267,in_store,28.24,15,1,1,0.09996785819912567,Persuadable
3988,45,15300.0,1,0.0,273,online,30.44,0,0,0,0.0728913631362841,Persuadable
1301,41,69700.0,3,0.054,392,online,51.02,5,0,1,0.018058988798127965,Persuadable
4902,41,49900.0,5,0.399,154,in_store,34.55,25,0,1,-0.01769516129190845,Not Persuadable
161,28,36200.0,2,0.204,422,in_store,16.76,20,1,1,0.13508507334635136,Highly Persuadable
4068,39,67400.0,3,0.019,341,in_store,66.71,0,0,0,0.07695713358319065,Persuadable
957,34,27500.0,1,0.0,378,in_store,32.61,0,0,0,0.13456901707134925,Highly Persuadable
3792,59,81500.0,5,0.022,734,online,43.89,10,0,1,0.009776129517695709,Persuadable
3235,34,38700.0,3,0.048,31,online,39.3,0,0,0,0.0664881942295807,Persuadable
2870,47,49400.0,3,0.049,367,online,34.52,0,0,0,0.08078370988276333,Persuadable
3778,46,32300.0,2,0.134,691,online,32.33,15,1,1,0.1505351341164665,Highly Persuadable
4434,45,34200.0,5,0.0,127,in_store,40.7,25,0,1,0.04709446308485161,Persuadable
2962,40,45400.0,0,0.084,62,in_store,30.06,0,0,0,0.0505519494701598,Persuadable
2201,34,53900.0,2,0.132,87,online,44.8,0,0,0,0.03391342433373021,Persuadable
99,45,34700.0,1,0.127,370,online,22.91,0,0,0,0.025538804432087725,Persuadable
2558,50,75400.0,0,0.005,370,in_store,57.87,15,0,1,-0.02020841538063813,Not Persuadable
3184,47,58500.0,1,0.062,140,online,47.3,25,1,1,0.02848991658307555,Persuadable
254,28,59200.0,1,0.0,338,in_store,45.28,25,1,1,-0.022375544059226576,Not Persuadable
3924,48,55700.0,2,0.041,725,online,38.98,0,1,0,-0.042398954385767296,Not Persuadable
4200,44,32300.0,0,0.052,23,online,29.29,20,0,1,-0.0022893007079078705,Not Persuadable
1446,43,73300.0,3,0.166,139,in_store,39.57,25,1,1,0.10474830268395839,Highly Persuadable
1649,38,29500.0,1,0.104,1,online,48.42,0,1,0,-0.12146432629191561,Not Persuadable
4683,33,40900.0,3,0.001,262,in_store,47.52,20,0,1,-0.09721933013959509,Not Persuadable
4724,36,54800.0,1,0.03,100,online,42.56,30,1,1,0.0008483084642772363,Persuadable
3992,28,15000.0,0,0.145,444,in_store,36.08,20,1,1,0.05559488671368191,Persuadable
1697,34,36900.0,1,0.107,192,online,28.11,0,0,0,0.05213804795933887,Persuadable
3192,30,64000.0,2,0.177,143,in_store,46.88,10,1,1,0.14568538500495756,Highly Persuadable
4500,34,25300.0,1,0.255,529,in_store,35.25,20,1,1,0.17612818471282599,Highly Persuadable
1155,48,77500.0,3,0.112,629,in_store,55.56,20,1,1,0.13948362679332643,Highly Persuadable
2256,26,31000.0,4,0.177,1106,in_store,28.69,30,1,1,0.1546488476080771,Highly Persuadable
1683,34,20400.0,0,0.082,186,in_store,12.29,15,1,1,0.021861965589477117,Persuadable
3171,53,44200.0,4,0.146,683,online,45.25,0,0,0,0.1080536680986496,Highly Persuadable
2057,34,80400.0,4,0.0,850,online,56.25,0,1,0,0.0184461743559048,Persuadable
4091,67,46200.0,4,0.167,733,online,30.68,5,0,1,0.10744018098233714,Highly Persuadable
3109,24,15000.0,1,0.003,276,in_store,34.81,0,0,0,0.009684885470941932,Persuadable
4549,42,34500.0,2,0.196,355,in_store,26.83,20,0,1,0.029482273449111182,Persuadable
3724,51,48200.0,2,0.132,157,in_store,42.06,0,1,0,0.009916822997844396,Persuadable
2050,27,51300.0,2,0.074,315,in_store,34.34,0,1,0,0.020994598278610634,Persuadable
3644,32,15000.0,0,0.144,1,online,31.25,0,0,0,0.19928723590309494,Highly Persuadable
4938,20,43200.0,1,0.0,412,in_store,31.35,0,1,0,0.07568861820189896,Persuadable
624,33,15200.0,0,0.054,477,online,26.2,0,0,0,0.030660082757358553,Persuadable
263,43,55000.0,3,0.0,1,in_store,34.98,5,1,1,0.06059180614888324,Persuadable
3370,41,31400.0,0,0.068,177,online,22.87,25,0,1,-0.06898733249179717,Not Persuadable
4062,53,73700.0,3,0.089,35,online,48.76,0,1,0,0.07460186304088635,Persuadable
1803,36,40800.0,1,0.069,269,in_store,19.77,0,1,0,0.09046280751023651,Persuadable
4737,31,81500.0,1,0.084,74,in_store,57.5,0,0,0,0.025497195020428055,Persuadable
2386,33,38100.0,4,0.06,440,online,30.5,30,0,1,0.07482964723425865,Persuadable
1960,33,37600.0,3,0.111,676,online,37.59,0,1,0,0.06658147689225397,Persuadable
2977,31,65000.0,2,0.07,37,online,49.56,0,1,0,0.03984211970529571,Persuadable
489,30,23600.0,0,0.0,389,in_store,35.04,10,0,1,-0.0014533539533805534,Not Persuadable
1844,22,31900.0,0,0.124,1,online,22.96,20,1,1,0.125648794263782,Highly Persuadable
1735,34,50100.0,0,0.0,1,in_store,25.96,0,1,0,0.006045609580044663,Persuadable
2912,63,57600.0,6,0.096,467,online,45.34,10,1,1,-0.02701046472536275,Not Persuadable
3220,52,61700.0,1,0.082,496,in_store,42.56,25,1,1,-0.01677362809721234,Not Persuadable
147,33,64300.0,2,0.073,1,in_store,44.29,15,0,1,-0.01943495874964572,Not Persuadable
1987,42,30100.0,0,0.05,270,in_store,17.87,0,0,0,0.02631684985944661,Persuadable
1370,52,78000.0,4,0.113,611,online,46.77,0,0,0,0.0852914014341086,Persuadable
2812,36,28600.0,3,0.152,251,in_store,38.88,0,0,0,0.1076973063922546,Highly Persuadable
660,36,45100.0,4,0.124,238,in_store,45.87,0,1,0,-0.023839085799068356,Not Persuadable
1795,18,31000.0,1,0.106,122,online,29.4,0,0,0,0.09151016632145909,Persuadable
2512,60,41200.0,4,0.089,142,online,27.12,0,1,0,-0.026145230863575345,Not Persuadable
3398,37,50800.0,1,0.113,314,in_store,34.52,20,0,1,-0.023287677777006334,Not Persuadable
4283,50,60300.0,4,0.164,974,in_store,46.41,0,1,0,0.12898724958200694,Highly Persuadable
1148,35,31700.0,3,0.205,17,in_store,30.82,0,1,0,0.1556667726622363,Highly Persuadable
3273,38,85300.0,2,0.077,144,in_store,57.99,20,0,1,0.04654455488857982,Persuadable
609,20,34800.0,0,0.015,293,online,34.88,0,0,0,-0.028768528773117065,Not Persuadable
3583,41,31300.0,2,0.111,46,online,32.9,15,1,1,0.08778727066113749,Persuadable
1931,19,15000.0,1,0.054,468,in_store,37.44,20,0,1,-0.06890280230743687,Not Persuadable
198,35,24300.0,1,0.141,284,in_store,33.56,25,1,1,0.14566788739866607,Highly Persuadable
2932,50,27800.0,1,0.0,361,online,28.22,0,0,0,0.030259014736648316,Persuadable
2328,58,51200.0,3,0.146,783,in_store,30.93,15,0,1,0.07400273095088637,Persuadable
4390,59,57700.0,2,0.165,596,online,59.72,0,1,0,0.15062750373021824,Highly Persuadable
767,41,38800.0,3,0.071,621,in_store,44.83,0,0,0,0.03070512050858737,Persuadable
4497,34,37500.0,6,0.158,515,online,39.63,0,1,0,0.04022615162892665,Persuadable
4219,61,62300.0,1,0.168,72,online,53.27,15,1,1,-0.015322299882051688,Not Persuadable
3256,44,50500.0,0,0.001,82,in_store,41.99,0,0,0,0.041780129913200334,Persuadable
203,41,32100.0,0,0.0,66,online,23.58,0,1,0,0.03461388264268604,Persuadable
3511,46,32000.0,1,0.0,92,online,25.58,20,0,1,0.04054719323111434,Persuadable
1734,23,15000.0,1,0.058,342,online,36.92,0,1,0,-0.08673631566950377,Not Persuadable
2778,34,25000.0,2,0.057,251,in_store,34.58,0,1,0,0.11230800051543917,Highly Persuadable
1708,43,42300.0,3,0.114,784,in_store,53.14,0,0,0,0.00854582316319645,Persuadable
3475,24,37300.0,3,0.23,399,in_store,28.05,10,1,1,0.1259773333637753,Highly Persuadable
855,43,34900.0,3,0.113,516,in_store,46.02,0,1,0,-0.07241954859108443,Not Persuadable
4738,51,45700.0,3,0.026,49,in_store,44.25,0,0,0,0.0918332163104611,Persuadable
4098,50,68500.0,5,0.058,143,online,54.94,15,0,1,0.0067194641781226925,Persuadable
2161,34,39800.0,1,0.095,180,online,37.06,20,0,1,0.00912766660315752,Persuadable
699,29,28500.0,1,0.076,261,in_store,26.08,0,0,0,0.08957956970447316,Persuadable
4958,18,66900.0,4,0.126,901,online,54.81,25,1,1,0.046545637156298815,Persuadable
3000,36,46300.0,1,0.136,54,in_store,44.14,0,0,0,0.0551321306284755,Persuadable
3697,32,57300.0,3,0.201,290,in_store,43.0,0,1,0,-0.009501841658735195,Not Persuadable
1637,19,45400.0,1,0.0,502,online,32.55,15,0,1,0.04762382984762451,Persuadable
3458,29,29200.0,0,0.079,171,in_store,28.26,0,0,0,-0.022599052947804114,Not Persuadable
3582,65,67400.0,4,0.15,414,in_store,55.54,0,0,0,0.061359526359934365,Persuadable
1292,35,64200.0,1,0.057,228,in_store,31.8,15,1,1,-0.00722648539402951,Not Persuadable
4660,29,56300.0,2,0.224,451,online,47.11,0,0,0,-0.06704558065399678,Not Persuadable
1854,48,31600.0,1,0.147,309,online,21.05,0,1,0,0.11944910889768487,Highly Persuadable
3764,47,40000.0,1,0.076,410,in_store,29.33,0,0,0,0.028483274288782695,Persuadable
3305,77,50300.0,1,0.059,1,online,21.97,20,0,1,-0.04704288834971335,Not Persuadable
4923,42,32700.0,1,0.266,187,in_store,50.54,0,0,0,0.12872352669947007,Highly Persuadable
3744,48,31500.0,1,0.047,622,online,32.06,0,1,0,0.13132083428518,Highly Persuadable
3446,36,54100.0,0,0.0,1,in_store,48.86,25,0,1,-0.10860695034786434,Not Persuadable
1999,34,42300.0,2,0.164,140,in_store,31.99,0,0,0,0.1482213972833449,Highly Persuadable
664,36,46900.0,2,0.0,21,online,33.04,0,1,0,0.031753475268312174,Persuadable
4780,40,18000.0,2,0.037,90,in_store,20.02,0,0,0,0.07924593516333475,Persuadable
3749,31,38700.0,0,0.135,200,online,42.06,0,0,0,-0.030755121277318075,Not Persuadable
4414,31,16300.0,1,0.019,677,online,22.77,0,0,0,0.007673956571351622,Persuadable
4745,38,15800.0,2,0.038,90,in_store,22.72,20,0,1,0.021283840662714007,Persuadable
710,48,39000.0,3,0.153,290,online,29.52,0,1,0,0.18606573515567004,Highly Persuadable
1283,18,39300.0,3,0.082,366,online,32.17,0,0,0,0.053156776398303456,Persuadable
2676,44,29000.0,1,0.053,569,online,34.08,0,1,0,0.06311212992239487,Persuadable
4030,42,57100.0,5,0.31,628,in_store,46.1,0,1,0,0.005460113560325865,Persuadable
1307,28,15000.0,0,0.0,54,in_store,23.74,0,0,0,0.1525715528282845,Highly Persuadable
2238,39,45300.0,1,0.197,76,in_store,25.41,0,1,0,0.07418305456167155,Persuadable
3303,51,61600.0,4,0.219,325,in_store,30.67,15,1,1,0.13648469103517985,Highly Persuadable
2039,28,53500.0,1,0.123,434,in_store,39.77,0,1,0,-0.03072145336481278,Not Persuadable
1530,47,15100.0,2,0.239,312,in_store,19.4,0,1,0,0.13580613642003886,Highly Persuadable
1664,62,59300.0,1,0.0,50,in_store,29.35,15,1,1,0.03849073151484815,Persuadable
4945,38,48200.0,1,0.097,306,online,32.02,25,0,1,-0.014963360836707112,Not Persuadable
4964,34,57300.0,3,0.222,84,online,43.3,25,1,1,0.06769618484015666,Persuadable
3628,29,19900.0,1,0.157,609,online,21.77,0,0,0,0.2482003577446716,Highly Persuadable
2694,36,53700.0,0,0.0,606,online,41.1,20,1,1,0.0775377777181821,Persuadable
3061,54,49100.0,6,0.113,479,in_store,41.07,15,0,1,0.036085841832580415,Persuadable
1598,43,45300.0,0,0.0,183,in_store,34.98,25,0,1,-0.04050590568552113,Not Persuadable
2730,25,18600.0,2,0.0,391,in_store,20.43,0,0,0,0.012379152453080747,Persuadable
2626,38,44100.0,2,0.0,547,online,37.97,25,1,1,-0.03745872336619509,Not Persuadable
3158,37,17200.0,0,0.209,458,online,28.54,0,0,0,0.11841592977804033,Highly Persuadable
3315,53,45400.0,2,0.021,1,online,44.75,10,0,1,0.008460215862166397,Persuadable
1723,32,31000.0,3,0.171,215,in_store,45.55,0,0,0,0.06085352761932728,Persuadable
1060,45,65400.0,3,0.171,80,online,44.01,20,0,1,-0.0188325612738514,Not Persuadable
4637,18,18300.0,2,0.23,194,in_store,21.41,25,1,1,0.09182391522473253,Persuadable
3243,43,53500.0,2,0.0,104,in_store,40.37,0,0,0,0.10259667876325738,Highly Persuadable
1679,31,47300.0,0,0.172,300,in_store,29.3,25,1,1,0.037339798556980476,Persuadable
1758,67,46200.0,2,0.0,573,in_store,39.82,25,0,1,-0.09218975795625914,Not Persuadable
4192,50,22900.0,0,0.07,283,in_store,44.91,0,1,0,-0.014135660781758853,Not Persuadable
564,31,19200.0,3,0.019,577,online,37.86,20,1,1,0.05549778150170694,Persuadable
2791,58,51200.0,0,0.037,26,online,31.78,15,1,1,0.0049390560098577,Persuadable
864,41,53300.0,2,0.0,339,online,39.73,0,1,0,0.08279651389414938,Persuadable
1485,49,61600.0,0,0.03,623,online,45.76,0,1,0,-0.057800647262093316,Not Persuadable
207,30,16400.0,0,0.159,1,online,29.72,0,0,0,0.16108018158811285,Highly Persuadable
4489,45,54500.0,1,0.095,55,online,46.71,10,1,1,0.051163607003314945,Persuadable
871,43,50200.0,0,0.092,332,in_store,44.76,0,0,0,-0.02870418777160484,Not Persuadable
4494,28,38600.0,1,0.0,1,online,32.14,20,0,1,0.08776935938427662,Persuadable
503,31,22700.0,2,0.07,268,online,38.39,20,1,1,0.12263024232314647,Highly Persuadable
1029,40,58200.0,2,0.159,230,in_store,37.17,20,1,1,0.16133924902353458,Highly Persuadable
3841,23,15000.0,1,0.139,510,in_store,37.86,0,0,0,0.00710137353042551,Persuadable
2691,25,38600.0,1,0.0,294,in_store,22.01,0,0,0,0.03187756608957869,Persuadable
1571,40,34800.0,3,0.124,1,in_store,42.44,0,1,0,-0.10591608245203829,Not Persuadable
2774,38,59900.0,1,0.0,574,in_store,47.95,25,0,1,-0.12404834233978297,Not Persuadable
2732,24,32300.0,3,0.015,333,online,34.05,0,1,0,-0.01707672977530188,Not Persuadable
805,55,51200.0,2,0.202,237,in_store,64.13,20,0,1,0.03083598571072349,Persuadable
3646,22,27800.0,1,0.151,253,online,28.35,5,0,1,-0.005985760476691117,Not Persuadable
2455,35,37000.0,2,0.032,399,in_store,36.79,30,0,1,-0.008658125664980438,Not Persuadable
4599,54,48100.0,3,0.154,223,online,33.51,0,0,0,0.17284151267047546,Highly Persuadable
3105,39,44000.0,2,0.058,275,in_store,49.66,20,0,1,0.004076399305342625,Persuadable
4876,35,15000.0,4,0.174,615,in_store,42.46,20,1,1,0.12788929471885055,Highly Persuadable
201,44,52000.0,2,0.175,48,online,27.12,0,1,0,-0.004834136969783191,Not Persuadable
3100,47,77000.0,1,0.114,466,in_store,60.14,25,1,1,0.05021298245638718,Persuadable
2279,33,29400.0,1,0.176,324,online,38.55,0,1,0,0.06892436401253198,Persuadable
3562,41,62700.0,5,0.361,1,in_store,35.52,0,1,0,0.05394824670976025,Persuadable
4475,32,29700.0,0,0.0,59,in_store,34.3,10,0,1,0.050038302244141394,Persuadable
4515,41,39300.0,5,0.064,352,online,49.99,10,0,1,-0.08760069616435863,Not Persuadable
392,41,24800.0,5,0.102,203,online,30.96,30,0,1,0.01966906051143139,Persuadable
1496,27,15000.0,1,0.0,683,online,32.15,0,1,0,0.12325740496048751,Highly Persuadable
2696,51,67300.0,0,0.128,142,online,43.95,25,1,1,-0.041820682127895414,Not Persuadable
2028,18,33000.0,2,0.095,448,online,29.23,0,0,0,-0.022608682928634282,Not Persuadable
2569,18,49000.0,2,0.096,306,online,36.32,10,0,1,-0.04437719237902133,Not Persuadable
65,49,47300.0,2,0.055,1,in_store,32.06,0,1,0,-0.011791910208351063,Not Persuadable
3885,31,46500.0,2,0.172,394,online,29.21,25,0,1,-0.030247765616786295,Not Persuadable
2063,43,56900.0,4,0.15,199,in_store,40.81,0,0,0,0.15419476967623347,Highly Persuadable
493,37,40200.0,1,0.032,1,in_store,35.03,0,0,0,0.15169241762576832,Highly Persuadable
380,35,56800.0,1,0.213,590,in_store,49.91,0,1,0,-0.06271660238470134,Not Persuadable
4860,37,46500.0,2,0.015,437,online,50.54,0,1,0,-0.11090381636085253,Not Persuadable
3994,32,61200.0,2,0.354,783,online,46.73,25,0,1,-0.09197113833941221,Not Persuadable
4888,59,80200.0,3,0.147,1,in_store,53.15,10,1,1,0.11258560738168961,Highly Persuadable
1077,56,87400.0,3,0.253,205,in_store,46.09,25,1,1,0.17363105256520717,Highly Persuadable
879,39,63900.0,1,0.034,344,online,41.41,0,0,0,0.07275462915956159,Persuadable
338,44,61600.0,3,0.224,666,online,37.86,10,1,1,0.18362026125599057,Highly Persuadable
1017,41,61500.0,2,0.048,266,online,33.99,0,1,0,0.027084892605837914,Persuadable
1276,40,43600.0,7,0.31,403,online,38.36,0,1,0,-0.013869868920288856,Not Persuadable
3799,50,59300.0,2,0.132,313,online,39.21,25,1,1,0.08018807968743946,Persuadable
4552,32,56900.0,2,0.104,106,online,59.12,0,0,0,-0.007628287788827282,Not Persuadable
3343,60,41000.0,3,0.223,565,online,39.32,30,1,1,0.11605648582345857,Highly Persuadable
4912,46,39100.0,4,0.091,545,online,45.8,10,1,1,0.01564492985117396,Persuadable
996,44,26200.0,0,0.181,182,online,35.58,0,1,0,0.14983015914331846,Highly Persuadable
1982,33,32100.0,2,0.134,365,in_store,41.65,0,0,0,-0.08886749499788706,Not Persuadable
4298,32,55500.0,0,0.106,1,online,48.34,0,1,0,-0.008483402978226761,Not Persuadable
162,31,16900.0,0,0.022,587,in_store,29.25,20,0,1,-0.08274041491376562,Not Persuadable
4799,35,50600.0,2,0.0,1,in_store,51.62,0,0,0,-0.0829915267908728,Not Persuadable
1501,33,59300.0,2,0.088,55,online,49.32,10,1,1,0.07501328665466576,Persuadable
3844,62,72800.0,3,0.062,652,online,41.56,15,1,1,0.04208946476160838,Persuadable
2614,35,34000.0,4,0.0,302,online,41.93,0,0,0,0.05041933474808026,Persuadable
3462,23,35700.0,0,0.085,531,in_store,31.63,0,0,0,0.06604969245078343,Persuadable
1022,44,22600.0,2,0.166,685,online,49.14,0,1,0,-0.08489955623993374,Not Persuadable
3074,49,54700.0,3,0.146,173,online,49.58,5,0,1,0.02846840975802987,Persuadable
3944,48,74900.0,2,0.138,342,online,48.77,0,0,0,0.20991441469786828,Highly Persuadable
1586,21,26600.0,0,0.0,143,online,37.86,0,0,0,-0.09115460818766408,Not Persuadable
1956,28,36400.0,0,0.098,271,online,27.63,0,1,0,-0.039601144186247536,Not Persuadable
3153,45,37900.0,0,0.103,264,online,52.19,10,1,1,-0.0027653403338787257,Not Persuadable
35,47,65500.0,3,0.0,125,in_store,46.14,25,0,1,-0.022659248344752327,Not Persuadable
4015,42,69000.0,3,0.095,652,in_store,44.83,0,0,0,0.019781393580531114,Persuadable
776,42,51600.0,2,0.128,1,in_store,37.97,20,1,1,0.12979751983259022,Highly Persuadable
2557,18,26700.0,0,0.0,126,in_store,29.41,0,0,0,0.12385417279954622,Highly Persuadable
1479,35,33700.0,2,0.048,359,in_store,43.71,10,1,1,-0.0205872107283247,Not Persuadable
1364,50,52900.0,0,0.14,414,in_store,37.83,0,1,0,0.03634086588691847,Persuadable
2613,33,58200.0,3,0.022,323,in_store,53.87,0,0,0,0.08701541503732349,Persuadable
2825,40,29500.0,1,0.021,1,in_store,33.97,20,1,1,0.15693902653954883,Highly Persuadable
2042,48,68300.0,3,0.202,432,in_store,55.36,0,1,0,-0.022153079656700967,Not Persuadable
242,39,34200.0,4,0.102,638,in_store,32.4,0,1,0,-0.0031164177644318006,Not Persuadable
2062,61,49800.0,2,0.117,605,online,34.55,15,0,1,0.04374139522313668,Persuadable
2364,46,68100.0,3,0.008,469,in_store,44.77,10,1,1,-0.04306620175990951,Not Persuadable
601,46,74900.0,2,0.0,401,online,56.8,0,1,0,-0.026288794800097107,Not Persuadable
2436,29,15000.0,6,0.179,405,in_store,25.66,0,1,0,0.03970032761352582,Persuadable
2889,35,21200.0,1,0.0,1,online,25.72,15,0,1,-0.0078384975513048,Not Persuadable
647,47,27600.0,2,0.019,1,in_store,30.44,0,0,0,0.13616720952571104,Highly Persuadable
3891,25,32200.0,0,0.126,388,online,23.36,0,0,0,0.06368069605557193,Persuadable
3557,37,38000.0,0,0.175,69,in_store,33.26,0,0,0,0.13919796412818808,Highly Persuadable
3203,36,50100.0,0,0.0,71,online,42.46,25,0,1,-0.05000331202527828,Not Persuadable
1529,18,49100.0,1,0.18,163,online,22.61,20,0,1,-0.003097457766010182,Not Persuadable
1268,48,68000.0,1,0.194,181,in_store,49.97,10,0,1,0.05134644598417897,Persuadable
1900,27,15000.0,0,0.115,1,online,37.94,0,0,0,0.009991309662598329,Persuadable
4659,33,45400.0,2,0.0,487,in_store,45.38,30,1,1,-0.04524359367839058,Not Persuadable
3006,34,15000.0,1,0.0,418,online,22.94,15,0,1,-0.027046278820611048,Not Persuadable
2735,40,68000.0,2,0.078,329,in_store,61.22,20,1,1,0.027432747289191508,Persuadable
190,60,43700.0,2,0.149,273,in_store,32.91,5,1,1,0.09393950906342396,Persuadable
1807,46,66000.0,1,0.06,162,online,59.57,0,1,0,-0.004987944439305279,Not Persuadable
976,28,37100.0,4,0.171,597,in_store,44.68,30,0,1,0.029270013252853857,Persuadable
2748,34,50500.0,3,0.203,522,in_store,42.18,20,0,1,0.05692428262405385,Persuadable
2048,46,60500.0,2,0.164,1,in_store,46.53,0,0,0,0.08028282893620371,Persuadable
2559,57,50100.0,1,0.0,358,in_store,55.08,0,1,0,-0.08918252104644837,Not Persuadable
1083,45,54300.0,1,0.0,449,online,43.21,0,1,0,-0.059819998414270235,Not Persuadable
475,47,54300.0,3,0.092,622,in_store,47.84,0,1,0,0.035123912185540736,Persuadable
2905,35,30800.0,2,0.089,290,online,27.43,0,0,0,0.019885365773187298,Persuadable
4844,26,45400.0,0,0.043,314,online,33.14,10,0,1,0.029332638012477465,Persuadable
4118,52,15000.0,1,0.0,1,online,20.02,0,0,0,0.021453266815047403,Persuadable
3386,45,53900.0,2,0.112,209,in_store,40.7,25,1,1,0.10653011031409475,Highly Persuadable
4556,59,67500.0,4,0.279,240,in_store,59.35,15,1,1,0.1541091126406648,Highly Persuadable
1185,40,60500.0,4,0.106,172,online,59.36,5,1,1,0.08033719086328649,Persuadable
2434,41,57400.0,0,0.0,107,in_store,28.81,0,0,0,0.06877478803742351,Persuadable
2392,48,49400.0,1,0.0,623,online,29.99,20,1,1,0.07459737004924674,Persuadable
770,60,61600.0,2,0.105,338,in_store,36.86,20,1,1,-0.05654952875096714,Not Persuadable
1686,48,25200.0,1,0.046,102,online,21.57,0,1,0,0.040273078317191076,Persuadable
131,35,27900.0,3,0.159,439,online,43.96,30,1,1,0.009790189662230938,Persuadable
2920,51,87100.0,0,0.133,1,in_store,44.16,0,1,0,0.00335242230695915,Persuadable
3172,48,40200.0,1,0.12,506,online,20.38,0,0,0,0.14487772483533562,Highly Persuadable
3445,53,65100.0,5,0.252,1012,online,36.0,5,1,1,0.13175834524144567,Highly Persuadable
4427,42,35400.0,1,0.108,248,online,25.12,0,1,0,0.04092087509061622,Persuadable
467,36,54700.0,2,0.03,252,in_store,44.47,0,1,0,0.03069408984612822,Persuadable
3093,51,63500.0,2,0.0,357,online,41.42,0,1,0,0.030612292589757232,Persuadable
3773,45,45900.0,1,0.26,1,in_store,27.45,15,1,1,0.19914220901345905,Highly Persuadable
861,28,55000.0,1,0.062,1,in_store,38.58,20,1,1,0.11096524189796612,Highly Persuadable
