customer_id,age,income,previous_purchases,campaign_response,customer_tenure_days,avg_basket_size,channel_online,discount,purchase,treatment,ITE,segment
1053,0.0917680481779412,-1.0697810651427089,-0.0972627677878441,0.0654983682359304,-0.97857537089132,-1.892723066417496,0.0,15,0,1,-0.024773558101187414,Not Persuadable
2991,0.6936949009193102,0.4573152608861493,1.7471639285682412,1.360137209078958,0.7301259392903768,0.656582770548107,0.0,0,0,0,0.0587530228443084,Persuadable
1789,0.3497366993528136,-1.1736236153126711,1.1323550297828793,0.4668364088972692,-1.3237245133469744,-0.9473758731319788,1.0,0,1,0,0.09526244899175629,Persuadable
765,0.3497366993528136,-0.1596316548295094,0.5175461309975176,0.1043375334612213,1.4374686262982612,0.0537526762790817,1.0,0,1,0,0.06966013655827104,Persuadable
3248,-1.370054308479669,-1.7417034485954066,-1.3268805653585676,-1.306818803057679,-0.0283499540072341,0.6008014144225646,0.0,0,1,0,-0.0812446725467528,Not Persuadable
1102,0.607705350527686,-0.3612083698653187,2.3619728273536027,0.9717455568260498,0.3551490931657152,0.4031201172759033,1.0,20,0,1,0.06491649871316287,Persuadable
1666,-0.682137905346676,-0.5994353967258206,-0.712071666573206,-0.2193221767495355,0.6363817277592114,-1.0207723943497984,1.0,20,0,1,0.003328179757794733,Persuadable
280,0.2637471489611895,1.9233277338738533,-1.3268805653585676,-1.306818803057679,-0.4459378053733346,1.1772087610531743,0.0,0,1,0,-0.05804365024733463,Not Persuadable
3194,-1.1980752076964207,-1.1247565328797478,-1.3268805653585676,-0.5300354985518623,0.7855202461042473,-0.0353017694652058,1.0,0,1,0,-0.08312167145033647,Not Persuadable
4045,-1.0260961069131724,-0.4345089935147039,-1.3268805653585676,0.3373725248129663,0.0227832522824923,0.8425206242999174,1.0,10,0,1,-0.004700303042798124,Not Persuadable
2345,0.8656740017025585,0.9215525439989222,0.5175461309975176,0.4150508552635481,3.1291255343833826,1.805482982677711,0.0,0,0,0,0.1692628514169424,Highly Persuadable
3306,0.5217158001360619,0.719975828963113,0.5175461309975176,-1.125569365339655,0.5170709130831828,-0.3122513095271125,1.0,25,0,1,-0.013248504920240552,Not Persuadable
4619,2.843433660709913,0.1274624544639159,-0.0972627677878441,0.738710565474305,-1.3237245133469744,-0.3709685265013684,0.0,0,0,0,0.12719206782347728,Highly Persuadable
1695,-1.2840647580880449,-1.112539762271517,-1.3268805653585676,-1.306818803057679,0.8494367539664055,0.204460199846338,1.0,0,1,0,-0.0831523704845724,Not Persuadable
1663,-0.080211052605307,-1.8699795399818304,0.5175461309975176,-0.5688746637771531,0.5682041193729093,0.1477002234378909,0.0,0,1,0,0.10886422941963711,Highly Persuadable
2112,0.5217158001360619,1.1536711855553086,1.1323550297828793,-0.1934293999326751,-1.3237245133469744,1.915088454362989,0.0,30,0,1,0.050775870896397866,Persuadable
4518,-0.1662006029969311,-0.0069220222266235,0.5175461309975176,0.5056755741225601,-1.3237245133469744,0.656582770548107,1.0,15,0,1,-0.02460304339949241,Not Persuadable
890,-1.7140125100461656,-1.08199783575094,-1.3268805653585676,-0.6724457710445954,0.2273160774413987,-0.4492581491337091,1.0,0,0,0,0.0810666249704945,Persuadable
4461,0.4357262497444378,0.5733745816643425,0.5175461309975176,-1.0867302001143642,-0.6760372336771043,1.7399154237231254,0.0,0,1,0,-0.008909745445208572,Not Persuadable
3356,-1.8859916108294137,-1.8699795399818304,-0.712071666573206,-1.021998258072213,0.3466268921174274,-0.1507789628479094,0.0,0,1,0,-0.12359091326126714,Not Persuadable
2019,0.607705350527686,-0.4528341494270502,-0.0972627677878441,-1.021998258072213,1.7187012608917576,-0.344545778862953,1.0,0,0,0,0.07757654519351696,Persuadable
2727,-0.9401065565215484,-0.6849527909834366,-0.0972627677878441,0.1172839218696516,-0.0666998587245291,-0.9718413802045852,1.0,0,1,0,-0.06268244728455105,Not Persuadable
158,1.0376531024858069,0.9520944705194994,0.5175461309975176,0.2855869711792452,0.2699270826828375,0.7593379002530549,0.0,15,0,1,-0.04261435956948574,Not Persuadable
4013,0.6936949009193102,-0.013030407530739,-0.0972627677878441,0.8681744495586079,1.1647581927530528,0.7749958247795228,0.0,15,0,1,0.01095539468496718,Persuadable
3626,2.0695277071852964,1.7156426335339283,0.5175461309975176,-0.2970005072001173,-0.650470630532241,0.921788867215162,1.0,15,1,1,0.01471891814894551,Persuadable
2092,0.6936949009193102,-1.2163823124414792,1.7471639285682412,-0.5170891101434321,-0.3010603875524426,-1.5707569933419938,0.0,0,0,0,0.04377153070398621,Persuadable
3968,-1.1120856573047966,-0.8376624235863225,-1.3268805653585676,-1.306818803057679,-1.016925275608615,-0.5549491396873694,0.0,0,0,0,0.1184200306910369,Highly Persuadable
4268,0.3497366993528136,0.1030289132474542,-0.0972627677878441,1.0494238872766315,-0.0752220597728168,0.2132677823924767,1.0,0,0,0,0.14413121487780473,Highly Persuadable
1095,-0.682137905346676,0.072486986726877,-1.3268805653585676,-1.1385157537480854,0.436110003124449,-0.2466837505725268,0.0,0,1,0,0.0281272226856194,Persuadable
3912,2.499475459143417,-0.1901735813500865,0.5175461309975176,1.243619713403086,2.3067331332236134,-1.8477065334039,1.0,0,1,0,0.08507455623591303,Persuadable
3258,1.7255695056187998,0.1641127662886085,2.3619728273536027,0.5833539045731415,0.5383764157039022,-1.453322559393482,1.0,0,0,0,0.025075939414417676,Persuadable
4231,1.209632203269055,0.9826363970400764,-0.712071666573206,0.8034425075164564,0.3338435905449958,1.050966744558525,0.0,0,0,0,0.11812316580133035,Highly Persuadable
706,-1.0260961069131724,-0.3184496727365106,-1.3268805653585676,-0.2063757883411052,-1.0254474766569026,-0.6655332316555512,1.0,0,0,0,0.0439990438892715,Persuadable
600,-1.8000020604377898,-1.2163823124414792,-0.712071666573206,-0.2581613419748264,-1.046752979277622,0.9628909190971412,0.0,25,0,1,-0.05193976442907195,Not Persuadable
2570,0.5217158001360619,0.75051775548369,-0.712071666573206,-0.9054807623963405,-1.3237245133469744,0.8865585370306087,0.0,15,1,1,0.06297387765285588,Persuadable
3989,1.209632203269055,-0.3306664433447415,1.1323550297828793,-0.1028046810736631,2.396216244230635,-0.0216010855045467,1.0,25,1,1,0.060558686498536435,Persuadable
2835,0.5217158001360619,1.3369227446787717,-1.3268805653585676,1.2306733249946555,-0.1476607686832629,0.8444778648657255,0.0,0,0,0,0.02720825612525985,Persuadable
2239,-0.9401065565215484,1.2025382679882322,-0.712071666573206,0.1431766986865122,-0.6717761331529604,1.090111555874696,1.0,10,0,1,0.020788475247548635,Persuadable
4563,0.3497366993528136,-0.013030407530739,-1.3268805653585676,-0.9184271508047708,-0.1178330650142557,0.4354145866117438,1.0,0,1,0,0.06054278198657044,Persuadable
1783,-1.8859916108294137,-1.8699795399818304,-0.712071666573206,-1.306818803057679,1.7868788692780595,-1.9171885734901024,0.0,0,0,0,-0.013253070134150717,Not Persuadable
2814,-0.5101588045634277,0.3840146372367641,1.1323550297828793,2.253438009260648,-0.1178330650142557,1.5118968978064324,1.0,5,1,1,0.14330086878497264,Highly Persuadable
2842,1.1236426528774308,-1.6439692837295596,-1.3268805653585676,-1.1773549189733763,0.7216037382420891,-0.3200802717903465,0.0,0,0,0,0.005122282072106986,Persuadable
3955,0.0057784977863171,0.4512068755820339,1.1323550297828793,0.324426136404536,0.9559642670700026,-1.123527524054746,1.0,25,1,1,0.14025862064877553,Highly Persuadable
228,1.983538156793672,0.719975828963113,-0.0972627677878441,-0.0251263506230813,0.2230549769172548,0.0332016503380921,0.0,20,0,1,-0.10318419137692135,Not Persuadable
4416,-0.8541170061299242,-1.3568751744361345,0.5175461309975176,-0.6336066058193045,-0.3734990964628886,-1.5325908023087276,1.0,10,0,1,-0.021394640155579465,Not Persuadable
3135,-0.5101588045634277,0.3229307841956098,0.5175461309975176,0.8552280611501776,0.4915043099383194,0.7201930889368845,1.0,15,1,1,-0.0037391848421828703,Not Persuadable
4678,0.8656740017025585,1.0803705619059234,1.7471639285682412,0.2726405827708149,-0.9317032651257372,0.5802503884815751,1.0,15,1,1,-0.08766624235016074,Not Persuadable
3495,1.4676008544439274,0.3351475548038407,-0.0972627677878441,-1.306818803057679,0.1974883737723915,0.1222560960823803,0.0,0,0,0,0.01704578972774802,Persuadable
4513,1.295621753660679,2.112687678301432,2.3619728273536027,1.3342444322620977,0.9985752723114414,0.9022164615570772,0.0,15,0,1,-0.014620562091119286,Not Persuadable
241,-0.9401065565215484,0.2923888576750326,-0.0972627677878441,-0.1028046810736631,-1.3237245133469744,-0.0088790218267911,1.0,25,0,1,-0.014217108389153221,Not Persuadable
732,0.0917680481779412,0.0602702161186461,-0.712071666573206,-1.306818803057679,-0.0283499540072341,0.7260648106343096,0.0,0,1,0,-0.05996055799959173,Not Persuadable
30,0.4357262497444378,-1.5279099629513664,-0.712071666573206,-0.4911963333265715,0.6917760345730819,-0.3161657906587295,1.0,0,0,0,0.05909406000642783,Persuadable
107,-0.9401065565215484,0.3351475548038407,-0.0972627677878441,0.4409436320804086,1.126408288035758,-1.8985947881149212,0.0,20,1,1,0.13204932680437662,Highly Persuadable
4802,0.607705350527686,-0.9415049737562848,1.1323550297828793,0.1172839218696516,0.2358382784896865,-1.6275169697504408,0.0,5,1,1,0.057730518480263254,Persuadable
3881,-0.5101588045634277,-0.7277114881122446,-0.712071666573206,-1.1514621421565157,0.4062822994554418,1.0617315676704715,1.0,5,0,1,-0.2083476620082652,Not Persuadable
1845,-1.370054308479669,-0.9964804414933236,-1.3268805653585676,-1.306818803057679,-0.1093108639659679,0.0576671574106986,1.0,20,0,1,-0.11025591809400342,Not Persuadable
3472,-0.3381797037801794,-0.6544108644628595,-0.0972627677878441,-1.306818803057679,-1.2768524075813916,-1.1861592221606188,1.0,10,0,1,0.019733606787027073,Persuadable
2374,1.6395799552271757,-0.0008136369225081,-0.0972627677878441,-1.306818803057679,-0.8592645562152912,-0.2594058142502825,0.0,10,1,1,-0.008610331701958445,Not Persuadable
4858,-0.682137905346676,0.0602702161186461,-0.712071666573206,0.51862196253099,-1.2938968096779673,-0.4061988566859218,0.0,25,1,1,0.12755775005424985,Highly Persuadable
1169,-0.4241692541718035,-0.2879077462159335,-0.712071666573206,-0.0769119042568025,-1.2257192012916651,-0.292678903869027,0.0,0,0,0,0.10068118835318,Highly Persuadable
2158,-0.8541170061299242,-0.2084987372624328,-1.3268805653585676,0.0525519798275001,-0.2754937844075794,-0.7076139038204344,1.0,0,1,0,0.02916919032842164,Persuadable
2816,-0.5101588045634277,-1.8699795399818304,-0.712071666573206,-0.2452149535663961,0.6576872303799308,-0.0519383142745784,0.0,0,0,0,0.034787024282967476,Persuadable
799,1.0376531024858069,-0.2084987372624328,1.1323550297828793,-0.0510191274399419,-0.0411332555796658,0.0126506243971025,1.0,15,1,1,0.05446630915026063,Persuadable
3987,-1.1120856573047966,-1.1675152300085558,-0.712071666573206,1.1788877713609345,0.6619483309040747,-1.0334944580275536,0.0,0,0,0,0.09701695944736756,Persuadable
66,0.8656740017025585,0.7444093701795746,1.1323550297828793,2.1498669019932053,-0.4416767048491907,0.4667304356646802,0.0,5,1,1,0.09134179711791716,Persuadable
2700,-0.8541170061299242,0.1580043809844931,-1.3268805653585676,-1.1126229769312248,-0.2797548849317232,-1.4611515216567164,0.0,25,0,1,0.013638704147519427,Persuadable
1505,-0.2521901533885552,0.0052947483816072,0.5175461309975176,1.1529949945440738,1.1604970922289088,0.2436050111625083,0.0,0,1,0,0.06050418813498919,Persuadable
180,0.2637471489611895,-0.4955928465558582,-1.3268805653585676,0.0137128146022093,0.8068257487249667,-0.4473009085679003,0.0,0,1,0,-0.07850106096473243,Not Persuadable
1422,-0.2521901533885552,0.4450984902779184,0.5175461309975176,-0.1934293999326751,-0.612120725814946,1.1605722162438026,1.0,0,0,0,0.07624652595656614,Persuadable
625,0.5217158001360619,-0.2023903519583174,-0.712071666573206,1.1788877713609345,-1.3237245133469744,-0.6038801538325824,1.0,0,0,0,0.22957448252287135,Highly Persuadable
24,-0.1662006029969311,-1.057564294534478,-0.712071666573206,-1.306818803057679,-1.3237245133469744,-1.340781226859492,1.0,0,0,0,0.07313079330606696,Persuadable
2060,-1.1120856573047966,-0.5444599289887817,-1.3268805653585676,2.810132710823149,-1.0765806829466291,0.1134485135362416,0.0,0,0,0,0.10297853875735603,Highly Persuadable
682,0.6936949009193102,2.063820595868508,2.3619728273536027,0.0137128146022093,0.8835255581595566,1.1175129237960146,0.0,20,1,1,-0.027870200725087606,Not Persuadable
1631,-1.2840647580880449,-0.3428832139529724,-0.712071666573206,1.2824588786283768,-0.3053214880765865,-1.1783302598973844,1.0,0,0,0,0.180448196289447,Highly Persuadable
1091,-0.5961483549550518,-0.1107645723965859,-0.0972627677878441,-0.5688746637771531,0.615076225138492,0.196631237583104,0.0,0,0,0,0.03372516419349631,Persuadable
502,0.9516635520941824,-1.5828854306884053,-1.3268805653585676,-1.306818803057679,-1.3237245133469744,-0.7731814627750199,0.0,0,0,0,0.09799750325291494,Persuadable
4444,-1.0260961069131724,-1.6989447514665983,-1.3268805653585676,-1.306818803057679,0.0099999507100607,-1.098083396699235,1.0,0,0,0,-0.054555946143044015,Not Persuadable
229,-0.8541170061299242,-0.1046561870924705,-1.3268805653585676,-1.306818803057679,0.7642147434835279,-0.1742658496376112,1.0,0,0,0,-0.004703313387900641,Not Persuadable
4138,0.1777575985695653,-0.0252471781389698,-0.712071666573206,0.4279972436719784,-0.3138436891248743,0.6135234781003196,0.0,0,1,0,-0.05076294938471442,Not Persuadable
4639,-0.5101588045634277,-1.2896829360908646,-1.3268805653585676,1.1400486061356436,-0.867786757263579,-1.0168579132181814,0.0,0,0,0,0.16883279660185,Highly Persuadable
3788,0.0917680481779412,1.5751497715392735,-0.712071666573206,-1.306818803057679,-1.3237245133469744,1.247669421422282,0.0,25,1,1,0.025301970172414107,Persuadable
2221,0.0917680481779412,0.6283500494013814,-0.712071666573206,0.1302303102780819,-1.080841783470773,-0.0088790218267911,0.0,20,0,1,0.07132586119132367,Persuadable
3711,0.5217158001360619,-0.9903720561892084,-0.712071666573206,-1.306818803057679,1.241458002187643,0.4129063201049461,1.0,0,0,0,0.07961349922410571,Persuadable
1413,-1.6280229596545417,-1.7417034485954066,-0.712071666573206,1.8003144149655876,-1.3237245133469744,-2.203924316381052,1.0,10,1,1,0.123211512193707,Highly Persuadable
2684,-0.682137905346676,-1.8699795399818304,-1.3268805653585676,-0.607713829002444,0.7088204366696574,-1.3319736443133536,0.0,25,1,1,0.040528258871120756,Persuadable
85,-1.1980752076964207,0.0419450602062998,0.5175461309975176,0.1561230870949425,-0.7527370431116942,-0.5999656727009655,0.0,15,1,1,0.04198097331954607,Persuadable
4455,0.607705350527686,1.483523991977542,0.5175461309975176,0.4150508552635481,1.2542413037600744,1.6146520275113805,0.0,0,0,0,0.22573417955268896,Highly Persuadable
4587,0.5217158001360619,1.226971809204694,-1.3268805653585676,-0.89253437398791,0.3125380879242764,0.7808675464769486,0.0,25,0,1,-0.12026530842568131,Not Persuadable
4309,0.3497366993528136,-0.013030407530739,1.1323550297828793,-0.3099468956085476,2.289688731127038,0.1339995394772312,0.0,5,1,1,0.06820139410551555,Persuadable
2379,0.0917680481779412,-1.2041655418332484,-0.712071666573206,0.2079086407286636,0.0440887549032118,-0.1419713803017707,1.0,0,0,0,-0.08812879597003329,Not Persuadable
2697,0.5217158001360619,-0.3123412874323952,2.3619728273536027,0.6610322350237232,1.9061896839540884,0.3395097988871264,1.0,0,0,0,0.18206440161646623,Highly Persuadable
1210,0.3497366993528136,-0.4100754522982421,-0.0972627677878441,0.8422816727417473,0.2400993790138303,-0.06368175766943,1.0,0,0,0,0.14309409248378377,Highly Persuadable
2766,-0.682137905346676,-0.3917502963858958,-1.3268805653585676,0.6351394582068627,-1.3237245133469744,-0.5432056962925185,0.0,0,0,0,0.12585995667979782,Highly Persuadable
334,-1.0260961069131724,1.0192867088647692,-1.3268805653585676,0.233801417545524,-1.1490193918570752,-0.3367168165997191,1.0,0,1,0,0.041644358659871594,Persuadable
2093,0.1777575985695653,0.8360351497413061,-1.3268805653585676,-0.9961054812553524,-0.7484759425875502,0.2387119097479873,0.0,20,1,1,0.08011196685758425,Persuadable
200,-0.1662006029969311,-0.3001245168241643,-0.0972627677878441,1.1400486061356436,0.4488933046968806,-0.792753868433105,1.0,0,0,0,0.06871394114061903,Persuadable
2883,0.7796844513109343,0.4267733343655721,-0.712071666573206,-0.4523571681012805,0.1165274638136578,0.8992806007083644,0.0,0,1,0,-0.03920227834677864,Not Persuadable
1433,-0.8541170061299242,-0.6238689379422823,-0.0972627677878441,0.1302303102780819,1.599390446215729,-1.2683633259245768,0.0,0,0,0,0.152601829823384,Highly Persuadable
808,-1.2840647580880449,-0.788795341153399,-1.3268805653585676,-1.073783811705934,-0.505593212711349,-0.2995292458493569,0.0,0,1,0,-0.09236034836372553,Not Persuadable
4195,1.295621753660679,-1.08199783575094,1.1323550297828793,1.0105847220513406,1.411902023153398,-0.2868071821716012,1.0,15,1,1,0.16417077966233382,Highly Persuadable
3436,0.5217158001360619,1.0253950941688843,2.3619728273536027,1.90388552223303,0.2102716753448232,0.0694106008055495,1.0,0,1,0,0.14355832824771908,Highly Persuadable
3574,-0.080211052605307,-0.9842636708850928,1.1323550297828793,-0.3487860608338384,2.570921365720534,0.1907595158856783,1.0,0,1,0,0.0659167286516394,Persuadable
1030,1.1236426528774308,-1.4729344952143275,-0.712071666573206,1.114155829318783,0.2230549769172548,0.2318615677676574,0.0,0,1,0,-0.05665646081692657,Not Persuadable
3493,-0.2521901533885552,0.2801720870668017,0.5175461309975176,0.1431766986865122,-1.3237245133469744,1.132192228039579,1.0,10,0,1,-0.09211022807039092,Not Persuadable
1520,-1.8859916108294137,-0.7521450293287064,-0.712071666573206,-0.1934293999326751,0.8110868492491106,-1.0100075712378516,1.0,0,0,0,0.0716864779262724,Persuadable
4849,-0.7681274557383001,-1.3324416332196725,-1.3268805653585676,-0.6336066058193045,-1.3237245133469744,-1.3026150358262258,1.0,20,1,1,0.16347196062617414,Highly Persuadable
1955,0.2637471489611895,-0.0741142605718933,-0.712071666573206,0.3114797479961058,-0.3095825886007304,0.6242883012122664,1.0,0,1,0,-0.07280632296305921,Not Persuadable
2405,-0.8541170061299242,2.1310128342137777,2.3619728273536027,-0.0380727390315116,1.122147187511614,1.4189279709305278,0.0,15,1,1,-0.020413872362201785,Not Persuadable
4310,-1.8859916108294137,-1.8699795399818304,-1.3268805653585676,-0.9054807623963405,0.3295824900208519,-1.936760979148188,0.0,0,0,0,-0.03355177102061176,Not Persuadable
4131,1.0376531024858069,0.5855913522725734,0.5175461309975176,-0.0510191274399419,-1.3237245133469744,0.524469032356032,0.0,0,0,0,0.05111323375481348,Persuadable
2122,0.0917680481779412,0.1824379222009548,0.5175461309975176,1.7873680265571574,-0.1945328744488456,-1.0697034084950114,0.0,0,0,0,0.13357295628278398,Highly Persuadable
80,-0.3381797037801794,-0.8132288823698607,-0.0972627677878441,-0.1545902347073842,2.370649641085772,-1.1039551183966605,1.0,15,0,1,0.062391206909228045,Persuadable
4293,-0.8541170061299242,-1.8699795399818304,-0.712071666573206,-0.5429818869602926,0.977269769690722,-0.8622359085193078,0.0,0,0,0,0.052119624423558726,Persuadable
3292,0.2637471489611895,1.5507162303228117,-0.0972627677878441,-0.6336066058193045,-0.1945328744488456,1.0382446808807697,0.0,30,0,1,0.04987450501432645,Persuadable
3045,0.1777575985695653,-0.4039670669941267,-0.712071666573206,1.43781553952954,-0.5396820169045,-0.232004446328963,1.0,10,1,1,0.22839436508092462,Highly Persuadable
4733,2.3274963583601687,0.0236199042939535,-1.3268805653585676,-0.1157510694820934,-0.5865541226700828,-0.2819140807570802,0.0,10,0,1,-0.06592344046066032,Not Persuadable
3167,-0.9401065565215484,-0.5139180024682045,-0.712071666573206,0.2726405827708149,-0.2967992870282988,-0.6068160146812953,0.0,0,0,0,0.08813867967424692,Persuadable
4542,0.2637471489611895,-0.4589425347311656,2.3619728273536027,1.6061185888391336,-0.2030550754971333,-0.9806489627507236,1.0,15,1,1,0.2106055001332652,Highly Persuadable
2074,-0.2521901533885552,-0.098547801788355,-0.0972627677878441,-0.0639655158483722,-1.0382307782293343,-0.6997849415572002,1.0,30,1,1,0.15369606125551963,Highly Persuadable
734,-0.1662006029969311,-0.0618974899636624,-1.3268805653585676,1.1012094409103528,0.4829821088900317,-0.296593385000644,0.0,30,0,1,-0.0043275960292684405,Not Persuadable
3952,2.499475459143417,2.1004709076932007,2.3619728273536027,3.017274925358034,0.8196090502973984,-0.0959762270052705,0.0,25,0,1,-0.08254453937638809,Not Persuadable
3434,0.0917680481779412,-0.1290897283089322,-0.712071666573206,0.2596941943623846,0.7216037382420891,-0.5539705194044653,0.0,15,1,1,-0.010219262584593936,Not Persuadable
2219,-0.682137905346676,-0.4345089935147039,-1.3268805653585676,-0.1028046810736631,-1.2257192012916651,-0.736972512307562,0.0,0,0,0,0.06459886211618246,Persuadable
1742,1.5535904048355516,2.106579292997316,0.5175461309975176,0.1561230870949425,1.7954010703263474,0.9452757540048646,0.0,15,1,1,0.04276668069414251,Persuadable
297,0.3497366993528136,-0.5200263877723199,-0.712071666573206,-1.0608374232975035,-1.3237245133469744,-1.0393661797249794,0.0,10,1,1,0.07877184627176531,Persuadable
3560,-0.8541170061299242,-0.8926378913233614,-0.0972627677878441,-0.4782499449181411,0.794042447152535,0.2103319215437638,0.0,15,0,1,0.02078998090967718,Persuadable
712,0.6936949009193102,-1.8699795399818304,-0.0972627677878441,-1.0996765885227946,2.3067331332236134,-0.8260269580518499,0.0,15,1,1,0.16264528658663638,Highly Persuadable
897,-0.682137905346676,0.1702211515927239,0.5175461309975176,1.114155829318783,-0.8720478577877229,-0.400327134988496,0.0,30,1,1,0.09759287028479768,Persuadable
3950,0.0057784977863171,1.0437202500812308,0.5175461309975176,-0.4523571681012805,0.3934989978830101,0.2739422399325407,1.0,0,0,0,0.07879505653501917,Persuadable
374,0.8656740017025585,-0.1596316548295094,1.1323550297828793,0.3632653016298269,1.0752750817460313,0.5127255889611805,0.0,0,1,0,-0.035085314121718746,Not Persuadable
1558,0.7796844513109343,0.1580043809844931,-0.0972627677878441,0.1043375334612213,0.7088204366696574,0.2436050111625083,1.0,0,0,0,0.0852452943064051,Persuadable
4149,-0.080211052605307,0.0175115189898381,0.5175461309975176,-1.021998258072213,-1.3237245133469744,0.2357760488992744,0.0,10,0,1,0.12213218106768546,Highly Persuadable
1500,-1.1980752076964207,1.4285485242405032,0.5175461309975176,-0.0769119042568025,0.4403711036485928,1.524618961484188,0.0,0,1,0,0.009952238320199822,Persuadable
4618,-1.0260961069131724,-0.3184496727365106,-0.0972627677878441,-0.3099468956085476,-0.2541882817868599,-1.7997541395415912,0.0,30,1,1,-0.06522434753082672,Not Persuadable
472,-0.4241692541718035,-0.6666276350710904,-0.0972627677878441,0.5833539045731415,1.0795361822701752,-1.9396968399969008,0.0,0,0,0,0.17864884739837797,Highly Persuadable
1035,-0.5101588045634277,-0.5444599289887817,0.5175461309975176,-0.1028046810736631,0.218793876393111,-0.0382376303139187,1.0,20,0,1,-0.10582534982297637,Not Persuadable
1515,-1.7140125100461656,-1.8699795399818304,-1.3268805653585676,-0.5559282753687228,-1.3237245133469744,-1.826176887180006,0.0,10,0,1,0.060229333924608365,Persuadable
4237,0.1777575985695653,0.8177099938289598,-0.0972627677878441,0.2855869711792452,-1.2598080054848162,0.8200123577931189,0.0,10,0,1,-0.012061566908426092,Not Persuadable
1733,-0.2521901533885552,-0.4467257641229347,0.5175461309975176,0.5315683509394203,1.1860636953737722,0.3541891031306902,1.0,20,0,1,-0.01967128838049493,Not Persuadable
1271,1.5535904048355516,1.0986957178182697,1.1323550297828793,0.5445147393478507,-0.8209146514979963,1.4443720982860384,0.0,10,1,1,0.00817657394242078,Persuadable
3935,0.4357262497444378,1.678992321709236,3.5915906249243266,1.360137209078958,0.8494367539664055,2.6510109071069943,0.0,25,1,1,0.012981827023355243,Persuadable
4437,-0.4241692541718035,-1.045347523926247,1.7471639285682412,0.8940672263754684,-0.1178330650142557,0.1623795276814547,0.0,0,1,0,0.06265046460872326,Persuadable
4419,0.3497366993528136,0.8116016085248444,-0.0972627677878441,-1.2420868610155276,-1.2555469049606722,-0.0382376303139187,1.0,0,1,0,0.07104091468444104,Persuadable
2586,1.0376531024858069,0.0785953720309924,-0.712071666573206,0.0525519798275001,-0.5183765142837806,0.3571249639794031,1.0,0,0,0,0.07137186213149806,Persuadable
3636,-1.2840647580880449,-0.4467257641229347,-1.3268805653585676,-0.2581613419748264,2.6774488788241317,0.5753572870670534,1.0,0,0,0,0.003931186772012624,Persuadable
656,0.3497366993528136,-0.0008136369225081,-1.3268805653585676,0.4797827973056995,0.725864838766233,-0.6038801538325824,1.0,25,0,1,-0.05088697218100452,Not Persuadable
1293,-0.4241692541718035,-0.1290897283089322,-1.3268805653585676,0.8034425075164564,-0.8592645562152912,-0.0088790218267911,0.0,25,1,1,0.12323599772825242,Highly Persuadable
4752,0.2637471489611895,1.5079575331940038,-0.712071666573206,-0.7242313246783165,0.6960371350972258,1.7428512845718382,1.0,25,1,1,-0.050484414243746195,Not Persuadable
427,0.8656740017025585,-0.2146071225665483,0.5175461309975176,1.0105847220513406,-1.3237245133469744,0.9638695393800454,1.0,20,0,1,0.06884342617090879,Persuadable
2421,-1.8859916108294137,-0.7582534146328218,-0.712071666573206,0.8163888959248867,0.725864838766233,0.1124698932533375,1.0,25,1,1,-0.10253075399586788,Not Persuadable
2136,-0.3381797037801794,2.112687678301432,-0.712071666573206,-0.4911963333265715,-1.3237245133469744,1.3054080181136332,0.0,0,0,0,0.057261460777427664,Persuadable
1075,-0.9401065565215484,-0.4100754522982421,-0.712071666573206,0.7646033422911656,-0.8550034556911473,0.4040987375588074,1.0,0,0,0,0.05170112162350003,Persuadable
4840,0.4357262497444378,0.7138674436589975,1.7471639285682412,0.1690694755033727,1.339463314242952,1.0715177704995142,0.0,0,0,0,0.11301246666929252,Highly Persuadable
1323,0.0057784977863171,0.0785953720309924,-0.712071666573206,-0.1028046810736631,0.5128098125590388,0.3943125347297647,0.0,0,1,0,-0.04126218140047188,Not Persuadable
415,-0.2521901533885552,1.1048041031223852,1.1323550297828793,-1.306818803057679,1.0795361822701752,1.3377024874494736,1.0,25,1,1,0.021127433981328325,Persuadable
2485,-0.080211052605307,-0.4161838376023576,-0.712071666573206,-0.4911963333265715,-1.3237245133469744,0.4040987375588074,1.0,20,1,1,0.05837914895505574,Persuadable
2147,-0.9401065565215484,0.988744782344192,-0.0972627677878441,0.5315683509394203,-0.2541882817868599,1.0529239851243335,0.0,0,1,0,0.0832366021022892,Persuadable
590,1.6395799552271757,-0.1107645723965859,1.1323550297828793,0.4927291857141298,-0.1902717739247017,-0.3817333496133153,1.0,0,1,0,0.07502054612938702,Persuadable
169,-0.1662006029969311,0.8299267644371907,0.5175461309975176,0.4409436320804086,-1.3237245133469744,0.9149385252348322,1.0,0,1,0,-0.016535003144900896,Not Persuadable
3519,0.0057784977863171,0.072486986726877,2.9767817261389644,2.175759678810066,1.3011134095256571,0.7857606478914696,0.0,30,1,1,0.01794725591485766,Persuadable
2241,1.295621753660679,1.636233624580428,1.7471639285682412,2.810132710823149,-0.0113055519106586,0.9061309426886942,0.0,15,1,1,0.09947038820771434,Persuadable
997,0.7796844513109343,0.5794829669684579,-0.712071666573206,-1.2550332494239578,-1.3237245133469744,0.8151192563785978,1.0,20,1,1,0.0013939598259311249,Persuadable
3670,0.1777575985695653,0.1030289132474542,0.5175461309975176,1.670850530881285,0.1974883737723915,1.760466449664115,0.0,15,1,1,0.09466237908063473,Persuadable
1865,0.2637471489611895,-0.1474148842212785,-0.712071666573206,0.98469194523448,-1.3237245133469744,0.6066731361199897,1.0,0,0,0,0.08737438509644653,Persuadable
9,0.0057784977863171,-0.7582534146328218,-0.0972627677878441,-0.0898582926652328,-0.3734990964628886,-1.6402390334281962,1.0,20,1,1,0.07494869459082687,Persuadable
3186,-1.370054308479669,-1.8088956869406765,-1.3268805653585676,-1.306818803057679,0.5596819183246216,-2.108998148939338,1.0,0,1,0,-0.030819071438436742,Not Persuadable
498,-0.3381797037801794,0.3534727107161869,1.7471639285682412,0.0654983682359304,2.3067331332236134,-0.7085925241033385,1.0,0,1,0,0.04784139638865746,Persuadable
4335,0.607705350527686,1.0803705619059234,-0.0972627677878441,-0.6724457710445954,-0.5567264190010756,1.9982711784098504,0.0,30,1,1,0.10452915619813563,Highly Persuadable
145,-0.8541170061299242,-1.8699795399818304,-0.0972627677878441,0.3632653016298269,-1.0723195824224854,-2.5846076064308097,1.0,0,0,0,0.045252985899488424,Persuadable
658,0.1777575985695653,-0.2329322784788946,-0.0972627677878441,0.9070136147838987,0.3892378973588662,0.9638695393800454,0.0,0,1,0,-0.07445543062891313,Not Persuadable
2026,-1.542033409262917,0.5855913522725734,-0.0972627677878441,1.5543330352054123,1.1604970922289088,-0.0362803897481105,1.0,15,0,1,-0.0018486925359881901,Not Persuadable
298,-0.3381797037801794,-0.2207155078706637,-0.0972627677878441,-0.5170891101434321,-0.5950763237183705,-0.4629588330943688,0.0,0,1,0,0.09510464788861371,Persuadable
3781,0.4357262497444378,0.1396792250721468,0.5175461309975176,-0.5688746637771531,-1.3194634128228304,-0.4766595170550286,0.0,20,0,1,0.01303976085215211,Persuadable
1254,0.3497366993528136,-0.3673167551694341,-0.712071666573206,-1.306818803057679,-0.7996091488772769,-1.3691612150637156,0.0,0,0,0,0.048726070373075574,Persuadable
152,-1.0260961069131724,-0.5994353967258206,-0.0972627677878441,1.8909391338246,-0.2712326838834354,-0.2887644227374101,1.0,0,0,0,0.11026339943003353,Highly Persuadable
1744,-1.370054308479669,0.6588919759219586,-1.3268805653585676,-0.2711077303832567,-1.3237245133469744,-0.0088790218267911,1.0,30,0,1,-0.0010236418510831185,Not Persuadable
2628,1.5535904048355516,-0.788795341153399,-0.712071666573206,-0.6853921594530257,-0.6675150326288165,0.8699219922212368,1.0,15,1,1,0.03845487050193719,Persuadable
1198,-0.9401065565215484,0.0236199042939535,-1.3268805653585676,-0.2452149535663961,0.1719217706275282,-0.9483544934148828,1.0,20,0,1,-0.010446680832483774,Not Persuadable
3228,-0.080211052605307,-1.29579132139498,0.5175461309975176,-0.9702127044384918,2.8564151008381744,-2.3438670168363607,1.0,25,0,1,0.054728140914788156,Persuadable
3162,0.607705350527686,1.74007617475039,-0.712071666573206,-0.2970005072001173,-0.1263552660625435,1.6626044213736886,1.0,15,1,1,0.09187759387863967,Persuadable
4835,-1.6280229596545417,-1.2224906977455947,-1.3268805653585676,0.4279972436719784,0.180443971675816,-0.9796703424678193,0.0,30,0,1,-0.06094532387529027,Not Persuadable
3409,0.5217158001360619,1.1658879561635396,-0.712071666573206,0.7775497306995959,-0.9998808735120394,1.91998155577751,1.0,10,1,1,0.0909769576863465,Persuadable
1393,-0.5961483549550518,0.0419450602062998,-0.0972627677878441,-1.306818803057679,-0.4203712022284713,-0.3054009675467827,1.0,0,1,0,-0.01915822999774195,Not Persuadable
3941,0.0917680481779412,-1.8699795399818304,-0.712071666573206,-1.306818803057679,-0.2712326838834354,-0.7046780429717215,1.0,0,0,0,0.11564394803884355,Highly Persuadable
1414,1.295621753660679,0.341255940107956,-1.3268805653585676,-0.659499382636165,-0.1178330650142557,2.249776591116246,1.0,20,1,1,0.14972089576021522,Highly Persuadable
1540,1.5535904048355516,0.4634236461902647,-0.712071666573206,-0.8148560435373283,-1.272591307057248,0.4559656125527334,0.0,0,0,0,0.01617531234529648,Persuadable
2588,1.4676008544439274,-0.1779568107418557,3.5915906249243266,1.5931722004307034,2.813804095596736,-1.1528861325418736,1.0,15,1,1,0.12115368474975585,Highly Persuadable
1706,1.983538156793672,0.9704196264318456,-0.712071666573206,-1.306818803057679,-1.3237245133469744,0.9374467917416308,1.0,0,1,0,0.044694214061408784,Persuadable
3833,-0.1662006029969311,-1.1675152300085558,-0.712071666573206,-1.034944646480643,0.0781775590963628,-0.8857227953090102,1.0,20,1,1,0.057054876178813614,Persuadable
2999,0.8656740017025585,0.805493223220729,-0.0972627677878441,-1.306818803057679,1.241458002187643,0.4863028413227658,0.0,0,0,0,0.06466739819814733,Persuadable
4530,1.4676008544439274,-0.5322431583805508,0.5175461309975176,0.1431766986865122,-0.7186482389185431,-0.8788724533286804,0.0,20,1,1,0.028884460789235924,Persuadable
4260,-0.3381797037801794,-0.8437708088904379,-0.712071666573206,-0.1804830115242448,-1.3237245133469744,-0.7262076891956152,1.0,0,0,0,0.08855945497469572,Persuadable
3610,0.0057784977863171,-0.886529506019246,-0.0972627677878441,-0.8536952087626192,0.1548773685309527,0.0165651055287194,0.0,0,1,0,-0.029850267834550054,Not Persuadable
1445,-0.1662006029969311,-0.0680058752677779,0.5175461309975176,1.2695124902199466,-0.3990656996077519,1.3024721572649205,1.0,0,1,0,0.04095631515368438,Persuadable
101,-0.4241692541718035,-1.0331307533180163,-0.0972627677878441,0.3373725248129663,-1.3237245133469744,-0.6195380783590506,0.0,0,0,0,0.15897033322722134,Highly Persuadable
2820,0.8656740017025585,1.6912090923174667,2.3619728273536027,1.852099968599309,1.5439961394018584,1.5520203294055075,1.0,15,0,1,0.005098033068275349,Persuadable
1205,-0.682137905346676,-0.4100754522982421,-0.0972627677878441,-1.073783811705934,-0.7442148420634064,-0.2858285618886972,0.0,30,1,1,0.061185218652109935,Persuadable
1324,-1.6280229596545417,-1.283574550786749,0.5175461309975176,1.360137209078958,-1.3237245133469744,-1.1685440570683416,0.0,0,0,0,0.13914761061363312,Highly Persuadable
1026,-0.3381797037801794,0.2740637017626863,-0.0972627677878441,-1.306818803057679,0.5085487120348949,1.2633273459487495,1.0,0,0,0,-0.15197067917592,Not Persuadable
4059,0.607705350527686,0.1763295368968394,-0.0972627677878441,1.0494238872766315,-1.3237245133469744,-0.2652775359477076,0.0,0,0,0,0.1654079332006555,Highly Persuadable
1616,0.5217158001360619,0.7749512967001518,-0.712071666573206,1.3212980438536677,-0.3649768954146009,0.4393290677433608,0.0,0,1,0,-0.052870976793073204,Not Persuadable
2388,0.6936949009193102,0.5122907286231883,0.5175461309975176,1.1400486061356436,-0.4715044085181979,1.744808525137647,0.0,10,1,1,0.03136625334837356,Persuadable
1753,-0.682137905346676,-1.0881062210550552,-0.0972627677878441,0.7646033422911656,0.218793876393111,-1.3623108730833855,0.0,0,1,0,0.11485110891099957,Highly Persuadable
4999,0.0917680481779412,1.062045405993577,-0.0972627677878441,0.6998714002490141,0.5511597172763338,0.2641560371034979,1.0,15,1,1,0.11978400113723836,Highly Persuadable
1232,-1.1120856573047966,0.2251966193297628,1.1323550297828793,-0.2970005072001173,-0.6888205352495359,-0.0421521114455356,1.0,0,0,0,0.04595172651943147,Persuadable
4422,0.7796844513109343,0.072486986726877,-0.712071666573206,0.7128177886574444,-1.3237245133469744,-0.0333445288993976,0.0,25,1,1,0.1747269804220395,Highly Persuadable
3012,-0.3381797037801794,-1.735595063291291,-0.712071666573206,-0.6465529942277348,0.1122663632895139,-1.0677461679292028,0.0,0,0,0,0.015356353519932522,Persuadable
2506,0.9516635520941824,-0.2084987372624328,-0.712071666573206,-0.3099468956085476,-0.7740425457324136,-1.209646108950321,0.0,10,0,1,-0.012833669748744368,Not Persuadable
4382,0.3497366993528136,0.6527835906178432,-0.0972627677878441,-1.0867302001143642,-0.0880053613452485,0.471623537079202,0.0,0,0,0,0.08984990176949495,Persuadable
1211,0.9516635520941824,-0.1168729577007013,1.7471639285682412,0.6221930697984324,2.7413653866862893,-1.1656081962196292,1.0,10,1,1,0.1480195038338203,Highly Persuadable
3945,1.295621753660679,-0.1718484254377403,0.5175461309975176,0.609246681390002,-1.3237245133469744,1.30932249924525,0.0,15,0,1,-0.06283036684637741,Not Persuadable
1913,0.607705350527686,0.9154441586948068,-0.0972627677878441,0.1172839218696516,-0.8464812546428596,0.3864835724665307,1.0,0,1,0,0.017740749284931405,Persuadable
3527,0.4357262497444378,0.1518959956803776,0.5175461309975176,0.1431766986865122,1.5397350388777145,0.5831862493302873,0.0,0,0,0,0.07314530882168613,Persuadable
2528,-0.3381797037801794,0.2007630781133011,-0.712071666573206,-0.9054807623963405,-1.3237245133469744,1.583336178458444,0.0,0,0,0,-0.022179970961720943,Not Persuadable
2606,-0.9401065565215484,0.2007630781133011,-0.712071666573206,-1.306818803057679,-0.032611054531378,1.185037723316409,0.0,0,1,0,-0.05011796059373737,Not Persuadable
3984,-1.370054308479669,-0.5078096171640891,-0.712071666573206,0.7257641770658747,0.0398276543790679,-0.0030073001293653,1.0,0,1,0,0.01946269491041063,Persuadable
473,-0.2521901533885552,0.2923888576750326,-1.3268805653585676,-0.4653035565097109,1.122147187511614,0.9364681714587266,0.0,0,1,0,-0.11898088234732587,Not Persuadable
2844,0.7796844513109343,-0.3184496727365106,-1.3268805653585676,-1.306818803057679,-1.3237245133469744,0.1467216031549869,0.0,30,0,1,0.016201734560477233,Persuadable
4215,-0.080211052605307,-1.3507667891320188,1.1323550297828793,0.1172839218696516,0.794042447152535,-1.6333886914478664,0.0,0,0,0,0.1464463553081454,Highly Persuadable
4081,1.1236426528774308,-0.1351981136130476,1.1323550297828793,0.98469194523448,1.198846996946204,-1.393626722136322,0.0,20,0,1,-0.05985149166212287,Not Persuadable
3596,2.585465009535041,1.1109124884265007,1.7471639285682412,0.7516569538827352,-1.3237245133469744,1.0940260370063128,0.0,0,0,0,0.05100162918834184,Persuadable
1256,-0.682137905346676,0.4939655727108419,0.5175461309975176,-0.9184271508047708,1.5397350388777145,-0.3827119698962193,1.0,0,1,0,0.01943429814081707,Persuadable
4773,-0.3381797037801794,-0.6177605526381669,-1.3268805653585676,1.2824588786283768,0.10800526276537,-0.236897547743484,0.0,0,1,0,0.031192326397598853,Persuadable
1748,0.3497366993528136,0.7627345260919209,1.1323550297828793,-0.5688746637771531,3.2058253438179727,1.850499515691307,1.0,0,1,0,-0.042269235235724435,Not Persuadable
3917,-0.3381797037801794,0.341255940107956,-1.3268805653585676,0.5445147393478507,-1.191630397098514,0.0390733720355179,0.0,0,0,0,0.12067650388869834,Highly Persuadable
4979,1.209632203269055,0.5672661963602271,-0.0972627677878441,-0.5947674405940137,0.9474420660217148,1.42186383177924,0.0,15,0,1,-0.08431850753292663,Not Persuadable
3297,0.4357262497444378,0.1335708397680313,1.1323550297828793,-0.89253437398791,0.7727369445318156,0.1496574640036991,0.0,0,1,0,-0.0027207762409223496,Not Persuadable
3265,-0.5101588045634277,-0.23904066378301,0.5175461309975176,0.0396055914190698,-0.3692379959387448,0.2475194922941253,1.0,10,1,1,0.09873085342271944,Persuadable
249,3.015412761493162,1.7828348718791982,0.5175461309975176,-0.4135180028759897,-0.6547317310563848,1.479602428470592,0.0,25,0,1,0.008110188606583139,Persuadable
34,-0.8541170061299242,-0.4894844612517428,0.5175461309975176,-0.374678837650699,0.2784492837311253,0.700620683278799,1.0,20,0,1,-0.11274696923403393,Not Persuadable
2797,0.607705350527686,-0.013030407530739,0.5175461309975176,-0.6336066058193045,-1.1404971908087875,-0.8583214273876908,1.0,0,0,0,0.047742168710003086,Persuadable
3684,-0.4241692541718035,-0.2512574343912409,-1.3268805653585676,-0.8019096551288981,-1.3237245133469744,-0.567671203365125,0.0,5,1,1,0.10030144809422548,Highly Persuadable
506,-0.5961483549550518,-1.1797320006167866,-0.712071666573206,-0.6724457710445954,-1.3237245133469744,-1.061874446231777,1.0,0,0,0,0.14880004562514704,Highly Persuadable
3081,-0.5101588045634277,-0.9415049737562848,-0.712071666573206,-1.306818803057679,-1.0254474766569026,-2.27927807816468,1.0,15,1,1,0.014611013410354418,Persuadable
894,0.0057784977863171,1.074262176601808,-0.712071666573206,0.6610322350237232,1.5780849435950093,2.3358951760118214,0.0,20,1,1,0.12290169803074875,Highly Persuadable
627,-0.4241692541718035,0.1396792250721468,-0.712071666573206,0.557461127756281,-1.080841783470773,0.8894943978793216,0.0,0,1,0,-0.02007527067898243,Not Persuadable
3190,-1.370054308479669,-0.5139180024682045,0.5175461309975176,-1.306818803057679,-0.4757655090423418,-1.817369304633868,1.0,5,0,1,-0.09318393677166906,Not Persuadable
1673,0.1777575985695653,-1.01480559740567,-0.0972627677878441,-1.1514621421565157,-1.3237245133469744,-0.9904351655797664,0.0,0,0,0,0.1649369033610198,Highly Persuadable
2518,1.4676008544439274,0.5550494257519962,-0.0972627677878441,0.3114797479961058,-0.3734990964628886,0.7133427469565546,1.0,0,1,0,-0.12278369358986728,Not Persuadable
2723,-1.8000020604377898,-0.4100754522982421,-0.712071666573206,0.6869250118405839,-0.143399668159119,-0.974777241053298,1.0,0,0,0,0.05295551155337429,Persuadable
3040,-0.080211052605307,1.4468736801528497,1.1323550297828793,0.609246681390002,3.0268591218039296,0.7260648106343096,1.0,15,0,1,0.046931215537718854,Persuadable
1872,-0.5961483549550518,0.75051775548369,-1.3268805653585676,0.0525519798275001,-1.2299803018158089,0.088983006463635,1.0,0,0,0,0.06247759613345125,Persuadable
2852,1.4676008544439274,1.8561354955285836,-0.0972627677878441,0.9199600031923288,-1.2257192012916651,0.6546255299822988,1.0,20,0,1,0.025982657660916154,Persuadable
970,0.0057784977863171,1.385789827111695,-0.0972627677878441,-1.306818803057679,-0.2286216786419966,1.638138914301082,0.0,0,1,0,0.07863380813292525,Persuadable
417,1.1236426528774308,1.1048041031223852,0.5175461309975176,-0.2322685651579658,0.3295824900208519,-0.2564699534015696,0.0,0,1,0,-0.0976777830525543,Not Persuadable
1361,-0.4241692541718035,0.7566261407878055,-1.3268805653585676,-1.306818803057679,-0.2967992870282988,0.8415420040170125,1.0,0,0,0,-0.044914287259783595,Not Persuadable
231,-1.542033409262917,0.0114031336857227,-0.0972627677878441,-0.374678837650699,-0.7314315404909747,0.4833669804740529,0.0,20,1,1,0.08482775445790695,Persuadable
4871,-1.1980752076964207,-1.3324416332196725,-0.0972627677878441,-1.2679796378323882,-1.3237245133469744,-1.5247618400454932,1.0,0,0,0,0.10714289104705306,Highly Persuadable
3660,0.0057784977863171,0.6161332787931506,0.5175461309975176,1.217726936586225,0.8494367539664055,0.2436050111625083,0.0,25,1,1,0.09340543013417538,Persuadable
545,-0.2521901533885552,-0.2023903519583174,-0.712071666573206,-1.2420868610155276,-1.3237245133469744,-0.4932960618644012,1.0,25,0,1,0.09563282775432244,Persuadable
1245,1.1236426528774308,1.966086431002661,4.206399523709688,2.2404916208522176,0.90909216130442,1.2848569921726436,1.0,15,0,1,-0.00732835684675508,Not Persuadable
3318,-0.682137905346676,-1.8699795399818304,-1.3268805653585676,-0.89253437398791,-0.8848311593601546,-1.8985947881149212,0.0,5,0,1,0.03140912908779654,Persuadable
995,-0.080211052605307,-0.9415049737562848,-0.0972627677878441,-0.2193221767495355,0.9985752723114414,-1.7371224414357185,0.0,20,1,1,0.11363568000144576,Highly Persuadable
1621,0.607705350527686,0.1580043809844931,-0.0972627677878441,0.3503189132213966,0.6278595267109237,1.3915266030092084,1.0,15,0,1,-0.11129277438046899,Not Persuadable
1757,1.811559056010424,0.4695320314943801,2.9767817261389644,1.8132608033740176,1.6121737477881604,1.31617284122558,0.0,0,1,0,0.08829727770805611,Persuadable
4821,-0.5101588045634277,-0.6727360203752057,-0.712071666573206,1.2695124902199466,-1.3237245133469744,-1.750823125396378,1.0,0,0,0,0.1425024454663151,Highly Persuadable
1341,-0.8541170061299242,-0.6666276350710904,-1.3268805653585676,-1.306818803057679,-0.6291651279115216,-0.6919559792939662,0.0,20,0,1,0.03987451659783309,Persuadable
1819,0.5217158001360619,0.3656894813244178,1.1323550297828793,0.1172839218696516,0.6363817277592114,1.5755072161952093,0.0,0,1,0,-0.006321775689324356,Not Persuadable
813,0.2637471489611895,0.6405668200096123,-0.712071666573206,-1.306818803057679,-1.3237245133469744,0.5822076290473832,1.0,20,0,1,-0.000748420806078529,Not Persuadable
3510,-1.0260961069131724,-0.8193372676739762,-0.0972627677878441,0.453890020488839,1.1051027854150384,0.1457429828720821,1.0,0,0,0,0.006712207310010346,Persuadable
3910,-1.542033409262917,-1.8699795399818304,-0.0972627677878441,1.774421638148727,-1.3237245133469744,-2.235240165433988,0.0,20,0,1,0.06065084883909069,Persuadable
3009,-0.2521901533885552,-0.3123412874323952,-0.0972627677878441,-0.5170891101434321,1.4758185310155565,-0.1439286208675795,0.0,0,1,0,0.059745500313894355,Persuadable
3969,-0.5961483549550518,0.0175115189898381,-1.3268805653585676,-0.42646439128442,0.0611331569997873,0.1682512493788805,1.0,20,1,1,0.152259242239812,Highly Persuadable
4994,-0.682137905346676,0.2801720870668017,-0.0972627677878441,1.1271022177272134,0.5128098125590388,0.7583592799701508,1.0,5,1,1,-0.03994192024069346,Not Persuadable
3621,0.3497366993528136,1.1109124884265007,1.1323550297828793,1.023531110459771,-0.0965275623935363,2.306536567524694,1.0,10,1,1,0.14767760558102103,Highly Persuadable
1085,0.0917680481779412,-0.9537217443645156,1.1323550297828793,2.266384397669078,-0.2541882817868599,-0.067596238801047,1.0,20,1,1,0.17559706017028,Highly Persuadable
1104,0.5217158001360619,1.837810339616237,-0.0972627677878441,1.023531110459771,0.0185221517583485,0.2338188083334663,0.0,5,1,1,0.12283864800776588,Highly Persuadable
932,0.4357262497444378,-0.4345089935147039,-1.3268805653585676,-1.306818803057679,-0.5268987153320684,-0.1429500005846748,1.0,15,0,1,-0.030428134659569093,Not Persuadable
3059,-0.682137905346676,1.0376118647771155,-0.0972627677878441,0.9717455568260498,0.0057388501859168,0.2798139616299665,0.0,25,1,1,0.045346406268582704,Persuadable
3879,-1.370054308479669,-1.1247565328797478,0.5175461309975176,-1.306818803057679,-0.0240888534830903,-0.5852863684574017,1.0,0,0,0,0.03659116303946401,Persuadable
1145,0.0057784977863171,0.8604686909577679,-0.0972627677878441,-0.89253437398791,-1.085102883994917,2.110812510943841,0.0,0,0,0,0.022291536987695808,Persuadable
423,-0.5961483549550518,-0.4772676906435119,0.5175461309975176,-0.4135180028759897,-0.4459378053733346,-1.4640873825054292,0.0,20,0,1,0.0008227012997380455,Persuadable
1437,-0.4241692541718035,-0.013030407530739,-0.712071666573206,-0.1545902347073842,0.1847050721999599,0.7701027233650017,1.0,0,0,0,-0.04138044854125871,Not Persuadable
725,-0.9401065565215484,-0.3428832139529724,-0.712071666573206,-0.6206602174108743,-0.6760372336771043,0.1193202352336674,0.0,0,0,0,0.059465453107702994,Persuadable
1418,1.0376531024858069,0.3717978666285332,-0.712071666573206,-1.306818803057679,-1.3237245133469744,-0.2828927010399842,1.0,20,1,1,0.0029532919710004222,Persuadable
3738,1.6395799552271757,2.1615547607343557,0.5175461309975176,0.5963002929815718,-0.5695097205735072,0.9061309426886942,1.0,0,0,0,0.09699231492150541,Persuadable
3567,0.7796844513109343,0.4878571874067264,1.1323550297828793,0.8811208379670382,1.3309411131946642,0.1173629946678586,1.0,15,1,1,0.2751083886161729,Highly Persuadable
927,-0.1662006029969311,-0.1901735813500865,0.5175461309975176,0.51862196253099,-1.085102883994917,-1.7615879485083248,0.0,5,1,1,0.17681558034949016,Highly Persuadable
2291,0.4357262497444378,1.8255935690080063,1.1323550297828793,1.528440258388552,-0.4885488106147734,1.250605282270994,0.0,0,0,0,0.1546280769034954,Highly Persuadable
150,0.1777575985695653,-1.1247565328797478,-1.3268805653585676,-1.306818803057679,-0.9828364714154638,0.924724728063875,1.0,0,1,0,-0.058760716970456275,Not Persuadable
4090,0.7796844513109343,-1.0697810651427089,1.1323550297828793,0.0137128146022093,-1.2214581007675211,-0.2398334085921969,0.0,0,1,0,0.07426361993194824,Persuadable
3102,-0.5101588045634277,-0.4161838376023576,-0.712071666573206,0.9329063916007588,-1.3237245133469744,-0.9845634438823404,1.0,25,0,1,0.08030444155551314,Persuadable
4093,-0.7681274557383001,0.5855913522725734,1.1323550297828793,-0.9961054812553524,1.045447378077024,0.0067789026996774,0.0,0,1,0,-0.0511349207000246,Not Persuadable
13,0.0917680481779412,-1.2652493948744028,-0.712071666573206,0.4797827973056995,-0.2456660807385721,0.2504553531428382,0.0,10,0,1,0.0005976337074780442,Persuadable
469,1.1236426528774308,0.8849022321742296,-0.712071666573206,0.3762116900382572,0.7769980450559595,0.0694106008055495,1.0,20,1,1,-0.0274983367717158,Not Persuadable
3264,1.6395799552271757,0.9154441586948068,1.7471639285682412,0.2985333595876755,0.3040158868759886,0.1770588319250185,1.0,0,1,0,0.01884845987578339,Persuadable
3874,-1.2840647580880449,-0.1535232695253939,-0.712071666573206,-1.306818803057679,1.0752750817460313,-1.4141777480773117,1.0,0,1,0,-0.018341340439454873,Not Persuadable
1894,-1.8859916108294137,-0.0924394164842396,-0.712071666573206,0.3114797479961058,-0.394804599083608,-0.9571620759610212,1.0,0,1,0,-0.04946915773586087,Not Persuadable
3705,0.5217158001360619,-0.3062329021282798,-0.712071666573206,0.51862196253099,-0.4928099111389173,0.7730385842137146,0.0,10,1,1,-0.006467226802895098,Not Persuadable
1438,-1.8859916108294137,0.0480534455104153,-0.712071666573206,1.4248691511211096,-0.5993374242425143,-0.0441093520113445,1.0,0,0,0,0.04553604117609392,Persuadable
1860,-1.4560438588712932,-0.3001245168241643,-0.0972627677878441,0.1172839218696516,-0.4842877100906296,-0.1791589510521329,1.0,10,0,1,-0.05809711257145083,Not Persuadable
1841,-0.5961483549550518,1.31248920346231,-0.0972627677878441,-1.1903013073818065,-1.3237245133469744,1.6244382303404223,0.0,0,0,0,-0.017231535702861744,Not Persuadable
3659,-0.9401065565215484,0.0969205279433387,-0.712071666573206,0.3503189132213966,0.1207885643378016,-0.1899237741640798,1.0,0,1,0,-0.004242917201275293,Not Persuadable
2105,-0.2521901533885552,-0.3123412874323952,-0.0972627677878441,0.7646033422911656,-0.6419484294839533,-1.1949668047067572,0.0,0,0,0,0.20065060244736935,Highly Persuadable
3612,-0.7681274557383001,-0.8620959648027842,-1.3268805653585676,-1.306818803057679,-0.5567264190010756,0.4305214851972228,1.0,10,1,1,0.0027017155828051344,Persuadable
812,-0.5961483549550518,0.115245683855685,-0.712071666573206,-0.0251263506230813,0.3082769874001325,0.6575613908310117,1.0,20,0,1,-0.1215114562855151,Not Persuadable
2664,-1.4560438588712932,-1.534018348255482,-0.712071666573206,0.8422816727417473,0.3466268921174274,-0.7614380193801686,0.0,0,0,0,0.05818192820705231,Persuadable
1269,0.6936949009193102,0.25573854585034,-0.0972627677878441,0.9976383336429104,-1.119191688188068,-0.2192823826512074,1.0,0,1,0,0.11283795234738146,Highly Persuadable
1962,-0.682137905346676,1.2208634239005784,0.5175461309975176,0.3114797479961058,0.3167991884484202,1.139042570019909,0.0,0,1,0,-0.06335903933884375,Not Persuadable
3707,-0.1662006029969311,-0.2940161315200489,1.1323550297828793,-0.0898582926652328,1.2201524995669233,0.1291064380627102,1.0,0,1,0,-0.07595506061090147,Not Persuadable
2878,-0.5101588045634277,0.2068714634174165,2.9767817261389644,3.224417139892918,-0.5354209163803562,-1.278149528753619,1.0,5,1,1,0.09527386223927836,Persuadable
4545,0.607705350527686,-0.2268238931747791,-0.0972627677878441,-0.2452149535663961,-1.0297085771810466,-0.3905409321594533,0.0,20,0,1,0.1217905163749637,Highly Persuadable
4264,0.8656740017025585,-0.8804211207151305,-1.3268805653585676,-0.2452149535663961,-0.6547317310563848,-1.6578541985204729,1.0,25,1,1,-0.06519861735696776,Not Persuadable
394,0.5217158001360619,-0.5139180024682045,0.5175461309975176,-1.306818803057679,2.021239398105973,-0.7291435500443281,0.0,0,0,0,0.16609148693877915,Highly Persuadable
2631,0.0917680481779412,0.9704196264318456,-1.3268805653585676,-1.306818803057679,0.1207885643378016,0.0713678413713584,1.0,5,1,1,0.09599030382462466,Persuadable
585,0.7796844513109343,-0.1351981136130476,-0.0972627677878441,1.023531110459771,-1.0637973813741977,-0.6968490807084876,1.0,0,1,0,0.13285210220286423,Highly Persuadable
4965,-0.682137905346676,-0.4345089935147039,-1.3268805653585676,-0.9054807623963405,0.2571437811104059,-0.3895623118765492,1.0,0,1,0,-0.07659729172820297,Not Persuadable
492,0.3497366993528136,-1.8699795399818304,-0.712071666573206,0.0396055914190698,-1.3237245133469744,-2.9907350238360784,1.0,15,0,1,0.034329642765034876,Persuadable
2651,-1.1120856573047966,-1.8699795399818304,-0.712071666573206,-1.306818803057679,1.232935801139355,-0.9855420641652448,0.0,0,1,0,-0.03808576067268559,Not Persuadable
3041,1.295621753660679,0.1946546928091856,-0.712071666573206,-0.5559282753687228,-0.467243307994054,0.8474137257144384,0.0,0,1,0,0.0721907198790014,Persuadable
133,0.6936949009193102,0.341255940107956,1.1323550297828793,0.7646033422911656,1.6888735572227502,1.361189374239176,1.0,0,0,0,0.1390496725413056,Highly Persuadable
1589,-1.0260961069131724,-1.1186481475756325,-1.3268805653585676,-1.306818803057679,0.1889661727241038,-0.8730007316312546,1.0,0,0,0,0.12657292489389632,Highly Persuadable
1739,-0.8541170061299242,-0.013030407530739,0.5175461309975176,-1.306818803057679,-1.046752979277622,-1.586414917868462,1.0,0,1,0,0.008861238826462817,Persuadable
4986,0.4357262497444378,1.0376118647771155,0.5175461309975176,-0.5300354985518623,0.0909608606687945,0.5518704002773516,0.0,25,1,1,-0.022534746981288628,Not Persuadable
1019,-0.3381797037801794,0.7932764526124981,-0.712071666573206,-0.9054807623963405,-0.2371438796902844,0.3013436078538601,0.0,25,1,1,0.11253486035432518,Highly Persuadable
4379,-0.5101588045634277,1.5446078450186964,-0.712071666573206,-1.306818803057679,-1.0893639845190608,0.204460199846338,0.0,0,1,0,-0.009129843957697286,Not Persuadable
4703,-1.8859916108294137,-0.4100754522982421,-0.712071666573206,0.8034425075164564,-1.1490193918570752,0.0977905890097737,0.0,20,1,1,-0.04267382291694167,Not Persuadable
2308,0.0057784977863171,-1.6745112102501367,-0.712071666573206,0.0396055914190698,-1.3237245133469744,-0.6870628778794449,1.0,25,0,1,0.046883139754113456,Persuadable
288,0.0917680481779412,-0.6727360203752057,-1.3268805653585676,2.175759678810066,-0.8550034556911473,-0.3944554132910702,0.0,0,1,0,0.12089519470059805,Highly Persuadable
2211,0.7796844513109343,0.0969205279433387,1.7471639285682412,-1.1126229769312248,-0.6035985247666583,-0.2662561562306124,0.0,10,0,1,0.08116289343990911,Persuadable
3130,0.3497366993528136,-0.4711593053393965,1.1323550297828793,0.2596941943623846,-0.0794831602969607,0.1477002234378909,0.0,0,1,0,0.0198546318083521,Persuadable
4576,0.3497366993528136,0.7749512967001518,-0.0972627677878441,-0.4135180028759897,-1.2001525981468018,0.3806118507691056,0.0,25,0,1,0.04462953080997457,Persuadable
1407,0.2637471489611895,-0.281799360911818,1.7471639285682412,2.175759678810066,1.3522466158153836,-0.7487159557024133,1.0,0,1,0,0.060001490010841985,Persuadable
2367,1.1236426528774308,0.1396792250721468,-0.0972627677878441,0.1949622523202333,-0.1902717739247017,0.0400519923184219,0.0,25,1,1,0.036416925529888365,Persuadable
2292,1.209632203269055,-0.196281966654202,0.5175461309975176,0.1172839218696516,1.2116302985186356,-0.1664368873743773,0.0,15,1,1,0.14844714449969357,Highly Persuadable
950,-1.8859916108294137,1.984411586915008,0.5175461309975176,-0.1157510694820934,0.3551490931657152,0.3952911550126694,0.0,0,0,0,0.020257018614556435,Persuadable
3478,-0.2521901533885552,1.7339677894462748,1.7471639285682412,1.90388552223303,1.4545130283948369,0.7348723931804484,0.0,15,0,1,-0.024802358924127285,Not Persuadable
3887,-1.0260961069131724,-0.6727360203752057,-0.712071666573206,1.0882630525019223,-0.4075879006560397,0.6125448578174155,0.0,5,0,1,0.03674300801331099,Persuadable
3405,-1.542033409262917,-0.6177605526381669,1.1323550297828793,0.609246681390002,-1.3237245133469744,0.1760802116421145,0.0,0,0,0,-0.0018799640676338744,Not Persuadable
2296,0.9516635520941824,0.7077590583548821,0.5175461309975176,-0.607713829002444,-0.7740425457324136,0.0332016503380921,0.0,25,1,1,0.10962817744900441,Highly Persuadable
4224,-1.1980752076964207,-1.4546093393019812,-0.712071666573206,-0.8278024319457586,-1.3237245133469744,-0.4414291868704752,0.0,0,0,0,0.18053517209578138,Highly Persuadable
4612,2.0695277071852964,1.624016853972197,0.5175461309975176,-0.5818210521855834,0.4616766062693123,0.3492960017161692,0.0,20,0,1,-0.027789578968107912,Not Persuadable
4486,-0.682137905346676,0.1335708397680313,1.7471639285682412,0.2208550291370937,0.8068257487249667,-0.1175058732291641,1.0,20,1,1,-0.0007860801114470033,Not Persuadable
4340,-0.2521901533885552,0.1396792250721468,-0.0972627677878441,0.2208550291370937,1.6803513561744623,1.6557540793933587,0.0,10,0,1,0.05478969660927252,Persuadable
2222,-0.7681274557383001,-0.4589425347311656,-1.3268805653585676,-0.1675366231158145,0.2400993790138303,1.1586149756779938,0.0,30,0,1,-0.17017324292727315,Not Persuadable
1042,1.0376531024858069,0.4450984902779184,-0.712071666573206,-1.306818803057679,2.132028011733714,0.535233855467979,0.0,10,1,1,0.020515422995040965,Persuadable
3846,-1.8859916108294137,0.0541618308145307,1.1323550297828793,1.191834159769365,-1.3237245133469744,0.0420092328842308,1.0,10,0,1,0.03037772713906192,Persuadable
4339,0.0057784977863171,-0.3856419110817804,1.7471639285682412,-0.7371777130867467,3.3890526663561595,-0.6449822057145617,1.0,0,0,0,0.1004238454189986,Highly Persuadable
3883,0.3497366993528136,-0.7704701852410527,1.1323550297828793,-0.1934293999326751,-0.863525656739435,-0.5216760500686247,0.0,15,1,1,0.017805174954404323,Persuadable
2305,0.3497366993528136,0.115245683855685,-0.0972627677878441,0.2985333595876755,-1.0765806829466291,0.4726021573621061,0.0,0,0,0,-0.023768362186014448,Not Persuadable
4403,-0.682137905346676,-0.8437708088904379,-0.712071666573206,0.3632653016298269,-1.3237245133469744,-2.8018613092355555,0.0,0,1,0,0.08407140415224292,Persuadable
430,0.4357262497444378,2.2959392374248946,1.1323550297828793,0.1172839218696516,-0.5141154137596368,1.6645616619394974,0.0,0,0,0,0.09164083606515762,Persuadable
1045,-0.7681274557383001,0.3107140135873789,-0.0972627677878441,-0.0380727390315116,0.7301259392903768,0.8121833955298849,0.0,0,1,0,-0.10172261345438584,Not Persuadable
1808,0.0057784977863171,-0.7093863321998983,1.1323550297828793,0.453890020488839,0.1037441622412261,-2.1921808729862,0.0,0,0,0,0.12859156588200243,Highly Persuadable
4953,-0.080211052605307,0.6711087465301895,-0.0972627677878441,0.8552280611501776,0.1847050721999599,-0.4140278189491557,1.0,5,1,1,0.07021539223951988,Persuadable
3655,0.607705350527686,-0.8071204970657453,-1.3268805653585676,-1.306818803057679,0.3807156963105785,-1.9289320168849535,1.0,20,0,1,-0.0012953951823184177,Not Persuadable
830,-1.8859916108294137,-1.4485009539978655,-1.3268805653585676,-0.0898582926652328,0.0952219611929384,-1.3916694815705135,1.0,20,1,1,0.0037442304817488516,Persuadable
2978,-0.1662006029969311,-0.660519249766975,1.1323550297828793,-0.0639655158483722,-0.863525656739435,-0.4991677835618263,1.0,25,0,1,-0.007449591318923924,Not Persuadable
1719,0.607705350527686,-1.466826109910212,-0.0972627677878441,-0.4005716144675594,-0.8848311593601546,-0.2085175595392605,1.0,0,0,0,0.07152147542281781,Persuadable
466,-0.5101588045634277,0.1763295368968394,-0.712071666573206,1.217726936586225,-1.3237245133469744,0.1565078059840289,0.0,0,0,0,0.18578831553981986,Highly Persuadable
3961,1.3816113040523033,0.481748802102611,-0.0972627677878441,0.6739786234321535,0.7130815371938013,-0.0088790218267911,1.0,0,0,0,0.09642115106073475,Persuadable
1372,0.8656740017025585,2.3570230904660487,-0.0972627677878441,-0.9572663160300616,0.6960371350972258,1.8700719213493928,1.0,10,1,1,0.02270532700096342,Persuadable
1457,2.413485908751793,1.3002724328540791,0.5175461309975176,1.0494238872766315,1.0752750817460313,0.6125448578174155,0.0,15,1,1,0.00773485965116516,Persuadable
1188,0.3497366993528136,0.2190882340256474,-0.0972627677878441,-1.306818803057679,-0.5993374242425143,0.9902922870184608,1.0,0,1,0,-0.09174763611279547,Not Persuadable
3163,0.607705350527686,-0.7704701852410527,0.5175461309975176,-0.5947674405940137,-0.8848311593601546,0.91200266438612,0.0,0,0,0,-0.03483287767589263,Not Persuadable
4646,-0.8541170061299242,-1.479042880518443,-1.3268805653585676,-1.306818803057679,-1.080841783470773,0.0459237140158477,0.0,30,1,1,0.06175130341706317,Persuadable
678,0.4357262497444378,0.5489410404478808,-0.712071666573206,-1.306818803057679,-0.90187556145673,-0.896487618420957,1.0,25,1,1,0.10742648803387261,Highly Persuadable
487,-0.7681274557383001,1.3491395152870025,0.5175461309975176,1.7226360845150064,-0.4374156043250469,1.2926859544358775,0.0,5,1,1,0.18127972623748975,Highly Persuadable
2232,-1.1120856573047966,0.4023397931491104,-0.0972627677878441,-0.5300354985518623,-0.0411332555796658,1.1840591030335044,0.0,0,1,0,-0.02842798144673498,Not Persuadable
1039,0.8656740017025585,-0.3245580580406261,0.5175461309975176,1.0364774988682013,-0.2712326838834354,-0.2231968637828243,1.0,10,0,1,0.0418274343621109,Persuadable
764,0.6936949009193102,2.094362522389085,0.5175461309975176,0.648085846615293,-0.5652486200493634,3.084539692433582,1.0,0,0,0,0.1415449881674393,Highly Persuadable
2956,-1.0260961069131724,-1.8699795399818304,-1.3268805653585676,-1.306818803057679,-0.5311598158562123,0.531319374336362,1.0,0,1,0,-0.01655279821753889,Not Persuadable
3656,0.3497366993528136,0.2862804723709172,-0.0972627677878441,-0.8536952087626192,0.325321389496708,0.9981212492816948,0.0,0,1,0,-0.12643951241934306,Not Persuadable
3755,-0.2521901533885552,0.6527835906178432,-0.712071666573206,-0.5818210521855834,1.5397350388777145,-0.0353017694652058,0.0,0,0,0,0.04776725574364706,Persuadable
3652,0.2637471489611895,1.4590904507610802,1.1323550297828793,0.3373725248129663,1.6590458535537431,0.8924302587280345,1.0,25,1,1,0.08300124213769941,Persuadable
766,-1.8000020604377898,-0.788795341153399,-0.712071666573206,-1.306818803057679,-0.6717761331529604,-1.127442005186363,0.0,0,0,0,-0.02983853813806754,Not Persuadable
4271,-1.2840647580880449,-0.7216031028081292,-1.3268805653585676,-0.2452149535663961,2.374910741609916,-0.9052952009670954,1.0,15,0,1,0.0640771863233177,Persuadable
291,-0.2521901533885552,0.298497242979148,-0.0972627677878441,-1.306818803057679,-1.153280492381219,0.6693048342258626,1.0,0,0,0,-0.04308893295797121,Not Persuadable
2120,0.7796844513109343,-0.917071432539823,-0.712071666573206,-1.0867302001143642,-0.7612592441599819,-1.31044399808946,0.0,15,0,1,-0.022292986651444222,Not Persuadable
3540,-0.8541170061299242,-0.1596316548295094,-1.3268805653585676,0.4021044668551178,-0.7569981436358381,-0.2554913331186648,0.0,0,0,0,-0.002689056761626749,Not Persuadable
253,1.811559056010424,2.4486488700277804,1.1323550297828793,1.8003144149655876,2.690232180396563,2.387762051005748,0.0,25,1,1,0.006273533199869875,Persuadable
3261,0.0917680481779412,-1.3935254862608268,-0.712071666573206,1.4766547047548308,-1.3237245133469744,-1.0060930901062342,0.0,20,1,1,0.16407656085869018,Highly Persuadable
351,0.3497366993528136,-0.3612083698653187,-0.0972627677878441,-0.012179962214651,1.4417297268224052,-1.9465471819772304,0.0,0,1,0,0.04925742023683486,Persuadable
3708,0.607705350527686,0.8116016085248444,-0.0972627677878441,0.5963002929815718,-0.4374156043250469,-0.1517575831308135,1.0,0,0,0,0.14691300380362976,Highly Persuadable
3204,1.1236426528774308,-0.2084987372624328,-0.712071666573206,-1.306818803057679,0.8025646482008228,-0.0989120878539834,0.0,0,1,0,-0.11286187101397353,Not Persuadable
1740,0.0917680481779412,-0.8926378913233614,-0.712071666573206,-0.3358396724254082,-0.143399668159119,-1.9573120050891768,0.0,20,0,1,0.0022667520000824635,Persuadable
677,2.499475459143417,-0.281799360911818,1.1323550297828793,-1.034944646480643,-0.3905434985594642,0.4315001054801269,0.0,0,1,0,0.056176300307913596,Persuadable
91,0.6936949009193102,0.6100248934890351,-0.0972627677878441,0.4797827973056995,-1.161802693429507,1.692941650143721,0.0,0,1,0,-0.003735050589040242,Not Persuadable
3827,0.8656740017025585,0.6039165081849197,-1.3268805653585676,-1.1514621421565157,1.1903247958979162,-0.1517575831308135,0.0,0,0,0,0.02736216181543482,Persuadable
4881,-0.5101588045634277,1.6179084686680816,-1.3268805653585676,-1.306818803057679,-0.8805700588360106,0.9335323106100136,0.0,0,0,0,-0.0460220271499875,Not Persuadable
4119,-0.682137905346676,-0.422292222906473,-0.0972627677878441,0.2726405827708149,-0.0155666524348025,-0.2603844345331865,1.0,10,0,1,-0.0372003625591316,Not Persuadable
3056,-1.1980752076964207,-0.5078096171640891,-1.3268805653585676,-0.7242313246783165,-1.3237245133469744,-0.6440035854316571,0.0,0,1,0,0.0173375481838374,Persuadable
27,0.5217158001360619,0.1335708397680313,2.3619728273536027,0.0654983682359304,0.90909216130442,-1.4777880664660883,1.0,0,1,0,0.03973106389743111,Persuadable
3717,0.7796844513109343,-0.1657400401336248,-0.0972627677878441,1.3730835974873885,-0.4501989058974785,-1.3221874414843109,0.0,0,0,0,0.18246409310542783,Highly Persuadable
4898,1.295621753660679,0.5916997375766888,1.7471639285682412,0.2208550291370937,0.4488933046968806,0.9990998695645988,0.0,5,0,1,-0.10353097188226443,Not Persuadable
722,1.209632203269055,1.3185975887664254,1.1323550297828793,1.023531110459771,-1.0765806829466291,0.1330209191943271,0.0,10,0,1,0.022899281368073992,Persuadable
2064,0.4357262497444378,-0.0313555634430853,1.1323550297828793,0.0525519798275001,2.6774488788241317,-0.1302279369069198,1.0,30,1,1,0.1444951569572089,Highly Persuadable
3964,-0.4241692541718035,-1.6500776690336751,0.5175461309975176,0.1302303102780819,0.0866997601446506,-0.2623416750989947,0.0,0,1,0,0.011458597860077815,Persuadable
2471,-0.5101588045634277,-0.0924394164842396,0.5175461309975176,1.360137209078958,1.7101790598434696,0.9100454238203112,0.0,30,0,1,0.03227008190409262,Persuadable
2318,0.4357262497444378,0.0480534455104153,0.5175461309975176,1.3212980438536677,0.4701988073176,0.1868450347540613,0.0,0,1,0,0.04413194838073254,Persuadable
2859,-0.3381797037801794,-0.3978586816900113,1.1323550297828793,1.023531110459771,-0.4587211069457663,-0.6185594580761465,0.0,15,0,1,0.16970809068944315,Highly Persuadable
878,-0.2521901533885552,-0.7338198734163601,0.5175461309975176,0.7257641770658747,-0.9189199635533056,-0.3660754250868467,0.0,5,0,1,0.054268800166620876,Persuadable
3317,-0.1662006029969311,0.341255940107956,-0.0972627677878441,0.6869250118405839,0.1548773685309527,-0.2016672175589307,0.0,0,0,0,0.11012283571040621,Highly Persuadable
3789,1.811559056010424,-0.3612083698653187,-0.0972627677878441,1.5802258120222732,-0.4416767048491907,0.0811540442004011,0.0,0,0,0,0.11559708975665026,Highly Persuadable
255,-0.2521901533885552,0.5794829669684579,0.5175461309975176,-0.0380727390315116,0.725864838766233,-0.1126127718146431,0.0,15,1,1,0.0404950354154584,Persuadable
4822,-0.682137905346676,-1.564560274776059,-0.712071666573206,-0.9961054812553524,-1.3237245133469744,-0.8387490217296055,1.0,20,0,1,0.1198526995495009,Highly Persuadable
4796,-0.9401065565215484,-0.6666276350710904,-1.3268805653585676,-1.306818803057679,0.3295824900208519,-0.2545127128357607,0.0,0,1,0,-0.08748015086792485,Not Persuadable
4249,-0.682137905346676,0.8360351497413061,-0.712071666573206,-0.6465529942277348,0.1250496648619455,1.3817404001801656,1.0,0,0,0,0.006089403349058024,Persuadable
4321,-0.7681274557383001,0.3351475548038407,-0.0972627677878441,1.2695124902199466,-0.0070444513865147,-1.6451321348427177,1.0,0,0,0,0.038318397677803054,Persuadable
4734,-1.8859916108294137,-0.917071432539823,-1.3268805653585676,-1.306818803057679,-1.195891497622658,-0.3846692104620274,0.0,0,1,0,0.02855344537411726,Persuadable
2100,1.6395799552271757,1.1475628002511933,0.5175461309975176,0.4279972436719784,0.2571437811104059,1.2241825346325794,0.0,25,1,1,0.11056659204796596,Highly Persuadable
4740,-0.080211052605307,0.8299267644371907,-0.712071666573206,-1.306818803057679,0.7642147434835279,1.813311944940945,1.0,15,1,1,0.04382542463568458,Persuadable
3981,0.3497366993528136,0.5794829669684579,0.5175461309975176,0.182015863911803,0.0483498554273556,0.7329151526146395,0.0,25,1,1,-0.06033387300008344,Not Persuadable
2535,-0.1662006029969311,0.2862804723709172,1.1323550297828793,-0.7371777130867467,0.6960371350972258,-0.2339616868947711,0.0,20,0,1,0.0017706057888140512,Persuadable
4658,0.0917680481779412,0.805493223220729,0.5175461309975176,0.4150508552635481,0.0014777496617729,-1.4699591042028546,0.0,20,0,1,0.08916852315567343,Persuadable
316,-0.3381797037801794,0.7993848379166135,-0.0972627677878441,-0.9054807623963405,-0.1987939749729894,0.0400519923184219,0.0,0,0,0,0.1474583483282453,Highly Persuadable
1262,0.0917680481779412,0.4695320314943801,1.1323550297828793,1.2695124902199466,0.2315771779655426,-0.0186652246558338,0.0,0,0,0,0.10226074282873508,Highly Persuadable
842,0.0057784977863171,-0.2695825903035872,0.5175461309975176,1.1788877713609345,2.2939498316511817,-1.2262826537596931,1.0,15,1,1,0.16004274509445976,Highly Persuadable
2744,-1.8000020604377898,-0.5078096171640891,-0.0972627677878441,-0.7889632667204678,0.1974883737723915,-0.0509596939916743,0.0,0,0,0,-0.05550822047949423,Not Persuadable
554,2.0695277071852964,0.4328817196696876,-0.0972627677878441,0.1690694755033727,1.3479855152912397,0.4589014734014463,0.0,0,0,0,0.10679333881521524,Highly Persuadable
2023,0.1777575985695653,-0.4772676906435119,-0.712071666573206,0.5833539045731415,0.904831060780276,0.1839091739053484,0.0,0,1,0,0.05380102962550028,Persuadable
3132,-0.682137905346676,-0.5505683142928971,-0.0972627677878441,1.0105847220513406,0.4915043099383194,0.1036623107071988,0.0,0,1,0,0.0024700639301199635,Persuadable
70,-0.1662006029969311,1.0192867088647692,1.1323550297828793,0.4668364088972692,0.0696553580480751,1.187973584165122,0.0,10,1,1,0.12703632454906644,Highly Persuadable
3605,0.0917680481779412,1.0925873325141544,0.5175461309975176,-1.306818803057679,-1.298157910202111,0.6272241620609793,0.0,15,0,1,-0.005509047071320054,Not Persuadable
747,1.897548606402048,-0.7399282587204755,-0.0972627677878441,-1.073783811705934,0.0185221517583485,0.2250112257873276,1.0,25,1,1,0.01896370044024745,Persuadable
2424,-0.4241692541718035,-0.0435723340513161,1.1323550297828793,0.5704075161647112,0.7301259392903768,0.7681454827991929,0.0,25,1,1,0.01653722282824588,Persuadable
4457,-0.5961483549550518,-0.013030407530739,-0.0972627677878441,-0.9961054812553524,-0.0965275623935363,-0.7399083731562749,1.0,0,0,0,0.10184479174765843,Highly Persuadable
1703,0.1777575985695653,-1.143081688792094,0.5175461309975176,-1.164408530564946,0.4148045005037296,-1.0471951419882133,0.0,0,0,0,0.07918738527574222,Persuadable
3122,0.1777575985695653,0.9154441586948068,-0.0972627677878441,0.182015863911803,-1.302419010726255,-0.1135913920975472,0.0,15,0,1,0.13407007674060864,Highly Persuadable
4694,-0.7681274557383001,1.8133767983997755,-0.0972627677878441,1.0364774988682013,-1.3237245133469744,2.0423090911405426,0.0,25,0,1,0.12296444973681388,Highly Persuadable
3354,-0.8541170061299242,-1.6012105866007516,-1.3268805653585676,-1.306818803057679,-1.3237245133469744,-0.9258462269080848,0.0,0,0,0,0.18057024186789575,Highly Persuadable
2068,0.0057784977863171,-1.8699795399818304,-0.712071666573206,-0.1934293999326751,0.904831060780276,-1.9475258022601345,0.0,30,1,1,0.06403386562547744,Persuadable
3649,1.3816113040523033,0.25573854585034,-0.712071666573206,-0.6465529942277348,0.4744599078417439,0.6213524403635535,0.0,0,0,0,0.02614591129234984,Persuadable
3996,-0.682137905346676,0.4634236461902647,2.9767817261389644,1.528440258388552,1.1477137906564774,0.7926109898717995,1.0,20,1,1,0.014919430938961862,Persuadable
2154,-1.1120856573047966,-0.4467257641229347,-0.712071666573206,-1.216194084198667,-0.2669715833592916,-0.9806489627507236,1.0,0,1,0,-0.05688522181939646,Not Persuadable
1840,-0.9401065565215484,-0.5811102408134743,-1.3268805653585676,-0.1028046810736631,-0.9103977625050178,-0.3269306137706764,1.0,25,1,1,-0.03225828292926759,Not Persuadable
388,0.5217158001360619,-0.0008136369225081,-1.3268805653585676,-1.306818803057679,-0.7484759425875502,-0.2094961798221646,1.0,0,1,0,-0.030814228445485196,Not Persuadable
2469,0.6936949009193102,0.4634236461902647,2.3619728273536027,-0.3228932840169778,1.6036515467398726,-0.3112726892442078,1.0,0,0,0,0.08199164913687317,Persuadable
3703,-0.7681274557383001,-0.3917502963858958,-0.0972627677878441,0.324426136404536,-0.4203712022284713,-0.3817333496133153,0.0,20,0,1,0.021847292627544146,Persuadable
3932,0.7796844513109343,-0.929288203148054,0.5175461309975176,-1.306818803057679,0.4020211989312979,-1.66861902163242,0.0,25,0,1,-0.001075154508953226,Not Persuadable
3719,0.4357262497444378,1.4896323772816575,1.7471639285682412,0.4409436320804086,1.373552118436103,0.7378082540291613,0.0,20,1,1,0.18335209634658706,Highly Persuadable
1371,-1.542033409262917,-0.2084987372624328,-0.712071666573206,-0.6983385478614559,-1.3237245133469744,-0.6674904722213597,1.0,0,0,0,0.07945750327252916,Persuadable
411,-1.542033409262917,-0.0680058752677779,-1.3268805653585676,0.6869250118405839,1.8721008797609373,-0.1791589510521329,0.0,0,0,0,0.06109815243732492,Persuadable
1439,-1.2840647580880449,0.0663786014227616,-0.0972627677878441,2.214598844035357,1.365029917387815,-0.2143892812366863,0.0,0,1,0,0.059696126856757244,Persuadable
110,-1.8000020604377898,-0.3550999845612033,-0.712071666573206,-0.3228932840169778,0.798303547676679,-0.3690112859355596,1.0,0,1,0,0.014021323402332066,Persuadable
4057,0.8656740017025585,2.2348553843837404,1.7471639285682412,0.738710565474305,0.2912325853035569,3.2822209895802423,0.0,15,1,1,0.12357314800618963,Highly Persuadable
1136,1.295621753660679,0.6100248934890351,0.5175461309975176,0.3762116900382572,-1.1788470955260824,0.4960890441518085,1.0,20,0,1,-0.02015007797440344,Not Persuadable
2128,-0.5101588045634277,-1.0025888267974392,-1.3268805653585676,-1.306818803057679,0.4701988073176,-1.6607900593691858,0.0,15,1,1,0.014412701209878677,Persuadable
2610,-1.370054308479669,-0.7154947175040138,-0.0972627677878441,1.1012094409103528,-0.0283499540072341,-0.1605651656769515,0.0,30,1,1,0.06007828009053175,Persuadable
692,-0.2521901533885552,-0.465050920035281,-1.3268805653585676,-1.306818803057679,-0.3223658901731621,-0.1341424180385368,1.0,0,0,0,0.05702954228087872,Persuadable
1579,-1.8859916108294137,-1.8699795399818304,-1.3268805653585676,-1.306818803057679,-1.3237245133469744,-0.7614380193801686,1.0,0,0,0,0.20449835439492806,Highly Persuadable
2963,0.3497366993528136,2.0393870546520465,-1.3268805653585676,-1.306818803057679,1.4630352294431246,1.74089404400603,1.0,20,1,1,0.04771487368401008,Persuadable
4142,3.4453605134512824,2.58303334671832,0.5175461309975176,0.5704075161647112,-0.0880053613452485,2.2057386783855546,0.0,30,1,1,0.12469448153963072,Highly Persuadable
3706,-0.2521901533885552,-0.5811102408134743,-0.712071666573206,-1.306818803057679,0.7684758440076718,0.4814097399082441,0.0,0,1,0,0.03138132574745652,Persuadable
3255,-0.3381797037801794,-0.3673167551694341,-0.712071666573206,0.1302303102780819,-0.7527370431116942,1.3797831596143568,0.0,0,1,0,-0.13097080697186345,Not Persuadable
4812,-0.4241692541718035,-1.6012105866007516,-0.712071666573206,-1.306818803057679,1.4246853247258295,-0.6645546113726468,0.0,0,0,0,0.15643706955722916,Highly Persuadable
486,-0.1662006029969311,0.6283500494013814,-0.712071666573206,-1.306818803057679,-1.298157910202111,-0.23591892746058,0.0,0,0,0,0.047942380936368933,Persuadable
556,-0.3381797037801794,-0.0313555634430853,-1.3268805653585676,0.1302303102780819,0.0099999507100607,0.3581035842623072,1.0,0,0,0,0.02872102396265777,Persuadable
4632,-1.6280229596545417,0.719975828963113,1.7471639285682412,1.9427246874583208,0.6278595267109237,0.2230539852215187,0.0,10,1,1,0.08426392032224699,Persuadable
4421,1.209632203269055,-0.1718484254377403,1.7471639285682412,0.5833539045731415,0.6363817277592114,0.537191096033787,1.0,5,0,1,-0.04191559631924824,Not Persuadable
2772,0.607705350527686,-0.2084987372624328,-0.712071666573206,0.0396055914190698,1.1051027854150384,1.0304157186175351,0.0,30,0,1,-0.10048263145884574,Not Persuadable
2861,-1.542033409262917,-1.79057053102833,-0.712071666573206,0.1431766986865122,0.6022929235660603,-2.034623007438614,1.0,15,0,1,0.004716258978507204,Persuadable
1109,1.3816113040523033,1.8683522661368144,-0.0972627677878441,-0.7630704899036073,-0.8166535509738524,1.5197258600696664,1.0,0,1,0,-0.030662235685071662,Not Persuadable
3913,-0.5101588045634277,-1.4423925686937502,-1.3268805653585676,-0.42646439128442,-1.268330206533104,-1.5091039155190251,1.0,10,0,1,0.12499256102896027,Highly Persuadable
2270,-0.4241692541718035,0.2068714634174165,-0.0972627677878441,1.5154938699801217,-0.4629822074699101,-0.6616187505239339,1.0,0,1,0,0.103121085745226,Highly Persuadable
3931,-1.1120856573047966,0.2435217752421091,-0.0972627677878441,1.9686174642751813,-0.1476607686832629,1.1135984426643977,1.0,25,1,1,0.08449750967267895,Persuadable
178,0.1777575985695653,1.3491395152870025,1.1323550297828793,0.9458527800091892,1.2457191027117869,0.5362124757508829,0.0,20,0,1,0.08870627086241029,Persuadable
2906,0.0057784977863171,0.665000361226074,-0.0972627677878441,-0.6983385478614559,-0.6717761331529604,1.2584342445342287,0.0,0,0,0,-0.0032383949338524415,Not Persuadable
916,1.209632203269055,0.8726854615659987,-1.3268805653585676,0.0137128146022093,-1.3237245133469744,1.540276886010656,1.0,15,0,1,-0.05777461625293318,Not Persuadable
81,0.4357262497444378,-0.013030407530739,-0.712071666573206,-0.2581613419748264,0.2699270826828375,-0.1086982906830254,1.0,10,0,1,-0.04614805158897914,Not Persuadable
3269,-0.3381797037801794,-0.4955928465558582,-0.0972627677878441,0.4797827973056995,-1.3237245133469744,-0.1067410501172173,0.0,0,0,0,0.14708768300269118,Highly Persuadable
578,1.295621753660679,0.1946546928091856,0.5175461309975176,-1.306818803057679,1.740006763512477,0.6301600229096922,1.0,25,0,1,0.027234918732505217,Persuadable
2300,-0.3381797037801794,-0.1168729577007013,-0.712071666573206,-0.2322685651579658,-0.0411332555796658,1.7702526524931577,0.0,0,0,0,0.006673144370114106,Persuadable
3312,0.6936949009193102,0.438990104973803,0.5175461309975176,-0.2452149535663961,-0.6334262284356654,-1.922081674904624,0.0,15,0,1,0.05629620174371866,Persuadable
3795,-1.542033409262917,-0.6299773232463978,-0.0972627677878441,1.2565661018115162,1.6590458535537431,-0.7682883613604985,1.0,0,0,0,0.13231314802892763,Highly Persuadable
1392,1.5535904048355516,-0.5261347730764354,-0.712071666573206,0.648085846615293,-0.4161101017043275,-0.9963068872771916,0.0,20,0,1,0.017638673538535543,Persuadable
222,0.2637471489611895,-1.6989447514665983,1.7471639285682412,1.9686174642751813,-0.90187556145673,-2.119762972051285,1.0,0,1,0,0.03974211501369681,Persuadable
94,-0.080211052605307,-0.055789104659547,-0.0972627677878441,1.8909391338246,-0.0496554566279536,0.1251919569310925,0.0,5,1,1,0.12407441891976212,Highly Persuadable
3647,1.4676008544439274,0.5916997375766888,1.1323550297828793,0.3373725248129663,1.0795361822701752,1.7467657657034552,1.0,0,0,0,0.08145719923295118,Persuadable
4360,1.983538156793672,0.5061823433190727,0.5175461309975176,-0.4911963333265715,0.8835255581595566,0.1251919569310925,0.0,0,0,0,-0.039599088480744435,Not Persuadable
843,1.811559056010424,0.8726854615659987,-0.712071666573206,-1.306818803057679,0.2060105748206793,-0.4384933260217623,1.0,20,1,1,0.038866223140131016,Persuadable
539,-1.8859916108294137,-0.4345089935147039,1.7471639285682412,1.8391535801908785,1.6547847530295994,0.2719849993667318,1.0,10,1,1,-0.021026471249435304,Not Persuadable
3015,1.0376531024858069,-0.2756909756077026,-1.3268805653585676,-0.7760168783120376,0.6065540240902042,0.4001842564271904,1.0,0,1,0,0.009484861051488085,Persuadable
1435,0.2637471489611895,0.4267733343655721,1.1323550297828793,0.4668364088972692,0.5639430188487654,-0.3787974887646024,0.0,20,0,1,0.028659974585087022,Persuadable
1056,1.5535904048355516,1.3491395152870025,1.1323550297828793,-0.2063757883411052,2.3536052389891964,0.3903980535981477,1.0,0,0,0,0.08040754072915964,Persuadable
3774,0.607705350527686,-1.08199783575094,2.3619728273536027,1.0105847220513406,0.5341153151797583,-0.0832541633275148,0.0,20,1,1,0.11422620065032146,Highly Persuadable
3687,-1.2840647580880449,-1.8577627693736,-0.712071666573206,-1.2679796378323882,0.9644864681182904,0.1173629946678586,0.0,0,0,0,-0.051158998635110114,Not Persuadable
811,-0.1662006029969311,1.636233624580428,-0.712071666573206,-0.7242313246783165,-1.3237245133469744,0.5000035252834255,0.0,0,1,0,0.021014377241478463,Persuadable
2216,0.0057784977863171,-1.369091945044365,-0.0972627677878441,0.8552280611501776,-0.2584493823110038,0.5773145276328622,0.0,15,1,1,0.08860726839149545,Persuadable
2987,0.2637471489611895,0.0480534455104153,-0.0972627677878441,-0.931373539213201,0.5213320136073266,-0.3836905901791234,1.0,20,1,1,0.0364310221124299,Persuadable
735,0.2637471489611895,-0.1901735813500865,-0.712071666573206,-0.659499382636165,-0.1476607686832629,0.1105126526875287,1.0,0,0,0,0.12299747862483774,Highly Persuadable
4521,-1.1120856573047966,-1.094214606359171,-0.712071666573206,-1.306818803057679,0.7088204366696574,-0.3934767930081662,1.0,0,1,0,0.003352347646762812,Persuadable
1863,1.4676008544439274,2.1310128342137777,1.7471639285682412,-0.2711077303832567,1.850795377140218,0.6604972516797246,1.0,20,1,1,0.06280813840727804,Persuadable
4072,-0.1662006029969311,-1.8699795399818304,-0.712071666573206,0.1561230870949425,-0.8038702494014207,-0.6293242811880934,1.0,25,0,1,0.0484551928750072,Persuadable
531,-0.3381797037801794,-0.8437708088904379,-0.0972627677878441,-0.4005716144675594,-0.650470630532241,0.3111298106829029,0.0,30,0,1,0.027833765582472532,Persuadable
2923,-1.2840647580880449,-1.4118506421731731,-0.0972627677878441,-1.306818803057679,-1.3237245133469744,-0.1028265689856003,1.0,0,0,0,0.0016203878326069023,Persuadable
3413,0.1777575985695653,-0.6360857085505132,-0.0972627677878441,-0.284054118791687,-0.4033268001318958,-0.2046030784076435,1.0,0,0,0,-0.0030921430850682262,Not Persuadable
3127,-0.080211052605307,1.0925873325141544,1.7471639285682412,1.7614752497402968,0.7727369445318156,-0.0822755430446108,0.0,20,1,1,0.08280854661661612,Persuadable
3624,1.1236426528774308,1.288055662245848,-0.712071666573206,-0.0769119042568025,1.1860636953737722,0.2553484545573599,0.0,25,0,1,-0.01810793814405801,Not Persuadable
4141,-0.1662006029969311,0.3779062519326487,-0.0972627677878441,-0.2322685651579658,0.580987420945341,-0.9356324297371272,0.0,0,1,0,0.012947235528663685,Persuadable
1747,-0.5961483549550518,-0.5933270114217052,-0.0972627677878441,-1.306818803057679,0.9644864681182904,-0.1272920760582069,0.0,0,0,0,0.035442981614952095,Persuadable
684,-0.5101588045634277,-1.0697810651427089,-1.3268805653585676,0.0396055914190698,-1.3237245133469744,-0.1625224062427603,1.0,25,0,1,0.00027045608641094955,Persuadable
4568,0.1777575985695653,-1.0392391386221318,-1.3268805653585676,-1.306818803057679,-1.1745859950019384,0.1897808956027742,1.0,20,1,1,0.05816989165300527,Persuadable
1130,-1.8859916108294137,-1.1491900740962095,-0.712071666573206,2.2275452324437874,0.5554208178004777,0.1927167564514871,1.0,10,1,1,0.0024493334095234275,Persuadable
4275,0.4357262497444378,-0.0924394164842396,-0.0972627677878441,0.0525519798275001,-0.3394102922697375,0.7192144686539798,0.0,0,0,0,-0.043625518759093686,Not Persuadable
2652,-1.8859916108294137,-1.8699795399818304,-1.3268805653585676,-1.306818803057679,-0.1561829697315506,0.0557099168448905,0.0,0,1,0,-0.0427096556526609,Not Persuadable
801,-0.8541170061299242,-0.8743127354110151,-1.3268805653585676,-1.306818803057679,-1.3237245133469744,0.6125448578174155,1.0,0,0,0,-0.08193936348225979,Not Persuadable
2118,0.0917680481779412,-1.0209139827097855,0.5175461309975176,0.4150508552635481,1.0241418754563048,0.313087051248711,1.0,20,0,1,-0.03395596333701817,Not Persuadable
3381,0.2637471489611895,-1.6806195955542522,1.7471639285682412,2.266384397669078,-0.2712326838834354,-2.244047747980126,0.0,0,0,0,0.07457763758615518,Persuadable
4267,-0.8541170061299242,-1.8699795399818304,-0.712071666573206,-1.306818803057679,-0.0283499540072341,-1.4327715334524929,0.0,0,0,0,-0.06792566065618588,Not Persuadable
220,-0.682137905346676,0.1946546928091856,2.3619728273536027,0.233801417545524,1.3991187215809664,-0.964012417941351,0.0,0,0,0,0.14495275939087135,Highly Persuadable
1870,0.2637471489611895,1.1109124884265007,0.5175461309975176,-0.374678837650699,0.542637516228046,0.1281278177798054,1.0,0,0,0,0.04589276567445029,Persuadable
2246,-0.5961483549550518,0.115245683855685,-0.0972627677878441,0.4021044668551178,0.6917760345730819,0.9472329945706734,1.0,5,0,1,-0.13502361322235795,Not Persuadable
4357,0.8656740017025585,0.1213540691598005,0.5175461309975176,-0.5818210521855834,-1.0765806829466291,0.8983019804254603,0.0,0,0,0,0.07319625034621587,Persuadable
4085,1.0376531024858069,0.1396792250721468,-0.0972627677878441,-0.7889632667204678,-0.0027833508623708,0.9873564261697478,0.0,0,1,0,-0.027562326166372945,Not Persuadable
4695,-0.080211052605307,-0.5933270114217052,-0.712071666573206,-0.4135180028759897,1.0582306796494558,-1.1890950830093312,1.0,25,0,1,0.07464633762349604,Persuadable
2678,0.5217158001360619,-0.3306664433447415,-0.712071666573206,-0.89253437398791,-1.3237245133469744,-0.1977527364273137,0.0,0,1,0,0.03719866888553731,Persuadable
44,0.2637471489611895,-1.5401267335595972,-0.712071666573206,2.6288832731051253,-0.3564546943663131,-0.8397276420125096,1.0,20,0,1,0.07900950598053108,Persuadable
2285,0.5217158001360619,-1.185840385920902,0.5175461309975176,-1.306818803057679,-0.5098543132354929,-0.3034437269809739,1.0,20,0,1,0.09667745949530542,Persuadable
211,0.9516635520941824,0.805493223220729,-0.712071666573206,-0.8148560435373283,0.5298542146556143,0.4383504474604567,1.0,25,0,1,-0.02963326085257221,Not Persuadable
1618,-1.8000020604377898,-0.9415049737562848,1.1323550297828793,0.0396055914190698,-0.0027833508623708,0.3111298106829029,0.0,0,1,0,-0.07961125262644714,Not Persuadable
355,1.1236426528774308,0.5367242698396499,-0.0972627677878441,1.489601093163261,-0.4757655090423418,2.0520952939695856,1.0,10,0,1,0.06202404161322062,Persuadable
3810,0.4357262497444378,0.6466752053137277,-0.0972627677878441,-0.659499382636165,-0.3692379959387448,0.091918867312348,0.0,0,0,0,0.12510601407024968,Highly Persuadable
2314,0.0917680481779412,0.1946546928091856,-0.712071666573206,-1.306818803057679,0.7173426377179452,0.3355953177555095,0.0,10,0,1,-0.024301076338799014,Not Persuadable
4564,-0.2521901533885552,-0.1351981136130476,-0.712071666573206,-0.840748820354189,-1.3237245133469744,0.8239268389247358,0.0,0,0,0,0.016763397640395413,Persuadable
562,0.3497366993528136,2.4364320994195494,-0.0972627677878441,-0.2711077303832567,1.407640922629254,1.416970730364719,1.0,15,1,1,0.02092983119798889,Persuadable
368,-0.8541170061299242,1.2208634239005784,-1.3268805653585676,-1.306818803057679,-1.3237245133469744,-0.0538955548403872,1.0,20,1,1,-0.021376923648257686,Not Persuadable
587,-1.1980752076964207,-1.1308649181838633,-0.0972627677878441,-1.306818803057679,-1.3237245133469744,-0.3416099180142402,0.0,5,0,1,0.07498147947954859,Persuadable
3735,0.0917680481779412,-0.2023903519583174,-0.0972627677878441,-0.4911963333265715,-0.6206429268632339,0.8444778648657255,1.0,20,1,1,0.10296709173936018,Highly Persuadable
2846,-1.1120856573047966,0.341255940107956,-0.0972627677878441,-0.3487860608338384,-1.3237245133469744,1.2838783718897395,1.0,0,0,0,-0.03626859078341114,Not Persuadable
136,-1.0260961069131724,-0.8193372676739762,-1.3268805653585676,-0.1545902347073842,2.400477344754779,-1.4513653188276736,1.0,25,1,1,0.10138241597801469,Highly Persuadable
804,0.4357262497444378,1.226971809204694,1.1323550297828793,2.512365777429253,-0.3138436891248743,-0.0137721232413121,0.0,10,1,1,0.023822000260186594,Persuadable
48,0.2637471489611895,-0.8437708088904379,-0.712071666573206,0.0007664261937791,1.198846996946204,0.9227674874980668,1.0,30,1,1,-0.05559397732630962,Not Persuadable
3159,-1.4560438588712932,-0.7093863321998983,-0.712071666573206,-0.5559282753687228,1.407640922629254,-0.6303029014709974,0.0,25,1,1,0.17963889202447408,Highly Persuadable
2322,1.295621753660679,-0.4039670669941267,-1.3268805653585676,1.114155829318783,1.228674700615211,-0.953247594829404,1.0,5,0,1,0.005027333239769737,Persuadable
4857,-1.542033409262917,-1.8699795399818304,-1.3268805653585676,-0.4135180028759897,-0.2967992870282988,1.2936645747187825,1.0,15,1,1,-0.0018385704763628735,Not Persuadable
4684,-0.5961483549550518,0.7383009848754593,-1.3268805653585676,-0.3617324492422687,-1.3237245133469744,1.1047908601182597,0.0,5,1,1,0.05915474691150384,Persuadable
4976,-0.5961483549550518,-1.0086972121015545,0.5175461309975176,0.5315683509394203,0.1378329664343772,0.2269684663531364,0.0,0,1,0,-0.008344752312328063,Not Persuadable
1935,-1.370054308479669,0.622241664097266,-0.0972627677878441,-0.2711077303832567,-0.8081313499255647,0.1065981715559118,0.0,10,1,1,0.12269982829965449,Highly Persuadable
62,-0.3381797037801794,0.5489410404478808,-0.712071666573206,-0.3099468956085476,1.2244136000910673,1.6606471808078804,1.0,25,1,1,0.04654513921099795,Persuadable
1768,0.8656740017025585,0.3717978666285332,0.5175461309975176,-1.2291404726070974,-0.2115772765454211,-0.5970298118522526,1.0,5,0,1,0.0008912825295594345,Persuadable
634,-1.8859916108294137,-0.0924394164842396,0.5175461309975176,-0.9702127044384918,-0.2371438796902844,-0.1517575831308135,0.0,0,0,0,0.02270318390917121,Persuadable
96,-1.4560438588712932,-0.972046900276862,-0.712071666573206,-1.306818803057679,-0.2967992870282988,-0.9219317457764676,1.0,0,1,0,-0.0198640065995124,Not Persuadable
479,0.0057784977863171,0.7993848379166135,0.5175461309975176,-1.1385157537480854,0.6108151246143482,1.1693797987899406,1.0,10,1,1,0.013252844761539921,Persuadable
1724,1.983538156793672,-0.3123412874323952,-1.3268805653585676,0.8811208379670382,-1.3237245133469744,-0.9141027835132336,0.0,15,0,1,0.058497831458960925,Persuadable
4823,1.5535904048355516,-0.0191387928348544,0.5175461309975176,-0.9831590928469222,0.0739164585722189,-0.4972105429960182,1.0,0,1,0,-0.03759132158557945,Not Persuadable
4603,-0.080211052605307,0.7077590583548821,1.1323550297828793,1.5543330352054123,-0.9103977625050178,0.8258840794905447,1.0,0,0,0,0.07477283338006709,Persuadable
1118,-0.3381797037801794,-1.2163823124414792,-0.0972627677878441,-0.5559282753687228,0.0739164585722189,-0.8583214273876908,0.0,25,1,1,0.10533091316760552,Highly Persuadable
2777,0.607705350527686,2.625792043847128,0.5175461309975176,0.3891580784466875,1.5397350388777145,1.082282593611461,0.0,5,1,1,0.13147806353638594,Highly Persuadable
4222,0.607705350527686,0.25573854585034,1.1323550297828793,-1.306818803057679,0.9687475686424344,1.016715034656876,0.0,25,0,1,-0.14895846421614292,Not Persuadable
323,1.209632203269055,-0.013030407530739,-0.712071666573206,-0.8536952087626192,1.0326640765045925,0.8337130417537786,1.0,0,0,0,-0.061712333390787265,Not Persuadable
1294,-1.8859916108294137,-1.466826109910212,-1.3268805653585676,-1.306818803057679,1.2840690074290817,-0.6880414981623489,1.0,0,0,0,0.04319366447533908,Persuadable
2230,0.2637471489611895,0.9582028558236148,-0.0972627677878441,-1.306818803057679,0.3338435905449958,1.368039716219506,1.0,0,1,0,-8.371801814985579e-05,Not Persuadable
1659,0.7796844513109343,1.355247900591118,1.1323550297828793,1.3342444322620977,0.1932272732482476,1.695877510992434,1.0,0,0,0,0.0668460668642223,Persuadable
1570,-1.6280229596545417,-1.8699795399818304,-0.712071666573206,-1.2550332494239578,-1.3237245133469744,-1.3329522645962582,1.0,0,0,0,0.06980697869462958,Persuadable
2441,0.0917680481779412,-0.7582534146328218,-1.3268805653585676,1.0105847220513406,-1.3237245133469744,-0.6038801538325824,1.0,0,1,0,0.07459631807664627,Persuadable
2496,2.3274963583601687,2.5219494936771656,-0.0972627677878441,0.0396055914190698,-0.7569981436358381,0.9012378412741724,0.0,30,0,1,-0.05165696101648926,Not Persuadable
3679,-0.682137905346676,-1.595102201296636,-1.3268805653585676,0.6869250118405839,-1.3237245133469744,-3.130677724291388,0.0,10,1,1,0.2077246514363599,Highly Persuadable
2961,-1.2840647580880449,-1.8699795399818304,-1.3268805653585676,-1.306818803057679,0.2145327758689671,-0.3308450949022933,1.0,0,0,0,0.07578546189064328,Persuadable
292,0.1777575985695653,-0.7521450293287064,1.1323550297828793,1.7614752497402968,1.5738238430708655,-1.4386432551499182,0.0,0,1,0,0.11113924465571993,Highly Persuadable
1002,-0.7681274557383001,-0.4467257641229347,-0.712071666573206,-1.306818803057679,-0.0794831602969607,-0.7565449179656476,1.0,0,1,0,0.04121862907560913,Persuadable
2095,0.0917680481779412,0.3351475548038407,-0.0972627677878441,-0.6853921594530257,-0.1476607686832629,0.1300850583456143,1.0,20,1,1,0.1701600967637772,Highly Persuadable
534,0.4357262497444378,0.3534727107161869,2.3619728273536027,1.8391535801908785,0.5128098125590388,-0.8221124769202329,1.0,20,1,1,0.07111275547036963,Persuadable
4517,0.8656740017025585,0.9948531676483074,1.7471639285682412,1.3989763743042491,-0.3820212975111764,1.540276886010656,1.0,20,0,1,0.024267353551447574,Persuadable
1096,1.295621753660679,1.5629330009310427,0.5175461309975176,0.3114797479961058,2.1533335143544337,1.7301292208940833,1.0,30,0,1,0.09383019726531876,Persuadable
3793,-0.3381797037801794,0.7444093701795746,-0.712071666573206,0.7646033422911656,-1.3237245133469744,-1.1949668047067572,1.0,0,1,0,0.041683207893365715,Persuadable
2012,1.811559056010424,0.3290391694997252,0.5175461309975176,0.2079086407286636,-0.3990656996077519,1.2398404591590473,0.0,0,1,0,-0.023229746059974955,Not Persuadable
4598,0.3497366993528136,-0.2451490490871254,-0.0972627677878441,1.541386646796982,0.5000265109866072,-0.6851056373136364,0.0,30,1,1,0.11784109195937942,Highly Persuadable
1559,0.8656740017025585,-0.0008136369225081,-1.3268805653585676,0.0137128146022093,-1.3237245133469744,-0.4443650477191881,1.0,0,1,0,-0.03157589817565622,Not Persuadable
1171,-1.1980752076964207,0.6039165081849197,0.5175461309975176,-1.306818803057679,0.7045593361455136,1.1243632657763445,0.0,5,0,1,-0.12580003676841933,Not Persuadable
4037,2.2415068079685447,-0.2207155078706637,1.1323550297828793,1.735582472923436,0.2741881832069814,0.3013436078538601,1.0,5,0,1,0.007864412452040354,Persuadable
2418,-0.682137905346676,-1.045347523926247,-0.712071666573206,0.5315683509394203,0.2060105748206793,0.3815904710520097,1.0,0,0,0,-0.03223028755611193,Not Persuadable
4064,-0.682137905346676,0.6100248934890351,-0.0972627677878441,-1.306818803057679,1.011358573883873,0.8571999285434811,0.0,20,0,1,-0.1160215059183936,Not Persuadable
4722,-0.9401065565215484,-1.2347074683538255,-0.712071666573206,0.7516569538827352,-0.2669715833592916,-1.209646108950321,1.0,20,0,1,0.13029703194439674,Highly Persuadable
3796,-0.1662006029969311,1.1658879561635396,-0.0972627677878441,-0.0639655158483722,-1.3194634128228304,-0.4825312387524537,1.0,25,0,1,0.06956969950359349,Persuadable
2084,0.1777575985695653,0.8726854615659987,-0.712071666573206,-0.6853921594530257,1.3565077163395276,0.8650288908067151,0.0,0,0,0,0.008129103927681834,Persuadable
4622,-0.080211052605307,0.1396792250721468,-0.0972627677878441,1.243619713403086,1.0624917801735996,-0.2828927010399842,0.0,10,0,1,-0.03189386637867677,Not Persuadable
1011,-1.2840647580880449,-1.8699795399818304,-0.712071666573206,-1.0608374232975035,-1.3237245133469744,-1.833027229160336,1.0,0,0,0,0.016504091867997492,Persuadable
4779,-0.080211052605307,-1.5584518894719437,1.1323550297828793,0.0266592030106395,-0.6376873289598094,-0.8935517575722441,0.0,5,1,1,0.03539331819571149,Persuadable
752,-0.3381797037801794,0.115245683855685,-0.0972627677878441,0.2855869711792452,-0.0368721550555219,-0.7340366514588494,1.0,0,0,0,0.09898564873425095,Persuadable
3937,1.209632203269055,-0.917071432539823,-0.712071666573206,-1.0867302001143642,0.0739164585722189,-0.9982641278430002,0.0,0,1,0,-0.09757161949408774,Not Persuadable
4730,-0.3381797037801794,1.9538696603944303,-0.0972627677878441,-0.8795879855794798,-0.2243605781178527,2.5345550934413867,0.0,25,1,1,0.040835739245356925,Persuadable
4536,0.3497366993528136,1.6301252392763124,-0.0972627677878441,-0.89253437398791,0.5255931141314705,1.095983277572121,1.0,10,1,1,-0.018375991455492853,Not Persuadable
4931,0.6936949009193102,-1.08199783575094,-1.3268805653585676,-0.9054807623963405,-1.1831081960502263,-0.4492581491337091,1.0,0,0,0,0.07838233602810407,Persuadable
1426,-0.9401065565215484,0.8787938468701142,-0.0972627677878441,0.3373725248129663,-0.0965275623935363,2.117662852924171,0.0,20,1,1,0.18715369796653203,Highly Persuadable
1877,0.7796844513109343,-0.4284006082105884,1.1323550297828793,-0.2193221767495355,0.6491650293316431,0.2817712021957747,1.0,0,0,0,0.00038717876821508634,Persuadable
1546,-0.2521901533885552,-0.1779568107418557,-0.0972627677878441,-0.3358396724254082,0.2997547863518447,-1.049152382554022,0.0,0,1,0,-0.06856621316767597,Not Persuadable
4889,-0.1662006029969311,-1.057564294534478,-0.0972627677878441,0.5315683509394203,0.3338435905449958,-0.8857227953090102,0.0,0,1,0,0.015403902736262421,Persuadable
3236,0.607705350527686,0.0175115189898381,-0.0972627677878441,-1.1903013073818065,-0.8976144609325861,-0.5999656727009655,0.0,0,1,0,-0.008130974019648376,Not Persuadable
4163,0.5217158001360619,1.3735730565034645,0.5175461309975176,-1.306818803057679,-0.795348048353133,1.8602857185203496,0.0,0,0,0,-0.010598909635773923,Not Persuadable
1193,-0.2521901533885552,-1.3568751744361345,-1.3268805653585676,0.233801417545524,-1.3237245133469744,-1.7390796820015268,0.0,15,0,1,0.11157340527175999,Highly Persuadable
2253,0.6936949009193102,-0.5566766995970126,-0.0972627677878441,-0.7112849362698862,-1.3237245133469744,0.2142464026753807,1.0,30,0,1,0.036569155873327125,Persuadable
2860,-0.9401065565215484,0.4573152608861493,-0.712071666573206,-0.8795879855794798,0.0568720564756434,-0.3073582081125908,0.0,20,1,1,0.09061183109207999,Persuadable
3455,1.5535904048355516,0.5000739580149574,1.1323550297828793,1.7226360845150064,1.4928629331121317,0.2210967446557106,0.0,0,1,0,0.12622333723163995,Highly Persuadable
1895,-0.2521901533885552,-0.013030407530739,-0.0972627677878441,-0.3228932840169778,-0.6589928315805288,0.65266828941649,1.0,0,0,0,0.07205361755843286,Persuadable
671,0.7796844513109343,-0.1351981136130476,-0.0972627677878441,1.1659413829525045,-1.3237245133469744,0.091918867312348,1.0,10,0,1,0.14659920047901065,Highly Persuadable
829,1.295621753660679,0.2679553164585709,1.1323550297828793,0.2985333595876755,1.590868245167441,0.596886933290947,1.0,10,0,1,0.022099354121280862,Persuadable
2145,-0.7681274557383001,-0.5933270114217052,-0.712071666573206,1.9427246874583208,2.0041949960093977,-0.6019229132667739,1.0,5,1,1,0.13409484484543432,Highly Persuadable
1700,0.1777575985695653,0.9398776999112683,-0.0972627677878441,-1.306818803057679,-1.3237245133469744,0.8072902941153639,1.0,0,1,0,-0.05260648701452572,Not Persuadable
908,-1.2840647580880449,-1.4485009539978655,-0.712071666573206,1.0494238872766315,-0.8805700588360106,-1.128420625469267,0.0,0,1,0,0.0664915066348152,Persuadable
2175,0.3497366993528136,1.5751497715392735,-0.0972627677878441,0.5963002929815718,0.1207885643378016,0.5469772988628299,0.0,5,0,1,0.14188435366390165,Highly Persuadable
71,-1.2840647580880449,-1.094214606359171,-0.712071666573206,0.7904961191080262,0.4616766062693123,-1.96709820791822,1.0,25,1,1,0.10057130073769222,Highly Persuadable
912,0.4357262497444378,0.3901230225408795,0.5175461309975176,1.1788877713609345,0.3679323947381469,-0.4766595170550286,1.0,0,1,0,-0.02159559711456499,Not Persuadable
3866,-1.1120856573047966,-0.5933270114217052,-0.712071666573206,2.072188571542624,0.7045593361455136,0.0498381951474647,0.0,0,0,0,0.008821901110647476,Persuadable
2621,-0.682137905346676,0.3290391694997252,0.5175461309975176,-0.2193221767495355,1.3096356105739448,-1.949483042825943,0.0,20,0,1,0.007136571009562321,Persuadable
3253,-1.4560438588712932,-1.2224906977455947,-1.3268805653585676,-0.6853921594530257,-0.4842877100906296,-0.2192823826512074,0.0,0,1,0,-0.04416224061746567,Not Persuadable
4225,-0.682137905346676,-0.5688934702052434,-0.0972627677878441,0.5315683509394203,-0.0496554566279536,-1.814433443785155,0.0,0,0,0,0.17722753373179895,Highly Persuadable
2754,0.0917680481779412,0.0175115189898381,-1.3268805653585676,-1.306818803057679,-0.1007886629176801,0.1799946927737314,0.0,0,0,0,0.09982182453307595,Persuadable
839,1.897548606402048,0.8971190027824605,0.5175461309975176,0.2467478059539543,1.6973957582710382,0.6066731361199897,0.0,0,1,0,0.03755204087895277,Persuadable
1613,-0.080211052605307,-0.1107645723965859,0.5175461309975176,0.8681744495586079,-0.1817495728764139,-0.9493331136977872,1.0,0,1,0,0.0833324977719086,Persuadable
1150,1.0376531024858069,1.678992321709236,1.7471639285682412,0.0784447566443607,2.2641221279821746,0.6086303766857986,1.0,0,1,0,0.038237247587639266,Persuadable
3535,0.5217158001360619,0.3351475548038407,0.5175461309975176,-1.306818803057679,-0.8166535509738524,0.4863028413227658,0.0,0,1,0,-0.027722592628061638,Not Persuadable
1076,0.2637471489611895,-1.8699795399818304,0.5175461309975176,-0.9443199276216312,0.0099999507100607,-0.4130491986662517,0.0,0,0,0,0.053029882252975814,Persuadable
2452,-0.4241692541718035,-1.240815853657941,-0.712071666573206,0.0396055914190698,-0.2840159854558671,-0.9630337976584468,1.0,0,0,0,0.04971252197280987,Persuadable
2795,1.1236426528774308,1.6179084686680816,0.5175461309975176,-1.034944646480643,1.2542413037600744,0.3395097988871264,0.0,25,1,1,0.10710132002086245,Highly Persuadable
2821,-1.542033409262917,-0.7643617999369373,-0.0972627677878441,0.8034425075164564,-0.5652486200493634,-0.1693727482230902,0.0,0,1,0,0.005784404780840952,Persuadable
2022,-0.7681274557383001,0.7138674436589975,-1.3268805653585676,-0.0251263506230813,-1.3237245133469744,-0.5265691514831458,0.0,25,0,1,0.014712201259273404,Persuadable
3769,0.9516635520941824,-0.0069220222266235,-0.0972627677878441,-1.306818803057679,-1.268330206533104,0.2025029592805299,0.0,10,1,1,0.07274552982172444,Persuadable
1306,-1.8859916108294137,0.9704196264318456,-1.3268805653585676,-0.3228932840169778,-1.3237245133469744,-0.9659696585071598,0.0,0,0,0,0.017431719099003092,Persuadable
3672,0.5217158001360619,0.3168223988914943,-1.3268805653585676,-0.7242313246783165,-0.8805700588360106,-0.188945153881175,0.0,0,1,0,0.02935885621921334,Persuadable
1889,-1.6280229596545417,-0.8559875794986688,-0.0972627677878441,-1.1514621421565157,-0.1689662713039823,-0.5451629368583265,1.0,0,0,0,0.08115378895868644,Persuadable
3251,1.209632203269055,-0.0252471781389698,-0.712071666573206,-0.7112849362698862,-0.6334262284356654,0.8660075110896192,0.0,0,0,0,0.10718119768960752,Highly Persuadable
2373,-0.080211052605307,-1.3202248626114417,-1.3268805653585676,-1.306818803057679,-1.3237245133469744,-1.5590135499471425,1.0,10,1,1,0.11552989524298507,Highly Persuadable
2909,-1.1980752076964207,-1.6439692837295596,-1.3268805653585676,-1.306818803057679,-1.3237245133469744,-0.5569063802531782,0.0,0,0,0,0.19572866047704635,Highly Persuadable
3797,-1.7140125100461656,0.2435217752421091,-0.712071666573206,0.3373725248129663,0.0057388501859168,-0.2975720052835487,1.0,0,0,0,0.07031618062537194,Persuadable
1633,0.1777575985695653,-0.3428832139529724,-0.712071666573206,-0.0639655158483722,0.0611331569997873,0.4872814616056699,1.0,20,0,1,-0.06571107983636554,Not Persuadable
2243,-1.4560438588712932,-0.3550999845612033,-0.712071666573206,-0.2322685651579658,-0.0027833508623708,0.320916013511945,0.0,5,1,1,0.04869506076216933,Persuadable
4853,2.0695277071852964,0.4939655727108419,-0.712071666573206,-0.0898582926652328,0.2997547863518447,-0.5069967458250603,0.0,0,1,0,-0.19099892954394615,Not Persuadable
3918,-0.682137905346676,0.1396792250721468,0.5175461309975176,1.2565661018115162,0.6917760345730819,-0.9943496467113832,1.0,0,0,0,0.061842315810794274,Persuadable
3543,-0.1662006029969311,-0.3367748286488569,-1.3268805653585676,-1.306818803057679,0.1847050721999599,0.1721657305104975,1.0,0,1,0,0.10797463134355531,Highly Persuadable
3581,0.6936949009193102,-1.3263332479155572,0.5175461309975176,-0.0769119042568025,-0.3777601969870325,-0.6166022175103381,0.0,20,0,1,0.00610058030381952,Persuadable
4928,0.3497366993528136,1.3308143593746562,1.1323550297828793,-0.2322685651579658,0.2699270826828375,1.1155556832302065,1.0,25,1,1,0.07413408860143791,Persuadable
4890,1.209632203269055,-0.098547801788355,0.5175461309975176,-0.0769119042568025,-0.0155666524348025,-1.3838405193072798,0.0,15,0,1,-0.0019802382376657678,Not Persuadable
643,2.1555172575769204,1.6912090923174667,2.9767817261389644,-0.1286974578905237,-0.8209146514979963,1.6508609779788377,0.0,25,1,1,0.002061369149717359,Persuadable
2975,0.0917680481779412,1.4774156066734263,0.5175461309975176,-1.306818803057679,-0.394804599083608,1.3748900581998358,0.0,0,0,0,0.1040000001751948,Highly Persuadable
3615,-1.8859916108294137,-0.8682043501068997,-0.712071666573206,1.709689696106576,-1.2385025028640968,1.4336072751740916,0.0,0,1,0,0.003696693408179776,Persuadable
3811,0.2637471489611895,-0.3612083698653187,0.5175461309975176,0.8163888959248867,-1.2257192012916651,0.59297245215933,0.0,20,0,1,0.013605501685968732,Persuadable
234,1.209632203269055,2.4608656406360114,2.3619728273536027,0.5833539045731415,1.0198807749321608,1.544191367142273,0.0,20,1,1,0.1135956034933862,Highly Persuadable
4577,-0.9401065565215484,0.1030289132474542,0.5175461309975176,-1.1773549189733763,0.0483498554273556,0.1985884781489122,0.0,10,1,1,0.09552395337922252,Persuadable
1610,-0.4241692541718035,-0.8010121117616299,-0.712071666573206,-1.1514621421565157,0.6662094314282186,0.2328401880505615,0.0,0,0,0,0.13629731464504768,Highly Persuadable
416,0.1777575985695653,-1.4301757980855194,-0.712071666573206,1.489601093163261,-0.5354209163803562,-0.0431307317284404,0.0,5,0,1,0.10966788881716882,Highly Persuadable
2472,-0.4241692541718035,0.115245683855685,-0.0972627677878441,-1.306818803057679,0.2614048816345498,-1.3779687976098538,1.0,0,0,0,0.013748252904152975,Persuadable
654,-1.1120856573047966,-0.0191387928348544,-0.712071666573206,-0.0769119042568025,-0.249927181262716,0.036137511186805,0.0,15,1,1,0.00216760251982711,Persuadable
3623,-0.9401065565215484,-0.6544108644628595,-0.0972627677878441,0.2208550291370937,-1.3237245133469744,-1.580543196171036,1.0,0,1,0,0.06681964362043617,Persuadable
1601,-0.080211052605307,0.7566261407878055,1.1323550297828793,0.648085846615293,0.4062822994554418,-0.4061988566859218,1.0,0,1,0,0.0697862612481156,Persuadable
18,-1.0260961069131724,-0.9964804414933236,-1.3268805653585676,0.7775497306995959,0.0099999507100607,-0.8191766160715204,0.0,0,0,0,0.11471040149975456,Highly Persuadable
1861,0.6936949009193102,0.3168223988914943,0.5175461309975176,0.829335284333317,0.0099999507100607,0.088983006463635,0.0,0,0,0,0.11069808042781493,Highly Persuadable
2461,-1.2840647580880449,-0.3306664433447415,-1.3268805653585676,-0.7889632667204678,-1.3237245133469744,-0.0969548472881745,0.0,0,1,0,-0.06370694084202387,Not Persuadable
2390,-0.080211052605307,-0.1413064989171631,-0.0972627677878441,-0.2063757883411052,-1.3237245133469744,-1.2605343636613424,0.0,0,0,0,0.035426843673689375,Persuadable
597,-0.5101588045634277,-0.4406173788188193,0.5175461309975176,0.2985333595876755,0.3295824900208519,-0.1830734321837499,0.0,0,0,0,-0.08650583569124175,Not Persuadable
4872,0.1777575985695653,0.2862804723709172,-0.0972627677878441,-1.306818803057679,-1.3237245133469744,0.5166400700927974,1.0,0,0,0,-0.051798347071395016,Not Persuadable
2168,-1.8000020604377898,-0.7582534146328218,-0.712071666573206,0.5833539045731415,-0.3734990964628886,-0.9933710264284789,0.0,10,0,1,-0.04304114131880311,Not Persuadable
2858,0.1777575985695653,0.0847037573351079,-0.0972627677878441,0.5704075161647112,-0.2073161760212772,-1.164629575936725,1.0,0,0,0,0.15513192292465022,Highly Persuadable
4760,-0.5961483549550518,0.1580043809844931,-1.3268805653585676,-1.306818803057679,2.622054572010261,-0.8612572882364037,1.0,20,0,1,0.03900107291771035,Persuadable
1816,-0.5101588045634277,-0.2268238931747791,-0.712071666573206,-0.141643846298954,-0.0155666524348025,-0.7643738802288815,1.0,0,0,0,0.06693439384719745,Persuadable
4936,-0.682137905346676,-0.1901735813500865,1.7471639285682412,-1.216194084198667,-1.0723195824224854,-0.0587886562549083,1.0,20,1,1,0.024495662813535542,Persuadable
372,1.3816113040523033,0.9520944705194994,0.5175461309975176,0.3632653016298269,-0.6035985247666583,0.7661882422333848,0.0,20,1,1,-0.01966121838428445,Not Persuadable
3039,-0.8541170061299242,-0.1840651960459711,-0.0972627677878441,-0.141643846298954,-0.0922664618693924,-0.8084117929595732,1.0,15,0,1,0.013847025502616739,Persuadable
599,0.2637471489611895,0.3779062519326487,0.5175461309975176,-1.216194084198667,0.0653942575239312,0.700620683278799,0.0,0,1,0,0.05925304497661684,Persuadable
239,-1.1120856573047966,-1.240815853657941,-0.712071666573206,1.1400486061356436,0.4829821088900317,0.8112047752469809,0.0,10,0,1,-0.015312007899939665,Not Persuadable
3616,0.8656740017025585,0.115245683855685,0.5175461309975176,0.3503189132213966,0.5298542146556143,0.9325536903271088,0.0,30,0,1,-0.17630952286328533,Not Persuadable
1814,0.0057784977863171,-0.9964804414933236,-0.712071666573206,1.3083516554452377,-0.3521935938421692,-0.7937324887160094,1.0,0,0,0,0.2090493754910801,Highly Persuadable
1944,-1.8859916108294137,-0.6238689379422823,-0.712071666573206,1.0494238872766315,1.518429536256995,0.1114912729704335,0.0,5,0,1,0.05996070057325416,Persuadable
1718,-0.5101588045634277,-0.0435723340513161,-0.712071666573206,1.5672794236138428,-0.7356926410151187,1.4326286548911875,1.0,0,0,0,0.10029547805375198,Highly Persuadable
4838,-1.0260961069131724,-0.8743127354110151,1.7471639285682412,0.4927291857141298,0.2102716753448232,-0.400327134988496,1.0,0,1,0,-0.03091806822094331,Not Persuadable
2139,0.3497366993528136,3.175546721217517,-0.712071666573206,-0.7630704899036073,-1.3237245133469744,2.605994374093397,1.0,15,1,1,0.04640200003324708,Persuadable
2560,1.5535904048355516,1.117020873730616,0.5175461309975176,-0.4653035565097109,1.7911399698022037,0.9560405771168116,1.0,0,0,0,0.06077185674515358,Persuadable
3481,-0.5101588045634277,-0.4772676906435119,-0.0972627677878441,-1.1903013073818065,0.1591384690550966,-0.8191766160715204,0.0,0,0,0,0.11244158910235638,Highly Persuadable
3694,-1.370054308479669,-1.1064313769674017,-0.712071666573206,-0.7630704899036073,-1.3237245133469744,-1.351546049971439,0.0,25,1,1,0.15492145027784235,Highly Persuadable
2765,-0.5961483549550518,0.988744782344192,2.3619728273536027,1.1529949945440738,-1.2257192012916651,1.993378076995329,0.0,15,0,1,0.12067847244593827,Highly Persuadable
2477,-1.8859916108294137,-1.8699795399818304,-1.3268805653585676,-1.2420868610155276,1.203108097470348,-0.8876800358748187,0.0,0,1,0,0.030855453128618825,Persuadable
2553,-0.4241692541718035,-0.1046561870924705,-0.0972627677878441,0.2467478059539543,-0.0070444513865147,-0.9405255311516488,0.0,30,1,1,-0.002423191630515127,Not Persuadable
788,-0.1662006029969311,-0.9353965884521694,-0.712071666573206,0.0007664261937791,-1.1745859950019384,-1.0100075712378516,0.0,10,1,1,0.10165221131564463,Highly Persuadable
1544,-0.080211052605307,0.9093357733906914,1.1323550297828793,0.5833539045731415,-0.3181047896490181,-0.1566506845453345,1.0,0,0,0,0.12231200666784571,Highly Persuadable
3741,-1.6280229596545417,-0.4284006082105884,0.5175461309975176,0.4797827973056995,2.021239398105973,-0.8113476538082861,0.0,0,1,0,0.07914160788964462,Persuadable
4263,-0.5101588045634277,1.0253950941688843,-0.712071666573206,-1.306818803057679,-1.3237245133469744,-1.176373019331576,1.0,0,1,0,-0.0006905221256132079,Not Persuadable
3726,1.4676008544439274,1.355247900591118,-0.0972627677878441,0.9199600031923288,-0.3564546943663131,1.214396331803537,0.0,20,0,1,0.05490028430569079,Persuadable
2245,0.5217158001360619,-0.7826869558492836,-0.712071666573206,0.0784447566443607,1.1093638859391823,-0.9062738212499994,1.0,20,1,1,-0.08980110606846327,Not Persuadable
4488,-1.1120856573047966,-1.4485009539978655,-0.0972627677878441,-1.306818803057679,-0.0624387582003852,-0.8025400712621478,1.0,15,1,1,0.15142374940447484,Highly Persuadable
4221,1.6395799552271757,0.4267733343655721,1.1323550297828793,0.5704075161647112,0.4148045005037296,1.9190029354946057,1.0,10,1,1,0.0996831560077005,Persuadable
3049,0.9516635520941824,1.4651988360651955,-0.712071666573206,0.5315683509394203,0.0568720564756434,0.8112047752469809,1.0,20,1,1,0.18932150094141895,Highly Persuadable
1434,-1.7140125100461656,0.5428326551437653,-0.712071666573206,-0.1545902347073842,-1.1277138892363558,-0.2672347765135164,1.0,10,1,1,0.06710459933355349,Persuadable
622,0.0057784977863171,0.1580043809844931,-0.0972627677878441,0.5445147393478507,0.0099999507100607,-0.0812969227617067,0.0,0,1,0,0.04922936662001167,Persuadable
2313,1.3816113040523033,0.6894339024425358,-0.0972627677878441,-1.306818803057679,1.8934063823816567,0.0801754239174971,0.0,0,1,0,-0.0161782693616773,Not Persuadable
3648,-0.4241692541718035,0.2801720870668017,-0.712071666573206,0.9458527800091892,1.629218149884736,0.8620930299580022,1.0,0,1,0,-0.06195887987552906,Not Persuadable
567,-0.1662006029969311,1.129237644338847,-0.712071666573206,1.541386646796982,-1.1362360902846436,0.1046409309901036,0.0,0,0,0,0.12661246733108406,Highly Persuadable
1486,-0.8541170061299242,-0.9537217443645156,-0.0972627677878441,0.7128177886574444,-0.2584493823110038,-0.1899237741640798,1.0,0,1,0,0.08696520522364581,Persuadable
3753,-0.1662006029969311,1.709534248229813,-0.0972627677878441,-0.141643846298954,-1.3237245133469744,1.240819079441952,1.0,5,1,1,0.07350537124961704,Persuadable
3586,2.0695277071852964,2.137121219517893,1.1323550297828793,0.9587991684176196,0.2145327758689671,1.531469303464518,1.0,10,0,1,0.10311650260687479,Highly Persuadable
52,0.6936949009193102,0.4634236461902647,0.5175461309975176,0.7516569538827352,-0.3394102922697375,0.9873564261697478,0.0,0,1,0,0.00418963361360097,Persuadable
2143,2.757444110318289,0.5183991139273036,1.7471639285682412,0.9329063916007588,-0.2925381865041548,0.5450200582970217,1.0,0,1,0,-0.05553659512951166,Not Persuadable
3047,0.5217158001360619,-1.8699795399818304,0.5175461309975176,-1.306818803057679,-1.3066801112503987,-0.710549764669147,1.0,0,1,0,0.061193957611555654,Persuadable
3120,-1.2840647580880449,0.0358366749021844,-1.3268805653585676,-1.1385157537480854,1.4800796315397,0.5019607658492337,0.0,0,0,0,0.00788790364599019,Persuadable
4375,0.9516635520941824,1.2636221210293863,2.3619728273536027,0.9070136147838987,-0.2584493823110038,1.9454256831330208,0.0,0,1,0,0.05923067381490411,Persuadable
535,-1.6280229596545417,-0.4955928465558582,1.7471639285682412,0.2726405827708149,-0.7186482389185431,0.2171822635240936,1.0,15,1,1,0.026982763565709937,Persuadable
3200,-0.4241692541718035,-0.1779568107418557,-1.3268805653585676,0.1949622523202333,0.7642147434835279,0.2729636196496366,0.0,25,1,1,0.0592326236388931,Persuadable
3103,0.7796844513109343,-0.7338198734163601,1.1323550297828793,-0.2322685651579658,-0.5865541226700828,-2.09334022441287,0.0,0,1,0,-0.021376579171900844,Not Persuadable
444,1.3816113040523033,0.622241664097266,1.7471639285682412,-0.0380727390315116,1.3820743194843907,0.0772395630687842,1.0,30,1,1,0.019893913212717117,Persuadable
2690,-1.8859916108294137,-1.6745112102501367,-1.3268805653585676,0.6739786234321535,0.9346587644492832,-0.1830734321837499,1.0,0,0,0,0.009124590340334585,Persuadable
196,-0.9401065565215484,0.3779062519326487,-1.3268805653585676,0.2596941943623846,2.5581380641481024,0.4461794097236907,0.0,5,0,1,-0.00334963759142683,Not Persuadable
3484,1.3816113040523033,1.7156426335339283,1.1323550297828793,-0.141643846298954,-0.0496554566279536,-0.0098576421096951,0.0,0,1,0,-0.04528792229568961,Not Persuadable
777,-1.1120856573047966,-0.4589425347311656,-1.3268805653585676,0.0525519798275001,-0.9657920693188884,0.4040987375588074,1.0,25,1,1,0.06128549438609086,Persuadable
2227,0.1777575985695653,-1.08199783575094,-0.0972627677878441,0.1949622523202333,0.0994830617170822,0.9305964497613008,1.0,5,0,1,-0.1397816973071545,Not Persuadable
2823,0.6936949009193102,0.4695320314943801,1.1323550297828793,1.9427246874583208,0.9303976639251392,-0.8289628189005628,0.0,0,0,0,0.10807142661750817,Highly Persuadable
3018,1.1236426528774308,1.5934749274516198,-0.0972627677878441,0.1302303102780819,1.3565077163395276,2.363296543933141,0.0,30,1,1,0.08577118613197307,Persuadable
3063,2.585465009535041,2.442540484723665,1.1323550297828793,0.3373725248129663,1.2499802032359304,1.1096839615327807,0.0,20,1,1,0.09011613911842636,Persuadable
2981,-0.080211052605307,-1.0331307533180163,-0.0972627677878441,-0.0380727390315116,-1.2214581007675211,-0.4815526184695496,0.0,15,1,1,0.0685075077350292,Persuadable
2576,0.4357262497444378,0.0236199042939535,1.1323550297828793,1.0105847220513406,1.215891399042779,-0.5578850005360823,1.0,25,1,1,0.07702696065051486,Persuadable
2938,1.4676008544439274,1.031503479473,-0.0972627677878441,-0.6465529942277348,-0.1348774671108312,2.256626933096576,0.0,30,1,1,0.1608294672058473,Highly Persuadable
645,-0.3381797037801794,0.848251920349537,-0.712071666573206,0.1949622523202333,0.8409145529181178,0.1702084899446887,0.0,0,1,0,0.04886798969210759,Persuadable
806,1.1236426528774308,0.1946546928091856,1.1323550297828793,0.5445147393478507,-1.3237245133469744,1.0088860723936417,0.0,0,0,0,-0.018605000972175864,Not Persuadable
3538,-0.3381797037801794,1.6728839364051205,1.1323550297828793,1.217726936586225,-1.153280492381219,2.086347003871235,1.0,15,1,1,0.16990653559205018,Highly Persuadable
1352,0.607705350527686,-0.465050920035281,-0.712071666573206,-0.8666415971710495,-0.0368721550555219,-0.0509596939916743,0.0,0,0,0,-0.05400787331144247,Not Persuadable
4866,0.0917680481779412,0.1396792250721468,-0.0972627677878441,1.4507619279379702,1.6377403509330235,1.4316500346082828,0.0,30,0,1,0.05089246447923982,Persuadable
121,-1.0260961069131724,-0.3673167551694341,1.1323550297828793,2.4994193890208227,0.6704705319523625,0.4559656125527334,1.0,0,1,0,-0.05261532515354991,Not Persuadable
2489,1.4676008544439274,0.5183991139273036,1.7471639285682412,1.2047805481777951,1.2542413037600744,0.7505303177069163,1.0,0,1,0,0.09545805908326202,Persuadable
4808,-0.5961483549550518,0.5061823433190727,-0.0972627677878441,0.6221930697984324,1.049708478601168,-1.2047530075357995,0.0,0,0,0,0.1680507685108734,Highly Persuadable
4899,0.3497366993528136,1.5568246156269272,-0.0972627677878441,-0.141643846298954,-0.6675150326288165,1.1742729002044625,0.0,30,1,1,0.04348836804598865,Persuadable
2465,-0.682137905346676,-0.2451490490871254,-0.712071666573206,-0.2581613419748264,-0.1604440702556945,0.0743037022200713,0.0,25,1,1,0.051690438661168646,Persuadable
3183,-0.7681274557383001,-0.013030407530739,-1.3268805653585676,-1.306818803057679,-1.3237245133469744,-1.0834040924556712,0.0,0,0,0,0.032824370672033774,Persuadable
135,-1.542033409262917,-1.2774661654826336,-1.3268805653585676,-1.306818803057679,-1.3237245133469744,-0.2427692694409098,0.0,10,0,1,0.02194298777042578,Persuadable
2804,-1.0260961069131724,-1.79057053102833,-0.712071666573206,-1.306818803057679,-0.1306163665866873,-2.106062288090625,0.0,0,0,0,-0.09868146954415401,Not Persuadable
3639,0.2637471489611895,0.3473643254120715,1.1323550297828793,0.7257641770658747,1.6675680546020308,1.6312885723207522,0.0,30,1,1,0.15610878897687047,Highly Persuadable
2299,-0.5101588045634277,-0.2268238931747791,0.5175461309975176,0.4279972436719784,2.2002056201200166,-0.6117091160958167,1.0,0,0,0,0.1656263399802928,Highly Persuadable
185,0.4357262497444378,-0.788795341153399,-0.712071666573206,-0.4782499449181411,-1.3237245133469744,-0.2819140807570802,0.0,10,1,1,0.010420196190205993,Persuadable
1336,1.897548606402048,-0.7521450293287064,0.5175461309975176,-0.012179962214651,-1.191630397098514,-1.529654941460015,1.0,0,1,0,-0.08274668161060969,Not Persuadable
1667,0.2637471489611895,-0.2695825903035872,-0.0972627677878441,-0.5429818869602926,-0.7356926410151187,0.6184165795148413,0.0,15,0,1,0.06209710776852782,Persuadable
512,-0.3381797037801794,-0.1718484254377403,1.1323550297828793,0.4150508552635481,1.3820743194843907,-0.7017421821230087,0.0,0,0,0,0.18123721694062936,Highly Persuadable
1322,-0.5961483549550518,-0.5444599289887817,-1.3268805653585676,-1.306818803057679,0.6747316324765064,-0.9904351655797664,1.0,0,0,0,0.0170699046925202,Persuadable
4073,-0.1662006029969311,0.3534727107161869,-1.3268805653585676,0.9976383336429104,-1.3237245133469744,-0.5686498236480291,1.0,10,1,1,0.05945722889920658,Persuadable
3759,0.4357262497444378,-0.1168729577007013,0.5175461309975176,0.98469194523448,1.55677944097429,0.0664747399568373,0.0,0,0,0,0.16504255454900205,Highly Persuadable
4229,-0.682137905346676,-1.4057422568690576,-0.712071666573206,-1.306818803057679,-1.3237245133469744,-1.515954257499355,0.0,20,1,1,0.1135481272497691,Highly Persuadable
3733,2.929423211101537,1.6973174776215822,0.5175461309975176,-0.5818210521855834,0.4062822994554418,0.0165651055287194,1.0,20,1,1,-0.028667465149112822,Not Persuadable
3680,0.0917680481779412,0.2313050046338783,1.1323550297828793,1.852099968599309,0.2443604795379742,0.8180551172273107,0.0,0,1,0,0.01903925572226208,Persuadable
743,-1.0260961069131724,0.0114031336857227,0.5175461309975176,0.5704075161647112,-1.3237245133469744,0.7309579120488314,1.0,20,0,1,-0.02034446296313639,Not Persuadable
252,0.3497366993528136,1.4651988360651955,0.5175461309975176,0.1431766986865122,0.1591384690550966,1.5177686195038582,1.0,20,1,1,0.1443694836964954,Highly Persuadable
1174,-1.0260961069131724,-1.6256441278172131,-0.712071666573206,0.4668364088972692,0.7769980450559595,-1.563906651361664,0.0,0,1,0,0.14371153917064763,Highly Persuadable
3960,-0.8541170061299242,-1.6195357425130978,-0.712071666573206,1.1788877713609345,1.1008416848908946,0.4726021573621061,1.0,0,0,0,0.05719297106142966,Persuadable
3903,-1.542033409262917,-1.8699795399818304,-1.3268805653585676,-1.306818803057679,-0.4800266095664857,-0.2594058142502825,0.0,0,0,0,0.07285156334387369,Persuadable
2171,-0.8541170061299242,-0.5688934702052434,-0.0972627677878441,-0.012179962214651,1.011358573883873,0.1897808956027742,1.0,10,1,1,-0.06397639942090008,Not Persuadable
123,0.2637471489611895,-0.1840651960459711,-0.712071666573206,-1.306818803057679,-0.3820212975111764,0.7847820276085655,1.0,20,0,1,-0.05629612862499502,Not Persuadable
2355,-1.1980752076964207,-0.4284006082105884,0.5175461309975176,-0.3876252260591293,2.123505810685426,0.7573806596872461,0.0,20,1,1,0.03404421672501603,Persuadable
1670,-0.682137905346676,-1.1919487712250176,-0.0972627677878441,-0.2581613419748264,1.1306693885599015,-0.4052202364030171,1.0,0,1,0,0.09139246778365011,Persuadable
1478,-1.4560438588712932,-1.8699795399818304,-0.712071666573206,1.1012094409103528,-0.1007886629176801,-1.8604285970816552,0.0,25,0,1,0.0351648025044111,Persuadable
568,-0.682137905346676,-1.466826109910212,0.5175461309975176,0.5056755741225601,0.8707422565871249,-0.7291435500443281,0.0,0,0,0,0.16192133541426665,Highly Persuadable
3668,-1.1120856573047966,-0.0924394164842396,-0.0972627677878441,-1.306818803057679,0.1761828711516721,-0.0529169345574832,0.0,20,0,1,0.05240558114770065,Persuadable
3201,-0.5961483549550518,0.0236199042939535,-0.712071666573206,-1.034944646480643,0.6704705319523625,0.1907595158856783,0.0,0,0,0,0.11474033547397616,Highly Persuadable
1676,-1.6280229596545417,-1.4118506421731731,-0.0972627677878441,1.0494238872766315,1.445990827346549,-1.9181671937730067,1.0,20,1,1,0.15379411291831366,Highly Persuadable
1804,-0.4241692541718035,0.3351475548038407,-0.0972627677878441,-0.9054807623963405,0.3807156963105785,-0.6772766750504021,0.0,30,1,1,0.03021250746224615,Persuadable
882,0.9516635520941824,0.1274624544639159,1.7471639285682412,-0.3358396724254082,-0.4501989058974785,-0.5324408731805715,0.0,25,1,1,0.061652991960490226,Persuadable
1216,-1.4560438588712932,-1.0025888267974392,-0.712071666573206,-0.1804830115242448,0.0270443528066362,0.8219695983589277,0.0,0,1,0,-0.028961900343329645,Not Persuadable
3775,1.1236426528774308,-0.9964804414933236,-0.0972627677878441,-0.2581613419748264,-1.18736929657437,-1.538462524006153,0.0,0,0,0,-0.08338755462783776,Not Persuadable
2629,-0.8541170061299242,-0.6116521673340515,-0.712071666573206,-0.4135180028759897,-1.3237245133469744,-1.0002213684088088,0.0,0,1,0,0.035512128135059114,Persuadable
4426,0.7796844513109343,2.2226386137755094,1.1323550297828793,2.033349406317333,1.6547847530295994,0.088004386180731,1.0,20,1,1,0.15518898815651308,Highly Persuadable
721,-0.080211052605307,-0.013030407530739,1.1323550297828793,1.1271022177272134,-1.3237245133469744,-0.343567158580049,1.0,30,0,1,0.10401381327377757,Highly Persuadable
2726,-0.3381797037801794,1.3002724328540791,-1.3268805653585676,-0.8536952087626192,1.083797282794319,-0.0998907081368875,0.0,0,1,0,-0.04497798141888858,Not Persuadable
3892,-1.4560438588712932,-0.0802226458760087,-0.712071666573206,-1.1903013073818065,0.8579589550146933,-0.676298054767498,1.0,15,0,1,0.07219156784581997,Persuadable
2466,-0.7681274557383001,0.0114031336857227,-0.0972627677878441,1.2565661018115162,-1.3237245133469744,-0.0255155666361637,1.0,20,0,1,0.09970740452082413,Persuadable
3211,0.0057784977863171,-0.013030407530739,-0.712071666573206,0.233801417545524,-0.6930816357736798,0.7877178884572784,0.0,0,0,0,-0.024372799234531103,Not Persuadable
603,1.295621753660679,1.2086466532923474,1.7471639285682412,0.8552280611501776,-0.3692379959387448,-0.2682133967964205,0.0,10,0,1,0.03901147209665697,Persuadable
4199,-1.8859916108294137,1.031503479473,-0.712071666573206,-0.5041427217350017,-0.2967992870282988,0.7143213672394587,0.0,10,1,1,0.06880600248014676,Persuadable
1898,0.4357262497444378,-0.9048546619315924,-0.712071666573206,-1.306818803057679,-1.3237245133469744,-0.5500560382728483,1.0,20,1,1,0.16420842703825264,Highly Persuadable
3946,-0.080211052605307,1.5507162303228117,-0.0972627677878441,-0.0639655158483722,0.1506162680068088,1.4003341855553464,1.0,10,1,1,0.06957000552560479,Persuadable
3853,-1.370054308479669,-1.7844621457242145,-0.0972627677878441,0.5833539045731415,-0.1093108639659679,-1.2438978188519705,1.0,0,0,0,0.05447175714634014,Persuadable
319,1.0376531024858069,-1.2713577801785183,-0.712071666573206,-0.141643846298954,1.4204242242016858,-0.6596615099581254,0.0,10,1,1,0.1058023546595737,Highly Persuadable
3098,-0.682137905346676,-0.8437708088904379,-0.0972627677878441,-1.306818803057679,-0.0752220597728168,-0.0587886562549083,0.0,0,0,0,-0.009607270855255179,Not Persuadable
4904,0.1777575985695653,0.4023397931491104,1.7471639285682412,2.0592421831341934,-1.2555469049606722,1.6068230652481457,1.0,10,1,1,0.10802494012729086,Highly Persuadable
275,1.6395799552271757,0.1946546928091856,-1.3268805653585676,-0.931373539213201,-1.3237245133469744,-0.2574485736844736,0.0,0,0,0,0.010935243731834014,Persuadable
1874,-1.1980752076964207,-0.7338198734163601,-0.0972627677878441,0.738710565474305,0.0739164585722189,-0.0401948708797275,0.0,0,1,0,-0.03183068317317429,Not Persuadable
550,0.6936949009193102,-0.5933270114217052,0.5175461309975176,0.5445147393478507,0.8025646482008228,-1.30359365610913,1.0,15,1,1,0.13607287814891536,Highly Persuadable
4992,-0.080211052605307,-1.7417034485954066,-0.712071666573206,1.3860299858958187,0.0185221517583485,-0.8230910972031373,1.0,0,1,0,0.1271336947002542,Highly Persuadable
4674,0.1777575985695653,2.7296345940170905,2.9767817261389644,0.7904961191080262,1.5695627425467216,2.290878642998225,0.0,0,1,0,0.08178547078917592,Persuadable
4903,0.0057784977863171,0.9704196264318456,0.5175461309975176,-0.3487860608338384,0.4574155057451683,0.9579978176826204,0.0,0,0,0,0.009393435183639593,Persuadable
2950,1.209632203269055,1.7584013306627364,1.1323550297828793,2.1110277367679147,-0.906136661980874,0.4500938908553076,0.0,25,0,1,0.06171287878772312,Persuadable
606,0.5217158001360619,-0.9109630472357076,0.5175461309975176,0.51862196253099,0.904831060780276,0.1574864262669337,0.0,0,1,0,0.00898023075040242,Persuadable
4039,-0.682137905346676,-1.2652493948744028,-0.712071666573206,-0.1545902347073842,-0.8507423551670035,-0.6029015335496783,1.0,0,0,0,0.15364242696791555,Highly Persuadable
528,0.1777575985695653,0.2740637017626863,-0.712071666573206,1.0105847220513406,0.7812591455801035,-0.6381318637342317,0.0,0,0,0,0.010842179080706314,Persuadable
4065,0.1777575985695653,-0.5383515436846662,0.5175461309975176,0.0007664261937791,-0.7186482389185431,-0.3171444109416336,1.0,20,0,1,-0.020780837604175484,Not Persuadable
4285,-0.4241692541718035,1.0681537912976926,1.1323550297828793,-0.5818210521855834,0.3892378973588662,1.3827190204630695,0.0,20,0,1,-0.05747148220831463,Not Persuadable
4913,0.3497366993528136,0.3840146372367641,-0.712071666573206,-1.306818803057679,-1.3237245133469744,-1.0354516985933622,1.0,0,1,0,0.05546204549819297,Persuadable
3791,-0.5101588045634277,-1.705053136770714,-1.3268805653585676,-1.306818803057679,-1.157541592905363,-0.5569063802531782,1.0,0,1,0,0.13581177724406676,Highly Persuadable
4837,-1.8859916108294137,-1.5523435041678282,-1.3268805653585676,-0.4005716144675594,-1.3237245133469744,-0.814283514656999,1.0,0,1,0,0.05683660513037195,Persuadable
1832,0.0917680481779412,0.2190882340256474,-0.712071666573206,-0.3617324492422687,0.1676606701033844,-0.5784360264770718,0.0,20,0,1,0.04206628925824073,Persuadable
299,-1.8000020604377898,-0.3428832139529724,-0.0972627677878441,0.5056755741225601,-0.7058649373461114,-1.650025236257239,0.0,0,0,0,0.07123833592724234,Persuadable
2806,0.0917680481779412,0.8177099938289598,0.5175461309975176,0.2985333595876755,0.8877866586837004,-0.5216760500686247,0.0,0,1,0,0.08536936769217109,Persuadable
4256,1.0376531024858069,-0.6544108644628595,0.5175461309975176,0.2208550291370937,-1.3237245133469744,-0.5931153307206356,1.0,0,0,0,0.049185730261558994,Persuadable
1594,-0.7681274557383001,0.7138674436589975,-0.0972627677878441,-1.034944646480643,0.5596819183246216,0.0009071810022516,1.0,5,0,1,-0.01637506332764245,Not Persuadable
2179,0.607705350527686,0.8543603056536524,1.1323550297828793,-0.2322685651579658,-0.2627104828351477,1.2359259780274303,0.0,0,0,0,0.039012667798444846,Persuadable
4932,-0.9401065565215484,0.1091372985515696,-1.3268805653585676,-1.306818803057679,-1.3237245133469744,1.416970730364719,1.0,0,1,0,-0.1559831931052332,Not Persuadable
4266,-0.5101588045634277,-1.6806195955542522,-1.3268805653585676,0.233801417545524,-1.2427636033882403,-1.262491604227151,0.0,0,1,0,0.12006056039792966,Highly Persuadable
2178,0.5217158001360619,0.1457876103762622,-0.712071666573206,-0.5818210521855834,-1.2938968096779673,0.0557099168448905,0.0,0,0,0,0.05336027768953746,Persuadable
1599,1.6395799552271757,-0.1229813430048168,-0.0972627677878441,0.8681744495586079,1.9488006891955272,-0.0793396821958979,0.0,5,1,1,0.13308695796212844,Highly Persuadable
2537,-0.8541170061299242,2.418106943507204,-0.0972627677878441,-0.284054118791687,-0.8038702494014207,2.185187652444565,1.0,5,0,1,0.04436518842065108,Persuadable
757,-0.9401065565215484,-1.2591410095702873,0.5175461309975176,-1.306818803057679,0.5000265109866072,-1.2262826537596931,0.0,15,0,1,-0.06073897922887027,Not Persuadable
1483,0.0917680481779412,-0.281799360911818,-0.0972627677878441,-1.2679796378323882,-0.867786757263579,1.20363150869159,0.0,5,0,1,-0.13898978494978526,Not Persuadable
2488,0.8656740017025585,1.2941640475499636,0.5175461309975176,0.4797827973056995,1.6590458535537431,2.338831036860534,1.0,15,0,1,0.09506658548392456,Persuadable
2073,-1.8859916108294137,-1.2896829360908646,-1.3268805653585676,-0.3876252260591293,0.0185221517583485,-0.1038051892685044,0.0,0,0,0,-0.11339833728515891,Not Persuadable
1296,0.8656740017025585,-1.3018997066990954,-0.0972627677878441,-0.840748820354189,-0.1945328744488456,-1.2761922881878107,0.0,0,0,0,0.0033478473637429105,Persuadable
1097,1.6395799552271757,1.709534248229813,1.1323550297828793,-0.0251263506230813,-0.4928099111389173,1.5138541383722413,0.0,0,0,0,0.11069729253961749,Highly Persuadable
1908,0.1777575985695653,0.1091372985515696,1.1323550297828793,2.214598844035357,-0.5908152231942266,-0.2388547883092929,0.0,0,0,0,0.1240843847965427,Highly Persuadable
4784,0.3497366993528136,-0.4345089935147039,-1.3268805653585676,-0.6983385478614559,-0.7442148420634064,-0.2231968637828243,0.0,0,0,0,0.03537737819211881,Persuadable
377,-0.1662006029969311,-0.1107645723965859,-0.712071666573206,1.5154938699801217,-1.3237245133469744,0.0253726880748581,0.0,25,1,1,0.15437038703400968,Highly Persuadable
4166,0.3497366993528136,0.5855913522725734,-0.0972627677878441,1.43781553952954,-0.2627104828351477,0.0615816385423156,1.0,20,0,1,0.07624905781184839,Persuadable
2536,1.1236426528774308,0.9582028558236148,1.7471639285682412,1.8909391338246,-0.5226376148079245,0.8112047752469809,0.0,0,0,0,0.1479958518491879,Highly Persuadable
4669,1.897548606402048,1.52628268910635,0.5175461309975176,1.489601093163261,1.4758185310155565,0.9305964497613008,1.0,0,0,0,0.041940041955619324,Persuadable
928,0.4357262497444378,1.0192867088647692,-0.0972627677878441,-0.6206602174108743,0.1761828711516721,1.4854741501680178,1.0,30,0,1,0.005828023072602531,Persuadable
379,1.6395799552271757,0.5672661963602271,1.7471639285682412,-1.306818803057679,1.9488006891955272,-0.2662561562306124,1.0,25,1,1,0.058711509615216775,Persuadable
1176,-1.6280229596545417,-0.5994353967258206,-0.0972627677878441,-0.7630704899036073,-1.161802693429507,1.1703584190728449,1.0,20,0,1,-0.17006013629062267,Not Persuadable
2457,1.0376531024858069,1.8439187249203528,-0.0972627677878441,-1.125569365339655,-0.4501989058974785,0.4354145866117438,0.0,0,1,0,0.013596723077969807,Persuadable
2577,-0.8541170061299242,-0.5322431583805508,-1.3268805653585676,-0.0510191274399419,-1.0680584818983414,-1.7655024296399418,1.0,0,0,0,0.09705905319893265,Persuadable
4869,2.2415068079685447,1.4774156066734263,2.3619728273536027,0.609246681390002,0.6363817277592114,2.4269068623219177,0.0,20,1,1,0.026676476356603498,Persuadable
1346,2.413485908751793,2.271505696208433,1.1323550297828793,2.9266502064990223,1.769834467181484,0.6203738200806495,1.0,15,0,1,0.020271652311951948,Persuadable
2620,1.7255695056187998,2.1004709076932007,-1.3268805653585676,-0.6336066058193045,-1.3237245133469744,1.5901865204387735,0.0,0,1,0,0.035859370684345505,Persuadable
1685,-0.682137905346676,-0.5994353967258206,-0.712071666573206,0.091391145052791,0.7301259392903768,-0.8632145288022122,0.0,0,1,0,-0.0871699477403803,Not Persuadable
2058,-1.8859916108294137,-1.479042880518443,-1.3268805653585676,-0.012179962214651,0.1633995695792405,-0.1096769109659302,1.0,0,1,0,-0.07950157973153175,Not Persuadable
1537,0.7796844513109343,-0.7032779468957829,-0.712071666573206,0.3114797479961058,-0.3138436891248743,-2.337995295138935,0.0,15,0,1,0.05492580039286167,Persuadable
2529,1.1236426528774308,1.086478947210039,0.5175461309975176,0.0784447566443607,-1.1021472860914925,0.4686876762304891,0.0,10,0,1,-0.06692708826295683,Not Persuadable
2288,2.3274963583601687,2.5524914201977427,0.5175461309975176,0.6610322350237232,-0.7016038368219676,-0.0744465807813768,0.0,25,1,1,0.08293342972303891,Persuadable
4879,0.5217158001360619,-0.5811102408134743,2.3619728273536027,-0.141643846298954,0.4531544052210245,-1.1489716514102566,0.0,15,0,1,-0.0396510627279775,Not Persuadable
795,-1.8000020604377898,-1.821112457548907,-0.712071666573206,-1.306818803057679,0.5341153151797583,-0.0372590100310146,1.0,10,0,1,-0.08831340362446395,Not Persuadable
2521,-0.2521901533885552,-0.013030407530739,-0.712071666573206,1.295405267036807,-1.3237245133469744,-0.9718413802045852,0.0,0,1,0,0.046056816494639045,Persuadable
3521,-0.7681274557383001,-0.8926378913233614,-0.0972627677878441,1.2695124902199466,0.3764545957864346,-1.5443342457035785,0.0,0,1,0,0.08868076061977882,Persuadable
1222,1.295621753660679,0.341255940107956,1.1323550297828793,0.8163888959248867,1.6973957582710382,-0.0255155666361637,0.0,30,1,1,0.17707818768402436,Highly Persuadable
176,0.1777575985695653,-0.098547801788355,-0.0972627677878441,0.0137128146022093,0.3125380879242764,-0.1184844935120682,1.0,30,1,1,-0.044833093250275985,Not Persuadable
1787,1.1236426528774308,-1.0697810651427089,-0.712071666573206,0.2596941943623846,-0.1306163665866873,-1.0109861915207556,0.0,0,1,0,-0.05363583379298896,Not Persuadable
3425,2.929423211101537,1.3918982124158106,1.7471639285682412,0.7128177886574444,0.938919864973427,-0.953247594829404,0.0,25,1,1,0.08328119516757714,Persuadable
1979,1.6395799552271757,2.6013585026306663,1.1323550297828793,0.0654983682359304,1.8209676734712104,1.095004657289217,1.0,25,1,1,0.038194869926595085,Persuadable
46,0.2637471489611895,1.3735730565034645,-0.0972627677878441,1.619064977247564,0.0568720564756434,1.1272991266250574,0.0,0,1,0,0.09067099525851968,Persuadable
2768,1.811559056010424,-0.4406173788188193,0.5175461309975176,0.1431766986865122,-0.4075879006560397,-0.7565449179656476,1.0,0,0,0,0.05470075236837152,Persuadable
860,0.6936949009193102,1.5323910744104654,2.3619728273536027,1.0105847220513406,1.6931346577468942,-0.2936575241519311,0.0,0,0,0,0.18485515148669165,Highly Persuadable
4668,0.8656740017025585,1.288055662245848,1.1323550297828793,0.4021044668551178,-0.1987939749729894,-0.0157293638071209,0.0,20,1,1,0.002454923883395384,Persuadable
4168,-1.0260961069131724,-0.8682043501068997,-1.3268805653585676,-1.0867302001143642,-1.051014079801766,-0.1302279369069198,0.0,20,0,1,0.010896069430315956,Persuadable
1527,1.209632203269055,1.4285485242405032,2.3619728273536027,-1.2938724146492486,-0.7442148420634064,0.5019607658492337,0.0,20,0,1,-0.06907575819597996,Not Persuadable
2192,-0.9401065565215484,-1.466826109910212,-1.3268805653585676,-1.306818803057679,0.2315771779655426,-1.6040300829607388,1.0,0,0,0,-0.026286880969911237,Not Persuadable
3011,2.413485908751793,1.5568246156269272,1.7471639285682412,0.8940672263754684,-0.684559434725392,0.6497324285677778,1.0,0,1,0,-0.03188329352942826,Not Persuadable
3014,0.0917680481779412,-1.094214606359171,0.5175461309975176,0.7646033422911656,0.252882680586262,-1.952418903674656,1.0,0,1,0,0.09028488217155323,Persuadable
1780,1.5535904048355516,2.185988301950817,-0.0972627677878441,0.3114797479961058,0.0057388501859168,1.025522617203014,0.0,10,0,1,0.07168991011975966,Persuadable
1704,-1.8859916108294137,0.524507499231419,-0.712071666573206,-1.306818803057679,-1.3237245133469744,-0.1380568991701538,1.0,10,1,1,0.05604703132470709,Persuadable
3114,0.7796844513109343,-0.3917502963858958,-1.3268805653585676,-0.012179962214651,-0.578031921621795,-0.3337809557510062,1.0,15,0,1,-0.11511105786459705,Not Persuadable
2604,0.1777575985695653,0.0663786014227616,1.1323550297828793,-1.306818803057679,2.4942215562859444,0.6585400111139158,1.0,20,0,1,-0.028629025516689638,Not Persuadable
284,0.4357262497444378,1.031503479473,0.5175461309975176,2.3311163397112296,-0.6078596252908022,0.084089905049114,1.0,10,1,1,0.09565240961281178,Persuadable
1554,-0.3381797037801794,-0.3001245168241643,-0.0972627677878441,0.0654983682359304,-0.1263552660625435,0.2661132776693068,1.0,30,0,1,0.01673623577649641,Persuadable
4145,1.4676008544439274,1.7034258629256975,-0.0972627677878441,-1.306818803057679,0.7514314419110962,1.3318307657520485,0.0,0,1,0,0.04540828677405417,Persuadable
4712,-0.5961483549550518,0.4573152608861493,-0.0972627677878441,0.8940672263754684,-1.298157910202111,1.103812239835355,0.0,20,0,1,0.0421732760737595,Persuadable
1567,-1.1980752076964207,0.4634236461902647,-0.0972627677878441,0.4021044668551178,-0.1647051707798384,-0.3973912741397831,0.0,0,1,0,0.05455021936246016,Persuadable
1259,1.811559056010424,-0.1351981136130476,0.5175461309975176,0.0525519798275001,-0.9828364714154638,0.2788353413470618,1.0,10,1,1,0.07520090602359998,Persuadable
857,0.3497366993528136,0.8726854615659987,-0.0972627677878441,0.3632653016298269,0.2869714847794131,1.2995362964162074,0.0,30,0,1,-0.017885949034908758,Not Persuadable
2087,-0.080211052605307,-0.691061176287552,0.5175461309975176,-1.164408530564946,0.8750033571112689,-0.9630337976584468,1.0,5,1,1,0.14305272770123056,Highly Persuadable
2417,-0.7681274557383001,-0.605543782029936,-0.712071666573206,-0.1934293999326751,-1.3237245133469744,-0.5383125948779967,0.0,20,1,1,0.10953115167419541,Highly Persuadable
4926,1.1236426528774308,1.2391885798129247,-0.0972627677878441,-1.306818803057679,0.3679323947381469,0.475538018210819,1.0,20,0,1,-0.0828678191108159,Not Persuadable
1875,-1.1120856573047966,-1.6806195955542522,-0.712071666573206,-0.2970005072001173,-0.974314270367176,-1.837920330574857,0.0,0,1,0,-0.03513943066115422,Not Persuadable
4617,-1.8859916108294137,-0.3856419110817804,-1.3268805653585676,0.091391145052791,0.5042876115107511,0.088004386180731,1.0,0,1,0,-0.09703723836722518,Not Persuadable
2096,0.7796844513109343,1.5079575331940038,-1.3268805653585676,0.0396055914190698,-1.3237245133469744,3.0590955650780707,0.0,0,1,0,0.05059431435284966,Persuadable
978,-0.4241692541718035,-0.746036644024591,0.5175461309975176,-0.8019096551288981,-1.3237245133469744,0.0302657894893792,1.0,15,0,1,-0.0025218645714480126,Not Persuadable
1398,-0.1662006029969311,-1.2591410095702873,-0.712071666573206,0.8681744495586079,-0.9189199635533056,-0.792753868433105,0.0,20,1,1,0.150527376681694,Highly Persuadable
2460,-1.8859916108294137,-1.0025888267974392,-1.3268805653585676,0.2726405827708149,-1.3237245133469744,0.4148635606707542,1.0,0,0,0,0.004629975123526143,Persuadable
4570,0.4357262497444378,-0.0252471781389698,-0.0972627677878441,-0.750124101495177,2.1192447101612824,-0.3973912741397831,0.0,20,1,1,0.10852136814360028,Highly Persuadable
1942,0.0917680481779412,-1.821112457548907,-1.3268805653585676,-0.0898582926652328,-1.1404971908087875,-1.3789474178927583,0.0,0,0,0,0.04934241204446222,Persuadable
2527,-0.080211052605307,-0.4772676906435119,-0.0972627677878441,2.486473000612392,-1.3237245133469744,1.3445528294298037,0.0,0,0,0,0.10252568348271072,Highly Persuadable
953,0.5217158001360619,-1.4118506421731731,-0.712071666573206,-0.374678837650699,-0.288277085980011,-1.3006577952604172,1.0,20,1,1,0.08283776649765481,Persuadable
100,-0.9401065565215484,-1.4179590274772886,-0.712071666573206,-0.8795879855794798,-0.9274421646015932,-1.8193265451996763,0.0,25,0,1,-0.03384333102792096,Not Persuadable
1074,-1.6280229596545417,-0.5566766995970126,-0.712071666573206,-0.42646439128442,-1.3237245133469744,0.0811540442004011,0.0,25,0,1,-0.05876158453180115,Not Persuadable
4465,1.0376531024858069,-0.8132288823698607,-0.712071666573206,-0.2970005072001173,-0.3394102922697375,0.7211717092197886,0.0,0,1,0,-0.07597595329908438,Not Persuadable
3465,0.5217158001360619,0.8971190027824605,1.7471639285682412,0.2208550291370937,0.5980318230419165,0.2367546691821785,1.0,20,1,1,0.10223992251135489,Highly Persuadable
4896,-0.080211052605307,1.74007617475039,0.5175461309975176,-0.2322685651579658,1.40337982210511,0.70551378469332,0.0,0,1,0,0.04971394498575947,Persuadable
352,0.8656740017025585,0.6833255171384203,1.7471639285682412,-0.2063757883411052,2.460132752092793,0.2876429238932004,0.0,0,0,0,0.21107656728324575,Highly Persuadable
2747,1.1236426528774308,1.3247059740705407,0.5175461309975176,-0.2452149535663961,1.884884181333369,0.2993863672880513,1.0,20,1,1,0.07603517031811059,Persuadable
1159,-1.8859916108294137,-1.8699795399818304,-1.3268805653585676,-0.3099468956085476,0.1633995695792405,0.0126506243971025,0.0,0,1,0,-0.018192926933057494,Not Persuadable
1057,0.1777575985695653,-0.422292222906473,-1.3268805653585676,-1.306818803057679,-1.3237245133469744,0.5293621337705531,1.0,0,0,0,0.02894213750275256,Persuadable
965,0.0057784977863171,1.7339677894462748,-0.0972627677878441,0.1043375334612213,-0.4800266095664857,1.5079824166748157,0.0,20,0,1,0.07837160767983298,Persuadable
719,-0.3381797037801794,0.7627345260919209,-1.3268805653585676,-0.2581613419748264,0.5724652198970532,0.5871007304619049,0.0,15,0,1,-0.0785982514299253,Not Persuadable
2776,2.757444110318289,0.341255940107956,1.7471639285682412,-0.5170891101434321,0.9559642670700026,1.2212466737838663,1.0,20,0,1,-0.04991909100290354,Not Persuadable
3576,-1.8859916108294137,-0.5688934702052434,-1.3268805653585676,-1.1514621421565157,-0.7697814452082697,-0.0969548472881745,0.0,0,1,0,-0.0638864950495861,Not Persuadable
1539,-0.9401065565215484,-0.6971695615916675,-0.0972627677878441,1.8650463570077391,-1.3237245133469744,-0.2633202953818994,0.0,20,1,1,0.15137502084077592,Highly Persuadable
309,0.607705350527686,1.52628268910635,-0.0972627677878441,-1.2032476957902367,-0.8720478577877229,0.921788867215162,1.0,0,1,0,0.002272573051378071,Persuadable
1535,2.0695277071852964,-0.3184496727365106,0.5175461309975176,0.7516569538827352,-0.2541882817868599,-1.5071466749532163,0.0,25,0,1,0.07491935437311538,Persuadable
834,-0.4241692541718035,-0.972046900276862,1.1323550297828793,-0.3099468956085476,-1.3237245133469744,-1.0530668636856388,1.0,10,1,1,0.05800693878209751,Persuadable
367,-0.7681274557383001,-0.9048546619315924,-1.3268805653585676,-1.306818803057679,-0.6462095300080971,-0.8093904132424776,1.0,0,0,0,0.0857664290263452,Persuadable
3397,-0.9401065565215484,-1.1003229916632862,-0.712071666573206,1.0882630525019223,-1.3237245133469744,-0.5549491396873694,1.0,30,1,1,0.23686162467196253,Highly Persuadable
2094,0.8656740017025585,-0.0863310311801242,-0.712071666573206,0.7775497306995959,-0.1476607686832629,0.2964505064393384,1.0,20,1,1,0.09654917167208568,Persuadable
4867,-0.9401065565215484,-1.8699795399818304,-1.3268805653585676,-1.306818803057679,-0.0752220597728168,-2.274384976750158,1.0,0,0,0,-0.04037532141792293,Not Persuadable
3782,-1.8859916108294137,-0.5505683142928971,-1.3268805653585676,-0.9572663160300616,1.6334792504088798,-1.1675654367854376,0.0,0,0,0,0.021531530064106116,Persuadable
2556,-0.4241692541718035,-0.0802226458760087,-0.712071666573206,-0.9831590928469222,-1.3237245133469744,0.2739422399325407,1.0,0,0,0,0.12760988797699999,Highly Persuadable
1127,1.811559056010424,1.5995833127557353,2.3619728273536027,0.9717455568260498,0.2997547863518447,1.6019299638336246,1.0,0,1,0,-0.030863891334879975,Not Persuadable
20,-0.080211052605307,0.7566261407878055,-1.3268805653585676,-1.306818803057679,-1.3237245133469744,-0.70663528353753,0.0,0,0,0,0.036741345452084635,Persuadable
3266,0.4357262497444378,0.438990104973803,-1.3268805653585676,-0.2063757883411052,-0.7996091488772769,0.2201181243728066,0.0,25,0,1,0.016395349986985386,Persuadable
2944,-0.3381797037801794,-0.0008136369225081,-0.0972627677878441,2.7971863224147198,1.007097473359729,2.132342157167735,0.0,0,1,0,0.02682136683063775,Persuadable
2590,0.607705350527686,2.094362522389085,1.1323550297828793,0.453890020488839,-0.0155666524348025,1.3973983247066335,0.0,5,1,1,0.1776944830920664,Highly Persuadable
219,-0.1662006029969311,0.7138674436589975,2.3619728273536027,1.2047805481777951,-0.578031921621795,1.0773894921969402,0.0,25,1,1,0.13824178768118653,Highly Persuadable
2639,0.6936949009193102,-0.0496807193554316,0.5175461309975176,-1.306818803057679,-0.0581776576762413,-0.3259519934877723,0.0,20,1,1,0.006484513403112711,Persuadable
439,-0.682137905346676,-0.0618974899636624,-0.712071666573206,-0.4911963333265715,0.3125380879242764,-1.17735163961448,1.0,15,0,1,-0.059850902675739656,Not Persuadable
1966,0.5217158001360619,0.5183991139273036,-0.712071666573206,0.5833539045731415,-1.3237245133469744,0.4354145866117438,0.0,10,0,1,-0.004006826071304721,Not Persuadable
3376,-0.5961483549550518,0.5306158845355345,-1.3268805653585676,-1.306818803057679,-0.6291651279115216,0.2700277588009238,1.0,0,0,0,0.057053102324594186,Persuadable
3304,1.0376531024858069,0.7871680673083827,1.7471639285682412,-1.306818803057679,-0.5609875195252194,-0.6714049533529767,0.0,10,0,1,0.09608480018442428,Persuadable
4282,-1.8859916108294137,-1.8699795399818304,-0.712071666573206,1.6967433076981455,0.1122663632895139,-0.4972105429960182,0.0,0,1,0,0.03226820639320322,Persuadable
2433,-1.0260961069131724,0.7993848379166135,0.5175461309975176,0.0266592030106395,1.1860636953737722,1.248648041705186,0.0,15,0,1,0.06056248096812336,Persuadable
4661,-1.6280229596545417,-0.8620959648027842,-1.3268805653585676,-1.0608374232975035,-1.3237245133469744,-0.7076139038204344,1.0,0,1,0,0.13480378296564136,Highly Persuadable
3780,-1.8859916108294137,-0.831554038282207,1.1323550297828793,-0.0510191274399419,-1.2768524075813916,-1.282064009885236,1.0,0,0,0,0.013344320460062302,Persuadable
2779,0.5217158001360619,0.1824379222009548,0.5175461309975176,0.233801417545524,0.1250496648619455,2.0413304708576385,0.0,0,1,0,-0.0006920976140006433,Not Persuadable
803,0.3497366993528136,0.7993848379166135,0.5175461309975176,1.347190820670528,1.6462625519813114,3.739236661696533,1.0,25,1,1,0.09577900990625053,Persuadable
3013,-0.4241692541718035,-0.0924394164842396,-0.712071666573206,0.0266592030106395,-0.1306163665866873,0.0635388791081244,1.0,5,0,1,-0.010351268036607662,Not Persuadable
2289,1.0376531024858069,-0.055789104659547,-0.0972627677878441,-0.1157510694820934,-0.0965275623935363,-0.0959762270052705,0.0,0,0,0,0.026176240307399477,Persuadable
3742,-0.7681274557383001,-0.3917502963858958,-1.3268805653585676,-1.306818803057679,-1.3237245133469744,0.0126506243971025,1.0,0,0,0,-0.017658101938441594,Not Persuadable
4451,-0.7681274557383001,0.0236199042939535,1.1323550297828793,0.557461127756281,1.7272234619400453,0.0958333484439649,1.0,25,1,1,0.09575484889903091,Persuadable
583,-0.3381797037801794,1.1903214973800011,-0.712071666573206,-1.164408530564946,-0.8507423551670035,0.9364681714587266,1.0,15,1,1,-0.08569506168505135,Not Persuadable
204,0.6936949009193102,-0.7582534146328218,-0.712071666573206,0.233801417545524,-1.3237245133469744,-1.6187093872043026,1.0,0,0,0,0.04205146815096274,Persuadable
4061,0.2637471489611895,0.9337693146071532,-0.0972627677878441,-1.306818803057679,-0.0666998587245291,1.0656460488020891,0.0,0,0,0,-0.019608568270817705,Not Persuadable
3432,1.4676008544439274,0.9093357733906914,-0.712071666573206,-0.8148560435373283,-0.7783036462565575,0.3943125347297647,1.0,20,1,1,0.08278828274823963,Persuadable
2265,0.5217158001360619,0.75051775548369,-0.0972627677878441,-0.2322685651579658,0.325321389496708,1.2731135487777925,1.0,10,0,1,-0.07329316469314273,Not Persuadable
2196,-1.8859916108294137,0.1946546928091856,0.5175461309975176,1.6320113656559945,-0.1220941655383996,-0.1507789628479094,1.0,0,1,0,-0.023369096265576508,Not Persuadable
3423,1.1236426528774308,0.7566261407878055,-0.0972627677878441,0.8552280611501776,-0.0581776576762413,0.9697412610774712,0.0,5,1,1,0.09614270675622524,Persuadable
1607,0.5217158001360619,0.1091372985515696,-0.712071666573206,0.4021044668551178,-0.2073161760212772,-0.0509596939916743,0.0,20,1,1,0.10989645058730697,Highly Persuadable
1048,0.607705350527686,-0.2023903519583174,-0.712071666573206,0.51862196253099,0.687514934048938,0.4177994215194671,0.0,20,1,1,-0.008705822258893926,Not Persuadable
1425,0.1777575985695653,0.029728289598069,-0.0972627677878441,-0.4005716144675594,-1.3109412117745427,0.3238518743606579,0.0,25,1,1,0.0832755618555529,Persuadable
2882,0.9516635520941824,1.2391885798129247,1.1323550297828793,-0.840748820354189,-0.0240888534830903,1.7360009425915084,0.0,20,0,1,0.06789801131152372,Persuadable
1963,-0.2521901533885552,-0.3428832139529724,-0.0972627677878441,-1.306818803057679,-0.970053169843032,-0.7555662976827432,0.0,0,0,0,0.07813949453145114,Persuadable
3366,-1.2840647580880449,-0.6666276350710904,-0.712071666573206,-0.8019096551288981,0.9602253675941465,-1.8525996348184213,1.0,0,0,0,0.005012844557614699,Persuadable
518,-0.682137905346676,0.9520944705194994,2.9767817261389644,-0.0769119042568025,0.542637516228046,-0.2016672175589307,0.0,0,1,0,-0.03181384830362933,Not Persuadable
2985,-1.370054308479669,-0.3673167551694341,-0.712071666573206,-0.7242313246783165,0.7855202461042473,-0.0538955548403872,1.0,5,1,1,-0.004269594726340337,Not Persuadable
3337,-0.2521901533885552,0.9276609293030376,0.5175461309975176,0.091391145052791,-0.8464812546428596,-0.452194009982422,0.0,0,0,0,0.10916682789986325,Highly Persuadable
4856,1.295621753660679,0.3107140135873789,-1.3268805653585676,0.4668364088972692,0.4020211989312979,-1.0726392693437243,0.0,0,0,0,0.005423229230474383,Persuadable
669,-0.5101588045634277,-0.8620959648027842,-1.3268805653585676,-1.2420868610155276,-1.3237245133469744,-3.224625271450197,0.0,15,1,1,0.040429713752982606,Persuadable
3113,1.6395799552271757,0.3290391694997252,1.1323550297828793,1.528440258388552,1.9360173876230955,0.6800696573378094,1.0,0,0,0,0.11828758813638485,Highly Persuadable
1428,0.9516635520941824,-0.5811102408134743,-0.712071666573206,-0.4005716144675594,0.2102716753448232,-0.8465779839928396,0.0,25,0,1,-0.0694604755795212,Not Persuadable
4922,0.8656740017025585,2.2409637696878555,-0.712071666573206,0.648085846615293,-1.3237245133469744,0.8562213082605771,0.0,10,1,1,0.05002684586410803,Persuadable
4507,0.7796844513109343,0.1091372985515696,-0.0972627677878441,0.0137128146022093,0.580987420945341,-1.0325158377446495,0.0,0,1,0,0.043711127100915986,Persuadable
1261,1.0376531024858069,-0.013030407530739,1.1323550297828793,0.2855869711792452,-1.3237245133469744,-0.4698091750746987,1.0,20,1,1,0.08110336016861154,Persuadable
2440,-0.1662006029969311,0.9765280117359612,-0.0972627677878441,-1.306818803057679,-1.123452788712212,0.8973233601425555,1.0,0,1,0,-0.05837336099658728,Not Persuadable
3768,0.4357262497444378,0.3229307841956098,-0.0972627677878441,-0.6206602174108743,-1.166063793953651,0.7671668625162888,1.0,10,1,1,0.019820931757268626,Persuadable
4270,-0.1662006029969311,-0.1351981136130476,-0.0972627677878441,-0.0251263506230813,1.8721008797609373,-0.0910831255907488,1.0,0,0,0,-0.043474757777665324,Not Persuadable
3358,-0.5101588045634277,1.3796814418075796,0.5175461309975176,-1.306818803057679,1.8678397792367931,0.9384254120245348,0.0,0,1,0,-0.042540862516888364,Not Persuadable
3408,1.7255695056187998,-0.6849527909834366,-0.0972627677878441,-0.2970005072001173,-0.3010603875524426,-0.1390355194530578,0.0,0,0,0,-0.055887020977114094,Not Persuadable
1376,0.3497366993528136,0.2862804723709172,2.3619728273536027,0.5704075161647112,-0.1817495728764139,-0.4287071231927196,1.0,20,0,1,0.13636376749561446,Highly Persuadable
760,0.4357262497444378,-1.8699795399818304,-0.0972627677878441,-0.0639655158483722,0.1591384690550966,-1.4924673707096527,0.0,0,0,0,0.012586061573292721,Persuadable
2848,-0.5961483549550518,0.0480534455104153,-1.3268805653585676,-0.9702127044384918,0.7343870398145207,-0.4825312387524537,0.0,20,0,1,0.03635405009039043,Persuadable
4333,1.5535904048355516,0.8971190027824605,2.3619728273536027,2.784239934006289,-1.3237245133469744,-1.0217510146327025,1.0,30,1,1,0.12762369768669937,Highly Persuadable
2686,0.1777575985695653,-1.3202248626114417,-0.0972627677878441,0.0525519798275001,-0.0965275623935363,-1.0100075712378516,0.0,30,0,1,-0.010956969441464402,Not Persuadable
3022,1.5535904048355516,-0.5872186261175897,-0.0972627677878441,-0.2711077303832567,3.8705570255844175,-1.1558219933905864,1.0,0,0,0,0.08583251099001918,Persuadable
4396,0.2637471489611895,0.2374133899379937,-0.712071666573206,-1.073783811705934,-0.0880053613452485,-0.1820948119008451,0.0,10,0,1,0.031378971639300375,Persuadable
2510,-0.3381797037801794,-0.8926378913233614,-1.3268805653585676,-0.0769119042568025,-0.8848311593601546,-0.8279841986176587,1.0,20,0,1,-0.0014885986574115014,Not Persuadable
215,-0.3381797037801794,0.3107140135873789,0.5175461309975176,-0.6465529942277348,0.2230549769172548,-0.2887644227374101,0.0,25,1,1,0.061928532853380264,Persuadable
3347,0.2637471489611895,-1.3507667891320188,-0.0972627677878441,-0.5688746637771531,-0.1391385676349751,-0.3924981727252621,1.0,0,1,0,0.020380789933062745,Persuadable
1484,0.3497366993528136,1.74007617475039,1.1323550297828793,3.0690604789917555,-0.1093108639659679,0.4647731950988721,1.0,30,1,1,0.08636039786329905,Persuadable
694,-1.8859916108294137,0.3656894813244178,-1.3268805653585676,0.2079086407286636,-0.7868258473048452,-1.120591663206033,0.0,15,0,1,-0.022303026852767728,Not Persuadable
2183,-1.8859916108294137,-1.3568751744361345,-0.712071666573206,-0.8278024319457586,-0.9530087677464566,-2.055174033379604,0.0,0,1,0,-0.07123381979054144,Not Persuadable
4732,-0.3381797037801794,-0.1046561870924705,-0.712071666573206,-0.7371777130867467,0.6789927330006502,-0.2613630548160906,0.0,15,1,1,0.02562427123360375,Persuadable
2134,0.3497366993528136,-0.2268238931747791,-0.0972627677878441,-0.7889632667204678,2.221511122740736,-0.4238140217781985,0.0,0,1,0,0.07221326066327373,Persuadable
1116,0.0917680481779412,1.3613562858952333,-0.712071666573206,-1.2032476957902367,-1.3194634128228304,1.8142905652238497,0.0,30,1,1,0.019998189065730025,Persuadable
1785,0.6936949009193102,-0.0069220222266235,-0.0972627677878441,-0.7760168783120376,-0.3777601969870325,0.5734000465012452,1.0,20,1,1,0.07415777627327153,Persuadable
4739,0.8656740017025585,-0.0374639487472007,-0.0972627677878441,-0.4911963333265715,1.4545130283948369,-0.2828927010399842,1.0,15,0,1,0.09197949986207554,Persuadable
1213,-0.1662006029969311,0.8116016085248444,0.5175461309975176,-0.7242313246783165,3.2782640527284186,1.360210753956272,1.0,0,0,0,0.05304070055783873,Persuadable
4882,0.2637471489611895,0.3290391694997252,-0.0972627677878441,-0.141643846298954,1.0411862775528802,-0.188945153881175,0.0,25,0,1,-0.008622089532873207,Not Persuadable
197,0.6936949009193102,0.396231407844995,0.5175461309975176,-0.7371777130867467,-1.3237245133469744,-0.7203359674981897,1.0,0,1,0,0.07147803329946682,Persuadable
4606,0.1777575985695653,0.7444093701795746,3.5915906249243266,3.250309916709779,1.769834467181484,1.9023663906852333,0.0,5,1,1,0.14211863884303835,Highly Persuadable
4729,0.3497366993528136,-0.9964804414933236,0.5175461309975176,0.1949622523202333,1.0411862775528802,-1.643174894276909,1.0,0,0,0,0.03604054884992055,Persuadable
1058,0.4357262497444378,-0.7643617999369373,-0.712071666573206,-1.021998258072213,-0.9956197729878954,-0.870064870782542,0.0,0,1,0,0.03571920696404484,Persuadable
880,0.0057784977863171,1.0498286353853463,-0.0972627677878441,0.4668364088972692,-0.4416767048491907,0.2484981125770301,0.0,20,1,1,0.08544021343921808,Persuadable
1823,1.295621753660679,2.7785016764500137,0.5175461309975176,-0.2322685651579658,0.6108151246143482,2.659818489653132,0.0,15,1,1,-0.021926145473320415,Not Persuadable
1938,-1.1980752076964207,-1.112539762271517,-1.3268805653585676,-0.6206602174108743,0.1250496648619455,-0.0216010855045467,0.0,0,1,0,-0.0945463817303308,Not Persuadable
1331,-1.8859916108294137,0.3656894813244178,-0.712071666573206,-0.4523571681012805,-0.1263552660625435,0.2269684663531364,1.0,0,1,0,0.08868283585179648,Persuadable
2269,-1.8859916108294137,0.75051775548369,0.5175461309975176,-0.0380727390315116,-0.6632539321046726,1.6811982067488702,1.0,0,1,0,-0.039965481106479635,Not Persuadable
888,-0.4241692541718035,1.581258156843389,0.5175461309975176,0.9976383336429104,-0.9657920693188884,0.5039180064150425,0.0,0,1,0,-0.06292735851467457,Not Persuadable
3033,-1.2840647580880449,-0.1596316548295094,-1.3268805653585676,1.43781553952954,-0.2541882817868599,1.5627851525174543,0.0,0,1,0,0.028048169316047658,Persuadable
69,0.8656740017025585,-0.2084987372624328,-1.3268805653585676,0.0007664261937791,1.1818025948496282,0.7387868743120654,0.0,0,0,0,-0.00716754482797426,Not Persuadable
2498,-1.8859916108294137,-0.7521450293287064,-0.0972627677878441,0.5056755741225601,-1.0936250850432048,0.0009071810022516,1.0,5,0,1,-0.062030215216392535,Not Persuadable
1936,1.6395799552271757,0.396231407844995,0.5175461309975176,-0.4523571681012805,-0.7016038368219676,1.969891190205627,1.0,10,0,1,0.003113019444126948,Persuadable
569,0.607705350527686,0.1702211515927239,-0.0972627677878441,-0.5688746637771531,-0.1945328744488456,-0.6371532434513273,0.0,10,1,1,0.10134085363187094,Highly Persuadable
1653,0.5217158001360619,-0.5261347730764354,0.5175461309975176,-0.1675366231158145,1.4630352294431246,-0.8309200594663713,1.0,0,0,0,0.0631550235792667,Persuadable
97,-1.370054308479669,0.2862804723709172,-1.3268805653585676,-1.306818803057679,0.0568720564756434,0.6781124167720013,0.0,0,0,0,-0.01096675473949859,Not Persuadable
1021,0.3497366993528136,0.072486986726877,-0.0972627677878441,0.0266592030106395,0.3167991884484202,-0.0294300477677807,0.0,0,0,0,-0.0169523902164652,Not Persuadable
2875,0.0917680481779412,0.0236199042939535,1.7471639285682412,0.1043375334612213,0.7514314419110962,-0.3572678425407087,1.0,30,1,1,-0.03181801508328952,Not Persuadable
140,3.015412761493162,1.9111109632656225,1.7471639285682412,0.2208550291370937,1.3522466158153836,1.0587957068217593,0.0,0,1,0,0.04594124526541415,Persuadable
3104,1.1236426528774308,1.7706181012709674,0.5175461309975176,0.3114797479961058,-0.5482042179527878,1.2731135487777925,0.0,0,1,0,0.04490421111774339,Persuadable
2618,0.9516635520941824,1.2208634239005784,1.7471639285682412,0.0784447566443607,-0.2414049802144283,0.6859413790352352,0.0,0,1,0,-0.03135061835650995,Not Persuadable
1506,0.5217158001360619,1.1353460296429625,0.5175461309975176,0.6739786234321535,-0.4246323027526152,1.2329901171787174,1.0,25,0,1,0.07870036330548041,Persuadable
1363,-1.8000020604377898,-1.1491900740962095,-1.3268805653585676,0.1172839218696516,0.1932272732482476,-0.4247926420611026,1.0,0,0,0,0.061646415913817254,Persuadable
2648,-0.5101588045634277,0.988744782344192,0.5175461309975176,0.3762116900382572,0.6491650293316431,0.1095340324046246,0.0,25,1,1,0.03300500621120446,Persuadable
3287,-1.370054308479669,-1.6195357425130978,-0.712071666573206,1.709689696106576,-0.3138436891248743,-1.0589385853830646,1.0,25,0,1,0.07789913585424159,Persuadable
4765,1.209632203269055,1.4346569095446189,-0.0972627677878441,-0.0639655158483722,0.6704705319523625,1.3014935369820162,1.0,20,0,1,-0.0596154778275147,Not Persuadable
2293,1.209632203269055,0.4084481784532258,1.1323550297828793,0.6610322350237232,-0.1263552660625435,-0.4727450359234116,0.0,25,1,1,0.15521796462707166,Highly Persuadable
4424,-0.682137905346676,0.3290391694997252,0.5175461309975176,1.075316664093492,-0.6291651279115216,0.0674533602397414,1.0,0,1,0,0.02983798319119017,Persuadable
464,-1.8859916108294137,-1.08199783575094,-0.712071666573206,1.2565661018115162,1.3181578116222326,-0.9503117339806916,1.0,10,1,1,0.14133141627131945,Highly Persuadable
2896,-1.2840647580880449,-1.3263332479155572,-1.3268805653585676,-0.0898582926652328,-0.7996091488772769,-2.806754410650077,1.0,20,0,1,0.022027468837218105,Persuadable
4188,-0.3381797037801794,-0.7521450293287064,0.5175461309975176,-0.840748820354189,-0.9359643656498812,0.5782931479157662,1.0,25,1,1,0.014453490821741317,Persuadable
2005,-1.4560438588712932,-1.436284183389635,-0.712071666573206,0.7904961191080262,-0.3734990964628886,-2.226432582887849,1.0,0,0,0,0.11000341351483922,Highly Persuadable
595,-1.2840647580880449,-0.2329322784788946,-0.0972627677878441,0.0137128146022093,-1.2214581007675211,0.6428820865874479,1.0,0,1,0,-0.032024086876780475,Not Persuadable
1339,2.843433660709913,2.546383034893627,0.5175461309975176,0.9458527800091892,1.6164348483123043,3.183380341006913,0.0,20,1,1,0.06881975174330777,Persuadable
626,-0.5101588045634277,0.8543603056536524,-1.3268805653585676,-1.306818803057679,-0.4757655090423418,0.5557848814089685,1.0,20,0,1,-0.027253503003773518,Not Persuadable
451,-0.1662006029969311,-0.281799360911818,-0.0972627677878441,-0.6465529942277348,-1.3237245133469744,1.016715034656876,0.0,0,1,0,-0.08612931443568157,Not Persuadable
3748,0.9516635520941824,0.7932764526124981,0.5175461309975176,-0.3358396724254082,0.1889661727241038,0.1643367682472636,0.0,0,1,0,0.01764592791966255,Persuadable
4302,1.1236426528774308,-0.3184496727365106,0.5175461309975176,0.0654983682359304,1.0326640765045925,-0.6939132198597747,1.0,0,0,0,-0.030894608474366043,Not Persuadable
4326,-0.4241692541718035,1.31248920346231,-0.712071666573206,-1.306818803057679,-0.4928099111389173,0.1075767918388158,1.0,0,1,0,0.011471060685252221,Persuadable
4836,-0.7681274557383001,-1.6806195955542522,-1.3268805653585676,1.4637083163464004,0.4659377067934561,-1.8545568753842296,1.0,0,0,0,0.1342536385378095,Highly Persuadable
1593,-0.1662006029969311,0.622241664097266,0.5175461309975176,-1.073783811705934,0.7514314419110962,-0.762416639663073,0.0,20,0,1,0.06617291590297208,Persuadable
1050,0.4357262497444378,0.0541618308145307,-0.712071666573206,-1.1514621421565157,-0.3308880912214498,-1.045237901422405,0.0,25,0,1,0.04471920520163599,Persuadable
3554,-1.7140125100461656,-0.0069220222266235,-1.3268805653585676,0.8681744495586079,2.0169782975818293,1.093047416723408,0.0,15,0,1,-0.1125851383948541,Not Persuadable
1910,0.4357262497444378,2.332589549249587,0.5175461309975176,0.6221930697984324,-0.6419484294839533,2.013929102936319,1.0,25,1,1,0.19194081564967383,Highly Persuadable
4600,1.983538156793672,-0.5933270114217052,-0.0972627677878441,-0.4523571681012805,-0.8933533604084423,0.8611144096750981,1.0,0,0,0,0.01584772739331029,Persuadable
4011,0.3497366993528136,1.581258156843389,1.1323550297828793,1.295405267036807,-0.97857537089132,1.8955160487049036,1.0,15,1,1,0.14820383717483837,Highly Persuadable
151,-0.1662006029969311,1.3918982124158106,1.7471639285682412,0.7775497306995959,0.3381046910691396,2.1695297279180963,1.0,0,1,0,0.12290198205769003,Highly Persuadable
1737,-1.370054308479669,0.9398776999112683,1.1323550297828793,0.6351394582068627,-1.3237245133469744,-0.1928596350127926,1.0,20,1,1,-0.004679648188112588,Not Persuadable
3967,-1.0260961069131724,-0.831554038282207,-0.0972627677878441,-1.306818803057679,0.7301259392903768,-0.843642123144127,0.0,25,0,1,0.026481118697698047,Persuadable
4685,-0.682137905346676,-1.045347523926247,-1.3268805653585676,-1.1903013073818065,0.4148045005037296,-2.084532641866732,0.0,0,1,0,-0.05018336450735174,Not Persuadable
1481,0.4357262497444378,0.0052947483816072,-0.712071666573206,-1.306818803057679,0.0185221517583485,0.1408498814575611,1.0,20,1,1,0.026991430599561266,Persuadable
89,0.5217158001360619,-1.0697810651427089,-1.3268805653585676,-1.306818803057679,0.8068257487249667,-1.601094222112026,0.0,20,0,1,0.04633696836942989,Persuadable
458,-0.8541170061299242,0.7260842142672284,0.5175461309975176,-0.4911963333265715,0.0185221517583485,0.2034815795634339,0.0,25,0,1,0.08399935788299075,Persuadable
4376,-1.8859916108294137,-0.5872186261175897,-0.0972627677878441,-1.2420868610155276,-1.2044136986709455,-0.8955089981380526,0.0,0,1,0,-0.006794182613352868,Not Persuadable
2941,1.7255695056187998,0.7627345260919209,-0.0972627677878441,0.9717455568260498,-0.2073161760212772,-0.1165272529462601,0.0,0,1,0,0.021550529804857988,Persuadable
3286,1.0376531024858069,1.2697305063335018,1.1323550297828793,0.6221930697984324,-0.2030550754971333,0.2710063790838278,0.0,20,1,1,0.08486982675946414,Persuadable
4891,0.607705350527686,0.298497242979148,0.5175461309975176,-0.1804830115242448,0.4020211989312979,-0.5559277599702733,1.0,0,0,0,0.05330438444230346,Persuadable
2017,0.0057784977863171,1.343031129982887,-0.0972627677878441,-1.306818803057679,1.045447378077024,0.5205545512244151,0.0,20,1,1,0.03318736115279984,Persuadable
1671,-0.080211052605307,-0.2146071225665483,-0.0972627677878441,1.8262071917824485,0.1974883737723915,1.1126198223814936,1.0,0,0,0,0.10832326354077314,Highly Persuadable
3665,-0.1662006029969311,0.4573152608861493,-0.712071666573206,0.3373725248129663,0.2145327758689671,-0.1468644817162917,0.0,0,0,0,0.05404222491479655,Persuadable
832,1.6395799552271757,0.988744782344192,-0.0972627677878441,2.0851349599510542,-0.8209146514979963,0.1134485135362416,0.0,30,1,1,0.15090564028837689,Highly Persuadable
240,-0.5101588045634277,-0.4406173788188193,0.5175461309975176,2.0851349599510542,1.0241418754563048,-0.2476623708554309,1.0,20,0,1,0.08679792944063107,Persuadable
4692,0.3497366993528136,1.1109124884265007,0.5175461309975176,2.654776049921986,-1.3237245133469744,-0.0705320996497599,0.0,0,0,0,0.12985708089026426,Highly Persuadable
1000,0.8656740017025585,-0.8498791941945534,2.9767817261389644,-0.0898582926652328,0.9644864681182904,-0.1869879133153669,0.0,25,1,1,0.028293845441650766,Persuadable
1449,-0.3381797037801794,-0.5994353967258206,-1.3268805653585676,-1.306818803057679,-0.3820212975111764,1.377825919048549,0.0,15,0,1,-0.08702579294167143,Not Persuadable
2916,1.983538156793672,0.5306158845355345,1.1323550297828793,0.6351394582068627,-1.3237245133469744,0.5469772988628299,1.0,20,0,1,-0.018139966942983116,Not Persuadable
1974,1.7255695056187998,0.5794829669684579,2.9767817261389644,0.7775497306995959,2.174639016975153,0.876772334201566,0.0,0,1,0,0.11770244707238725,Highly Persuadable
2996,-0.7681274557383001,-0.8620959648027842,0.5175461309975176,0.5315683509394203,-0.3777601969870325,-0.7193573472152853,1.0,0,0,0,0.09191984658309288,Persuadable
193,-0.4241692541718035,0.072486986726877,-0.0972627677878441,-0.8148560435373283,0.1719217706275282,0.5048966266979465,0.0,20,1,1,0.06683999882630128,Persuadable
4240,0.6936949009193102,0.4878571874067264,-0.0972627677878441,0.4150508552635481,-1.3237245133469744,-0.3553106019748999,0.0,0,0,0,0.10743664652995362,Highly Persuadable
3762,0.7796844513109343,0.4145565637573413,-1.3268805653585676,-1.306818803057679,-0.8166535509738524,-0.0695534793668551,0.0,20,1,1,0.06997227717457183,Persuadable
3862,0.7796844513109343,0.7932764526124981,-0.712071666573206,-1.306818803057679,-1.3237245133469744,0.8190337375102148,0.0,30,0,1,-0.01098362987200877,Not Persuadable
945,0.2637471489611895,1.2391885798129247,-0.0972627677878441,-0.5041427217350017,-0.1135719644901118,1.748723006269264,1.0,25,0,1,0.0018917712546264768,Persuadable
4191,1.0376531024858069,-0.0008136369225081,2.9767817261389644,0.5704075161647112,1.0284029759804485,-0.404241616120113,0.0,0,1,0,0.027853307821605305,Persuadable
1184,0.6936949009193102,-0.0191387928348544,1.7471639285682412,0.233801417545524,0.542637516228046,-0.0186652246558338,1.0,5,0,1,0.01156364174735726,Persuadable
4241,0.0057784977863171,-0.6971695615916675,-0.0972627677878441,0.233801417545524,0.6321206272350676,-2.0434305899847525,1.0,0,0,0,0.16343710145232182,Highly Persuadable
1033,-0.5101588045634277,1.0498286353853463,0.5175461309975176,1.541386646796982,0.6022929235660603,0.5420841974483088,1.0,30,0,1,0.01718608688420732,Persuadable
4435,1.983538156793672,1.6056916980598508,1.7471639285682412,0.2726405827708149,-0.2456660807385721,1.813311944940945,1.0,5,1,1,0.03559102450846064,Persuadable
4691,1.1236426528774308,1.074262176601808,-1.3268805653585676,-0.6724457710445954,-0.867786757263579,-1.4513653188276736,1.0,0,1,0,0.011865267951087168,Persuadable
2032,-0.5101588045634277,1.2697305063335018,0.5175461309975176,-0.3228932840169778,1.092319483842607,-1.0471951419882133,0.0,10,1,1,0.05686070280540161,Persuadable
3429,1.983538156793672,2.5524914201977427,2.3619728273536027,0.8422816727417473,2.400477344754779,0.691813100732661,1.0,10,1,1,0.055676587517447224,Persuadable
2132,2.413485908751793,1.3185975887664254,1.7471639285682412,0.9717455568260498,1.4800796315397,0.751508937989821,1.0,20,0,1,0.13725078722206693,Highly Persuadable
3974,1.7255695056187998,-0.2268238931747791,0.5175461309975176,0.4927291857141298,1.1690192932771968,-0.5911580901548271,1.0,0,0,0,0.10304247271494502,Highly Persuadable
3485,0.8656740017025585,0.4939655727108419,0.5175461309975176,0.2855869711792452,-1.18736929657437,0.4442221691578825,0.0,25,0,1,-0.034429575874542484,Not Persuadable
4330,-1.8000020604377898,-0.7643617999369373,-0.712071666573206,-1.306818803057679,-1.3237245133469744,-1.4777880664660883,1.0,20,0,1,-0.012648484291679217,Not Persuadable
1833,-1.1120856573047966,0.2740637017626863,-0.0972627677878441,-0.0898582926652328,-1.3237245133469744,-0.6616187505239339,0.0,0,1,0,0.009148160835957918,Persuadable
2955,-1.8859916108294137,-1.3141164773073262,-1.3268805653585676,1.3860299858958187,-0.6334262284356654,-1.146035790561544,0.0,0,0,0,0.17313525050553843,Highly Persuadable
2986,-0.4241692541718035,-0.0924394164842396,0.5175461309975176,3.0690604789917555,-0.9657920693188884,0.0028644215680597,0.0,15,1,1,0.02612430543135561,Persuadable
3241,1.1236426528774308,-0.5383515436846662,1.7471639285682412,1.8262071917824485,0.7130815371938013,0.423671143216893,1.0,20,1,1,0.004871700832363987,Persuadable
1624,1.209632203269055,0.945986085215384,-0.0972627677878441,-0.9702127044384918,-0.650470630532241,0.8660075110896192,1.0,0,1,0,0.05926419160889054,Persuadable
4906,1.295621753660679,-0.6971695615916675,-0.712071666573206,-0.284054118791687,-0.8379590535945718,-1.0697034084950114,1.0,10,0,1,-0.10382740485730296,Not Persuadable
4927,1.209632203269055,-0.013030407530739,0.5175461309975176,-0.2193221767495355,0.8494367539664055,0.8395847634512045,1.0,25,1,1,-0.0015618769244713027,Not Persuadable
192,-0.1662006029969311,0.3717978666285332,0.5175461309975176,0.7128177886574444,-0.5311598158562123,-0.2290685854802501,1.0,15,1,1,0.12308665253447969,Highly Persuadable
1488,-1.370054308479669,-0.7216031028081292,-0.712071666573206,-0.42646439128442,-0.1391385676349751,-1.0276227363301282,0.0,30,1,1,0.0204420853646197,Persuadable
3099,2.0695277071852964,1.0009615529524227,-0.712071666573206,-1.0867302001143642,-0.5993374242425143,0.0811540442004011,0.0,15,0,1,-0.03214849065289308,Not Persuadable
3332,0.0057784977863171,2.045495439956162,-0.712071666573206,-0.9702127044384918,-0.5354209163803562,2.098090447266085,1.0,0,1,0,-0.043946757979551866,Not Persuadable
3830,-1.1980752076964207,0.0175115189898381,-0.0972627677878441,-1.306818803057679,0.2954936858277008,-0.6400891043000402,1.0,0,1,0,0.04347795240332071,Persuadable
4476,0.5217158001360619,-0.0008136369225081,-0.712071666573206,-1.2938724146492486,1.7101790598434696,0.0547312965619857,0.0,0,1,0,-0.0038833143197201906,Not Persuadable
1730,0.0057784977863171,-1.595102201296636,-0.712071666573206,-0.5818210521855834,1.1051027854150384,0.1251919569310925,1.0,0,0,0,0.035729326591335916,Persuadable
4027,-0.682137905346676,0.1274624544639159,-0.0972627677878441,0.8552280611501776,-1.3237245133469744,0.0146078649629113,0.0,0,1,0,0.04832848594120672,Persuadable
2808,-1.8859916108294137,-0.5933270114217052,-0.0972627677878441,-1.306818803057679,-0.2073161760212772,-0.3680326656526556,0.0,0,0,0,-0.021835044072300348,Not Persuadable
3663,-0.4241692541718035,-0.055789104659547,-0.712071666573206,1.6837969192897153,1.1008416848908946,0.9080881832545024,0.0,0,0,0,-0.00725545756292373,Not Persuadable
4585,-0.3381797037801794,0.341255940107956,-0.0972627677878441,1.91683191064146,-0.0965275623935363,0.3365739380384135,0.0,0,1,0,0.05491596266687165,Persuadable
3414,-0.3381797037801794,-1.0209139827097855,-0.712071666573206,-0.7889632667204678,0.1633995695792405,0.1956526173002,0.0,0,1,0,0.007274356248823657,Persuadable
4933,1.811559056010424,0.6466752053137277,1.1323550297828793,0.9329063916007588,0.3679323947381469,0.5068538672637554,0.0,10,1,1,0.004144802319150435,Persuadable
4877,0.9516635520941824,-0.4955928465558582,-1.3268805653585676,-0.9961054812553524,-0.3777601969870325,-0.0313872883335888,0.0,0,1,0,-0.05374783239880584,Not Persuadable
167,0.9516635520941824,-1.2713577801785183,0.5175461309975176,0.738710565474305,1.3479855152912397,-0.6792339156162106,1.0,0,0,0,0.1532268956326741,Highly Persuadable
1615,-0.682137905346676,1.1903214973800011,0.5175461309975176,-0.607713829002444,-0.5311598158562123,0.5401269568824999,0.0,5,0,1,-0.03267628908080954,Not Persuadable
3277,1.0376531024858069,-0.4100754522982421,0.5175461309975176,1.0105847220513406,0.0014777496617729,-1.4131991277944074,0.0,25,0,1,-0.032875938088092097,Not Persuadable
1025,-1.8859916108294137,-1.8699795399818304,-1.3268805653585676,-1.2679796378323882,-1.012664175084471,-3.224625271450197,1.0,0,0,0,0.0504028739451659,Persuadable
1452,0.5217158001360619,0.5306158845355345,-0.712071666573206,0.0784447566443607,-0.2030550754971333,-0.3602037033894209,0.0,15,1,1,0.09701846688073627,Persuadable
4332,-1.1980752076964207,-1.3629835597402498,-0.712071666573206,-0.6724457710445954,-0.6035985247666583,-0.0313872883335888,0.0,20,0,1,-0.04758065000198846,Not Persuadable
2237,0.0057784977863171,1.5140659184981191,1.1323550297828793,-0.4782499449181411,-0.3905434985594642,0.1114912729704335,0.0,25,0,1,0.08768514118312046,Persuadable
2330,1.0376531024858069,1.5507162303228117,-0.0972627677878441,-0.0769119042568025,-1.0595362808500537,-0.6743408142016896,0.0,30,1,1,0.10483927376572805,Highly Persuadable
4391,0.1777575985695653,-0.2084987372624328,1.7471639285682412,-0.5429818869602926,1.3820743194843907,-0.1576293048282386,0.0,0,1,0,0.050277647214600374,Persuadable
3313,-0.1662006029969311,0.75051775548369,2.3619728273536027,1.0494238872766315,0.0014777496617729,0.8160978766615019,1.0,20,1,1,0.09741172934597435,Persuadable
4718,-0.3381797037801794,-0.2695825903035872,-0.0972627677878441,-0.0251263506230813,-0.2286216786419966,-1.4807239273148014,1.0,0,0,0,0.14351338381090706,Highly Persuadable
153,-1.7140125100461656,-0.8254456529780916,-0.0972627677878441,-1.306818803057679,1.122147187511614,-0.4061988566859218,1.0,0,0,0,0.039955553935679324,Persuadable
4024,-1.6280229596545417,-0.422292222906473,-0.712071666573206,-1.306818803057679,-1.123452788712212,0.0292871692064751,1.0,0,1,0,-0.07382685485756055,Not Persuadable
4699,1.1236426528774308,0.4878571874067264,-0.0972627677878441,-1.306818803057679,0.0398276543790679,0.476516638493723,0.0,0,1,0,0.050044556052054434,Persuadable
3400,-0.5101588045634277,0.438990104973803,-0.0972627677878441,-1.306818803057679,1.2116302985186356,0.1692298696617846,1.0,25,1,1,-0.008055693780795134,Not Persuadable
1972,-0.3381797037801794,1.1231292590347317,2.3619728273536027,0.4797827973056995,0.218793876393111,0.1085554121217206,1.0,5,1,1,0.13645774704873886,Highly Persuadable
1182,0.8656740017025585,1.1903214973800011,2.9767817261389644,2.4087946701618104,0.8750033571112689,-0.1860092930324628,1.0,0,1,0,-0.002577467781406747,Not Persuadable
2990,1.4676008544439274,0.3779062519326487,0.5175461309975176,0.9199600031923288,2.2854276306028942,1.2701776879290796,1.0,0,1,0,0.16890759711323475,Highly Persuadable
4329,0.607705350527686,-1.4179590274772886,-0.0972627677878441,-0.6465529942277348,-0.6078596252908022,-1.123527524054746,0.0,10,1,1,0.03256138697596052,Persuadable
2115,0.5217158001360619,-1.1247565328797478,-0.0972627677878441,0.1172839218696516,-0.4075879006560397,0.5489345394286387,1.0,25,0,1,-0.0937874710031334,Not Persuadable
4833,-1.1120856573047966,-0.9781552855809774,-0.712071666573206,-0.840748820354189,1.1604970922289088,0.1643367682472636,1.0,5,0,1,-0.02047124702197985,Not Persuadable
4054,-0.5101588045634277,0.1580043809844931,0.5175461309975176,0.9717455568260498,0.1506162680068088,-1.972969929615645,0.0,0,1,0,0.01707066325586244,Persuadable
1590,-0.4241692541718035,-0.013030407530739,-0.0972627677878441,0.6351394582068627,-1.3237245133469744,-0.1674155076572813,0.0,0,1,0,0.13250820858058282,Highly Persuadable
32,-0.4241692541718035,0.524507499231419,-0.0972627677878441,-0.4523571681012805,0.3466268921174274,-1.233132995740023,1.0,0,1,0,-0.04510008398032059,Not Persuadable
938,-0.080211052605307,0.6466752053137277,-0.0972627677878441,0.7257641770658747,0.3679323947381469,2.5374909542900994,0.0,20,1,1,0.10371969981267304,Highly Persuadable
2548,2.0695277071852964,0.805493223220729,-0.0972627677878441,1.2824588786283768,-1.3237245133469744,0.1310636786285183,0.0,0,0,0,0.14196168689834557,Highly Persuadable
1996,0.4357262497444378,1.1903214973800011,0.5175461309975176,-0.5429818869602926,1.3011134095256571,1.0646674285191844,1.0,20,1,1,0.047093858236083114,Persuadable
3134,-0.5961483549550518,-1.1919487712250176,1.7471639285682412,0.8422816727417473,0.4829821088900317,-0.5833291278915932,0.0,0,0,0,0.12936200952893334,Highly Persuadable
310,1.811559056010424,1.538499459714581,1.1323550297828793,0.6998714002490141,0.9559642670700026,2.104940789246416,1.0,0,0,0,0.10497501226830853,Highly Persuadable
3976,0.3497366993528136,1.666775551101005,-0.0972627677878441,0.324426136404536,-0.5822930221459389,2.290878642998225,0.0,20,1,1,0.0491338177415435,Persuadable
1472,1.209632203269055,0.8116016085248444,0.5175461309975176,-0.9054807623963405,-1.3237245133469744,1.4981962138457727,1.0,0,1,0,0.02379999287957759,Persuadable
3129,-0.7681274557383001,0.3901230225408795,0.5175461309975176,0.829335284333317,0.0952219611929384,1.4042486666869634,0.0,10,1,1,0.07528889874003361,Persuadable
2224,-0.8541170061299242,-0.605543782029936,-0.712071666573206,-0.8278024319457586,-1.3237245133469744,0.3062367092683812,1.0,0,1,0,-0.013609301239449105,Not Persuadable
496,0.9516635520941824,0.7810596820042672,-0.712071666573206,-1.306818803057679,1.1434526901323334,0.307215329551286,1.0,10,1,1,0.057994973221539244,Persuadable
206,-0.080211052605307,-0.2695825903035872,1.1323550297828793,-0.012179962214651,0.9985752723114414,0.6145020983832237,0.0,0,1,0,-0.037487280913278916,Not Persuadable
2689,1.295621753660679,0.8604686909577679,0.5175461309975176,-1.125569365339655,1.5312128378294267,-0.2750637387767503,0.0,0,1,0,0.009190169580299284,Persuadable
3373,-1.542033409262917,-0.6666276350710904,-0.0972627677878441,0.0396055914190698,-1.1703248944777946,-1.0785109910411497,0.0,30,1,1,0.018278898943140567,Persuadable
3849,0.8656740017025585,0.7749512967001518,2.3619728273536027,-1.0867302001143642,1.6888735572227502,1.4257783129108577,0.0,20,1,1,0.09862727173531434,Persuadable
306,-1.1120856573047966,1.086478947210039,-0.0972627677878441,-0.4782499449181411,1.232935801139355,0.91200266438612,1.0,0,1,0,0.022354081969807198,Persuadable
3812,-0.3381797037801794,1.5446078450186964,-0.0972627677878441,-1.1126229769312248,0.3849767968347223,0.0527740559961776,1.0,20,1,1,0.026852425749056868,Persuadable
1809,0.0057784977863171,0.7016506730507667,0.5175461309975176,1.1659413829525045,-0.906136661980874,1.1507860134147598,0.0,0,0,0,0.08800086227590435,Persuadable
1062,1.4676008544439274,-0.0863310311801242,-0.0972627677878441,0.4279972436719784,-0.6419484294839533,-0.7496945759853177,1.0,30,0,1,0.058911225470872325,Persuadable
844,-0.080211052605307,0.3840146372367641,-0.0972627677878441,-0.2970005072001173,2.4260439478996423,-0.3993485147055919,0.0,10,1,1,0.05421202763898518,Persuadable
2729,1.897548606402048,1.5201743038022346,1.7471639285682412,-1.0867302001143642,0.9346587644492832,1.7399154237231254,1.0,0,0,0,0.060913987693177594,Persuadable
2267,0.607705350527686,-0.2084987372624328,0.5175461309975176,0.6351394582068627,-0.543943117428644,-1.7948610381270698,0.0,0,0,0,0.1828632177717194,Highly Persuadable
212,-1.370054308479669,-0.0191387928348544,-1.3268805653585676,-1.2550332494239578,0.3764545957864346,0.2710063790838278,0.0,0,0,0,0.03104426765648702,Persuadable
3734,-0.3381797037801794,-0.3184496727365106,1.1323550297828793,-0.3228932840169778,0.8366534523939739,0.5000035252834255,1.0,10,0,1,-0.014332257038657573,Not Persuadable
680,-0.1662006029969311,0.6772171318343049,-0.0972627677878441,0.0784447566443607,1.9402784881472397,0.7192144686539798,0.0,0,1,0,0.0007387866753144519,Persuadable
566,0.7796844513109343,0.8360351497413061,-0.712071666573206,0.1302303102780819,0.7684758440076718,0.9491902351364816,0.0,0,0,0,0.009974930875745427,Persuadable
3131,0.6936949009193102,-0.4161838376023576,-0.712071666573206,0.3373725248129663,2.212988921692448,-0.4081560972517299,0.0,0,0,0,0.10403120710344675,Highly Persuadable
3712,0.6936949009193102,-0.196281966654202,0.5175461309975176,1.360137209078958,-0.906136661980874,-1.094168915567618,1.0,0,1,0,0.16157063769922325,Highly Persuadable
681,0.8656740017025585,-0.0741142605718933,1.1323550297828793,1.3730835974873885,0.542637516228046,-0.2388547883092929,0.0,20,1,1,0.05507079942663823,Persuadable
181,1.3816113040523033,0.0602702161186461,0.5175461309975176,-0.3358396724254082,0.2699270826828375,-0.0842327836104189,0.0,20,0,1,-0.033771566398537255,Not Persuadable
4870,0.0917680481779412,-1.0697810651427089,-1.3268805653585676,0.5833539045731415,-0.7143871383943993,-0.792753868433105,1.0,0,0,0,0.13694869057561285,Highly Persuadable
1236,-0.8541170061299242,-0.660519249766975,-1.3268805653585676,-1.306818803057679,-0.6930816357736798,0.3199373932290409,0.0,15,0,1,-0.019820013865957883,Not Persuadable
2332,-1.6280229596545417,1.4590904507610802,2.9767817261389644,-0.284054118791687,-0.5396820169045,1.2026528884086858,1.0,0,0,0,0.15572787173687308,Highly Persuadable
4284,-0.5101588045634277,-1.8699795399818304,-1.3268805653585676,0.5445147393478507,-1.3237245133469744,-1.056981344817256,1.0,0,1,0,0.16190704773130132,Highly Persuadable
279,1.209632203269055,0.1824379222009548,-0.0972627677878441,0.3632653016298269,-0.8464812546428596,0.5254476526389361,0.0,0,0,0,-0.032757077147994654,Not Persuadable
1129,-0.2521901533885552,1.0376118647771155,1.1323550297828793,0.5056755741225601,1.740006763512477,0.4941318035859997,1.0,20,0,1,0.0202577511552173,Persuadable
3713,-0.1662006029969311,0.9826363970400764,-0.0972627677878441,1.2824588786283768,-1.3237245133469744,1.854413996822924,1.0,0,0,0,0.09380096185232567,Persuadable
433,-0.1662006029969311,-1.094214606359171,-0.712071666573206,0.2596941943623846,0.0014777496617729,-0.7408869934391794,0.0,30,0,1,0.03259272186051338,Persuadable
290,-0.080211052605307,1.569041386235158,0.5175461309975176,1.075316664093492,-0.7527370431116942,1.1742729002044625,0.0,0,0,0,0.1381026986160407,Highly Persuadable
1028,0.0057784977863171,-0.605543782029936,0.5175461309975176,0.5963002929815718,-0.1647051707798384,-1.0266441160472235,1.0,30,1,1,0.13652194408722124,Highly Persuadable
536,0.6936949009193102,-0.7277114881122446,1.1323550297828793,-0.7242313246783165,-0.7569981436358381,-0.9189958849277552,0.0,0,1,0,0.0076924849150529296,Persuadable
4354,-1.542033409262917,-0.6483024791587441,-1.3268805653585676,-0.9054807623963405,0.0099999507100607,-0.8759365924799675,0.0,0,1,0,-0.05278795025126616,Not Persuadable
189,-1.370054308479669,-0.5933270114217052,-0.712071666573206,-1.306818803057679,0.7088204366696574,-0.6322601420368062,0.0,0,1,0,0.035008051837761706,Persuadable
2277,-1.2840647580880449,1.3247059740705407,-0.712071666573206,-0.4135180028759897,-0.650470630532241,0.7358510134633524,0.0,0,0,0,0.09618823800527218,Persuadable
3934,1.1236426528774308,0.2435217752421091,0.5175461309975176,1.735582472923436,-1.3237245133469744,-0.4306643637585284,0.0,25,1,1,0.17638749866662762,Highly Persuadable
3590,-0.5961483549550518,-1.8699795399818304,1.1323550297828793,-0.8019096551288981,-0.4118490011801836,-1.5932652598487915,0.0,0,1,0,-0.05903096159349049,Not Persuadable
271,-0.7681274557383001,0.4023397931491104,0.5175461309975176,0.3373725248129663,1.84227317609193,0.808268914398268,1.0,10,0,1,-0.025808764564882215,Not Persuadable
3456,-0.8541170061299242,-0.1413064989171631,-0.0972627677878441,-0.0898582926652328,-0.0922664618693924,0.7133427469565546,0.0,10,1,1,0.06585037282708067,Persuadable
4094,-1.1980752076964207,-1.8699795399818304,-0.0972627677878441,-0.2581613419748264,-1.3237245133469744,-3.224625271450197,0.0,15,0,1,0.005273877446700019,Persuadable
2173,-0.3381797037801794,-0.4955928465558582,-0.712071666573206,-1.306818803057679,-1.3237245133469744,-0.7506731962682218,0.0,0,1,0,0.1248195870066334,Highly Persuadable
4234,1.4676008544439274,-1.3141164773073262,-0.712071666573206,0.0654983682359304,-0.2925381865041548,1.0049715912620245,0.0,0,1,0,-0.1439094159439979,Not Persuadable
112,0.2637471489611895,-0.098547801788355,-0.0972627677878441,0.9329063916007588,1.9828894933886785,-0.1116341515317383,1.0,0,1,0,0.1436851345634362,Highly Persuadable
2484,0.0057784977863171,-1.8699795399818304,-1.3268805653585676,-1.306818803057679,0.1037441622412261,-1.3985198235508436,0.0,30,0,1,-0.03815004567365199,Not Persuadable
221,-0.2521901533885552,0.7077590583548821,1.1323550297828793,0.3632653016298269,-0.8422201541187156,0.3483173814332644,0.0,10,0,1,0.04416101342262512,Persuadable
628,1.3816113040523033,-1.8699795399818304,-1.3268805653585676,-0.1804830115242448,-0.3095825886007304,0.5088111078295635,0.0,20,0,1,-0.08701008105740929,Not Persuadable
1201,-1.370054308479669,0.6711087465301895,-0.712071666573206,0.0525519798275001,-0.0965275623935363,0.0155864852458154,1.0,15,0,1,0.11773380050547216,Highly Persuadable
3372,-1.542033409262917,-1.2163823124414792,-0.0972627677878441,-0.750124101495177,-0.2584493823110038,0.7436799757265863,0.0,0,0,0,0.0510329191322178,Persuadable
2438,0.2637471489611895,0.2190882340256474,-1.3268805653585676,-1.306818803057679,0.3764545957864346,1.2173321926522496,0.0,0,1,0,-0.1982002323489417,Not Persuadable
791,-0.7681274557383001,0.6344584347054969,-0.0972627677878441,0.8811208379670382,1.3181578116222326,-0.7682883613604985,1.0,0,1,0,0.13039782613490616,Highly Persuadable
2329,0.1777575985695653,-0.8804211207151305,-0.0972627677878441,1.8779927454161691,0.2571437811104059,-1.584457677302653,0.0,0,0,0,0.19522736019415782,Highly Persuadable
462,-0.8541170061299242,-0.5872186261175897,-0.0972627677878441,-1.021998258072213,-1.3237245133469744,0.0380947517526138,1.0,0,0,0,-0.04110353701257288,Not Persuadable
4413,0.7796844513109343,-0.1657400401336248,-0.0972627677878441,-1.306818803057679,0.9644864681182904,-0.296593385000644,0.0,0,1,0,-0.09156670186616528,Not Persuadable
552,0.607705350527686,0.1396792250721468,-0.712071666573206,1.528440258388552,1.203108097470348,0.9531047162680986,1.0,0,1,0,-0.079518975882509,Not Persuadable
4104,1.897548606402048,1.074262176601808,1.1323550297828793,-0.1804830115242448,-1.3237245133469744,0.8630716502409069,0.0,15,1,1,0.014737827014026997,Persuadable
1175,-0.080211052605307,1.5140659184981191,0.5175461309975176,-0.0380727390315116,0.4915043099383194,-0.2652775359477076,0.0,10,1,1,0.029867667231136923,Persuadable
199,0.0057784977863171,-0.562785084901128,-0.0972627677878441,0.51862196253099,0.3082769874001325,-0.6968490807084876,0.0,0,1,0,0.04142542826763039,Persuadable
4033,0.607705350527686,1.5934749274516198,1.7471639285682412,0.324426136404536,-0.1604440702556945,-0.4277285029098155,1.0,0,1,0,0.07427981041757759,Persuadable
3363,0.2637471489611895,0.9154441586948068,-1.3268805653585676,-0.4653035565097109,-0.7740425457324136,0.8894943978793216,0.0,5,0,1,-0.004048000058825554,Not Persuadable
403,0.8656740017025585,-0.8010121117616299,-0.0972627677878441,-0.1675366231158145,0.1378329664343772,-1.4963818518412697,1.0,0,1,0,-0.12399786822883956,Not Persuadable
4579,-0.5101588045634277,-0.605543782029936,-0.712071666573206,0.4797827973056995,-0.4416767048491907,0.6732193153574796,0.0,0,0,0,0.01079019892569645,Persuadable
4183,-1.4560438588712932,0.2190882340256474,-1.3268805653585676,0.233801417545524,0.1761828711516721,-1.0931902952847137,0.0,30,1,1,0.09046316507353946,Persuadable
4774,0.6936949009193102,0.805493223220729,-0.0972627677878441,-0.5947674405940137,0.1974883737723915,0.261220176254785,1.0,25,0,1,0.012005065927107728,Persuadable
4988,0.2637471489611895,0.3901230225408795,3.5915906249243266,1.670850530881285,-0.032611054531378,-1.265427465075864,1.0,10,1,1,0.1097759476781849,Highly Persuadable
4813,0.0057784977863171,-1.564560274776059,-0.712071666573206,1.1012094409103528,0.3295824900208519,-0.2652775359477076,1.0,10,0,1,0.04935580179085094,Persuadable
4473,1.811559056010424,1.0376118647771155,0.5175461309975176,-0.2711077303832567,-0.4501989058974785,-0.232004446328963,0.0,5,0,1,-0.059675192843573414,Not Persuadable
651,1.897548606402048,1.288055662245848,0.5175461309975176,-0.5688746637771531,-0.4374156043250469,1.0940260370063128,0.0,0,0,0,0.09051252377056443,Persuadable
709,-0.2521901533885552,0.0114031336857227,-0.712071666573206,-0.4005716144675594,-0.1561829697315506,-1.426899811755067,1.0,0,0,0,0.09907265064550395,Persuadable
1502,-0.5961483549550518,1.0131783235606535,-0.712071666573206,-0.141643846298954,2.212988921692448,-0.0940189864394617,0.0,15,0,1,-0.05195975232876785,Not Persuadable
4425,-1.0260961069131724,-1.595102201296636,-0.712071666573206,-0.7112849362698862,-0.0496554566279536,-1.4406004957157268,0.0,0,1,0,0.0889937455094831,Persuadable
3991,0.2637471489611895,0.7932764526124981,-0.712071666573206,-0.0251263506230813,1.1519748911806211,-1.129399245752171,1.0,25,1,1,0.05028192237935921,Persuadable
2233,-1.2840647580880449,-1.6806195955542522,-1.3268805653585676,-1.306818803057679,0.0142610512342046,-0.2466837505725268,0.0,0,1,0,-0.011508697219428383,Not Persuadable
2342,-0.1662006029969311,0.5122907286231883,-0.712071666573206,-0.659499382636165,-0.360715794890457,0.6947489615813732,0.0,0,0,0,0.048494354316414356,Persuadable
315,0.8656740017025585,0.3901230225408795,0.5175461309975176,-0.3099468956085476,0.2443604795379742,0.6242883012122664,0.0,0,0,0,0.012957450810666325,Persuadable
1221,-0.080211052605307,1.3063808181581944,2.3619728273536027,1.217726936586225,-0.795348048353133,1.583336178458444,1.0,25,1,1,0.11213362641967962,Highly Persuadable
4485,0.0917680481779412,-0.3550999845612033,0.5175461309975176,-0.6983385478614559,-0.9274421646015932,-0.7252290689127111,1.0,0,0,0,0.08281537308890008,Persuadable
114,-1.4560438588712932,-0.013030407530739,0.5175461309975176,-0.3487860608338384,0.8153479497732545,0.4305214851972228,1.0,25,1,1,0.0788074774345872,Persuadable
961,1.6395799552271757,0.4267733343655721,1.1323550297828793,0.9587991684176196,-0.7740425457324136,0.4491152705724036,1.0,0,0,0,-0.055059708385788005,Not Persuadable
2926,0.9516635520941824,-1.0086972121015545,2.3619728273536027,1.0494238872766315,0.4915043099383194,-1.1597364745222034,1.0,15,0,1,-0.006382248592497254,Not Persuadable
3275,-1.8859916108294137,0.0847037573351079,-1.3268805653585676,0.4021044668551178,-0.4288934032767591,-1.294786073562992,1.0,0,1,0,0.020371007051859458,Persuadable
1648,1.209632203269055,0.6711087465301895,-0.0972627677878441,1.4507619279379702,1.373552118436103,0.5822076290473832,0.0,0,0,0,0.16097148764571606,Highly Persuadable
3338,0.5217158001360619,0.1580043809844931,-0.0972627677878441,1.217726936586225,-0.1732273718281262,-0.6391104840171358,0.0,5,1,1,0.06393227922012093,Persuadable
2624,0.2637471489611895,0.4145565637573413,-0.0972627677878441,-0.750124101495177,-0.2200994775937088,2.252712451964959,1.0,0,0,0,0.13748814225057132,Highly Persuadable
3210,-0.5961483549550518,0.848251920349537,1.1323550297828793,-0.0380727390315116,-0.1647051707798384,0.7838034073256614,1.0,0,1,0,-0.051529125994011736,Not Persuadable
1771,-0.4241692541718035,0.2496301605462245,-0.712071666573206,-0.0898582926652328,-0.7612592441599819,0.7886965087401825,1.0,20,0,1,-0.0448119067979172,Not Persuadable
3430,0.8656740017025585,1.5140659184981191,-0.712071666573206,0.829335284333317,-1.3237245133469744,2.500303383539737,0.0,15,1,1,0.044387793122124417,Persuadable
4539,-1.1120856573047966,1.5873665421475045,-1.3268805653585676,-1.306818803057679,-0.7527370431116942,1.707620954387285,1.0,0,0,0,0.00947764248370837,Persuadable
1838,-0.2521901533885552,-0.6177605526381669,-0.712071666573206,-1.306818803057679,0.2869714847794131,-0.733058031175945,0.0,5,1,1,0.05056278033737672,Persuadable
1946,-1.8859916108294137,0.1457876103762622,-0.0972627677878441,-0.4523571681012805,-0.5822930221459389,1.3357452468836657,1.0,10,1,1,0.02782454761347992,Persuadable
2499,-0.5961483549550518,-0.7826869558492836,-1.3268805653585676,-1.164408530564946,-0.6802983342012482,0.3140656715316151,0.0,30,0,1,-0.007100830650152939,Not Persuadable
4052,-0.080211052605307,-0.3550999845612033,-0.0972627677878441,-1.1385157537480854,0.4829821088900317,-1.3309950240304491,0.0,25,1,1,0.13000448749967866,Highly Persuadable
3309,-1.0260961069131724,-0.9903720561892084,-1.3268805653585676,-1.021998258072213,-0.970053169843032,-0.5578850005360823,1.0,15,1,1,0.15114877979822194,Highly Persuadable
4201,-0.8541170061299242,-0.2023903519583174,-0.712071666573206,-0.5688746637771531,-0.543943117428644,-0.732079410893041,1.0,0,0,0,0.06262632856446877,Persuadable
4393,-1.1120856573047966,-1.8699795399818304,-1.3268805653585676,-1.306818803057679,-0.5993374242425143,-0.0901045053078447,1.0,0,0,0,0.06993864244887045,Persuadable
2595,-1.6280229596545417,-0.8682043501068997,-0.712071666573206,-1.306818803057679,-0.9998808735120394,-0.4805739981866456,1.0,0,0,0,0.06902886098371024,Persuadable
2116,-0.2521901533885552,-0.2451490490871254,1.1323550297828793,-1.2938724146492486,1.4971240336362757,0.7612951408188631,0.0,0,0,0,0.00867057040255988,Persuadable
1345,-1.0260961069131724,-1.4301757980855194,-1.3268805653585676,0.0007664261937791,-0.5226376148079245,-0.7311007906101366,1.0,0,0,0,0.08911679355184478,Persuadable
2877,-1.370054308479669,-1.0758894504468244,-0.712071666573206,-1.1773549189733763,-0.2840159854558671,-0.3719471467842725,1.0,0,0,0,-0.02389617568130504,Not Persuadable
3341,-0.3381797037801794,0.848251920349537,0.5175461309975176,-0.7760168783120376,0.8707422565871249,1.0793467327627482,0.0,15,1,1,-0.02197177662509829,Not Persuadable
4864,0.5217158001360619,0.7138674436589975,-0.712071666573206,0.8940672263754684,-0.0453943561038097,-0.9522689745465,1.0,30,0,1,0.03679713544346101,Persuadable
3938,0.5217158001360619,1.483523991977542,1.1323550297828793,1.8779927454161691,-0.2967992870282988,1.1938453058625471,0.0,30,1,1,0.2075263942777784,Highly Persuadable
1651,-0.5101588045634277,0.481748802102611,-0.712071666573206,-0.2322685651579658,0.8707422565871249,1.9043236312510412,1.0,25,0,1,-0.030629924914352725,Not Persuadable
790,-0.1662006029969311,-0.013030407530739,-0.0972627677878441,0.1690694755033727,-0.0368721550555219,1.2731135487777925,0.0,0,1,0,-0.03454034199302333,Not Persuadable
2281,1.295621753660679,-0.23904066378301,-0.0972627677878441,1.6837969192897153,-0.3053214880765865,-1.2350902363058318,0.0,0,1,0,0.1314169239625084,Highly Persuadable
4655,0.1777575985695653,2.137121219517893,-0.712071666573206,-0.9054807623963405,0.3594101936898591,0.2103319215437638,0.0,25,0,1,0.008438744959709457,Persuadable
4572,1.7255695056187998,-0.9598301296686312,1.1323550297828793,2.4087946701618104,-0.8976144609325861,-1.2712991867732892,1.0,0,1,0,0.026664919608761103,Persuadable
872,-1.0260961069131724,1.7156426335339283,-0.712071666573206,1.541386646796982,-0.6334262284356654,0.8797081950502789,1.0,25,1,1,0.1713916024473263,Highly Persuadable
1721,1.1236426528774308,1.9294361191779683,0.5175461309975176,1.6449577540644245,0.5554208178004777,1.6518395982617418,0.0,0,1,0,0.06111069091619869,Persuadable
1591,-1.4560438588712932,-0.3917502963858958,0.5175461309975176,1.0105847220513406,-0.6973427362978237,-0.7271863094785196,0.0,0,1,0,0.0853951735082576,Persuadable
2728,-0.1662006029969311,1.2636221210293863,0.5175461309975176,-0.6465529942277348,0.6704705319523625,-0.1449072411504836,1.0,20,1,1,-0.0033457839771832767,Not Persuadable
74,0.5217158001360619,-0.013030407530739,0.5175461309975176,1.5543330352054123,-0.3649768954146009,-0.3328023354681022,1.0,0,1,0,0.1278990836820613,Highly Persuadable
1778,0.2637471489611895,0.029728289598069,-0.712071666573206,-1.306818803057679,-0.6547317310563848,-0.5021036444105392,0.0,0,1,0,-0.04045787640870584,Not Persuadable
1617,3.015412761493162,1.5568246156269272,1.7471639285682412,2.512365777429253,1.0965805843667509,1.5070037963919114,1.0,0,1,0,-0.012857081341460868,Not Persuadable
1362,0.9516635520941824,2.1493379901261243,-1.3268805653585676,-0.0769119042568025,-0.6334262284356654,1.5109182775235284,0.0,0,0,0,0.03032952026145131,Persuadable
3025,-0.1662006029969311,-0.9537217443645156,-0.712071666573206,-0.8019096551288981,-0.8890922598842984,-1.206710248101608,0.0,30,0,1,0.02231154883335991,Persuadable
1967,0.2637471489611895,1.440765294848734,1.1323550297828793,0.4021044668551178,0.1122663632895139,0.755423419121438,0.0,0,0,0,0.2738455903113822,Highly Persuadable
4586,0.5217158001360619,0.3351475548038407,0.5175461309975176,-0.2711077303832567,-0.9572698682706005,-0.2525554722699526,1.0,0,0,0,0.21022274481368547,Highly Persuadable
3828,0.2637471489611895,0.7566261407878055,-0.712071666573206,-0.4523571681012805,2.0169782975818293,1.0059502115449286,0.0,0,0,0,-0.03074057134714821,Not Persuadable
2260,0.607705350527686,-0.6666276350710904,-0.0972627677878441,-0.141643846298954,0.2954936858277008,-0.1498003425650046,0.0,10,0,1,-0.12038461598867639,Not Persuadable
2900,0.8656740017025585,2.283722466816664,1.7471639285682412,0.0266592030106395,2.178900117499297,1.185037723316409,0.0,30,0,1,0.021846111819793904,Persuadable
2223,0.0917680481779412,0.5611578110561116,-0.0972627677878441,-0.3358396724254082,1.365029917387815,1.2662632067974626,1.0,30,0,1,-0.008895513589403572,Not Persuadable
495,-0.3381797037801794,0.5367242698396499,0.5175461309975176,0.2985333595876755,1.769834467181484,-1.262491604227151,0.0,0,1,0,0.06980461788751703,Persuadable
3146,0.3497366993528136,0.0480534455104153,-0.0972627677878441,-1.125569365339655,-0.1220941655383996,-0.3474816397116659,1.0,0,0,0,0.07422297706594075,Persuadable
3530,-0.080211052605307,0.4512068755820339,0.5175461309975176,-0.6724457710445954,0.7386481403386645,1.1272991266250574,1.0,20,0,1,-0.041475356683598856,Not Persuadable
1282,-1.8859916108294137,1.4041149830240414,-0.712071666573206,-0.7371777130867467,0.1974883737723915,0.6409248460216391,0.0,0,0,0,-0.0063099457166412715,Not Persuadable
1165,-1.0260961069131724,0.9520944705194994,-0.0972627677878441,0.1043375334612213,-0.3905434985594642,0.0312444097722839,1.0,25,1,1,0.13207941003496515,Highly Persuadable
1243,1.7255695056187998,0.396231407844995,2.9767817261389644,1.8779927454161691,-0.5609875195252194,0.6741979356403843,1.0,0,1,0,0.07766651164138999,Persuadable
1756,0.6936949009193102,0.7749512967001518,-0.712071666573206,-0.5559282753687228,-1.3237245133469744,-0.4972105429960182,1.0,25,1,1,0.10319876013643697,Highly Persuadable
1993,0.2637471489611895,-0.1413064989171631,1.7471639285682412,1.1529949945440738,0.9218754628768516,-0.9092096820987124,0.0,10,0,1,0.03279847400163062,Persuadable
2195,0.1777575985695653,-0.5688934702052434,-0.0972627677878441,0.829335284333317,-0.970053169843032,0.9012378412741724,1.0,15,1,1,0.048087776517599004,Persuadable
1727,-0.9401065565215484,0.5367242698396499,-0.712071666573206,-1.306818803057679,0.0313054533307801,0.0214582069432412,1.0,0,0,0,0.11651809106824668,Highly Persuadable
619,-0.5961483549550518,-0.281799360911818,-0.0972627677878441,0.9587991684176196,0.7343870398145207,-0.3093154486783996,1.0,20,1,1,0.016853885665944094,Persuadable
4934,0.5217158001360619,0.6711087465301895,1.7471639285682412,-0.0769119042568025,-1.2938968096779673,0.252412593708647,1.0,0,0,0,0.14217542085298748,Highly Persuadable
1882,1.4676008544439274,0.5000739580149574,1.7471639285682412,1.3342444322620977,-1.1319749897604996,1.700770612406955,0.0,10,0,1,0.005498367222386619,Persuadable
1630,1.1236426528774308,-0.055789104659547,1.1323550297828793,-0.7242313246783165,0.1122663632895139,-0.5510346585557524,1.0,0,1,0,-0.02421109166878733,Not Persuadable
4767,-1.0260961069131724,-0.7949037264575144,-0.0972627677878441,0.1431766986865122,-0.6376873289598094,-0.8583214273876908,0.0,30,0,1,-0.030070277548144918,Not Persuadable
2089,-0.682137905346676,0.4145565637573413,0.5175461309975176,-0.8536952087626192,1.624957049360592,0.1790160724908274,0.0,25,1,1,0.04933741330982841,Persuadable
3426,0.4357262497444378,-0.013030407530739,-0.0972627677878441,-0.89253437398791,1.365029917387815,0.3160229120974239,0.0,5,0,1,0.10397162903544627,Highly Persuadable
870,-0.080211052605307,1.7950516424874292,1.7471639285682412,-0.2581613419748264,-0.2286216786419966,1.5715927350635923,0.0,20,0,1,0.11164541779607678,Highly Persuadable
4709,-0.8541170061299242,-1.08199783575094,-0.712071666573206,-1.306818803057679,0.0014777496617729,-0.0509596939916743,0.0,0,1,0,-0.09742402160097104,Not Persuadable
1043,0.6936949009193102,-0.9048546619315924,-0.712071666573206,0.0266592030106395,0.5085487120348949,-0.7712242222092114,1.0,0,1,0,-0.07750411189179487,Not Persuadable
3385,-0.080211052605307,-0.2512574343912409,2.3619728273536027,1.91683191064146,1.0582306796494558,-0.0470452128600574,1.0,0,1,0,0.08273276734352913,Persuadable
357,0.2637471489611895,-1.6561860543377904,-0.0972627677878441,-0.0769119042568025,1.5439961394018584,-0.3592250831065168,0.0,0,0,0,0.08943404008533969,Persuadable
1163,-0.2521901533885552,-0.0741142605718933,-0.0972627677878441,0.9458527800091892,-1.3237245133469744,-0.5539705194044653,0.0,0,0,0,0.1110704119342128,Highly Persuadable
2781,1.5535904048355516,1.0009615529524227,2.3619728273536027,1.6837969192897153,1.3053745100498009,-0.0343231491823017,0.0,20,0,1,0.028045443465063113,Persuadable
2255,1.0376531024858069,0.5916997375766888,2.3619728273536027,-0.3358396724254082,0.2571437811104059,-0.4424078071533793,1.0,0,0,0,-0.008808355123941321,Not Persuadable
3166,0.3497366993528136,1.1475628002511933,-1.3268805653585676,-1.306818803057679,-1.3237245133469744,0.647775188001969,1.0,25,1,1,0.015117511487643743,Persuadable
3947,1.3816113040523033,-1.369091945044365,-0.0972627677878441,-0.2711077303832567,1.3352022137188082,-1.7077638329485905,0.0,0,0,0,0.06594483761740011,Persuadable
1790,1.0376531024858069,-0.0680058752677779,-0.0972627677878441,-1.306818803057679,1.8550564776643617,-0.3504175005603788,0.0,0,1,0,-0.015818950665170417,Not Persuadable
3807,-0.8541170061299242,-1.1247565328797478,-1.3268805653585676,-0.1804830115242448,-1.3237245133469744,-0.0049645406951741,0.0,15,0,1,-0.023459567609808628,Not Persuadable
3658,1.983538156793672,-0.4589425347311656,0.5175461309975176,1.347190820670528,1.262763504808362,-0.8671290099338291,0.0,0,1,0,0.03857038906985992,Persuadable
1273,-0.3381797037801794,0.3107140135873789,0.5175461309975176,-0.7889632667204678,-0.0581776576762413,0.9462543742877688,1.0,0,0,0,-0.009169195639752955,Not Persuadable
3151,0.2637471489611895,0.4756404167984956,-0.712071666573206,1.1271022177272134,1.3479855152912397,0.1623795276814547,0.0,0,0,0,0.19599388812097696,Highly Persuadable
333,-0.682137905346676,-0.0741142605718933,-0.712071666573206,0.8552280611501776,0.0568720564756434,-1.1323351066008842,1.0,0,1,0,-0.02142831816868379,Not Persuadable
1555,-1.4560438588712932,-1.3446584038279037,-0.712071666573206,-1.306818803057679,-1.3237245133469744,-1.3378453660107792,0.0,0,0,0,0.0919397710577668,Persuadable
2752,-0.4241692541718035,-0.055789104659547,-0.712071666573206,0.8034425075164564,-0.9913586724637516,0.7524875582727251,0.0,0,1,0,0.06145774304059066,Persuadable
2555,0.4357262497444378,0.8910106174783451,0.5175461309975176,0.5445147393478507,-0.3564546943663131,-0.1223989746436852,1.0,15,1,1,0.15665252087964923,Highly Persuadable
3686,0.2637471489611895,0.3290391694997252,-1.3268805653585676,-1.306818803057679,-0.1987939749729894,0.9981212492816948,0.0,0,1,0,-0.11985538119339412,Not Persuadable
1655,-0.2521901533885552,0.2435217752421091,-0.712071666573206,-0.5170891101434321,-0.8251757520221401,-0.5021036444105392,1.0,0,1,0,0.10885831766666915,Highly Persuadable
1117,1.209632203269055,-0.6177605526381669,-0.712071666573206,0.0007664261937791,-0.9870975719396076,-0.2055816986905476,1.0,0,0,0,-0.0713936989118769,Not Persuadable
4077,-1.8859916108294137,-1.8699795399818304,-0.712071666573206,-0.7630704899036073,0.9218754628768516,-1.2517267811152042,0.0,0,0,0,-0.020572557004596946,Not Persuadable
3571,0.7796844513109343,-0.605543782029936,-0.712071666573206,-0.3617324492422687,1.3479855152912397,-0.9718413802045852,0.0,25,0,1,0.1276953336861014,Highly Persuadable
4630,-1.0260961069131724,1.1903214973800011,1.7471639285682412,1.4248691511211096,-1.3237245133469744,1.1047908601182597,0.0,0,0,0,0.05297074666235905,Persuadable
3904,-0.2521901533885552,0.3779062519326487,-0.712071666573206,-1.216194084198667,-1.3237245133469744,-0.0998907081368875,0.0,20,0,1,0.0748216352332916,Persuadable
4456,2.585465009535041,1.886677422049161,1.1323550297828793,1.2824588786283768,1.232935801139355,0.5185973106586063,1.0,25,1,1,0.058453579355612025,Persuadable
446,-1.542033409262917,-1.4301757980855194,-0.0972627677878441,-0.7242313246783165,0.3381046910691396,-0.2623416750989947,0.0,0,0,0,0.018685013090850952,Persuadable
2616,-0.682137905346676,-0.9781552855809774,-0.0972627677878441,-1.034944646480643,1.4332075257741177,-0.7868821467356796,1.0,15,1,1,0.15924177079431892,Highly Persuadable
453,1.983538156793672,2.58303334671832,1.1323550297828793,-0.1804830115242448,0.5852485214694848,1.2789852704752185,0.0,20,1,1,-0.09229161231729824,Not Persuadable
4811,0.0917680481779412,-0.5872186261175897,0.5175461309975176,1.7485288613318666,0.3040158868759886,-0.1400141397359619,1.0,0,1,0,0.07412615664233041,Persuadable
4445,0.0917680481779412,-0.013030407530739,0.5175461309975176,-1.306818803057679,-0.105049763441824,0.96484815966295,0.0,10,1,1,-0.04154381830950482,Not Persuadable
4555,1.811559056010424,0.5061823433190727,1.7471639285682412,0.829335284333317,1.4246853247258295,0.037116131469709,0.0,25,0,1,0.1459213271281445,Highly Persuadable
15,0.5217158001360619,0.5672661963602271,-0.0972627677878441,0.5056755741225601,0.5213320136073266,0.2788353413470618,1.0,25,1,1,0.021015589412271236,Persuadable
3108,0.1777575985695653,1.0131783235606535,-0.712071666573206,-1.021998258072213,-1.3237245133469744,0.4305214851972228,1.0,0,0,0,0.033642278250925195,Persuadable
946,-0.3381797037801794,-1.8516543840694843,-1.3268805653585676,-0.0769119042568025,-0.1093108639659679,-0.8788724533286804,1.0,20,1,1,0.07860983119638673,Persuadable
248,1.897548606402048,1.892785807353276,-0.0972627677878441,-1.306818803057679,-1.0893639845190608,2.407334456663832,1.0,5,0,1,0.026588487295369893,Persuadable
4184,2.413485908751793,2.625792043847128,-0.712071666573206,-1.306818803057679,0.1420940669585211,2.540426815138812,0.0,0,0,0,0.040472425442689045,Persuadable
361,-0.1662006029969311,-0.5566766995970126,-0.712071666573206,-0.374678837650699,0.5895096219936288,-0.9033379604012868,1.0,10,1,1,0.05960617286716485,Persuadable
4667,1.3816113040523033,-0.0374639487472007,1.1323550297828793,-0.3876252260591293,0.8451756534422616,0.1418285017404651,1.0,25,0,1,0.014867224045603759,Persuadable
3379,-1.0260961069131724,-0.5017012318599736,-0.0972627677878441,-1.306818803057679,-0.1476607686832629,-0.52069742978572,0.0,0,0,0,0.02975209542595939,Persuadable
2319,2.3274963583601687,0.2801720870668017,0.5175461309975176,-0.1675366231158145,-0.0880053613452485,1.583336178458444,1.0,10,1,1,-0.021571328738677474,Not Persuadable
1492,0.0057784977863171,-0.3978586816900113,1.1323550297828793,0.5445147393478507,-1.3237245133469744,-1.3505674296885348,1.0,30,0,1,0.17924248055726502,Highly Persuadable
4776,0.7796844513109343,0.5916997375766888,0.5175461309975176,-0.5947674405940137,-1.3237245133469744,0.1163843743849545,1.0,25,0,1,0.11871697886095592,Highly Persuadable
1774,1.7255695056187998,0.5978081228808043,1.1323550297828793,-0.8666415971710495,0.436110003124449,0.044945093732943,0.0,25,0,1,-0.10671374186870125,Not Persuadable
4633,-0.9401065565215484,-0.3306664433447415,-0.0972627677878441,-0.2711077303832567,-0.9231810640774496,0.1565078059840289,1.0,0,0,0,0.08126982869113716,Persuadable
4372,-0.5961483549550518,-0.4833760759476274,-0.0972627677878441,-0.1028046810736631,0.431848902600305,-0.4962319227131134,0.0,0,1,0,-0.13661506176915889,Not Persuadable
4895,-0.8541170061299242,0.115245683855685,1.7471639285682412,1.7226360845150064,1.6675680546020308,0.541105577165404,0.0,25,0,1,0.013745545827776795,Persuadable
2868,1.5535904048355516,0.0358366749021844,2.3619728273536027,1.075316664093492,1.4758185310155565,-0.6851056373136364,1.0,0,1,0,0.1069605703129741,Highly Persuadable
491,1.1236426528774308,0.3107140135873789,1.1323550297828793,1.7226360845150064,-0.9359643656498812,0.9345109308929178,1.0,0,1,0,0.1108510204302475,Highly Persuadable
863,-0.080211052605307,-1.0086972121015545,0.5175461309975176,0.2985333595876755,0.0185221517583485,0.3532104828477861,1.0,10,1,1,-0.08352336714352326,Not Persuadable
1766,-0.1662006029969311,-0.6788444056793212,-1.3268805653585676,-0.0380727390315116,0.10800526276537,-1.0726392693437243,1.0,10,0,1,-0.015174761368041472,Not Persuadable
2228,0.607705350527686,0.7810596820042672,0.5175461309975176,0.4668364088972692,1.7272234619400453,0.2318615677676574,0.0,10,1,1,0.21710034040827889,Highly Persuadable
1903,0.607705350527686,-0.3856419110817804,-0.712071666573206,-1.1514621421565157,-1.0339696777051903,-0.0734679604984721,0.0,0,0,0,0.024949988421127365,Persuadable
2463,-0.1662006029969311,0.8604686909577679,1.1323550297828793,0.7904961191080262,-0.2584493823110038,-0.4228354014952937,1.0,0,1,0,0.1268449707990177,Highly Persuadable
4113,-0.682137905346676,0.0847037573351079,-1.3268805653585676,0.0266592030106395,-1.3237245133469744,-0.7467587151366049,1.0,10,0,1,-0.03150228476079682,Not Persuadable
507,2.499475459143417,0.7566261407878055,-0.712071666573206,-1.009051869663783,-1.3237245133469744,-0.1948168755786008,1.0,0,1,0,0.032722028436168796,Persuadable
2693,-0.080211052605307,-1.1003229916632862,-0.712071666573206,-1.306818803057679,0.8707422565871249,-0.0088790218267911,1.0,25,0,1,0.05083010397850286,Persuadable
2016,0.1777575985695653,-0.5322431583805508,-0.0972627677878441,1.6967433076981455,-0.3820212975111764,0.2064174404121468,0.0,0,0,0,0.19413468656493127,Highly Persuadable
4388,0.607705350527686,-0.3489915992570878,-0.0972627677878441,0.5445147393478507,-0.2456660807385721,-0.6410677245829447,1.0,25,1,1,0.13671619249369715,Highly Persuadable
1223,0.4357262497444378,0.2190882340256474,-0.0972627677878441,0.8940672263754684,0.9431809654975708,-0.395434033573975,0.0,15,1,1,0.052504674217239485,Persuadable
1114,-0.2521901533885552,-0.7826869558492836,-1.3268805653585676,0.2985333595876755,-1.302419010726255,-1.8760865216081235,1.0,15,0,1,0.026478544262669042,Persuadable
1933,-0.8541170061299242,-0.3367748286488569,-0.712071666573206,0.6221930697984324,-1.3237245133469744,0.3659325465255411,0.0,0,1,0,0.009588419657749314,Persuadable
3439,-0.2521901533885552,0.7566261407878055,0.5175461309975176,0.9717455568260498,1.0582306796494558,1.0715177704995142,0.0,0,1,0,0.04695339013711369,Persuadable
1375,0.0057784977863171,-0.6177605526381669,-0.0972627677878441,-1.306818803057679,1.232935801139355,-0.732079410893041,0.0,0,0,0,0.16190729497262887,Highly Persuadable
4782,1.295621753660679,0.4328817196696876,-1.3268805653585676,-0.6853921594530257,-1.0637973813741977,-0.4306643637585284,1.0,25,0,1,0.0092665646150362,Persuadable
434,-1.8859916108294137,-0.0191387928348544,-0.0972627677878441,-1.0608374232975035,-0.7740425457324136,-1.2116033495161294,1.0,0,0,0,0.012332756724520897,Persuadable
3876,0.4357262497444378,-0.746036644024591,-0.712071666573206,-0.8278024319457586,0.3338435905449958,-0.9728200004874892,1.0,5,0,1,-0.043232885489371084,Not Persuadable
3170,-1.1980752076964207,-0.9903720561892084,-1.3268805653585676,-0.1286974578905237,0.7855202461042473,-0.7174001066494768,0.0,0,0,0,0.06756986251020587,Persuadable
2851,-0.1662006029969311,0.4756404167984956,0.5175461309975176,2.266384397669078,1.55677944097429,-0.6537897882607,1.0,15,0,1,0.08829624913743221,Persuadable
2108,-1.1120856573047966,-0.2512574343912409,0.5175461309975176,2.033349406317333,0.2784492837311253,-0.0392162505968234,1.0,10,1,1,0.10131807151983807,Highly Persuadable
2649,0.2637471489611895,-0.013030407530739,0.5175461309975176,-1.306818803057679,0.0568720564756434,-0.4874243401669754,1.0,0,1,0,0.017015769983012498,Persuadable
4125,0.7796844513109343,-0.5688934702052434,-0.712071666573206,-1.306818803057679,-0.6419484294839533,-0.2740851184938463,0.0,0,0,0,-0.012654127068410518,Not Persuadable
4636,-1.1980752076964207,-0.6116521673340515,-0.712071666573206,0.609246681390002,0.5639430188487654,-0.0108362623925992,0.0,15,0,1,-0.12490798872354082,Not Persuadable
2437,-1.0260961069131724,0.4634236461902647,1.7471639285682412,0.7128177886574444,1.1604970922289088,-0.2760423590596544,1.0,10,1,1,0.0741928277760601,Persuadable
4995,0.4357262497444378,-0.3734251404735496,-0.0972627677878441,-0.1157510694820934,0.4872432094141755,0.0615816385423156,0.0,0,1,0,-0.11910474638474271,Not Persuadable
1103,0.607705350527686,-0.2268238931747791,0.5175461309975176,2.4087946701618104,0.1548773685309527,0.1604222871156466,1.0,20,1,1,0.15109472665232423,Highly Persuadable
1770,2.929423211101537,0.1580043809844931,1.1323550297828793,1.114155829318783,1.5397350388777145,1.6900057892950082,0.0,30,1,1,0.15366556677561113,Highly Persuadable
1892,-0.7681274557383001,-0.7399282587204755,0.5175461309975176,1.062370275685062,0.0866997601446506,-1.0990620169821397,0.0,30,0,1,0.0352943902977392,Persuadable
2155,0.2637471489611895,1.764509715966852,-0.0972627677878441,-0.3099468956085476,0.7684758440076718,1.020629515788493,0.0,20,1,1,-0.004634303981531916,Not Persuadable
3861,-1.2840647580880449,0.7444093701795746,1.1323550297828793,1.1659413829525045,0.2060105748206793,-0.0030073001293653,0.0,15,1,1,0.030184418582895688,Persuadable
157,0.1777575985695653,-0.5200263877723199,-0.712071666573206,0.829335284333317,-1.3237245133469744,-0.0411734911626316,1.0,0,0,0,0.10262329132393927,Highly Persuadable
4921,-0.3381797037801794,1.5446078450186964,1.7471639285682412,3.7940582298638503,0.3167991884484202,0.967784020511663,1.0,10,1,1,0.04150506343939139,Persuadable
2891,-0.8541170061299242,-0.4467257641229347,-0.712071666573206,-1.073783811705934,-0.1476607686832629,0.9462543742877688,1.0,0,1,0,-0.12501719897945643,Not Persuadable
616,-1.2840647580880449,-1.01480559740567,-0.712071666573206,-0.750124101495177,-0.1860106734005578,-1.465066002788333,0.0,10,0,1,0.018901281439406534,Persuadable
644,0.1777575985695653,1.6728839364051205,-0.712071666573206,-0.4653035565097109,0.8579589550146933,1.469816225641549,1.0,0,1,0,0.002459853215938964,Persuadable
2881,0.3497366993528136,-0.3734251404735496,0.5175461309975176,-1.306818803057679,-1.3237245133469744,0.5499131597115428,0.0,20,1,1,-0.030369288225181312,Not Persuadable
2081,0.4357262497444378,1.3247059740705407,1.7471639285682412,-0.0639655158483722,1.8294898745194983,1.585293419024252,0.0,0,1,0,0.0546421629480198,Persuadable
1069,1.4676008544439274,-0.3428832139529724,1.1323550297828793,0.2726405827708149,-1.157541592905363,0.5959083130080429,0.0,0,1,0,-0.07024114264663954,Not Persuadable
3300,0.1777575985695653,-0.3306664433447415,-0.0972627677878441,-1.306818803057679,-1.3237245133469744,0.2103319215437638,1.0,30,1,1,0.09079573839072168,Persuadable
4290,0.4357262497444378,0.2007630781133011,-0.712071666573206,-0.1804830115242448,2.639098974106836,-0.0411734911626316,1.0,25,0,1,0.027369593668309943,Persuadable
4635,0.3497366993528136,0.6405668200096123,1.1323550297828793,0.4927291857141298,-1.0211863761327586,0.7798889261940445,0.0,20,1,1,0.036798995718010805,Persuadable
4164,-1.370054308479669,-0.9659385149727464,-0.712071666573206,-0.7112849362698862,0.3508879926415713,-0.6831483967478279,1.0,5,1,1,0.016310934136149976,Persuadable
331,1.5535904048355516,1.1109124884265007,-0.712071666573206,0.3503189132213966,0.0909608606687945,0.1614009073985507,1.0,0,1,0,-0.03642087989626151,Not Persuadable
4007,-0.3381797037801794,0.2618469311544554,-0.712071666573206,0.4409436320804086,-1.3237245133469744,-0.9052952009670954,1.0,0,1,0,0.040334449712389524,Persuadable
3017,-0.682137905346676,0.1824379222009548,1.1323550297828793,-0.9443199276216312,0.6235984261867797,-0.4355574651730494,0.0,20,1,1,0.055026188098727814,Persuadable
2670,-0.682137905346676,1.6056916980598508,1.1323550297828793,-0.9831590928469222,-0.6930816357736798,0.7064924049762248,0.0,15,1,1,0.03415863869351928,Persuadable
623,0.2637471489611895,0.719975828963113,-0.712071666573206,-0.7760168783120376,-1.2768524075813916,1.2378832185932391,1.0,5,0,1,-0.011995669937141825,Not Persuadable
3860,0.4357262497444378,-0.8804211207151305,-1.3268805653585676,-0.5818210521855834,0.3849767968347223,-0.507975366107965,1.0,0,0,0,0.023816783070224713,Persuadable
3139,0.5217158001360619,0.6588919759219586,-0.712071666573206,-0.3617324492422687,-1.3066801112503987,2.044266331706352,1.0,0,1,0,0.02913037177157437,Persuadable
3435,-1.2840647580880449,-0.3734251404735496,-0.712071666573206,0.1690694755033727,-1.3237245133469744,0.0390733720355179,1.0,0,1,0,-0.06638069754828908,Not Persuadable
2917,1.6395799552271757,0.1824379222009548,2.3619728273536027,2.0592421831341934,-0.906136661980874,0.5420841974483088,0.0,0,1,0,0.03412789400713516,Persuadable
1947,-0.7681274557383001,1.3918982124158106,1.1323550297828793,1.1529949945440738,1.3820743194843907,-0.1126127718146431,0.0,15,0,1,0.11737776660688293,Highly Persuadable
1584,-0.682137905346676,0.0236199042939535,-0.0972627677878441,-0.6465529942277348,0.6363817277592114,0.0645174993910285,1.0,0,1,0,0.022958532711127428,Persuadable
4407,-0.5101588045634277,-0.4772676906435119,-0.712071666573206,-0.0769119042568025,1.228674700615211,0.1868450347540613,1.0,0,1,0,-0.03058081459550689,Not Persuadable
756,1.209632203269055,0.805493223220729,2.3619728273536027,0.091391145052791,0.2912325853035569,0.7211717092197886,1.0,10,1,1,-0.018024468741458254,Not Persuadable
519,0.9516635520941824,1.2025382679882322,0.5175461309975176,0.9976383336429104,1.1008416848908946,0.9609336785313332,0.0,25,1,1,0.03312382014709253,Persuadable
3822,1.295621753660679,1.0131783235606535,-0.0972627677878441,1.1788877713609345,2.212988921692448,0.4491152705724036,0.0,0,0,0,0.23740259974288724,Highly Persuadable
33,-0.5101588045634277,0.8787938468701142,1.7471639285682412,1.243619713403086,2.2342944243131675,0.4207352823681801,0.0,0,0,0,0.1660037625647335,Highly Persuadable
2953,-0.3381797037801794,-0.2023903519583174,-0.0972627677878441,0.2079086407286636,-0.4288934032767591,0.0527740559961776,0.0,0,1,0,0.02432973516991718,Persuadable
1158,1.5535904048355516,0.4328817196696876,0.5175461309975176,-1.306818803057679,0.0611331569997873,-0.1664368873743773,0.0,0,1,0,-0.00028426131657362523,Not Persuadable
745,0.0917680481779412,0.5061823433190727,-0.0972627677878441,0.2726405827708149,1.390596520532679,-0.6488966868461786,1.0,15,0,1,0.06124067755886975,Persuadable
2482,-0.9401065565215484,-0.5994353967258206,-0.0972627677878441,0.5963002929815718,-0.9657920693188884,-0.3083368283954956,1.0,5,1,1,0.04466850181275931,Persuadable
2419,0.607705350527686,0.0175115189898381,2.3619728273536027,0.233801417545524,1.8081843718987791,1.3377024874494736,0.0,20,1,1,-0.024627321854627907,Not Persuadable
1973,0.0917680481779412,-1.0392391386221318,0.5175461309975176,1.9686174642751813,0.8963088597319883,0.2240326055044235,0.0,0,0,0,0.17683846414374382,Highly Persuadable
2884,1.209632203269055,1.978303201610892,1.1323550297828793,-0.141643846298954,2.05106710177498,1.1781873813360793,1.0,25,0,1,0.0838683620903678,Persuadable
784,0.9516635520941824,-0.0191387928348544,0.5175461309975176,2.82307909923158,-1.3237245133469744,0.5998227941396599,1.0,0,0,0,0.1960660879099432,Highly Persuadable
4491,1.811559056010424,1.5507162303228117,-0.0972627677878441,-0.9184271508047708,-0.7996091488772769,1.142957051151526,0.0,25,0,1,0.036543223967777205,Persuadable
2523,-0.2521901533885552,0.25573854585034,-0.712071666573206,-1.306818803057679,-1.3237245133469744,-0.2985506255664528,1.0,0,1,0,-0.009110411377962294,Not Persuadable
230,-0.2521901533885552,-0.4284006082105884,0.5175461309975176,-0.7242313246783165,0.2954936858277008,-1.8555354956671344,1.0,15,0,1,0.03378616415635536,Persuadable
858,0.4357262497444378,0.1824379222009548,-0.712071666573206,-0.4653035565097109,0.0099999507100607,-1.2761922881878107,0.0,5,0,1,0.0764236093274027,Persuadable
4911,-0.7681274557383001,-0.7521450293287064,-0.712071666573206,-0.8536952087626192,-1.0084030745603272,-0.8113476538082861,1.0,10,1,1,0.15769632151711369,Highly Persuadable
2378,-0.682137905346676,-1.8699795399818304,-0.712071666573206,0.1690694755033727,-1.0680584818983414,1.6674975227882105,0.0,0,1,0,-0.05747986432907575,Not Persuadable
409,-1.8859916108294137,-1.8699795399818304,-0.0972627677878441,0.1949622523202333,0.7599536429593841,-1.465066002788333,1.0,20,0,1,0.028055490856793985,Persuadable
171,-0.682137905346676,0.3107140135873789,-0.0972627677878441,-0.2970005072001173,0.9218754628768516,1.142957051151526,1.0,25,0,1,-0.08600492563593944,Not Persuadable
541,-1.7140125100461656,-0.746036644024591,-1.3268805653585676,-0.2322685651579658,-1.042491878753478,-1.3906908612876097,1.0,0,0,0,0.006006626465637473,Persuadable
2226,0.2637471489611895,0.2190882340256474,-0.0972627677878441,-0.8666415971710495,0.6449039288074991,1.6616258010907845,1.0,0,1,0,-0.09480245389279976,Not Persuadable
2320,-0.2521901533885552,-0.3978586816900113,-1.3268805653585676,-0.9961054812553524,-0.360715794890457,0.1114912729704335,1.0,20,1,1,0.12110317017316481,Highly Persuadable
3482,0.9516635520941824,0.5428326551437653,2.9767817261389644,-0.9572663160300616,0.8153479497732545,0.475538018210819,1.0,0,0,0,0.11450128168200067,Highly Persuadable
614,0.4357262497444378,1.5323910744104654,-0.712071666573206,-0.7889632667204678,-0.3394102922697375,1.4893886312996347,0.0,20,1,1,0.09732752684265063,Persuadable
4950,0.8656740017025585,-0.0008136369225081,0.5175461309975176,0.4150508552635481,1.9360173876230955,-0.4404505665875705,0.0,0,1,0,0.11589273959822358,Highly Persuadable
1834,0.4357262497444378,-0.8437708088904379,-0.0972627677878441,0.6221930697984324,2.076633704919844,0.9687626407945672,1.0,25,0,1,-0.041176376256346126,Not Persuadable
3454,0.7796844513109343,0.8360351497413061,-0.0972627677878441,-1.306818803057679,0.3892378973588662,1.417949350647623,0.0,15,0,1,-0.03293548499735631,Not Persuadable
1162,-0.3381797037801794,-0.7643617999369373,0.5175461309975176,0.2726405827708149,0.1463551674826649,-0.9473758731319788,0.0,25,0,1,-5.588374769340291e-06,Not Persuadable
2427,2.1555172575769204,1.5079575331940038,1.1323550297828793,2.564151331062974,1.011358573883873,0.8855799167477046,0.0,30,0,1,-0.0011950373419202997,Not Persuadable
2381,-0.2521901533885552,-0.2023903519583174,0.5175461309975176,2.9395965949074525,0.1591384690550966,0.5910152115935219,1.0,0,0,0,0.1117662434017943,Highly Persuadable
1619,0.3497366993528136,1.1719963414676549,0.5175461309975176,-1.2938724146492486,-0.2541882817868599,0.1702084899446887,1.0,0,0,0,0.1963031008072053,Highly Persuadable
1635,0.2637471489611895,0.1885463075050702,-0.0972627677878441,-1.306818803057679,-0.3394102922697375,-1.5756500947565149,0.0,20,0,1,0.08526143277652237,Persuadable
1508,-0.080211052605307,0.0419450602062998,2.3619728273536027,1.774421638148727,-1.3237245133469744,-0.5324408731805715,0.0,0,1,0,0.02041338300917162,Persuadable
2214,1.811559056010424,0.5061823433190727,0.5175461309975176,-1.047891034889073,-0.5013321121872051,0.2778567210641577,1.0,20,1,1,0.05783031741323377,Persuadable
565,0.9516635520941824,-0.2512574343912409,-1.3268805653585676,0.233801417545524,-0.684559434725392,-0.3230161326390594,0.0,0,1,0,-0.03782426392393124,Not Persuadable
4615,-0.5961483549550518,0.8604686909577679,1.1323550297828793,0.4021044668551178,1.3565077163395276,0.6869199993181393,1.0,15,1,1,0.07779946431751984,Persuadable
4258,1.1236426528774308,1.2819472769417328,-0.0972627677878441,-0.9831590928469222,-0.8081313499255647,0.6027586549883728,0.0,0,0,0,-0.03033584965262843,Not Persuadable
2439,1.0376531024858069,-0.1840651960459711,0.5175461309975176,-0.6853921594530257,-0.4629822074699101,-0.3787974887646024,0.0,0,0,0,0.06467545292248522,Persuadable
4797,0.3497366993528136,0.6894339024425358,-0.712071666573206,-0.1804830115242448,0.4659377067934561,0.0175437258116242,0.0,25,1,1,-0.03867982234246659,Not Persuadable
2400,0.607705350527686,0.3046056282832635,-0.712071666573206,-1.306818803057679,1.5482572399260022,0.4579228531185423,0.0,0,1,0,0.0012290717392772843,Persuadable
1421,-0.2521901533885552,-0.1718484254377403,0.5175461309975176,-0.6206602174108743,-0.1689662713039823,0.2230539852215187,0.0,5,1,1,0.20130368420131628,Highly Persuadable
4939,0.6936949009193102,0.1457876103762622,-1.3268805653585676,-1.164408530564946,-0.4501989058974785,0.7436799757265863,1.0,15,1,1,0.016834451137286394,Persuadable
3492,-0.9401065565215484,1.398006597719926,1.7471639285682412,1.7614752497402968,0.0611331569997873,0.6937703412984692,1.0,10,0,1,0.09794349503262903,Persuadable
3930,-0.7681274557383001,-1.0331307533180163,1.1323550297828793,0.2079086407286636,1.7570511656090524,-0.5950725712864441,0.0,15,1,1,0.10526390525216438,Highly Persuadable
2743,-0.8541170061299242,-1.8699795399818304,-0.712071666573206,-1.0996765885227946,-1.3237245133469744,-1.1959454249896613,1.0,0,0,0,0.06726179785691817,Persuadable
2500,1.295621753660679,-1.01480559740567,0.5175461309975176,-0.3228932840169778,-1.1064083866156365,-2.21273189892719,1.0,0,1,0,-0.12823810265289842,Not Persuadable
1406,0.6936949009193102,1.0986957178182697,1.1323550297828793,-0.1286974578905237,-0.1604440702556945,1.2545197634026115,0.0,15,1,1,0.06133778101735958,Persuadable
1173,-0.080211052605307,-0.3428832139529724,-0.712071666573206,-0.5559282753687228,0.4062822994554418,-0.3279092340535804,0.0,10,1,1,0.0008198357880167752,Persuadable
4327,1.1236426528774308,1.1903214973800011,-0.712071666573206,1.0494238872766315,0.8835255581595566,1.7751457539076794,0.0,25,1,1,0.08591023341393,Persuadable
326,0.7796844513109343,1.8622438808326989,1.7471639285682412,1.7226360845150064,-1.3237245133469744,1.524618961484188,1.0,0,0,0,0.17591096561702027,Highly Persuadable
1052,-0.1662006029969311,-0.465050920035281,0.5175461309975176,-0.7889632667204678,-0.360715794890457,-0.6224739392077635,1.0,0,0,0,0.060994070262956376,Persuadable
4977,0.1777575985695653,-0.0435723340513161,0.5175461309975176,-0.5041427217350017,0.9218754628768516,0.3101511903999981,0.0,0,0,0,0.10135103653807255,Highly Persuadable
3310,-0.4241692541718035,-0.2207155078706637,2.3619728273536027,-0.2452149535663961,-1.3237245133469744,0.0860471456149222,1.0,10,1,1,0.10211891068736582,Highly Persuadable
2901,-0.5961483549550518,-0.7949037264575144,-1.3268805653585676,0.2596941943623846,-1.051014079801766,0.0987692092926778,0.0,0,1,0,-0.031015227058212833,Not Persuadable
2785,0.4357262497444378,-0.8193372676739762,-0.0972627677878441,1.0364774988682013,-1.3237245133469744,-0.7565449179656476,1.0,10,1,1,0.1194461056689012,Highly Persuadable
1197,-1.2840647580880449,0.1213540691598005,0.5175461309975176,0.8940672263754684,-0.7612592441599819,-2.622773797464076,1.0,0,1,0,-0.046259560153736334,Not Persuadable
621,-0.4241692541718035,2.094362522389085,1.1323550297828793,-0.6465529942277348,-0.4288934032767591,-0.6528111679777956,0.0,10,0,1,-0.006380839617441625,Not Persuadable
1565,-0.9401065565215484,0.6711087465301895,0.5175461309975176,0.8163888959248867,-0.4587211069457663,0.7935896101547042,0.0,20,1,1,0.04605289275755547,Persuadable
2895,-0.682137905346676,1.159779570859424,1.1323550297828793,0.5704075161647112,0.4105433999795856,0.2993863672880513,0.0,5,0,1,-0.016627955220904336,Not Persuadable
1190,-0.1662006029969311,-0.3123412874323952,-0.0972627677878441,1.774421638148727,0.7812591455801035,1.3915266030092084,0.0,15,0,1,0.007714840670352496,Persuadable
329,-1.1980752076964207,-0.1290897283089322,1.7471639285682412,-0.9184271508047708,1.8124454724229229,1.4512224402663685,1.0,0,0,0,-0.01835638408324312,Not Persuadable
649,0.1777575985695653,-1.3874171009567111,-0.0972627677878441,-0.2452149535663961,-1.1831081960502263,-0.9914137858626704,1.0,0,1,0,0.04838841872931693,Persuadable
898,-0.8541170061299242,1.0925873325141544,0.5175461309975176,1.1659413829525045,-0.3905434985594642,1.457094161963794,1.0,15,1,1,0.09324998852419142,Persuadable
1490,0.1777575985695653,-0.6299773232463978,-0.712071666573206,1.0105847220513406,0.7684758440076718,0.3003649875709561,1.0,20,0,1,0.012836726461443434,Persuadable
1124,-0.2521901533885552,-0.3856419110817804,0.5175461309975176,-1.306818803057679,0.580987420945341,-0.7389297528733709,0.0,20,1,1,0.2146604347485519,Highly Persuadable
1919,-0.3381797037801794,-0.4894844612517428,2.9767817261389644,0.3503189132213966,2.0894170064922752,0.5557848814089685,1.0,0,0,0,0.009534881242667182,Persuadable
4654,-0.4241692541718035,0.4206649490614567,-0.712071666573206,-1.306818803057679,-1.0041419740361832,0.0077575229825814,0.0,15,0,1,0.009542521742180142,Persuadable
4387,-0.2521901533885552,0.1030289132474542,-0.712071666573206,0.4797827973056995,0.7684758440076718,0.70551378469332,0.0,15,1,1,-0.07167773841948191,Not Persuadable
1420,0.0057784977863171,-0.098547801788355,1.1323550297828793,-1.306818803057679,-1.0041419740361832,-0.2545127128357607,1.0,30,0,1,0.018956425044982027,Persuadable
3817,-0.080211052605307,-0.1351981136130476,1.1323550297828793,-0.607713829002444,0.5255931141314705,-1.348610189122726,0.0,0,1,0,-0.02349994310821186,Not Persuadable
2589,0.3497366993528136,-0.929288203148054,-0.712071666573206,-0.6853921594530257,1.957322890243815,0.9433185134390564,0.0,30,1,1,-0.05162914517701468,Not Persuadable
4716,1.7255695056187998,1.611800083363966,1.7471639285682412,1.5154938699801217,2.063850403347412,1.2192894332180575,0.0,0,1,0,0.007406327849307228,Persuadable
3270,-0.8541170061299242,0.1702211515927239,-0.712071666573206,-0.5947674405940137,-0.9998808735120394,1.2114604709548238,1.0,0,1,0,-0.046169108129609324,Not Persuadable
3695,1.295621753660679,1.3735730565034645,0.5175461309975176,0.2208550291370937,0.7216037382420891,0.9433185134390564,0.0,20,0,1,-0.11949141531945676,Not Persuadable
2078,0.0917680481779412,-0.2756909756077026,-0.0972627677878441,-0.7371777130867467,0.5042876115107511,-1.2967433141288005,1.0,20,0,1,0.026807822884325247,Persuadable
1024,0.607705350527686,0.848251920349537,1.7471639285682412,1.7873680265571574,1.5354739383535705,0.4500938908553076,1.0,30,1,1,0.15549923952154665,Highly Persuadable
3008,1.1236426528774308,-0.1840651960459711,0.5175461309975176,-0.2711077303832567,-0.2541882817868599,-0.3768402481987935,0.0,0,0,0,0.04649721428192373,Persuadable
2407,0.2637471489611895,-1.6195357425130978,-1.3268805653585676,-0.1157510694820934,-0.1391385676349751,-0.8935517575722441,0.0,10,0,1,-0.039882816110633115,Not Persuadable
1627,-1.8859916108294137,-0.4894844612517428,-1.3268805653585676,-1.125569365339655,-0.0922664618693924,-0.4795953779037415,0.0,0,0,0,-0.03285574975832653,Not Persuadable
4295,0.0917680481779412,-0.9964804414933236,-0.712071666573206,0.8034425075164564,-0.2243605781178527,-1.2204109320622678,0.0,10,1,1,0.14440374083961927,Highly Persuadable
2949,0.7796844513109343,-0.0069220222266235,1.1323550297828793,0.4021044668551178,1.3479855152912397,-0.5617994816676992,0.0,0,0,0,0.2298435083002763,Highly Persuadable
810,0.2637471489611895,-0.8132288823698607,-0.712071666573206,0.5056755741225601,-0.0666998587245291,-0.2202610029341114,1.0,0,1,0,-0.04243709163188218,Not Persuadable
2866,-1.2840647580880449,-0.6971695615916675,-1.3268805653585676,-0.9054807623963405,-0.6291651279115216,0.5616566031063936,1.0,0,0,0,0.011094631533323029,Persuadable
979,-1.4560438588712932,-1.2469242389620565,1.7471639285682412,-1.0996765885227946,0.5341153151797583,-2.392798030981574,1.0,10,0,1,-0.09076819171892775,Not Persuadable
4522,0.3497366993528136,-0.1779568107418557,-0.0972627677878441,1.981563852683612,0.7386481403386645,-0.8495138448415525,0.0,0,0,0,0.1561408582650678,Highly Persuadable
2706,-0.1662006029969311,-0.4772676906435119,-0.0972627677878441,0.0266592030106395,-0.9231810640774496,-0.6068160146812953,0.0,0,0,0,0.11785185520593633,Highly Persuadable
3263,0.3497366993528136,0.115245683855685,-0.712071666573206,-0.7630704899036073,1.5780849435950093,0.7182358483710757,0.0,0,0,0,0.019395070870254476,Persuadable
4449,1.4676008544439274,-0.0435723340513161,-0.712071666573206,-1.306818803057679,0.0440887549032118,0.2710063790838278,0.0,5,0,1,0.023518084125035338,Persuadable
2789,-0.5961483549550518,-0.6177605526381669,-0.712071666573206,-0.0380727390315116,-0.1604440702556945,-1.5237832197625891,0.0,0,0,0,0.10402615197431701,Highly Persuadable
4158,1.3816113040523033,2.2104218431672784,0.5175461309975176,1.8779927454161691,-1.268330206533104,1.9943566972782336,0.0,0,0,0,0.2146466442550431,Highly Persuadable
1514,-1.8859916108294137,-1.08199783575094,-0.0972627677878441,-0.2711077303832567,0.7727369445318156,0.6673475936600545,1.0,25,0,1,-0.046646203716029636,Not Persuadable
3479,1.209632203269055,-0.5933270114217052,0.5175461309975176,-0.6206602174108743,0.615076225138492,-0.4443650477191881,0.0,0,0,0,0.016082369459784224,Persuadable
2043,1.983538156793672,-1.0025888267974392,-0.712071666573206,-0.607713829002444,0.6022929235660603,-1.1029764981137564,1.0,0,0,0,-0.018278575553333003,Not Persuadable
175,-1.2840647580880449,1.2330801945088092,-0.0972627677878441,-1.047891034889073,0.8579589550146933,0.5264262729218402,1.0,0,0,0,0.009058205036051016,Persuadable
3291,-0.2521901533885552,-0.3184496727365106,1.1323550297828793,-0.5688746637771531,0.866481156062981,0.6017800347054687,0.0,0,0,0,0.013840209338466683,Persuadable
1989,-0.8541170061299242,-1.045347523926247,-1.3268805653585676,-0.5170891101434321,-0.9189199635533056,-0.6254098000564764,1.0,0,1,0,0.14367014639617534,Highly Persuadable
1504,0.3497366993528136,0.8543603056536524,-0.712071666573206,-1.1514621421565157,0.0398276543790679,1.1292563671908662,0.0,0,1,0,-0.08378841565730254,Not Persuadable
4472,-0.7681274557383001,-1.3507667891320188,-0.712071666573206,-0.4005716144675594,0.2912325853035569,-1.971991309332741,0.0,10,0,1,-0.04811415501801537,Not Persuadable
218,1.3816113040523033,1.764509715966852,1.1323550297828793,-1.306818803057679,0.8110868492491106,0.7250861903514055,1.0,0,0,0,0.08619209564105038,Persuadable
3933,0.3497366993528136,-0.7521450293287064,-0.712071666573206,0.1561230870949425,2.093678107016419,-0.2134106609537815,0.0,0,1,0,-0.01184731160211112,Not Persuadable
3739,-0.682137905346676,-0.8682043501068997,-0.712071666573206,-0.0769119042568025,1.11788608698747,-1.1783302598973844,1.0,20,0,1,0.01178044597470901,Persuadable
691,0.3497366993528136,1.8194851837038908,-0.0972627677878441,-0.5818210521855834,0.7684758440076718,1.6694547633540184,0.0,20,1,1,-0.02445669827146755,Not Persuadable
2593,0.5217158001360619,0.3534727107161869,0.5175461309975176,-0.3358396724254082,1.3820743194843907,1.3249804237717189,1.0,0,1,0,-0.006390007806961075,Not Persuadable
3801,-0.3381797037801794,0.5183991139273036,-0.0972627677878441,-0.1804830115242448,-1.0254474766569026,-0.1155486326633553,0.0,20,1,1,0.08195454423917055,Persuadable
3474,0.607705350527686,1.6606671657968897,-0.712071666573206,-1.009051869663783,0.5213320136073266,2.030565647745692,0.0,30,0,1,-0.016466586290438335,Not Persuadable
1107,-1.370054308479669,-0.9353965884521694,-0.712071666573206,-1.306818803057679,0.4020211989312979,-1.6529610971059518,0.0,0,0,0,-0.09905723573476159,Not Persuadable
1551,-1.6280229596545417,-0.8193372676739762,-1.3268805653585676,1.0882630525019223,-1.3237245133469744,1.5344051643132308,1.0,0,0,0,-0.05762159876590504,Not Persuadable
2442,0.607705350527686,-0.1046561870924705,-1.3268805653585676,-1.306818803057679,-1.0552751803259095,-1.2487909202664913,0.0,0,0,0,0.038732269886378935,Persuadable
1552,-0.7681274557383001,-1.3935254862608268,-0.712071666573206,0.4797827973056995,-0.0198277529589464,-1.1636509556538206,1.0,0,1,0,0.13035382314494992,Highly Persuadable
612,0.2637471489611895,-0.5200263877723199,1.1323550297828793,-1.306818803057679,-1.0339696777051903,-0.7712242222092114,1.0,0,0,0,0.12104135344877667,Highly Persuadable
3257,-0.682137905346676,0.1702211515927239,-0.0972627677878441,-0.750124101495177,-0.2754937844075794,0.1760802116421145,0.0,0,0,0,0.16025223586740994,Highly Persuadable
3730,0.2637471489611895,-0.972046900276862,-1.3268805653585676,0.5704075161647112,-1.272591307057248,-0.3259519934877723,1.0,0,1,0,0.08132113267255602,Persuadable
577,1.3816113040523033,1.0437202500812308,0.5175461309975176,0.8811208379670382,1.76557336665734,-0.4257712623440066,0.0,5,1,1,0.16423032675406082,Highly Persuadable
2079,-1.8859916108294137,-1.79057053102833,-0.712071666573206,-0.6206602174108743,0.5724652198970532,-1.7087424532314948,0.0,0,0,0,0.020971953289153123,Persuadable
4446,-1.1120856573047966,-0.0802226458760087,-0.712071666573206,-0.8795879855794798,-0.2328827791661405,-1.7410369225673352,0.0,5,1,1,-0.05176338730700338,Not Persuadable
1181,-1.370054308479669,-0.6666276350710904,-0.712071666573206,-0.840748820354189,-0.5183765142837806,-0.7966683495647223,1.0,10,0,1,0.02481473322704777,Persuadable
889,-1.8859916108294137,-0.1290897283089322,-0.0972627677878441,1.489601093163261,-0.8038702494014207,-1.357417771668865,0.0,15,1,1,0.06823773666813841,Persuadable
3144,0.2637471489611895,1.0131783235606535,-1.3268805653585676,1.5672794236138428,0.0440887549032118,1.1507860134147598,0.0,0,0,0,0.02615983854300169,Persuadable
3925,0.0057784977863171,-1.08199783575094,-0.0972627677878441,-1.306818803057679,-0.4587211069457663,-2.034623007438614,0.0,0,0,0,0.024231894194965423,Persuadable
2679,-1.8000020604377898,-1.2774661654826336,-0.0972627677878441,-0.4653035565097109,-1.3237245133469744,-2.3624608022115416,0.0,0,0,0,0.0009552121425196263,Persuadable
818,0.2637471489611895,-0.1290897283089322,-0.712071666573206,-1.1903013073818065,0.8366534523939739,-0.3885836915936451,1.0,0,1,0,-0.037461389485423505,Not Persuadable
3293,-0.5101588045634277,-0.6544108644628595,0.5175461309975176,-1.306818803057679,-0.0070444513865147,-0.507975366107965,0.0,15,0,1,0.09697613825047387,Persuadable
1887,-1.1120856573047966,-0.6849527909834366,-0.0972627677878441,-1.2679796378323882,-0.1689662713039823,-0.3220375123561553,1.0,30,1,1,0.029678972744151117,Persuadable
209,-0.9401065565215484,-0.8437708088904379,-0.712071666573206,-0.9443199276216312,-0.90187556145673,-0.6185594580761465,1.0,0,1,0,0.13184173706238284,Highly Persuadable
294,-1.8859916108294137,1.2697305063335018,-1.3268805653585676,0.7128177886574444,-1.3237245133469744,-0.3416099180142402,1.0,15,0,1,-0.0584397858036082,Not Persuadable
1120,-1.0260961069131724,-0.929288203148054,-0.712071666573206,-1.306818803057679,-1.3109412117745427,-0.1488217222821006,0.0,25,0,1,-0.04025950556466217,Not Persuadable
2229,2.2415068079685447,0.2374133899379937,-1.3268805653585676,0.1561230870949425,-0.6589928315805288,0.307215329551286,0.0,0,0,0,-0.00334039744295247,Not Persuadable
2252,-0.080211052605307,-0.4894844612517428,-0.712071666573206,-0.2322685651579658,0.2102716753448232,-0.4795953779037415,1.0,20,0,1,-0.09337484383407356,Not Persuadable
1265,-0.080211052605307,-0.0069220222266235,0.5175461309975176,-0.0769119042568025,-0.7697814452082697,0.4177994215194671,1.0,0,1,0,0.0013201140758936688,Persuadable
991,0.8656740017025585,-1.534018348255482,1.7471639285682412,0.233801417545524,-1.3237245133469744,-0.1997099769931225,0.0,0,0,0,0.06894496252288837,Persuadable
4294,1.295621753660679,-0.8682043501068997,-1.3268805653585676,-1.306818803057679,-0.2030550754971333,-1.846727913120996,0.0,0,0,0,-0.06323890012561721,Not Persuadable
1533,1.0376531024858069,1.5568246156269272,-0.712071666573206,-1.306818803057679,0.325321389496708,0.4481366502894995,1.0,0,1,0,-0.05566732929198264,Not Persuadable
354,0.8656740017025585,-0.3428832139529724,-0.0972627677878441,1.619064977247564,-1.191630397098514,0.0586457776936027,0.0,0,0,0,0.16676300371616393,Highly Persuadable
1879,1.4676008544439274,0.7138674436589975,1.1323550297828793,-1.306818803057679,-0.5268987153320684,0.9863778058868438,1.0,0,0,0,0.081838233898879,Persuadable
3657,-0.2521901533885552,-1.1736236153126711,-0.0972627677878441,0.453890020488839,-1.3237245133469744,-1.311422618372364,0.0,0,0,0,0.079557878141375,Persuadable
4026,-1.0260961069131724,-1.50958480703902,0.5175461309975176,0.6869250118405839,-0.1220941655383996,-0.4228354014952937,1.0,0,0,0,0.14569231268288643,Highly Persuadable
2571,2.3274963583601687,-1.240815853657941,1.1323550297828793,1.0105847220513406,3.048164624424649,-1.7615879485083248,0.0,0,1,0,0.12202455382095825,Highly Persuadable
3064,0.1777575985695653,0.5733745816643425,1.1323550297828793,0.648085846615293,1.8593175781885056,1.2603914851000368,1.0,0,1,0,0.09853581369662222,Persuadable
1229,0.607705350527686,-0.3184496727365106,0.5175461309975176,1.3730835974873885,1.1477137906564774,-0.7174001066494768,1.0,10,1,1,0.10672654500226825,Highly Persuadable
260,-1.370054308479669,-0.4772676906435119,-0.712071666573206,0.6869250118405839,-0.7783036462565575,0.5812290087644791,1.0,10,1,1,0.039880334522236036,Persuadable
1542,0.8656740017025585,1.0070699382565382,0.5175461309975176,-1.306818803057679,0.3849767968347223,2.6568826288044187,0.0,0,0,0,0.08127657753384517,Persuadable
4804,1.0376531024858069,-1.2224906977455947,-0.0972627677878441,0.4927291857141298,0.10800526276537,-0.2946361444348359,1.0,0,1,0,-0.0419510064940071,Not Persuadable
4750,-1.8000020604377898,-0.5017012318599736,-0.0972627677878441,-0.1675366231158145,-0.3223658901731621,-0.2496196114212397,1.0,0,0,0,-0.060237036836064836,Not Persuadable
4842,-1.0260961069131724,-0.7582534146328218,0.5175461309975176,-0.2452149535663961,-0.467243307994054,-0.3572678425407087,0.0,0,0,0,0.011179756074710024,Persuadable
2597,1.295621753660679,0.6161332787931506,-0.0972627677878441,-0.7242313246783165,-1.3237245133469744,0.6467965677190649,0.0,0,0,0,0.0552436117021123,Persuadable
53,-1.4560438588712932,0.2618469311544554,-0.712071666573206,1.217726936586225,-1.315202312298687,-0.120441734077877,0.0,10,1,1,0.08508225212944638,Persuadable
2212,1.0376531024858069,-0.5322431583805508,0.5175461309975176,0.7904961191080262,-1.166063793953651,0.475538018210819,1.0,10,0,1,-0.010654374079451058,Not Persuadable
1868,0.6936949009193102,0.4634236461902647,0.5175461309975176,2.2404916208522176,-1.3237245133469744,1.8367988317306476,0.0,20,1,1,0.13668938857551086,Highly Persuadable
3572,0.7796844513109343,0.7871680673083827,0.5175461309975176,0.453890020488839,-0.5908152231942266,0.3218946337948498,1.0,25,1,1,0.05901586375195072,Persuadable
3654,0.7796844513109343,-0.7582534146328218,1.1323550297828793,1.8262071917824485,1.5056462346845634,-0.6224739392077635,1.0,15,0,1,0.09091399245128773,Persuadable
2803,0.8656740017025585,0.2801720870668017,-0.712071666573206,0.453890020488839,0.4148045005037296,-0.0098576421096951,1.0,0,0,0,0.05830663716108144,Persuadable
2898,0.0917680481779412,0.7566261407878055,-0.712071666573206,0.3503189132213966,1.518429536256995,1.098919138420834,1.0,0,1,0,0.013404295581556425,Persuadable
1480,1.7255695056187998,0.6161332787931506,0.5175461309975176,1.8779927454161691,0.6065540240902042,0.809247534681172,0.0,15,1,1,0.05193427059054488,Persuadable
1034,0.5217158001360619,0.5978081228808043,-0.0972627677878441,-0.9443199276216312,0.3679323947381469,-0.2388547883092929,0.0,0,1,0,-0.08851655536463034,Not Persuadable
1098,0.5217158001360619,-0.5261347730764354,-0.0972627677878441,0.3632653016298269,-0.0368721550555219,0.2445836314454131,1.0,0,1,0,-0.0158157043313126,Not Persuadable
1470,-1.8000020604377898,0.4267733343655721,-0.712071666573206,-1.306818803057679,-0.2286216786419966,0.1721657305104975,1.0,0,1,0,0.047959441922362386,Persuadable
544,-0.1662006029969311,-1.2041655418332484,-0.0972627677878441,1.3989763743042491,-1.3237245133469744,-2.496531780969426,1.0,0,0,0,0.13217063170835566,Highly Persuadable
1047,-0.5101588045634277,0.5367242698396499,-0.712071666573206,-1.306818803057679,0.0568720564756434,0.419756662085276,1.0,15,0,1,0.015279649979782763,Persuadable
1922,1.0376531024858069,-0.013030407530739,-0.0972627677878441,-0.6465529942277348,-0.970053169843032,0.7152999875223628,0.0,30,1,1,0.09726762808686722,Persuadable
1596,0.4357262497444378,-0.281799360911818,0.5175461309975176,-0.2193221767495355,-1.0680584818983414,0.2289257069189445,0.0,0,1,0,0.14115438339521333,Highly Persuadable
31,2.2415068079685447,2.1615547607343557,1.7471639285682412,0.2726405827708149,1.053969579125312,2.355467581669907,0.0,0,1,0,-0.026086130753029173,Not Persuadable
726,1.5535904048355516,0.9337693146071532,1.7471639285682412,-1.1126229769312248,1.99567279496111,1.069560529933706,1.0,0,0,0,0.054836487046669956,Persuadable
2451,-0.5101588045634277,-1.8699795399818304,-1.3268805653585676,0.1043375334612213,0.2741881832069814,-2.401605613527712,0.0,0,0,0,0.11191637311187434,Highly Persuadable
4529,-0.682137905346676,-0.1718484254377403,-1.3268805653585676,0.6739786234321535,0.1463551674826649,-0.4717664156405068,0.0,10,0,1,0.05693668886836084,Persuadable
3922,-0.3381797037801794,0.3779062519326487,0.5175461309975176,1.7485288613318666,-0.4885488106147734,-0.1693727482230902,0.0,15,0,1,0.003045609511672433,Persuadable
1427,0.8656740017025585,1.3002724328540791,-0.0972627677878441,2.7065616035557074,-0.4246323027526152,0.2103319215437638,0.0,25,1,1,0.07868063035480038,Persuadable
2513,0.2637471489611895,0.3901230225408795,0.5175461309975176,-1.2809260262408184,-1.3237245133469744,-0.5569063802531782,1.0,0,0,0,0.04749861111505143,Persuadable
437,-0.5101588045634277,-0.8071204970657453,-1.3268805653585676,-0.4653035565097109,-0.9615309687947444,0.1946739970172952,0.0,0,1,0,0.03619216961480636,Persuadable
4746,0.2637471489611895,0.9398776999112683,-0.0972627677878441,0.8163888959248867,-0.6675150326288165,0.1300850583456143,0.0,25,0,1,0.03071081546870905,Persuadable
913,0.607705350527686,0.8116016085248444,1.7471639285682412,-0.284054118791687,-0.2371438796902844,0.8356702823195875,1.0,0,1,0,-0.02410179820145355,Not Persuadable
4232,0.6936949009193102,0.438990104973803,1.7471639285682412,1.2047805481777951,1.1008416848908946,1.2300542563300052,0.0,10,1,1,0.11816131674514678,Highly Persuadable
4174,-0.7681274557383001,-0.8620959648027842,-0.712071666573206,-0.9831590928469222,-1.1106694871397802,-1.5590135499471425,0.0,10,1,1,0.054425931262494856,Persuadable
4523,-0.1662006029969311,0.3229307841956098,-0.0972627677878441,0.453890020488839,0.2741881832069814,-1.042302040573692,1.0,5,1,1,0.08288376458039402,Persuadable
4311,0.3497366993528136,0.2251966193297628,-1.3268805653585676,-1.2420868610155276,-0.0411332555796658,-0.2701706373622293,1.0,0,0,0,0.042768111504179425,Persuadable
2303,-1.8859916108294137,-1.4607177246060967,-1.3268805653585676,-0.7760168783120376,-0.1945328744488456,-2.158907783367455,1.0,0,0,0,-0.08674663672771164,Not Persuadable
2707,0.4357262497444378,1.80726841309566,1.1323550297828793,-0.141643846298954,-0.2797548849317232,1.8152691855067535,1.0,0,1,0,0.13469823740446538,Highly Persuadable
1239,0.607705350527686,-0.6666276350710904,-0.712071666573206,-0.6465529942277348,-0.6376873289598094,-0.4394719463046664,1.0,5,0,1,-0.00906533116868107,Not Persuadable
904,1.6395799552271757,0.9215525439989222,0.5175461309975176,-0.6724457710445954,-0.9103977625050178,-0.5970298118522526,0.0,0,0,0,0.06365830186887579,Persuadable
4244,-0.7681274557383001,0.3168223988914943,-1.3268805653585676,-1.0867302001143642,-1.046752979277622,1.0636888082362803,0.0,0,0,0,-0.027556212470451164,Not Persuadable
3160,-0.682137905346676,-0.5383515436846662,1.1323550297828793,-1.2938724146492486,-0.8976144609325861,-1.3016364155433218,0.0,0,0,0,-0.05399484120226005,Not Persuadable
4005,1.4676008544439274,1.8011600277915445,-1.3268805653585676,0.6351394582068627,-0.8251757520221401,0.6008014144225646,1.0,30,0,1,-0.015536061264933057,Not Persuadable
508,0.4357262497444378,-0.9231798178439384,-1.3268805653585676,-1.306818803057679,-0.1987939749729894,-0.5706070642138379,0.0,0,0,0,0.07463806052715113,Persuadable
4511,-0.2521901533885552,0.1457876103762622,-0.712071666573206,-0.5818210521855834,0.5937707225177726,0.6008014144225646,0.0,10,1,1,0.02187291632983444,Persuadable
184,1.1236426528774308,3.2854976566915948,1.7471639285682412,-0.2581613419748264,0.0568720564756434,2.449415128828716,0.0,15,1,1,0.07295589705161605,Persuadable
4336,-0.8541170061299242,-1.8699795399818304,-0.712071666573206,-1.306818803057679,-0.6035985247666583,-1.068724788212107,0.0,0,0,0,-0.030998173201033867,Not Persuadable
1498,-1.1980752076964207,0.1824379222009548,0.5175461309975176,-0.9443199276216312,0.4787210083658877,0.1516147045695079,0.0,5,0,1,0.03264116092412592,Persuadable
3888,-0.4241692541718035,-0.7277114881122446,-0.0972627677878441,0.648085846615293,0.7599536429593841,-1.0354516985933622,0.0,0,1,0,0.08436173645420181,Persuadable
322,-0.1662006029969311,-1.4973680364307893,-1.3268805653585676,-1.306818803057679,1.7101790598434696,-1.1010192575479478,1.0,0,1,0,0.05712743985024679,Persuadable
2520,-1.8000020604377898,-1.8699795399818304,-1.3268805653585676,0.1043375334612213,0.0866997601446506,-1.1176558023573202,1.0,0,0,0,0.06620510985215163,Persuadable
1534,-1.1980752076964207,0.8299267644371907,0.5175461309975176,-0.0510191274399419,0.0227832522824923,0.7104068861078418,0.0,5,0,1,-0.009010109706577389,Not Persuadable
3814,-0.2521901533885552,0.3473643254120715,-0.712071666573206,-0.6724457710445954,-0.1732273718281262,0.4256283837827011,0.0,0,1,0,0.07438810165220455,Persuadable
2396,-1.1980752076964207,-0.5994353967258206,-0.0972627677878441,1.3212980438536677,-1.1319749897604996,0.2876429238932004,0.0,0,1,0,0.07314499982444264,Persuadable
2701,0.8656740017025585,-0.055789104659547,-0.712071666573206,2.0980813483594845,0.1122663632895139,-0.1184844935120682,1.0,20,1,1,0.03902528927637152,Persuadable
4626,0.4357262497444378,1.0559370206894618,1.1323550297828793,1.6967433076981455,1.953061789719671,0.5538276408431597,0.0,0,1,0,0.03428688333428365,Persuadable
2660,0.4357262497444378,0.4145565637573413,-0.0972627677878441,-0.8795879855794798,0.5000265109866072,-0.1811161916179411,1.0,15,0,1,-0.035480799132913084,Not Persuadable
4448,0.0057784977863171,-0.5322431583805508,-0.712071666573206,0.0654983682359304,-0.1348774671108312,0.2719849993667318,0.0,0,0,0,-0.006683195510385131,Not Persuadable
1147,0.5217158001360619,-0.2268238931747791,0.5175461309975176,1.1012094409103528,-1.302419010726255,-1.1088482198111818,1.0,0,0,0,0.15747386538731145,Highly Persuadable
4474,0.9516635520941824,1.4957407625857728,-1.3268805653585676,-1.2938724146492486,-0.2200994775937088,0.2788353413470618,0.0,15,0,1,0.03266236303995533,Persuadable
45,0.0917680481779412,-1.8699795399818304,-0.712071666573206,1.0364774988682013,-0.2456660807385721,-0.2603844345331865,0.0,0,0,0,0.11836200582535124,Highly Persuadable
2526,0.6936949009193102,1.6912090923174667,2.3619728273536027,0.2985333595876755,1.373552118436103,0.6771337964890966,1.0,15,1,1,0.02630414846901333,Persuadable
3467,1.3816113040523033,-0.013030407530739,1.7471639285682412,1.075316664093492,0.4659377067934561,0.5303407540534572,1.0,10,0,1,-0.024446569633327902,Not Persuadable
1850,0.6936949009193102,1.4957407625857728,-0.0972627677878441,0.3503189132213966,-0.4374156043250469,-0.1360996586043449,1.0,15,1,1,0.08583279153701567,Persuadable
1379,0.2637471489611895,0.4145565637573413,1.7471639285682412,0.8811208379670382,0.0185221517583485,0.5450200582970217,0.0,0,0,0,0.03935793131106668,Persuadable
4845,-0.080211052605307,-0.691061176287552,0.5175461309975176,1.528440258388552,0.2912325853035569,-1.48953150986094,1.0,10,1,1,0.20287426827694457,Highly Persuadable
3028,-1.370054308479669,0.1396792250721468,1.7471639285682412,1.0364774988682013,0.9517031665458588,0.3610394451110201,1.0,0,1,0,-0.009172407233202774,Not Persuadable
414,0.7796844513109343,1.2208634239005784,1.1323550297828793,-0.9702127044384918,0.798303547676679,0.2729636196496366,0.0,5,0,1,0.011116567767197818,Persuadable
2174,-1.2840647580880449,-1.1003229916632862,-0.712071666573206,1.5802258120222732,1.1775414943254845,0.424649763499797,1.0,15,0,1,0.027740932229450177,Persuadable
1408,0.6936949009193102,0.1030289132474542,-1.3268805653585676,-1.047891034889073,-0.2754937844075794,-0.5441843165754224,0.0,25,0,1,-0.05609847600716864,Not Persuadable
2125,0.0057784977863171,-0.0618974899636624,1.1323550297828793,-0.4911963333265715,-1.3237245133469744,0.1770588319250185,1.0,0,0,0,0.12751483192703889,Highly Persuadable
802,-1.1120856573047966,-1.8455459987653688,-0.712071666573206,-0.012179962214651,1.1391915896081894,-2.227411203170754,0.0,5,1,1,0.04190005095133926,Persuadable
1289,2.0695277071852964,1.0803705619059234,1.7471639285682412,0.4150508552635481,-0.7697814452082697,-0.3054009675467827,0.0,15,1,1,0.04379371448235765,Persuadable
2198,0.0057784977863171,-0.1840651960459711,0.5175461309975176,-0.2452149535663961,1.015619674408017,0.4911959427372868,0.0,0,1,0,0.01600763250836209,Persuadable
2458,-0.5961483549550518,-0.8376624235863225,-0.0972627677878441,-1.306818803057679,1.5738238430708655,-0.4884029604498795,0.0,0,1,0,0.08817246032742236,Persuadable
1722,-1.4560438588712932,0.2862804723709172,-0.712071666573206,0.3503189132213966,-1.3237245133469744,-0.1253348354923981,1.0,0,1,0,0.07483851025035716,Persuadable
2334,0.0057784977863171,1.7950516424874292,1.1323550297828793,0.0654983682359304,-0.2073161760212772,1.5118968978064324,1.0,20,1,1,0.12891581615317835,Highly Persuadable
257,0.4357262497444378,0.6466752053137277,0.5175461309975176,1.4119227627126794,-0.1348774671108312,-0.3690112859355596,1.0,0,1,0,0.08173544557129604,Persuadable
4540,0.6936949009193102,0.7016506730507667,-1.3268805653585676,-0.6983385478614559,-1.3237245133469744,-0.6400891043000402,0.0,0,0,0,0.0477384596582252,Persuadable
1715,-1.0260961069131724,-1.436284183389635,-1.3268805653585676,-1.306818803057679,0.5682041193729093,-2.047345071116369,0.0,0,0,0,-0.03406522766256078,Not Persuadable
1152,1.0376531024858069,-0.013030407530739,-1.3268805653585676,0.1690694755033727,0.1591384690550966,0.9452757540048646,1.0,0,1,0,-0.0858020286036264,Not Persuadable
2317,-0.2521901533885552,-1.2530326242661718,-0.0972627677878441,1.5543330352054123,0.5000265109866072,-1.1499502716931609,0.0,10,1,1,0.1861653900852251,Highly Persuadable
648,-1.8000020604377898,-1.6867279808583675,-1.3268805653585676,1.1529949945440738,0.0398276543790679,-1.833027229160336,1.0,15,0,1,0.03154736568413441,Persuadable
4495,0.3497366993528136,-1.3874171009567111,-1.3268805653585676,0.2079086407286636,1.6846124566986065,-1.404391545248269,0.0,20,0,1,0.022307486520108666,Persuadable
4245,0.2637471489611895,0.0969205279433387,-0.0972627677878441,-0.4523571681012805,0.5767263204211971,-0.8876800358748187,0.0,10,0,1,0.05742994318792073,Persuadable
4217,1.295621753660679,-0.6727360203752057,-0.0972627677878441,0.2596941943623846,0.938919864973427,-1.1479930311273523,1.0,15,1,1,0.015531130365612959,Persuadable
3787,-0.3381797037801794,1.3185975887664254,-0.0972627677878441,0.0525519798275001,0.5128098125590388,0.3698470276571581,1.0,20,1,1,0.0014617552834215004,Persuadable
1316,1.897548606402048,2.711309438104744,1.7471639285682412,1.5672794236138428,2.2683832285063183,2.0188222043508404,1.0,0,1,0,-0.01345272175384957,Not Persuadable
2030,-0.5101588045634277,0.1946546928091856,-0.0972627677878441,1.8003144149655876,1.3309411131946642,-0.6019229132667739,0.0,0,1,0,0.08925628647664437,Persuadable
3254,1.0376531024858069,1.7034258629256975,-0.0972627677878441,0.4021044668551178,-1.3237245133469744,1.92683189775784,1.0,5,1,1,0.05527306723481742,Persuadable
2481,1.897548606402048,1.80726841309566,1.7471639285682412,-0.4653035565097109,0.2912325853035569,0.5822076290473832,1.0,0,1,0,-0.05572555134149655,Not Persuadable
3728,0.6936949009193102,-0.2756909756077026,1.1323550297828793,0.324426136404536,1.910450784478232,-0.5343981137463797,1.0,20,0,1,0.054494149302011706,Persuadable
1351,-0.2521901533885552,0.2068714634174165,2.9767817261389644,2.3311163397112296,2.132028011733714,-0.2525554722699526,1.0,15,0,1,0.06906508579285034,Persuadable
2516,-0.5961483549550518,-0.4345089935147039,-0.712071666573206,1.295405267036807,-1.3237245133469744,0.0625602588252204,0.0,25,0,1,0.14250259765609374,Highly Persuadable
113,-0.5961483549550518,-0.3001245168241643,-1.3268805653585676,-0.0510191274399419,-1.3237245133469744,0.7975040912863212,1.0,0,0,0,0.023443367491556403,Persuadable
3149,1.811559056010424,1.2941640475499636,1.7471639285682412,1.6837969192897153,-1.1319749897604996,-0.1439286208675795,0.0,15,1,1,0.07792046215095119,Persuadable
264,-0.5961483549550518,0.1763295368968394,-0.0972627677878441,0.3632653016298269,0.2102716753448232,0.2964505064393384,0.0,0,1,0,0.022797492555610123,Persuadable
1394,0.5217158001360619,0.2313050046338783,-0.0972627677878441,-0.5429818869602926,-0.1263552660625435,1.0411805417294826,0.0,20,0,1,-0.07590638782537047,Not Persuadable
1906,-1.1980752076964207,0.0847037573351079,-0.0972627677878441,1.4637083163464004,-0.0880053613452485,1.14393567143443,0.0,0,0,0,0.04055274569331914,Persuadable
1187,-0.3381797037801794,0.0236199042939535,-0.0972627677878441,0.0007664261937791,0.3210602889725641,0.7417227351607782,1.0,5,0,1,-0.06554369978242573,Not Persuadable
2368,-0.4241692541718035,0.1946546928091856,0.5175461309975176,-0.840748820354189,-1.3237245133469744,-0.3856478307449322,1.0,0,0,0,0.05203101632915175,Persuadable
57,-0.2521901533885552,-0.3917502963858958,-0.0972627677878441,0.1172839218696516,0.6278595267109237,-0.119463113794973,1.0,0,0,0,-0.034461024619592266,Not Persuadable
1310,-0.3381797037801794,-1.50958480703902,-1.3268805653585676,-0.9961054812553524,-1.3237245133469744,-0.0930403661565576,0.0,20,0,1,0.035439869911541126,Persuadable
696,-0.7681274557383001,1.6179084686680816,0.5175461309975176,0.6739786234321535,0.4701988073176,0.7769530653453316,0.0,0,0,0,0.0816674975544437,Persuadable
4213,0.607705350527686,1.0803705619059234,-0.0972627677878441,-0.2711077303832567,-0.4757655090423418,0.7338937728975443,0.0,0,1,0,-0.08304673489096051,Not Persuadable
4763,0.3497366993528136,-0.0191387928348544,2.9767817261389644,1.5672794236138428,0.1591384690550966,-0.8534283259731694,0.0,25,1,1,0.12926668232198096,Highly Persuadable
1752,-0.5961483549550518,-0.4467257641229347,-0.0972627677878441,0.7128177886574444,-0.684559434725392,0.3267877352093708,0.0,0,1,0,0.05958274067411664,Persuadable
1925,-0.080211052605307,-0.0863310311801242,-1.3268805653585676,-1.306818803057679,-1.0936250850432048,0.7436799757265863,1.0,25,1,1,0.03552844752932115,Persuadable
4031,-1.2840647580880449,-0.6116521673340515,-0.0972627677878441,0.2985333595876755,1.4289464252499735,-0.5060181255421562,1.0,0,0,0,0.13630973528613619,Highly Persuadable
320,-1.1980752076964207,-0.3795335257776649,-0.0972627677878441,-0.8795879855794798,-0.2797548849317232,-1.4396218754328227,0.0,5,0,1,-0.06278392364709497,Not Persuadable
2338,0.8656740017025585,-0.5200263877723199,0.5175461309975176,0.4279972436719784,-0.4842877100906296,-0.705656663254626,0.0,30,1,1,0.0813401666406303,Persuadable
683,1.295621753660679,0.2801720870668017,0.5175461309975176,1.4507619279379702,0.5980318230419165,-0.6038801538325824,1.0,5,0,1,0.023681037796685504,Persuadable
2331,-0.9401065565215484,-0.422292222906473,-1.3268805653585676,-1.125569365339655,-1.3237245133469744,-0.7291435500443281,1.0,30,1,1,0.17905033328858813,Highly Persuadable
4697,0.7796844513109343,-0.0313555634430853,-0.712071666573206,-1.306818803057679,0.5468986167521899,-0.0411734911626316,1.0,25,0,1,-0.01335040507520198,Not Persuadable
3566,1.7255695056187998,0.0236199042939535,-1.3268805653585676,-0.4135180028759897,-0.7783036462565575,-0.9170386443619466,0.0,0,1,0,-0.0904684322226686,Not Persuadable
3524,-1.6280229596545417,-1.2285990830497102,-0.712071666573206,0.4797827973056995,0.7002982356213696,-0.4375147057388582,0.0,0,1,0,-0.03961146768736243,Not Persuadable
3857,-1.1980752076964207,-1.662294439641906,-0.712071666573206,-0.750124101495177,-1.2385025028640968,-2.2528553305262644,1.0,5,1,1,0.05352918876442972,Persuadable
287,0.2637471489611895,-0.7521450293287064,0.5175461309975176,0.0007664261937791,0.2102716753448232,-0.4061988566859218,1.0,0,1,0,-0.08000703097033988,Not Persuadable
2187,-0.080211052605307,-0.6238689379422823,-0.0972627677878441,1.43781553952954,-0.5482042179527878,-0.2691920170793245,0.0,20,1,1,0.20060514556961603,Highly Persuadable
4274,1.897548606402048,1.3247059740705407,1.1323550297828793,-0.1286974578905237,0.7599536429593841,-0.2789782199083673,0.0,0,1,0,-0.07576258090961047,Not Persuadable
3362,-1.8859916108294137,-1.2285990830497102,-1.3268805653585676,-0.5688746637771531,-0.9317032651257372,-1.0824254721727666,0.0,0,1,0,0.07900027653741888,Persuadable
1745,0.6936949009193102,0.8116016085248444,1.1323550297828793,0.3891580784466875,1.6675680546020308,-0.1292493166240151,1.0,5,1,1,0.1774999189381093,Highly Persuadable
1741,-0.4241692541718035,-1.479042880518443,-0.0972627677878441,-0.8795879855794798,2.647621175155124,-1.9514402833917517,1.0,0,1,0,0.07281169076975952,Persuadable
3516,-0.3381797037801794,-1.8699795399818304,0.5175461309975176,0.738710565474305,0.9346587644492832,-1.8398775711406656,1.0,30,0,1,0.11791004799113863,Highly Persuadable
1836,0.0917680481779412,0.0419450602062998,2.9767817261389644,3.327988247160361,-1.3237245133469744,0.1232347163652844,0.0,0,1,0,0.08303330957859695,Persuadable
2099,-1.8859916108294137,-1.112539762271517,-0.712071666573206,-1.306818803057679,-0.1945328744488456,-1.818347924916772,1.0,20,0,1,-0.08802456667624019,Not Persuadable
737,0.7796844513109343,0.7871680673083827,0.5175461309975176,0.1561230870949425,-0.4459378053733346,-0.2476623708554309,0.0,0,1,0,0.06687868508401917,Persuadable
3351,0.0917680481779412,0.2496301605462245,1.1323550297828793,0.6739786234321535,0.0270443528066362,-0.2271113449144413,0.0,0,0,0,0.12432337209576946,Highly Persuadable
337,-0.682137905346676,0.3717978666285332,-0.0972627677878441,0.6739786234321535,0.4616766062693123,-0.4052202364030171,0.0,10,1,1,0.0903639375622166,Persuadable
3502,1.3816113040523033,0.8604686909577679,-1.3268805653585676,1.191834159769365,-0.0539165571520974,0.484345600756957,0.0,0,1,0,-0.017768258178073978,Not Persuadable
4562,-0.7681274557383001,-0.562785084901128,-0.0972627677878441,-0.8795879855794798,0.0653942575239312,-1.1636509556538206,1.0,0,1,0,-0.03860781293388946,Not Persuadable
2657,0.2637471489611895,-0.8987462766274767,1.1323550297828793,0.5445147393478507,1.377813218960247,-0.3572678425407087,1.0,0,0,0,0.20304550101520022,Highly Persuadable
4415,-0.1662006029969311,1.7706181012709674,-1.3268805653585676,-1.306818803057679,1.4246853247258295,0.7378082540291613,1.0,15,1,1,0.009012326700052514,Persuadable
1072,-1.1120856573047966,-1.79057053102833,-1.3268805653585676,0.453890020488839,-0.2371438796902844,-0.7712242222092114,1.0,0,0,0,0.11051986970787069,Highly Persuadable
2306,-0.5101588045634277,-0.6727360203752057,-1.3268805653585676,-1.306818803057679,-0.1135719644901118,-0.6606401302410299,0.0,0,1,0,0.05007064143226965,Persuadable
1698,2.413485908751793,0.7566261407878055,-1.3268805653585676,-1.216194084198667,-0.1647051707798384,1.8984519095536163,0.0,25,1,1,0.09550155004342172,Persuadable
3593,1.897548606402048,1.0009615529524227,0.5175461309975176,0.9199600031923288,-0.5396820169045,0.5499131597115428,0.0,10,0,1,-0.08619299612784996,Not Persuadable
3634,-0.1662006029969311,0.8604686909577679,0.5175461309975176,0.4279972436719784,0.1506162680068088,0.0312444097722839,0.0,0,0,0,0.13068417733190751,Highly Persuadable
4123,-1.0260961069131724,-1.1186481475756325,-0.712071666573206,0.6351394582068627,0.2315771779655426,-1.291850212714279,1.0,0,0,0,0.14398194653635174,Highly Persuadable
4955,1.1236426528774308,-1.8699795399818304,1.1323550297828793,-0.1545902347073842,-0.4757655090423418,-0.6410677245829447,1.0,15,0,1,-0.03544939584388003,Not Persuadable
3382,0.3497366993528136,0.072486986726877,-0.0972627677878441,-1.306818803057679,-0.360715794890457,1.147850152566047,0.0,0,0,0,-0.016445417999273286,Not Persuadable
1489,0.3497366993528136,-0.5444599289887817,-0.0972627677878441,0.3891580784466875,-0.3351491917455937,-0.0088790218267911,0.0,0,1,0,-0.01920104387148064,Not Persuadable
499,-1.8859916108294137,-0.2940161315200489,-1.3268805653585676,-0.1157510694820934,0.8877866586837004,-0.9189958849277552,1.0,20,1,1,0.004005545626870116,Persuadable
4355,-1.0260961069131724,-1.466826109910212,-0.0972627677878441,2.0851349599510542,0.687514934048938,-0.4316429840414325,0.0,0,1,0,0.04714597126816458,Persuadable
3246,0.3497366993528136,-0.2207155078706637,0.5175461309975176,0.9070136147838987,0.2486215800621181,0.0762609427858794,0.0,0,0,0,0.12561939457645077,Highly Persuadable
2573,1.5535904048355516,0.2435217752421091,-1.3268805653585676,0.233801417545524,-0.4203712022284713,-0.877893833045776,1.0,5,0,1,-0.03603412725511122,Not Persuadable
2601,-0.5961483549550518,-0.0802226458760087,0.5175461309975176,-0.3876252260591293,1.1690192932771968,-0.1605651656769515,0.0,0,1,0,-0.05409492666468344,Not Persuadable
3289,-0.4241692541718035,-0.8254456529780916,1.7471639285682412,1.4507619279379702,2.5581380641481024,-1.5286763211771106,1.0,20,0,1,0.12642799637436472,Highly Persuadable
4423,-1.4560438588712932,-0.9476133590604002,-0.712071666573206,-0.3617324492422687,-1.191630397098514,0.0224368272261452,0.0,0,1,0,-0.0602318584640141,Not Persuadable
2146,-0.682137905346676,-0.7582534146328218,-1.3268805653585676,-1.306818803057679,-0.3181047896490181,-0.9522689745465,1.0,5,0,1,-0.06970226248089537,Not Persuadable
1611,0.2637471489611895,-1.8699795399818304,-0.0972627677878441,-0.5818210521855834,-0.6462095300080971,-1.2977219344117044,0.0,0,1,0,-0.041221292957900016,Not Persuadable
2352,0.607705350527686,0.1885463075050702,0.5175461309975176,-1.1126229769312248,-0.3181047896490181,0.7769530653453316,0.0,0,0,0,0.03515081115199025,Persuadable
4202,-1.8859916108294137,-1.833329228157138,-1.3268805653585676,-0.5041427217350017,-0.1561829697315506,-0.8955089981380526,1.0,20,0,1,0.024718046429280445,Persuadable
3249,0.8656740017025585,1.611800083363966,0.5175461309975176,-0.1157510694820934,1.2244136000910673,1.2848569921726436,0.0,15,1,1,0.10606689989833178,Highly Persuadable
1023,0.4357262497444378,0.0663786014227616,0.5175461309975176,0.091391145052791,0.1293107653860894,0.4168208012365631,1.0,10,1,1,0.06086237480319933,Persuadable
2298,-0.7681274557383001,-0.6238689379422823,1.1323550297828793,1.1400486061356436,-0.4715044085181979,0.0439664734500389,0.0,0,0,0,0.08581936118642819,Persuadable
4897,0.607705350527686,0.1702211515927239,-0.712071666573206,-0.5688746637771531,-1.2896357091538233,-0.6117091160958167,1.0,15,0,1,0.041569699047066797,Persuadable
2705,0.2637471489611895,0.2007630781133011,0.5175461309975176,-0.5300354985518623,-0.4246323027526152,0.4119276998220413,0.0,25,1,1,0.06843489884063883,Persuadable
3079,-1.2840647580880449,-0.0863310311801242,-0.0972627677878441,-0.6853921594530257,-1.3237245133469744,-1.0315372174617452,0.0,25,1,1,-0.02031495981645319,Not Persuadable
2046,-1.0260961069131724,-0.3978586816900113,-0.712071666573206,0.2855869711792452,-1.3237245133469744,-1.1890950830093312,0.0,10,1,1,0.06222087621276058,Persuadable
666,-1.7140125100461656,-0.9537217443645156,-0.712071666573206,-0.9572663160300616,-1.3237245133469744,-1.3358881254449706,0.0,0,1,0,0.06032192413711,Persuadable
3951,-0.7681274557383001,0.7932764526124981,-0.0972627677878441,0.0137128146022093,-1.3237245133469744,0.7828247870427574,0.0,0,1,0,-0.06695904732962114,Not Persuadable
2654,-0.8541170061299242,-0.5017012318599736,1.1323550297828793,1.91683191064146,-0.4288934032767591,-1.78801069614674,0.0,20,1,1,0.102512220448419,Highly Persuadable
1927,-0.5961483549550518,-1.546235118863713,1.1323550297828793,1.191834159769365,0.1974883737723915,-1.8418348117064745,0.0,15,1,1,0.10035423969076292,Highly Persuadable
4276,-0.4241692541718035,0.7871680673083827,0.5175461309975176,2.214598844035357,-1.3237245133469744,0.8660075110896192,0.0,30,0,1,0.12876464784033442,Highly Persuadable
2182,0.2637471489611895,0.4267733343655721,2.9767817261389644,0.6610322350237232,0.9346587644492832,-0.0607458968207171,0.0,10,1,1,0.1949492373882907,Highly Persuadable
1018,-0.2521901533885552,-1.5279099629513664,-0.712071666573206,-1.034944646480643,0.6108151246143482,0.100726449858486,0.0,20,0,1,0.07810684306801742,Persuadable
558,-1.0260961069131724,-0.0741142605718933,0.5175461309975176,0.1949622523202333,0.973008669166578,-0.4864457198840713,1.0,15,1,1,0.05482056154347216,Persuadable
2415,1.1236426528774308,-1.0636726798385934,0.5175461309975176,1.5543330352054123,-0.3351491917455937,-0.8152621349399031,1.0,25,1,1,0.15980023341654995,Highly Persuadable
1208,-0.9401065565215484,-1.1919487712250176,-0.712071666573206,-1.306818803057679,0.6022929235660603,0.3453815205845515,0.0,10,1,1,-0.04766135895374731,Not Persuadable
3868,1.7255695056187998,1.6606671657968897,-0.0972627677878441,-1.306818803057679,1.4246853247258295,0.3972483955784776,1.0,0,1,0,0.03171312153825287,Persuadable
2672,1.4676008544439274,1.8439187249203528,2.3619728273536027,0.7775497306995959,2.3109942337477576,1.5755072161952093,0.0,30,1,1,0.0777033563229387,Persuadable
4380,-1.370054308479669,-0.465050920035281,-0.712071666573206,1.2306733249946555,-1.2555469049606722,-1.0011999886917131,1.0,15,0,1,0.036933052111082484,Persuadable
1511,0.0917680481779412,-0.5688934702052434,-0.712071666573206,-0.1157510694820934,0.2699270826828375,-1.5257404603283975,1.0,0,1,0,-0.01803323501018994,Not Persuadable
4288,-0.682137905346676,-1.3018997066990954,-1.3268805653585676,-1.1903013073818065,-0.5268987153320684,0.7485730771411081,1.0,25,1,1,-0.013623979669273964,Not Persuadable
246,-1.2840647580880449,-0.5261347730764354,-0.0972627677878441,0.7128177886574444,-0.0581776576762413,-2.2577484319407857,1.0,20,1,1,0.18030378960541946,Highly Persuadable
1164,-1.542033409262917,-1.2224906977455947,-1.3268805653585676,-1.306818803057679,-0.612120725814946,-0.9777131019020108,0.0,0,1,0,0.11118175008601507,Highly Persuadable
4400,-1.2840647580880449,-0.6727360203752057,-1.3268805653585676,-1.306818803057679,-1.3237245133469744,0.867964751655428,0.0,0,1,0,-0.1865744369558729,Not Persuadable
267,0.1777575985695653,-1.3080080920032109,-0.712071666573206,-0.3358396724254082,-1.0211863761327586,-1.1734371584828631,1.0,0,1,0,-0.02088242857449638,Not Persuadable
3075,1.295621753660679,2.5891417320224352,0.5175461309975176,0.2855869711792452,0.4915043099383194,2.363296543933141,1.0,0,1,0,-0.0431274604763325,Not Persuadable
1115,0.0917680481779412,0.4328817196696876,-0.0972627677878441,2.123974125176345,0.6193373256626359,1.588229279872965,0.0,0,1,0,0.039742176073677075,Persuadable
64,0.607705350527686,0.0847037573351079,-0.0972627677878441,-1.2938724146492486,-0.8720478577877229,-0.7262076891956152,0.0,0,1,0,0.022253602416147947,Persuadable
2608,-0.1662006029969311,-1.1675152300085558,-0.0972627677878441,-0.5818210521855834,-0.8933533604084423,-0.1703513685059942,1.0,20,0,1,0.04736092066476327,Persuadable
4972,-1.4560438588712932,0.25573854585034,-0.712071666573206,0.0396055914190698,-0.0155666524348025,0.144764362589178,1.0,0,0,0,0.11595356604107929,Highly Persuadable
2979,-0.5961483549550518,0.3901230225408795,0.5175461309975176,0.8681744495586079,0.7769980450559595,0.5822076290473832,1.0,20,1,1,0.08426069716060054,Persuadable
3027,0.7796844513109343,1.2391885798129247,-0.712071666573206,-1.306818803057679,-0.9231810640774496,1.2936645747187825,1.0,20,0,1,-0.03390312887922303,Not Persuadable
3092,-0.682137905346676,3.3343647391245184,0.5175461309975176,-0.659499382636165,-0.970053169843032,2.6216522986198654,0.0,15,0,1,0.007094263053666862,Persuadable
3920,0.4357262497444378,-0.8010121117616299,-0.712071666573206,-1.073783811705934,-1.3237245133469744,-0.2887644227374101,0.0,20,0,1,0.03332869735573713,Persuadable
4352,-1.1980752076964207,-0.2329322784788946,-0.0972627677878441,0.1949622523202333,-1.012664175084471,-0.8093904132424776,1.0,0,1,0,0.028759263709422927,Persuadable
2275,0.1777575985695653,-0.8620959648027842,-0.712071666573206,-0.7889632667204678,1.4161631236775418,-1.1088482198111818,0.0,0,0,0,0.13009339407031467,Highly Persuadable
2578,-1.0260961069131724,-0.5444599289887817,-0.712071666573206,0.0784447566443607,0.1463551674826649,0.0635388791081244,0.0,20,0,1,-0.09367427323051149,Not Persuadable
3517,0.4357262497444378,-1.6195357425130978,0.5175461309975176,0.091391145052791,-1.3237245133469744,-1.2752136679049062,0.0,0,0,0,0.059964597943169835,Persuadable
1238,0.607705350527686,-0.917071432539823,-0.0972627677878441,-0.7630704899036073,1.088058383318463,-1.538462524006153,0.0,5,1,1,0.048407572207752485,Persuadable
104,0.7796844513109343,0.2496301605462245,1.7471639285682412,-0.0898582926652328,-0.2925381865041548,1.1126198223814936,0.0,20,0,1,0.02532275797074084,Persuadable
2659,-0.1662006029969311,-0.0680058752677779,-1.3268805653585676,-0.8019096551288981,-0.2967992870282988,-0.6381318637342317,1.0,0,0,0,-0.077734895104823,Not Persuadable
273,-0.080211052605307,-0.6238689379422823,-0.0972627677878441,-0.5559282753687228,0.7855202461042473,-0.9033379604012868,1.0,20,0,1,0.09858817149215238,Persuadable
509,-0.5961483549550518,-0.1535232695253939,-0.712071666573206,0.829335284333317,0.3807156963105785,-0.3680326656526556,1.0,20,1,1,0.0026371372890424656,Persuadable
4347,-0.9401065565215484,-1.185840385920902,0.5175461309975176,0.9717455568260498,0.2358382784896865,1.1165343035131106,0.0,25,1,1,-0.018021387927418822,Not Persuadable
4944,-0.7681274557383001,-1.3324416332196725,-0.0972627677878441,2.1110277367679147,-0.4587211069457663,-0.119463113794973,0.0,0,0,0,0.10237376822895213,Highly Persuadable
4075,-1.2840647580880449,-1.1797320006167866,-0.712071666573206,-0.1157510694820934,-1.3237245133469744,-0.5373339745950926,0.0,15,1,1,0.13785005640569692,Highly Persuadable
866,0.8656740017025585,-1.094214606359171,-0.712071666573206,0.1043375334612213,-1.3237245133469744,-1.05795996510016,1.0,20,1,1,0.07731111271979049,Persuadable
4198,-1.7140125100461656,0.6344584347054969,-0.0972627677878441,-1.306818803057679,-0.6462095300080971,1.36216799452208,0.0,0,1,0,-0.07703957444316623,Not Persuadable
909,0.0917680481779412,0.6833255171384203,-1.3268805653585676,-0.4653035565097109,0.2060105748206793,0.0938761078781561,0.0,20,1,1,0.10272643828979207,Highly Persuadable
3476,0.607705350527686,-1.210273927137364,0.5175461309975176,1.6967433076981455,-0.2030550754971333,0.1291064380627102,1.0,0,1,0,0.1418607449264556,Highly Persuadable
4110,0.0057784977863171,-0.1229813430048168,-0.0972627677878441,1.0364774988682013,2.059589302823268,0.5782931479157662,0.0,0,0,0,0.11310048992759854,Highly Persuadable
3915,-1.8859916108294137,0.0175115189898381,-1.3268805653585676,-0.5559282753687228,-0.7655203446841258,0.7583592799701508,1.0,0,0,0,0.10103379027909455,Highly Persuadable
1628,1.6395799552271757,0.5672661963602271,1.7471639285682412,1.0882630525019223,2.788237492451872,-0.9620551773755424,1.0,0,0,0,0.16992337214775444,Highly Persuadable
4973,1.0376531024858069,0.3473643254120715,-0.0972627677878441,-1.306818803057679,1.2840690074290817,0.868943371938332,1.0,20,1,1,-0.02127071294036375,Not Persuadable
1523,-0.2521901533885552,0.8421435350454216,0.5175461309975176,-0.1675366231158145,1.049708478601168,1.187973584165122,1.0,20,1,1,0.07416289364883988,Persuadable
836,-0.9401065565215484,-1.8699795399818304,-0.712071666573206,0.453890020488839,2.549615863099815,-0.7262076891956152,1.0,20,1,1,0.1696295181250701,Highly Persuadable
359,-0.8541170061299242,-0.831554038282207,-0.0972627677878441,1.2047805481777951,0.7002982356213696,-1.5325908023087276,1.0,0,1,0,0.08262578213991634,Persuadable
139,2.0695277071852964,0.481748802102611,2.9767817261389644,0.7128177886574444,1.663306954077887,1.470794845924453,1.0,20,1,1,0.1476572050774053,Highly Persuadable
300,0.3497366993528136,0.524507499231419,-1.3268805653585676,-1.306818803057679,1.5482572399260022,0.0087361432654855,0.0,20,1,1,0.046727089038036754,Persuadable
1557,-0.7681274557383001,0.1763295368968394,-0.712071666573206,-1.306818803057679,-1.3237245133469744,-0.8455993637099355,0.0,25,1,1,4.8465597592881054e-05,Persuadable
1004,0.6936949009193102,0.8849022321742296,0.5175461309975176,1.91683191064146,-1.315202312298687,2.0540525345353937,0.0,25,1,1,0.16974536588896735,Highly Persuadable
383,-1.6280229596545417,-1.436284183389635,-0.712071666573206,-1.0996765885227946,-0.6717761331529604,-1.8349844697261448,1.0,0,1,0,-0.1096740355292944,Not Persuadable
942,0.9516635520941824,-0.9048546619315924,-0.712071666573206,0.9976383336429104,-0.3649768954146009,-0.9336751891713188,1.0,15,0,1,-0.07084434300635868,Not Persuadable
4228,1.983538156793672,0.2190882340256474,2.3619728273536027,0.648085846615293,-0.0880053613452485,0.6683262139429585,1.0,10,1,1,0.038138040897615404,Persuadable
4553,-0.682137905346676,2.118796063605547,-0.0972627677878441,-0.9184271508047708,-0.8933533604084423,0.5538276408431597,0.0,0,1,0,-0.022230165727817795,Not Persuadable
762,0.6936949009193102,0.848251920349537,0.5175461309975176,-1.306818803057679,-0.3479324933180253,-0.930739328322606,1.0,25,1,1,0.12497181167088299,Highly Persuadable
1731,-0.080211052605307,0.7871680673083827,1.7471639285682412,-0.5300354985518623,2.681709979348275,0.7984827115692252,0.0,0,1,0,-0.028828876991335142,Not Persuadable
2824,-1.0260961069131724,0.9276609293030376,-0.0972627677878441,-0.1157510694820934,1.053969579125312,-0.4179423000807727,0.0,20,0,1,0.013635661835304288,Persuadable
4731,-0.1662006029969311,-0.8682043501068997,-0.712071666573206,-0.5559282753687228,0.1889661727241038,0.1594436668327418,1.0,30,1,1,0.025802683842848687,Persuadable
2102,-1.8000020604377898,-1.8699795399818304,1.1323550297828793,2.525312165837683,1.198846996946204,-1.176373019331576,1.0,20,0,1,-0.02714094573537599,Not Persuadable
4609,-1.1980752076964207,0.8238183791330753,-0.0972627677878441,-0.1028046810736631,0.2358382784896865,0.8983019804254603,0.0,0,1,0,-0.025127458937226965,Not Persuadable
899,0.5217158001360619,0.6405668200096123,2.3619728273536027,0.2208550291370937,2.5922268683412537,-0.2868071821716012,0.0,20,1,1,0.12090761020543007,Highly Persuadable
4018,1.0376531024858069,0.5672661963602271,0.5175461309975176,1.1012094409103528,-0.1348774671108312,0.2299043272018486,1.0,25,1,1,0.07140204776097665,Persuadable
3803,-0.2521901533885552,-0.3184496727365106,0.5175461309975176,0.4927291857141298,-0.0113055519106586,1.1615508365267069,1.0,25,1,1,0.06728924001088632,Persuadable
1403,-0.1662006029969311,-0.0741142605718933,1.7471639285682412,-0.1804830115242448,1.19458589642206,-0.7418656137220834,0.0,0,1,0,0.07252084470396855,Persuadable
2380,-0.080211052605307,-0.2879077462159335,-0.712071666573206,-0.9054807623963405,-1.3237245133469744,0.1134485135362416,0.0,20,0,1,0.09035648295611802,Persuadable
3804,0.3497366993528136,-0.1657400401336248,0.5175461309975176,-1.306818803057679,-1.3237245133469744,-0.1028265689856003,1.0,0,1,0,0.01359999429375503,Persuadable
4397,0.0917680481779412,2.3814566316825108,0.5175461309975176,-0.0769119042568025,-1.3237245133469744,1.0636888082362803,0.0,10,1,1,0.05234730750371264,Persuadable
2971,1.0376531024858069,0.5672661963602271,1.1323550297828793,-1.306818803057679,1.7996621708504912,-0.4414291868704752,1.0,0,0,0,0.12292719258708329,Highly Persuadable
1513,0.9516635520941824,0.8360351497413061,-0.712071666573206,0.3503189132213966,0.218793876393111,0.4040987375588074,0.0,20,1,1,0.024120646534646656,Persuadable
1189,0.607705350527686,1.8561354955285836,3.5915906249243266,2.39584828175338,0.7471703413869524,1.7829747161709133,0.0,5,1,1,0.010590995943414122,Persuadable
3771,-0.4241692541718035,-0.6299773232463978,1.1323550297828793,-0.4653035565097109,-0.9530087677464566,0.0292871692064751,0.0,0,1,0,0.05783389142108963,Persuadable
4929,1.5535904048355516,0.7566261407878055,-0.0972627677878441,2.965489371724313,-1.0339696777051903,0.6066731361199897,1.0,0,0,0,0.16296912295985808,Highly Persuadable
3895,0.6936949009193102,0.8665770762618833,1.7471639285682412,-0.4911963333265715,0.1889661727241038,-0.4150064392320598,0.0,20,0,1,-0.011547811558584063,Not Persuadable
3949,-0.080211052605307,-0.4406173788188193,1.1323550297828793,0.6869250118405839,-0.3734990964628886,-0.4228354014952937,0.0,25,0,1,0.12072778071235153,Highly Persuadable
109,0.8656740017025585,0.1763295368968394,-0.712071666573206,-1.306818803057679,-0.2200994775937088,1.1595935959608978,0.0,0,0,0,0.028442998721390465,Persuadable
2749,-0.1662006029969311,-1.2896829360908646,-0.0972627677878441,-1.1514621421565157,-0.9317032651257372,0.1809733130566355,0.0,0,0,0,0.08836892657319048,Persuadable
2324,0.0057784977863171,0.75051775548369,-0.712071666573206,-1.306818803057679,-1.3237245133469744,0.2641560371034979,0.0,20,0,1,0.048774316715419354,Persuadable
3504,-1.1980752076964207,-1.8699795399818304,-0.0972627677878441,-1.306818803057679,-1.3237245133469744,-1.6842769461588882,0.0,0,0,0,0.07908357550214709,Persuadable
59,-0.8541170061299242,-0.3734251404735496,-0.712071666573206,0.9199600031923288,-0.9870975719396076,-0.3934767930081662,0.0,25,1,1,0.0960416484654471,Persuadable
77,-0.4241692541718035,0.1518959956803776,-1.3268805653585676,1.8262071917824485,-0.3649768954146009,0.1917381361685823,1.0,5,0,1,0.07948791036985935,Persuadable
797,1.0376531024858069,2.58303334671832,0.5175461309975176,0.1431766986865122,-1.0765806829466291,1.1625294568096107,0.0,10,0,1,-0.006184014937358103,Not Persuadable
369,0.1777575985695653,0.0785953720309924,2.3619728273536027,0.9976383336429104,0.3892378973588662,-0.292678903869027,0.0,0,0,0,0.03657180420610249,Persuadable
4916,0.0917680481779412,-0.8682043501068997,-1.3268805653585676,-0.7242313246783165,-0.6078596252908022,-0.9630337976584468,1.0,25,0,1,-0.05625558000226305,Not Persuadable
786,0.2637471489611895,1.7339677894462748,1.7471639285682412,3.975307667581874,0.6363817277592114,1.181123242184792,1.0,30,0,1,-0.014923503073985017,Not Persuadable
2104,0.7796844513109343,1.3185975887664254,-1.3268805653585676,0.51862196253099,1.8934063823816567,0.5822076290473832,1.0,15,1,1,0.0682210849534816,Persuadable
4392,1.295621753660679,3.0839209416557853,1.1323550297828793,2.253438009260648,-1.166063793953651,1.5001534544115815,1.0,10,1,1,0.2219381874237019,Highly Persuadable
2035,0.0917680481779412,-0.3917502963858958,1.1323550297828793,0.1690694755033727,0.2614048816345498,0.037116131469709,0.0,25,0,1,-0.07481553148863831,Not Persuadable
2124,0.0917680481779412,0.3534727107161869,-0.712071666573206,0.4021044668551178,-0.6802983342012482,0.6810482776207135,1.0,5,0,1,-0.023502010264330405,Not Persuadable
3779,-0.080211052605307,0.2190882340256474,-0.712071666573206,-1.306818803057679,1.0667528806977435,-0.3191016515074424,1.0,5,0,1,-0.03739911175443622,Not Persuadable
2414,-1.4560438588712932,0.1091372985515696,-0.0972627677878441,0.6610322350237232,-0.5950763237183705,1.140021190302813,1.0,0,1,0,-0.032549200716521204,Not Persuadable
1729,0.0917680481779412,1.709534248229813,1.7471639285682412,0.3632653016298269,-0.105049763441824,2.716578466061579,0.0,10,1,1,0.11406934728724993,Highly Persuadable
122,0.1777575985695653,-1.2285990830497102,0.5175461309975176,1.7226360845150064,2.711537683017282,-1.6216452480530157,0.0,0,1,0,0.10787953226561678,Highly Persuadable
1871,0.8656740017025585,0.3168223988914943,-0.0972627677878441,-0.4005716144675594,1.561040541498434,0.8190337375102148,1.0,15,1,1,0.04333554395286352,Persuadable
2385,0.6936949009193102,1.3308143593746562,0.5175461309975176,-1.2032476957902367,0.9900530712631536,1.5627851525174543,1.0,0,0,0,0.02334850303404,Persuadable
3661,0.0057784977863171,-0.3489915992570878,-0.0972627677878441,-0.2193221767495355,0.2400993790138303,-0.2897430430203142,1.0,10,0,1,-0.05346538053048532,Not Persuadable
911,-0.7681274557383001,1.0925873325141544,-0.0972627677878441,0.3891580784466875,1.2073691979944916,0.988335046452652,1.0,20,1,1,0.07319887089356603,Persuadable
125,0.8656740017025585,-0.055789104659547,0.5175461309975176,-1.047891034889073,0.2699270826828375,0.2201181243728066,1.0,5,1,1,0.06470468556890137,Persuadable
4478,-0.5101588045634277,-0.6238689379422823,0.5175461309975176,-0.2452149535663961,-0.0581776576762413,1.7751457539076794,1.0,20,0,1,-0.015826456958489322,Not Persuadable
1587,-1.8859916108294137,-0.1779568107418557,-0.712071666573206,-0.5300354985518623,0.7855202461042473,0.4902173224543827,0.0,0,0,0,0.07730192025365634,Persuadable
1258,0.0057784977863171,-0.0008136369225081,-0.0972627677878441,0.6610322350237232,0.431848902600305,0.2250112257873276,0.0,25,1,1,0.013808577490029833,Persuadable
3457,0.2637471489611895,0.7993848379166135,0.5175461309975176,1.295405267036807,-1.3237245133469744,1.6684761430711144,0.0,25,0,1,0.06188516732552371,Persuadable
3497,1.0376531024858069,1.4041149830240414,-0.0972627677878441,0.453890020488839,-0.974314270367176,-0.5138470878053901,1.0,30,0,1,0.10053670190976056,Highly Persuadable
3399,-1.8859916108294137,-1.8699795399818304,-0.0972627677878441,0.4668364088972692,-1.3237245133469744,-0.9933710264284789,1.0,0,1,0,0.05552353380542449,Persuadable
1179,0.3497366993528136,-1.8699795399818304,-0.712071666573206,-0.0769119042568025,-1.3237245133469744,-0.6567256491094129,1.0,0,1,0,0.04240763536880727,Persuadable
2856,1.6395799552271757,0.1213540691598005,3.5915906249243266,1.5025474815716913,1.7826177687539158,0.0214582069432412,0.0,20,1,1,0.10082913375770049,Highly Persuadable
3486,1.1236426528774308,1.7156426335339283,-1.3268805653585676,-0.5170891101434321,0.2400993790138303,1.8837726053100523,0.0,0,1,0,-0.020608273817070113,Not Persuadable
4589,-1.7140125100461656,-0.8193372676739762,-0.0972627677878441,-0.7760168783120376,-1.0254474766569026,-2.3008077243885734,0.0,20,1,1,-0.021291656339580314,Not Persuadable
2119,0.2637471489611895,-0.2146071225665483,1.1323550297828793,-0.2452149535663961,-0.3181047896490181,-0.4952533024302094,0.0,0,1,0,0.07154814203175676,Persuadable
443,0.3497366993528136,0.8238183791330753,1.1323550297828793,1.3860299858958187,1.957322890243815,0.2230539852215187,0.0,20,1,1,0.24797682785586309,Highly Persuadable
3101,-1.0260961069131724,0.6161332787931506,-0.0972627677878441,-1.306818803057679,-1.0893639845190608,0.59297245215933,1.0,5,0,1,-0.029638700623896355,Not Persuadable
2887,0.5217158001360619,-0.3184496727365106,0.5175461309975176,0.738710565474305,-1.046752979277622,-0.4424078071533793,1.0,20,1,1,0.16663651681257624,Highly Persuadable
926,1.983538156793672,0.0908121426392233,0.5175461309975176,1.0882630525019223,-0.3990656996077519,1.152743253980568,1.0,10,1,1,0.0479920962262233,Persuadable
2348,-0.682137905346676,-0.6727360203752057,-0.0972627677878441,-1.306818803057679,-1.3237245133469744,-0.4404505665875705,0.0,20,1,1,0.08789405159047167,Persuadable
2375,-0.3381797037801794,-0.3734251404735496,-0.0972627677878441,-0.6336066058193045,-0.0965275623935363,-0.2124320406708775,0.0,0,0,0,0.08716012987248026,Persuadable
4781,-0.3381797037801794,-0.2940161315200489,1.1323550297828793,-0.0639655158483722,1.369291017911959,-1.2243254131938848,0.0,5,1,1,0.13437511295120855,Highly Persuadable
1412,2.3274963583601687,1.2086466532923474,0.5175461309975176,-1.306818803057679,0.2784492837311253,1.36216799452208,0.0,15,1,1,0.015805029550727392,Persuadable
3483,1.0376531024858069,0.6772171318343049,1.7471639285682412,-0.5170891101434321,0.9857919707390098,1.0705391502166102,1.0,0,0,0,0.01611526916930614,Persuadable
3023,0.4357262497444378,0.8849022321742296,2.9767817261389644,-0.1028046810736631,-0.8294368525462841,0.3189587729461369,1.0,15,1,1,0.09880356175262875,Persuadable
1510,0.1777575985695653,0.438990104973803,-0.0972627677878441,1.2047805481777951,-0.3138436891248743,-0.2241754840657291,0.0,25,1,1,0.08431354320425666,Persuadable
1228,-0.5961483549550518,0.5061823433190727,-0.712071666573206,-1.306818803057679,-1.0211863761327586,0.2377332894650832,1.0,0,0,0,-0.018704929889327468,Not Persuadable
3619,0.3497366993528136,0.212979848721532,0.5175461309975176,-0.0510191274399419,-0.2797548849317232,-0.6547684085436041,1.0,0,0,0,0.10962971098819854,Highly Persuadable
2371,-1.1120856573047966,-0.013030407530739,0.5175461309975176,-0.1545902347073842,-0.8805700588360106,0.6507110488506819,1.0,0,1,0,0.019954446604983175,Persuadable
3529,-1.542033409262917,-0.9598301296686312,-0.712071666573206,1.7485288613318666,0.1378329664343772,0.0537526762790817,0.0,25,1,1,0.05430722803845084,Persuadable
2165,0.607705350527686,0.3046056282832635,0.5175461309975176,0.5315683509394203,-0.3692379959387448,-0.9092096820987124,1.0,20,1,1,0.15951340988142282,Highly Persuadable
3296,0.607705350527686,-0.5139180024682045,0.5175461309975176,0.091391145052791,0.0483498554273556,-0.3191016515074424,1.0,15,1,1,-0.043766124212615685,Not Persuadable
325,1.897548606402048,0.945986085215384,-0.0972627677878441,-1.306818803057679,-0.1860106734005578,1.5666996336490713,0.0,10,1,1,0.14181627299567107,Highly Persuadable
3095,1.897548606402048,-0.2634742049994718,-0.712071666573206,0.4409436320804086,-1.3237245133469744,0.0234154475090493,0.0,0,0,0,0.04036776515705754,Persuadable
3272,-0.3381797037801794,0.2374133899379937,1.7471639285682412,1.7614752497402968,1.053969579125312,0.2181608838069977,1.0,25,1,1,0.0634653172726965,Persuadable
2037,-0.5101588045634277,0.2374133899379937,0.5175461309975176,1.360137209078958,-0.2200994775937088,-1.008050330672043,0.0,20,1,1,0.1114350671817555,Highly Persuadable
3314,0.1777575985695653,-0.6666276350710904,-0.0972627677878441,-1.0867302001143642,1.629218149884736,-0.1517575831308135,0.0,0,0,0,0.09170572271011057,Persuadable
3051,1.0376531024858069,0.8421435350454216,1.1323550297828793,-0.5688746637771531,2.5581380641481024,0.3502746219990733,0.0,0,1,0,0.12656083310922106,Highly Persuadable
1499,0.7796844513109343,0.7871680673083827,-0.712071666573206,-1.306818803057679,-0.7740425457324136,0.3277663554922749,1.0,0,0,0,0.061527328347448236,Persuadable
1503,1.3816113040523033,3.236630574258671,1.7471639285682412,0.8811208379670382,1.7570511656090524,1.4385003765886126,0.0,0,0,0,0.140954739216977,Highly Persuadable
1007,0.6936949009193102,-0.5933270114217052,-0.712071666573206,0.7257641770658747,0.8025646482008228,0.2631774168205938,0.0,25,1,1,0.07971412347940908,Persuadable
2635,1.209632203269055,1.4651988360651955,0.5175461309975176,-0.2581613419748264,0.9431809654975708,1.7585092090983068,0.0,0,1,0,0.002982363992270618,Persuadable
4909,-0.5101588045634277,-1.3996338715649423,-0.0972627677878441,0.2985333595876755,0.2315771779655426,-1.48953150986094,1.0,25,1,1,0.15136930887466926,Highly Persuadable
3533,1.3816113040523033,0.9337693146071532,-0.0972627677878441,1.1400486061356436,0.1761828711516721,0.8513282068460554,0.0,10,1,1,0.0736783953100707,Persuadable
1468,-1.370054308479669,-0.562785084901128,-1.3268805653585676,-1.2420868610155276,-0.2541882817868599,-0.8279841986176587,1.0,20,0,1,-0.030544525912382714,Not Persuadable
1226,0.5217158001360619,-0.0313555634430853,-0.0972627677878441,-1.306818803057679,1.0028363728355854,0.9961640087158864,1.0,0,1,0,-0.20198175983922548,Not Persuadable
2006,1.1236426528774308,1.1903214973800011,-0.0972627677878441,-0.8278024319457586,1.0326640765045925,2.1675724873522886,0.0,15,0,1,-0.005877072221816826,Not Persuadable
2283,1.1236426528774308,1.6851007070133512,0.5175461309975176,1.075316664093492,0.4744599078417439,0.70551378469332,0.0,10,1,1,0.05245695841361982,Persuadable
2111,0.4357262497444378,-0.6971695615916675,-1.3268805653585676,-0.4911963333265715,-0.467243307994054,1.1684011785070365,0.0,0,0,0,-0.08162829725871525,Not Persuadable
1217,-1.8859916108294137,-0.9598301296686312,-1.3268805653585676,-1.306818803057679,-0.8166535509738524,-1.094168915567618,1.0,0,0,0,0.06358888855553975,Persuadable
3995,0.607705350527686,0.2923888576750326,0.5175461309975176,-0.5688746637771531,-1.3237245133469744,0.6242883012122664,0.0,10,1,1,0.03155358740632321,Persuadable
4287,-0.7681274557383001,-0.4406173788188193,-0.712071666573206,-1.306818803057679,-0.6035985247666583,0.5734000465012452,0.0,0,1,0,-0.06408936922286759,Not Persuadable
421,0.0917680481779412,0.8910106174783451,-0.712071666573206,-1.1385157537480854,1.19458589642206,0.6086303766857986,1.0,0,1,0,0.012110524699568997,Persuadable
3438,0.0917680481779412,-0.9842636708850928,-0.712071666573206,0.4150508552635481,-0.3266269906973059,-1.452343939110578,1.0,20,0,1,0.04527015821103252,Persuadable
7,0.1777575985695653,-1.4423925686937502,-1.3268805653585676,0.0654983682359304,-0.0539165571520974,0.2113105418266679,1.0,15,0,1,-0.09543990195483015,Not Persuadable
933,1.209632203269055,0.3595810960203023,0.5175461309975176,-1.125569365339655,-1.3237245133469744,0.8337130417537786,0.0,20,1,1,-0.008366518915206225,Not Persuadable
1692,-1.6280229596545417,-0.422292222906473,-0.0972627677878441,0.8940672263754684,1.215891399042779,0.0645174993910285,1.0,15,1,1,0.02306863009388985,Persuadable
440,0.4357262497444378,0.6466752053137277,0.5175461309975176,0.609246681390002,-1.3237245133469744,0.3757187493545839,1.0,20,0,1,0.05709991382071055,Persuadable
1314,0.4357262497444378,0.7077590583548821,0.5175461309975176,1.7226360845150064,0.180443971675816,1.139042570019909,1.0,5,1,1,0.11008335304740692,Highly Persuadable
679,0.4357262497444378,0.4145565637573413,1.1323550297828793,1.3860299858958187,-0.543943117428644,1.1556791148292809,1.0,30,1,1,0.09415014364748947,Persuadable
4180,-0.7681274557383001,0.524507499231419,1.1323550297828793,0.2985333595876755,-0.1561829697315506,1.020629515788493,1.0,10,1,1,0.048523849086361454,Persuadable
4621,-1.1120856573047966,-1.0758894504468244,-0.0972627677878441,0.7516569538827352,0.0483498554273556,-0.9424827717174572,0.0,0,1,0,0.06134296433348845,Persuadable
2003,0.4357262497444378,-0.4589425347311656,-0.0972627677878441,0.1949622523202333,-0.0070444513865147,1.4267569331937615,0.0,0,0,0,0.015118424729649502,Persuadable
2479,0.7796844513109343,-1.8027873016365608,-0.712071666573206,0.9587991684176196,-0.0113055519106586,-1.9348037385823795,0.0,20,1,1,0.04579827831860908,Persuadable
4644,0.0057784977863171,0.4512068755820339,0.5175461309975176,2.1110277367679147,0.2699270826828375,-0.0627031373865252,0.0,0,0,0,0.06991949550039009,Persuadable
2903,1.0376531024858069,1.4896323772816575,1.7471639285682412,-0.4005716144675594,0.0398276543790679,0.0899616267465391,0.0,0,0,0,0.06642263237770422,Persuadable
2534,0.1777575985695653,1.4957407625857728,1.1323550297828793,0.1431766986865122,1.3181578116222326,0.6428820865874479,1.0,5,0,1,0.054875229490779553,Persuadable
4943,-0.2521901533885552,-1.3568751744361345,-0.0972627677878441,0.8681744495586079,-0.7527370431116942,-0.7496945759853177,1.0,0,1,0,0.20997207305901372,Highly Persuadable
4056,0.4357262497444378,-0.2207155078706637,-0.712071666573206,0.4150508552635481,0.431848902600305,0.5734000465012452,1.0,20,1,1,-0.07435159181404725,Not Persuadable
3942,-0.3381797037801794,-0.2512574343912409,-0.712071666573206,-1.306818803057679,-1.3237245133469744,1.0499881242756206,1.0,10,1,1,-0.17197367405471609,Not Persuadable
4255,-0.7681274557383001,-1.2469242389620565,-1.3268805653585676,-1.306818803057679,-1.3237245133469744,-1.091233054718905,1.0,0,0,0,0.23538488948665173,Highly Persuadable
2793,-0.7681274557383001,-0.5444599289887817,-0.0972627677878441,-1.306818803057679,-1.3109412117745427,-0.8788724533286804,0.0,0,0,0,0.04383844580015994,Persuadable
2656,-0.5961483549550518,-0.8132288823698607,-0.712071666573206,-1.306818803057679,-0.4501989058974785,-0.4022843755543042,0.0,30,0,1,-0.023785385875143672,Not Persuadable
195,-1.1120856573047966,0.7260842142672284,-0.712071666573206,-1.1126229769312248,-0.2584493823110038,-0.5892008495890186,0.0,10,0,1,0.047337651235529576,Persuadable
1475,-0.1662006029969311,-1.692836366162483,-0.712071666573206,-1.306818803057679,0.0611331569997873,-0.4952533024302094,0.0,0,0,0,0.06331826069298435,Persuadable
4297,-0.2521901533885552,-0.1413064989171631,-0.0972627677878441,0.3114797479961058,-0.360715794890457,0.1134485135362416,0.0,0,0,0,0.011344195745317127,Persuadable
1212,-0.5101588045634277,0.8421435350454216,1.7471639285682412,1.852099968599309,0.7002982356213696,-0.8035186915450522,0.0,20,1,1,0.10245902699685264,Highly Persuadable
2756,-1.1980752076964207,-0.8682043501068997,-1.3268805653585676,0.182015863911803,0.5767263204211971,-0.6029015335496783,1.0,0,1,0,-0.07906033983107895,Not Persuadable
1658,-1.8000020604377898,-1.1064313769674017,-0.712071666573206,-0.1157510694820934,-1.3237245133469744,-2.119762972051285,1.0,0,0,0,-0.0014821646180536209,Not Persuadable
2716,0.0917680481779412,-1.0331307533180163,0.5175461309975176,-1.306818803057679,-0.612120725814946,-0.9248676066251804,1.0,0,0,0,0.14612095910091016,Highly Persuadable
3035,1.1236426528774308,1.31248920346231,0.5175461309975176,0.0137128146022093,2.132028011733714,1.8739864024810096,0.0,0,0,0,0.03311053940098381,Persuadable
4095,0.607705350527686,-0.2146071225665483,-0.712071666573206,2.0592421831341934,-1.3237245133469744,0.148678843720795,0.0,0,1,0,0.1780948487930291,Highly Persuadable
3627,0.0917680481779412,-0.4955928465558582,-0.712071666573206,-1.0996765885227946,0.5554208178004777,-0.0431307317284404,0.0,0,0,0,0.060864205356477956,Persuadable
1873,-0.5961483549550518,-0.4955928465558582,-0.0972627677878441,-1.0867302001143642,-0.2243605781178527,-0.8612572882364037,1.0,30,1,1,0.02725428981354005,Persuadable
1878,1.897548606402048,0.481748802102611,-1.3268805653585676,-1.306818803057679,-1.3237245133469744,1.8328843505990304,1.0,20,0,1,-0.01364029468974284,Not Persuadable
1131,-0.9401065565215484,-0.6116521673340515,-0.712071666573206,0.3632653016298269,-1.1788470955260824,-1.5325908023087276,1.0,10,1,1,0.15782478689213353,Highly Persuadable
1462,-0.7681274557383001,0.4878571874067264,-0.712071666573206,-0.1286974578905237,-1.3237245133469744,-0.2065603189734517,0.0,0,0,0,0.05574706216866045,Persuadable
277,-0.7681274557383001,-0.2879077462159335,-0.712071666573206,0.9458527800091892,0.7812591455801035,-0.6234525594906679,1.0,25,1,1,0.09102192416418484,Persuadable
4873,-1.370054308479669,-0.0741142605718933,-0.0972627677878441,-1.306818803057679,0.0994830617170822,-0.3856478307449322,1.0,0,0,0,0.08440299876868725,Persuadable
2347,-0.1662006029969311,1.0803705619059234,1.1323550297828793,0.0266592030106395,0.866481156062981,0.96484815966295,0.0,15,0,1,-0.026669701872607598,Not Persuadable
2312,0.2637471489611895,1.6056916980598508,1.7471639285682412,0.091391145052791,-0.0027833508623708,0.7378082540291613,1.0,30,1,1,0.052876624977228955,Persuadable
1303,0.607705350527686,0.0663786014227616,-0.712071666573206,-0.9961054812553524,0.2358382784896865,0.424649763499797,1.0,0,1,0,0.03698082571638545,Persuadable
3065,-0.2521901533885552,0.1580043809844931,0.5175461309975176,0.5963002929815718,1.722962361415901,1.2280970157641964,1.0,0,1,0,0.01370287348757911,Persuadable
223,0.1777575985695653,1.31248920346231,1.1323550297828793,0.453890020488839,0.2614048816345498,-0.0157293638071209,1.0,30,1,1,0.08882162083623547,Persuadable
4651,-0.9401065565215484,1.0009615529524227,-1.3268805653585676,-1.306818803057679,-0.6888205352495359,0.2964505064393384,1.0,0,1,0,0.03968661885055113,Persuadable
4384,-0.682137905346676,-0.2573658196953563,0.5175461309975176,-0.3617324492422687,0.3679323947381469,0.2347974286163703,1.0,0,1,0,0.012695051244269683,Persuadable
574,-0.9401065565215484,0.0847037573351079,-0.0972627677878441,-1.306818803057679,-1.3237245133469744,0.8288199403392577,0.0,0,1,0,-0.22089533587315108,Not Persuadable
1237,0.0057784977863171,-0.1718484254377403,-0.712071666573206,0.3891580784466875,0.4105433999795856,-0.4786167576208367,0.0,25,0,1,-0.06531168935146524,Not Persuadable
3561,0.7796844513109343,1.2941640475499636,1.1323550297828793,0.233801417545524,1.11788608698747,0.8943874992938433,1.0,0,1,0,-0.05362717545017635,Not Persuadable
3689,2.757444110318289,1.0131783235606535,0.5175461309975176,-0.659499382636165,-1.0680584818983414,0.7612951408188631,0.0,0,0,0,0.05039094738966442,Persuadable
1335,0.4357262497444378,-1.283574550786749,-0.712071666573206,-1.306818803057679,-1.3237245133469744,-0.9512903542635956,0.0,0,0,0,0.1756400765574431,Highly Persuadable
2810,-1.4560438588712932,-0.3917502963858958,-0.712071666573206,-1.306818803057679,-1.1064083866156365,0.2299043272018486,0.0,0,1,0,-0.06980199549427438,Not Persuadable
419,-0.080211052605307,-0.2940161315200489,0.5175461309975176,-1.1514621421565157,-0.0411332555796658,-0.922910366059372,0.0,10,0,1,0.05991329818109849,Persuadable
268,0.3497366993528136,-1.6806195955542522,-0.0972627677878441,1.191834159769365,0.3764545957864346,-0.7614380193801686,0.0,20,0,1,0.046223626568885304,Persuadable
1105,-1.1120856573047966,-0.2879077462159335,-1.3268805653585676,1.5543330352054123,-1.2555469049606722,-0.4805739981866456,1.0,0,0,0,0.09539131681876382,Persuadable
258,-0.4241692541718035,-1.3629835597402498,-0.0972627677878441,-0.7242313246783165,-0.0155666524348025,-1.7606093282254205,0.0,15,0,1,0.004331218615882732,Persuadable
296,0.1777575985695653,1.4102233683281569,-0.0972627677878441,0.3632653016298269,0.8238701508215422,2.476816496750035,0.0,10,0,1,0.06151035276289035,Persuadable
2532,0.607705350527686,-0.3123412874323952,-1.3268805653585676,0.7775497306995959,0.3892378973588662,-0.9493331136977872,0.0,0,1,0,-0.015064343275443976,Not Persuadable
387,0.4357262497444378,-0.9476133590604002,-1.3268805653585676,-0.8795879855794798,-0.1220941655383996,0.2504553531428382,1.0,0,1,0,-0.014138434897543746,Not Persuadable
3324,0.7796844513109343,0.988744782344192,-0.712071666573206,-0.4782499449181411,-0.2328827791661405,-0.464916073660177,0.0,0,0,0,0.037740009130953,Persuadable
3106,0.0917680481779412,-1.5523435041678282,-0.0972627677878441,-1.306818803057679,-0.940225466174025,-1.676447983895654,0.0,0,0,0,0.058332359140798776,Persuadable
2575,-0.080211052605307,-0.0680058752677779,-0.712071666573206,-1.1514621421565157,-1.3237245133469744,0.7583592799701508,1.0,20,1,1,0.0348469111846024,Persuadable
4047,-0.1662006029969311,0.6833255171384203,-0.0972627677878441,2.7065616035557074,-1.1703248944777946,0.6810482776207135,1.0,10,1,1,0.1562324690462546,Highly Persuadable
4346,0.3497366993528136,0.0175115189898381,0.5175461309975176,0.0266592030106395,0.6960371350972258,0.0596243979765075,1.0,0,1,0,-0.02566204636898356,Not Persuadable
4129,-0.2521901533885552,0.4023397931491104,0.5175461309975176,-0.0898582926652328,-1.0723195824224854,0.973655742209088,0.0,25,1,1,-0.019384189202612558,Not Persuadable
4162,-1.370054308479669,0.3168223988914943,-0.712071666573206,-0.6206602174108743,-1.3237245133469744,-1.4190708494918332,1.0,15,0,1,0.010645851954837138,Persuadable
4395,-1.1980752076964207,-1.3996338715649423,-0.0972627677878441,-0.7371777130867467,0.4659377067934561,0.6135234781003196,1.0,0,0,0,-0.026627930145297504,Not Persuadable
1564,-1.1980752076964207,-1.0270223680139008,-0.712071666573206,0.5963002929815718,-1.0339696777051903,-0.7731814627750199,0.0,0,0,0,0.14376983302286797,Highly Persuadable
1920,-1.542033409262917,-1.8699795399818304,-0.0972627677878441,0.5833539045731415,-1.3237245133469744,-2.0747464390376886,1.0,0,1,0,0.06045954917967533,Persuadable
1401,1.209632203269055,1.581258156843389,0.5175461309975176,0.8811208379670382,1.9615839907679589,0.8846012964648006,1.0,10,0,1,0.1566729573090581,Highly Persuadable
713,-1.0260961069131724,-0.1779568107418557,-0.0972627677878441,-0.0769119042568025,-0.9870975719396076,0.0146078649629113,0.0,0,1,0,0.0263058333525133,Persuadable
2365,2.585465009535041,1.2330801945088092,2.3619728273536027,2.2275452324437874,0.9176143623527075,0.7162786078052675,0.0,15,1,1,0.02506273005088327,Persuadable
2943,0.0057784977863171,0.6711087465301895,-0.712071666573206,-0.5818210521855834,-1.1404971908087875,-0.3641181845210386,1.0,0,0,0,0.08660430725501231,Persuadable
210,-0.3381797037801794,-1.4057422568690576,-0.712071666573206,0.7646033422911656,-1.3237245133469744,-0.339652677448432,1.0,0,0,0,0.16724488253445718,Highly Persuadable
3962,1.3816113040523033,1.0070699382565382,2.3619728273536027,0.4668364088972692,0.7855202461042473,1.0979405181379298,1.0,25,1,1,0.0633082005909565,Persuadable
1290,0.8656740017025585,-0.3734251404735496,-0.712071666573206,0.0654983682359304,-0.3308880912214498,-0.4835098590353585,0.0,0,1,0,-0.014228164435172126,Not Persuadable
2615,-1.8859916108294137,-1.8699795399818304,-0.712071666573206,2.2922771744859385,-1.2086747991950897,-0.7340366514588494,1.0,0,0,0,0.09568359333834381,Persuadable
450,0.4357262497444378,0.3473643254120715,0.5175461309975176,-0.9443199276216312,1.4630352294431246,1.086197074743078,1.0,25,1,1,0.03082397883427992,Persuadable
4103,-0.7681274557383001,-1.094214606359171,-1.3268805653585676,0.648085846615293,0.0440887549032118,-0.9258462269080848,0.0,20,0,1,0.054358663104468144,Persuadable
2585,0.5217158001360619,1.2636221210293863,-0.0972627677878441,-0.931373539213201,1.3053745100498009,1.0754322516311312,1.0,0,1,0,0.03563807783878253,Persuadable
1821,-1.8859916108294137,-1.0697810651427089,-1.3268805653585676,-0.1028046810736631,0.9303976639251392,-0.4972105429960182,1.0,20,1,1,0.03821972721631284,Persuadable
959,0.0057784977863171,-1.338550018523788,-0.0972627677878441,-0.607713829002444,0.2571437811104059,-0.2623416750989947,1.0,0,1,0,-0.0011028201206297905,Not Persuadable
1794,-0.3381797037801794,-0.8498791941945534,-0.712071666573206,-1.306818803057679,1.2755468063807938,-0.0225797057874508,1.0,0,0,0,0.07633542728038446,Persuadable
4952,-0.8541170061299242,0.5122907286231883,-0.712071666573206,0.738710565474305,-0.1391385676349751,0.1888022753198701,1.0,20,0,1,0.09811419897543913,Persuadable
655,0.607705350527686,-0.2146071225665483,1.7471639285682412,-0.5559282753687228,1.369291017911959,-1.5952225004146003,0.0,0,1,0,0.040316836330011076,Persuadable
2423,1.6395799552271757,1.3002724328540791,2.3619728273536027,2.175759678810066,0.0866997601446506,-0.0470452128600574,0.0,15,1,1,0.014957900473782693,Persuadable
3871,0.0057784977863171,1.31248920346231,-0.712071666573206,0.5056755741225601,0.5213320136073266,1.1018549992695468,1.0,30,1,1,0.008277900011607687,Persuadable
2408,-0.3381797037801794,-0.7154947175040138,-0.712071666573206,-1.306818803057679,0.7216037382420891,-0.9023593401183824,0.0,0,0,0,0.10150592836809035,Highly Persuadable
1761,-1.1980752076964207,0.2007630781133011,-1.3268805653585676,-0.750124101495177,-0.6547317310563848,1.5001534544115815,1.0,0,1,0,-0.05364770561714823,Not Persuadable
2370,0.7796844513109343,0.9643112411277304,0.5175461309975176,1.114155829318783,0.7556925424352401,-0.1360996586043449,1.0,0,1,0,0.02253904282793723,Persuadable
3940,1.5535904048355516,-0.3184496727365106,-0.712071666573206,-0.4394107796928503,0.4957654104624633,-0.4727450359234116,0.0,15,0,1,-0.12153761533983673,Not Persuadable
4370,0.7796844513109343,1.5446078450186964,1.1323550297828793,-0.5818210521855834,1.7911399698022037,2.2732634779059486,0.0,20,0,1,0.024422037618465006,Persuadable
412,-1.8859916108294137,0.2251966193297628,-0.712071666573206,-0.6983385478614559,0.1548773685309527,0.5998227941396599,0.0,0,1,0,0.06425972407832285,Persuadable
1775,1.1236426528774308,-0.5261347730764354,1.7471639285682412,0.4927291857141298,0.0227832522824923,-0.95911931652683,0.0,0,1,0,0.01793951959011497,Persuadable
4463,1.1236426528774308,0.6588919759219586,0.5175461309975176,-0.4782499449181411,-0.8933533604084423,0.817076496944406,1.0,0,1,0,0.015396003624102653,Persuadable
2202,-0.1662006029969311,0.5794829669684579,0.5175461309975176,1.191834159769365,1.0667528806977435,0.5146828295269893,0.0,0,1,0,0.03037993037130526,Persuadable
4092,0.0917680481779412,0.2007630781133011,-0.712071666573206,0.0525519798275001,-0.0496554566279536,-0.4228354014952937,1.0,0,0,0,0.07413522691896236,Persuadable
3723,0.9516635520941824,0.8116016085248444,1.1323550297828793,-1.306818803057679,-0.8123924504497085,-0.0411734911626316,0.0,5,1,1,0.07123616094988246,Persuadable
4322,0.0917680481779412,-0.013030407530739,-0.0972627677878441,0.7128177886574444,0.7045593361455136,-0.907252441532904,0.0,0,1,0,0.06463566319356501,Persuadable
4785,0.0917680481779412,1.7584013306627364,1.1323550297828793,-0.0639655158483722,0.0909608606687945,0.6458179474361601,0.0,20,1,1,0.07725096580520127,Persuadable
3721,0.0917680481779412,-1.3446584038279037,-0.0972627677878441,-0.1545902347073842,0.1293107653860894,-1.3172943400697898,1.0,5,0,1,-0.04554682989009847,Not Persuadable
4641,1.5535904048355516,0.7688429113960363,0.5175461309975176,1.5672794236138428,0.4872432094141755,-0.6997849415572002,1.0,20,0,1,0.055645756032373546,Persuadable
4687,-1.2840647580880449,-0.3612083698653187,-0.0972627677878441,-0.9572663160300616,-0.3436713927938815,-1.056981344817256,0.0,0,0,0,-0.00960908447443061,Not Persuadable
3575,-0.5961483549550518,-1.8699795399818304,-0.712071666573206,-1.1903013073818065,-0.9444865666981688,-0.343567158580049,0.0,0,1,0,0.0929017650378651,Persuadable
1984,-0.2521901533885552,-1.2591410095702873,-0.0972627677878441,0.2596941943623846,-1.3237245133469744,-1.54237700513777,0.0,0,1,0,0.045386479122480373,Persuadable
3383,1.983538156793672,2.3081560080331256,2.3619728273536027,1.3860299858958187,2.3109942337477576,1.9992497986927555,0.0,0,1,0,-0.011131635748794826,Not Persuadable
4151,-0.4241692541718035,-0.1413064989171631,-1.3268805653585676,-1.306818803057679,-1.2044136986709455,0.6614758719626287,1.0,0,1,0,-0.027119708675564225,Not Persuadable
3587,-1.0260961069131724,0.0236199042939535,-1.3268805653585676,-1.306818803057679,-0.0922664618693924,-0.1272920760582069,1.0,15,1,1,0.0661813619276968,Persuadable
431,-1.0260961069131724,-1.8699795399818304,-0.712071666573206,-0.750124101495177,0.8196090502973984,0.0586457776936027,1.0,0,1,0,-0.008087523915677663,Not Persuadable
3124,0.607705350527686,-0.4406173788188193,1.1323550297828793,-0.6853921594530257,0.8238701508215422,1.585293419024252,0.0,0,1,0,-0.05682576650741317,Not Persuadable
3838,-0.1662006029969311,-0.4772676906435119,-1.3268805653585676,0.98469194523448,-0.5695097205735072,-0.0460665925771533,0.0,0,0,0,0.11342934504936715,Highly Persuadable
1367,-1.1980752076964207,0.9582028558236148,-0.712071666573206,-0.7889632667204678,-0.6589928315805288,0.2553484545573599,1.0,0,0,0,0.10591482816695508,Highly Persuadable
2611,-1.7140125100461656,-0.9415049737562848,-0.712071666573206,0.233801417545524,-1.2129358997192334,-1.0237082551985113,1.0,10,0,1,0.048623725211831274,Persuadable
3840,-0.1662006029969311,0.3840146372367641,-0.0972627677878441,-0.5688746637771531,2.4643938526169373,1.2603914851000368,0.0,25,0,1,-0.03464858347031322,Not Persuadable
1177,-0.7681274557383001,-1.1003229916632862,-0.0972627677878441,-0.0769119042568025,2.289688731127038,0.3561463436964991,1.0,15,1,1,-0.07139796487264702,Not Persuadable
3348,0.1777575985695653,0.3351475548038407,-0.0972627677878441,0.1302303102780819,-1.3237245133469744,1.748723006269264,0.0,15,0,1,-0.07279818341669984,Not Persuadable
1477,2.1555172575769204,1.0131783235606535,0.5175461309975176,-0.1286974578905237,0.1506162680068088,-0.3063795878296868,0.0,25,0,1,-0.08948592184000649,Not Persuadable
3168,-0.5961483549550518,-1.3507667891320188,-0.0972627677878441,-1.2420868610155276,-1.3237245133469744,-0.818197995788616,0.0,0,0,0,0.21147648179187076,Highly Persuadable
4969,-0.3381797037801794,-0.4955928465558582,-0.712071666573206,-0.89253437398791,1.5013851341604194,0.0517954357132728,0.0,0,0,0,0.11296095552653818,Highly Persuadable
103,-0.3381797037801794,0.7688429113960363,0.5175461309975176,0.2596941943623846,-0.9956197729878954,0.868943371938332,1.0,0,1,0,0.02130056545364701,Persuadable
1943,-1.2840647580880449,-1.1675152300085558,-0.0972627677878441,-0.0769119042568025,-0.1647051707798384,-0.657704269392317,1.0,0,1,0,0.08444515825851646,Persuadable
4925,-1.4560438588712932,0.0602702161186461,-0.712071666573206,-0.141643846298954,-0.97857537089132,0.4500938908553076,1.0,5,0,1,-0.02475932492647084,Not Persuadable
1264,-0.4241692541718035,-0.8193372676739762,-0.0972627677878441,0.5833539045731415,1.088058383318463,-0.6997849415572002,1.0,0,1,0,0.016358392364454504,Persuadable
3378,-0.2521901533885552,-0.5750018555093589,1.1323550297828793,-0.5688746637771531,1.3138967110980886,-0.1175058732291641,0.0,0,0,0,0.09070282968648498,Persuadable
3154,-0.1662006029969311,0.9093357733906914,-0.0972627677878441,-0.4523571681012805,-1.3237245133469744,0.1349781597601353,1.0,20,0,1,0.1085712077664758,Highly Persuadable
4510,0.607705350527686,1.3002724328540791,1.1323550297828793,0.3762116900382572,0.8792644576354127,1.2799638907581226,1.0,15,1,1,0.09991410793078143,Persuadable
3077,0.0057784977863171,-0.0680058752677779,-0.712071666573206,-0.7889632667204678,0.0227832522824923,1.8162478057896576,0.0,10,0,1,-0.06438977567803036,Not Persuadable
2755,1.1236426528774308,0.8299267644371907,-0.0972627677878441,-1.034944646480643,0.1974883737723915,1.185037723316409,0.0,0,0,0,0.008725203618066566,Persuadable
3604,1.4676008544439274,0.6588919759219586,-1.3268805653585676,-0.3487860608338384,-0.249927181262716,0.4911959427372868,0.0,20,0,1,-0.13572551661158938,Not Persuadable
3905,-1.6280229596545417,0.665000361226074,-0.712071666573206,0.7257641770658747,-0.7442148420634064,-0.1820948119008451,0.0,0,1,0,0.01353858258675119,Persuadable
2989,0.2637471489611895,0.029728289598069,-1.3268805653585676,-1.306818803057679,-1.3194634128228304,0.5724214262183405,1.0,20,0,1,-0.004955271822787354,Not Persuadable
1644,0.6936949009193102,-0.6299773232463978,-0.0972627677878441,0.2855869711792452,0.9133532618285638,-1.5502059674010042,0.0,0,1,0,0.12419293154249657,Highly Persuadable
4516,0.9516635520941824,-1.8699795399818304,-0.0972627677878441,-0.9831590928469222,-1.3237245133469744,-2.292000141842435,0.0,20,0,1,0.012388488147920849,Persuadable
1,0.3497366993528136,-0.0802226458760087,0.5175461309975176,0.9458527800091892,-0.6334262284356654,-0.1126127718146431,1.0,0,0,0,0.17098954980116243,Highly Persuadable
1581,1.209632203269055,-1.198057156529133,-0.712071666573206,0.6869250118405839,-1.2214581007675211,-1.8888085852858791,0.0,0,0,0,0.036926518176584586,Persuadable
4433,0.5217158001360619,-0.1351981136130476,-0.0972627677878441,0.6351394582068627,1.1519748911806211,0.304279468702573,0.0,0,0,0,0.10975924333364147,Highly Persuadable
4126,-0.080211052605307,0.3168223988914943,-0.712071666573206,0.9329063916007588,0.7897813466283912,0.2142464026753807,0.0,0,1,0,0.09343168837170233,Persuadable
1357,-0.4241692541718035,0.5122907286231883,-1.3268805653585676,-1.306818803057679,1.7314845624641892,0.6428820865874479,1.0,25,1,1,-0.015790327614100395,Not Persuadable
3407,0.7796844513109343,0.4695320314943801,1.1323550297828793,0.9329063916007588,-0.1647051707798384,-0.1654582670914732,0.0,25,1,1,0.12900019606595906,Highly Persuadable
2343,-1.8859916108294137,-1.1308649181838633,-0.712071666573206,0.0396055914190698,0.0142610512342046,-0.1038051892685044,1.0,0,0,0,-0.042683313004257525,Not Persuadable
2406,-1.7140125100461656,-1.1186481475756325,-1.3268805653585676,-0.1934293999326751,-0.8379590535945718,-0.8730007316312546,0.0,20,1,1,0.12644773514795674,Highly Persuadable
2053,1.209632203269055,1.062045405993577,1.7471639285682412,0.7516569538827352,1.595129345691585,1.695877510992434,0.0,25,0,1,0.16556072996660853,Highly Persuadable
2234,1.6395799552271757,0.1763295368968394,1.7471639285682412,0.829335284333317,0.5341153151797583,-0.2995292458493569,0.0,0,1,0,0.059912985198473455,Persuadable
397,0.7796844513109343,0.7749512967001518,-0.0972627677878441,1.7614752497402968,-0.6163818263390899,0.7896751290230872,1.0,0,0,0,0.1645079987812309,Highly Persuadable
4115,-0.8541170061299242,0.4145565637573413,-0.712071666573206,-1.009051869663783,0.4829821088900317,-0.1312065571898239,0.0,25,1,1,-0.0030013017323015554,Not Persuadable
1065,-0.682137905346676,1.1475628002511933,-0.0972627677878441,-0.0769119042568025,1.0284029759804485,0.8777509544844707,1.0,20,0,1,-0.04027102586877894,Not Persuadable
4624,0.8656740017025585,0.848251920349537,1.1323550297828793,0.4021044668551178,0.3210602889725641,0.7123641266736499,1.0,25,1,1,0.00380247418152159,Persuadable
2169,-0.7681274557383001,-1.6500776690336751,-0.0972627677878441,-0.42646439128442,0.4574155057451683,-0.0088790218267911,1.0,0,0,0,0.025845926589896755,Persuadable
819,0.2637471489611895,0.5183991139273036,0.5175461309975176,1.489601093163261,-0.4544600064216224,0.7622737611017678,0.0,0,1,0,0.017184657534655246,Persuadable
1813,0.2637471489611895,0.1580043809844931,-0.712071666573206,-0.9054807623963405,-0.2797548849317232,0.7955468507205123,0.0,0,0,0,0.018637495844194437,Persuadable
2568,0.4357262497444378,0.4450984902779184,-0.0972627677878441,0.1043375334612213,-0.0411332555796658,0.1878236550369653,1.0,20,1,1,0.09466872387021581,Persuadable
1553,-0.5961483549550518,-0.5505683142928971,0.5175461309975176,1.2565661018115162,0.0227832522824923,-0.8730007316312546,0.0,0,0,0,0.07079938609554505,Persuadable
3136,-1.1120856573047966,0.0236199042939535,-1.3268805653585676,-1.2032476957902367,-0.97857537089132,1.415992110081815,1.0,0,0,0,-0.08352892842922365,Not Persuadable
817,-0.4241692541718035,0.0236199042939535,-0.712071666573206,-1.125569365339655,0.7769980450559595,-0.5177615689370078,1.0,0,0,0,0.07085685658054626,Persuadable
1573,0.3497366993528136,1.5201743038022346,1.1323550297828793,-0.4782499449181411,2.758409788782865,0.2807925819128706,1.0,20,0,1,0.0700119196547001,Persuadable
4526,-1.1980752076964207,0.25573854585034,-1.3268805653585676,0.3891580784466875,-0.3990656996077519,-0.6635759910897424,1.0,20,0,1,0.06299664042735759,Persuadable
1801,0.0057784977863171,-0.4528341494270502,-0.0972627677878441,-0.0769119042568025,-0.8166535509738524,-0.5060181255421562,1.0,20,0,1,0.06354087035625289,Persuadable
4946,1.983538156793672,0.8849022321742296,2.3619728273536027,0.0007664261937791,0.7216037382420891,1.098919138420834,0.0,0,1,0,-0.030654498229393975,Not Persuadable
382,1.3816113040523033,0.0602702161186461,-0.712071666573206,0.5315683509394203,1.8380120755677865,0.100726449858486,1.0,0,1,0,0.10959036358078982,Highly Persuadable
3334,-0.4241692541718035,1.2697305063335018,-0.712071666573206,-0.6983385478614559,-1.2811135081055356,0.3551677234135943,0.0,30,0,1,-0.018662741633606355,Not Persuadable
3842,-0.080211052605307,-1.0025888267974392,-0.0972627677878441,-0.42646439128442,0.7599536429593841,-0.404241616120113,1.0,20,0,1,0.10029127814279817,Highly Persuadable
2310,0.2637471489611895,-0.1413064989171631,-0.0972627677878441,1.3860299858958187,0.5468986167521899,0.2729636196496366,0.0,25,1,1,0.12876206249717911,Highly Persuadable
3520,0.6936949009193102,0.7016506730507667,-0.712071666573206,-1.2291404726070974,0.6832538335247942,-0.0568314156891001,1.0,0,1,0,-0.04412012850128183,Not Persuadable
4941,0.3497366993528136,0.6772171318343049,-0.712071666573206,-1.021998258072213,-0.8805700588360106,2.237054527438491,0.0,20,1,1,0.009048529867371275,Persuadable
1781,0.8656740017025585,1.4713072213693112,2.9767817261389644,0.557461127756281,2.1149836096371386,-0.2711492576451333,1.0,30,0,1,0.1539684520670865,Highly Persuadable
2742,0.6936949009193102,0.848251920349537,2.3619728273536027,1.3860299858958187,1.339463314242952,-0.843642123144127,0.0,0,0,0,0.1713688760873264,Highly Persuadable
2623,1.5535904048355516,0.6039165081849197,1.7471639285682412,1.4766547047548308,1.599390446215729,0.4696662965133932,1.0,15,1,1,0.10009441327640242,Highly Persuadable
2349,1.5535904048355516,1.2452969651170402,0.5175461309975176,-0.2581613419748264,0.4915043099383194,0.3365739380384135,0.0,0,1,0,-0.1353872066720339,Not Persuadable
865,-0.682137905346676,-0.9109630472357076,-0.0972627677878441,-0.840748820354189,-1.3237245133469744,-0.0734679604984721,1.0,0,0,0,0.0013179960115461881,Persuadable
3036,0.5217158001360619,-1.2469242389620565,1.1323550297828793,0.1561230870949425,-1.0552751803259095,-1.1117840806598946,1.0,0,0,0,0.08570911993705597,Persuadable
3180,0.4357262497444378,1.8805690367450447,1.7471639285682412,0.3762116900382572,-0.6462095300080971,2.408313076946737,1.0,10,1,1,0.09062637535918329,Persuadable
555,-0.080211052605307,-0.2146071225665483,-0.712071666573206,0.5704075161647112,0.2358382784896865,0.3150442918145199,0.0,0,1,0,0.008412593145283878,Persuadable
1160,-1.4560438588712932,0.1641127662886085,-0.712071666573206,-1.073783811705934,0.4659377067934561,-0.7213145877810941,1.0,20,1,1,0.08106748186564021,Persuadable
1214,-0.7681274557383001,-0.2084987372624328,1.1323550297828793,0.4279972436719784,1.6377403509330235,1.466880364792836,1.0,0,1,0,0.010146298049539489,Persuadable
4236,0.607705350527686,0.2923888576750326,1.1323550297828793,-0.3358396724254082,0.3466268921174274,0.7485730771411081,0.0,20,1,1,-0.0680274168048613,Not Persuadable
3617,1.209632203269055,0.4634236461902647,1.1323550297828793,0.9717455568260498,1.2116302985186356,-0.8123262740911905,1.0,0,0,0,0.11461590159588957,Highly Persuadable
49,0.6936949009193102,0.3290391694997252,1.7471639285682412,0.2208550291370937,1.8081843718987791,-0.5099326066737732,1.0,0,1,0,0.07029643125927687,Persuadable
3164,0.6936949009193102,0.9765280117359612,2.3619728273536027,-1.2291404726070974,-0.4928099111389173,-0.7555662976827432,0.0,20,1,1,0.09278413268213721,Persuadable
701,1.1236426528774308,0.2862804723709172,-0.712071666573206,0.8034425075164564,-1.2044136986709455,-0.7976469698476264,1.0,0,1,0,0.057383814278803444,Persuadable
653,1.7255695056187998,1.5568246156269272,-0.0972627677878441,0.453890020488839,-0.7996091488772769,1.1566577351121856,0.0,15,1,1,0.06902242342477308,Persuadable
3882,1.4676008544439274,0.6466752053137277,1.1323550297828793,0.609246681390002,2.4856993552376565,-0.2075389392563564,0.0,10,0,1,0.12794987414408857,Highly Persuadable
3327,0.607705350527686,0.0847037573351079,0.5175461309975176,1.0364774988682013,-0.5226376148079245,0.3923552941639565,0.0,0,1,0,0.016105054309294493,Persuadable
749,-0.3381797037801794,-0.8559875794986688,0.5175461309975176,0.6351394582068627,-0.0794831602969607,-1.4112418872285988,1.0,20,1,1,0.18603318799195454,Highly Persuadable
1456,-0.080211052605307,-0.6666276350710904,-0.712071666573206,-0.141643846298954,-0.9146588630291616,-0.2760423590596544,1.0,0,1,0,-0.03286292163647668,Not Persuadable
4205,1.4676008544439274,0.2862804723709172,-0.712071666573206,-1.306818803057679,-1.2896357091538233,2.203781437819746,1.0,0,1,0,-0.05377355591126091,Not Persuadable
2101,0.2637471489611895,1.2514053504211555,-0.712071666573206,-1.306818803057679,-0.1604440702556945,0.4686876762304891,1.0,0,1,0,-0.005188857058296427,Not Persuadable
2025,-1.370054308479669,-0.660519249766975,0.5175461309975176,-0.2970005072001173,-1.166063793953651,0.2445836314454131,0.0,0,0,0,0.02091844259359339,Persuadable
867,-1.370054308479669,-0.9598301296686312,-0.712071666573206,0.829335284333317,-0.3010603875524426,0.0596243979765075,0.0,20,0,1,-0.0050445351598637726,Not Persuadable
753,-1.0260961069131724,0.5000739580149574,-0.0972627677878441,-0.8278024319457586,0.9857919707390098,-0.2496196114212397,1.0,0,1,0,-0.02598865107601473,Not Persuadable
1645,-1.542033409262917,-1.3263332479155572,-0.0972627677878441,0.1302303102780819,-1.3237245133469744,-0.6469394462803701,0.0,0,0,0,0.1883002961637236,Highly Persuadable
93,-0.4241692541718035,-1.4546093393019812,-0.0972627677878441,-1.164408530564946,-1.3237245133469744,-1.06481030708049,1.0,0,1,0,0.06352691591437783,Persuadable
4608,1.3816113040523033,1.5751497715392735,-0.712071666573206,0.5833539045731415,0.6619483309040747,0.8464351054315343,1.0,0,1,0,0.04634077949687787,Persuadable
3117,-0.682137905346676,0.1396792250721468,-1.3268805653585676,-1.306818803057679,-1.3237245133469744,0.7329151526146395,1.0,0,1,0,-0.09688941986480999,Not Persuadable
2448,-0.4241692541718035,0.9154441586948068,1.1323550297828793,1.360137209078958,-0.4416767048491907,0.4510725111382124,0.0,20,1,1,0.052954346219432215,Persuadable
2645,1.4676008544439274,1.129237644338847,2.9767817261389644,0.98469194523448,2.063850403347412,-0.0852114038933237,0.0,20,1,1,0.1804549111301102,Highly Persuadable
1491,-0.5961483549550518,0.6161332787931506,-1.3268805653585676,0.0266592030106395,0.0781775590963628,0.0811540442004011,0.0,0,1,0,-0.017683240907850378,Not Persuadable
2911,-0.5101588045634277,0.2740637017626863,-0.0972627677878441,0.2726405827708149,-0.6419484294839533,0.0312444097722839,0.0,15,0,1,-0.06045913336886344,Not Persuadable
4374,1.811559056010424,1.0498286353853463,-0.712071666573206,0.5833539045731415,-0.7569981436358381,0.4530297517040205,1.0,15,1,1,0.024571010697497408,Persuadable
730,-1.1120856573047966,-1.79057053102833,-1.3268805653585676,-1.306818803057679,-0.2840159854558671,0.0380947517526138,0.0,0,1,0,-0.015539543672295578,Not Persuadable
2733,1.811559056010424,0.0114031336857227,1.1323550297828793,0.4279972436719784,2.72005988406557,-0.2799568401912713,0.0,15,1,1,0.17291129698324792,Highly Persuadable
2487,0.0917680481779412,0.4573152608861493,1.1323550297828793,-1.034944646480643,1.215891399042779,0.5362124757508829,0.0,0,1,0,0.016961256817610904,Persuadable
3997,1.0376531024858069,-1.0025888267974392,-0.712071666573206,-0.4005716144675594,-0.4033268001318958,-1.3192515806355984,0.0,0,0,0,-0.013863905961998043,Not Persuadable
1937,0.0057784977863171,-0.6788444056793212,-0.0972627677878441,-0.7242313246783165,0.4105433999795856,0.5596993625405855,0.0,0,1,0,-0.01965100505521972,Not Persuadable
1746,-0.7681274557383001,-0.098547801788355,-0.712071666573206,-0.3876252260591293,-1.3237245133469744,0.2758994804983495,1.0,5,1,1,0.06373627741487924,Persuadable
4450,0.0057784977863171,-0.8254456529780916,0.5175461309975176,0.2985333595876755,-0.7442148420634064,-0.9718413802045852,1.0,0,1,0,-0.061644776796428644,Not Persuadable
4020,0.0057784977863171,-0.5383515436846662,-0.0972627677878441,-0.0380727390315116,1.6206959488364483,-0.1967741161444096,1.0,25,0,1,-0.05390041389205651,Not Persuadable
4102,0.1777575985695653,0.4939655727108419,-0.712071666573206,-1.306818803057679,-0.5567264190010756,0.1692298696617846,1.0,20,0,1,0.09020191261081516,Persuadable
1958,-1.1980752076964207,-0.0435723340513161,-0.712071666573206,-0.659499382636165,0.4616766062693123,0.3287449757751796,0.0,15,1,1,0.04916936679926119,Persuadable
1111,1.5535904048355516,0.5061823433190727,-0.712071666573206,-1.306818803057679,-0.4033268001318958,-0.0558527954061954,0.0,25,1,1,0.1308122861282015,Highly Persuadable
3353,0.8656740017025585,1.184213112075886,-0.0972627677878441,0.2079086407286636,-0.5183765142837806,1.7859105770196262,1.0,30,1,1,0.025404334350441763,Persuadable
4051,0.9516635520941824,-0.7277114881122446,-0.0972627677878441,-0.0769119042568025,-0.1178330650142557,-0.504060884976348,0.0,0,0,0,-0.10441132542665943,Not Persuadable
4482,-0.080211052605307,-0.6177605526381669,-0.712071666573206,-1.0608374232975035,0.431848902600305,-0.3709685265013684,1.0,20,0,1,0.05908603107228237,Persuadable
4167,-1.1980752076964207,-1.4179590274772886,-0.0972627677878441,-0.2322685651579658,0.2486215800621181,-1.687212807007601,0.0,25,1,1,0.05668039157004588,Persuadable
347,-0.5961483549550518,-1.3996338715649423,-0.712071666573206,0.0654983682359304,-1.3237245133469744,-1.351546049971439,0.0,15,0,1,0.13268629795128295,Highly Persuadable
1186,-1.4560438588712932,-1.8699795399818304,-0.0972627677878441,1.43781553952954,-0.4629822074699101,-1.8946803069833045,1.0,0,1,0,0.04699973440197984,Persuadable
4025,-0.9401065565215484,0.5733745816643425,-0.712071666573206,1.1271022177272134,-0.4374156043250469,0.8307771809050657,1.0,5,1,1,0.07633248978363043,Persuadable
1516,0.2637471489611895,-1.2163823124414792,1.7471639285682412,0.4927291857141298,1.407640922629254,-0.7986255901305308,0.0,0,0,0,0.16566712959464222,Highly Persuadable
4680,-1.1120856573047966,0.6833255171384203,-0.0972627677878441,0.3503189132213966,-1.3237245133469744,1.8945374284219996,0.0,0,1,0,-0.03892742737524891,Not Persuadable
579,-0.2521901533885552,-0.917071432539823,-1.3268805653585676,-0.3876252260591293,0.6321206272350676,-1.8300913683116231,1.0,0,0,0,0.09859069334713738,Persuadable
1965,-0.7681274557383001,0.9398776999112683,0.5175461309975176,1.4248691511211096,1.1519748911806211,0.432478725763031,0.0,0,0,0,0.04586348100525389,Persuadable
76,0.6936949009193102,0.3656894813244178,1.1323550297828793,0.2079086407286636,-1.2001525981468018,0.9325536903271088,1.0,0,0,0,-0.016173626963776083,Not Persuadable
1430,0.7796844513109343,0.1335708397680313,-0.712071666573206,-1.306818803057679,-0.6973427362978237,-0.8348345405979882,0.0,0,0,0,0.023242257954258674,Persuadable
3752,-0.682137905346676,-0.3550999845612033,-0.0972627677878441,-0.2711077303832567,-0.9189199635533056,0.2573056951231681,1.0,0,1,0,0.0382615608605417,Persuadable
4441,0.3497366993528136,0.0663786014227616,-0.0972627677878441,-0.3358396724254082,0.4446322041727367,-0.0323659086164936,0.0,20,1,1,0.017090525835949014,Persuadable
4324,0.0917680481779412,-0.4406173788188193,-0.712071666573206,-1.306818803057679,1.1775414943254845,-0.8054759321108607,0.0,0,0,0,0.10821838337548466,Highly Persuadable
4963,0.2637471489611895,-0.013030407530739,-0.0972627677878441,-0.607713829002444,-1.3237245133469744,0.5166400700927974,1.0,0,1,0,0.0014293949896111346,Persuadable
1847,0.0057784977863171,-0.2879077462159335,-0.712071666573206,-0.0639655158483722,-0.6291651279115216,-0.8730007316312546,0.0,0,0,0,0.1099871240777689,Highly Persuadable
132,-1.4560438588712932,-0.7277114881122446,-1.3268805653585676,-1.073783811705934,-1.3237245133469744,-0.5999656727009655,0.0,0,1,0,0.06555419597672911,Persuadable
179,-0.080211052605307,-1.6500776690336751,-1.3268805653585676,-1.306818803057679,-0.3266269906973059,-1.4914887504267484,0.0,0,1,0,-0.06968163548584903,Not Persuadable
2965,0.0057784977863171,1.2941640475499636,-0.712071666573206,0.2855869711792452,-1.0936250850432048,0.541105577165404,1.0,0,1,0,-0.036633195614357426,Not Persuadable
4477,0.2637471489611895,-1.08199783575094,-1.3268805653585676,1.3860299858958187,-1.153280492381219,-1.9514402833917517,0.0,0,0,0,0.17159263292304952,Highly Persuadable
2711,-0.080211052605307,-0.5750018555093589,-1.3268805653585676,-1.306818803057679,-0.2754937844075794,-0.3259519934877723,0.0,0,1,0,-0.010399409697065602,Not Persuadable
4702,-0.5101588045634277,1.0192867088647692,-0.0972627677878441,-1.306818803057679,-0.7825647467807013,-0.1860092930324628,0.0,20,1,1,-0.02179829313290865,Not Persuadable
1843,0.9516635520941824,1.1353460296429625,-0.712071666573206,0.5315683509394203,0.2486215800621181,-0.0421521114455356,1.0,10,1,1,0.1265078825270485,Highly Persuadable
2218,-0.080211052605307,-0.3978586816900113,-0.0972627677878441,-1.306818803057679,-1.166063793953651,1.0558598459730464,1.0,0,0,0,-0.1305518140250771,Not Persuadable
3594,0.4357262497444378,0.0175115189898381,0.5175461309975176,0.6998714002490141,1.1434526901323334,-0.6723835736358811,0.0,0,1,0,0.055016871648155836,Persuadable
2389,1.1236426528774308,-0.7399282587204755,1.1323550297828793,-0.9702127044384918,-1.2598080054848162,-0.5236332906344329,1.0,0,0,0,0.041311846923344726,Persuadable
605,-0.682137905346676,-0.4345089935147039,-0.0972627677878441,-1.306818803057679,-0.0027833508623708,-0.5030822646934433,0.0,0,1,0,0.024805670714072626,Persuadable
2643,-1.0260961069131724,-1.747811833899522,-0.712071666573206,1.5802258120222732,1.2755468063807938,-2.5552489979436817,0.0,25,1,1,0.1721671326644915,Highly Persuadable
26,-0.3381797037801794,-1.8699795399818304,-0.712071666573206,-1.306818803057679,-0.0070444513865147,-0.5383125948779967,1.0,20,0,1,0.02679078511054059,Persuadable
659,1.295621753660679,0.6344584347054969,1.7471639285682412,0.6739786234321535,0.3338435905449958,-0.848535224558648,1.0,20,0,1,0.028252489510734675,Persuadable
1897,-1.6280229596545417,-0.7399282587204755,1.1323550297828793,-1.2679796378323882,0.4574155057451683,-1.7390796820015268,0.0,0,0,0,-0.07965613092324027,Not Persuadable
3545,-0.2521901533885552,1.2208634239005784,1.1323550297828793,0.4409436320804086,1.215891399042779,1.4972175935628689,0.0,5,1,1,0.14933537363592228,Highly Persuadable
4769,-1.542033409262917,-0.4039670669941267,-1.3268805653585676,-0.3228932840169778,-0.3820212975111764,-0.3572678425407087,1.0,0,0,0,0.0036375739413071775,Persuadable
174,-1.2840647580880449,-1.5279099629513664,-1.3268805653585676,-1.306818803057679,-0.4800266095664857,-1.7420155428502395,1.0,0,0,0,-0.0011418237696988612,Not Persuadable
1612,-0.2521901533885552,-1.1308649181838633,-0.0972627677878441,-0.0769119042568025,0.3338435905449958,-2.487724198423287,1.0,0,0,0,0.0764031210319134,Persuadable
438,-1.1120856573047966,-0.6360857085505132,-1.3268805653585676,-0.6206602174108743,-0.4800266095664857,-0.4766595170550286,1.0,0,0,0,0.01343926516085361,Persuadable
332,0.6936949009193102,0.6955422877466512,-0.0972627677878441,1.191834159769365,-1.153280492381219,0.8102261549640761,1.0,30,1,1,0.10745439882349604,Highly Persuadable
1455,1.5535904048355516,0.7383009848754593,1.7471639285682412,2.266384397669078,2.0127171970576856,0.9589764379655245,1.0,25,1,1,0.09923586135507256,Persuadable
343,0.0917680481779412,0.1396792250721468,-0.0972627677878441,-0.2452149535663961,-0.2073161760212772,-0.2975720052835487,0.0,0,1,0,0.06019441009320453,Persuadable
3214,-1.0260961069131724,-1.4485009539978655,-0.712071666573206,-0.5947674405940137,1.6420014514571677,-2.227411203170754,1.0,0,1,0,0.04574738658682198,Persuadable
2562,0.0917680481779412,-0.5261347730764354,-0.0972627677878441,-0.1545902347073842,-1.3237245133469744,-0.0196438449387379,0.0,0,1,0,0.004726874572111125,Persuadable
1089,0.6936949009193102,1.990519972219123,1.7471639285682412,0.5833539045731415,0.5724652198970532,2.620673678336962,0.0,0,1,0,0.023245198589550972,Persuadable
480,2.6714545599266653,0.4084481784532258,0.5175461309975176,-0.0510191274399419,-1.2001525981468018,0.4011628767100945,0.0,20,0,1,-0.029518563232499306,Not Persuadable
728,0.7796844513109343,-0.1290897283089322,-1.3268805653585676,-0.3099468956085476,-0.4288934032767591,0.0733250819371672,1.0,0,1,0,-0.01898242760754396,Not Persuadable
3802,-0.7681274557383001,0.3473643254120715,1.1323550297828793,-0.7242313246783165,0.5000265109866072,-0.3455243991458571,0.0,0,0,0,0.05332726217544271,Persuadable
977,1.1236426528774308,0.1824379222009548,-0.0972627677878441,0.98469194523448,0.5937707225177726,0.9746343624919922,1.0,0,1,0,-0.05813452731411396,Not Persuadable
2054,2.929423211101537,3.2427389595627867,3.5915906249243266,2.8878110412737312,1.0752750817460313,1.5989941029849115,0.0,15,1,1,-0.06347687213374942,Not Persuadable
2993,-0.080211052605307,2.3814566316825108,-0.0972627677878441,-0.2711077303832567,-0.070960959248673,0.860135789392194,0.0,0,1,0,-0.004184201698670988,Not Persuadable
1929,0.8656740017025585,-0.281799360911818,-0.0972627677878441,1.3342444322620977,-0.4970710116630612,-1.7459300239818567,1.0,20,0,1,0.10337670921992478,Highly Persuadable
1469,-1.4560438588712932,1.636233624580428,0.5175461309975176,-0.1804830115242448,-0.467243307994054,1.1008763789866427,0.0,15,1,1,0.17405100224900383,Highly Persuadable
1225,-0.9401065565215484,-0.4589425347311656,-0.712071666573206,-0.6206602174108743,-0.1007886629176801,-1.9631837267866028,0.0,15,0,1,-0.04846378509873956,Not Persuadable
3729,0.2637471489611895,0.4084481784532258,-0.712071666573206,-0.2452149535663961,-0.0113055519106586,-0.1595865453940474,1.0,20,1,1,0.05734667648072683,Persuadable
1953,-1.8000020604377898,-0.0374639487472007,-1.3268805653585676,-1.164408530564946,1.9445395886713832,-0.0323659086164936,0.0,0,1,0,-0.0029320628700965938,Not Persuadable
4841,0.1777575985695653,-0.1413064989171631,-0.0972627677878441,-0.5041427217350017,-1.3237245133469744,-0.8730007316312546,0.0,15,0,1,-0.0012737658186025248,Not Persuadable
4616,1.7255695056187998,2.625792043847128,0.5175461309975176,-1.306818803057679,-0.1263552660625435,1.48841001101673,0.0,15,1,1,0.14416019962441037,Highly Persuadable
1893,-1.1980752076964207,-1.8699795399818304,-0.712071666573206,1.735582472923436,-1.3237245133469744,-1.0745965099095327,1.0,15,0,1,0.07755647667117618,Persuadable
1300,-1.0260961069131724,-1.0392391386221318,-0.712071666573206,0.091391145052791,-1.3109412117745427,0.204460199846338,0.0,0,0,0,0.03606933502692516,Persuadable
3806,-1.8859916108294137,0.5733745816643425,-0.0972627677878441,0.0654983682359304,-1.0637973813741977,1.0568384662559505,1.0,0,0,0,-0.03349346607127938,Not Persuadable
4610,-0.4241692541718035,-0.3795335257776649,-1.3268805653585676,-0.5559282753687228,-0.8209146514979963,1.478623808187688,1.0,15,0,1,-0.033568163758632204,Not Persuadable
661,-1.7140125100461656,-0.5200263877723199,-1.3268805653585676,-0.8536952087626192,0.0994830617170822,-1.7762672527518886,0.0,0,1,0,-0.061048162744716354,Not Persuadable
4761,0.1777575985695653,1.0192867088647692,2.9767817261389644,1.9297782990498904,3.133386634907527,0.8943874992938433,1.0,25,0,1,0.06807457505916789,Persuadable
2410,-0.5101588045634277,-0.0496807193554316,-0.712071666573206,-1.306818803057679,-1.0211863761327586,-0.8827869344602973,0.0,25,0,1,0.03948482488530198,Persuadable
4571,-0.080211052605307,0.7871680673083827,1.1323550297828793,-0.9054807623963405,-0.7612592441599819,1.1165343035131106,0.0,0,1,0,-0.09059580059249125,Not Persuadable
2992,1.7255695056187998,0.2496301605462245,0.5175461309975176,-0.931373539213201,-0.5311598158562123,0.6321172634755003,1.0,0,0,0,0.08222802751304863,Persuadable
4735,-0.4241692541718035,-0.3489915992570878,-0.0972627677878441,-0.3228932840169778,-1.3237245133469744,-1.2478122999835872,1.0,10,0,1,0.015509526596449231,Persuadable
3067,0.2637471489611895,0.5061823433190727,1.7471639285682412,2.2404916208522176,-0.2200994775937088,1.470794845924453,0.0,0,0,0,0.12658067821739646,Highly Persuadable
2719,1.0376531024858069,0.4023397931491104,1.1323550297828793,0.3762116900382572,1.1732803938013403,0.1692298696617846,0.0,0,0,0,0.1896751384223622,Highly Persuadable
3614,-0.5101588045634277,-0.6116521673340515,-1.3268805653585676,-0.2711077303832567,-0.1519218692074067,-0.5471201774241354,0.0,0,1,0,0.05352895005270026,Persuadable
3207,0.5217158001360619,-0.788795341153399,1.7471639285682412,1.191834159769365,0.0611331569997873,-0.4159850595149639,1.0,0,0,0,0.0458314144720946,Persuadable
1279,0.3497366993528136,1.0498286353853463,-0.712071666573206,-0.4782499449181411,-0.2925381865041548,0.3737615087887758,0.0,10,0,1,-0.044248122146042485,Not Persuadable
3086,0.7796844513109343,0.3107140135873789,-0.712071666573206,-0.1028046810736631,0.2954936858277008,-0.0069217812609822,0.0,25,0,1,-0.11339857443963247,Not Persuadable
1622,0.0917680481779412,-0.9659385149727464,-0.0972627677878441,0.2985333595876755,-1.302419010726255,0.527404893204745,1.0,10,0,1,-0.11155797829655353,Not Persuadable
3692,-0.080211052605307,-0.3306664433447415,-0.0972627677878441,1.1659413829525045,0.4488933046968806,-0.2975720052835487,1.0,0,1,0,0.04987376820829948,Persuadable
2847,-0.5961483549550518,0.2190882340256474,-1.3268805653585676,-1.306818803057679,-1.3237245133469744,0.7417227351607782,0.0,0,1,0,-0.07700108304568543,Not Persuadable
68,-0.5101588045634277,0.5489410404478808,-0.712071666573206,-0.4394107796928503,-1.2512858044365285,0.30819394983419,0.0,15,0,1,0.06346663032620903,Persuadable
4265,-0.682137905346676,1.8011600277915445,-1.3268805653585676,-0.840748820354189,-0.1647051707798384,-0.6997849415572002,0.0,25,0,1,0.05766952762743378,Persuadable
4627,-0.5101588045634277,-1.8699795399818304,-0.712071666573206,0.1431766986865122,1.3138967110980886,-2.366375283343159,0.0,25,1,1,0.1513244723972497,Highly Persuadable
3809,-0.080211052605307,0.2679553164585709,0.5175461309975176,-1.047891034889073,-0.8507423551670035,1.0196508955055883,1.0,20,0,1,-0.09999518939338785,Not Persuadable
821,-0.5101588045634277,-0.6177605526381669,-1.3268805653585676,-1.306818803057679,-0.0070444513865147,-0.4786167576208367,0.0,20,1,1,0.018160388475326836,Persuadable
1227,0.7796844513109343,0.341255940107956,-0.712071666573206,0.0784447566443607,0.7002982356213696,0.424649763499797,1.0,25,1,1,0.03461114147446235,Persuadable
3007,-1.8859916108294137,-0.8620959648027842,-0.0972627677878441,1.4766547047548308,0.9943141717872976,-2.0483236913992737,0.0,5,0,1,0.11170924969898992,Highly Persuadable
4273,0.4357262497444378,-0.5688934702052434,-0.712071666573206,-1.306818803057679,-0.4033268001318958,-0.7222932080639982,0.0,0,0,0,0.06573621679929793,Persuadable
2759,0.7796844513109343,-0.1229813430048168,-1.3268805653585676,-0.1545902347073842,0.5213320136073266,0.8209909780760236,1.0,0,1,0,-0.11916143278955074,Not Persuadable
4468,-0.3381797037801794,-1.4729344952143275,-1.3268805653585676,0.5056755741225601,2.79675969350016,-1.8486851536868043,1.0,0,0,0,0.17737480261229585,Highly Persuadable
4280,-1.0260961069131724,-0.6849527909834366,-0.712071666573206,-0.4394107796928503,-1.3237245133469744,-1.143099929712831,1.0,0,1,0,0.033971084209935345,Persuadable
3365,0.5217158001360619,0.4634236461902647,-0.0972627677878441,1.1529949945440738,4.262578273805655,-0.9943496467113832,0.0,25,1,1,0.18960672506428877,Highly Persuadable
1144,-0.5961483549550518,-0.3489915992570878,-1.3268805653585676,-1.306818803057679,-0.8251757520221401,-0.9326965688884143,0.0,0,1,0,0.023914923308078616,Persuadable
398,0.2637471489611895,1.1903214973800011,-1.3268805653585676,-1.306818803057679,-1.18736929657437,0.1222560960823803,0.0,0,1,0,0.007402279113767685,Persuadable
2922,0.2637471489611895,1.1353460296429625,1.1323550297828793,-0.9054807623963405,0.035566553854924,1.2594128648171328,1.0,15,0,1,-0.001251469738278511,Not Persuadable
4312,0.0057784977863171,-0.746036644024591,-0.712071666573206,-1.306818803057679,0.5682041193729093,0.2367546691821785,0.0,20,1,1,0.12748368678933064,Highly Persuadable
3037,0.1777575985695653,-0.0496807193554316,0.5175461309975176,0.453890020488839,-0.0624387582003852,-0.5363553543121885,0.0,0,0,0,0.11972740341003223,Highly Persuadable
1399,0.607705350527686,-0.6544108644628595,-0.712071666573206,0.2726405827708149,-1.3237245133469744,0.6145020983832237,0.0,20,1,1,0.025164751892944082,Persuadable
1660,0.1777575985695653,-1.5889938159925208,-0.0972627677878441,1.43781553952954,-1.3237245133469744,0.1672726290959758,0.0,0,0,0,0.14489772791246772,Highly Persuadable
980,0.4357262497444378,-1.08199783575094,-0.712071666573206,-0.89253437398791,-1.3066801112503987,-1.31044399808946,1.0,0,1,0,0.08116751394436451,Persuadable
1299,-1.1980752076964207,0.2862804723709172,-0.712071666573206,1.243619713403086,-0.906136661980874,-0.2486409911383356,0.0,30,1,1,0.06583272107406893,Persuadable
3419,0.1777575985695653,1.0131783235606535,-0.0972627677878441,-0.6983385478614559,-1.1064083866156365,-0.4101133378175388,0.0,15,0,1,0.0371084601142834,Persuadable
83,-0.3381797037801794,-0.0924394164842396,0.5175461309975176,1.43781553952954,0.5852485214694848,0.1888022753198701,1.0,0,1,0,0.11420169510750866,Highly Persuadable
3709,-0.1662006029969311,-0.5383515436846662,1.1323550297828793,1.0882630525019223,-0.7783036462565575,-0.7477373354195093,1.0,0,0,0,0.1648088456685332,Highly Persuadable
2474,0.607705350527686,-0.2940161315200489,-0.0972627677878441,2.305223562894369,-0.8763089583118667,-1.646110755125622,1.0,30,1,1,0.2340917085753088,Highly Persuadable
3758,-1.2840647580880449,0.4573152608861493,-0.712071666573206,-1.021998258072213,-1.3237245133469744,0.7358510134633524,1.0,0,0,0,0.0015270316371459773,Persuadable
3800,-0.080211052605307,-0.3734251404735496,0.5175461309975176,0.4409436320804086,-0.1689662713039823,0.0077575229825814,1.0,0,0,0,0.02984010036364207,Persuadable
2304,-0.4241692541718035,-0.3367748286488569,-0.0972627677878441,-0.8019096551288981,-0.3351491917455937,-0.184052052466654,0.0,10,0,1,0.04956782934964764,Persuadable
424,-1.542033409262917,-0.8193372676739762,-0.0972627677878441,-0.4911963333265715,-1.3237245133469744,-2.0483236913992737,0.0,0,1,0,-0.016398947200241574,Not Persuadable
4350,0.5217158001360619,-0.3184496727365106,-0.0972627677878441,-1.306818803057679,-0.0283499540072341,-0.9679268990729682,1.0,0,0,0,0.04313899212049073,Persuadable
1905,0.607705350527686,-0.4772676906435119,-0.0972627677878441,-1.306818803057679,-0.5652486200493634,0.256327074840264,0.0,0,0,0,0.08739114662406121,Persuadable
4625,1.897548606402048,0.8360351497413061,2.3619728273536027,1.7873680265571574,0.0483498554273556,1.0480308837098118,1.0,30,0,1,0.010935778494729823,Persuadable
4120,-0.7681274557383001,-1.1491900740962095,0.5175461309975176,-0.0769119042568025,-0.8081313499255647,-0.0558527954061954,1.0,0,1,0,0.023898203895102606,Persuadable
4317,0.607705350527686,-0.2023903519583174,-0.712071666573206,0.4021044668551178,-1.3237245133469744,0.2259898460702316,0.0,0,0,0,0.06856961420703425,Persuadable
1566,-0.682137905346676,0.1885463075050702,0.5175461309975176,-0.7112849362698862,2.502743757334232,1.042159162012387,0.0,5,0,1,-0.07830433603374069,Not Persuadable
3371,-0.2521901533885552,0.2740637017626863,0.5175461309975176,-0.1545902347073842,0.904831060780276,0.9090668035374072,0.0,25,1,1,0.053174148851373976,Persuadable
840,-0.3381797037801794,-1.4912596511266738,-1.3268805653585676,-0.659499382636165,-1.3237245133469744,0.4921745630201909,0.0,0,1,0,-0.009325460070193118,Not Persuadable
501,1.3816113040523033,0.2190882340256474,1.7471639285682412,0.0266592030106395,-0.6163818263390899,-2.634517240858927,1.0,0,0,0,0.03465346260437496,Persuadable
142,-1.0260961069131724,-1.8699795399818304,-0.712071666573206,1.4248691511211096,-1.3237245133469744,-1.1489716514102566,1.0,20,1,1,0.1709096187945723,Highly Persuadable
1378,0.1777575985695653,0.7016506730507667,0.5175461309975176,-1.306818803057679,-0.2967992870282988,0.8190337375102148,0.0,10,0,1,0.020437928767063237,Persuadable
4016,-0.080211052605307,-0.23904066378301,-0.712071666573206,-1.306818803057679,-0.7527370431116942,-0.8338559203150842,0.0,15,1,1,0.06644808132675194,Persuadable
3260,-0.3381797037801794,0.0663786014227616,0.5175461309975176,-1.164408530564946,-0.1220941655383996,-0.4874243401669754,0.0,25,0,1,0.02925594896256675,Persuadable
1139,-0.080211052605307,-0.1779568107418557,-0.712071666573206,-0.9184271508047708,-0.7825647467807013,-0.2143892812366863,1.0,0,0,0,0.0660609111382051,Persuadable
3097,1.3816113040523033,0.4756404167984956,1.1323550297828793,-0.1545902347073842,0.218793876393111,0.7387868743120654,0.0,20,0,1,-0.10932621495230559,Not Persuadable
1788,-1.6280229596545417,-1.4179590274772886,-0.712071666573206,0.9458527800091892,-1.3237245133469744,-0.8465779839928396,0.0,0,0,0,0.12341047115169076,Highly Persuadable
2582,1.0376531024858069,1.3613562858952333,1.1323550297828793,-0.2452149535663961,1.9828894933886785,1.3983769449895382,1.0,0,1,0,0.039997148541163326,Persuadable
551,0.4357262497444378,0.8604686909577679,-0.0972627677878441,1.5931722004307034,0.5682041193729093,0.7798889261940445,1.0,0,1,0,-0.013179216486957152,Not Persuadable
3115,0.2637471489611895,0.7810596820042672,-1.3268805653585676,0.4927291857141298,-0.1902717739247017,0.2582843154060729,0.0,0,0,0,0.05785937867271765,Persuadable
2020,0.5217158001360619,0.3290391694997252,0.5175461309975176,0.0396055914190698,-0.3053214880765865,-0.1674155076572813,0.0,10,1,1,0.1331500916443887,Highly Persuadable
949,0.4357262497444378,1.159779570859424,0.5175461309975176,0.7646033422911656,-0.4842877100906296,0.7133427469565546,1.0,20,0,1,0.0439151633649339,Persuadable
2276,-1.8859916108294137,-1.4912596511266738,-0.0972627677878441,-0.9054807623963405,0.1591384690550966,-0.7947111089989138,1.0,0,0,0,0.09635855508057234,Persuadable
533,-0.4241692541718035,-0.2695825903035872,-0.0972627677878441,0.3503189132213966,-0.2073161760212772,-0.46100159252856,0.0,0,0,0,0.06730253519784149,Persuadable
1830,-0.2521901533885552,-1.4057422568690576,-0.712071666573206,-0.8278024319457586,-1.3237245133469744,-0.4189209203636768,1.0,10,0,1,0.16496708455677925,Highly Persuadable
2933,1.209632203269055,1.4102233683281569,-0.0972627677878441,0.4668364088972692,-0.4416767048491907,1.029437098334631,1.0,25,1,1,0.09299836007480497,Persuadable
4429,-0.1662006029969311,-1.1614068447044403,-0.0972627677878441,0.5056755741225601,-1.3237245133469744,-0.4952533024302094,0.0,0,1,0,0.11992019478617225,Highly Persuadable
3890,-0.7681274557383001,-0.929288203148054,-0.712071666573206,-0.4394107796928503,-1.3237245133469744,-0.2300472057631542,1.0,0,1,0,0.031474680812119085,Persuadable
1603,1.295621753660679,1.214755038596463,-0.0972627677878441,0.6221930697984324,0.7173426377179452,2.2859855415837043,0.0,25,0,1,0.08069369389764224,Persuadable
640,0.5217158001360619,0.7810596820042672,-0.712071666573206,-0.1545902347073842,0.1506162680068088,0.6448393271532561,1.0,5,0,1,-0.08213613054826371,Not Persuadable
4843,-1.542033409262917,-1.8699795399818304,-1.3268805653585676,0.2855869711792452,1.1647581927530528,-0.6988063212742961,0.0,0,1,0,0.03847978980974407,Persuadable
968,-0.7681274557383001,-0.4772676906435119,-0.712071666573206,0.3373725248129663,0.0568720564756434,-0.7819890453211582,0.0,30,1,1,0.07623244842538153,Persuadable
4248,0.5217158001360619,0.0969205279433387,-0.712071666573206,0.2079086407286636,0.580987420945341,0.3434242800187434,0.0,20,1,1,0.04053651906532749,Persuadable
2641,0.607705350527686,-0.0374639487472007,-0.0972627677878441,-0.0510191274399419,-1.2299803018158089,-0.8524497056902653,0.0,0,0,0,0.08016470064880522,Persuadable
1684,1.295621753660679,0.2618469311544554,0.5175461309975176,1.2306733249946555,-1.0936250850432048,0.6213524403635535,0.0,0,0,0,0.13811728673482665,Highly Persuadable
4481,0.2637471489611895,-0.1290897283089322,-0.712071666573206,-0.7242313246783165,-1.3237245133469744,0.4021414969929993,0.0,0,1,0,0.10743582870756622,Highly Persuadable
2358,0.3497366993528136,-0.1718484254377403,-0.712071666573206,-1.306818803057679,0.4915043099383194,-0.240812028875101,0.0,0,1,0,-0.06303417612474825,Not Persuadable
156,1.811559056010424,0.0847037573351079,2.3619728273536027,1.981563852683612,0.4446322041727367,0.6340745040413092,1.0,10,1,1,0.014633288925708853,Persuadable
2630,-0.080211052605307,-0.3306664433447415,-0.712071666573206,-1.306818803057679,0.1719217706275282,1.408163147818581,0.0,20,0,1,-0.15470946026523538,Not Persuadable
4160,0.4357262497444378,1.3735730565034645,-0.0972627677878441,0.51862196253099,-1.3237245133469744,1.412077628950198,1.0,5,1,1,0.026069653959104308,Persuadable
1090,-0.2521901533885552,-0.7704701852410527,-0.0972627677878441,1.023531110459771,-0.8166535509738524,-0.4384933260217623,0.0,0,1,0,0.09925630882395851,Persuadable
3821,1.0376531024858069,1.184213112075886,-1.3268805653585676,-0.1286974578905237,-0.3521935938421692,2.0834111430225217,1.0,20,0,1,0.007505532051757596,Persuadable
4251,-0.2521901533885552,0.9765280117359612,0.5175461309975176,1.2824588786283768,-0.0155666524348025,0.695727581864278,0.0,0,1,0,-0.006371776273464912,Not Persuadable
289,-0.3381797037801794,-0.013030407530739,-0.0972627677878441,1.90388552223303,-0.1263552660625435,0.5636138436722025,0.0,30,1,1,0.13271310478229678,Highly Persuadable
931,0.0057784977863171,0.4695320314943801,-0.0972627677878441,-0.141643846298954,1.735745662988333,0.2739422399325407,0.0,0,0,0,0.07269507376920376,Persuadable
2551,-1.7140125100461656,-0.6177605526381669,-0.712071666573206,-1.306818803057679,0.3721934952622907,-0.8152621349399031,1.0,25,0,1,0.014311560965357625,Persuadable
2278,1.983538156793672,0.7383009848754593,0.5175461309975176,0.8034425075164564,-0.467243307994054,1.367061095936602,1.0,15,0,1,0.015188216920356665,Persuadable
3387,0.0057784977863171,0.1580043809844931,-0.0972627677878441,1.2306733249946555,-0.5311598158562123,-1.2517267811152042,0.0,10,0,1,0.09144305694370566,Persuadable
2699,0.4357262497444378,-0.2512574343912409,-0.0972627677878441,0.1690694755033727,-0.612120725814946,-0.2515768519870479,0.0,15,1,1,0.07659784928140535,Persuadable
3894,-1.1120856573047966,0.0847037573351079,0.5175461309975176,2.36995550493652,-1.3237245133469744,-0.2603844345331865,0.0,20,0,1,-0.008097392511490335,Not Persuadable
943,0.5217158001360619,0.848251920349537,0.5175461309975176,0.609246681390002,-0.0453943561038097,-0.2701706373622293,0.0,0,1,0,0.0862479838700798,Persuadable
3878,0.3497366993528136,-1.0758894504468244,-1.3268805653585676,1.4766547047548308,-1.2299803018158089,-0.0098576421096951,0.0,10,1,1,0.20842976979277011,Highly Persuadable
4673,0.607705350527686,0.2801720870668017,-0.0972627677878441,-0.2193221767495355,-1.3237245133469744,-0.2731064982109422,1.0,0,0,0,0.09996181104849941,Persuadable
1699,-1.8000020604377898,-1.210273927137364,-0.712071666573206,-0.1545902347073842,-0.7910869478289891,-0.7448014745707964,1.0,15,0,1,0.12239185806359633,Highly Persuadable
4719,0.2637471489611895,0.5367242698396499,1.1323550297828793,0.2726405827708149,-1.3237245133469744,0.4960890441518085,1.0,0,1,0,-0.04666792586488226,Not Persuadable
3197,-1.370054308479669,-0.5444599289887817,0.5175461309975176,-1.306818803057679,-0.1647051707798384,-0.5666925830822209,0.0,0,0,0,0.009734017041783857,Persuadable
2522,1.811559056010424,1.2330801945088092,1.7471639285682412,1.541386646796982,1.088058383318463,1.1351280888882913,0.0,0,0,0,-0.012485872942805992,Not Persuadable
2827,1.897548606402048,1.5446078450186964,3.5915906249243266,1.3083516554452377,1.0241418754563048,0.7740172044966187,0.0,10,0,1,-0.05444457691998694,Not Persuadable
986,0.6936949009193102,0.848251920349537,0.5175461309975176,-1.2032476957902367,-1.1404971908087875,-0.1468644817162917,1.0,20,1,1,0.11840638395895828,Highly Persuadable
2788,-0.080211052605307,0.4939655727108419,0.5175461309975176,-0.2452149535663961,0.3508879926415713,1.3142156006597718,0.0,10,1,1,0.02282125220227298,Persuadable
3083,0.2637471489611895,1.2391885798129247,0.5175461309975176,1.4248691511211096,-0.6376873289598094,0.4109490795391373,0.0,0,1,0,0.003210094288118896,Persuadable
2584,0.3497366993528136,-1.479042880518443,-0.0972627677878441,-0.2452149535663961,2.0382838002025485,-1.123527524054746,0.0,0,0,0,0.12871564896063487,Highly Persuadable
4788,0.0057784977863171,0.1702211515927239,0.5175461309975176,-0.5300354985518623,-0.1007886629176801,-1.937739599431092,1.0,5,0,1,0.1069860109383376,Highly Persuadable
982,-1.542033409262917,0.5916997375766888,-0.712071666573206,-1.0867302001143642,-1.3237245133469744,0.1408498814575611,0.0,20,1,1,0.10402527860098545,Highly Persuadable
2750,0.7796844513109343,-0.6971695615916675,-0.0972627677878441,0.3762116900382572,0.4574155057451683,-0.3455243991458571,0.0,0,1,0,-0.05879618989865355,Not Persuadable
2446,2.6714545599266653,2.3081560080331256,1.1323550297828793,0.5056755741225601,0.1889661727241038,0.6487538082848731,1.0,25,1,1,0.12388449610962585,Highly Persuadable
4698,-0.080211052605307,0.8238183791330753,0.5175461309975176,0.9070136147838987,-0.0113055519106586,0.1770588319250185,0.0,10,1,1,0.14715124797365722,Highly Persuadable
2958,0.0917680481779412,0.3351475548038407,2.3619728273536027,0.5704075161647112,3.274002952204275,1.8358202114477435,0.0,25,1,1,0.11905604658867946,Highly Persuadable
3544,0.4357262497444378,1.0681537912976926,-0.712071666573206,-1.306818803057679,-1.042491878753478,-0.188945153881175,0.0,15,1,1,0.06956045273163154,Persuadable
4708,-0.3381797037801794,-0.3734251404735496,1.1323550297828793,0.7904961191080262,-0.0666998587245291,0.0694106008055495,1.0,5,0,1,0.06337212908126315,Persuadable
1458,0.0917680481779412,0.2740637017626863,-0.712071666573206,0.1431766986865122,-0.7399537415392625,1.0548812256901416,1.0,10,0,1,-0.13733883294772978,Not Persuadable
1396,1.897548606402048,0.6955422877466512,1.1323550297828793,-0.6465529942277348,-1.1106694871397802,0.100726449858486,0.0,0,1,0,-0.0018921545720716865,Not Persuadable
265,0.5217158001360619,-0.660519249766975,0.5175461309975176,0.4021044668551178,0.687514934048938,-1.3055508966749387,1.0,0,0,0,0.16189940836458794,Highly Persuadable
3683,0.1777575985695653,1.355247900591118,-0.0972627677878441,1.1788877713609345,-1.3237245133469744,-0.452194009982422,0.0,0,0,0,0.10695575823055986,Highly Persuadable
930,0.0917680481779412,0.1885463075050702,-0.0972627677878441,0.5704075161647112,-0.543943117428644,-0.1018479487026963,0.0,30,1,1,0.10887715891303595,Highly Persuadable
3076,-0.8541170061299242,-1.2347074683538255,-0.712071666573206,0.0525519798275001,-1.153280492381219,-1.594243880131696,0.0,0,0,0,0.08271632541344726,Persuadable
2708,-1.8859916108294137,-1.8699795399818304,-0.712071666573206,-0.1157510694820934,-1.3194634128228304,-1.5756500947565149,1.0,0,1,0,0.02936242962388063,Persuadable
247,-1.1120856573047966,2.399781787594857,-0.0972627677878441,-0.3876252260591293,-0.6291651279115216,1.4336072751740916,1.0,15,0,1,0.05005767202945662,Persuadable
3608,1.5535904048355516,-0.4711593053393965,2.3619728273536027,-0.0769119042568025,1.7954010703263474,-0.3063795878296868,0.0,5,0,1,0.00730573305468024,Persuadable
1759,-1.0260961069131724,1.062045405993577,-0.712071666573206,0.8940672263754684,-0.8081313499255647,0.2171822635240936,0.0,0,0,0,0.0856098752088728,Persuadable
4915,1.209632203269055,0.9826363970400764,1.1323550297828793,0.7775497306995959,0.580987420945341,0.6497324285677778,1.0,15,1,1,0.04967709809151087,Persuadable
2826,-0.080211052605307,-0.0618974899636624,1.1323550297828793,-0.0898582926652328,0.3679323947381469,-0.1654582670914732,0.0,0,1,0,-0.03697079187529857,Not Persuadable
924,-0.5961483549550518,-1.4179590274772886,-0.712071666573206,0.1949622523202333,0.0270443528066362,-1.3329522645962582,0.0,0,0,0,0.07927007486392058,Persuadable
3096,-1.1980752076964207,-1.198057156529133,-0.0972627677878441,-0.2322685651579658,-1.3237245133469744,0.2210967446557106,1.0,0,0,0,-0.01797776168398477,Not Persuadable
269,0.0917680481779412,0.7077590583548821,-0.712071666573206,0.6739786234321535,-1.3237245133469744,-0.0998907081368875,1.0,5,1,1,0.18796952822755578,Highly Persuadable
670,-1.8859916108294137,-0.4772676906435119,-0.712071666573206,-0.2063757883411052,-0.3777601969870325,-0.9121455429474252,1.0,0,0,0,0.007267096877073754,Persuadable
2751,0.4357262497444378,-0.4284006082105884,1.1323550297828793,1.360137209078958,-1.18736929657437,-0.6821697764649235,1.0,10,1,1,0.2758400061805478,Highly Persuadable
1911,-0.7681274557383001,0.1824379222009548,0.5175461309975176,0.3503189132213966,-1.3237245133469744,1.2887714733042606,1.0,20,1,1,-0.05539254510121649,Not Persuadable
3001,1.295621753660679,0.9337693146071532,-0.0972627677878441,-0.1286974578905237,-1.085102883994917,1.572571355346497,0.0,0,1,0,-0.023641807901266413,Not Persuadable
1153,0.2637471489611895,-0.9659385149727464,-0.712071666573206,-1.0996765885227946,-0.2712326838834354,0.256327074840264,0.0,0,0,0,0.07540759968920939,Persuadable
4828,-0.2521901533885552,-0.2573658196953563,-0.0972627677878441,1.5154938699801217,1.0965805843667509,-0.1576293048282386,0.0,0,0,0,0.0714789342304768,Persuadable
3471,-1.6280229596545417,-0.4528341494270502,-1.3268805653585676,-1.306818803057679,1.40337982210511,-1.6402390334281962,1.0,0,1,0,0.0084251959797586,Persuadable
4252,-0.4241692541718035,-0.746036644024591,-1.3268805653585676,-0.6853921594530257,-1.3237245133469744,-0.0969548472881745,1.0,0,0,0,-0.0021973004043941763,Not Persuadable
3896,-1.6280229596545417,0.3351475548038407,-1.3268805653585676,-1.1126229769312248,-0.0113055519106586,0.7192144686539798,1.0,15,0,1,-0.020974809016641102,Not Persuadable
2188,-0.5101588045634277,0.3840146372367641,-0.0972627677878441,-0.6724457710445954,0.1932272732482476,-1.1137413212257032,0.0,20,0,1,-0.034181530920041975,Not Persuadable
2998,2.413485908751793,-0.0252471781389698,2.3619728273536027,0.8552280611501776,-0.1817495728764139,-0.5334194934634756,1.0,10,1,1,0.10861543282482534,Highly Persuadable
1916,-1.8859916108294137,-1.7233782926830603,-0.712071666573206,-1.306818803057679,0.2997547863518447,-2.774459941314236,1.0,0,1,0,-0.06468138541811166,Not Persuadable
613,-1.4560438588712932,-1.3629835597402498,-0.0972627677878441,1.191834159769365,-0.8209146514979963,-1.6069659438094512,0.0,30,1,1,0.12150412066770624,Highly Persuadable
3751,-0.2521901533885552,-1.815004072244792,-1.3268805653585676,0.4021044668551178,0.2656659821586937,-0.7810104250382541,0.0,0,1,0,0.052372199885994265,Persuadable
4604,0.607705350527686,0.3840146372367641,0.5175461309975176,-1.306818803057679,-1.2214581007675211,0.2367546691821785,0.0,0,1,0,0.00539713192854712,Persuadable
1899,-0.4241692541718035,-1.1736236153126711,-0.712071666573206,-1.306818803057679,-1.2129358997192334,-0.1272920760582069,0.0,5,0,1,0.020803902324378818,Persuadable
1650,-0.682137905346676,-1.8699795399818304,-0.712071666573206,-1.306818803057679,-0.8336979530704279,-1.2301971348913106,0.0,0,1,0,-0.03947759490729869,Not Persuadable
3169,-0.9401065565215484,-1.7294866779871756,-0.0972627677878441,2.2016524556269266,-0.0240888534830903,-1.6275169697504408,0.0,25,1,1,0.1030481372783834,Highly Persuadable
259,-0.1662006029969311,-1.4607177246060967,-0.712071666573206,-0.7630704899036073,-0.9615309687947444,-0.2789782199083673,0.0,20,1,1,0.11611776008761186,Highly Persuadable
848,0.8656740017025585,1.74007617475039,1.7471639285682412,1.7485288613318666,0.1335718659102333,0.8973233601425555,0.0,5,1,1,0.13995310414668752,Highly Persuadable
4373,-1.1980752076964207,-0.8498791941945534,-0.712071666573206,-1.306818803057679,-0.8805700588360106,-1.1254847646205544,1.0,0,0,0,0.0288167620532151,Persuadable
1234,0.0917680481779412,1.6851007070133512,1.1323550297828793,-0.4523571681012805,-0.5354209163803562,1.324001803488814,0.0,15,0,1,0.11937053565049173,Highly Persuadable
1128,-0.080211052605307,0.396231407844995,1.1323550297828793,0.98469194523448,1.2201524995669233,-0.8093904132424776,0.0,0,0,0,0.1257189642496711,Highly Persuadable
1968,-0.080211052605307,-1.1919487712250176,-0.712071666573206,2.253438009260648,-1.3237245133469744,0.1281278177798054,0.0,0,1,0,0.1283759788185046,Highly Persuadable
559,-1.2840647580880449,-1.185840385920902,-1.3268805653585676,-0.7760168783120376,-1.3237245133469744,-0.1370782788872497,0.0,25,0,1,-0.032376962348753285,Not Persuadable
4778,-1.370054308479669,-0.1290897283089322,-0.712071666573206,1.4507619279379702,0.2017494742965354,0.5792717681986703,0.0,20,1,1,0.02622242229047711,Persuadable
485,-0.080211052605307,0.6833255171384203,-0.0972627677878441,-0.4653035565097109,0.2997547863518447,0.7945682304376083,0.0,0,1,0,-0.058669503258937564,Not Persuadable
1321,-0.7681274557383001,-1.6561860543377904,-0.712071666573206,0.5056755741225601,-0.8038702494014207,-1.4073274060969818,1.0,25,1,1,0.14077697140733944,Highly Persuadable
2760,0.8656740017025585,-1.3568751744361345,-0.0972627677878441,2.6806688267388465,-1.3237245133469744,0.6409248460216391,0.0,0,0,0,0.1578052892839512,Highly Persuadable
8,-0.3381797037801794,0.2068714634174165,2.3619728273536027,1.8132608033740176,1.2755468063807938,0.4911959427372868,1.0,10,1,1,0.011973670602627,Persuadable
3460,0.7796844513109343,0.7260842142672284,-0.0972627677878441,-1.1773549189733763,-0.1391385676349751,0.7407441148778742,1.0,0,1,0,0.01539370294830628,Persuadable
3205,0.4357262497444378,1.3735730565034645,1.7471639285682412,0.51862196253099,2.22577222326488,0.6830055181865223,0.0,0,1,0,0.1037248533216476,Highly Persuadable
1451,-0.3381797037801794,0.5489410404478808,-1.3268805653585676,0.2726405827708149,-1.3237245133469744,-0.953247594829404,0.0,0,1,0,0.01209240108737642,Persuadable
3999,-0.682137905346676,0.9643112411277304,-0.712071666573206,-1.216194084198667,-0.7058649373461114,1.3435742091468994,0.0,0,1,0,-0.06097650059534206,Not Persuadable
1815,0.1777575985695653,0.298497242979148,-1.3268805653585676,0.738710565474305,-1.3237245133469744,1.0118219332423544,0.0,0,0,0,-0.028962867736274024,Not Persuadable
774,1.3816113040523033,1.6912090923174667,1.1323550297828793,-0.4911963333265715,1.203108097470348,1.3347666266007614,1.0,15,1,1,0.15830973951006666,Highly Persuadable
1012,1.4676008544439274,1.3613562858952333,2.9767817261389644,1.8779927454161691,0.4233267015520173,-0.3014864864151657,0.0,0,1,0,0.027019030623131764,Persuadable
2834,-1.0260961069131724,-0.0191387928348544,1.7471639285682412,-0.0380727390315116,0.6278595267109237,-0.6821697764649235,0.0,10,0,1,-0.015939367725011533,Not Persuadable
2464,-1.1980752076964207,-1.3446584038279037,-0.0972627677878441,-0.1286974578905237,-1.3237245133469744,-1.294786073562992,0.0,5,0,1,0.08520491007213489,Persuadable
1992,0.607705350527686,0.5978081228808043,0.5175461309975176,1.023531110459771,1.1306693885599015,-0.1106555312488343,1.0,0,1,0,0.08377144226445221,Persuadable
1278,1.6395799552271757,2.3081560080331256,1.1323550297828793,2.36995550493652,0.7216037382420891,0.6115662375345114,0.0,10,1,1,-0.015201446325682209,Not Persuadable
1784,-1.0260961069131724,0.8787938468701142,-0.712071666573206,-0.4394107796928503,0.0781775590963628,-0.1302279369069198,0.0,0,0,0,0.07322836235003304,Persuadable
4066,0.4357262497444378,1.0437202500812308,0.5175461309975176,0.324426136404536,0.5383764157039022,-0.0920617458736535,0.0,15,1,1,0.023986549610201642,Persuadable
447,1.1236426528774308,-0.9231798178439384,0.5175461309975176,0.4279972436719784,-0.0070444513865147,0.2798139616299665,0.0,10,0,1,-0.03982270929827927,Not Persuadable
881,0.2637471489611895,1.1536711855553086,-0.0972627677878441,0.8163888959248867,0.5682041193729093,1.2731135487777925,1.0,15,0,1,0.03822367064993123,Persuadable
4470,-0.8541170061299242,-1.8699795399818304,-0.712071666573206,-0.4005716144675594,-0.0368721550555219,-2.1921808729862,1.0,20,0,1,-0.044217401276659636,Not Persuadable
782,-0.080211052605307,-1.466826109910212,-0.0972627677878441,0.2467478059539543,2.2939498316511817,0.8033758129837463,1.0,0,0,0,-0.06078089289271204,Not Persuadable
1750,0.9516635520941824,0.1213540691598005,1.1323550297828793,-0.141643846298954,1.552518340450146,-0.6968490807084876,1.0,20,1,1,0.07605110151861783,Persuadable
3404,1.1236426528774308,1.1231292590347317,1.1323550297828793,-1.306818803057679,1.156235991704765,2.340788277426342,0.0,5,0,1,0.09413278598565922,Persuadable
4892,-1.542033409262917,-0.5261347730764354,-0.0972627677878441,2.421741058570241,0.3892378973588662,-0.4492581491337091,1.0,5,0,1,0.015235273428540117,Persuadable
884,-1.1980752076964207,-0.6666276350710904,-0.712071666573206,0.6221930697984324,0.9900530712631536,0.4637945748159673,0.0,0,1,0,-0.009266349171134353,Not Persuadable
2945,-0.1662006029969311,-0.2268238931747791,-0.712071666573206,1.2047805481777951,-0.8336979530704279,-1.221389552345172,1.0,0,1,0,0.13033679950529908,Highly Persuadable
1092,0.0057784977863171,-1.1919487712250176,-0.0972627677878441,1.5025474815716913,-0.4928099111389173,0.7064924049762248,1.0,0,1,0,0.07189660576529046,Persuadable
4672,-0.4241692541718035,-1.7844621457242145,-1.3268805653585676,-0.5688746637771531,-0.8848311593601546,-1.4435363565644397,1.0,0,0,0,0.018487537773193303,Persuadable
532,-0.9401065565215484,0.0785953720309924,-0.0972627677878441,-1.306818803057679,0.0398276543790679,-0.7819890453211582,1.0,20,0,1,0.0903170973567906,Persuadable
4041,0.0917680481779412,0.5428326551437653,-0.712071666573206,0.6221930697984324,-1.3237245133469744,0.6340745040413092,0.0,0,1,0,-0.0028517393731491,Not Persuadable
3340,-1.7140125100461656,0.5061823433190727,-0.0972627677878441,-0.7112849362698862,1.7996621708504912,-0.0803183024788019,0.0,0,0,0,0.03711098639040685,Persuadable
4590,-0.5101588045634277,0.1946546928091856,-0.712071666573206,-1.306818803057679,-0.0794831602969607,-0.5138470878053901,0.0,15,0,1,0.020706417712647474,Persuadable
1728,-0.5101588045634277,-0.465050920035281,-1.3268805653585676,0.2079086407286636,-1.315202312298687,0.152593324852412,0.0,10,1,1,-0.030578536220816653,Not Persuadable
611,-1.0260961069131724,0.3168223988914943,-0.712071666573206,1.2047805481777951,-0.288277085980011,0.0625602588252204,0.0,15,1,1,0.0462408203704082,Persuadable
571,-1.4560438588712932,0.0541618308145307,0.5175461309975176,0.1690694755033727,-0.0624387582003852,0.5450200582970217,1.0,20,0,1,0.0399516165889529,Persuadable
2687,-1.8000020604377898,-0.6849527909834366,-0.712071666573206,-1.306818803057679,-1.016925275608615,-0.6479180665632746,0.0,0,1,0,0.0725574799248411,Persuadable
3044,-0.5101588045634277,-1.8699795399818304,-1.3268805653585676,-1.306818803057679,-0.6035985247666583,-1.42298533062345,0.0,20,0,1,-0.017799156219353674,Not Persuadable
344,0.4357262497444378,-1.6500776690336751,-0.712071666573206,-0.607713829002444,0.2699270826828375,-1.2517267811152042,1.0,0,0,0,-0.007176798602585702,Not Persuadable
3016,-0.5961483549550518,0.7444093701795746,-0.0972627677878441,0.8163888959248867,0.0227832522824923,1.0724963907824183,1.0,20,0,1,0.034396494855075586,Persuadable
3155,-0.5961483549550518,0.0052947483816072,-0.712071666573206,-0.1675366231158145,0.6491650293316431,-1.3857977598730882,1.0,0,0,0,0.03617728015411704,Persuadable
435,0.9516635520941824,-0.4039670669941267,-0.712071666573206,0.1172839218696516,-0.9572698682706005,0.4050773578417122,1.0,0,0,0,0.040577140205065095,Persuadable
1904,-0.1662006029969311,0.3290391694997252,-0.712071666573206,-1.306818803057679,-0.1391385676349751,-0.2466837505725268,1.0,20,1,1,0.054649964493616664,Persuadable
3823,-0.080211052605307,-0.3123412874323952,-0.712071666573206,0.1043375334612213,-1.3237245133469744,-0.576478785911263,1.0,20,1,1,0.0862159990981305,Persuadable
2790,-0.4241692541718035,-0.5505683142928971,-0.0972627677878441,-0.6465529942277348,1.5823460441191532,-1.5511845876839083,0.0,0,0,0,0.11110233292603328,Highly Persuadable
2070,-0.1662006029969311,0.2801720870668017,0.5175461309975176,1.9297782990498904,-0.6930816357736798,-0.3924981727252621,0.0,0,1,0,0.007405346453993201,Persuadable
1538,-1.7140125100461656,-1.8699795399818304,-0.712071666573206,0.8552280611501776,2.400477344754779,0.5792717681986703,0.0,0,0,0,0.04309392927470768,Persuadable
2268,-0.2521901533885552,0.4206649490614567,-1.3268805653585676,-1.2550332494239578,-1.3237245133469744,0.6634331125284368,1.0,10,0,1,-0.023889228822373283,Not Persuadable
2362,-1.0260961069131724,-0.8987462766274767,-0.0972627677878441,2.6288832731051253,-0.3138436891248743,-1.877065141891028,0.0,5,0,1,0.16199531661971106,Highly Persuadable
1518,1.3816113040523033,-0.1351981136130476,0.5175461309975176,-1.306818803057679,0.6491650293316431,-0.9141027835132336,1.0,0,0,0,-0.019603317264410832,Not Persuadable
966,-1.370054308479669,0.4206649490614567,1.1323550297828793,0.7128177886574444,-0.722909339442687,0.9853991856039396,1.0,0,0,0,0.06599806865761908,Persuadable
4417,1.295621753660679,0.4512068755820339,0.5175461309975176,-1.2291404726070974,1.0965805843667509,-0.0910831255907488,1.0,15,0,1,-0.05388281144331218,Not Persuadable
529,0.2637471489611895,-0.0924394164842396,-0.0972627677878441,-1.306818803057679,-1.2342414023399528,1.028458478051727,0.0,0,1,0,-0.11821138041794942,Not Persuadable
177,1.6395799552271757,2.7357429793212056,1.1323550297828793,1.8262071917824485,0.5085487120348949,0.9325536903271088,0.0,0,1,0,0.053088952718493246,Persuadable
4595,0.7796844513109343,-0.0008136369225081,-0.0972627677878441,-1.306818803057679,1.5312128378294267,-0.7262076891956152,1.0,0,1,0,0.007850343924535274,Persuadable
4109,1.5535904048355516,0.9154441586948068,0.5175461309975176,0.4797827973056995,1.007097473359729,-1.1333137268837885,0.0,0,1,0,0.05306687018915301,Persuadable
4308,2.1555172575769204,0.9154441586948068,0.5175461309975176,0.8811208379670382,0.1335718659102333,-1.284021250451045,1.0,15,1,1,0.012796936728874865,Persuadable
573,0.2637471489611895,-1.3202248626114417,-0.0972627677878441,-0.4005716144675594,-1.1788470955260824,-1.743972783416048,0.0,20,0,1,0.010161986566807531,Persuadable
2315,0.5217158001360619,-0.196281966654202,1.7471639285682412,0.7516569538827352,1.6973957582710382,0.8562213082605771,0.0,30,1,1,0.09493997520281472,Persuadable
3525,-0.9401065565215484,0.9398776999112683,0.5175461309975176,-0.9572663160300616,-0.8251757520221401,1.5676782539319754,0.0,0,1,0,-0.02380845883091885,Not Persuadable
2940,-0.7681274557383001,0.3046056282832635,0.5175461309975176,0.648085846615293,2.430305048423786,1.3406383482981865,0.0,0,0,0,0.018956443534175308,Persuadable
3227,-0.9401065565215484,0.0419450602062998,-1.3268805653585676,0.324426136404536,-1.2086747991950897,-0.4707877953576028,1.0,0,1,0,0.07542525575513286,Persuadable
4328,0.5217158001360619,0.5672661963602271,-0.712071666573206,-1.047891034889073,-0.6163818263390899,-0.6146449769445292,0.0,30,1,1,0.02944885179906151,Persuadable
2209,0.607705350527686,-0.3489915992570878,0.5175461309975176,1.1788877713609345,0.1847050721999599,-0.4218567812123897,0.0,0,0,0,0.11650500671158438,Highly Persuadable
2581,-1.0260961069131724,0.4695320314943801,1.7471639285682412,0.0266592030106395,-1.042491878753478,1.4267569331937615,1.0,25,0,1,-0.037196608934894966,Not Persuadable
2771,1.0376531024858069,1.624016853972197,0.5175461309975176,-1.306818803057679,0.2400993790138303,0.531319374336362,1.0,0,0,0,0.015918197438700682,Persuadable
384,-1.2840647580880449,-0.3062329021282798,-0.712071666573206,0.1949622523202333,-1.3237245133469744,-0.2623416750989947,0.0,0,1,0,-0.07339928908395531,Not Persuadable
853,0.9516635520941824,1.0498286353853463,-0.0972627677878441,-1.306818803057679,-1.3237245133469744,1.5050465558261026,0.0,0,1,0,0.028423894807662938,Persuadable
1881,0.7796844513109343,-1.1919487712250176,-1.3268805653585676,0.3114797479961058,-0.1306163665866873,-1.7635451890741334,1.0,0,0,0,0.024633955163799213,Persuadable
371,0.0057784977863171,0.6772171318343049,-1.3268805653585676,-0.6206602174108743,-0.6291651279115216,-0.4717664156405068,1.0,0,1,0,0.06365295178520823,Persuadable
4338,-0.5101588045634277,-1.0758894504468244,-0.712071666573206,-1.306818803057679,-0.6419484294839533,-0.6899987387281578,1.0,20,1,1,0.1576484360905675,Highly Persuadable
4334,1.0376531024858069,0.0663786014227616,1.7471639285682412,1.528440258388552,1.0624917801735996,0.5831862493302873,0.0,5,1,1,0.019973757912112932,Persuadable
1106,0.6936949009193102,0.4878571874067264,-0.712071666573206,-0.4653035565097109,0.9815308702148658,0.7877178884572784,1.0,25,0,1,-0.06466304903951108,Not Persuadable
2587,0.0917680481779412,0.6833255171384203,-0.0972627677878441,-0.0769119042568025,-0.4203712022284713,-0.0871686444591318,0.0,15,0,1,0.03681931065785158,Persuadable
3965,-0.2521901533885552,1.5873665421475045,1.1323550297828793,0.738710565474305,1.7527900650849086,-0.6459608259974656,0.0,0,0,0,0.172332049342926,Highly Persuadable
1337,0.5217158001360619,0.5916997375766888,-0.0972627677878441,0.8940672263754684,-1.3237245133469744,-0.4336002246072405,1.0,20,1,1,0.19133232290341662,Highly Persuadable
2190,0.607705350527686,-0.013030407530739,0.5175461309975176,-1.306818803057679,-0.3010603875524426,-0.7682883613604985,0.0,20,0,1,0.027610155372876543,Persuadable
4605,-0.080211052605307,0.8177099938289598,-0.712071666573206,-0.0510191274399419,0.7514314419110962,-0.5226546703515288,0.0,20,1,1,-0.02040835511702025,Not Persuadable
2673,-0.5101588045634277,0.6772171318343049,-0.0972627677878441,-1.306818803057679,-0.6930816357736798,-0.4531726302653261,1.0,5,0,1,0.04190476830126905,Persuadable
3618,-0.682137905346676,-1.8699795399818304,0.5175461309975176,-0.7889632667204678,0.5213320136073266,-1.1000406372650435,1.0,0,1,0,-0.03337736949873753,Not Persuadable
2946,0.2637471489611895,-1.210273927137364,-0.712071666573206,-1.0867302001143642,3.0652090265212246,0.643860706870352,1.0,10,0,1,-0.050700425938750605,Not Persuadable
4859,-0.5101588045634277,-0.972046900276862,-0.712071666573206,0.5963002929815718,-0.5226376148079245,-0.1184844935120682,0.0,0,1,0,0.0719378471721505,Persuadable
1172,-1.8859916108294137,-1.8699795399818304,0.5175461309975176,-0.6465529942277348,-0.7569981436358381,-0.0578100359720042,1.0,0,1,0,-0.0440106262755724,Not Persuadable
3993,-0.3381797037801794,-0.5933270114217052,-1.3268805653585676,-1.306818803057679,1.1477137906564774,0.6174379592319366,0.0,5,0,1,-0.1277525750268296,Not Persuadable
4279,-0.4241692541718035,-1.7722453751159837,-0.712071666573206,-0.5947674405940137,-1.3237245133469744,-2.3712683847576805,1.0,0,1,0,0.03541046263628487,Persuadable
1423,0.4357262497444378,-1.8699795399818304,1.1323550297828793,1.2565661018115162,1.339463314242952,-1.5051894343874082,0.0,0,0,0,0.12727491535957952,Highly Persuadable
3208,0.3497366993528136,0.2251966193297628,1.1323550297828793,0.9199600031923288,-0.7399537415392625,-0.516782948654103,0.0,15,1,1,0.12852074091489163,Highly Persuadable
4128,-0.3381797037801794,-0.2146071225665483,1.7471639285682412,-0.8795879855794798,0.180443971675816,0.4784738790595318,0.0,25,1,1,0.03785515740569203,Persuadable
4363,-0.3381797037801794,2.528057878981281,-0.0972627677878441,0.0007664261937791,-1.3237245133469744,2.366232404781854,0.0,20,0,1,0.0443673727936984,Persuadable
1465,1.0376531024858069,0.5733745816643425,2.3619728273536027,1.3083516554452377,0.5596819183246216,0.8268626997734487,0.0,5,0,1,-0.03959089987414547,Not Persuadable
875,-1.8859916108294137,-1.8699795399818304,-0.712071666573206,-0.5429818869602926,-1.3237245133469744,-1.4768094461831844,0.0,0,1,0,0.06322726851755534,Persuadable
2340,0.8656740017025585,-0.5322431583805508,-0.712071666573206,-0.6206602174108743,-0.795348048353133,0.1927167564514871,1.0,15,0,1,0.043394609070356624,Persuadable
4351,-0.1662006029969311,1.355247900591118,0.5175461309975176,-1.306818803057679,-0.9444865666981688,-0.5265691514831458,0.0,10,0,1,-0.019932173694215752,Not Persuadable
1252,1.5535904048355516,1.4163317536322724,1.1323550297828793,1.8909391338246,-1.3237245133469744,1.1537218742634727,0.0,10,0,1,0.15278934017544596,Highly Persuadable
4970,0.3497366993528136,1.1109124884265007,0.5175461309975176,1.114155829318783,-0.3734990964628886,1.593122381287486,0.0,0,1,0,0.03196279038358525,Persuadable
841,1.983538156793672,0.438990104973803,1.7471639285682412,0.7516569538827352,0.7684758440076718,-0.232004446328963,1.0,0,0,0,0.08536787660808971,Persuadable
3085,-0.5101588045634277,-0.4528341494270502,-0.0972627677878441,-1.306818803057679,0.2614048816345498,-0.7653525005117859,0.0,0,1,0,0.11679959300867768,Highly Persuadable
582,-1.1980752076964207,-0.1596316548295094,0.5175461309975176,-0.4911963333265715,1.5312128378294267,0.2768781007812536,0.0,10,1,1,0.09341650823759826,Persuadable
205,-1.8859916108294137,-0.013030407530739,-0.712071666573206,-0.284054118791687,0.7301259392903768,-1.0237082551985113,1.0,0,1,0,0.05828521409565815,Persuadable
1642,0.5217158001360619,0.0236199042939535,1.1323550297828793,-1.1773549189733763,-0.1348774671108312,0.3189587729461369,0.0,15,1,1,0.16567920027135097,Highly Persuadable
2015,1.6395799552271757,0.9398776999112683,-0.0972627677878441,-0.4523571681012805,2.617793471486117,0.5724214262183405,1.0,0,1,0,0.05247049810015299,Persuadable
906,2.1555172575769204,0.8360351497413061,0.5175461309975176,0.4927291857141298,-0.4544600064216224,0.7485730771411081,1.0,10,1,1,0.031156462777808352,Persuadable
632,2.6714545599266653,2.7052010528006285,0.5175461309975176,-1.0867302001143642,-0.6334262284356654,1.586272039307156,0.0,20,0,1,0.010821622406433695,Persuadable
4794,-0.080211052605307,-1.692836366162483,-0.712071666573206,-0.6983385478614559,-0.3905434985594642,-1.1068909792453734,1.0,15,0,1,-0.018720107596466997,Not Persuadable
1975,-1.370054308479669,0.6283500494013814,-0.0972627677878441,-1.306818803057679,-0.0794831602969607,-0.1811161916179411,1.0,0,0,0,0.098878723833412,Persuadable
163,2.2415068079685447,2.5769249614142047,0.5175461309975176,-0.0251263506230813,0.1506162680068088,0.0987692092926778,0.0,20,1,1,-0.022677391465079303,Not Persuadable
3188,-0.7681274557383001,-1.3752003303484803,-0.712071666573206,-0.9572663160300616,-0.0922664618693924,-0.8172193755057116,1.0,0,0,0,0.14279904774862173,Highly Persuadable
2880,0.4357262497444378,0.8971190027824605,0.5175461309975176,0.324426136404536,0.2358382784896865,0.3444029003016475,0.0,0,0,0,0.13312660807296092,Highly Persuadable
4506,1.6395799552271757,1.6545587804927742,1.1323550297828793,-1.306818803057679,0.9943141717872976,-0.185030672749558,0.0,15,1,1,0.06488555608549067,Persuadable
618,0.2637471489611895,0.0236199042939535,0.5175461309975176,-0.6336066058193045,-1.1277138892363558,2.724407428324814,1.0,0,1,0,0.054963141170801956,Persuadable
4087,-0.8541170061299242,-0.972046900276862,-0.712071666573206,0.6351394582068627,0.2741881832069814,-0.6019229132667739,0.0,0,0,0,0.049142320848205155,Persuadable
1432,-0.9401065565215484,-0.3001245168241643,-0.712071666573206,-1.1385157537480854,-0.5141154137596368,-0.2231968637828243,1.0,0,1,0,-0.011904039781514646,Not Persuadable
548,-1.0260961069131724,0.3779062519326487,-0.0972627677878441,-1.306818803057679,0.8579589550146933,-0.0744465807813768,0.0,0,0,0,0.0074867023452077925,Persuadable
3350,-0.9401065565215484,-1.79057053102833,-1.3268805653585676,-1.125569365339655,-1.3237245133469744,-0.9092096820987124,0.0,0,1,0,0.14779622419922744,Highly Persuadable
4557,0.3497366993528136,-0.465050920035281,0.5175461309975176,0.51862196253099,-1.3237245133469744,-0.5510346585557524,0.0,0,0,0,0.1915030226577516,Highly Persuadable
4233,-1.0260961069131724,1.2819472769417328,-0.712071666573206,-1.306818803057679,-1.3237245133469744,0.8523068271289594,0.0,15,0,1,-0.13189919714726123,Not Persuadable
2403,0.2637471489611895,-1.240815853657941,0.5175461309975176,-0.5559282753687228,0.2358382784896865,-0.1830734321837499,1.0,0,0,0,0.021631181047838247,Persuadable
2681,1.295621753660679,0.3656894813244178,1.1323550297828793,-0.9443199276216312,0.6278595267109237,1.3905479827263036,1.0,0,0,0,-0.02325448785287693,Not Persuadable
2493,0.7796844513109343,-0.7826869558492836,1.1323550297828793,-0.659499382636165,1.7826177687539158,0.3434242800187434,1.0,30,1,1,0.1345006831324123,Highly Persuadable
4084,-0.3381797037801794,1.5323910744104654,-0.712071666573206,-1.306818803057679,-0.8038702494014207,0.2856856833273916,0.0,10,0,1,-0.050527060714861925,Not Persuadable
1862,-1.1120856573047966,-1.7539202192036374,-1.3268805653585676,-0.7371777130867467,0.3466268921174274,-0.6342173826026147,1.0,0,1,0,0.04030755226030117,Persuadable
641,-1.542033409262917,-1.1614068447044403,-0.0972627677878441,0.6351394582068627,0.5000265109866072,-1.4709377244857589,0.0,0,1,0,0.09933322523609263,Persuadable
3003,2.0695277071852964,2.1249044489096627,-0.0972627677878441,0.1043375334612213,-1.3237245133469744,1.01769365493978,1.0,25,1,1,-0.03974824726580573,Not Persuadable
638,-1.1120856573047966,0.4878571874067264,-0.712071666573206,-1.306818803057679,-0.4715044085181979,0.6712620747916714,1.0,20,0,1,-0.028984148480416864,Not Persuadable
4121,-0.682137905346676,0.0114031336857227,-0.0972627677878441,0.8681744495586079,-0.7058649373461114,-0.736972512307562,0.0,0,1,0,0.06677139091519424,Persuadable
3929,-1.4560438588712932,-1.0086972121015545,-0.712071666573206,-1.306818803057679,-1.3237245133469744,-0.5471201774241354,0.0,0,0,0,0.13369776851159704,Highly Persuadable
3002,0.6936949009193102,1.4590904507610802,-0.712071666573206,0.738710565474305,-1.3237245133469744,-0.3259519934877723,0.0,30,0,1,0.10985077459587486,Highly Persuadable
2097,0.8656740017025585,-0.7826869558492836,-0.0972627677878441,-1.306818803057679,0.3721934952622907,-0.5794146467599759,0.0,25,1,1,0.06699675146679772,Persuadable
3911,1.3816113040523033,1.385789827111695,-0.712071666573206,-1.306818803057679,-0.6632539321046726,2.254669692530768,0.0,30,0,1,0.03508859030084548,Persuadable
4032,-0.5101588045634277,1.935544504482084,-1.3268805653585676,0.557461127756281,0.5383764157039022,1.3357452468836657,1.0,15,1,1,0.10247290583333998,Highly Persuadable
3693,-1.8859916108294137,-1.1003229916632862,-1.3268805653585676,-1.306818803057679,-0.9530087677464566,-1.7537589862450906,0.0,0,0,0,0.040538332868132375,Persuadable
2857,-0.080211052605307,0.1030289132474542,-0.712071666573206,-1.306818803057679,-0.6163818263390899,0.4677090559475843,0.0,0,0,0,0.015717045635358154,Persuadable
922,-0.8541170061299242,1.1231292590347317,-0.712071666573206,0.3373725248129663,0.9602253675941465,1.8867084661587648,0.0,0,0,0,0.10223393748766614,Highly Persuadable
547,0.1777575985695653,1.6423420098845434,0.5175461309975176,-1.2938724146492486,0.7343870398145207,0.3571249639794031,0.0,10,0,1,0.06443110129338388,Persuadable
3685,-1.1120856573047966,1.5201743038022346,-0.712071666573206,-1.306818803057679,-1.3237245133469744,2.247819350550438,0.0,0,0,0,-0.02191436691564965,Not Persuadable
1901,-0.5961483549550518,-1.2896829360908646,-0.712071666573206,-0.2322685651579658,-0.5567264190010756,-2.0590885145112203,1.0,0,1,0,-0.010733378498973696,Not Persuadable
2029,0.1777575985695653,-0.1657400401336248,0.5175461309975176,0.557461127756281,-0.2073161760212772,1.5177686195038582,1.0,0,0,0,0.04213406165382973,Persuadable
2302,-0.9401065565215484,-1.0331307533180163,0.5175461309975176,1.528440258388552,0.1335718659102333,-1.7703955310544632,1.0,0,0,0,0.23459325578386817,Highly Persuadable
1886,0.2637471489611895,0.2618469311544554,0.5175461309975176,-0.141643846298954,0.938919864973427,0.8180551172273107,0.0,0,0,0,0.040329370170078746,Persuadable
1643,-1.8859916108294137,-1.4729344952143275,-0.712071666573206,-1.2291404726070974,-1.3237245133469744,-1.448429457978961,0.0,0,1,0,0.04818026039574727,Persuadable
3526,1.6395799552271757,0.5000739580149574,0.5175461309975176,-1.306818803057679,-0.8081313499255647,0.751508937989821,0.0,10,1,1,0.05877461411241263,Persuadable
4820,-1.4560438588712932,-1.7233782926830603,-0.0972627677878441,-0.8666415971710495,-0.97857537089132,-1.3897122410047051,0.0,25,0,1,0.009614323462821442,Persuadable
2098,-0.8541170061299242,-0.4833760759476274,-0.712071666573206,-0.7889632667204678,-1.3237245133469744,0.307215329551286,0.0,0,1,0,-0.008357370452857532,Not Persuadable
4368,-0.1662006029969311,1.1231292590347317,0.5175461309975176,-0.0639655158483722,-0.4459378053733346,-0.3474816397116659,1.0,20,1,1,0.03143079308023494,Persuadable
4663,0.607705350527686,0.0358366749021844,-0.0972627677878441,0.0525519798275001,0.9900530712631536,0.804354433266651,0.0,0,1,0,-0.10159327790435554,Not Persuadable
4505,-0.682137905346676,-0.3673167551694341,0.5175461309975176,-1.306818803057679,-0.2925381865041548,1.1302349874737705,0.0,0,0,0,-0.06257734896894578,Not Persuadable
4978,0.607705350527686,-0.3306664433447415,-0.0972627677878441,-1.125569365339655,-1.3237245133469744,-0.571585684496742,0.0,30,0,1,0.09449644458804776,Persuadable
837,-0.3381797037801794,0.665000361226074,-0.712071666573206,-0.659499382636165,-0.6376873289598094,-0.3787974887646024,0.0,15,0,1,0.09069337112180434,Persuadable
602,-0.5961483549550518,0.9154441586948068,-0.0972627677878441,1.2824588786283768,0.4616766062693123,0.913959904951928,1.0,0,1,0,-0.10154484219337462,Not Persuadable
2185,-1.8000020604377898,-0.7216031028081292,-1.3268805653585676,-0.9054807623963405,-1.1447582913329313,0.5949296927251388,0.0,0,0,0,0.022153906586621204,Persuadable
3884,1.295621753660679,2.069928981172624,-0.712071666573206,0.6739786234321535,-0.6888205352495359,1.0010571101304075,0.0,20,0,1,0.07145774655864465,Persuadable
2805,-0.8541170061299242,-1.692836366162483,0.5175461309975176,-0.5170891101434321,-0.6973427362978237,-0.4727450359234116,1.0,5,1,1,0.15055465536777807,Highly Persuadable
4318,-0.5961483549550518,-0.8376624235863225,-0.0972627677878441,0.182015863911803,0.4062822994554418,-0.5236332906344329,0.0,10,0,1,-0.032131456273548534,Not Persuadable
1583,0.607705350527686,0.4328817196696876,-0.712071666573206,-1.306818803057679,0.1420940669585211,1.1087053412498766,0.0,20,1,1,-0.09290197213520417,Not Persuadable
4726,1.209632203269055,-1.0270223680139008,1.1323550297828793,0.8681744495586079,0.3338435905449958,-0.0450879722942485,0.0,20,1,1,0.06824568438284881,Persuadable
3319,1.209632203269055,2.430323714115434,3.5915906249243266,0.324426136404536,0.5042876115107511,0.5782931479157662,0.0,25,0,1,-0.006366900829362716,Not Persuadable
3978,-0.2521901533885552,0.0480534455104153,0.5175461309975176,0.9199600031923288,0.8451756534422616,0.912981284669024,1.0,20,0,1,-0.03707548524305299,Not Persuadable
1071,-0.1662006029969311,-1.094214606359171,-0.0972627677878441,0.4797827973056995,0.10800526276537,-0.5285263920489546,0.0,10,1,1,0.0498386437366289,Persuadable
1776,0.3497366993528136,1.1475628002511933,2.3619728273536027,-0.4653035565097109,0.9346587644492832,0.5048966266979465,1.0,0,1,0,0.022452260460371572,Persuadable
4819,0.607705350527686,0.0358366749021844,-0.0972627677878441,1.2047805481777951,0.0739164585722189,1.0656460488020891,0.0,15,0,1,-0.049687456901394894,Not Persuadable
1284,0.8656740017025585,-0.6421940938546286,0.5175461309975176,-0.607713829002444,0.2741881832069814,-1.0432806608565963,1.0,30,0,1,-0.043576784109664625,Not Persuadable
3066,0.0057784977863171,-0.5933270114217052,-0.712071666573206,0.0525519798275001,-0.4246323027526152,0.7798889261940445,0.0,0,1,0,-0.0767372470018878,Not Persuadable
4764,1.6395799552271757,1.80726841309566,-0.0972627677878441,-0.3358396724254082,-0.863525656739435,0.7769530653453316,1.0,10,1,1,-0.0060546709554031115,Not Persuadable
1837,0.2637471489611895,0.4328817196696876,-0.0972627677878441,0.324426136404536,-0.543943117428644,0.7808675464769486,1.0,0,1,0,-0.061769132940687824,Not Persuadable
4253,0.5217158001360619,0.8177099938289598,0.5175461309975176,-0.3099468956085476,-0.7740425457324136,0.4726021573621061,1.0,0,1,0,-0.01792144312393858,Not Persuadable
1020,0.607705350527686,0.1335708397680313,-0.712071666573206,-0.4135180028759897,-1.3237245133469744,-0.2417906491580058,0.0,0,1,0,0.02884384318327227,Persuadable
3221,1.4676008544439274,-0.4345089935147039,1.1323550297828793,-0.7630704899036073,0.5128098125590388,0.2240326055044235,1.0,0,1,0,0.06635016934856734,Persuadable
1327,0.3497366993528136,0.0480534455104153,-0.712071666573206,-1.306818803057679,0.8451756534422616,-0.1566506845453345,1.0,0,0,0,-0.043568363313578745,Not Persuadable
476,-0.3381797037801794,-1.155298459400325,0.5175461309975176,-0.3617324492422687,0.5852485214694848,-0.5314622528976668,1.0,15,1,1,0.1825914052646266,Highly Persuadable
3464,-1.4560438588712932,-0.972046900276862,-0.712071666573206,0.453890020488839,-0.1860106734005578,-1.5228045994796848,1.0,25,1,1,0.08838624957055098,Persuadable
1652,1.295621753660679,0.1946546928091856,-0.0972627677878441,0.2079086407286636,1.1349304890840457,0.2181608838069977,0.0,0,0,0,0.06130648121066733,Persuadable
4017,1.5535904048355516,0.3840146372367641,1.1323550297828793,-0.6853921594530257,1.049708478601168,0.7035565441275119,0.0,0,1,0,-0.001284301722438774,Not Persuadable
4296,0.4357262497444378,0.5183991139273036,-1.3268805653585676,0.648085846615293,-0.6717761331529604,1.1860163435993132,0.0,15,1,1,0.027583798426457876,Persuadable
4190,2.1555172575769204,1.8561354955285836,-1.3268805653585676,-1.306818803057679,-1.3237245133469744,0.8395847634512045,1.0,20,1,1,0.0017931090294971317,Persuadable
4671,-1.8859916108294137,-1.8699795399818304,-1.3268805653585676,-1.306818803057679,-1.3237245133469744,-0.8201552363544244,0.0,0,0,0,0.19558516375519303,Highly Persuadable
2599,-1.8859916108294137,-1.3141164773073262,-0.712071666573206,-1.306818803057679,-0.2712326838834354,-0.3768402481987935,1.0,0,1,0,0.008302413668354727,Persuadable
1374,-1.6280229596545417,-0.7093863321998983,-0.0972627677878441,-1.306818803057679,-0.0155666524348025,0.5303407540534572,0.0,0,0,0,-0.10290181588963229,Not Persuadable
740,-1.8859916108294137,0.0847037573351079,-0.712071666573206,-0.931373539213201,-0.505593212711349,-0.0754252010642809,1.0,0,0,0,0.0285827067899711,Persuadable
4408,0.2637471489611895,-1.3202248626114417,-1.3268805653585676,-1.306818803057679,0.1420940669585211,-0.7868821467356796,0.0,10,1,1,0.1250636102241209,Highly Persuadable
4693,0.2637471489611895,0.6833255171384203,0.5175461309975176,-1.306818803057679,-0.2243605781178527,0.5626352233892984,1.0,25,1,1,0.049159647216969894,Persuadable
868,-0.4241692541718035,0.988744782344192,0.5175461309975176,2.551204942654544,1.1775414943254845,-0.8759365924799675,0.0,10,1,1,0.09117547730593359,Persuadable
1141,1.811559056010424,2.418106943507204,-0.0972627677878441,1.0364774988682013,-0.8209146514979963,2.7195143269102915,1.0,20,0,1,0.03625359388544444,Persuadable
998,0.0917680481779412,1.5079575331940038,-1.3268805653585676,-0.7242313246783165,0.8536978544905495,0.7632523813846719,0.0,15,0,1,-0.04422988016166972,Not Persuadable
1338,0.6936949009193102,-0.917071432539823,0.5175461309975176,0.0396055914190698,1.377813218960247,-0.8279841986176587,0.0,0,1,0,0.01690731548747392,Persuadable
542,-0.8541170061299242,-0.098547801788355,-0.712071666573206,0.0007664261937791,0.8835255581595566,-1.4885528895780358,1.0,10,0,1,0.06058404020506886,Persuadable
1100,1.295621753660679,0.5855913522725734,0.5175461309975176,0.9329063916007588,1.6760902556503188,-1.1254847646205544,1.0,5,0,1,0.1158524511453974,Highly Persuadable
1133,-0.682137905346676,0.4634236461902647,-0.0972627677878441,0.4797827973056995,-0.9146588630291616,-0.0901045053078447,0.0,0,0,0,0.11852677632961199,Highly Persuadable
4083,0.0917680481779412,-0.013030407530739,-0.712071666573206,-0.0898582926652328,-0.940225466174025,1.1067481006840678,0.0,0,1,0,-0.0942519861578563,Not Persuadable
4130,-1.0260961069131724,0.3473643254120715,-1.3268805653585676,-0.4135180028759897,-1.3237245133469744,-0.34846025999457,1.0,0,1,0,0.03123555656587018,Persuadable
2259,1.1236426528774308,1.8194851837038908,-0.712071666573206,-0.0769119042568025,-1.1404971908087875,1.1674225582241324,0.0,0,0,0,0.014381998873199252,Persuadable
4006,-0.3381797037801794,2.314264393337241,2.3619728273536027,-1.1903013073818065,-0.070960959248673,0.4187780418023712,0.0,0,1,0,0.008755811988620682,Persuadable
60,1.0376531024858069,0.5306158845355345,-0.0972627677878441,1.2824588786283768,1.991411694436966,-0.4942746821473053,1.0,20,1,1,0.14106183810670514,Highly Persuadable
4204,2.1555172575769204,2.711309438104744,0.5175461309975176,-0.3487860608338384,0.0994830617170822,2.231182805741065,0.0,0,1,0,-0.03309325173981126,Not Persuadable
1939,-0.682137905346676,-0.5322431583805508,0.5175461309975176,0.0007664261937791,0.0227832522824923,-0.2907216633032189,1.0,20,1,1,-0.050810788577848987,Not Persuadable
2592,2.2415068079685447,2.1493379901261243,2.9767817261389644,1.955671075866751,1.9658450912921024,0.7348723931804484,0.0,10,1,1,0.004677386347932928,Persuadable
4947,1.4676008544439274,-1.240815853657941,1.1323550297828793,0.4409436320804086,-0.7655203446841258,0.0469023342987518,1.0,10,1,1,0.005824859009528421,Persuadable
1079,-0.5961483549550518,1.569041386235158,0.5175461309975176,-1.306818803057679,-0.4075879006560397,0.9922495275842697,1.0,15,1,1,0.06826514126586365,Persuadable
3380,-0.2521901533885552,1.6179084686680816,1.7471639285682412,-0.8148560435373283,0.0057388501859168,0.6037372752712769,0.0,0,1,0,-0.013342183128368868,Not Persuadable
3143,-0.2521901533885552,0.298497242979148,-0.712071666573206,-1.306818803057679,0.7343870398145207,0.0332016503380921,0.0,0,0,0,0.030727595864118298,Persuadable
2504,0.5217158001360619,0.1946546928091856,-1.3268805653585676,-1.306818803057679,-1.3237245133469744,0.1496574640036991,0.0,0,0,0,0.06914710858004977,Persuadable
941,0.2637471489611895,-1.5706686600801745,-0.0972627677878441,1.7614752497402968,0.0653942575239312,-1.5736928541907065,1.0,25,1,1,0.18776756473169476,Highly Persuadable
1081,0.2637471489611895,-0.6299773232463978,-0.712071666573206,-1.1385157537480854,1.2585024042842183,-0.3602037033894209,0.0,20,0,1,0.1154992204991162,Highly Persuadable
188,-1.2840647580880449,-0.6544108644628595,0.5175461309975176,-0.8019096551288981,1.083797282794319,-2.5386124531343093,1.0,0,1,0,0.005050921978371928,Persuadable
2650,2.499475459143417,-0.5017012318599736,-0.712071666573206,0.0525519798275001,-1.2342414023399528,0.4647731950988721,0.0,0,0,0,0.017822657600511653,Persuadable
2086,0.7796844513109343,0.2923888576750326,-1.3268805653585676,-0.4005716144675594,0.0483498554273556,1.01769365493978,1.0,0,1,0,-0.11163408173907033,Not Persuadable
2250,1.209632203269055,0.1274624544639159,-0.712071666573206,0.2079086407286636,-1.3237245133469744,0.6751765559232884,0.0,20,0,1,0.02517923755551102,Persuadable
4901,-1.8859916108294137,-1.8699795399818304,-1.3268805653585676,-0.8666415971710495,-1.1362360902846436,-2.063981615925742,0.0,10,0,1,-0.004511993940702212,Not Persuadable
2024,-0.080211052605307,0.6466752053137277,-0.712071666573206,-0.5170891101434321,1.1349304890840457,0.6272241620609793,0.0,0,1,0,0.0055027730933623386,Persuadable
2698,0.1777575985695653,1.1536711855553086,-0.0972627677878441,-0.5688746637771531,-0.0155666524348025,2.3231731123340658,0.0,15,1,1,0.01831788722497582,Persuadable
4067,-0.8541170061299242,0.3901230225408795,1.1323550297828793,1.43781553952954,1.228674700615211,-0.9933710264284789,0.0,25,1,1,0.142362881229075,Highly Persuadable
3625,-0.080211052605307,-1.0636726798385934,1.1323550297828793,0.0654983682359304,2.3536052389891964,-0.6518325476948915,0.0,0,1,0,0.02184801455216889,Persuadable
227,2.585465009535041,1.31248920346231,0.5175461309975176,-0.4523571681012805,0.3167991884484202,0.808268914398268,0.0,0,0,0,-0.08923031974508175,Not Persuadable
3320,0.7796844513109343,0.8543603056536524,0.5175461309975176,0.2855869711792452,0.3892378973588662,2.3867834307228435,1.0,0,1,0,0.0029365523900477574,Persuadable
1930,0.7796844513109343,0.5611578110561116,0.5175461309975176,-0.0898582926652328,-1.0211863761327586,0.5097897281124676,0.0,0,0,0,0.0064551285261475735,Persuadable
3936,0.2637471489611895,1.0803705619059234,-0.0972627677878441,1.852099968599309,-1.3237245133469744,0.6379889851729261,0.0,25,1,1,0.18920198394695292,Highly Persuadable
4787,-1.370054308479669,-0.4833760759476274,-0.0972627677878441,-0.3487860608338384,-1.3237245133469744,0.0204795866603364,0.0,0,1,0,-0.10613154271687954,Not Persuadable
1405,-0.5961483549550518,-0.013030407530739,1.1323550297828793,-0.0380727390315116,0.7386481403386645,0.7926109898717995,1.0,20,1,1,-0.03491901485132659,Not Persuadable
2180,-0.3381797037801794,-0.1168729577007013,-1.3268805653585676,-0.7242313246783165,0.6278595267109237,0.3796332304862009,1.0,25,0,1,0.05403317077071868,Persuadable
698,-1.0260961069131724,-0.8926378913233614,2.3619728273536027,1.91683191064146,1.2968523090015132,-1.095147535850522,1.0,15,1,1,0.12566249012594233,Highly Persuadable
1125,-0.1662006029969311,-0.3612083698653187,1.1323550297828793,1.657904142472855,0.977269769690722,0.1477002234378909,0.0,0,1,0,0.07983057973572034,Persuadable
2811,-0.682137905346676,0.0785953720309924,1.7471639285682412,0.2726405827708149,2.5666602651963903,0.2661132776693068,1.0,5,1,1,0.09404289339283967,Persuadable
2935,-0.7681274557383001,0.6039165081849197,-0.0972627677878441,-0.9702127044384918,-0.970053169843032,0.6693048342258626,0.0,25,1,1,0.0460677837712108,Persuadable
1779,-1.1120856573047966,-1.6989447514665983,-0.712071666573206,0.3762116900382572,1.0752750817460313,-0.1038051892685044,0.0,0,1,0,-0.041723797511372174,Not Persuadable
2874,-1.8859916108294137,-1.466826109910212,-1.3268805653585676,-0.1675366231158145,-1.0297085771810466,-0.9141027835132336,0.0,0,1,0,0.09907852581037026,Persuadable
1038,-0.5961483549550518,0.1885463075050702,-0.0972627677878441,0.3891580784466875,0.2060105748206793,0.0850685253320181,1.0,0,1,0,0.007532132297078521,Persuadable
4185,0.0057784977863171,-0.7216031028081292,-0.0972627677878441,0.0266592030106395,1.8167065729470668,-0.8133048943740946,0.0,20,0,1,-0.041591551712471246,Not Persuadable
2257,0.3497366993528136,1.6912090923174667,-1.3268805653585676,-1.2938724146492486,0.2400993790138303,2.030565647745692,0.0,25,1,1,-0.0015253458511165982,Not Persuadable
314,0.4357262497444378,0.0358366749021844,-0.712071666573206,0.453890020488839,-0.6163818263390899,-1.2311757551742146,0.0,15,1,1,0.0953706832572746,Persuadable
2282,0.0057784977863171,-0.422292222906473,0.5175461309975176,-0.1804830115242448,-0.3181047896490181,0.2387119097479873,0.0,0,0,0,0.11315931876353813,Highly Persuadable
1417,2.3274963583601687,2.3875650169866263,1.7471639285682412,0.5833539045731415,0.4275878020761612,2.5081323458029714,0.0,0,1,0,0.01937723716530184,Persuadable
1037,1.0376531024858069,0.2251966193297628,-0.712071666573206,0.4927291857141298,-0.5013321121872051,-1.0550241042514472,1.0,10,0,1,0.06816550541716647,Persuadable
2160,-0.7681274557383001,-1.546235118863713,0.5175461309975176,-1.306818803057679,0.0611331569997873,-1.6040300829607388,0.0,0,1,0,-0.03760041822695985,Not Persuadable
4173,0.0917680481779412,0.2190882340256474,-0.712071666573206,-0.1286974578905237,1.0369251770287364,-1.4249425711892585,1.0,20,0,1,0.05473387960839051,Persuadable
1755,1.1236426528774308,0.481748802102611,-0.0972627677878441,-0.5947674405940137,1.2798079069049375,-1.0011999886917131,0.0,25,0,1,0.04616005903044518,Persuadable
3128,0.4357262497444378,1.4102233683281569,1.7471639285682412,1.6320113656559945,-0.6376873289598094,1.1586149756779938,0.0,25,0,1,0.1798135162661077,Highly Persuadable
3635,-0.1662006029969311,-0.6971695615916675,-1.3268805653585676,-1.306818803057679,-0.867786757263579,0.4686876762304891,1.0,10,1,1,0.0021107022373894214,Persuadable
4975,-0.4241692541718035,-0.3612083698653187,0.5175461309975176,-0.0639655158483722,-1.3237245133469744,0.3581035842623072,1.0,20,0,1,0.04324743988244376,Persuadable
4531,0.9516635520941824,0.6711087465301895,0.5175461309975176,-0.659499382636165,-0.3436713927938815,1.204610128974494,1.0,0,1,0,0.14098444891369163,Highly Persuadable
3361,-0.080211052605307,-0.8132288823698607,1.7471639285682412,2.033349406317333,0.7599536429593841,-0.1018479487026963,1.0,15,0,1,0.07108028665572676,Persuadable
4751,0.8656740017025585,0.1763295368968394,0.5175461309975176,1.9686174642751813,-1.3237245133469744,-1.653939717388856,0.0,15,0,1,0.1395963769133847,Highly Persuadable
1507,-1.8859916108294137,-1.466826109910212,-1.3268805653585676,0.98469194523448,-1.3237245133469744,-1.6108804249410686,1.0,0,0,0,0.12237794834546063,Highly Persuadable
1924,1.209632203269055,1.5446078450186964,0.5175461309975176,-1.306818803057679,-0.4118490011801836,1.3934838435750163,0.0,10,1,1,0.18935764903735358,Highly Persuadable
449,1.1236426528774308,1.727859404142159,-0.0972627677878441,0.091391145052791,0.3679323947381469,0.2749208602154448,1.0,0,1,0,-0.06065655274927038,Not Persuadable
2459,-1.8859916108294137,-1.546235118863713,-0.712071666573206,-0.1934293999326751,0.7769980450559595,-1.364268113649194,1.0,0,1,0,0.04372560986940503,Persuadable
2544,0.7796844513109343,-0.1657400401336248,-0.0972627677878441,-0.6983385478614559,-0.0411332555796658,0.2778567210641577,1.0,15,1,1,0.11848704250293074,Highly Persuadable
4980,-0.7681274557383001,-1.3507667891320188,0.5175461309975176,0.3114797479961058,-1.3237245133469744,-1.046216521705309,1.0,30,1,1,0.1860377072400197,Highly Persuadable
4574,0.4357262497444378,-0.2329322784788946,-1.3268805653585676,-0.7242313246783165,-0.8294368525462841,0.6693048342258626,0.0,15,1,1,0.08861112018806798,Persuadable
362,0.4357262497444378,0.3290391694997252,-0.0972627677878441,-1.2809260262408184,0.3721934952622907,0.200545718714721,0.0,0,0,0,-0.04296725919617603,Not Persuadable
2184,-1.0260961069131724,-0.2940161315200489,-0.0972627677878441,-0.3358396724254082,1.701656858795182,-1.3358881254449706,1.0,0,0,0,0.16314467174184646,Highly Persuadable
1135,-0.1662006029969311,0.5733745816643425,0.5175461309975176,0.1690694755033727,1.84227317609193,0.7035565441275119,1.0,0,1,0,-0.0035770693999704695,Not Persuadable
3899,-0.682137905346676,-0.4589425347311656,-0.712071666573206,-1.306818803057679,0.4915043099383194,-0.2202610029341114,1.0,0,0,0,-0.001035052922473214,Not Persuadable
2156,0.607705350527686,1.0681537912976926,-1.3268805653585676,-1.306818803057679,0.4915043099383194,-0.6234525594906679,1.0,10,1,1,0.04072986354151571,Persuadable
1831,0.7796844513109343,0.1580043809844931,-0.0972627677878441,-1.073783811705934,1.4928629331121317,0.531319374336362,0.0,0,1,0,0.046256884351289204,Persuadable
1054,2.499475459143417,3.0472706298310928,0.5175461309975176,1.3989763743042491,1.1647581927530528,2.272284857623045,0.0,25,1,1,0.0018356512194827928,Persuadable
23,1.295621753660679,0.2618469311544554,1.1323550297828793,-0.4005716144675594,0.6576872303799308,0.7769530653453316,1.0,15,1,1,-0.08307897915291997,Not Persuadable
2067,1.0376531024858069,1.355247900591118,-0.0972627677878441,-1.306818803057679,-1.3237245133469744,1.0431377822952907,1.0,10,1,1,0.025036754955236034,Persuadable
1654,-0.4241692541718035,-1.2285990830497102,-0.712071666573206,0.9976383336429104,2.4430883499962177,-1.584457677302653,1.0,0,0,0,0.18897872683202807,Highly Persuadable
2603,-0.080211052605307,0.7260842142672284,1.1323550297828793,-0.284054118791687,-0.4033268001318958,0.4745593979279142,0.0,10,0,1,-0.023888627736543724,Not Persuadable
3226,-0.5961483549550518,-0.6971695615916675,-0.712071666573206,0.6869250118405839,-0.394804599083608,0.6360317446071181,1.0,30,0,1,0.026381483609617007,Persuadable
2813,-0.4241692541718035,-1.1186481475756325,-1.3268805653585676,0.1172839218696516,-1.3237245133469744,-1.594243880131696,0.0,0,1,0,0.006012048593897739,Persuadable
4055,0.607705350527686,0.7016506730507667,1.1323550297828793,0.0266592030106395,1.4204242242016858,1.1498073931318558,0.0,15,0,1,0.047281802226668494,Persuadable
2326,0.5217158001360619,1.5140659184981191,0.5175461309975176,0.557461127756281,1.8635786787126496,1.792760918999956,1.0,0,0,0,0.1872694760138637,Highly Persuadable
461,0.3497366993528136,0.6711087465301895,-0.0972627677878441,-1.306818803057679,0.8409145529181178,1.6391175345839868,0.0,0,1,0,0.03405840981059772,Persuadable
1068,0.4357262497444378,0.8604686909577679,-1.3268805653585676,-1.306818803057679,0.83239235186983,0.5479559191457338,1.0,20,1,1,-0.036625009377355106,Not Persuadable
88,0.0057784977863171,-0.6849527909834366,1.1323550297828793,0.3503189132213966,0.2273160774413987,-0.3641181845210386,0.0,20,1,1,-0.02696974847699749,Not Persuadable
1431,-0.2521901533885552,-0.972046900276862,-0.712071666573206,1.6320113656559945,-0.1860106734005578,0.1310636786285183,1.0,30,1,1,0.1612735006320576,Highly Persuadable
2663,-0.3381797037801794,-0.7521450293287064,-0.0972627677878441,0.7128177886574444,0.1250496648619455,-0.0088790218267911,1.0,0,1,0,-0.033868511705789146,Not Persuadable
283,0.9516635520941824,-0.4528341494270502,-0.0972627677878441,-0.42646439128442,-0.1391385676349751,-0.3093154486783996,1.0,0,1,0,-0.0345945791359593,Not Persuadable
463,-1.6280229596545417,-1.7966789163324457,-0.712071666573206,0.0137128146022093,1.3479855152912397,-0.3973912741397831,1.0,0,1,0,0.01860519697124117,Persuadable
213,0.0057784977863171,-0.5139180024682045,1.7471639285682412,-0.5300354985518623,0.1293107653860894,-0.6430249651487532,1.0,20,0,1,0.05221812135118335,Persuadable
2634,0.0057784977863171,-0.4528341494270502,-0.712071666573206,-0.6206602174108743,-0.5141154137596368,-0.7017421821230087,1.0,5,0,1,0.04102231433191876,Persuadable
1369,1.295621753660679,-0.2329322784788946,-0.0972627677878441,-1.2938724146492486,-0.3692379959387448,0.372782888505871,0.0,0,0,0,0.21819454845420277,Highly Persuadable
235,-0.7681274557383001,-0.972046900276862,1.1323550297828793,0.6221930697984324,1.1349304890840457,-0.2457051302896227,0.0,0,1,0,0.04821459192971449,Persuadable
3552,-1.1980752076964207,-0.3856419110817804,-0.712071666573206,0.9199600031923288,0.9943141717872976,-0.4463222882849962,1.0,0,1,0,0.029630564810380376,Persuadable
598,0.8656740017025585,-0.23904066378301,-0.712071666573206,0.2467478059539543,0.1165274638136578,-0.1869879133153669,0.0,0,0,0,0.04556701733284808,Persuadable
4431,-0.080211052605307,-0.8559875794986688,-0.0972627677878441,-0.3487860608338384,-0.0624387582003852,-1.3221874414843109,1.0,0,0,0,0.07519473424244098,Persuadable
2251,-1.0260961069131724,-1.4118506421731731,-0.712071666573206,0.2208550291370937,-1.161802693429507,-0.0088790218267911,1.0,0,1,0,0.007882314276006252,Persuadable
4050,0.0917680481779412,-0.6421940938546286,-0.712071666573206,-0.0639655158483722,-1.012664175084471,-0.7134856255178599,1.0,0,0,0,0.04551628439419109,Persuadable
2284,0.2637471489611895,0.1518959956803776,0.5175461309975176,-0.0769119042568025,0.1719217706275282,-0.0108362623925992,0.0,30,0,1,0.029197203762924586,Persuadable
663,-0.9401065565215484,-0.7277114881122446,-0.0972627677878441,-0.6983385478614559,0.035566553854924,-0.624431179773572,0.0,5,0,1,0.05732889940368532,Persuadable
4974,-1.8859916108294137,-1.8699795399818304,-1.3268805653585676,-0.0251263506230813,-1.3237245133469744,-1.3172943400697898,0.0,0,0,0,0.0844996153395961,Persuadable
2286,0.3497366993528136,0.6588919759219586,1.1323550297828793,-0.9831590928469222,0.4105433999795856,1.1233846454934404,0.0,0,1,0,-0.05307325703583578,Not Persuadable
4727,-0.3381797037801794,-0.3306664433447415,1.1323550297828793,1.062370275685062,0.6065540240902042,0.0341802706209961,0.0,25,1,1,0.0190254139190074,Persuadable
3209,1.0376531024858069,-0.3367748286488569,1.1323550297828793,1.2695124902199466,0.8963088597319883,-1.0814468518898626,0.0,0,1,0,-0.006736973963567168,Not Persuadable
2519,0.607705350527686,0.6833255171384203,-0.712071666573206,-1.306818803057679,-0.1348774671108312,1.91313121379718,1.0,0,0,0,0.13261542437938736,Highly Persuadable
3448,1.0376531024858069,1.1658879561635396,0.5175461309975176,0.1302303102780819,0.3594101936898591,0.424649763499797,0.0,25,1,1,0.029502323475558725,Persuadable
780,-1.370054308479669,-1.2469242389620565,-1.3268805653585676,-0.9961054812553524,-0.9444865666981688,-1.281085389602332,1.0,0,0,0,0.10971868340706656,Highly Persuadable
4211,0.0057784977863171,-0.055789104659547,0.5175461309975176,0.648085846615293,1.9615839907679589,1.073475011065323,0.0,25,0,1,-0.006431523073916865,Not Persuadable
3442,0.0917680481779412,1.2514053504211555,-0.0972627677878441,-1.306818803057679,-0.543943117428644,0.6419034663045431,1.0,0,1,0,-0.043133775573961704,Not Persuadable
4874,-1.1980752076964207,-1.057564294534478,-0.712071666573206,0.3632653016298269,-0.2243605781178527,-2.7754385615971406,1.0,0,0,0,0.076095756640537,Persuadable
4469,2.499475459143417,0.5367242698396499,-0.0972627677878441,-0.3358396724254082,-1.3237245133469744,-0.0979334675710786,0.0,10,0,1,0.02385627127891169,Persuadable
4846,0.8656740017025585,1.0986957178182697,-0.0972627677878441,-0.2581613419748264,0.1335718659102333,-0.59409395100354,1.0,15,0,1,-0.04241800005561511,Not Persuadable
686,-0.5101588045634277,-1.8577627693736,-1.3268805653585676,-0.4394107796928503,0.0099999507100607,-0.705656663254626,0.0,0,0,0,0.14818803118852425,Highly Persuadable
3185,0.6936949009193102,0.212979848721532,0.5175461309975176,-0.750124101495177,1.156235991704765,0.088983006463635,0.0,15,1,1,0.023709720552231018,Persuadable
4254,-1.8859916108294137,-0.3367748286488569,-0.0972627677878441,-0.5818210521855834,1.991411694436966,-1.2468336797006827,0.0,0,1,0,0.10220650690404219,Highly Persuadable
4122,0.7796844513109343,-1.436284183389635,-0.712071666573206,-0.1804830115242448,0.431848902600305,-0.9317179486055104,0.0,0,1,0,-0.06058134286585501,Not Persuadable
2172,-1.1120856573047966,-0.6421940938546286,-0.0972627677878441,-0.2970005072001173,-0.4842877100906296,-1.295764693845896,1.0,5,1,1,0.04427430918074924,Persuadable
3556,-0.2521901533885552,-1.0881062210550552,-0.712071666573206,-0.2970005072001173,0.83239235186983,0.5959083130080429,0.0,10,1,1,2.9900308376351495e-06,Persuadable
1851,-0.682137905346676,0.7749512967001518,0.5175461309975176,-0.5818210521855834,0.4787210083658877,1.5118968978064324,1.0,15,0,1,-0.11612231372578874,Not Persuadable
488,0.4357262497444378,-0.4467257641229347,-1.3268805653585676,-1.306818803057679,-0.0837442608211046,1.6166092680771884,1.0,0,0,0,-0.04503361142138307,Not Persuadable
1689,-0.1662006029969311,1.2697305063335018,-0.0972627677878441,3.677540734187978,-0.6419484294839533,2.014907723219223,0.0,25,1,1,0.19900345802972838,Highly Persuadable
2231,0.5217158001360619,-0.0680058752677779,1.7471639285682412,-1.0867302001143642,0.615076225138492,-1.5590135499471425,0.0,0,1,0,-0.015107146761785142,Not Persuadable
3280,-0.4241692541718035,0.1457876103762622,-0.712071666573206,0.8034425075164564,0.0440887549032118,-0.00398592041227,1.0,15,0,1,0.006531355134425128,Persuadable
2321,0.4357262497444378,-1.8699795399818304,-0.0972627677878441,1.3989763743042491,1.092319483842607,-1.8056258612390168,1.0,10,1,1,0.1519309302731004,Highly Persuadable
783,1.897548606402048,-0.1596316548295094,-0.0972627677878441,0.3114797479961058,-0.867786757263579,0.7427013554436823,0.0,20,1,1,-0.037986383120195574,Not Persuadable
522,-0.9401065565215484,0.1030289132474542,-0.0972627677878441,1.6320113656559945,-0.8379590535945718,0.2621987965376898,0.0,0,0,0,0.1695917844374704,Highly Persuadable
523,1.3816113040523033,-0.0680058752677779,-1.3268805653585676,1.1529949945440738,-0.722909339442687,0.4040987375588074,0.0,0,1,0,0.02379841467306952,Persuadable
3600,1.4676008544439274,0.4512068755820339,-0.0972627677878441,-0.659499382636165,0.7514314419110962,0.0596243979765075,1.0,0,1,0,-0.08459213947155059,Not Persuadable
3971,-1.6280229596545417,-0.5322431583805508,-1.3268805653585676,-1.306818803057679,0.3040158868759886,-0.8211338566373289,1.0,15,0,1,-0.05540554145082194,Not Persuadable
2399,-0.682137905346676,-1.057564294534478,-0.0972627677878441,-0.1286974578905237,-1.3237245133469744,-0.6988063212742961,0.0,0,0,0,0.14752533649663804,Highly Persuadable
2208,0.4357262497444378,0.903227388086576,-0.0972627677878441,-0.3228932840169778,0.90909216130442,-0.0353017694652058,0.0,0,1,0,-0.05770098747387444,Not Persuadable
3494,0.2637471489611895,0.7444093701795746,1.1323550297828793,1.075316664093492,-0.8464812546428596,0.0938761078781561,0.0,0,1,0,0.07764583940990634,Persuadable
3569,0.5217158001360619,-0.6421940938546286,1.1323550297828793,0.4021044668551178,-0.249927181262716,-0.6175808377932421,0.0,10,0,1,0.051589897094769646,Persuadable
3756,-0.5101588045634277,-0.7093863321998983,-0.0972627677878441,-0.7889632667204678,-0.6376873289598094,-0.4952533024302094,1.0,0,0,0,0.12411607462050307,Highly Persuadable
2838,0.2637471489611895,1.2636221210293863,-0.0972627677878441,-0.8278024319457586,0.0057388501859168,0.8268626997734487,0.0,0,1,0,-0.059688725574635976,Not Persuadable
1512,0.607705350527686,-0.3428832139529724,0.5175461309975176,0.9458527800091892,0.1122663632895139,-0.7125070052349555,1.0,0,0,0,0.128780819241987,Highly Persuadable
1883,-0.4241692541718035,0.5000739580149574,-0.712071666573206,-0.0380727390315116,-0.4246323027526152,-0.1468644817162917,0.0,30,1,1,-0.040285871543112875,Not Persuadable
652,-0.1662006029969311,-1.4118506421731731,-1.3268805653585676,0.4927291857141298,-0.0666998587245291,-2.2009884555323387,1.0,0,0,0,0.13033523800023344,Highly Persuadable
2802,1.0376531024858069,1.3918982124158106,-0.0972627677878441,0.0007664261937791,-0.9317032651257372,1.5079824166748157,0.0,0,1,0,-0.07054241069182751,Not Persuadable
3406,-1.2840647580880449,0.029728289598069,-0.0972627677878441,0.557461127756281,0.2060105748206793,-0.1439286208675795,1.0,15,0,1,0.008494995257984441,Persuadable
370,0.8656740017025585,2.045495439956162,1.1323550297828793,0.1561230870949425,0.1250496648619455,0.6634331125284368,1.0,10,1,1,0.10512814257536675,Highly Persuadable
2655,0.0057784977863171,0.5672661963602271,0.5175461309975176,-0.8148560435373283,1.8891452818575127,-0.4247926420611026,0.0,25,1,1,0.019079123693914204,Persuadable
119,1.6395799552271757,0.1518959956803776,-0.0972627677878441,-0.6336066058193045,-1.3237245133469744,-0.3817333496133153,0.0,0,0,0,0.04909953157282635,Persuadable
4014,1.811559056010424,1.483523991977542,1.1323550297828793,0.0654983682359304,-0.9657920693188884,0.1574864262669337,1.0,15,0,1,-0.023206400919869485,Not Persuadable
3050,1.4676008544439274,1.6301252392763124,0.5175461309975176,0.2985333595876755,-0.105049763441824,2.134299397733543,1.0,20,1,1,0.05558068209080863,Persuadable
2217,0.0057784977863171,-1.4485009539978655,-1.3268805653585676,-1.009051869663783,-1.1703248944777946,-0.9366110500200318,1.0,25,1,1,0.09088592297429586,Persuadable
3559,0.607705350527686,0.1702211515927239,-0.0972627677878441,-1.2291404726070974,0.6321206272350676,0.9540833365510032,1.0,0,1,0,-0.15062732091249761,Not Persuadable
1614,0.0917680481779412,0.0908121426392233,-0.0972627677878441,-0.42646439128442,-0.1306163665866873,0.5822076290473832,1.0,0,0,0,0.10756825654850252,Highly Persuadable
4257,-1.8000020604377898,-0.9659385149727464,-0.0972627677878441,-0.0639655158483722,0.7727369445318156,-1.030558597178841,1.0,0,1,0,-0.03114829206290992,Not Persuadable
963,-1.0260961069131724,0.9337693146071532,-0.0972627677878441,0.1949622523202333,-0.0794831602969607,0.6458179474361601,1.0,0,0,0,0.02158374867685655,Persuadable
2511,-0.5961483549550518,0.5794829669684579,-0.0972627677878441,-1.306818803057679,1.0028363728355854,0.5734000465012452,0.0,0,0,0,-0.026003898320474242,Not Persuadable
3564,-0.1662006029969311,0.0969205279433387,-0.712071666573206,-1.306818803057679,-0.8976144609325861,-0.1556720642624304,1.0,0,1,0,-0.018849116770132537,Not Persuadable
4652,1.0376531024858069,1.984411586915008,-0.0972627677878441,-0.1545902347073842,0.7045593361455136,0.9912709073013648,1.0,20,1,1,-0.07169858166127716,Not Persuadable
3461,0.0917680481779412,-0.4589425347311656,-1.3268805653585676,0.2985333595876755,-1.0041419740361832,-1.1528861325418736,0.0,0,0,0,0.07829824248946113,Persuadable
3048,0.5217158001360619,-0.6544108644628595,2.3619728273536027,0.6739786234321535,2.975725915514203,-0.7027208024059131,0.0,15,1,1,0.2023535602208523,Highly Persuadable
2416,1.3816113040523033,-0.5383515436846662,0.5175461309975176,0.7516569538827352,-0.4246323027526152,-0.2075389392563564,0.0,25,1,1,0.05667850328064168,Persuadable
4665,2.585465009535041,0.7688429113960363,1.1323550297828793,-0.8019096551288981,-1.3237245133469744,1.2643059662316538,0.0,0,0,0,0.07097722926513132,Persuadable
4247,0.2637471489611895,-0.098547801788355,-0.0972627677878441,-0.5041427217350017,1.774095567705628,0.2807925819128706,0.0,0,1,0,0.07493370336487722,Persuadable
2186,0.0057784977863171,0.5367242698396499,-0.0972627677878441,-0.0898582926652328,0.2571437811104059,1.703706473255668,1.0,0,0,0,0.04810335522611054,Persuadable
2837,0.607705350527686,-0.917071432539823,-0.712071666573206,0.0654983682359304,1.1647581927530528,-0.2055816986905476,1.0,15,0,1,-0.051313933567046506,Not Persuadable
2038,1.0376531024858069,-0.2512574343912409,1.1323550297828793,-0.1804830115242448,2.3450830379409084,-0.6518325476948915,0.0,20,1,1,0.10873773598873646,Highly Persuadable
4272,-1.1120856573047966,-0.746036644024591,-0.712071666573206,0.4150508552635481,0.2102716753448232,-0.452194009982422,0.0,0,0,0,0.014135831111630307,Persuadable
773,0.2637471489611895,0.0663786014227616,1.1323550297828793,1.0494238872766315,0.0696553580480751,0.7720599639308106,0.0,0,1,0,0.054245472029012046,Persuadable
1285,0.0917680481779412,0.2862804723709172,0.5175461309975176,-0.9184271508047708,1.0028363728355854,0.6096089969687026,0.0,0,1,0,0.017632677916455265,Persuadable
4614,-0.682137905346676,1.0803705619059234,-0.0972627677878441,-0.6336066058193045,-0.0752220597728168,2.356446201952811,0.0,0,0,0,0.11823336931336213,Highly Persuadable
4747,0.7796844513109343,-1.1247565328797478,-0.712071666573206,1.360137209078958,0.7429092408628085,-0.5177615689370078,1.0,0,0,0,0.14596701589661748,Highly Persuadable
1415,1.3816113040523033,-0.7949037264575144,-0.0972627677878441,-1.306818803057679,0.4275878020761612,-1.5394411442890574,0.0,0,0,0,-0.04745949366724974,Not Persuadable
1235,0.3497366993528136,0.0175115189898381,-0.712071666573206,0.3373725248129663,0.2869714847794131,-0.0333445288993976,1.0,0,1,0,-0.02581246479402325,Not Persuadable
2715,-0.1662006029969311,-0.7582534146328218,-0.712071666573206,-0.840748820354189,-0.4246323027526152,-1.2008385264041823,0.0,0,0,0,0.0075049880761087675,Persuadable
436,-0.5961483549550518,-0.929288203148054,-0.712071666573206,2.1887060672184964,-0.2371438796902844,0.3052580889854771,0.0,0,0,0,0.1069575423400129,Highly Persuadable
1675,-0.2521901533885552,1.6851007070133512,1.1323550297828793,1.1271022177272134,2.400477344754779,1.6244382303404223,0.0,25,1,1,0.14400977935420287,Highly Persuadable
366,1.5535904048355516,2.58303334671832,1.1323550297828793,0.51862196253099,1.3011134095256571,1.5735499756294011,0.0,25,1,1,0.24266534590545236,Highly Persuadable
2665,-0.4241692541718035,-0.7216031028081292,-0.0972627677878441,-0.2452149535663961,-1.3237245133469744,-0.2476623708554309,0.0,0,1,0,0.011850312815740349,Persuadable
232,-0.5961483549550518,-1.7661369898118682,-0.0972627677878441,-1.306818803057679,-1.3237245133469744,-2.86253576677562,1.0,0,0,0,0.059334059664699644,Persuadable
4278,-0.2521901533885552,-1.0270223680139008,-0.712071666573206,1.295405267036807,0.8707422565871249,-1.598158361263313,0.0,0,0,0,0.22914332225544873,Highly Persuadable
4060,-0.080211052605307,0.5306158845355345,0.5175461309975176,-0.1157510694820934,1.232935801139355,0.4628159545330633,0.0,0,0,0,0.07079722973394995,Persuadable
4410,-1.7140125100461656,-1.8699795399818304,-1.3268805653585676,-0.8148560435373283,-1.3237245133469744,-0.8857227953090102,1.0,0,0,0,0.1421500048225346,Highly Persuadable
408,0.8656740017025585,0.4450984902779184,-0.0972627677878441,0.4279972436719784,-1.1404971908087875,0.3737615087887758,0.0,0,0,0,-0.03171527807371694,Not Persuadable
2091,0.1777575985695653,-0.886529506019246,-0.0972627677878441,0.4150508552635481,0.0227832522824923,-1.1753943990486715,1.0,20,0,1,0.04215616734123678,Persuadable
87,-0.5101588045634277,-1.1614068447044403,-1.3268805653585676,0.0137128146022093,-0.4587211069457663,0.1897808956027742,1.0,20,0,1,-0.021484369315106343,Not Persuadable
845,0.1777575985695653,1.3918982124158106,1.1323550297828793,-0.8795879855794798,-0.3862823980353203,0.4070345984075203,1.0,10,0,1,0.03652867647265839,Persuadable
1032,0.1777575985695653,1.5568246156269272,0.5175461309975176,0.8940672263754684,-1.3237245133469744,-0.1654582670914732,1.0,30,1,1,0.11158113302233817,Highly Persuadable
2647,1.7255695056187998,-1.1736236153126711,-0.0972627677878441,2.046295794725763,-1.042491878753478,-1.12450614433765,0.0,20,1,1,0.14417681928000642,Highly Persuadable
4078,-0.5101588045634277,-0.746036644024591,1.1323550297828793,1.8132608033740176,1.5653016420225778,-0.7722028424921158,0.0,30,0,1,0.08491270274130115,Persuadable
4289,-0.1662006029969311,0.6039165081849197,0.5175461309975176,0.6998714002490141,-0.394804599083608,-0.4159850595149639,1.0,0,1,0,0.1321821875873453,Highly Persuadable
3245,0.5217158001360619,0.3840146372367641,1.7471639285682412,1.347190820670528,0.6363817277592114,-7.14392806524357e-05,0.0,0,1,0,0.0028483937220520022,Persuadable
2674,0.5217158001360619,-0.3123412874323952,-0.712071666573206,1.9297782990498904,-0.6802983342012482,-1.1705012976341505,1.0,25,1,1,0.24939681204375908,Highly Persuadable
856,0.0057784977863171,-0.2634742049994718,0.5175461309975176,-0.5429818869602926,1.156235991704765,0.199567098431817,1.0,15,0,1,0.011238965579082683,Persuadable
79,0.6936949009193102,1.1048041031223852,-0.0972627677878441,-1.306818803057679,0.1420940669585211,2.466051673638088,0.0,20,1,1,0.09395989946561899,Persuadable
2248,-0.7681274557383001,-0.0069220222266235,1.1323550297828793,0.1561230870949425,0.2060105748206793,0.6653903530942457,0.0,0,0,0,0.022859715588998183,Persuadable
4581,-0.3381797037801794,-1.143081688792094,-0.712071666573206,-0.1675366231158145,0.0824386596205067,-1.8800010027397407,0.0,0,1,0,0.03062306797525982,Persuadable
3675,-1.370054308479669,-0.8071204970657453,-0.712071666573206,0.3762116900382572,-1.3237245133469744,-1.045237901422405,0.0,15,0,1,0.047067004473409974,Persuadable
2928,0.2637471489611895,-0.5994353967258206,-0.712071666573206,-1.306818803057679,-1.3237245133469744,1.91998155577751,0.0,0,0,0,-0.0022403770404484666,Not Persuadable
2925,-0.682137905346676,-0.6788444056793212,0.5175461309975176,0.6221930697984324,-0.0965275623935363,-0.3102940689613037,0.0,10,0,1,0.015185069092394093,Persuadable
2280,-1.8859916108294137,0.1030289132474542,-0.0972627677878441,-1.306818803057679,0.431848902600305,-1.1147199415086075,0.0,15,1,1,0.07177734065355662,Persuadable
4951,1.209632203269055,0.4328817196696876,0.5175461309975176,-1.306818803057679,-0.0113055519106586,-0.0793396821958979,0.0,0,1,0,0.005846406557278618,Persuadable
4169,-0.080211052605307,0.9826363970400764,-0.712071666573206,-1.009051869663783,2.3024720326994697,-0.1517575831308135,1.0,20,0,1,-0.05724692243817942,Not Persuadable
3889,-0.2521901533885552,1.4713072213693112,0.5175461309975176,1.5543330352054123,0.9431809654975708,0.7759744450624275,0.0,0,0,0,0.021465785036183297,Persuadable
3444,-0.3381797037801794,0.0602702161186461,-1.3268805653585676,-1.306818803057679,0.252882680586262,0.313087051248711,1.0,25,1,1,0.06712357001453818,Persuadable
2177,0.5217158001360619,0.6527835906178432,-0.712071666573206,-1.306818803057679,0.6619483309040747,0.2083746809779549,0.0,15,1,1,0.0384946209762729,Persuadable
425,-0.9401065565215484,0.1702211515927239,-0.712071666573206,-1.1773549189733763,1.6760902556503188,-0.2496196114212397,0.0,0,0,0,0.00943176590034836,Persuadable
393,-0.5101588045634277,-1.7539202192036374,-0.712071666573206,2.5770977194714044,0.798303547676679,-0.4296857434756236,0.0,0,0,0,0.07709013823714089,Persuadable
4805,-0.5101588045634277,0.0480534455104153,0.5175461309975176,1.3083516554452377,-1.3237245133469744,0.3796332304862009,0.0,0,1,0,0.06767214486166533,Persuadable
3650,0.0917680481779412,-0.2146071225665483,1.7471639285682412,-0.0510191274399419,1.624957049360592,1.7174071572163276,1.0,20,0,1,-0.006134750036944037,Not Persuadable
105,-0.9401065565215484,-0.4528341494270502,-0.0972627677878441,0.8552280611501776,1.1434526901323334,-1.5071466749532163,0.0,0,1,0,0.11160591380288873,Highly Persuadable
3921,0.3497366993528136,0.6772171318343049,0.5175461309975176,0.2079086407286636,0.0824386596205067,-0.0666176185181422,1.0,0,1,0,0.013449919114142249,Persuadable
3152,-0.9401065565215484,-0.6483024791587441,-0.0972627677878441,-0.9961054812553524,0.5511597172763338,0.7798889261940445,1.0,0,1,0,-0.11544400894352798,Not Persuadable
1949,-0.8541170061299242,0.8238183791330753,1.1323550297828793,0.8940672263754684,1.2457191027117869,2.2302041854581613,0.0,10,0,1,0.08893028049201188,Persuadable
1460,0.3497366993528136,0.988744782344192,1.7471639285682412,0.4279972436719784,1.880623080809225,0.704535164410416,0.0,20,1,1,0.09025726210791311,Persuadable
3897,-1.370054308479669,0.1213540691598005,-0.0972627677878441,-1.306818803057679,-1.012664175084471,-0.2564699534015696,1.0,0,0,0,-0.04561965384346446,Not Persuadable
2819,0.7796844513109343,0.7993848379166135,0.5175461309975176,0.5315683509394203,1.4545130283948369,1.6753264850514444,0.0,15,1,1,0.19957898832858034,Highly Persuadable
2722,1.295621753660679,0.7871680673083827,-0.0972627677878441,0.6739786234321535,-0.3351491917455937,1.4375217563057086,0.0,15,0,1,0.07205437510721137,Persuadable
4800,-0.4241692541718035,-1.369091945044365,-0.712071666573206,-0.3358396724254082,-1.3237245133469744,-1.2644488447929594,0.0,20,1,1,0.07624650933386747,Persuadable
1588,0.9516635520941824,0.719975828963113,-1.3268805653585676,0.1431766986865122,-1.1021472860914925,0.372782888505871,0.0,20,0,1,-0.007271748508850732,Not Persuadable
4223,3.3593709630596584,1.8439187249203528,0.5175461309975176,2.447633835387101,1.369291017911959,0.1721657305104975,0.0,25,1,1,0.022031529148880905,Persuadable
1732,0.0057784977863171,-0.1046561870924705,0.5175461309975176,0.7257641770658747,-0.8805700588360106,0.0106933838312943,1.0,0,0,0,0.12235669849047932,Highly Persuadable
4775,-0.2521901533885552,-0.3428832139529724,-0.0972627677878441,1.2695124902199466,1.11788608698747,-0.9845634438823404,0.0,0,0,0,0.08672688306157966,Persuadable
3732,0.6936949009193102,0.3107140135873789,1.7471639285682412,2.175759678810066,0.0270443528066362,1.1067481006840678,0.0,0,0,0,0.1299337142244932,Highly Persuadable
3700,-1.2840647580880449,-1.8699795399818304,-0.712071666573206,-1.306818803057679,-1.3237245133469744,-1.0755751301924368,0.0,0,1,0,0.06972841144375036,Persuadable
1792,0.0057784977863171,-0.3550999845612033,-0.0972627677878441,1.4766547047548308,-0.7442148420634064,-0.3337809557510062,0.0,20,0,1,0.17597880022626505,Highly Persuadable
2356,-1.8859916108294137,-1.8699795399818304,-1.3268805653585676,-0.659499382636165,1.1903247958979162,-1.4993177126899826,1.0,10,0,1,-0.021112245831937673,Not Persuadable
1941,-1.2840647580880449,-1.4179590274772886,-1.3268805653585676,-0.6724457710445954,0.7727369445318156,-0.0343231491823017,0.0,20,0,1,-0.10218204027832914,Not Persuadable
703,-1.0260961069131724,0.0236199042939535,1.1323550297828793,-0.7889632667204678,-0.7612592441599819,0.2621987965376898,1.0,30,1,1,0.0919468831690096,Persuadable
2443,-1.0260961069131724,-0.0435723340513161,0.5175461309975176,-1.2679796378323882,-1.3237245133469744,0.0243940677919541,0.0,0,1,0,-0.047105746211848265,Not Persuadable
2830,2.585465009535041,0.8726854615659987,-0.0972627677878441,-1.306818803057679,1.0326640765045925,-0.133163797755632,1.0,0,0,0,-0.053362958930190184,Not Persuadable
497,-1.8859916108294137,-1.5034764217349046,-0.712071666573206,-0.012179962214651,-1.3237245133469744,-0.9963068872771916,0.0,0,0,0,0.04728699236294563,Persuadable
465,-1.1120856573047966,-1.4607177246060967,-0.712071666573206,-0.8536952087626192,-0.0027833508623708,-1.120591663206033,1.0,0,0,0,0.013510549112222717,Persuadable
2703,0.8656740017025585,-1.8027873016365608,-0.712071666573206,0.0266592030106395,-0.1860106734005578,-0.8113476538082861,0.0,10,0,1,-0.0788538753870628,Not Persuadable
4344,-0.5101588045634277,-0.8743127354110151,-0.712071666573206,-0.2452149535663961,-0.0240888534830903,0.5215331715073191,1.0,20,1,1,0.0016095531092757836,Persuadable
173,-0.4241692541718035,-0.6238689379422823,-0.712071666573206,-1.306818803057679,-1.3237245133469744,-0.7653525005117859,1.0,10,1,1,0.11606193107394173,Highly Persuadable
4096,-1.8000020604377898,-1.8699795399818304,-1.3268805653585676,-1.306818803057679,-0.032611054531378,-0.6704263330700723,0.0,0,1,0,0.001220043285193438,Persuadable
4807,2.0695277071852964,0.6588919759219586,-0.712071666573206,2.305223562894369,-0.3692379959387448,0.0058002824167726,0.0,20,0,1,0.02842816439879978,Persuadable
2541,0.5217158001360619,-0.6483024791587441,-0.0972627677878441,-0.5559282753687228,0.9261365634009954,0.3091725701170941,1.0,20,1,1,0.05434436682677485,Persuadable
3278,-1.8859916108294137,-1.240815853657941,-1.3268805653585676,-1.306818803057679,0.0227832522824923,-1.9348037385823795,0.0,0,0,0,-0.0805782588526186,Not Persuadable
4210,-0.3381797037801794,-0.5872186261175897,-0.0972627677878441,0.9976383336429104,1.2201524995669233,0.6360317446071181,0.0,15,1,1,0.07498247131132163,Persuadable
2261,-1.8859916108294137,-0.886529506019246,-0.0972627677878441,-0.141643846298954,-1.3237245133469744,-0.3455243991458571,0.0,0,0,0,0.03956332402954129,Persuadable
2113,0.9516635520941824,1.52628268910635,0.5175461309975176,-1.0996765885227946,-0.2584493823110038,1.1087053412498766,1.0,20,1,1,0.18352630765486072,Highly Persuadable
901,0.4357262497444378,0.2496301605462245,-0.0972627677878441,0.3373725248129663,1.4672963299672686,-0.3876050713107404,0.0,20,1,1,0.14358968524984683,Highly Persuadable
1447,2.413485908751793,2.668550740975936,2.3619728273536027,3.185577974667628,1.3522466158153836,2.3711255061963747,0.0,30,1,1,-0.1006016350311503,Not Persuadable
3592,1.3816113040523033,-0.0863310311801242,1.7471639285682412,1.191834159769365,1.7954010703263474,-0.6332387623197103,0.0,20,1,1,0.1217590755230147,Highly Persuadable
742,1.209632203269055,1.624016853972197,-0.0972627677878441,1.5025474815716913,-0.6035985247666583,1.1175129237960146,0.0,5,1,1,0.11156054215302602,Highly Persuadable
2294,-0.4241692541718035,0.1274624544639159,-0.712071666573206,2.82307909923158,1.6803513561744623,1.743829904854743,1.0,15,1,1,-0.01400791591922124,Not Persuadable
2453,0.5217158001360619,0.945986085215384,-0.0972627677878441,1.075316664093492,3.2825251532525623,0.2582843154060729,0.0,0,0,0,0.22717990928911722,Highly Persuadable
2843,0.607705350527686,0.1091372985515696,1.1323550297828793,-0.1157510694820934,-1.2512858044365285,-0.576478785911263,1.0,0,0,0,0.14579551103475943,Highly Persuadable
4097,0.607705350527686,0.0419450602062998,1.1323550297828793,1.023531110459771,1.3863354200085347,0.3414670394529346,0.0,5,1,1,0.20388579419333921,Highly Persuadable
1207,-0.7681274557383001,0.8971190027824605,0.5175461309975176,1.6449577540644245,0.2486215800621181,1.2466908011393771,1.0,20,0,1,0.0763067445071657,Persuadable
510,0.5217158001360619,0.6344584347054969,0.5175461309975176,-0.3487860608338384,-1.3237245133469744,-0.011814882675504,1.0,20,1,1,0.16230875241039874,Highly Persuadable
3290,-1.0260961069131724,-0.098547801788355,1.1323550297828793,1.2047805481777951,-0.1604440702556945,-0.5520132788386564,0.0,0,0,0,0.1220241740306844,Highly Persuadable
2818,0.7796844513109343,-0.5750018555093589,-0.712071666573206,-0.0639655158483722,-1.0041419740361832,-0.0421521114455356,1.0,0,0,0,0.012551806353950173,Persuadable
3367,0.0057784977863171,-0.5322431583805508,-0.0972627677878441,-1.306818803057679,0.1719217706275282,-0.3474816397116659,0.0,20,1,1,0.10535630633078777,Highly Persuadable
1550,0.4357262497444378,-0.6788444056793212,-0.712071666573206,-1.306818803057679,0.4446322041727367,-1.530633561742919,0.0,0,0,0,0.05373026734174189,Persuadable
3283,-0.5961483549550518,-0.6544108644628595,1.1323550297828793,-0.5559282753687228,-0.4161101017043275,-0.0930403661565576,0.0,5,1,1,0.026868307617933,Persuadable
2203,0.0917680481779412,0.524507499231419,-0.0972627677878441,0.7904961191080262,1.8891452818575127,0.6017800347054687,0.0,0,0,0,0.0934303380762122,Persuadable
2567,0.1777575985695653,-0.5261347730764354,-0.0972627677878441,1.4119227627126794,0.1633995695792405,-0.0715107199326639,0.0,15,1,1,0.13732671902639654,Highly Persuadable
2695,1.4676008544439274,1.4651988360651955,-0.0972627677878441,-0.6206602174108743,-1.3237245133469744,1.48841001101673,0.0,20,1,1,0.0755242625252401,Persuadable
2045,-1.4560438588712932,-1.1308649181838633,-0.712071666573206,-1.306818803057679,0.1633995695792405,-0.8348345405979882,0.0,0,0,0,0.10257220342879965,Highly Persuadable
768,-0.5961483549550518,1.2025382679882322,-0.0972627677878441,0.3114797479961058,0.0483498554273556,1.016715034656876,1.0,0,0,0,0.03065732930197912,Persuadable
4883,-0.682137905346676,-0.9415049737562848,-0.712071666573206,0.0137128146022093,-0.2967992870282988,-0.4101133378175388,0.0,0,0,0,0.0060163864799722844,Persuadable
4154,-0.8541170061299242,-0.055789104659547,0.5175461309975176,2.36995550493652,1.5823460441191532,0.2181608838069977,1.0,5,1,1,0.042661334409591585,Persuadable
422,-0.8541170061299242,-1.5401267335595972,-0.0972627677878441,0.51862196253099,-1.3237245133469744,-0.5608208613847951,0.0,0,0,0,0.17792298029047451,Highly Persuadable
124,1.3816113040523033,0.5978081228808043,0.5175461309975176,1.6449577540644245,0.9218754628768516,1.0353088200320568,1.0,30,1,1,0.05814831711548564,Persuadable
4543,-1.8859916108294137,-0.9537217443645156,-0.712071666573206,-0.5818210521855834,-0.5013321121872051,-1.863364457930368,0.0,10,1,1,-0.07271788761345713,Not Persuadable
2644,-0.9401065565215484,-1.240815853657941,-0.0972627677878441,0.0266592030106395,0.3466268921174274,-0.9395469108687444,1.0,30,0,1,-0.01205335822833881,Not Persuadable
820,-1.1980752076964207,-0.3001245168241643,1.1323550297828793,-0.2711077303832567,0.5852485214694848,0.6908344804497563,0.0,0,0,0,-0.029077763334621313,Not Persuadable
1404,-0.5101588045634277,-1.534018348255482,-0.712071666573206,0.0525519798275001,-0.5865541226700828,-0.7046780429717215,1.0,0,0,0,0.11166157401869553,Highly Persuadable
1383,-0.3381797037801794,0.481748802102611,-0.0972627677878441,0.9458527800091892,0.4020211989312979,-0.9581406962439256,1.0,20,0,1,-0.04922119213515182,Not Persuadable
2149,-0.3381797037801794,0.7077590583548821,-0.0972627677878441,-0.4782499449181411,-0.6888205352495359,-0.3416099180142402,0.0,25,1,1,0.1051371292513485,Highly Persuadable
1576,-1.2840647580880449,-0.7216031028081292,-0.712071666573206,0.453890020488839,-1.3237245133469744,0.5215331715073191,0.0,20,1,1,-0.05857787615210321,Not Persuadable
1639,0.0057784977863171,0.6711087465301895,1.7471639285682412,0.9717455568260498,0.6491650293316431,-0.1057624298343132,1.0,0,1,0,0.05417066643069385,Persuadable
1796,-0.3381797037801794,1.5751497715392735,2.3619728273536027,1.43781553952954,1.3607688168636711,1.4062059072527722,1.0,25,1,1,0.06300527382108087,Persuadable
4826,-0.682137905346676,2.454757255331896,-0.712071666573206,-0.2063757883411052,-1.3237245133469744,1.6498823576959336,0.0,0,1,0,0.10103699289455752,Highly Persuadable
400,-0.682137905346676,0.7321925995713437,1.1323550297828793,1.0882630525019223,0.0270443528066362,0.424649763499797,1.0,10,0,1,-0.007676797239897044,Not Persuadable
2311,0.8656740017025585,-0.3673167551694341,-0.712071666573206,-1.306818803057679,-0.7484759425875502,-0.3602037033894209,1.0,0,1,0,-0.059118306683100794,Not Persuadable
883,-1.1120856573047966,-0.6177605526381669,-0.0972627677878441,1.2306733249946555,0.8366534523939739,0.0332016503380921,1.0,0,1,0,-0.006924363455860749,Not Persuadable
4984,1.983538156793672,0.9704196264318456,1.1323550297828793,2.2793307860775083,0.9517031665458588,0.475538018210819,0.0,15,1,1,0.08063557526540743,Persuadable
4161,-1.370054308479669,-1.369091945044365,-0.712071666573206,0.4927291857141298,-0.7825647467807013,0.3091725701170941,1.0,0,0,0,0.0015139932433915872,Persuadable
1353,-1.370054308479669,1.2025382679882322,-1.3268805653585676,1.4766547047548308,-0.8550034556911473,0.2847070630444875,1.0,0,0,0,0.0490288864885431,Persuadable
2758,0.3497366993528136,0.3656894813244178,-0.712071666573206,-1.216194084198667,-0.5695097205735072,0.1418285017404651,1.0,15,0,1,-0.006433572728655202,Not Persuadable
4561,0.6936949009193102,0.438990104973803,1.1323550297828793,-1.021998258072213,0.4190656010278734,0.6908344804497563,1.0,0,1,0,-0.05820136791110263,Not Persuadable
2131,0.0917680481779412,0.0480534455104153,0.5175461309975176,0.0784447566443607,2.4260439478996423,0.8366489026024916,1.0,0,0,0,0.053953178839835254,Persuadable
983,0.2637471489611895,-0.0741142605718933,-0.0972627677878441,0.3373725248129663,0.1165274638136578,0.1114912729704335,0.0,15,0,1,-0.027894804673316228,Not Persuadable
457,1.1236426528774308,-1.155298459400325,-0.712071666573206,0.4797827973056995,-0.3181047896490181,-1.0002213684088088,0.0,30,0,1,-0.028116793480046393,Not Persuadable
3850,-0.8541170061299242,0.9093357733906914,1.1323550297828793,0.0137128146022093,0.8792644576354127,1.5451699874251776,1.0,20,1,1,0.05102670689985578,Persuadable
1080,1.4676008544439274,-0.6116521673340515,-0.712071666573206,1.0105847220513406,-0.543943117428644,-0.4502367694166132,1.0,0,0,0,0.0593966150405822,Persuadable
1951,0.0917680481779412,1.5934749274516198,0.5175461309975176,-0.89253437398791,0.4403711036485928,0.8953661195767474,0.0,0,1,0,0.009621599586165848,Persuadable
4325,-0.9401065565215484,1.5079575331940038,-0.712071666573206,-0.1286974578905237,0.9602253675941465,0.9041737021228854,0.0,10,1,1,0.00626005129606602,Persuadable
690,-0.4241692541718035,-1.045347523926247,0.5175461309975176,0.453890020488839,1.1051027854150384,0.2015243389976251,1.0,20,1,1,0.02550814093568672,Persuadable
2430,1.897548606402048,1.886677422049161,1.7471639285682412,-0.5818210521855834,1.5099073352087071,1.353360411975942,0.0,20,0,1,0.0607897567929345,Persuadable
642,0.6936949009193102,-1.3752003303484803,0.5175461309975176,-0.5559282753687228,-1.3237245133469744,-1.284999870733949,0.0,0,1,0,0.05186435040111657,Persuadable
2393,-1.7140125100461656,-1.5523435041678282,-0.0972627677878441,-0.6724457710445954,-1.2427636033882403,0.0997478295755819,1.0,20,0,1,0.006849177589953244,Persuadable
1954,-0.682137905346676,0.2923888576750326,1.7471639285682412,2.0204030179089028,1.343724414767096,1.364125235087889,1.0,15,0,1,-0.008790524235960771,Not Persuadable
2764,0.9516635520941824,0.8971190027824605,1.1323550297828793,2.965489371724313,-0.0539165571520974,0.6193951997977454,1.0,10,0,1,0.04190338818250707,Persuadable
4454,0.4357262497444378,1.3491395152870025,0.5175461309975176,-0.0769119042568025,-0.4161101017043275,2.95340457452441,1.0,0,1,0,0.09069277574414555,Persuadable
3451,-1.6280229596545417,0.1518959956803776,-0.712071666573206,-1.306818803057679,1.2116302985186356,-0.6929345995768703,1.0,0,0,0,0.0909416270463592,Persuadable
3352,0.4357262497444378,-0.1046561870924705,-0.712071666573206,-0.2711077303832567,-0.8976144609325861,-0.2075389392563564,0.0,0,0,0,0.06638616302941718,Persuadable
4777,-0.8541170061299242,-1.4912596511266738,-0.0972627677878441,0.6998714002490141,-1.3237245133469744,-0.0216010855045467,0.0,0,1,0,0.11783548554634769,Highly Persuadable
3335,0.0917680481779412,1.1964298826841169,-0.712071666573206,-0.0898582926652328,-0.6035985247666583,-0.4414291868704752,1.0,0,0,0,0.025671306556971137,Persuadable
1885,-1.8859916108294137,-1.1614068447044403,-0.0972627677878441,-0.9184271508047708,-0.8209146514979963,-1.5022535735386953,1.0,20,1,1,-0.048945557062003285,Not Persuadable
390,-1.4560438588712932,-0.9842636708850928,-1.3268805653585676,-1.0608374232975035,-1.3237245133469744,-1.144078549995735,0.0,0,1,0,0.1206998694814375,Highly Persuadable
2495,1.1236426528774308,-0.4528341494270502,1.1323550297828793,-0.1675366231158145,1.4204242242016858,-1.4572370405250994,0.0,0,0,0,0.07213834184009123,Persuadable
3133,0.0917680481779412,-1.155298459400325,-1.3268805653585676,-0.0251263506230813,-1.3237245133469744,-0.9385682905858402,1.0,0,0,0,0.04082562508457542,Persuadable
2907,1.209632203269055,1.1109124884265007,1.7471639285682412,2.5382585542461134,0.8707422565871249,-0.8230910972031373,0.0,5,1,1,0.03091264059729164,Persuadable
846,0.3497366993528136,0.8299267644371907,-0.0972627677878441,0.091391145052791,1.8209676734712104,2.365253784498949,1.0,15,0,1,0.025900694952627798,Persuadable
543,0.2637471489611895,0.665000361226074,-0.0972627677878441,0.7646033422911656,0.3849767968347223,1.2153749520864408,1.0,0,0,0,0.04502966713359621,Persuadable
92,-0.080211052605307,0.3840146372367641,1.7471639285682412,1.0364774988682013,2.1448113133061457,-0.4257712623440066,1.0,0,0,0,0.17822448279881403,Highly Persuadable
3908,-1.1120856573047966,-1.8699795399818304,-0.0972627677878441,-1.306818803057679,0.6449039288074991,-1.646110755125622,0.0,0,0,0,-0.01179550421541818,Not Persuadable
1980,0.5217158001360619,-1.2041655418332484,-0.712071666573206,-1.306818803057679,-0.3223658901731621,-0.8808296938944888,1.0,0,1,0,0.09117558187026237,Persuadable
2828,1.983538156793672,0.7932764526124981,-1.3268805653585676,-1.306818803057679,-1.085102883994917,1.5070037963919114,0.0,10,1,1,0.03956039070630573,Persuadable
4100,-0.2521901533885552,-0.1840651960459711,0.5175461309975176,-1.306818803057679,-1.3237245133469744,1.3288949049033356,1.0,0,0,0,-0.09567277733525713,Not Persuadable
2918,1.897548606402048,1.0376118647771155,0.5175461309975176,-1.306818803057679,0.1420940669585211,0.6428820865874479,1.0,0,1,0,-0.01797937657773308,Not Persuadable
2530,-0.5961483549550518,1.2636221210293863,-0.0972627677878441,-0.7630704899036073,-0.2286216786419966,0.5097897281124676,0.0,0,0,0,0.027807800569909957,Persuadable
1677,1.0376531024858069,0.3717978666285332,1.7471639285682412,0.0137128146022093,-0.2669715833592916,0.2543698342744552,0.0,0,0,0,0.09552318110634532,Persuadable
1049,-0.9401065565215484,0.2801720870668017,0.5175461309975176,-1.306818803057679,0.1889661727241038,0.0654961196739326,0.0,0,0,0,0.006024330106252702,Persuadable
1961,0.1777575985695653,-1.8699795399818304,-0.712071666573206,-0.5947674405940137,-1.3237245133469744,-0.7271863094785196,0.0,0,0,0,0.050739455874505894,Persuadable
2531,1.209632203269055,0.2923888576750326,-0.712071666573206,-0.1545902347073842,-0.4544600064216224,-1.4640873825054292,1.0,15,1,1,0.011896405088041006,Persuadable
4502,1.1236426528774308,-0.1474148842212785,-0.712071666573206,0.4409436320804086,-1.0382307782293343,-0.1997099769931225,0.0,0,1,0,0.05831682708124418,Persuadable
238,-0.1662006029969311,0.2068714634174165,1.7471639285682412,2.39584828175338,0.2954936858277008,1.3024721572649205,1.0,25,0,1,0.015783366320758933,Persuadable
4127,1.0376531024858069,-0.013030407530739,0.5175461309975176,-0.6336066058193045,0.1165274638136578,-0.9512903542635956,1.0,30,0,1,-0.009487698193107498,Not Persuadable
3505,0.1777575985695653,-0.9598301296686312,1.1323550297828793,0.1949622523202333,0.7301259392903768,0.6595186313968199,0.0,10,0,1,-0.09662948292227376,Not Persuadable
1134,1.4676008544439274,-0.6360857085505132,0.5175461309975176,0.3373725248129663,-0.2456660807385721,-0.0940189864394617,0.0,0,1,0,-0.06692112819579808,Not Persuadable
1806,-1.8859916108294137,-1.369091945044365,-0.0972627677878441,0.7775497306995959,-0.4374156043250469,-0.3210588920732505,0.0,0,0,0,0.0723087452857766,Persuadable
4153,0.4357262497444378,-0.788795341153399,-0.712071666573206,0.0266592030106395,-0.2414049802144283,-0.352374741126187,1.0,0,1,0,-0.1264369580247105,Not Persuadable
164,-0.8541170061299242,-0.2756909756077026,-0.712071666573206,0.609246681390002,-0.394804599083608,0.096811968726869,0.0,10,0,1,-0.00025054466747110346,Not Persuadable
3509,0.607705350527686,0.2496301605462245,-0.0972627677878441,-0.5429818869602926,-0.032611054531378,-0.3259519934877723,1.0,0,1,0,0.06856439950351355,Persuadable
4720,0.1777575985695653,0.1213540691598005,0.5175461309975176,0.4021044668551178,0.687514934048938,0.2152250229582848,0.0,10,0,1,0.042337431501670145,Persuadable
3865,-1.8000020604377898,0.9643112411277304,-1.3268805653585676,-0.0898582926652328,1.2457191027117869,0.9521260959851944,1.0,0,1,0,-0.00194604484642591,Not Persuadable
3690,1.3816113040523033,1.214755038596463,-1.3268805653585676,0.4021044668551178,-0.9317032651257372,-0.4287071231927196,1.0,25,0,1,-0.03643541651000509,Not Persuadable
3215,1.0376531024858069,-0.6788444056793212,2.9767817261389644,0.5833539045731415,1.9615839907679589,-1.4366860145841098,1.0,20,0,1,0.0933414365783941,Persuadable
3653,0.8656740017025585,0.4450984902779184,-0.0972627677878441,-0.9572663160300616,-0.0794831602969607,0.4628159545330633,0.0,20,1,1,0.0975995590718968,Persuadable
3958,1.0376531024858069,1.452982065456965,3.5915906249243266,0.8811208379670382,-0.0752220597728168,2.1068980298122235,1.0,20,1,1,0.13102650742028654,Highly Persuadable
1812,-1.8859916108294137,-1.3752003303484803,-0.712071666573206,1.1271022177272134,0.2784492837311253,-0.9033379604012868,0.0,0,0,0,0.01647309018624406,Persuadable
3986,-0.5961483549550518,0.8665770762618833,-1.3268805653585676,-0.659499382636165,-0.3095825886007304,1.4394789968715167,0.0,15,1,1,0.09205392014053157,Persuadable
3165,-0.682137905346676,1.6484503951886589,-0.0972627677878441,-0.0380727390315116,1.2073691979944916,2.081453902456713,1.0,0,0,0,0.0888340848155679,Persuadable
1429,0.6936949009193102,1.4651988360651955,0.5175461309975176,0.5963002929815718,0.2017494742965354,0.7857606478914696,0.0,10,1,1,0.25310681130932766,Highly Persuadable
3632,1.209632203269055,1.9538696603944303,1.7471639285682412,1.735582472923436,0.4701988073176,1.8319057303161264,1.0,15,1,1,0.04079863297170097,Persuadable
4386,-0.4241692541718035,0.4328817196696876,0.5175461309975176,0.453890020488839,-0.8592645562152912,-1.2390047174374488,0.0,25,0,1,0.09108617061847524,Persuadable
3412,-1.8859916108294137,-0.3184496727365106,-0.712071666573206,-0.2581613419748264,0.325321389496708,0.1790160724908274,0.0,0,1,0,-0.02864116741096056,Not Persuadable
4471,0.3497366993528136,0.7566261407878055,-0.0972627677878441,-1.306818803057679,0.2145327758689671,0.0273299286406663,1.0,0,0,0,0.0863161556069768,Persuadable
4855,-0.2521901533885552,0.3168223988914943,-0.712071666573206,-0.6465529942277348,0.2017494742965354,0.2935146455906262,1.0,0,1,0,0.05760207519860767,Persuadable
2836,-0.080211052605307,-1.143081688792094,-0.0972627677878441,0.5056755741225601,0.8622200555388372,-1.2145392103648422,0.0,0,0,0,0.19587629698101194,Highly Persuadable
1453,-0.080211052605307,-0.3489915992570878,-0.712071666573206,1.191834159769365,1.1519748911806211,0.3414670394529346,1.0,25,0,1,0.03778761874895351,Persuadable
594,-1.7140125100461656,-0.5078096171640891,-0.712071666573206,-1.306818803057679,1.083797282794319,0.0958333484439649,0.0,0,0,0,-0.03402339875140757,Not Persuadable
42,0.607705350527686,-0.4711593053393965,-1.3268805653585676,-0.012179962214651,-1.3237245133469744,0.1105126526875287,0.0,0,0,0,0.026735994249942833,Persuadable
561,-0.080211052605307,1.4346569095446189,1.1323550297828793,0.0266592030106395,0.866481156062981,-0.5343981137463797,1.0,0,1,0,0.0569970437299044,Persuadable
2952,0.7796844513109343,1.8805690367450447,1.1323550297828793,0.2467478059539543,-0.6973427362978237,2.2664131359256188,1.0,5,1,1,0.06555387709195622,Persuadable
3743,-1.8000020604377898,-1.8699795399818304,-1.3268805653585676,-1.1514621421565157,-0.8933533604084423,-0.9336751891713188,0.0,0,0,0,0.0968326815540054,Persuadable
244,-1.542033409262917,-0.0313555634430853,-0.712071666573206,-0.6465529942277348,-0.8507423551670035,0.3033008484196683,0.0,20,1,1,0.06178214791862398,Persuadable
1340,-0.2521901533885552,-0.1107645723965859,-0.0972627677878441,-1.306818803057679,1.0667528806977435,-0.1752444699205159,0.0,20,0,1,-0.07696083345313176,Not Persuadable
4038,0.0057784977863171,1.2452969651170402,-0.0972627677878441,0.9458527800091892,-1.0254474766569026,0.4403076880262656,0.0,15,1,1,-0.01815891774785221,Not Persuadable
4809,-0.5961483549550518,-0.1046561870924705,-0.712071666573206,-0.8795879855794798,0.6278595267109237,-0.4277285029098155,1.0,0,0,0,0.054345199724148745,Persuadable
3818,0.1777575985695653,-1.0758894504468244,-0.712071666573206,-1.306818803057679,-1.3237245133469744,-0.300507866132261,0.0,15,1,1,0.19845463476830835,Highly Persuadable
1443,-1.4560438588712932,0.396231407844995,-1.3268805653585676,2.123974125176345,-1.3237245133469744,0.9540833365510032,0.0,15,1,1,0.17281593328765354,Highly Persuadable
262,-0.2521901533885552,0.6894339024425358,0.5175461309975176,1.6449577540644245,0.5682041193729093,-0.4414291868704752,0.0,0,1,0,0.0010694431412859998,Persuadable
3177,0.8656740017025585,-0.2084987372624328,-0.712071666573206,-0.4653035565097109,0.1207885643378016,0.1799946927737314,1.0,0,0,0,0.01736136212199901,Persuadable
1690,0.8656740017025585,2.0821457517808546,-0.712071666573206,-1.306818803057679,-0.0496554566279536,1.585293419024252,0.0,25,0,1,0.032423103882453314,Persuadable
1726,0.0917680481779412,-1.8699795399818304,-0.0972627677878441,-1.0608374232975035,-0.7655203446841258,-1.567821132493281,0.0,10,0,1,-0.014917161751101162,Not Persuadable
4560,-1.2840647580880449,-1.8699795399818304,-0.712071666573206,-0.4523571681012805,-0.1689662713039823,-0.9434613920003616,0.0,0,1,0,-0.008388321112423096,Not Persuadable
835,-0.7681274557383001,-0.5566766995970126,-1.3268805653585676,-1.1903013073818065,-1.2768524075813916,-1.1362495877325012,0.0,0,0,0,0.08397874507659076,Persuadable
1867,-0.2521901533885552,-0.6788444056793212,-1.3268805653585676,-0.6853921594530257,-1.3237245133469744,-0.2104748001050694,0.0,0,1,0,-0.015427178208027671,Not Persuadable
2497,-0.080211052605307,-0.3062329021282798,-0.0972627677878441,-0.6465529942277348,0.4744599078417439,-0.0255155666361637,1.0,5,1,1,0.012989008959485435,Persuadable
2011,-1.2840647580880449,-1.8699795399818304,-1.3268805653585676,-1.306818803057679,-0.1093108639659679,-2.191202252703296,0.0,0,0,0,-0.011486773438342228,Not Persuadable
341,-1.8859916108294137,-0.7826869558492836,-1.3268805653585676,-1.306818803057679,0.4957654104624633,-1.0961261561334266,0.0,0,0,0,-0.016321380820587476,Not Persuadable
3322,-0.3381797037801794,-0.3184496727365106,-0.0972627677878441,0.453890020488839,-1.1277138892363558,0.5508917799944468,0.0,0,1,0,0.022707352483349697,Persuadable
1602,1.209632203269055,0.3046056282832635,1.1323550297828793,-0.0380727390315116,0.3594101936898591,0.3972483955784776,0.0,0,1,0,-0.04220675127792535,Not Persuadable
3019,0.4357262497444378,1.6301252392763124,0.5175461309975176,0.9458527800091892,0.3849767968347223,1.4306714143253787,0.0,0,0,0,0.09558157696645367,Persuadable
4705,0.7796844513109343,0.8665770762618833,1.1323550297828793,-1.306818803057679,-1.3237245133469744,-0.0088790218267911,0.0,0,1,0,0.11402267143674057,Highly Persuadable
481,0.2637471489611895,0.7321925995713437,1.7471639285682412,-1.306818803057679,1.2542413037600744,0.7280220512001184,0.0,15,0,1,0.053057147728068486,Persuadable
2930,-0.3381797037801794,1.4041149830240414,0.5175461309975176,-0.1157510694820934,1.2201524995669233,0.3365739380384135,1.0,10,0,1,0.1180333875326461,Highly Persuadable
3919,0.2637471489611895,-0.0802226458760087,0.5175461309975176,-1.306818803057679,0.5170709130831828,-0.9610765570926384,0.0,0,1,0,0.06559299931832295,Persuadable
3410,0.0057784977863171,-0.0924394164842396,0.5175461309975176,-0.607713829002444,-0.9146588630291616,0.639946225738735,1.0,15,0,1,0.04373853010166515,Persuadable
4649,0.1777575985695653,-1.185840385920902,-0.0972627677878441,1.4119227627126794,-0.9998808735120394,-0.0431307317284404,1.0,0,0,0,0.18504881366846745,Highly Persuadable
3506,1.7255695056187998,0.8849022321742296,3.5915906249243266,2.6936152151472768,-0.4161101017043275,1.088154315308887,1.0,20,1,1,0.07599262325578619,Persuadable
4009,-0.8541170061299242,-1.8699795399818304,-0.712071666573206,-0.42646439128442,0.0824386596205067,-1.6304528305991537,1.0,20,1,1,0.048632946419517493,Persuadable
1767,-1.2840647580880449,1.062045405993577,0.5175461309975176,-1.306818803057679,0.7556925424352401,-0.3866264510278363,1.0,0,0,0,0.03277650351618411,Persuadable
4484,0.2637471489611895,0.2374133899379937,1.7471639285682412,1.023531110459771,-0.3649768954146009,0.4863028413227658,1.0,15,0,1,0.007962977707294181,Persuadable
2454,-0.8541170061299242,-1.8638711546777151,-0.712071666573206,-1.306818803057679,-0.6376873289598094,-1.008050330672043,0.0,0,1,0,-0.023826054837647003,Not Persuadable
2893,-0.080211052605307,-0.4100754522982421,1.1323550297828793,0.4927291857141298,0.7769980450559595,-0.184052052466654,1.0,0,1,0,-0.007373088462303208,Not Persuadable
3834,-0.7681274557383001,0.9154441586948068,-0.712071666573206,0.7646033422911656,0.436110003124449,-0.2545127128357607,0.0,25,1,1,0.011455016090073905,Persuadable
4035,-0.7681274557383001,0.3046056282832635,-0.712071666573206,0.4279972436719784,0.6108151246143482,0.1388926408917522,1.0,10,1,1,0.019282980399263017,Persuadable
4688,-1.542033409262917,-0.013030407530739,-0.712071666573206,-0.7112849362698862,-1.3237245133469744,1.0724963907824183,0.0,0,0,0,-0.04834508007780594,Not Persuadable
3698,-0.1662006029969311,-0.4039670669941267,-0.712071666573206,-0.9572663160300616,-0.1561829697315506,-1.294786073562992,1.0,0,0,0,0.06652441075296435,Persuadable
1272,1.4676008544439274,-1.143081688792094,-0.0972627677878441,-1.1514621421565157,-0.143399668159119,0.7260648106343096,0.0,5,1,1,0.05879720784963669,Persuadable
4512,-0.1662006029969311,-1.0697810651427089,-0.712071666573206,0.3762116900382572,-1.3237245133469744,-0.3328023354681022,1.0,0,0,0,0.12216161717326462,Highly Persuadable
3110,-0.8541170061299242,-1.198057156529133,1.1323550297828793,-1.306818803057679,-0.9103977625050178,-2.176522948459732,1.0,0,1,0,-0.07352277041012201,Not Persuadable
4152,1.4676008544439274,0.5489410404478808,-0.712071666573206,0.5445147393478507,0.6278595267109237,0.2700277588009238,1.0,0,1,0,0.017518214216842895,Persuadable
348,0.607705350527686,1.5995833127557353,-0.712071666573206,-0.3358396724254082,-1.046752979277622,1.4296927940424746,1.0,0,0,0,0.07851763075328375,Persuadable
3900,0.3497366993528136,-0.6299773232463978,1.1323550297828793,-0.3228932840169778,0.436110003124449,0.3845263319007226,0.0,0,0,0,-0.001032217316334534,Not Persuadable
4634,-1.1980752076964207,-0.6116521673340515,-1.3268805653585676,-0.6206602174108743,-0.1860106734005578,-0.292678903869027,1.0,20,0,1,-0.020509120533704035,Not Persuadable
2563,1.3816113040523033,-0.0680058752677779,-0.0972627677878441,-0.0380727390315116,1.987150593912822,-0.7164214863665728,0.0,0,1,0,-0.03366422061040586,Not Persuadable
4601,0.7796844513109343,0.3351475548038407,-1.3268805653585676,0.738710565474305,-1.1745859950019384,-0.5960511915693485,1.0,0,1,0,0.13605156928094542,Highly Persuadable
1424,1.4676008544439274,0.903227388086576,-0.712071666573206,1.91683191064146,1.365029917387815,1.7800388553222004,1.0,0,0,0,0.13840548405430972,Highly Persuadable
657,-0.8541170061299242,-1.8699795399818304,-0.0972627677878441,0.648085846615293,0.6449039288074991,-0.7849249061698711,1.0,0,0,0,0.10834885689342383,Highly Persuadable
2103,-0.7681274557383001,0.1213540691598005,-1.3268805653585676,-1.306818803057679,0.2912325853035569,1.4267569331937615,1.0,0,0,0,-0.11690560495083624,Not Persuadable
633,-0.4241692541718035,-1.8699795399818304,-0.712071666573206,-1.034944646480643,-1.0254474766569026,-1.8486851536868043,1.0,0,0,0,-0.04404601998266035,Not Persuadable
2908,0.0057784977863171,-1.3080080920032109,-1.3268805653585676,-0.3617324492422687,-1.2598080054848162,-1.2556412622468212,0.0,0,1,0,-0.02993747829305441,Not Persuadable
2494,-0.7681274557383001,-1.8699795399818304,1.1323550297828793,2.0592421831341934,-0.3564546943663131,-1.1979026655554696,0.0,0,1,0,0.0559451854767048,Persuadable
2666,0.0917680481779412,1.0131783235606535,-0.0972627677878441,-0.1804830115242448,-1.3237245133469744,0.591993831876426,1.0,25,1,1,0.019227959533806554,Persuadable
3231,-0.4241692541718035,0.1885463075050702,0.5175461309975176,-0.8666415971710495,0.2741881832069814,-1.3799260381756624,1.0,0,0,0,-0.0008094838580793556,Not Persuadable
3980,0.7796844513109343,-0.1779568107418557,-0.0972627677878441,-0.2581613419748264,0.9261365634009954,-0.2114534203879734,1.0,0,1,0,-0.05937824313149075,Not Persuadable
3323,0.1777575985695653,-1.6256441278172131,-1.3268805653585676,-1.164408530564946,-1.1064083866156365,-0.4600229722456559,0.0,0,0,0,0.1848923417307623,Highly Persuadable
3514,1.1236426528774308,-0.0191387928348544,-1.3268805653585676,-0.6724457710445954,-1.268330206533104,-1.6382817928623876,1.0,15,1,1,0.038697334789643,Persuadable
3613,-0.5961483549550518,-0.7704701852410527,-0.712071666573206,1.360137209078958,-0.1732273718281262,-2.0669174767744547,0.0,20,1,1,0.16634450151370203,Highly Persuadable
2501,0.607705350527686,1.1414544149470778,-0.0972627677878441,-0.3099468956085476,1.445990827346549,1.4424148577202296,1.0,30,1,1,0.025601963313676358,Persuadable
1466,0.0057784977863171,-1.143081688792094,0.5175461309975176,0.324426136404536,-0.0752220597728168,-1.8594499767987511,0.0,5,1,1,0.11445005484294317,Highly Persuadable
4704,0.2637471489611895,0.0847037573351079,-0.712071666573206,-0.374678837650699,0.2571437811104059,0.4031201172759033,1.0,0,1,0,0.04523904175532462,Persuadable
116,-0.5101588045634277,0.2679553164585709,-1.3268805653585676,-0.6724457710445954,0.2486215800621181,0.0547312965619857,1.0,20,0,1,0.0009176491139167636,Persuadable
1822,0.7796844513109343,-0.5505683142928971,-1.3268805653585676,-0.0769119042568025,0.1335718659102333,0.1770588319250185,1.0,5,0,1,-0.0871432643926508,Not Persuadable
1495,-0.3381797037801794,-0.0741142605718933,0.5175461309975176,-0.3099468956085476,1.4545130283948369,-1.1851806018777142,0.0,0,0,0,0.15120668950135555,Highly Persuadable
2402,1.0376531024858069,1.9172193485697375,1.1323550297828793,0.7516569538827352,-0.8848311593601546,1.1126198223814936,0.0,0,1,0,0.11252219446734762,Highly Persuadable
1233,-1.1980752076964207,-0.7032779468957829,-0.712071666573206,-0.9054807623963405,-1.3237245133469744,0.3326594569067966,1.0,0,1,0,-0.035271186564686724,Not Persuadable
2662,-0.682137905346676,0.4695320314943801,-0.0972627677878441,-1.306818803057679,-0.5609875195252194,0.2915574050248174,1.0,0,0,0,0.036043509872980356,Persuadable
2888,0.1777575985695653,-1.198057156529133,0.5175461309975176,-1.306818803057679,-1.2555469049606722,-1.8516210145355168,1.0,0,1,0,0.01156430355488568,Persuadable
4642,-0.5961483549550518,-0.6421940938546286,-1.3268805653585676,-0.4523571681012805,0.7642147434835279,-0.5617994816676992,0.0,0,0,0,0.08507435095983021,Persuadable
1154,-0.5961483549550518,-0.5017012318599736,1.1323550297828793,-0.7760168783120376,0.83239235186983,-0.3748830076329854,0.0,0,0,0,0.016998384572222233,Persuadable
3867,0.4357262497444378,1.483523991977542,0.5175461309975176,-0.4135180028759897,-0.8592645562152912,1.5177686195038582,1.0,10,1,1,0.01432114645019275,Persuadable
58,1.5535904048355516,0.4023397931491104,-1.3268805653585676,0.609246681390002,-1.1831081960502263,-0.4052202364030171,1.0,0,1,0,0.0027586890995481657,Persuadable
3411,-1.8859916108294137,-0.2329322784788946,-1.3268805653585676,-0.1028046810736631,-0.9956197729878954,-0.6782552953333065,1.0,0,0,0,-0.0060648914869671396,Not Persuadable
4464,-0.5961483549550518,1.2819472769417328,0.5175461309975176,0.0007664261937791,0.1207885643378016,1.852456756257116,0.0,0,1,0,0.04019557378904443,Persuadable
4956,2.1555172575769204,2.6441171997594743,1.1323550297828793,0.6869250118405839,0.7812591455801035,2.1626793859377664,0.0,10,0,1,0.063837154704746,Persuadable
1736,0.9516635520941824,1.074262176601808,1.1323550297828793,1.6320113656559945,-0.5524653184769317,0.6174379592319366,0.0,0,1,0,0.1136981582593788,Highly Persuadable
2197,-0.1662006029969311,-0.6238689379422823,-0.712071666573206,-1.2938724146492486,0.3807156963105785,-0.2143892812366863,0.0,0,0,0,0.0261523713634484,Persuadable
3784,1.3816113040523033,-1.8088956869406765,-0.712071666573206,0.233801417545524,-1.3237245133469744,-1.557056309381334,0.0,0,0,0,-0.03366600503519326,Not Persuadable
2476,0.0057784977863171,0.5672661963602271,-0.0972627677878441,-0.9054807623963405,-0.0965275623935363,1.3210659426401017,0.0,10,0,1,0.003570573948234137,Persuadable
2565,1.209632203269055,0.1335708397680313,1.7471639285682412,1.774421638148727,0.6576872303799308,2.0423090911405426,1.0,0,1,0,0.024209191789072552,Persuadable
3174,0.0057784977863171,-0.1046561870924705,-0.712071666573206,-0.9184271508047708,0.9005699602561321,0.2690491385180197,0.0,0,0,0,0.07328607402186949,Persuadable
4053,0.4357262497444378,-0.660519249766975,-0.0972627677878441,-0.2193221767495355,0.2571437811104059,0.3532104828477861,0.0,0,1,0,-0.035647365283476916,Not Persuadable
3674,-1.8859916108294137,0.0785953720309924,-0.712071666573206,-0.012179962214651,0.0014777496617729,-0.8857227953090102,1.0,20,1,1,0.02528610164352104,Persuadable
708,0.607705350527686,0.6833255171384203,-0.0972627677878441,-0.8536952087626192,-0.4587211069457663,0.7720599639308106,0.0,0,1,0,-0.03215263269538508,Not Persuadable
4291,-0.4241692541718035,-0.8559875794986688,-0.0972627677878441,1.6449577540644245,0.7045593361455136,-1.6079445640923558,0.0,0,1,0,0.22059829463175926,Highly Persuadable
1094,0.1777575985695653,-0.4039670669941267,-0.0972627677878441,-0.5041427217350017,0.0952219611929384,-1.060895825948873,0.0,20,0,1,0.010548306337485018,Persuadable
3805,1.0376531024858069,1.538499459714581,0.5175461309975176,1.0882630525019223,1.2712857058566498,1.1028336195524509,0.0,25,1,1,0.15949987044345923,Highly Persuadable
1377,0.607705350527686,-1.338550018523788,-0.712071666573206,-0.0251263506230813,-1.3066801112503987,-0.8328773000321797,0.0,30,1,1,0.12006812481419321,Highly Persuadable
4924,-1.370054308479669,-0.1779568107418557,0.5175461309975176,-0.3099468956085476,-1.191630397098514,0.704535164410416,1.0,5,1,1,0.053584048573656146,Persuadable
73,-0.9401065565215484,1.2697305063335018,1.1323550297828793,0.8681744495586079,2.0169782975818293,-0.0382376303139187,0.0,10,1,1,0.10089391168160629,Highly Persuadable
1923,-1.8859916108294137,-1.1369733034879788,-1.3268805653585676,-1.021998258072213,-1.3237245133469744,1.2809425110410266,0.0,0,1,0,-0.11434374208590364,Not Persuadable
3189,-0.3381797037801794,0.4206649490614567,-1.3268805653585676,0.3632653016298269,1.748528964560765,0.5215331715073191,1.0,0,0,0,0.03301891482210784,Persuadable
1765,-1.1120856573047966,-0.8926378913233614,-0.0972627677878441,0.0137128146022093,-0.9913586724637516,0.588079350744809,0.0,25,1,1,0.028250449097490277,Persuadable
744,-1.8859916108294137,-0.3550999845612033,-1.3268805653585676,0.1949622523202333,-0.9146588630291616,-0.6567256491094129,0.0,25,0,1,0.015167549768477222,Persuadable
2894,-0.682137905346676,-0.9048546619315924,-0.0972627677878441,-0.9184271508047708,-0.0496554566279536,-0.185030672749558,0.0,0,0,0,0.044538939545390184,Persuadable
1006,0.3497366993528136,0.6588919759219586,-0.0972627677878441,0.6739786234321535,1.7826177687539158,-0.0088790218267911,0.0,25,1,1,0.23940991500345218,Highly Persuadable
2669,0.0057784977863171,0.8360351497413061,-1.3268805653585676,1.1271022177272134,1.3522466158153836,1.6009513435507206,0.0,0,0,0,0.15534303662561944,Highly Persuadable
1191,1.5535904048355516,0.5978081228808043,2.3619728273536027,0.6351394582068627,-0.2712326838834354,1.1595935959608978,1.0,20,0,1,0.08586148408137435,Persuadable
4664,-0.682137905346676,-0.831554038282207,-0.0972627677878441,0.2726405827708149,-1.1788470955260824,-0.4776381373379327,0.0,0,0,0,0.03356629059287268,Persuadable
2602,1.4676008544439274,-0.6421940938546286,-0.712071666573206,1.1529949945440738,-0.795348048353133,-1.2977219344117044,1.0,0,1,0,0.003972740166197789,Persuadable
1126,-0.2521901533885552,-1.4729344952143275,0.5175461309975176,-1.2291404726070974,-0.0666998587245291,-0.956183455678117,1.0,0,0,0,0.04607078238237192,Persuadable
1242,-1.0260961069131724,-0.5566766995970126,-0.0972627677878441,-1.0996765885227946,-1.3237245133469744,0.6037372752712769,0.0,0,1,0,-0.09582625539332268,Not Persuadable
3631,0.7796844513109343,0.5367242698396499,-0.0972627677878441,-0.3099468956085476,1.522690636781139,0.0850685253320181,1.0,20,1,1,0.034605094472582434,Persuadable
4140,0.3497366993528136,-1.5401267335595972,-0.0972627677878441,-1.073783811705934,-0.6675150326288165,-0.228089965197346,0.0,0,1,0,0.0824870992669455,Persuadable
4852,-0.1662006029969311,-0.3856419110817804,0.5175461309975176,1.6320113656559945,0.8536978544905495,0.0743037022200713,1.0,25,1,1,0.1379556781399641,Highly Persuadable
999,0.1777575985695653,0.25573854585034,0.5175461309975176,-1.2938724146492486,0.1037441622412261,0.1780374522079233,0.0,0,0,0,0.08405007474137147,Persuadable
4793,0.7796844513109343,-1.3018997066990954,-0.712071666573206,-0.0380727390315116,-0.4885488106147734,-1.01196481180366,0.0,0,0,0,-0.04472614776851553,Not Persuadable
2685,-1.542033409262917,-1.466826109910212,-0.712071666573206,-1.2420868610155276,1.343724414767096,-0.8279841986176587,0.0,0,0,0,0.05491192818242758,Persuadable
1578,1.0376531024858069,-1.112539762271517,1.7471639285682412,1.3212980438536677,1.3138967110980886,0.423671143216893,1.0,0,1,0,0.05463993355926331,Persuadable
4801,0.0057784977863171,-0.0252471781389698,-0.0972627677878441,0.6610322350237232,2.097939207540563,-0.9023593401183824,0.0,0,0,0,0.13618491907925934,Highly Persuadable
1827,0.8656740017025585,-0.013030407530739,0.5175461309975176,-0.1157510694820934,0.1847050721999599,-0.8906158967235313,0.0,0,0,0,0.08460534175035772,Persuadable
3308,0.6936949009193102,0.903227388086576,-0.0972627677878441,1.735582472923436,-0.1519218692074067,1.4385003765886126,1.0,10,1,1,0.12857122735157525,Highly Persuadable
5000,-0.9401065565215484,-0.6483024791587441,-0.712071666573206,0.9329063916007588,-0.2925381865041548,-0.7545876773998391,0.0,10,1,1,0.14243068262562694,Highly Persuadable
3553,1.0376531024858069,0.2190882340256474,0.5175461309975176,-0.6853921594530257,0.4275878020761612,-1.2145392103648422,1.0,20,0,1,-0.018402431620773395,Not Persuadable
441,-0.1662006029969311,-0.1046561870924705,-0.712071666573206,-1.306818803057679,-1.0936250850432048,-0.5686498236480291,0.0,0,0,0,0.08587214765288957,Persuadable
4962,0.6936949009193102,0.0785953720309924,1.1323550297828793,0.5445147393478507,-0.4459378053733346,-0.180137571335037,0.0,15,0,1,0.1456355469799476,Highly Persuadable
1101,1.209632203269055,0.2862804723709172,1.7471639285682412,2.2016524556269266,0.5298542146556143,1.6087803058139545,0.0,0,1,0,-0.0049690230075689346,Not Persuadable
4029,-0.1662006029969311,0.2618469311544554,0.5175461309975176,2.38290189334495,0.798303547676679,0.3610394451110201,0.0,0,0,0,0.034438269100651515,Persuadable
4954,-1.8859916108294137,-0.0191387928348544,-0.0972627677878441,1.4119227627126794,-0.4374156043250469,0.4383504474604567,0.0,15,0,1,-0.049347529287857676,Not Persuadable
650,-0.4241692541718035,-0.1840651960459711,-0.712071666573206,-0.2063757883411052,-1.0723195824224854,0.2494767328599341,1.0,0,0,0,0.0863798915006932,Persuadable
1547,-1.8000020604377898,-0.9415049737562848,-1.3268805653585676,-1.1773549189733763,0.5255931141314705,0.4422649285920737,1.0,0,1,0,-0.11204729968009351,Not Persuadable
3555,0.9516635520941824,1.7034258629256975,1.1323550297828793,0.1043375334612213,0.0909608606687945,0.2103319215437638,1.0,0,0,0,0.17089923101092544,Highly Persuadable
3577,0.3497366993528136,-1.4912596511266738,-0.0972627677878441,-0.6853921594530257,0.1548773685309527,-0.9503117339806916,1.0,0,1,0,-0.02963954790078189,Not Persuadable
3816,-0.7681274557383001,-0.8071204970657453,-0.0972627677878441,-0.3358396724254082,-1.0637973813741977,-1.1489716514102566,0.0,5,0,1,-0.05685537433209816,Not Persuadable
3760,-1.8000020604377898,-1.546235118863713,-1.3268805653585676,0.648085846615293,-1.3237245133469744,-0.6860842575965405,1.0,0,1,0,0.08588285933364077,Persuadable
631,1.6395799552271757,-1.0270223680139008,2.3619728273536027,1.1529949945440738,1.9743672923403903,-0.8113476538082861,0.0,0,1,0,0.07619542525291209,Persuadable
673,-0.7681274557383001,-0.3734251404735496,-0.0972627677878441,1.541386646796982,0.7642147434835279,0.0488595748645606,1.0,20,1,1,0.1118778188172156,Highly Persuadable
1250,-1.6280229596545417,-0.605543782029936,-0.0972627677878441,0.2985333595876755,0.0057388501859168,-1.4034129249653648,0.0,10,1,1,0.10879662710469354,Highly Persuadable
483,0.0917680481779412,0.0419450602062998,-1.3268805653585676,-1.009051869663783,0.2912325853035569,0.7074710252591289,0.0,20,0,1,-0.13309146853248116,Not Persuadable
1585,-0.080211052605307,-0.1840651960459711,-0.712071666573206,0.4668364088972692,0.6449039288074991,-0.2310258260460582,1.0,5,0,1,-0.05441366250543361,Not Persuadable
3090,1.0376531024858069,0.1335708397680313,-1.3268805653585676,-1.306818803057679,1.1690192932771968,0.4784738790595318,0.0,15,0,1,-0.05134894588794783,Not Persuadable
4638,-1.1120856573047966,-1.0392391386221318,-0.712071666573206,-0.374678837650699,-1.3237245133469744,-1.281085389602332,1.0,0,0,0,0.13807054485369413,Highly Persuadable
3054,-0.080211052605307,0.4512068755820339,1.1323550297828793,-0.0769119042568025,-1.0382307782293343,0.3796332304862009,1.0,15,0,1,0.015104523209136475,Persuadable
1463,-0.8541170061299242,-0.691061176287552,-0.712071666573206,-0.8666415971710495,1.6846124566986065,-0.7731814627750199,0.0,0,0,0,0.07387417114963088,Persuadable
3948,-1.8859916108294137,-1.2896829360908646,-0.0972627677878441,1.2695124902199466,0.6193373256626359,-0.7545876773998391,1.0,0,1,0,0.03919831491973811,Persuadable
3640,-1.370054308479669,-1.3752003303484803,-1.3268805653585676,-0.42646439128442,0.8963088597319883,0.4060559781246162,0.0,0,1,0,-0.010523885850069421,Not Persuadable
2579,1.295621753660679,1.8622438808326989,1.1323550297828793,-0.0769119042568025,0.7429092408628085,-0.0088790218267911,1.0,25,0,1,-0.06887034075584146,Not Persuadable
3820,-0.3381797037801794,-1.546235118863713,-0.712071666573206,0.1302303102780819,-1.3237245133469744,-1.2683633259245768,1.0,0,1,0,0.05369040563741424,Persuadable
50,0.0917680481779412,0.9643112411277304,1.1323550297828793,-0.2452149535663961,2.5751824662446783,1.7369795628744131,1.0,0,0,0,0.05644656689739366,Persuadable
4300,-0.1662006029969311,0.4267733343655721,2.3619728273536027,-0.1286974578905237,1.0710139812218875,0.3551677234135943,0.0,30,1,1,0.10865356080590532,Highly Persuadable
3072,0.1777575985695653,-0.013030407530739,-0.0972627677878441,0.3891580784466875,-1.080841783470773,0.6908344804497563,0.0,15,0,1,-0.047026309866992744,Not Persuadable
859,-1.8859916108294137,0.0908121426392233,-1.3268805653585676,-0.4005716144675594,-0.0453943561038097,-1.2429191985690655,1.0,0,1,0,-0.0012332833750481505,Not Persuadable
1073,-0.2521901533885552,0.5855913522725734,2.3619728273536027,1.9427246874583208,2.1959445195958724,-0.5432056962925185,1.0,15,1,1,0.13955918178819993,Highly Persuadable
720,-1.0260961069131724,-0.0924394164842396,0.5175461309975176,-0.374678837650699,-0.2414049802144283,0.3757187493545839,1.0,5,0,1,0.11223461031576727,Highly Persuadable
3173,1.0376531024858069,0.2007630781133011,0.5175461309975176,-1.306818803057679,0.0142610512342046,1.3298735251862397,0.0,15,0,1,-0.006879200018501778,Not Persuadable
2632,-1.0260961069131724,-1.8699795399818304,-1.3268805653585676,-0.6724457710445954,-0.9103977625050178,-0.4326216043243365,0.0,0,0,0,0.20734296110472145,Highly Persuadable
4884,-0.2521901533885552,-0.3428832139529724,-0.0972627677878441,0.4927291857141298,0.1761828711516721,-1.063831686797586,1.0,20,0,1,0.11558389056950595,Highly Persuadable
1661,2.499475459143417,3.0289454739187467,1.1323550297828793,1.3083516554452377,-0.2627104828351477,0.5225117917902232,1.0,10,0,1,-0.03267934762518114,Not Persuadable
1657,0.4357262497444378,-0.1657400401336248,-0.712071666573206,0.4150508552635481,-0.650470630532241,0.0234154475090493,0.0,30,1,1,0.038045949627577146,Persuadable
2426,1.209632203269055,-0.7399282587204755,0.5175461309975176,-0.1028046810736631,-0.0198277529589464,-0.4218567812123897,0.0,0,1,0,-0.13252044149519446,Not Persuadable
3541,0.1777575985695653,0.8543603056536524,-1.3268805653585676,-1.047891034889073,-0.6035985247666583,0.984420565321035,1.0,20,0,1,-0.09397089993141318,Not Persuadable
4239,-0.080211052605307,-0.2084987372624328,-0.712071666573206,-1.306818803057679,-1.153280492381219,0.921788867215162,0.0,0,1,0,-0.08452936802768199,Not Persuadable
4985,-1.4560438588712932,0.1335708397680313,0.5175461309975176,0.4668364088972692,1.3948576210568224,-0.1781803307692282,0.0,0,0,0,0.09465525535383537,Persuadable
4432,-1.7140125100461656,-1.760028604507753,-0.712071666573206,-0.2970005072001173,-0.867786757263579,-3.224625271450197,1.0,0,1,0,-0.05209367093097219,Not Persuadable
4487,1.7255695056187998,-0.0313555634430853,-0.0972627677878441,0.9717455568260498,-0.070960959248673,1.1556791148292809,1.0,0,0,0,0.038400979954177135,Persuadable
3321,-1.6280229596545417,-0.1840651960459711,-0.0972627677878441,-0.0639655158483722,0.180443971675816,-0.5324408731805715,1.0,20,0,1,0.001651995600835223,Persuadable
4762,2.929423211101537,-1.381308715652596,1.1323550297828793,-0.4005716144675594,1.1349304890840457,-1.2791281490365236,1.0,10,0,1,-0.01935288762262747,Not Persuadable
4136,-0.5961483549550518,-0.4772676906435119,-0.0972627677878441,-0.1545902347073842,0.2060105748206793,-0.3993485147055919,1.0,15,0,1,-0.11592551402331018,Not Persuadable
2607,-1.0260961069131724,-0.6788444056793212,-0.712071666573206,0.4409436320804086,-0.9146588630291616,0.704535164410416,0.0,0,0,0,0.015452568101540599,Persuadable
1386,0.0917680481779412,1.9294361191779683,1.7471639285682412,0.9976383336429104,0.3551490931657152,0.7192144686539798,0.0,20,1,1,0.053933350310417065,Persuadable
3854,-0.3381797037801794,-0.6666276350710904,1.1323550297828793,0.648085846615293,0.5298542146556143,-0.4492581491337091,0.0,0,0,0,0.11223288097931362,Highly Persuadable
1400,-1.4560438588712932,-0.0802226458760087,-1.3268805653585676,0.1690694755033727,-1.3237245133469744,0.1271491974969013,0.0,10,0,1,-0.07608953229562898,Not Persuadable
1196,2.0695277071852964,0.8849022321742296,1.1323550297828793,-1.306818803057679,0.973008669166578,-0.0088790218267911,0.0,20,0,1,-0.049539837907707746,Not Persuadable
1409,0.0057784977863171,-1.045347523926247,-0.712071666573206,1.360137209078958,-0.3223658901731621,-1.743972783416048,0.0,10,1,1,0.24382871665590614,Highly Persuadable
3843,0.3497366993528136,-0.3673167551694341,0.5175461309975176,1.43781553952954,1.0667528806977435,0.092897487595252,0.0,0,0,0,0.14617258049465637,Highly Persuadable
1799,-0.5961483549550518,-1.747811833899522,0.5175461309975176,-0.7630704899036073,1.0582306796494558,-0.1067410501172173,0.0,0,0,0,0.02532776607531061,Persuadable
1476,-0.1662006029969311,-0.8987462766274767,-0.0972627677878441,2.1887060672184964,-0.288277085980011,-0.7604593990972646,0.0,0,1,0,0.11099800100550379,Highly Persuadable
3232,1.5535904048355516,0.665000361226074,1.7471639285682412,-0.2711077303832567,0.2699270826828375,0.5029393861321384,1.0,10,1,1,-0.13912181415283065,Not Persuadable
36,1.209632203269055,-0.7643617999369373,0.5175461309975176,-1.216194084198667,-0.795348048353133,0.1202988555165715,0.0,0,1,0,0.05504993419197316,Persuadable
3558,0.4357262497444378,1.0376118647771155,1.1323550297828793,-1.021998258072213,0.8153479497732545,1.6469464968472207,0.0,25,1,1,0.07983594737321625,Persuadable
2346,-1.0260961069131724,-1.8699795399818304,-0.712071666573206,-1.2938724146492486,0.397760098407154,-2.583628986147905,1.0,0,1,0,-0.10738316379466292,Not Persuadable
3193,0.0917680481779412,0.5428326551437653,1.7471639285682412,1.1659413829525045,-0.8890922598842984,1.324001803488814,1.0,30,0,1,0.06943367206544748,Persuadable
2360,1.6395799552271757,1.4163317536322724,1.7471639285682412,1.619064977247564,1.2585024042842183,0.2788353413470618,1.0,0,1,0,0.03461763477042693,Persuadable
2207,-0.4241692541718035,0.9520944705194994,-1.3268805653585676,-0.1157510694820934,-0.4800266095664857,-0.1047838095514085,1.0,0,1,0,0.0012159002672737429,Persuadable
3786,-1.2840647580880449,-0.2634742049994718,-0.712071666573206,0.8940672263754684,-0.2115772765454211,-0.3660754250868467,0.0,0,0,0,0.017964561977711128,Persuadable
1287,-1.370054308479669,0.4328817196696876,-0.0972627677878441,-0.7112849362698862,-1.0297085771810466,1.016715034656876,1.0,20,1,1,0.0012445387756223102,Persuadable
350,1.5535904048355516,0.7321925995713437,-0.0972627677878441,1.5025474815716913,-0.5183765142837806,0.0664747399568373,1.0,10,0,1,0.0500319182884013,Persuadable
2138,0.8656740017025585,-0.098547801788355,1.1323550297828793,1.43781553952954,0.9303976639251392,0.1467216031549869,0.0,30,0,1,0.09762129314141137,Persuadable
2692,-1.0260961069131724,-0.9598301296686312,-0.712071666573206,-1.306818803057679,-0.8464812546428596,-0.6009442929838699,0.0,0,0,0,0.10785470407472911,Highly Persuadable
3394,-1.1120856573047966,-1.6317525131213286,-0.712071666573206,-1.047891034889073,-0.4757655090423418,-1.613816285789781,0.0,0,1,0,-0.04181964265481023,Not Persuadable
4535,0.0057784977863171,-0.1718484254377403,-0.712071666573206,0.6221930697984324,0.6917760345730819,-0.0353017694652058,1.0,10,0,1,0.06855944489552963,Persuadable
1682,-1.0260961069131724,-1.8699795399818304,-0.0972627677878441,-0.7371777130867467,1.4630352294431246,-0.3249733732048675,1.0,0,0,0,0.1650793670410727,Highly Persuadable
4040,-0.1662006029969311,-0.6177605526381669,0.5175461309975176,0.2985333595876755,0.7216037382420891,0.0146078649629113,1.0,0,1,0,-0.07254986099679295,Not Persuadable
1444,1.4676008544439274,0.6283500494013814,1.7471639285682412,0.7646033422911656,-0.5183765142837806,0.1741229710763056,0.0,0,0,0,0.08198683654990957,Persuadable
3259,-0.9401065565215484,-0.3062329021282798,-0.0972627677878441,-0.89253437398791,1.5780849435950093,-0.5246119109173369,0.0,0,1,0,0.10964749056838634,Highly Persuadable
1672,-1.6280229596545417,-0.3550999845612033,-0.0972627677878441,-0.7371777130867467,-0.7442148420634064,-0.2466837505725268,1.0,0,1,0,0.0017466209952553646,Persuadable
2969,2.0695277071852964,0.2618469311544554,-0.712071666573206,-1.021998258072213,1.2798079069049375,-0.2173251420853992,1.0,0,1,0,0.025842253777931146,Persuadable
1180,0.4357262497444378,-0.7949037264575144,-0.0972627677878441,0.7775497306995959,0.1293107653860894,-1.351546049971439,1.0,10,1,1,0.0645655770336337,Persuadable
2799,0.607705350527686,1.6056916980598508,0.5175461309975176,-1.2550332494239578,1.0028363728355854,0.5596993625405855,1.0,0,0,0,0.0229960099335469,Persuadable
1693,-1.4560438588712932,-1.8699795399818304,-0.712071666573206,-0.4394107796928503,-0.5354209163803562,0.7701027233650017,0.0,10,0,1,0.028883101211068712,Persuadable
3893,-1.8859916108294137,-1.8699795399818304,-1.3268805653585676,-1.306818803057679,-0.1604440702556945,-1.1861592221606188,0.0,0,1,0,0.012669630630118164,Persuadable
373,0.8656740017025585,0.3534727107161869,-0.0972627677878441,-0.6983385478614559,0.5724652198970532,-0.1116341515317383,0.0,0,1,0,-0.04313844499167984,Not Persuadable
3629,1.295621753660679,0.4573152608861493,-0.712071666573206,-0.7112849362698862,-1.302419010726255,0.0351588909039009,0.0,0,0,0,0.07003925352451856,Persuadable
1917,-0.5961483549550518,-0.5322431583805508,-0.712071666573206,0.3632653016298269,-0.3905434985594642,0.092897487595252,0.0,0,0,0,0.005549565943674117,Persuadable
1358,-0.5101588045634277,0.4023397931491104,0.5175461309975176,0.7128177886574444,1.9317562870989515,-0.76633112079469,0.0,5,1,1,0.18607911807749167,Highly Persuadable
1826,0.6936949009193102,-0.013030407530739,-0.712071666573206,0.2855869711792452,-0.5993374242425143,1.420885211496336,1.0,25,0,1,-0.06143882436645975,Not Persuadable
787,0.0917680481779412,0.5183991139273036,-0.712071666573206,-1.306818803057679,-0.2371438796902844,0.2250112257873276,1.0,20,0,1,0.13053613243223888,Highly Persuadable
470,-1.0260961069131724,0.3229307841956098,1.1323550297828793,0.9329063916007588,-1.3237245133469744,0.1281278177798054,1.0,20,1,1,0.09230277650338095,Persuadable
141,0.4357262497444378,0.0358366749021844,-0.0972627677878441,-0.4005716144675594,1.122147187511614,0.6233096809293623,0.0,0,1,0,-0.020623937212418172,Not Persuadable
789,-1.1120856573047966,-1.2347074683538255,-1.3268805653585676,-1.306818803057679,-0.9913586724637516,-1.9651409673524112,1.0,0,0,0,0.06595021695589642,Persuadable
324,0.7796844513109343,-0.3978586816900113,-0.712071666573206,0.7646033422911656,-0.612120725814946,-0.7222932080639982,1.0,5,1,1,0.19431441175590256,Highly Persuadable
51,0.2637471489611895,0.5000739580149574,-0.0972627677878441,-0.9702127044384918,-0.105049763441824,1.3768472987656446,0.0,10,1,1,0.0700306039828417,Persuadable
715,-0.2521901533885552,-1.5218015776472509,-1.3268805653585676,0.4279972436719784,-1.3237245133469744,-2.0512595522479864,1.0,0,0,0,0.04951770281493871,Persuadable
4499,0.2637471489611895,1.0986957178182697,2.9767817261389644,1.8909391338246,3.052425724948793,2.082432522739617,1.0,25,1,1,0.07550511638743465,Persuadable
2841,-0.1662006029969311,-0.0863310311801242,0.5175461309975176,-0.7112849362698862,0.252882680586262,-0.8397276420125096,0.0,0,0,0,0.0123874287103732,Persuadable
2447,-0.4241692541718035,-0.0313555634430853,-1.3268805653585676,-0.3099468956085476,-0.8294368525462841,-0.9189958849277552,0.0,10,0,1,-0.03261400571016422,Not Persuadable
4824,-0.5961483549550518,-0.2329322784788946,0.5175461309975176,0.3762116900382572,0.9133532618285638,0.0214582069432412,1.0,5,0,1,-0.0469216939913603,Not Persuadable
4430,-1.542033409262917,-1.8699795399818304,-0.712071666573206,-0.374678837650699,0.2060105748206793,-1.254662641963917,1.0,25,1,1,0.0794194271027932,Persuadable
4607,-1.1120856573047966,0.4512068755820339,-0.712071666573206,0.1431766986865122,-1.161802693429507,-0.3034437269809739,0.0,0,1,0,0.009524948665313816,Persuadable
3699,-1.1120856573047966,0.5306158845355345,0.5175461309975176,1.1400486061356436,-1.3237245133469744,-1.056981344817256,0.0,25,0,1,0.03988674589282773,Persuadable
2667,-0.4241692541718035,-0.3489915992570878,-0.0972627677878441,0.5056755741225601,-1.153280492381219,-0.7359938920246579,1.0,0,0,0,0.23121508122313786,Highly Persuadable
407,-0.080211052605307,-1.50958480703902,-0.712071666573206,0.0137128146022093,0.0483498554273556,-2.512189705495894,1.0,0,0,0,0.06011123405584436,Persuadable
4385,0.7796844513109343,1.1964298826841169,-0.712071666573206,-1.306818803057679,-1.3237245133469744,0.9668054002287584,1.0,15,1,1,-0.01630200534442635,Not Persuadable
1005,0.0057784977863171,-1.8699795399818304,-0.712071666573206,-0.4394107796928503,1.1434526901323334,-1.5139970169335464,1.0,0,1,0,0.035774094124561055,Persuadable
3528,-1.370054308479669,1.569041386235158,1.1323550297828793,-0.2581613419748264,0.6747316324765064,1.6126947869455714,0.0,0,0,0,0.007651196207807224,Persuadable
891,-0.8541170061299242,0.3168223988914943,-1.3268805653585676,-0.3099468956085476,-0.6462095300080971,0.4637945748159673,0.0,0,0,0,0.006984042323035253,Persuadable
2412,1.6395799552271757,-0.0374639487472007,1.7471639285682412,0.0137128146022093,-0.105049763441824,-0.6665118519384553,1.0,0,1,0,-0.03562980952426488,Not Persuadable
2546,-0.5101588045634277,1.1903214973800011,0.5175461309975176,1.5802258120222732,-0.394804599083608,1.3024721572649205,1.0,30,0,1,0.11165472244802302,Highly Persuadable
3622,-0.682137905346676,0.8421435350454216,-0.0972627677878441,-0.1934293999326751,-0.2200994775937088,1.3191087020742929,0.0,0,1,0,0.015216634818123234,Persuadable
2391,-1.8859916108294137,-1.8699795399818304,-0.712071666573206,-0.6206602174108743,0.7769980450559595,-0.4061988566859218,1.0,0,0,0,-0.010937365313788888,Not Persuadable
3959,-0.682137905346676,-0.5200263877723199,-0.712071666573206,-0.4135180028759897,-0.8209146514979963,1.0450950228610996,1.0,25,0,1,-0.07197148842625453,Not Persuadable
43,-0.682137905346676,-0.013030407530739,-0.0972627677878441,-0.7760168783120376,0.0142610512342046,0.6076517564028938,0.0,0,0,0,0.09707703657157364,Persuadable
2831,-0.9401065565215484,1.4102233683281569,-0.0972627677878441,0.2208550291370937,0.4787210083658877,1.2789852704752185,0.0,15,0,1,-0.031814563854647517,Not Persuadable
4146,-1.8859916108294137,-0.4100754522982421,-0.712071666573206,-1.306818803057679,-0.4800266095664857,0.0752823225029753,0.0,5,0,1,-0.06552957489323162,Not Persuadable
304,-0.3381797037801794,0.9093357733906914,-0.712071666573206,0.2467478059539543,0.5383764157039022,0.2641560371034979,0.0,0,0,0,0.0063975918899213105,Persuadable
4524,0.0917680481779412,0.6161332787931506,-0.0972627677878441,0.6739786234321535,1.215891399042779,1.1331708483224832,0.0,20,0,1,-0.007036699515859916,Not Persuadable
3766,1.209632203269055,0.8360351497413061,-0.0972627677878441,-1.306818803057679,1.552518340450146,0.6047158955541816,0.0,0,0,0,0.036269297259704826,Persuadable
665,-0.080211052605307,0.8604686909577679,1.7471639285682412,0.2467478059539543,0.4403711036485928,0.8581785488263852,0.0,0,1,0,0.014404444067491695,Persuadable
1178,0.1777575985695653,0.1030289132474542,0.5175461309975176,-1.1385157537480854,0.7812591455801035,-1.4543011796763865,1.0,0,1,0,0.06124184527243467,Persuadable
2677,1.6395799552271757,0.6100248934890351,-0.712071666573206,0.0654983682359304,0.7130815371938013,-0.2691920170793245,1.0,0,1,0,-0.11223603685179122,Not Persuadable
1948,-0.9401065565215484,0.212979848721532,-0.712071666573206,-0.7242313246783165,0.2784492837311253,0.2181608838069977,1.0,0,1,0,0.009544699814547739,Persuadable
2502,0.2637471489611895,-1.8699795399818304,-0.712071666573206,-0.9184271508047708,-1.0254474766569026,-0.0519383142745784,0.0,0,0,0,0.09563514116727646,Persuadable
1474,-1.8859916108294137,-1.8699795399818304,-1.3268805653585676,-1.306818803057679,-0.2754937844075794,-0.6185594580761465,1.0,25,1,1,0.058541647465056114,Persuadable
3500,0.607705350527686,1.0253950941688843,-0.712071666573206,-1.306818803057679,-0.3436713927938815,1.0196508955055883,1.0,20,1,1,0.004166144919419549,Persuadable
3537,0.9516635520941824,0.7566261407878055,4.206399523709688,1.7485288613318666,1.198846996946204,-0.4404505665875705,0.0,20,1,1,0.11811292457032846,Highly Persuadable
2133,-0.4241692541718035,-0.4039670669941267,-0.0972627677878441,-0.0769119042568025,-0.7612592441599819,-0.4208781609294856,0.0,20,1,1,0.11105360825716132,Highly Persuadable
1027,-1.8859916108294137,-0.8743127354110151,0.5175461309975176,-0.1934293999326751,-0.6930816357736798,-1.0755751301924368,0.0,20,0,1,-0.018759136677243427,Not Persuadable
962,0.1777575985695653,-1.210273927137364,-1.3268805653585676,-1.2291404726070974,0.0440887549032118,0.541105577165404,1.0,0,1,0,-0.07985645137984017,Not Persuadable
2890,-0.3381797037801794,0.3840146372367641,-0.0972627677878441,-0.2452149535663961,0.5511597172763338,-0.3993485147055919,0.0,0,1,0,0.002568390732622573,Persuadable
3972,0.2637471489611895,-1.1064313769674017,-0.0972627677878441,-0.9961054812553524,1.595129345691585,-1.6921059084221222,0.0,15,1,1,0.106731381374562,Highly Persuadable
2010,0.6936949009193102,0.1702211515927239,-0.0972627677878441,-1.306818803057679,-0.1306163665866873,-0.0910831255907488,1.0,0,0,0,0.05409052232919189,Persuadable
2150,0.1777575985695653,0.4695320314943801,-0.0972627677878441,-1.2032476957902367,-1.3237245133469744,-1.0775323707582454,1.0,10,1,1,0.0675852694584551,Persuadable
3339,-1.1120856573047966,-1.8699795399818304,-0.712071666573206,-0.5559282753687228,-0.4885488106147734,-1.091233054718905,1.0,0,1,0,0.053816966402358835,Persuadable
2339,1.1236426528774308,0.0969205279433387,-0.0972627677878441,-0.4653035565097109,-0.8550034556911473,0.6927917210155651,0.0,0,0,0,0.05502954637481612,Persuadable
3907,-1.6280229596545417,0.0908121426392233,-0.712071666573206,0.8940672263754684,1.228674700615211,-1.747887264547665,0.0,0,1,0,0.06867763313249099,Persuadable
305,-0.080211052605307,1.3308143593746562,-0.0972627677878441,1.191834159769365,0.4872432094141755,1.1703584190728449,0.0,0,1,0,-0.07501170045279201,Not Persuadable
1441,-0.682137905346676,0.2007630781133011,-0.712071666573206,-0.8666415971710495,-1.3237245133469744,1.5520203294055075,0.0,0,0,0,-0.06808471620844726,Not Persuadable
1497,0.3497366993528136,0.1213540691598005,2.3619728273536027,-0.2452149535663961,2.668926677775844,0.7387868743120654,0.0,20,0,1,0.06932778127751017,Persuadable
2653,1.295621753660679,0.6100248934890351,1.1323550297828793,2.136920513584775,1.0411862775528802,0.5009821455663296,0.0,5,0,1,0.09151859169101163,Persuadable
2876,-1.8859916108294137,-0.3001245168241643,-1.3268805653585676,-1.306818803057679,0.1122663632895139,0.3571249639794031,1.0,0,0,0,0.060282065494701165,Persuadable
917,1.4676008544439274,0.7688429113960363,0.5175461309975176,0.3762116900382572,0.7855202461042473,1.2691990676461755,1.0,10,0,1,0.07746841329902988,Persuadable
4894,-0.8541170061299242,-0.3673167551694341,-0.712071666573206,0.1043375334612213,0.5255931141314705,0.3003649875709561,1.0,25,0,1,-0.09110949593217109,Not Persuadable
3740,-0.5101588045634277,0.2374133899379937,1.1323550297828793,0.6351394582068627,-0.3394102922697375,0.4569442328356375,1.0,20,1,1,0.11491607608739861,Highly Persuadable
2773,-0.2521901533885552,-0.3612083698653187,2.9767817261389644,1.619064977247564,1.007097473359729,-0.787860767018584,0.0,20,1,1,0.10923398009532491,Highly Persuadable
1625,0.1777575985695653,-0.5750018555093589,-0.712071666573206,-0.8278024319457586,-0.2712326838834354,0.2484981125770301,0.0,20,1,1,0.10473539341566183,Highly Persuadable
3856,-1.8859916108294137,-1.8699795399818304,-0.712071666573206,1.0105847220513406,-0.9444865666981688,-1.9396968399969008,0.0,0,1,0,-0.015674925033351394,Not Persuadable
822,1.4676008544439274,-0.5017012318599736,1.7471639285682412,-0.4394107796928503,0.9857919707390098,0.4363932068946479,0.0,30,1,1,0.06352869660923477,Persuadable
3808,0.1777575985695653,-0.1718484254377403,-0.0972627677878441,-1.306818803057679,-0.7271704399668308,-0.3680326656526556,0.0,0,0,0,0.00455080226031654,Persuadable
1355,1.983538156793672,2.3936734022907413,2.3619728273536027,1.955671075866751,-0.1263552660625435,1.1821018624676962,1.0,0,1,0,0.03491698548022586,Persuadable
4508,-1.0260961069131724,-0.691061176287552,0.5175461309975176,0.8034425075164564,0.7556925424352401,-0.7526304368340303,0.0,0,0,0,0.007365655545084468,Persuadable
851,-0.3381797037801794,0.7383009848754593,0.5175461309975176,-0.141643846298954,0.0099999507100607,0.1799946927737314,1.0,15,0,1,0.07104167114501937,Persuadable
1001,-0.080211052605307,0.1518959956803776,-0.712071666573206,-1.2679796378323882,-1.2768524075813916,-0.1047838095514085,0.0,0,0,0,0.0637223725621447,Persuadable
3393,-0.8541170061299242,-0.6483024791587441,-0.0972627677878441,-0.4005716144675594,-0.1391385676349751,-0.6107304958129123,1.0,0,1,0,0.06187223272790744,Persuadable
19,0.9516635520941824,-0.6360857085505132,0.5175461309975176,0.609246681390002,-0.7484759425875502,-1.2341116160229275,0.0,0,1,0,0.018176641088134653,Persuadable
1638,1.0376531024858069,0.6833255171384203,-0.0972627677878441,-0.012179962214651,-1.3237245133469744,0.6282027823438834,0.0,25,1,1,0.05908757982934055,Persuadable
1668,0.0057784977863171,0.7321925995713437,-0.712071666573206,-0.750124101495177,-0.7442148420634064,0.1731443507934016,0.0,0,1,0,0.0704983575667197,Persuadable
494,0.4357262497444378,-0.3001245168241643,0.5175461309975176,-0.4394107796928503,-1.0339696777051903,0.1868450347540613,0.0,0,0,0,0.12815323982841145,Highly Persuadable
1348,-0.7681274557383001,-0.6116521673340515,0.5175461309975176,-0.2063757883411052,-0.4203712022284713,-1.6089231843752598,1.0,0,1,0,-0.009541879834138596,Not Persuadable
3746,-0.3381797037801794,-1.8699795399818304,-0.712071666573206,-1.306818803057679,0.5895096219936288,-0.6723835736358811,1.0,15,1,1,0.10615255386645167,Highly Persuadable
3271,1.1236426528774308,0.9826363970400764,-0.712071666573206,-1.0867302001143642,-0.3521935938421692,0.0860471456149222,0.0,10,0,1,0.0023490593493174132,Persuadable
3633,-0.682137905346676,-1.0392391386221318,1.7471639285682412,-1.306818803057679,-0.070960959248673,-0.4052202364030171,0.0,20,0,1,0.07039069770793736,Persuadable
3498,1.1236426528774308,2.3814566316825108,-0.0972627677878441,-1.306818803057679,1.4332075257741177,1.1008763789866427,0.0,0,1,0,0.02414169216823309,Persuadable
688,1.5535904048355516,2.0149535134355845,2.3619728273536027,0.0007664261937791,3.022598021279786,1.4815596690364008,0.0,0,0,0,0.05221694891474669,Persuadable
3750,1.3816113040523033,-1.338550018523788,-1.3268805653585676,-0.3876252260591293,-1.3237245133469744,-0.6146449769445292,0.0,30,0,1,-0.03377554375896647,Not Persuadable
1609,-0.2521901533885552,0.4328817196696876,-0.0972627677878441,1.5931722004307034,-1.3237245133469744,1.424799692627953,1.0,10,0,1,0.08444208936731452,Persuadable
4101,0.607705350527686,1.6179084686680816,-0.712071666573206,0.5704075161647112,-1.0297085771810466,0.4040987375588074,0.0,0,1,0,-0.005444570725003114,Not Persuadable
4114,0.607705350527686,0.0114031336857227,-0.0972627677878441,1.3212980438536677,-0.2030550754971333,0.4823883601911488,1.0,0,1,0,0.012366689847632518,Persuadable
1010,0.4357262497444378,0.5794829669684579,-0.712071666573206,0.3891580784466875,-1.3237245133469744,0.7935896101547042,0.0,0,0,0,0.03614086086001224,Persuadable
2409,-1.8859916108294137,-1.8699795399818304,-1.3268805653585676,-0.5947674405940137,-1.3237245133469744,-1.9700340687669329,1.0,0,1,0,0.041527068871484836,Persuadable
1093,0.8656740017025585,0.1091372985515696,-0.0972627677878441,-0.6206602174108743,-0.0624387582003852,1.692941650143721,1.0,0,1,0,0.022776319147762212,Persuadable
1328,-1.6280229596545417,-1.2224906977455947,-0.712071666573206,-1.306818803057679,-1.3237245133469744,-1.4670232433541417,1.0,0,1,0,0.08178289129590856,Persuadable
1678,0.3497366993528136,-0.2084987372624328,1.7471639285682412,-0.4653035565097109,-0.0496554566279536,-0.8387490217296055,0.0,20,1,1,0.0504057459620158,Persuadable
2000,2.3274963583601687,1.5751497715392735,1.7471639285682412,1.360137209078958,0.0483498554273556,1.5490844685567946,1.0,10,0,1,-0.041163134830819154,Not Persuadable
1311,-1.1980752076964207,-0.0924394164842396,-0.712071666573206,-0.659499382636165,-0.1306163665866873,-0.3807547293304105,0.0,25,0,1,0.0004942301112682028,Persuadable
3274,-0.4241692541718035,0.3351475548038407,-0.712071666573206,-1.306818803057679,-0.5993374242425143,0.2279470866360405,0.0,0,1,0,-0.006557277383780938,Not Persuadable
1988,-0.7681274557383001,0.2801720870668017,-1.3268805653585676,-1.306818803057679,1.1008416848908946,1.145892912000238,1.0,0,0,0,-0.16168629726424313,Not Persuadable
3667,0.0057784977863171,-0.2329322784788946,-0.0972627677878441,0.7516569538827352,0.5213320136073266,-0.8201552363544244,0.0,0,1,0,-0.007557667072536611,Not Persuadable
345,1.6395799552271757,0.7260842142672284,0.5175461309975176,0.1561230870949425,1.7101790598434696,-0.9219317457764676,0.0,25,1,1,0.042042145160985867,Persuadable
4196,-0.8541170061299242,-0.7154947175040138,-1.3268805653585676,-0.7630704899036073,0.6704705319523625,-0.7516518165511262,0.0,0,1,0,-0.04798316708451591,Not Persuadable
987,-1.4560438588712932,-0.886529506019246,-0.712071666573206,-0.0510191274399419,1.7996621708504912,-1.1881164627264271,0.0,0,1,0,0.07374931235171434,Persuadable
3870,0.607705350527686,-0.1840651960459711,-0.712071666573206,-0.0380727390315116,-0.2541882817868599,0.8327344214708746,1.0,20,1,1,-0.004292115310460521,Not Persuadable
3826,-0.2521901533885552,-1.1797320006167866,-0.712071666573206,-1.306818803057679,-1.3237245133469744,-0.0411734911626316,0.0,25,1,1,0.06472230398527747,Persuadable
4323,-1.542033409262917,-1.8699795399818304,-0.712071666573206,0.5963002929815718,-0.0581776576762413,-0.8583214273876908,1.0,0,0,0,0.07814431720501032,Persuadable
4021,0.1777575985695653,0.4512068755820339,-0.712071666573206,0.9070136147838987,-0.4118490011801836,-1.205731627818704,1.0,25,0,1,0.05788761162319321,Persuadable
3107,0.7796844513109343,1.0253950941688843,-0.712071666573206,0.0525519798275001,-1.3237245133469744,-0.0509596939916743,0.0,0,0,0,0.11898746651130143,Highly Persuadable
3872,-1.0260961069131724,0.8116016085248444,0.5175461309975176,-0.4394107796928503,1.6547847530295994,2.278156579320469,1.0,30,0,1,-0.05407275043109565,Not Persuadable
1143,-1.8859916108294137,0.8421435350454216,-0.0972627677878441,0.0007664261937791,-0.0155666524348025,0.8356702823195875,1.0,0,1,0,-0.01659757535334304,Not Persuadable
2359,1.295621753660679,-0.5994353967258206,-0.0972627677878441,0.1431766986865122,-0.5524653184769317,1.579421697326827,0.0,0,1,0,-0.02711670980419728,Not Persuadable
1199,1.5535904048355516,0.072486986726877,0.5175461309975176,-0.8666415971710495,0.2102716753448232,-0.4923174415814965,0.0,0,0,0,-0.013460322806385958,Not Persuadable
86,0.5217158001360619,1.440765294848734,-1.3268805653585676,0.5056755741225601,-1.3237245133469744,1.525597581767092,1.0,15,1,1,0.06329895952699573,Persuadable
1519,-0.3381797037801794,0.1946546928091856,1.1323550297828793,-0.3487860608338384,1.3820743194843907,0.6702834545087667,0.0,0,1,0,0.03362965463704999,Persuadable
517,0.6936949009193102,0.396231407844995,-0.712071666573206,0.738710565474305,-1.3237245133469744,-0.6899987387281578,0.0,0,0,0,0.17559536110859325,Highly Persuadable
1382,-1.8859916108294137,-1.7722453751159837,-0.712071666573206,-0.840748820354189,-0.1135719644901118,-0.2183037623683033,0.0,0,0,0,0.015552643083524864,Persuadable
2717,0.0917680481779412,1.226971809204694,0.5175461309975176,0.9070136147838987,-0.7143871383943993,-0.0803183024788019,1.0,25,0,1,0.0074981821835862165,Persuadable
4917,-1.8000020604377898,-1.8699795399818304,-1.3268805653585676,-0.9702127044384918,-1.3237245133469744,-1.4327715334524929,0.0,0,0,0,0.12117727063168092,Highly Persuadable
1015,-1.1120856573047966,-1.3629835597402498,-0.712071666573206,-0.7760168783120376,-1.3237245133469744,-1.294786073562992,1.0,0,0,0,0.16070807688978464,Highly Persuadable
129,-0.682137905346676,-0.1107645723965859,-0.712071666573206,0.2467478059539543,-1.3237245133469744,-0.3572678425407087,0.0,30,1,1,0.07722546811609056,Persuadable
1365,-0.4241692541718035,-0.7093863321998983,0.5175461309975176,1.0364774988682013,-1.1490193918570752,-0.0783610619129938,1.0,20,1,1,0.13949617514405624,Highly Persuadable
3642,1.7255695056187998,2.430323714115434,2.9767817261389644,1.0494238872766315,0.4148045005037296,2.520854409480727,1.0,15,0,1,0.009590765193711706,Persuadable
3140,2.0695277071852964,2.3936734022907413,2.9767817261389644,0.738710565474305,1.4800796315397,0.0312444097722839,1.0,0,1,0,0.04233947957409482,Persuadable
892,-0.5961483549550518,1.2514053504211555,-1.3268805653585676,-1.306818803057679,-1.3237245133469744,1.5989941029849115,1.0,0,1,0,-0.050475805037218054,Not Persuadable
2794,-0.5101588045634277,-0.6421940938546286,-1.3268805653585676,-0.659499382636165,-1.1490193918570752,-0.9884779250139576,1.0,25,1,1,0.09450013946586633,Persuadable
4218,0.5217158001360619,1.4224401389363877,-0.712071666573206,0.4150508552635481,-1.1447582913329313,1.9219387963433188,0.0,0,0,0,0.06755943073483034,Persuadable
1360,-0.2521901533885552,-0.9109630472357076,-0.0972627677878441,0.7128177886574444,-1.3237245133469744,-0.34846025999457,0.0,5,1,1,0.11270879730222028,Highly Persuadable
308,1.3816113040523033,0.3840146372367641,2.3619728273536027,-0.0639655158483722,1.445990827346549,0.8699219922212368,0.0,0,0,0,0.09431489686375531,Persuadable
1662,-1.1120856573047966,1.6728839364051205,1.1323550297828793,0.2985333595876755,-1.272591307057248,1.8935588081390944,0.0,0,0,0,0.12937706400506266,Highly Persuadable
2432,1.0376531024858069,1.74007617475039,3.5915906249243266,0.4150508552635481,1.9488006891955272,1.4013128058382511,1.0,10,1,1,0.05377776066718501,Persuadable
4550,-0.8541170061299242,-0.8682043501068997,-0.0972627677878441,-1.073783811705934,-0.4800266095664857,-2.294936002691148,1.0,5,1,1,-0.11004875012875334,Not Persuadable
1318,0.4357262497444378,-0.2879077462159335,-0.0972627677878441,-0.9702127044384918,0.5341153151797583,-0.9278034674738934,0.0,0,0,0,0.03824730438461581,Persuadable
4314,0.2637471489611895,-0.1046561870924705,2.3619728273536027,1.955671075866751,-1.0765806829466291,-0.9992427481259046,1.0,0,1,0,0.12517197318611542,Highly Persuadable
2475,-0.9401065565215484,0.6405668200096123,-0.712071666573206,0.6610322350237232,1.3352022137188082,0.6937703412984692,1.0,10,1,1,0.06449700872057272,Persuadable
2543,-0.3381797037801794,-0.5505683142928971,-0.712071666573206,0.6221930697984324,0.0739164585722189,0.1036623107071988,1.0,20,0,1,-0.030552185855664084,Not Persuadable
1247,-0.4241692541718035,-1.0086972121015545,0.5175461309975176,0.7257641770658747,-0.5908152231942266,-0.2055816986905476,0.0,20,1,1,0.1801080920042144,Highly Persuadable
1209,2.3274963583601687,2.0821457517808546,2.3619728273536027,-0.5300354985518623,0.3764545957864346,0.4637945748159673,1.0,10,1,1,-0.036140838012480136,Not Persuadable
217,0.5217158001360619,-0.4711593053393965,1.1323550297828793,-0.6853921594530257,-1.1447582913329313,0.2553484545573599,1.0,0,0,0,0.09093931061529514,Persuadable
4303,-0.7681274557383001,-0.0435723340513161,1.7471639285682412,0.4279972436719784,-0.4629822074699101,-0.3807547293304105,1.0,0,0,0,0.018277813991209164,Persuadable
3078,-1.8000020604377898,0.3840146372367641,-0.712071666573206,0.6869250118405839,-1.1064083866156365,0.5792717681986703,1.0,0,1,0,-0.013164041126328569,Not Persuadable
1240,1.6395799552271757,0.3107140135873789,2.3619728273536027,0.9329063916007588,0.218793876393111,0.2553484545573599,0.0,5,1,1,0.06739137157982808,Persuadable
2290,-1.6280229596545417,0.1396792250721468,1.1323550297828793,0.1172839218696516,-0.3223658901731621,-0.5510346585557524,0.0,20,1,1,0.10278460005743546,Highly Persuadable
2741,-0.8541170061299242,-0.9903720561892084,0.5175461309975176,-1.2032476957902367,-0.1647051707798384,-0.6019229132667739,1.0,0,1,0,0.060577507701917825,Persuadable
276,0.4357262497444378,-1.4912596511266738,-1.3268805653585676,-0.5947674405940137,0.0781775590963628,-0.244726510006718,0.0,0,1,0,-0.005443889172543236,Not Persuadable
490,0.6936949009193102,-0.3306664433447415,0.5175461309975176,-1.1903013073818065,1.262763504808362,0.7358510134633524,1.0,0,1,0,-0.05558710981301572,Not Persuadable
1036,0.0057784977863171,-0.5933270114217052,-0.0972627677878441,2.732454380372568,0.9005699602561321,-0.6537897882607,1.0,0,1,0,0.049458443800369886,Persuadable
1230,0.607705350527686,0.1702211515927239,-0.0972627677878441,-0.9054807623963405,-0.0752220597728168,0.3815904710520097,1.0,0,1,0,0.12847854773326606,Highly Persuadable
4596,0.8656740017025585,0.341255940107956,-0.712071666573206,-1.306818803057679,-0.3436713927938815,-0.4306643637585284,0.0,15,1,1,0.10485299797787039,Highly Persuadable
1009,0.7796844513109343,0.2007630781133011,1.1323550297828793,-0.4911963333265715,2.170377916451009,0.1858664144711572,0.0,30,1,1,0.11410544162800641,Highly Persuadable
4076,-0.8541170061299242,-0.8376624235863225,-1.3268805653585676,0.5445147393478507,-0.3862823980353203,-1.3124012386552686,0.0,25,1,1,0.15831037561816122,Highly Persuadable
3138,1.1236426528774308,1.159779570859424,2.9767817261389644,-0.5947674405940137,1.5695627425467216,0.9423398931561516,1.0,0,1,0,0.12378135633778974,Highly Persuadable
3198,-0.1662006029969311,-1.283574550786749,-0.712071666573206,0.3503189132213966,1.045447378077024,-3.224625271450197,1.0,0,0,0,0.0943660806092381,Persuadable
2533,0.2637471489611895,-1.2591410095702873,-0.0972627677878441,-0.0251263506230813,-0.2030550754971333,-1.4112418872285988,1.0,0,0,0,0.0245869911956223,Persuadable
4406,1.295621753660679,-1.0270223680139008,1.7471639285682412,-0.0380727390315116,0.3466268921174274,-0.7164214863665728,1.0,0,1,0,-0.05494724124489967,Not Persuadable
1059,0.0917680481779412,-0.1840651960459711,0.5175461309975176,0.1949622523202333,-0.6973427362978237,1.069560529933706,0.0,25,0,1,-0.1268937297281315,Not Persuadable
2167,2.929423211101537,2.045495439956162,1.1323550297828793,1.3342444322620977,-1.1362360902846436,-0.3582464628236128,1.0,0,1,0,0.017795379585347486,Persuadable
3389,-1.6280229596545417,-0.4161838376023576,-1.3268805653585676,-0.9702127044384918,-0.3692379959387448,-0.3973912741397831,0.0,0,0,0,0.04128916965162101,Persuadable
282,-1.8000020604377898,-0.562785084901128,-1.3268805653585676,-0.5947674405940137,-1.051014079801766,-1.53552666315744,0.0,0,0,0,0.046915508384707524,Persuadable
4827,-0.4241692541718035,-1.4607177246060967,-1.3268805653585676,-0.5041427217350017,2.886242804507181,0.0537526762790817,0.0,0,1,0,0.017884285954354158,Persuadable
1317,-0.1662006029969311,-0.1535232695253939,-1.3268805653585676,-1.306818803057679,-0.3820212975111764,-0.1664368873743773,1.0,0,1,0,0.052391589370876186,Persuadable
4989,-0.5101588045634277,0.396231407844995,-0.0972627677878441,-0.3228932840169778,-1.195891497622658,0.2064174404121468,1.0,0,1,0,0.07795463584357164,Persuadable
969,0.9516635520941824,0.5672661963602271,-0.712071666573206,-0.5947674405940137,0.2443604795379742,1.1537218742634727,1.0,25,1,1,0.004307784164379077,Persuadable
4498,-1.8859916108294137,0.7444093701795746,-1.3268805653585676,-0.5559282753687228,-0.1135719644901118,-1.288914351865566,0.0,0,0,0,0.0329303738110332,Persuadable
3939,0.0917680481779412,1.2636221210293863,-0.0972627677878441,1.114155829318783,-1.3237245133469744,0.9932281478671736,0.0,20,1,1,0.10103598516728945,Highly Persuadable
3182,-1.542033409262917,-1.8699795399818304,-1.3268805653585676,2.007456629500472,-1.3237245133469744,-1.3241446820501197,1.0,0,0,0,0.15552886217039105,Highly Persuadable
3536,-1.370054308479669,-1.2224906977455947,-0.0972627677878441,1.3083516554452377,-1.2512858044365285,0.148678843720795,1.0,0,1,0,0.08632112391572799,Persuadable
620,1.4676008544439274,1.1475628002511933,1.1323550297828793,1.5154938699801217,-0.5950763237183705,2.0589456359499154,0.0,0,1,0,0.08353842591705267,Persuadable
3250,0.1777575985695653,0.2435217752421091,-0.0972627677878441,2.36995550493652,-1.191630397098514,-0.8005828306963393,1.0,25,1,1,0.13634437274078687,Highly Persuadable
1743,0.5217158001360619,-0.4711593053393965,0.5175461309975176,1.0882630525019223,-0.7186482389185431,0.1858664144711572,0.0,20,1,1,0.12133727802772361,Highly Persuadable
1391,-0.682137905346676,-0.422292222906473,1.1323550297828793,2.82307909923158,-0.7143871383943993,-0.0088790218267911,0.0,5,0,1,0.008530903029316193,Persuadable
4069,-0.080211052605307,-1.5828854306884053,-1.3268805653585676,-0.5688746637771531,-1.3237245133469744,-0.0088790218267911,0.0,15,0,1,-0.009482337730250992,Not Persuadable
1848,-1.1120856573047966,-1.8699795399818304,-0.712071666573206,-1.034944646480643,-1.166063793953651,-1.3427384674253005,0.0,0,0,0,0.06484186701899837,Persuadable
1580,0.3497366993528136,0.6039165081849197,0.5175461309975176,2.2275452324437874,0.0313054533307801,0.2269684663531364,0.0,0,1,0,0.13805361035345903,Highly Persuadable
1656,-1.6280229596545417,0.4328817196696876,-0.712071666573206,1.774421638148727,0.1122663632895139,0.6419034663045431,1.0,10,0,1,0.005125896416396925,Persuadable
2353,0.0057784977863171,-1.8699795399818304,-0.0972627677878441,0.2855869711792452,0.1207885643378016,-1.2497695405493956,0.0,0,0,0,0.07604790279349426,Persuadable
2213,1.3816113040523033,0.8360351497413061,0.5175461309975176,-0.9443199276216312,-0.6930816357736798,0.5616566031063936,0.0,10,0,1,-0.05354012954489151,Not Persuadable
2021,0.0057784977863171,0.1030289132474542,-1.3268805653585676,-0.1286974578905237,-0.4203712022284713,-1.144078549995735,0.0,15,1,1,0.053201100664336066,Persuadable
4983,-1.8000020604377898,-1.7966789163324457,-1.3268805653585676,-1.306818803057679,-1.3237245133469744,-1.3583963919517688,1.0,0,0,0,0.12526238433595463,Highly Persuadable
1957,0.9516635520941824,0.1457876103762622,-1.3268805653585676,-0.8148560435373283,-0.4161101017043275,0.3091725701170941,0.0,10,0,1,0.012537729085323173,Persuadable
1308,1.295621753660679,0.3107140135873789,3.5915906249243266,0.2079086407286636,1.6760902556503188,0.0292871692064751,0.0,10,1,1,0.06901420985718176,Persuadable
2004,0.2637471489611895,-0.0741142605718933,-1.3268805653585676,-0.6983385478614559,0.542637516228046,-0.7702456019263073,1.0,0,1,0,0.008992414319194657,Persuadable
4662,-0.3381797037801794,-0.0618974899636624,-0.0972627677878441,0.7646033422911656,-0.3649768954146009,0.2142464026753807,0.0,0,0,0,0.08160001951679409,Persuadable
576,-1.4560438588712932,-0.8132288823698607,-0.0972627677878441,-0.1286974578905237,-1.3237245133469744,-2.225453962604945,1.0,0,1,0,-0.024927149038861684,Not Persuadable
2361,1.6395799552271757,0.2801720870668017,-0.0972627677878441,-0.7630704899036073,-0.9146588630291616,0.8591571691092893,1.0,10,0,1,0.047970588697996884,Persuadable
4212,0.3497366993528136,-0.4467257641229347,0.5175461309975176,0.3762116900382572,0.3508879926415713,0.7436799757265863,0.0,20,0,1,-0.1062537097181361,Not Persuadable
4447,0.4357262497444378,-0.5872186261175897,-0.0972627677878441,-0.1804830115242448,0.4488933046968806,0.5949296927251388,0.0,0,1,0,-0.07010349290949328,Not Persuadable
1707,-0.4241692541718035,-0.6788444056793212,-0.0972627677878441,0.7257641770658747,1.6931346577468942,-0.8759365924799675,1.0,0,1,0,0.11064261460887563,Highly Persuadable
3761,-0.4241692541718035,1.074262176601808,-0.0972627677878441,-0.9443199276216312,-1.3237245133469744,-0.1478431019991965,1.0,0,1,0,0.03345169510488916,Persuadable
4458,-0.2521901533885552,0.4084481784532258,1.1323550297828793,-1.306818803057679,1.9488006891955272,-0.2652775359477076,0.0,0,1,0,-0.04117287943049537,Not Persuadable
1281,1.209632203269055,1.1048041031223852,2.3619728273536027,3.366827412385651,1.9743672923403903,1.2202680535009625,1.0,25,1,1,0.028217561915783923,Persuadable
862,-1.4560438588712932,0.3656894813244178,0.5175461309975176,-1.216194084198667,-0.4416767048491907,-0.9415041514345532,1.0,0,1,0,-0.042267537255382424,Not Persuadable
4155,-0.682137905346676,0.0785953720309924,-1.3268805653585676,-0.1028046810736631,0.0866997601446506,0.527404893204745,0.0,0,0,0,0.08516377948563311,Persuadable
1802,0.4357262497444378,1.1658879561635396,-1.3268805653585676,-1.306818803057679,-0.5141154137596368,2.020779444916649,0.0,25,1,1,0.06617394878950957,Persuadable
1629,0.4357262497444378,-0.2879077462159335,-0.712071666573206,-0.3876252260591293,-0.0496554566279536,-0.8328773000321797,0.0,0,0,0,0.12173181364500521,Highly Persuadable
1994,1.0376531024858069,0.5306158845355345,-0.0972627677878441,-1.306818803057679,-0.5268987153320684,-0.1791589510521329,0.0,25,1,1,0.11601649470962001,Highly Persuadable
2640,-0.5961483549550518,-0.0924394164842396,-0.712071666573206,-0.4523571681012805,0.0526109559514995,0.144764362589178,1.0,0,0,0,0.16399093594990066,Highly Persuadable
270,0.0057784977863171,-0.7032779468957829,-0.0972627677878441,0.7904961191080262,-0.0880053613452485,0.0351588909039009,1.0,0,1,0,-0.020040782445599106,Not Persuadable
630,-1.8859916108294137,0.805493223220729,-0.712071666573206,-0.0251263506230813,-0.3095825886007304,0.1496574640036991,0.0,5,1,1,0.06414193404965626,Persuadable
3082,-1.1120856573047966,-1.4729344952143275,-0.712071666573206,-0.6465529942277348,-0.5482042179527878,-0.3171444109416336,0.0,0,0,0,0.05699388735810905,Persuadable
2335,-0.5101588045634277,-0.4161838376023576,2.3619728273536027,0.1431766986865122,0.0568720564756434,-1.2595557433784383,0.0,0,0,0,0.09604682382053784,Persuadable
2967,1.4676008544439274,0.5489410404478808,1.1323550297828793,1.075316664093492,0.9559642670700026,0.3140656715316151,1.0,0,0,0,0.09267478305726234,Persuadable
301,1.811559056010424,0.1824379222009548,-0.712071666573206,2.0592421831341934,1.4758185310155565,0.307215329551286,1.0,10,1,1,0.11767178498831465,Highly Persuadable
460,0.0057784977863171,0.8116016085248444,0.5175461309975176,0.8163888959248867,1.9445395886713832,-0.1977527364273137,1.0,25,1,1,0.17764723773764782,Highly Persuadable
1448,1.5535904048355516,0.75051775548369,0.5175461309975176,-0.141643846298954,1.0624917801735996,-0.0852114038933237,0.0,0,1,0,-0.03331562837472291,Not Persuadable
1473,0.0057784977863171,0.1396792250721468,-0.0972627677878441,-0.0380727390315116,0.4275878020761612,-0.1723086090718031,0.0,10,1,1,-0.06151990772182585,Not Persuadable
2047,0.6936949009193102,0.8543603056536524,0.5175461309975176,1.191834159769365,1.2798079069049375,0.3160229120974239,0.0,0,0,0,0.20398969794325497,Highly Persuadable
4238,0.2637471489611895,0.7688429113960363,1.7471639285682412,1.6837969192897153,0.5639430188487654,0.2533912139915511,0.0,0,0,0,0.15416261649680488,Highly Persuadable
3783,-0.9401065565215484,-0.3367748286488569,-0.712071666573206,1.489601093163261,-0.5567264190010756,-0.2858285618886972,1.0,0,0,0,0.1260475740739712,Highly Persuadable
2114,0.1777575985695653,0.2435217752421091,-0.0972627677878441,0.3373725248129663,-0.7825647467807013,-1.0060930901062342,1.0,0,0,0,0.06036074907779544,Persuadable
28,0.3497366993528136,-0.0008136369225081,-0.0972627677878441,-1.306818803057679,-1.1447582913329313,1.415992110081815,1.0,10,1,1,-0.04849540247608635,Not Persuadable
3858,0.0057784977863171,0.848251920349537,1.7471639285682412,0.3503189132213966,0.4275878020761612,1.7242574991966575,1.0,0,0,0,0.11132715258038094,Highly Persuadable
4533,1.897548606402048,-0.013030407530739,-0.0972627677878441,-1.1126229769312248,1.6973957582710382,-0.6048587741154868,0.0,20,0,1,-0.016234607123140093,Not Persuadable
838,1.4676008544439274,0.0052947483816072,0.5175461309975176,0.4409436320804086,1.2542413037600744,-0.4923174415814965,0.0,20,1,1,0.17876832689697472,Highly Persuadable
3845,0.0917680481779412,1.214755038596463,1.1323550297828793,-0.1157510694820934,2.864937301886462,2.291857263281129,0.0,20,0,1,0.005947712401267603,Persuadable
2009,1.209632203269055,0.2801720870668017,0.5175461309975176,-0.9184271508047708,-0.4715044085181979,-0.3122513095271125,1.0,0,0,0,0.07363860272726848,Persuadable
4918,-0.080211052605307,0.1824379222009548,1.1323550297828793,1.1659413829525045,1.2712857058566498,-0.0509596939916743,0.0,10,1,1,0.09923708856499823,Persuadable
504,-1.542033409262917,-1.4607177246060967,-0.0972627677878441,-1.306818803057679,-0.0752220597728168,-0.9287820877567976,1.0,0,0,0,0.05467317465489302,Persuadable
3222,0.0917680481779412,-0.5383515436846662,-0.0972627677878441,0.2855869711792452,-0.612120725814946,0.596886933290947,1.0,20,0,1,-0.03945099024108806,Not Persuadable
4315,0.0057784977863171,0.6588919759219586,-0.0972627677878441,-0.3876252260591293,0.2912325853035569,0.8581785488263852,1.0,0,0,0,0.01561370807747583,Persuadable
381,0.0917680481779412,1.1536711855553086,-0.712071666573206,-1.2809260262408184,-0.9231810640774496,-0.1556720642624304,1.0,0,1,0,0.0075328336106509595,Persuadable
1852,0.2637471489611895,1.8439187249203528,1.1323550297828793,0.6869250118405839,1.1306693885599015,1.0940260370063128,1.0,20,1,1,0.12043548667556186,Highly Persuadable
1526,1.1236426528774308,1.5507162303228117,0.5175461309975176,-0.89253437398791,-0.1987939749729894,0.8855799167477046,1.0,0,0,0,0.14972709091549885,Highly Persuadable
2366,1.5535904048355516,0.8299267644371907,1.1323550297828793,-0.9184271508047708,0.6704705319523625,0.3453815205845515,0.0,30,1,1,-0.02165361097225177,Not Persuadable
3244,0.2637471489611895,1.4651988360651955,-1.3268805653585676,-1.306818803057679,-1.3237245133469744,2.366232404781854,1.0,10,1,1,0.020825122584296973,Persuadable
3053,-0.9401065565215484,-0.2879077462159335,-0.0972627677878441,-0.4394107796928503,0.5511597172763338,-0.2222182434999202,1.0,15,1,1,-0.047197521782282696,Not Persuadable
2885,0.0057784977863171,-1.0697810651427089,-1.3268805653585676,-0.5170891101434321,-1.3237245133469744,0.4902173224543827,1.0,10,1,1,-0.03293714010599117,Not Persuadable
2341,1.5535904048355516,-0.3673167551694341,-0.0972627677878441,-0.5041427217350017,0.8877866586837004,0.3884408130323395,1.0,0,0,0,0.04336160109191555,Persuadable
375,0.607705350527686,0.3534727107161869,0.5175461309975176,-0.0380727390315116,-0.2243605781178527,-0.0264941869190678,0.0,25,1,1,0.07126257331658106,Persuadable
3276,-1.1980752076964207,-0.8926378913233614,-0.0972627677878441,-0.89253437398791,-0.9189199635533056,-0.1683941279401861,0.0,0,1,0,-0.027342826143794786,Not Persuadable
2382,0.7796844513109343,-0.3550999845612033,-1.3268805653585676,-0.1804830115242448,0.5383764157039022,-1.5443342457035785,0.0,30,1,1,-0.03761443862755509,Not Persuadable
4320,3.1014023118847858,-0.6727360203752057,2.3619728273536027,0.9070136147838987,0.6491650293316431,-0.9610765570926384,0.0,25,0,1,-0.03464009414345239,Not Persuadable
940,0.8656740017025585,0.9765280117359612,0.5175461309975176,0.1949622523202333,-0.4075879006560397,0.7162786078052675,0.0,0,1,0,-0.09717747881316612,Not Persuadable
3869,0.3497366993528136,-0.3184496727365106,0.5175461309975176,0.324426136404536,-1.3237245133469744,0.1623795276814547,1.0,15,1,1,0.0336358808161601,Persuadable
4175,-1.1120856573047966,-0.013030407530739,-0.0972627677878441,-1.306818803057679,-1.3237245133469744,0.9873564261697478,1.0,25,0,1,-0.2466082825874127,Not Persuadable
2800,-0.682137905346676,-1.1491900740962095,-0.712071666573206,0.9329063916007588,-1.3237245133469744,-2.7940323469723216,0.0,0,0,0,0.19090437302631344,Highly Persuadable
2148,0.9516635520941824,0.9765280117359612,-0.0972627677878441,0.4150508552635481,0.8707422565871249,0.9697412610774712,1.0,20,0,1,0.023869852424624277,Persuadable
3836,0.2637471489611895,-1.3996338715649423,1.1323550297828793,-0.7889632667204678,-0.2669715833592916,-0.4815526184695496,0.0,0,0,0,0.08842171306055382,Persuadable
4551,1.0376531024858069,1.0498286353853463,-0.0972627677878441,1.1271022177272134,-0.0368721550555219,0.4275856243485099,1.0,10,0,1,-0.03387941725731761,Not Persuadable
4226,0.4357262497444378,-0.5078096171640891,-0.712071666573206,-0.8278024319457586,1.740006763512477,-0.3680326656526556,0.0,15,1,1,0.13379297652838032,Highly Persuadable
2069,0.5217158001360619,0.1641127662886085,1.1323550297828793,0.4797827973056995,-0.1817495728764139,1.0773894921969402,0.0,10,0,1,-0.0093872479455711,Not Persuadable
530,1.6395799552271757,0.7627345260919209,-0.0972627677878441,0.98469194523448,-1.3237245133469744,0.6154807186661284,1.0,0,0,0,0.0985411647207527,Persuadable
4865,-0.8541170061299242,0.1457876103762622,-0.712071666573206,-0.2970005072001173,-0.4203712022284713,-0.1370782788872497,1.0,25,1,1,0.01994852020119988,Persuadable
637,-0.1662006029969311,0.3107140135873789,-0.0972627677878441,0.453890020488839,1.2244136000910673,0.8846012964648006,0.0,0,1,0,-0.04419613518009877,Not Persuadable
1270,0.607705350527686,0.1030289132474542,0.5175461309975176,1.7614752497402968,-1.3237245133469744,-0.1488217222821006,0.0,20,1,1,0.22325172458503326,Highly Persuadable
186,1.5535904048355516,0.9643112411277304,0.5175461309975176,-0.3358396724254082,0.1037441622412261,0.4941318035859997,1.0,25,0,1,-0.2025923962277442,Not Persuadable
3837,0.607705350527686,0.4084481784532258,0.5175461309975176,0.182015863911803,0.2358382784896865,0.5567635016918726,0.0,0,1,0,-0.03339174224606245,Not Persuadable
3195,-0.080211052605307,0.9582028558236148,1.1323550297828793,0.6610322350237232,-0.032611054531378,0.2866643036102964,0.0,5,1,1,0.12493892824785546,Highly Persuadable
3470,0.9516635520941824,0.9704196264318456,-1.3268805653585676,-0.8278024319457586,-0.3734990964628886,0.4129063201049461,1.0,20,1,1,0.02042320278438859,Persuadable
1798,-0.1662006029969311,0.25573854585034,-0.0972627677878441,-0.4005716144675594,-1.3237245133469744,-0.4668733142259858,1.0,5,0,1,0.011999858101659525,Persuadable
2980,2.413485908751793,1.6301252392763124,-0.0972627677878441,-0.3617324492422687,-0.1135719644901118,1.7634023105128278,0.0,25,1,1,0.04957880586052265,Persuadable
1442,0.3497366993528136,0.3107140135873789,0.5175461309975176,-0.7242313246783165,0.8068257487249667,0.044945093732943,1.0,10,1,1,-0.011310635124452937,Not Persuadable
3443,0.0917680481779412,1.3674646711993488,-0.0972627677878441,-1.2809260262408184,-0.1945328744488456,0.3629966856768282,0.0,5,1,1,0.13357615436571937,Highly Persuadable
4885,0.4357262497444378,0.6344584347054969,0.5175461309975176,1.0882630525019223,-0.7697814452082697,1.3827190204630695,0.0,0,1,0,0.022838361863693056,Persuadable
1536,-1.0260961069131724,0.7688429113960363,-0.0972627677878441,0.7128177886574444,-0.143399668159119,-0.1047838095514085,1.0,20,1,1,0.10884650789488161,Highly Persuadable
3459,-0.2521901533885552,-1.1614068447044403,-0.712071666573206,-0.4135180028759897,-0.17748847235227,-1.012943432086564,0.0,15,1,1,0.0975184087622871,Persuadable
1274,0.3497366993528136,2.998403547398169,-0.0972627677878441,1.2824588786283768,0.4957654104624633,-0.2329830666118671,1.0,15,1,1,0.015084685461649512,Persuadable
2468,1.3816113040523033,1.440765294848734,1.1323550297828793,1.1788877713609345,1.0667528806977435,-0.4208781609294856,0.0,0,0,0,0.06113444369947042,Persuadable
608,0.4357262497444378,0.2923888576750326,-0.0972627677878441,-0.9443199276216312,1.1903247958979162,0.7192144686539798,0.0,0,0,0,0.007030458511042279,Persuadable
3403,-0.7681274557383001,-0.7582534146328218,-0.0972627677878441,-0.3228932840169778,-1.3237245133469744,0.1183416149507626,0.0,20,0,1,-0.068743642849012,Not Persuadable
1713,0.6936949009193102,0.5000739580149574,0.5175461309975176,-1.306818803057679,0.5341153151797583,-0.0587886562549083,1.0,0,1,0,-0.039390918517295315,Not Persuadable
2200,-0.8541170061299242,0.3229307841956098,-0.0972627677878441,0.0525519798275001,0.2443604795379742,-0.7311007906101366,0.0,0,1,0,-0.05267188358299514,Not Persuadable
956,1.3816113040523033,0.7871680673083827,1.1323550297828793,2.615936884696695,0.1761828711516721,1.1713370393557494,1.0,15,1,1,0.1288733241273407,Highly Persuadable
2580,1.3816113040523033,0.6527835906178432,0.5175461309975176,-0.3099468956085476,-1.3237245133469744,2.203781437819746,0.0,10,1,1,-0.030313744203707832,Not Persuadable
3916,-0.2521901533885552,-0.2879077462159335,1.1323550297828793,0.829335284333317,2.4430883499962177,0.3551677234135943,1.0,25,1,1,0.06975496806911993,Persuadable
4436,0.8656740017025585,-0.3001245168241643,-0.712071666573206,0.3114797479961058,-0.543943117428644,-0.9189958849277552,0.0,0,0,0,0.048268341840736945,Persuadable
4803,0.0057784977863171,0.341255940107956,4.206399523709688,2.602990496288265,0.7642147434835279,0.5645924639551065,0.0,0,1,0,0.04635713082549142,Persuadable
3704,-0.7681274557383001,0.7016506730507667,-0.712071666573206,0.7646033422911656,0.2997547863518447,0.423671143216893,0.0,0,1,0,-0.009746502481894044,Not Persuadable
404,-0.4241692541718035,-0.2207155078706637,-0.712071666573206,-0.7242313246783165,2.140550212782002,-1.7821389744493146,1.0,0,1,0,0.06076205463551114,Persuadable
2072,-1.4560438588712932,0.1396792250721468,-0.712071666573206,-1.1903013073818065,1.1903247958979162,1.14393567143443,0.0,15,0,1,-0.09123969701230271,Not Persuadable
4766,0.3497366993528136,-0.9598301296686312,1.1323550297828793,0.8940672263754684,1.884884181333369,-0.6479180665632746,1.0,0,1,0,0.1535144746194188,Highly Persuadable
1978,0.2637471489611895,0.6039165081849197,-0.0972627677878441,0.7128177886574444,-1.0765806829466291,0.6947489615813732,0.0,20,1,1,-0.04420280925478712,Not Persuadable
159,-0.5101588045634277,-0.8437708088904379,1.1323550297828793,0.4150508552635481,-0.4800266095664857,-0.9757558613362022,0.0,0,1,0,-0.043395090117220154,Not Persuadable
1749,-0.5101588045634277,-0.281799360911818,-1.3268805653585676,0.5056755741225601,0.2443604795379742,0.5802503884815751,1.0,0,1,0,-0.004838599646506048,Not Persuadable
2910,0.607705350527686,-1.8699795399818304,0.5175461309975176,-1.306818803057679,0.2358382784896865,-0.7829676656040626,0.0,0,0,0,0.10001421466824535,Highly Persuadable
3551,-0.7681274557383001,-0.2084987372624328,0.5175461309975176,-1.0608374232975035,0.5511597172763338,-0.2672347765135164,1.0,0,1,0,0.0034229622300933258,Persuadable
903,-0.1662006029969311,-0.2451490490871254,-1.3268805653585676,-0.0510191274399419,-1.3237245133469744,0.8160978766615019,1.0,15,1,1,0.020972285601127037,Persuadable
353,-0.5961483549550518,0.5978081228808043,-0.0972627677878441,-1.306818803057679,-0.722909339442687,0.199567098431817,1.0,0,0,0,0.05390683450547813,Persuadable
1231,-0.5961483549550518,-0.3001245168241643,-0.0972627677878441,0.51862196253099,0.3210602889725641,0.528383513487649,0.0,15,1,1,-0.07622298948851869,Not Persuadable
4681,1.6395799552271757,0.6466752053137277,-0.712071666573206,0.9199600031923288,1.0710139812218875,0.755423419121438,0.0,0,1,0,0.027917814474572405,Persuadable
2141,-0.080211052605307,-1.3202248626114417,-0.0972627677878441,-0.5947674405940137,0.4957654104624633,0.9031950818399812,0.0,0,1,0,-0.06327025692825504,Not Persuadable
445,-0.3381797037801794,0.8787938468701142,-0.712071666573206,-0.3617324492422687,-0.288277085980011,2.293814503846938,1.0,25,0,1,0.09967791041939887,Persuadable
4959,0.607705350527686,-0.4284006082105884,0.5175461309975176,0.5315683509394203,0.8920477592078444,0.204460199846338,1.0,0,1,0,0.04160934507717329,Persuadable
755,1.811559056010424,0.0847037573351079,0.5175461309975176,-0.8148560435373283,0.1293107653860894,1.0088860723936417,0.0,0,0,0,-0.025384329210265472,Not Persuadable
1738,-0.1662006029969311,0.8238183791330753,1.7471639285682412,1.7873680265571574,0.8281312513456861,0.3855049521836267,1.0,0,0,0,0.13465203526444386,Highly Persuadable
2972,-0.080211052605307,0.3656894813244178,-0.712071666573206,-0.5170891101434321,-1.3237245133469744,-1.4190708494918332,1.0,20,1,1,-0.000329003069675894,Not Persuadable
4990,0.8656740017025585,1.6728839364051205,1.7471639285682412,0.3373725248129663,0.1591384690550966,-0.2809354604741761,1.0,20,1,1,0.1293613616133749,Highly Persuadable
2921,-0.7681274557383001,-0.4161838376023576,-1.3268805653585676,0.8940672263754684,-0.7569981436358381,0.3512532422819773,1.0,0,0,0,0.05693319629705006,Persuadable
312,0.4357262497444378,-0.746036644024591,-0.0972627677878441,0.2985333595876755,1.9317562870989515,0.0948547281610609,0.0,0,0,0,0.025278359976757647,Persuadable
549,0.6936949009193102,0.6405668200096123,-0.0972627677878441,-0.7371777130867467,-1.3237245133469744,-0.3876050713107404,0.0,15,1,1,0.16417740865752664,Highly Persuadable
4640,-0.5961483549550518,0.1702211515927239,-0.712071666573206,-0.2322685651579658,-0.7101260378702553,0.5039180064150425,0.0,0,1,0,0.0046671515171832455,Persuadable
4772,-1.8859916108294137,0.1274624544639159,1.1323550297828793,-0.0639655158483722,-0.9615309687947444,-1.180287500463193,0.0,0,1,0,-0.05300394384675975,Not Persuadable
1990,-1.370054308479669,-1.8088956869406765,-0.712071666573206,-0.8019096551288981,-1.1362360902846436,-0.7907966278672965,0.0,0,1,0,0.2153291743592899,Highly Persuadable
307,-0.3381797037801794,-0.0618974899636624,-0.712071666573206,-1.306818803057679,-1.3237245133469744,0.0899616267465391,1.0,10,0,1,0.020156198647750017,Persuadable
2336,0.0917680481779412,1.2514053504211555,-0.0972627677878441,0.4021044668551178,-0.2073161760212772,0.6086303766857986,0.0,0,1,0,0.0072050683736865,Persuadable
695,-0.8541170061299242,0.1641127662886085,1.1323550297828793,1.4766547047548308,-1.3237245133469744,-1.4200494697747372,1.0,10,1,1,0.10505003814264137,Highly Persuadable
2357,0.1777575985695653,0.2068714634174165,-0.0972627677878441,-1.306818803057679,1.2585024042842183,0.1281278177798054,0.0,0,1,0,-0.060278940989210654,Not Persuadable
1928,-1.0260961069131724,-0.7338198734163601,-1.3268805653585676,-1.2550332494239578,-0.7016038368219676,0.3316808366238925,0.0,25,1,1,-0.025538767809138583,Not Persuadable
685,-0.4241692541718035,-1.1369733034879788,-1.3268805653585676,-0.6853921594530257,-1.1106694871397802,-0.4629588330943688,0.0,0,1,0,0.1305857033101639,Highly Persuadable
750,-0.9401065565215484,-0.5994353967258206,-0.712071666573206,0.9329063916007588,-0.6547317310563848,-0.4580657316798471,0.0,5,1,1,0.10779676446936658,Highly Persuadable
4675,0.2637471489611895,1.275838891637617,1.1323550297828793,0.3632653016298269,-0.433154503800903,-0.1478431019991965,1.0,5,1,1,0.03183698735508432,Persuadable
1267,-0.8541170061299242,-0.0496807193554316,0.5175461309975176,0.8034425075164564,-0.5865541226700828,0.2279470866360405,1.0,20,1,1,0.13432786003401054,Highly Persuadable
3983,-0.3381797037801794,-1.8699795399818304,-1.3268805653585676,-1.306818803057679,-1.123452788712212,-1.6999348706853563,1.0,15,1,1,0.08718102870262147,Persuadable
3546,-0.682137905346676,-1.0636726798385934,-0.0972627677878441,-0.8666415971710495,-0.3266269906973059,-0.4991677835618263,1.0,0,0,0,0.11026950899362804,Highly Persuadable
4771,0.1777575985695653,1.1109124884265007,0.5175461309975176,-0.1028046810736631,-1.3237245133469744,0.9609336785313332,0.0,20,0,1,-0.03521277902431558,Not Persuadable
4003,0.2637471489611895,0.2068714634174165,-0.0972627677878441,-1.306818803057679,0.904831060780276,0.65266828941649,0.0,0,1,0,-0.14463504276657707,Not Persuadable
3084,-0.5101588045634277,-1.3629835597402498,-1.3268805653585676,-1.1385157537480854,0.1037441622412261,-1.5022535735386953,1.0,10,0,1,-0.044968113502458405,Not Persuadable
3062,0.1777575985695653,-0.8010121117616299,-0.0972627677878441,-0.5818210521855834,0.4190656010278734,0.423671143216893,1.0,5,0,1,0.04567290763730974,Persuadable
3026,0.0057784977863171,0.5489410404478808,1.1323550297828793,1.5931722004307034,2.5368325615273832,0.1046409309901036,0.0,0,1,0,0.12733075436546792,Highly Persuadable
971,-0.2521901533885552,0.2618469311544554,-0.0972627677878441,0.7128177886574444,-0.1093108639659679,1.1948239261454512,1.0,0,0,0,0.06886253656251466,Persuadable
14,1.209632203269055,2.118796063605547,1.1323550297828793,1.3342444322620977,-1.3237245133469744,2.2761993387546613,0.0,20,0,1,0.10852818193930695,Highly Persuadable
874,0.0917680481779412,0.0480534455104153,-1.3268805653585676,-1.306818803057679,-0.7101260378702553,0.8513282068460554,0.0,0,0,0,-0.06891875164357092,Not Persuadable
809,-0.3381797037801794,-0.6971695615916675,-0.0972627677878441,-0.6206602174108743,-1.3237245133469744,-0.7144642458007643,0.0,0,0,0,0.04312757524492238,Persuadable
3199,1.0376531024858069,-0.4467257641229347,-0.0972627677878441,-0.9184271508047708,-1.153280492381219,0.8709006125041409,0.0,0,1,0,-0.002313870966888528,Not Persuadable
515,0.7796844513109343,-0.0008136369225081,-0.712071666573206,-0.0510191274399419,-1.3237245133469744,0.3541891031306902,0.0,0,0,0,0.0675073273806388,Persuadable
4483,0.4357262497444378,0.1641127662886085,-0.712071666573206,0.9976383336429104,-0.9998808735120394,-0.5021036444105392,1.0,25,1,1,0.14269442286878714,Highly Persuadable
410,-1.370054308479669,-0.2329322784788946,-0.712071666573206,0.5963002929815718,1.3479855152912397,0.8327344214708746,1.0,20,0,1,0.036048307955614256,Persuadable
3424,-1.0260961069131724,0.5672661963602271,0.5175461309975176,0.2855869711792452,-0.394804599083608,0.3894194333152436,1.0,0,0,0,0.034945255514759944,Persuadable
4353,0.0917680481779412,-0.3184496727365106,0.5175461309975176,1.2047805481777951,-1.3237245133469744,-0.848535224558648,1.0,0,1,0,0.12718674585218226,Highly Persuadable
208,-1.2840647580880449,-1.5706686600801745,-1.3268805653585676,-0.8148560435373283,-1.0552751803259095,-2.098233325827391,1.0,0,1,0,0.02833031329686584,Persuadable
3239,0.9516635520941824,0.8360351497413061,-1.3268805653585676,-0.9572663160300616,-0.0198277529589464,0.9423398931561516,1.0,0,0,0,0.06243859874304287,Persuadable
459,0.3497366993528136,0.7321925995713437,1.7471639285682412,0.5833539045731415,0.7343870398145207,-1.0334944580275536,0.0,25,1,1,0.09779029334194042,Persuadable
3671,0.5217158001360619,0.9337693146071532,0.5175461309975176,0.8681744495586079,-0.505593212711349,0.7270434309172145,1.0,5,1,1,0.008523429045468642,Persuadable
2431,-1.542033409262917,-1.4423925686937502,-0.0972627677878441,-0.9831590928469222,0.9346587644492832,-1.6216452480530157,1.0,0,0,0,-0.004106042248771247,Not Persuadable
3979,0.7796844513109343,-1.4729344952143275,-0.712071666573206,0.2079086407286636,-0.7271704399668308,-1.3613322528004816,0.0,0,0,0,-0.02277837808456757,Not Persuadable
111,0.4357262497444378,0.029728289598069,0.5175461309975176,1.075316664093492,0.4787210083658877,-1.673512123046941,1.0,15,1,1,0.05966573709125235,Persuadable
3765,-0.080211052605307,1.2330801945088092,2.3619728273536027,-0.5041427217350017,-0.0453943561038097,0.9296178294783968,0.0,0,1,0,-0.02684793380955165,Not Persuadable
4063,-0.682137905346676,0.0358366749021844,-0.712071666573206,-1.2550332494239578,-0.7271704399668308,-0.873979351914159,0.0,5,1,1,-0.0029162255278251605,Not Persuadable
1884,0.0917680481779412,-0.3184496727365106,-0.0972627677878441,-1.306818803057679,-1.3237245133469744,-1.3623108730833855,1.0,0,0,0,0.058377556010653475,Persuadable
1714,-0.080211052605307,-0.7704701852410527,0.5175461309975176,0.8552280611501776,0.1932272732482476,-0.2417906491580058,1.0,20,1,1,0.06319074877733584,Persuadable
3977,0.3497366993528136,0.212979848721532,-0.712071666573206,-1.306818803057679,1.880623080809225,1.2887714733042606,0.0,30,0,1,-0.10539397523881959,Not Persuadable
3415,-1.1120856573047966,0.029728289598069,-0.0972627677878441,-0.4911963333265715,-0.3521935938421692,0.2837284427615835,0.0,0,0,0,0.1716835014170407,Highly Persuadable
553,0.3497366993528136,0.6711087465301895,0.5175461309975176,-0.2452149535663961,1.1136249864633263,-0.900402099552574,0.0,15,1,1,0.06110460467697041,Persuadable
1440,1.1236426528774308,1.8439187249203528,0.5175461309975176,-0.0639655158483722,-1.3237245133469744,1.0235653766372053,1.0,0,1,0,0.020349277265187156,Persuadable
2271,0.4357262497444378,0.719975828963113,-0.712071666573206,-0.7242313246783165,-0.6206429268632339,1.5559348105371245,0.0,15,1,1,0.048498493357904335,Persuadable
3145,-0.4241692541718035,-1.4057422568690576,-0.712071666573206,-1.306818803057679,-0.249927181262716,-0.1038051892685044,0.0,0,1,0,-0.0072619963874258914,Not Persuadable
2822,0.3497366993528136,1.0681537912976926,1.1323550297828793,0.9199600031923288,0.1548773685309527,1.3915266030092084,0.0,20,0,1,0.13521791909050604,Highly Persuadable
4792,-1.8859916108294137,-0.281799360911818,-1.3268805653585676,1.3342444322620977,-0.1220941655383996,0.3033008484196683,0.0,0,0,0,-0.05812435729929602,Not Persuadable
1926,-1.1980752076964207,-1.50958480703902,-1.3268805653585676,-0.9054807623963405,0.5639430188487654,-1.7155927952118244,0.0,0,0,0,-0.020280588776730803,Not Persuadable
635,-0.3381797037801794,-0.1901735813500865,-0.0972627677878441,-0.42646439128442,1.4800796315397,-0.3073582081125908,1.0,20,1,1,0.04521677644009949,Persuadable
4816,-1.8859916108294137,-0.5505683142928971,-0.712071666573206,-1.2420868610155276,-1.0254474766569026,0.0772395630687842,0.0,0,0,0,-0.059075207481662825,Not Persuadable
317,0.0917680481779412,0.7260842142672284,-0.712071666573206,-0.2322685651579658,-1.3237245133469744,-0.2956147647177399,0.0,25,1,1,0.11519092098556205,Highly Persuadable
4227,0.4357262497444378,-0.9109630472357076,1.1323550297828793,-0.0769119042568025,-0.3436713927938815,-0.8857227953090102,0.0,5,0,1,-0.031259759556243466,Not Persuadable
4710,0.607705350527686,-0.0191387928348544,-0.0972627677878441,-0.1028046810736631,-0.7271704399668308,-1.1176558023573202,1.0,5,0,1,0.04140805857427251,Persuadable
1329,-0.080211052605307,0.8726854615659987,0.5175461309975176,0.9070136147838987,0.938919864973427,0.5009821455663296,1.0,0,0,0,0.10625703259713057,Highly Persuadable
428,1.811559056010424,0.9765280117359612,0.5175461309975176,-0.3876252260591293,0.0313054533307801,0.6644117328113416,1.0,0,1,0,-0.13785340942913063,Not Persuadable
4042,-0.1662006029969311,1.031503479473,0.5175461309975176,0.4021044668551178,-1.3237245133469744,-0.3602037033894209,0.0,0,0,0,0.08070889754298467,Persuadable
106,-0.1662006029969311,-0.8437708088904379,0.5175461309975176,0.98469194523448,1.7570511656090524,-0.1546934439795264,0.0,0,1,0,0.0877535048226127,Persuadable
3042,-0.080211052605307,0.0602702161186461,-0.712071666573206,-1.306818803057679,-1.3237245133469744,0.8523068271289594,1.0,20,0,1,-0.09997703911853115,Not Persuadable
143,-1.8859916108294137,-1.3996338715649423,0.5175461309975176,2.2793307860775083,0.6704705319523625,-1.0677461679292028,1.0,20,0,1,0.024587584612076364,Persuadable
2170,-0.5961483549550518,1.3308143593746562,0.5175461309975176,-0.42646439128442,-0.650470630532241,-0.8602786679534993,0.0,20,1,1,0.055487533092653356,Persuadable
3345,-1.542033409262917,-1.8699795399818304,-0.712071666573206,-0.4523571681012805,1.1818025948496282,-1.8565141159500385,1.0,0,0,0,-0.000933723489664728,Not Persuadable
90,0.4357262497444378,2.063820595868508,1.1323550297828793,1.4248691511211096,0.1847050721999599,1.4463293388518466,1.0,10,0,1,0.11357361278038973,Highly Persuadable
2919,-1.0260961069131724,0.0114031336857227,-0.0972627677878441,-1.306818803057679,0.653426129855787,-0.396412653856879,1.0,0,0,0,0.056864207518379485,Persuadable
3238,0.7796844513109343,0.5855913522725734,-1.3268805653585676,-1.306818803057679,0.3594101936898591,0.5998227941396599,1.0,20,0,1,-0.11932964864710018,Not Persuadable
2242,-0.8541170061299242,-1.3018997066990954,-0.712071666573206,-0.1286974578905237,0.4105433999795856,0.1222560960823803,0.0,0,1,0,-0.1691149153427677,Not Persuadable
3175,0.7796844513109343,0.8177099938289598,-0.712071666573206,1.4507619279379702,0.1761828711516721,0.4667304356646802,1.0,15,0,1,-0.015554846191379644,Not Persuadable
3428,0.5217158001360619,0.3595810960203023,-0.712071666573206,-0.1675366231158145,-0.1476607686832629,1.2437549402906642,0.0,0,0,0,0.06604856923888407,Persuadable
2164,0.6936949009193102,0.6405668200096123,1.7471639285682412,-0.1545902347073842,0.0739164585722189,0.2798139616299665,0.0,0,1,0,0.04180488318146009,Persuadable
2637,-0.3381797037801794,1.4590904507610802,3.5915906249243266,0.829335284333317,-0.1178330650142557,0.8190337375102148,0.0,0,1,0,0.08578239546711319,Persuadable
1950,2.0695277071852964,1.7156426335339283,1.1323550297828793,2.7971863224147198,-1.119191688188068,1.8309271100332216,0.0,10,1,1,0.15995112093975872,Highly Persuadable
1769,-0.9401065565215484,1.1353460296429625,-0.0972627677878441,0.7904961191080262,-1.3237245133469744,1.3288949049033356,1.0,10,0,1,0.01154140726544704,Persuadable
3299,-0.4241692541718035,-0.6971695615916675,-0.0972627677878441,-0.2970005072001173,0.3934989978830101,-1.683298325875984,1.0,0,0,0,0.03419908924517558,Persuadable
2273,0.6936949009193102,-1.0086972121015545,0.5175461309975176,0.8034425075164564,-0.4715044085181979,-1.5228045994796848,1.0,0,1,0,0.024221943175069958,Persuadable
2,-1.0260961069131724,-0.8010121117616299,-0.712071666573206,-0.6724457710445954,-1.3237245133469744,-0.870064870782542,0.0,10,0,1,0.010162277045027243,Persuadable
3542,0.3497366993528136,-0.6360857085505132,-0.0972627677878441,-0.8148560435373283,0.3381046910691396,-0.7907966278672965,0.0,25,1,1,0.06791618085472687,Persuadable
4968,-1.1120856573047966,-0.8010121117616299,-1.3268805653585676,-0.1157510694820934,-0.6547317310563848,-1.292828832997183,1.0,0,1,0,-0.04405163131131285,Not Persuadable
1952,0.2637471489611895,1.8133767983997755,2.9767817261389644,2.745400768780998,0.5639430188487654,1.8162478057896576,0.0,25,1,1,0.04392129768284723,Persuadable
936,0.607705350527686,-0.7765785705451681,-1.3268805653585676,-1.1514621421565157,-0.6249040273873777,-0.5471201774241354,1.0,15,0,1,-0.012250227992207529,Not Persuadable
4307,0.2637471489611895,-0.0008136369225081,-0.0972627677878441,-1.306818803057679,0.8196090502973984,-1.3779687976098538,0.0,0,1,0,0.03445847684540165,Persuadable
2721,0.1777575985695653,-1.1247565328797478,-1.3268805653585676,-0.9831590928469222,-0.6547317310563848,0.5420841974483088,1.0,15,1,1,0.02785769630573375,Persuadable
4105,-0.3381797037801794,-0.9415049737562848,-0.0972627677878441,-0.012179962214651,1.3138967110980886,-0.762416639663073,1.0,0,0,0,0.04738134475846602,Persuadable
1110,0.8656740017025585,-0.2451490490871254,-0.712071666573206,-1.306818803057679,-1.0680584818983414,0.3336380771897007,0.0,0,1,0,0.042322586804276675,Persuadable
3606,0.8656740017025585,-0.5933270114217052,1.7471639285682412,1.4507619279379702,0.5639430188487654,-0.5461415571412314,1.0,0,1,0,0.02370698528303429,Persuadable
592,0.2637471489611895,0.2740637017626863,-0.0972627677878441,1.489601093163261,-0.7101260378702553,-0.52069742978572,0.0,0,1,0,0.05867237906488073,Persuadable
1696,0.4357262497444378,-0.7949037264575144,0.5175461309975176,0.1690694755033727,1.1434526901323334,-0.9444400122832658,0.0,25,0,1,-0.00041826048363967003,Not Persuadable
3480,0.0057784977863171,0.0114031336857227,1.1323550297828793,-1.1903013073818065,-0.467243307994054,-0.1781803307692282,0.0,20,1,1,0.018480537855474127,Persuadable
2937,-1.8000020604377898,-1.4057422568690576,-0.712071666573206,-0.9184271508047708,-0.2541882817868599,-2.181416049874253,0.0,0,0,0,-0.057212327426187086,Not Persuadable
4214,-0.1662006029969311,1.0009615529524227,1.1323550297828793,-0.5559282753687228,1.407640922629254,1.367061095936602,1.0,0,0,0,0.05268830252965821,Persuadable
3427,0.4357262497444378,0.2435217752421091,-1.3268805653585676,-1.1903013073818065,0.1889661727241038,-0.119463113794973,1.0,0,1,0,0.03852101849740916,Persuadable
1577,0.0057784977863171,0.524507499231419,-0.712071666573206,1.8262071917824485,-0.6291651279115216,-0.964012417941351,0.0,20,1,1,0.1157889129486553,Highly Persuadable
3973,0.2637471489611895,0.0480534455104153,-0.712071666573206,0.557461127756281,-1.3237245133469744,-0.2437478897238139,0.0,0,0,0,0.13298194138646796,Highly Persuadable
214,-0.5101588045634277,-0.6727360203752057,1.7471639285682412,-0.2193221767495355,0.4531544052210245,-0.7036994226888171,1.0,25,1,1,0.08607438760214363,Persuadable
779,0.0917680481779412,1.2330801945088092,-0.712071666573206,-0.2581613419748264,2.0169782975818293,2.2576055533794808,1.0,0,1,0,-0.012596443395386212,Not Persuadable
1416,-0.8541170061299242,-1.369091945044365,-0.0972627677878441,0.8811208379670382,-0.2456660807385721,-0.8152621349399031,1.0,20,1,1,0.21767808990749973,Highly Persuadable
4770,1.6395799552271757,-0.9231798178439384,1.1323550297828793,0.5963002929815718,-1.18736929657437,-0.3885836915936451,1.0,0,1,0,-0.003203718296144565,Not Persuadable
2044,-0.7681274557383001,1.452982065456965,-0.0972627677878441,0.9717455568260498,0.431848902600305,1.304429397830729,1.0,0,0,0,0.0473726116380387,Persuadable
2849,0.7796844513109343,-1.0025888267974392,-0.0972627677878441,-1.306818803057679,-0.3266269906973059,-0.9160600240790422,0.0,0,1,0,0.06816308337877819,Persuadable
4548,1.295621753660679,-0.8804211207151305,-0.0972627677878441,0.8681744495586079,0.252882680586262,0.2553484545573599,1.0,25,0,1,-0.060483635748225566,Not Persuadable
3682,0.607705350527686,0.9215525439989222,-1.3268805653585676,-0.2970005072001173,0.8792644576354127,-0.296593385000644,1.0,0,0,0,-0.0248276579274264,Not Persuadable
3832,2.2415068079685447,0.988744782344192,-0.712071666573206,-0.42646439128442,-0.4416767048491907,1.0353088200320568,0.0,0,1,0,-0.016482666977362195,Not Persuadable
1568,0.1777575985695653,-0.8559875794986688,-0.0972627677878441,0.98469194523448,1.053969579125312,-0.3465030194287619,1.0,20,0,1,-0.02367539742882583,Not Persuadable
166,-0.9401065565215484,-1.1247565328797478,-0.0972627677878441,0.8940672263754684,-0.6419484294839533,0.3453815205845515,0.0,15,0,1,0.050989956805658335,Persuadable
4725,0.2637471489611895,-0.3795335257776649,-1.3268805653585676,-0.6983385478614559,2.1831612180234408,1.1243632657763445,0.0,0,1,0,-0.11938068859709354,Not Persuadable
3602,2.499475459143417,1.984411586915008,-0.0972627677878441,-1.306818803057679,0.1889661727241038,3.291028572126381,0.0,20,1,1,0.04320396071916887,Persuadable
4937,0.2637471489611895,0.072486986726877,0.5175461309975176,-0.012179962214651,-1.18736929657437,-0.353353361409091,0.0,0,1,0,0.046824526528539884,Persuadable
1344,-0.5101588045634277,-1.0086972121015545,0.5175461309975176,0.4668364088972692,-0.9530087677464566,-0.1018479487026963,0.0,0,1,0,0.0683321858070321,Persuadable
2014,0.0057784977863171,-0.3734251404735496,-0.712071666573206,-0.6853921594530257,-0.8848311593601546,-0.7271863094785196,0.0,0,0,0,0.09717682654955537,Persuadable
274,2.1555172575769204,1.5995833127557353,-0.0972627677878441,-1.306818803057679,0.4872432094141755,0.9315750700442048,0.0,0,0,0,-0.009890966965005358,Not Persuadable
72,-1.1980752076964207,-0.6544108644628595,-0.712071666573206,1.1788877713609345,0.3764545957864346,-0.2574485736844736,1.0,0,1,0,-0.03355835132659562,Not Persuadable
3906,2.499475459143417,1.398006597719926,1.7471639285682412,2.39584828175338,0.5596819183246216,0.1711871102275934,1.0,10,1,1,-0.037973734507715996,Not Persuadable
1088,-1.6280229596545417,-0.1718484254377403,-0.712071666573206,0.609246681390002,0.1548773685309527,0.0772395630687842,0.0,30,0,1,-0.03219459316424001,Not Persuadable
395,0.6936949009193102,0.5916997375766888,-0.0972627677878441,0.1043375334612213,1.8934063823816567,0.9521260959851944,1.0,0,1,0,0.0037853983690698326,Persuadable
584,-1.1120856573047966,-1.534018348255482,-0.712071666573206,-0.2581613419748264,1.2499802032359304,0.2739422399325407,0.0,0,0,0,0.05015163960353476,Persuadable
1368,1.3816113040523033,-0.2512574343912409,2.3619728273536027,0.8163888959248867,1.3224189121463763,-0.4913388212985924,1.0,25,1,1,0.15668066026093608,Highly Persuadable
4998,0.7796844513109343,0.4512068755820339,-0.0972627677878441,-1.306818803057679,0.2656659821586937,0.5137042092440852,0.0,0,0,0,-0.032019214517002015,Not Persuadable
4653,0.4357262497444378,0.8787938468701142,3.5915906249243266,1.1012094409103528,0.542637516228046,0.8894943978793216,0.0,0,0,0,0.05670925637341684,Persuadable
2549,-1.8000020604377898,-0.2146071225665483,-0.712071666573206,1.2695124902199466,-1.3237245133469744,0.8278413200563528,0.0,15,0,1,0.06508086837463564,Persuadable
1014,-1.7140125100461656,-0.8254456529780916,-0.712071666573206,-1.306818803057679,-0.5950763237183705,0.8532854474118642,1.0,15,0,1,-0.14892015626824043,Not Persuadable
4908,-1.0260961069131724,0.6039165081849197,0.5175461309975176,-1.306818803057679,3.0566868254729367,0.1242133366481884,0.0,20,0,1,0.04722181094776155,Persuadable
3004,-1.6280229596545417,-1.240815853657941,-0.0972627677878441,-0.0769119042568025,1.0028363728355854,-1.344695707991109,0.0,0,0,0,0.05164163724126176,Persuadable
4948,0.3497366993528136,-0.196281966654202,1.1323550297828793,0.0137128146022093,0.3167991884484202,0.704535164410416,1.0,5,1,1,-0.1058818253447903,Not Persuadable
4182,0.0917680481779412,-0.3856419110817804,-1.3268805653585676,-1.306818803057679,-0.1306163665866873,-0.5843077481744973,0.0,0,0,0,0.08218311393500041,Persuadable
3549,-0.7681274557383001,-0.3123412874323952,-0.712071666573206,0.98469194523448,-1.3237245133469744,-0.1869879133153669,1.0,20,1,1,0.0904879502843393,Persuadable
1764,-1.1120856573047966,0.6955422877466512,-0.712071666573206,-1.306818803057679,-1.2598080054848162,1.1566577351121856,0.0,0,0,0,-0.1383141580107325,Not Persuadable
1876,-1.8859916108294137,-0.2573658196953563,1.1323550297828793,0.7646033422911656,-0.4842877100906296,-0.0998907081368875,1.0,0,1,0,-0.018033086617088932,Not Persuadable
1260,-0.5101588045634277,-1.1736236153126711,-0.712071666573206,-0.1028046810736631,-0.2456660807385721,-0.7751387033408284,0.0,0,0,0,0.1888419122952824,Highly Persuadable
4541,1.1236426528774308,-0.1596316548295094,-0.0972627677878441,1.3989763743042491,0.2954936858277008,0.8983019804254603,0.0,15,0,1,-0.028934473785318653,Not Persuadable
2254,-1.8859916108294137,-1.045347523926247,-0.712071666573206,-1.021998258072213,-1.080841783470773,-2.33212357344151,0.0,0,1,0,-0.08388191299160777,Not Persuadable
2782,-0.682137905346676,-0.5261347730764354,2.3619728273536027,1.6320113656559945,1.6377403509330235,1.3230231832059098,1.0,10,1,1,0.06789066371115487,Persuadable
3611,0.6936949009193102,2.332589549249587,1.7471639285682412,-0.3358396724254082,0.7301259392903768,1.9023663906852333,0.0,5,0,1,-0.07611040059336548,Not Persuadable
527,1.4676008544439274,1.129237644338847,-0.712071666573206,0.3762116900382572,-0.7271704399668308,0.1809733130566355,1.0,0,0,0,-0.05074714622192869,Not Persuadable
4748,-1.2840647580880449,-1.3874171009567111,-0.0972627677878441,0.324426136404536,0.7812591455801035,-0.296593385000644,1.0,25,0,1,0.03745792318826834,Persuadable
2947,1.6395799552271757,1.3491395152870025,1.7471639285682412,0.7646033422911656,-1.298157910202111,1.1635080770925157,0.0,0,1,0,0.05153510031335704,Persuadable
378,-1.8859916108294137,-1.240815853657941,-0.712071666573206,-0.89253437398791,-0.0113055519106586,-0.464916073660177,1.0,0,1,0,0.009940913071627528,Persuadable
1560,-0.1662006029969311,-0.2512574343912409,-0.712071666573206,0.7128177886574444,-0.3010603875524426,-0.7457800948537008,0.0,25,1,1,0.19432605203502773,Highly Persuadable
3839,-0.3381797037801794,-1.564560274776059,-0.712071666573206,-0.5429818869602926,0.8068257487249667,-1.6421962739940046,0.0,0,0,0,0.09835651276056225,Persuadable
1964,-0.2521901533885552,0.2740637017626863,-0.712071666573206,-0.374678837650699,-0.2371438796902844,-0.1527362034137175,1.0,25,1,1,0.027986837419757677,Persuadable
4743,-0.080211052605307,-1.155298459400325,-0.0972627677878441,-1.306818803057679,-0.9615309687947444,-1.7106996937973034,1.0,0,1,0,0.03555148941605566,Persuadable
349,-1.6280229596545417,-0.3612083698653187,-1.3268805653585676,0.3114797479961058,0.325321389496708,-0.1987313567102178,0.0,0,0,0,-0.05710478599891327,Not Persuadable
2435,-0.2521901533885552,-1.0392391386221318,-0.0972627677878441,1.191834159769365,-1.3237245133469744,-3.102297736087164,1.0,25,1,1,0.14125066193070754,Highly Persuadable
2247,-1.6280229596545417,-1.8699795399818304,-1.3268805653585676,-1.306818803057679,-0.4757655090423418,-1.609901804658164,0.0,0,1,0,0.03143436246728465,Persuadable
4467,0.0057784977863171,-0.1840651960459711,-0.712071666573206,-1.306818803057679,-0.9998808735120394,0.3962697752955735,0.0,0,0,0,0.0706949980994605,Persuadable
1710,-0.1662006029969311,1.275838891637617,-0.0972627677878441,1.3730835974873885,0.0313054533307801,0.926681968629684,0.0,0,1,0,-0.0768117898132586,Not Persuadable
1051,-1.2840647580880449,-1.3263332479155572,-0.712071666573206,-1.306818803057679,-1.2853746086296791,-1.3388239862936837,0.0,0,1,0,0.08884051561803481,Persuadable
591,-1.2840647580880449,-0.5933270114217052,-1.3268805653585676,-0.0380727390315116,-0.650470630532241,0.1584650465498378,0.0,0,1,0,-0.013313453540791198,Not Persuadable
520,1.7255695056187998,-0.0618974899636624,-0.712071666573206,0.1172839218696516,0.3679323947381469,0.5137042092440852,0.0,0,0,0,-0.0755068651610924,Not Persuadable
4504,0.8656740017025585,2.08825413708497,1.1323550297828793,2.3440627281196598,-1.3237245133469744,0.3307022163409878,0.0,15,0,1,0.061946306287938416,Persuadable
4754,-1.4560438588712932,-0.1474148842212785,-1.3268805653585676,-0.4135180028759897,0.1932272732482476,0.1760802116421145,1.0,0,0,0,0.12841267243344442,Highly Persuadable
2478,0.2637471489611895,0.2801720870668017,1.7471639285682412,0.453890020488839,1.9317562870989515,0.6604972516797246,0.0,0,1,0,0.055528233870308544,Persuadable
1084,0.0917680481779412,-0.9781552855809774,-0.0972627677878441,2.305223562894369,1.262763504808362,-2.597329670108565,0.0,5,1,1,0.19000717946971282,Highly Persuadable
3607,-1.7140125100461656,0.7871680673083827,1.1323550297828793,0.324426136404536,-0.4118490011801836,-0.9855420641652448,0.0,25,0,1,-0.006063943093271969,Not Persuadable
4789,2.0695277071852964,1.9294361191779683,0.5175461309975176,0.9717455568260498,1.339463314242952,1.3504245511272293,0.0,10,1,1,0.1317557889710515,Highly Persuadable
4520,-1.8000020604377898,-1.2774661654826336,-1.3268805653585676,-0.5041427217350017,-1.3237245133469744,-0.6596615099581254,0.0,0,1,0,0.12170828650924248,Highly Persuadable
1295,0.2637471489611895,-0.9353965884521694,-1.3268805653585676,1.347190820670528,0.5255931141314705,0.9981212492816948,0.0,0,0,0,-0.04033002943082387,Not Persuadable
1810,1.0376531024858069,0.1396792250721468,1.1323550297828793,0.1949622523202333,-1.3237245133469744,-0.8563641868218823,1.0,0,0,0,0.07919929244170382,Persuadable
792,-1.2840647580880449,-0.6299773232463978,-0.712071666573206,-0.3617324492422687,0.0696553580480751,0.1349781597601353,1.0,0,0,0,0.05384507342506726,Persuadable
793,0.5217158001360619,-0.1596316548295094,-0.712071666573206,0.609246681390002,-0.8848311593601546,-0.3151871703758255,1.0,0,0,0,0.10942548775272884,Highly Persuadable
4319,-0.9401065565215484,0.0969205279433387,0.5175461309975176,0.9458527800091892,-1.3237245133469744,-1.0863399533043836,0.0,10,0,1,-0.012607266559910886,Not Persuadable
1856,-0.682137905346676,-0.3428832139529724,-0.712071666573206,-0.1545902347073842,-0.105049763441824,-1.3202302009185023,1.0,0,1,0,-0.0018559181190329205,Not Persuadable
4768,1.1236426528774308,-1.7783537604200992,-1.3268805653585676,-0.6853921594530257,-0.9615309687947444,-1.3906908612876097,0.0,0,0,0,0.005955884119799951,Persuadable
1981,0.1777575985695653,1.5446078450186964,-0.712071666573206,-0.5947674405940137,-1.3237245133469744,0.9893136667355568,1.0,15,1,1,0.07934462332932782,Persuadable
3234,0.8656740017025585,0.4878571874067264,0.5175461309975176,-1.2420868610155276,1.2244136000910673,1.5520203294055075,0.0,0,0,0,0.12377955389408436,Highly Persuadable
3927,0.7796844513109343,0.3717978666285332,-1.3268805653585676,0.3632653016298269,2.2044667206441604,-0.7555662976827432,1.0,10,0,1,0.0637272035826174,Persuadable
3401,0.4357262497444378,-0.23904066378301,-0.712071666573206,-1.306818803057679,-0.3990656996077519,-0.2349403071776759,0.0,25,1,1,0.06806032877143497,Persuadable
3329,-0.682137905346676,-1.0636726798385934,0.5175461309975176,-1.021998258072213,1.1136249864633263,0.7201930889368845,0.0,25,1,1,-0.005570913800187546,Not Persuadable
1531,0.607705350527686,0.0175115189898381,0.5175461309975176,0.8940672263754684,0.0398276543790679,0.0155864852458154,0.0,0,1,0,0.12499916251017311,Highly Persuadable
1411,-0.4241692541718035,1.385789827111695,-0.0972627677878441,-0.3099468956085476,1.4672963299672686,0.0302657894893792,0.0,10,0,1,0.039438603182291275,Persuadable
4305,0.0057784977863171,-0.5872186261175897,-1.3268805653585676,-0.7889632667204678,0.3508879926415713,-1.0520882434027348,0.0,0,1,0,-0.06856979770031214,Not Persuadable
4981,0.607705350527686,-0.886529506019246,0.5175461309975176,0.7128177886574444,0.8707422565871249,-0.7487159557024133,1.0,25,0,1,0.053861839954188306,Persuadable
84,-0.4241692541718035,-0.4284006082105884,1.1323550297828793,2.2793307860775083,-1.268330206533104,-0.8612572882364037,0.0,15,0,1,0.06548943007897307,Persuadable
869,-0.5961483549550518,0.1091372985515696,-0.712071666573206,-0.840748820354189,-0.7314315404909747,0.0606030182594115,0.0,0,0,0,0.03183378351649842,Persuadable
2351,0.6936949009193102,1.5873665421475045,2.9767817261389644,1.6320113656559945,1.8167065729470668,1.4766665676218789,0.0,0,1,0,0.017555020149432405,Persuadable
21,-0.1662006029969311,-0.8132288823698607,0.5175461309975176,-0.5300354985518623,-0.3351491917455937,-1.4161349886431205,0.0,20,1,1,0.024793675834277124,Persuadable
3440,1.983538156793672,0.8910106174783451,-1.3268805653585676,-0.0251263506230813,0.5639430188487654,0.7329151526146395,0.0,5,0,1,-0.1856159118860695,Not Persuadable
2796,0.6936949009193102,-0.7704701852410527,-0.712071666573206,0.2985333595876755,-1.3237245133469744,-1.17735163961448,1.0,0,1,0,0.05304956826797931,Persuadable
4583,0.1777575985695653,0.7627345260919209,-0.0972627677878441,-0.4782499449181411,1.369291017911959,1.1067481006840678,0.0,15,1,1,0.06844509318005694,Persuadable
1563,-0.8541170061299242,-0.0191387928348544,-1.3268805653585676,-1.306818803057679,-1.3237245133469744,-0.2574485736844736,1.0,0,0,0,0.005930873813905137,Persuadable
3094,-0.7681274557383001,-0.3062329021282798,-0.712071666573206,-0.4523571681012805,-0.4587211069457663,1.0656460488020891,1.0,25,0,1,-0.03938559374560649,Not Persuadable
3156,-0.7681274557383001,-1.3324416332196725,-1.3268805653585676,0.4927291857141298,0.035566553854924,-1.895658927266209,1.0,0,0,0,0.15731514504567348,Highly Persuadable
974,0.607705350527686,0.2374133899379937,1.1323550297828793,2.6288832731051253,0.3551490931657152,0.3091725701170941,0.0,15,0,1,-0.033643519823169904,Not Persuadable
1711,-0.5961483549550518,0.7810596820042672,-0.0972627677878441,0.8163888959248867,-0.2925381865041548,1.581378937892635,1.0,10,0,1,0.0826337919807608,Persuadable
3202,1.209632203269055,-0.972046900276862,1.1323550297828793,1.114155829318783,-1.3237245133469744,-0.5872436090232102,0.0,0,0,0,0.11254012621381974,Highly Persuadable
4000,-1.2840647580880449,-0.562785084901128,-0.712071666573206,0.6998714002490141,-0.863525656739435,-1.7312507197382925,1.0,0,0,0,0.10737242518201809,Highly Persuadable
4830,-1.8859916108294137,-1.3080080920032109,-1.3268805653585676,-1.1514621421565157,1.2585024042842183,-0.5148257080882949,1.0,0,1,0,-0.025706205233766252,Not Persuadable
1099,1.0376531024858069,1.4163317536322724,-0.0972627677878441,-0.6336066058193045,-1.3237245133469744,-1.1156985617915116,0.0,0,1,0,0.055652759596014956,Persuadable
4261,0.3497366993528136,0.6833255171384203,0.5175461309975176,0.4668364088972692,-0.3521935938421692,1.1351280888882913,0.0,0,1,0,0.002079336492248807,Persuadable
2845,-0.682137905346676,0.4878571874067264,-1.3268805653585676,-0.0769119042568025,0.3295824900208519,-0.0441093520113445,0.0,5,0,1,-0.06609964039367633,Not Persuadable
887,1.295621753660679,0.9643112411277304,-0.712071666573206,0.4409436320804086,1.011358573883873,0.59297245215933,1.0,10,1,1,0.1343658211776992,Highly Persuadable
4942,-0.5101588045634277,-1.0086972121015545,-0.712071666573206,-0.9184271508047708,-0.0070444513865147,-0.2584271939673777,0.0,20,1,1,0.04534254100458186,Persuadable
4850,0.0057784977863171,-0.0313555634430853,-0.0972627677878441,-0.2711077303832567,0.9857919707390098,0.3620180653939241,0.0,0,0,0,0.019524366804787894,Persuadable
4591,0.8656740017025585,-0.1901735813500865,-0.0972627677878441,0.3891580784466875,1.5482572399260022,0.3062367092683812,1.0,0,1,0,0.16863454568018607,Highly Persuadable
3831,-1.0260961069131724,-1.8699795399818304,-0.712071666573206,-1.306818803057679,-0.215838377069565,-1.870214799910698,0.0,0,0,0,-0.08905654060919717,Not Persuadable
4412,-0.1662006029969311,0.2801720870668017,-1.3268805653585676,-1.306818803057679,-0.3394102922697375,0.7886965087401825,0.0,20,0,1,-0.05016220311626847,Not Persuadable
516,0.3497366993528136,-0.2084987372624328,-0.0972627677878441,0.98469194523448,0.794042447152535,-0.8867014155919143,0.0,20,0,1,0.03230940953036596,Persuadable
4631,-1.8000020604377898,-0.23904066378301,-0.0972627677878441,-0.9702127044384918,0.5511597172763338,-0.4013057552714001,1.0,0,1,0,0.046396045629578726,Persuadable
738,0.8656740017025585,1.0192867088647692,-0.0972627677878441,0.4021044668551178,1.1136249864633263,0.7466158365752993,0.0,0,0,0,0.06151223818761505,Persuadable
1454,-0.4241692541718035,0.0785953720309924,-0.712071666573206,0.1302303102780819,0.7556925424352401,0.5939510724422348,0.0,20,1,1,0.054444868628466654,Persuadable
3990,-0.9401065565215484,-1.4912596511266738,-0.712071666573206,-1.1126229769312248,-0.2712326838834354,0.0547312965619857,1.0,0,0,0,-0.020629163305662702,Not Persuadable
4711,0.4357262497444378,-1.338550018523788,-0.712071666573206,0.453890020488839,-0.4757655090423418,-1.9905850947079224,1.0,15,0,1,0.022374778869574376,Persuadable
2507,1.5535904048355516,-0.929288203148054,-1.3268805653585676,-0.7889632667204678,0.2145327758689671,-0.9581406962439256,1.0,0,1,0,-0.11442405697464504,Not Persuadable
2995,-0.5101588045634277,-0.8071204970657453,-0.712071666573206,-1.2420868610155276,-1.3237245133469744,-1.4914887504267484,0.0,0,0,0,0.03737363390656721,Persuadable
2127,2.2415068079685447,0.7383009848754593,1.7471639285682412,1.2695124902199466,-1.3237245133469744,0.1819519333395403,1.0,25,1,1,0.09835094529852731,Persuadable
2927,0.8656740017025585,0.4267733343655721,-1.3268805653585676,-0.7242313246783165,-0.0794831602969607,0.3385311786042217,0.0,0,1,0,0.00394745245880689,Persuadable
4756,-0.5961483549550518,1.2452969651170402,1.7471639285682412,1.670850530881285,-0.6589928315805288,2.5834861075866,1.0,0,0,0,0.23747647226960306,Highly Persuadable
907,-0.2521901533885552,-0.0924394164842396,-0.712071666573206,-0.4653035565097109,-1.0084030745603272,0.0703892210884543,1.0,0,0,0,0.148518064935601,Highly Persuadable
3666,-1.6280229596545417,-1.8699795399818304,-0.0972627677878441,1.0105847220513406,-0.9189199635533056,-1.2703205664903852,0.0,0,1,0,0.029354086984281626,Persuadable
1031,1.209632203269055,0.903227388086576,0.5175461309975176,0.4150508552635481,-0.7783036462565575,0.5743786667841493,0.0,20,0,1,-0.04110826410752366,Not Persuadable
2508,0.3497366993528136,-0.5750018555093589,0.5175461309975176,1.114155829318783,-0.1519218692074067,0.0987692092926778,0.0,20,1,1,0.11991469906460772,Highly Persuadable
2429,0.0057784977863171,-0.1657400401336248,0.5175461309975176,-0.284054118791687,-0.2243605781178527,0.7749958247795228,1.0,5,1,1,0.1111200997364882,Highly Persuadable
948,-1.8859916108294137,-1.7661369898118682,-0.712071666573206,0.1690694755033727,0.9176143623527075,-1.7870320758638356,1.0,25,1,1,0.12586332830241598,Highly Persuadable
3825,-0.3381797037801794,0.5122907286231883,1.1323550297828793,1.114155829318783,-0.3095825886007304,-0.4903602010156883,1.0,0,1,0,0.0995849422451635,Persuadable
4086,0.0057784977863171,0.3046056282832635,0.5175461309975176,1.1659413829525045,-1.3237245133469744,0.1985884781489122,0.0,20,1,1,0.1752533281830822,Highly Persuadable
716,-1.2840647580880449,-0.8743127354110151,-1.3268805653585676,-0.5947674405940137,-0.3351491917455937,-0.2065603189734517,0.0,0,0,0,-0.04058349505480583,Not Persuadable
4074,1.4676008544439274,1.6851007070133512,0.5175461309975176,-1.306818803057679,0.0483498554273556,1.2652845865145586,1.0,5,1,1,0.1360406094875707,Highly Persuadable
687,0.7796844513109343,1.7767264865750827,-0.712071666573206,-0.0380727390315116,-0.288277085980011,1.2290756360471005,0.0,10,0,1,0.05982451537447297,Persuadable
704,-0.080211052605307,-0.0374639487472007,-0.712071666573206,-1.306818803057679,-0.3990656996077519,-0.3797761090475064,0.0,0,0,0,0.004609642259408054,Persuadable
3342,0.7796844513109343,0.341255940107956,0.5175461309975176,0.091391145052791,0.8536978544905495,0.485324221039861,0.0,5,1,1,0.07269304965085965,Persuadable
2354,0.1777575985695653,0.1274624544639159,1.1323550297828793,1.5543330352054123,0.9346587644492832,-0.1155486326633553,0.0,0,1,0,0.07646110090325664,Persuadable
2258,0.2637471489611895,-0.5444599289887817,1.7471639285682412,0.4409436320804086,1.6505236525054554,-1.452343939110578,0.0,15,1,1,0.1918914168703082,Highly Persuadable
3568,-1.1980752076964207,-0.5811102408134743,-1.3268805653585676,-1.306818803057679,-0.2584493823110038,-2.6315813800102137,0.0,0,0,0,-0.0279681383823062,Not Persuadable
474,0.1777575985695653,-0.281799360911818,-1.3268805653585676,-0.931373539213201,-0.0155666524348025,1.2163535723693455,0.0,0,0,0,-0.09347511877868396,Not Persuadable
22,-0.682137905346676,0.6466752053137277,0.5175461309975176,-0.5818210521855834,0.7812591455801035,1.236904598310335,1.0,30,1,1,-0.06787766963947878,Not Persuadable
2753,-1.6280229596545417,-1.8699795399818304,-1.3268805653585676,1.5931722004307034,0.938919864973427,-1.068724788212107,1.0,20,1,1,0.06211887474075863,Persuadable
886,0.2637471489611895,1.538499459714581,1.7471639285682412,1.5931722004307034,0.5554208178004777,1.7878678175854343,1.0,25,1,1,0.09014550403900112,Persuadable
2449,0.7796844513109343,1.4102233683281569,2.3619728273536027,0.9976383336429104,0.0653942575239312,0.6252669214951713,1.0,25,1,1,0.1397848838721166,Highly Persuadable
918,0.5217158001360619,0.3717978666285332,1.1323550297828793,-0.2581613419748264,1.377813218960247,-0.5138470878053901,0.0,5,1,1,0.1410662392093868,Highly Persuadable
4438,0.8656740017025585,0.0541618308145307,-0.712071666573206,-1.306818803057679,0.3040158868759886,0.5068538672637554,1.0,0,1,0,-0.08427843351124382,Not Persuadable
4677,0.4357262497444378,0.5916997375766888,-0.0972627677878441,-0.89253437398791,1.1306693885599015,0.1418285017404651,0.0,20,1,1,0.009147112148380711,Persuadable
2240,-0.3381797037801794,-0.4467257641229347,-0.712071666573206,-1.306818803057679,0.794042447152535,0.7740172044966187,0.0,0,1,0,-0.123401105026258,Not Persuadable
3863,-1.1980752076964207,-0.9598301296686312,-0.712071666573206,0.4927291857141298,-0.0965275623935363,-0.4267498826269107,1.0,25,0,1,0.0791625702127569,Persuadable
3396,0.607705350527686,-0.0680058752677779,1.1323550297828793,-1.306818803057679,1.880623080809225,-1.1078695995282777,0.0,0,0,0,0.14796435767886068,Highly Persuadable
1266,-0.080211052605307,-1.1064313769674017,-0.712071666573206,-1.0608374232975035,-0.8464812546428596,-0.5686498236480291,1.0,20,0,1,0.170914384008833,Highly Persuadable
484,0.607705350527686,1.5873665421475045,-0.0972627677878441,-0.2711077303832567,-0.5609875195252194,0.1917381361685823,1.0,15,1,1,0.07879341407547594,Persuadable
4348,-1.8859916108294137,-0.9476133590604002,-1.3268805653585676,-1.034944646480643,0.5255931141314705,-1.1568006136734907,1.0,5,0,1,-0.07969043452050899,Not Persuadable
2964,-0.7681274557383001,-1.3996338715649423,-0.0972627677878441,0.0007664261937791,-0.1306163665866873,-1.6333886914478664,0.0,20,0,1,0.026302355466041927,Persuadable
1220,1.3816113040523033,0.0358366749021844,-0.0972627677878441,-1.306818803057679,-0.5226376148079245,-0.6625973708068383,0.0,0,1,0,-0.032889054323153206,Not Persuadable
278,-1.1120856573047966,-1.0025888267974392,-1.3268805653585676,-1.1903013073818065,-1.3237245133469744,-0.0538955548403872,0.0,10,0,1,-0.02480552079899994,Not Persuadable
989,-0.3381797037801794,-0.0191387928348544,-0.0972627677878441,1.619064977247564,-0.6589928315805288,-0.0744465807813768,0.0,15,1,1,0.12764055318520395,Highly Persuadable
2085,1.0376531024858069,1.2941640475499636,0.5175461309975176,2.82307909923158,1.6420014514571677,0.5068538672637554,1.0,10,1,1,0.017007064875738984,Persuadable
1246,0.0917680481779412,1.1781047267717704,-0.712071666573206,-0.4135180028759897,-0.8550034556911473,0.8474137257144384,0.0,0,0,0,-0.009302302865322213,Not Persuadable
2383,-1.542033409262917,-0.7093863321998983,0.5175461309975176,0.4927291857141298,0.0270443528066362,0.4921745630201909,0.0,0,0,0,-0.008345483524976504,Not Persuadable
572,-0.080211052605307,-0.3734251404735496,-0.0972627677878441,0.4279972436719784,1.3138967110980886,0.7084496455420329,0.0,0,1,0,0.04294843441389188,Persuadable
1436,-0.080211052605307,0.1335708397680313,2.3619728273536027,0.4409436320804086,1.215891399042779,0.8376275228853955,0.0,0,1,0,0.041014265812439034,Persuadable
994,1.3816113040523033,0.3840146372367641,-0.712071666573206,-1.306818803057679,0.4275878020761612,1.585293419024252,1.0,15,0,1,-0.08835486748113816,Not Persuadable
3468,-1.8859916108294137,-1.8699795399818304,-0.712071666573206,0.8034425075164564,0.1889661727241038,-1.3084867575236516,0.0,10,0,1,0.03121326748409239,Persuadable
3998,-0.2521901533885552,-1.607318971904867,-0.0972627677878441,-0.0898582926652328,0.0270443528066362,-0.95911931652683,0.0,0,0,0,0.05643009758920222,Persuadable
586,2.0695277071852964,1.159779570859424,-0.712071666573206,0.8422816727417473,-0.4928099111389173,0.8493709662802472,0.0,20,0,1,-0.023583263411798443,Not Persuadable
3677,-1.1120856573047966,-1.8699795399818304,-1.3268805653585676,-0.1028046810736631,-0.7996091488772769,-1.063831686797586,0.0,15,1,1,0.045791134649285095,Persuadable
2515,0.0917680481779412,0.9093357733906914,-0.712071666573206,-0.9961054812553524,-1.3237245133469744,1.3543390322588462,0.0,0,0,0,0.009947086943899132,Persuadable
1350,-0.080211052605307,-0.0496807193554316,2.3619728273536027,2.007456629500472,-0.5695097205735072,-0.3357381963168143,0.0,0,0,0,0.04185983668268559,Persuadable
1008,-0.3381797037801794,-1.4851512658225583,0.5175461309975176,-1.034944646480643,1.0241418754563048,-1.0882971938701926,0.0,15,0,1,-0.02509475062211556,Not Persuadable
675,0.8656740017025585,0.115245683855685,-0.712071666573206,-0.607713829002444,-1.0552751803259095,-0.5970298118522526,1.0,15,1,1,0.08438567911344644,Persuadable
2413,-1.7140125100461656,-1.3018997066990954,-1.3268805653585676,2.2404916208522176,-0.5609875195252194,-0.929760708039702,1.0,0,0,0,0.1623690158065511,Highly Persuadable
2904,-0.5101588045634277,-0.746036644024591,-1.3268805653585676,-0.7889632667204678,0.6704705319523625,0.1300850583456143,1.0,0,0,0,0.09991806971494394,Persuadable
448,-0.3381797037801794,-0.2146071225665483,-0.0972627677878441,-0.0769119042568025,1.053969579125312,-0.5099326066737732,0.0,0,1,0,-0.04507950473652741,Not Persuadable
3489,0.0917680481779412,-0.5811102408134743,-0.712071666573206,-1.0996765885227946,-1.3237245133469744,-1.0100075712378516,0.0,20,0,1,0.10575829892479531,Highly Persuadable
4905,2.1555172575769204,-0.013030407530739,-0.0972627677878441,0.4279972436719784,-1.1362360902846436,0.48043111962534,0.0,0,1,0,-0.04468479143892883,Not Persuadable
3722,0.6936949009193102,2.424215328811319,-0.0972627677878441,-0.141643846298954,-1.0084030745603272,-0.3592250831065168,0.0,0,0,0,0.13177374135456743,Highly Persuadable
360,-0.1662006029969311,-0.2207155078706637,-0.712071666573206,-1.034944646480643,1.19458589642206,-0.3308450949022933,0.0,20,1,1,-0.002671124306716116,Not Persuadable
2065,-0.3381797037801794,1.2636221210293863,-0.0972627677878441,-0.012179962214651,0.0952219611929384,1.7771029944734875,0.0,10,1,1,0.07972719890398777,Persuadable
4460,0.2637471489611895,1.611800083363966,0.5175461309975176,-0.1157510694820934,1.0369251770287364,1.964998088791106,0.0,20,0,1,0.051954625165065126,Persuadable
3829,0.2637471489611895,-1.5156931923431356,1.1323550297828793,0.2208550291370937,0.7301259392903768,-1.9543761442404644,0.0,0,0,0,0.06474369990704804,Persuadable
1691,-0.5101588045634277,-0.4955928465558582,-1.3268805653585676,-1.306818803057679,-0.2925381865041548,-0.343567158580049,0.0,0,1,0,-0.015921857086084946,Not Persuadable
4337,0.1777575985695653,0.1396792250721468,1.1323550297828793,-1.306818803057679,0.0398276543790679,-0.4101133378175388,1.0,0,1,0,0.03209777189758104,Persuadable
1549,0.607705350527686,-1.8699795399818304,-0.712071666573206,-0.9572663160300616,-1.3237245133469744,-0.8299414391834672,0.0,0,1,0,0.0897583886499542,Persuadable
1248,-1.8859916108294137,-1.4057422568690576,-0.712071666573206,-0.8278024319457586,-1.1149305876639242,-0.8309200594663713,1.0,0,0,0,0.1627994092384477,Highly Persuadable
1986,-0.2521901533885552,0.2313050046338783,-0.0972627677878441,0.2985333595876755,1.6505236525054554,0.4647731950988721,0.0,0,0,0,0.057753700924071255,Persuadable
295,-0.2521901533885552,-0.0496807193554316,-0.712071666573206,-1.1514621421565157,0.3381046910691396,-2.190223632420392,0.0,10,1,1,0.04153575701466767,Persuadable
1548,-0.8541170061299242,1.1048041031223852,-0.0972627677878441,2.136920513584775,1.1903247958979162,0.6790910370549054,0.0,0,1,0,-0.022516922859030227,Not Persuadable
2013,0.6936949009193102,-0.0374639487472007,-0.712071666573206,-0.7112849362698862,-0.8209146514979963,0.8973233601425555,0.0,0,0,0,0.019407407386085006,Persuadable
589,0.2637471489611895,-0.055789104659547,0.5175461309975176,-1.306818803057679,-0.215838377069565,0.8160978766615019,0.0,0,1,0,-0.008821782104867884,Not Persuadable
3330,-0.2521901533885552,0.6527835906178432,-1.3268805653585676,-1.306818803057679,-0.4246323027526152,1.1595935959608978,0.0,0,0,0,-0.014320508749918097,Not Persuadable
2404,-0.682137905346676,-1.1919487712250176,-1.3268805653585676,-0.4653035565097109,-0.5609875195252194,-0.2897430430203142,0.0,15,0,1,0.06014506251362376,Persuadable
2130,1.1236426528774308,0.0480534455104153,1.1323550297828793,0.8811208379670382,1.99567279496111,-0.4081560972517299,0.0,0,0,0,0.1793564479560497,Highly Persuadable
4399,-1.0260961069131724,-1.1919487712250176,-0.712071666573206,-0.2711077303832567,-0.2115772765454211,-0.4512153896995173,1.0,20,1,1,0.14726990652431146,Highly Persuadable
2411,-0.9401065565215484,0.25573854585034,-0.712071666573206,-1.306818803057679,0.6108151246143482,0.1144271338191457,1.0,20,0,1,0.015642031699659043,Persuadable
2720,-1.1120856573047966,-1.8455459987653688,-0.712071666573206,-1.2679796378323882,1.0710139812218875,-1.729293479172484,1.0,0,0,0,-0.05761995902369451,Not Persuadable
4565,0.5217158001360619,-0.9048546619315924,-0.0972627677878441,0.609246681390002,1.514168435732851,-0.2310258260460582,0.0,0,0,0,0.17444627342600322,Highly Persuadable
426,-0.3381797037801794,-0.7582534146328218,-0.0972627677878441,1.062370275685062,0.8366534523939739,-0.9493331136977872,1.0,25,1,1,0.019170606721437455,Persuadable
2583,-0.080211052605307,0.5550494257519962,-0.0972627677878441,-1.009051869663783,-0.360715794890457,-0.0294300477677807,1.0,5,1,1,0.09266535283775273,Persuadable
1055,-1.4560438588712932,-0.8254456529780916,-0.712071666573206,-1.306818803057679,1.3138967110980886,-0.4972105429960182,1.0,0,0,0,0.059771223726259884,Persuadable
3985,-0.8541170061299242,-0.1046561870924705,0.5175461309975176,0.6998714002490141,-0.5524653184769317,-1.1068909792453734,1.0,0,0,0,0.125191339680681,Highly Persuadable
4573,0.3497366993528136,-0.0618974899636624,-0.712071666573206,0.453890020488839,-1.2044136986709455,1.197759786994164,1.0,20,0,1,-0.12603569856363306,Not Persuadable
557,-0.7681274557383001,-0.1718484254377403,-0.0972627677878441,-0.3228932840169778,-0.4501989058974785,-0.2545127128357607,1.0,5,0,1,0.007608961467507504,Persuadable
4369,-0.1662006029969311,-0.7216031028081292,-0.712071666573206,-1.2550332494239578,-0.1135719644901118,-1.2409619580032574,0.0,0,1,0,0.029369712786527356,Persuadable
3957,-0.7681274557383001,-1.8699795399818304,-0.712071666573206,-0.840748820354189,-1.3237245133469744,-0.8221124769202329,0.0,0,1,0,0.17673865526385418,Highly Persuadable
4723,-0.080211052605307,-1.8699795399818304,-0.712071666573206,-1.306818803057679,-0.4501989058974785,-0.1909023944469838,0.0,30,1,1,0.1470446895284366,Highly Persuadable
2470,0.0057784977863171,0.7077590583548821,-0.0972627677878441,-0.9702127044384918,-0.2456660807385721,0.2670918979522108,0.0,0,1,0,0.16747269349287905,Highly Persuadable
4721,-1.8859916108294137,0.2801720870668017,-1.3268805653585676,-1.306818803057679,-0.4928099111389173,0.7916323695888954,1.0,0,1,0,0.01057488053601001,Persuadable
356,0.2637471489611895,0.9093357733906914,-1.3268805653585676,0.2596941943623846,-0.9231810640774496,1.1165343035131106,0.0,10,0,1,-0.0047855917197163105,Not Persuadable
1194,0.7796844513109343,0.1702211515927239,-0.712071666573206,1.6320113656559945,-1.161802693429507,0.7211717092197886,1.0,10,1,1,0.13053056651862974,Highly Persuadable
1717,-0.5961483549550518,-0.7154947175040138,2.3619728273536027,0.9070136147838987,2.3024720326994697,1.1762301407702704,0.0,0,1,0,0.028935667449711586,Persuadable
3417,0.0917680481779412,0.8849022321742296,1.7471639285682412,0.3373725248129663,0.9261365634009954,-0.3288878543364845,0.0,20,1,1,0.055301726722683,Persuadable
2605,1.209632203269055,0.0908121426392233,1.7471639285682412,1.0105847220513406,-0.9359643656498812,0.6135234781003196,1.0,20,1,1,0.04906424002767957,Persuadable
4359,-0.4241692541718035,0.1274624544639159,-0.712071666573206,0.0784447566443607,-0.2840159854558671,0.2504553531428382,0.0,0,1,0,0.07110712697269857,Persuadable
2829,-1.7140125100461656,0.1885463075050702,-0.712071666573206,-1.034944646480643,-0.8976144609325861,1.050966744558525,0.0,0,1,0,-0.10934220565054067,Not Persuadable
1705,0.2637471489611895,-0.8132288823698607,-0.0972627677878441,1.0882630525019223,0.6917760345730819,-0.232004446328963,1.0,0,0,0,0.04909467752996367,Persuadable
2864,3.18739186227641,1.2391885798129247,-0.712071666573206,0.4021044668551178,0.4233267015520173,-0.2496196114212397,0.0,20,0,1,-0.13836342752249806,Not Persuadable
2619,-0.7681274557383001,-0.6299773232463978,0.5175461309975176,-0.9961054812553524,-1.3237245133469744,-0.9463972528490744,1.0,0,1,0,0.005721664689563609,Persuadable
2401,-0.4241692541718035,-0.055789104659547,0.5175461309975176,-0.5559282753687228,0.0483498554273556,0.1809733130566355,1.0,20,0,1,0.1042846500017712,Highly Persuadable
2140,1.295621753660679,1.0131783235606535,-0.0972627677878441,-0.5170891101434321,-1.3237245133469744,1.2584342445342287,1.0,0,0,0,0.047826456935410565,Persuadable
3240,-1.1980752076964207,-0.4284006082105884,0.5175461309975176,-0.659499382636165,-0.2967992870282988,-0.1909023944469838,1.0,0,1,0,-0.009673102722551499,Not Persuadable
2384,-0.5101588045634277,-0.6666276350710904,-0.712071666573206,0.6221930697984324,1.11788608698747,-0.0088790218267911,0.0,0,1,0,0.00926415458844392,Persuadable
3219,2.3274963583601687,1.9111109632656225,4.82120842249505,1.7873680265571574,3.21434754486626,1.6126947869455714,1.0,15,1,1,-0.02346210864766863,Not Persuadable
4193,0.607705350527686,-0.9048546619315924,0.5175461309975176,-1.306818803057679,1.049708478601168,-0.7174001066494768,0.0,0,0,0,0.14221533766054936,Highly Persuadable
1286,0.2637471489611895,-1.057564294534478,-0.712071666573206,-0.7371777130867467,-1.016925275608615,-0.3044223472638779,0.0,30,1,1,0.12037708808002699,Highly Persuadable
3815,1.209632203269055,2.198205072559048,1.1323550297828793,-0.6724457710445954,-1.2470247039123843,1.7203430180650403,1.0,10,1,1,0.07310660698436157,Persuadable
3859,-0.4241692541718035,-0.6238689379422823,-0.0972627677878441,-0.3617324492422687,-0.9444865666981688,0.2093533012608597,1.0,0,0,0,0.08293437161220665,Persuadable
4479,0.7796844513109343,2.7296345940170905,-1.3268805653585676,0.1561230870949425,-1.1831081960502263,1.3954410841408251,1.0,0,0,0,0.052454908069731444,Persuadable
2088,-0.5101588045634277,-0.8498791941945534,-0.712071666573206,-1.2679796378323882,0.7556925424352401,-1.5541204485326212,0.0,0,0,0,0.022885677716348595,Persuadable
1890,0.607705350527686,1.1964298826841169,0.5175461309975176,0.1690694755033727,1.1306693885599015,-0.067596238801047,0.0,20,1,1,0.043671730578355245,Persuadable
4900,-0.4241692541718035,-0.7277114881122446,-0.0972627677878441,0.7904961191080262,-1.3237245133469744,-0.923888986342276,0.0,15,0,1,-0.03885332247999735,Not Persuadable
1592,-1.4560438588712932,0.8360351497413061,1.1323550297828793,-0.5041427217350017,2.758409788782865,-0.0734679604984721,1.0,20,0,1,0.04749753869106774,Persuadable
1347,0.3497366993528136,0.481748802102611,-0.712071666573206,-1.164408530564946,1.1903247958979162,-0.2505982317041438,0.0,10,1,1,0.02724306343710101,Persuadable
4442,-1.8859916108294137,-1.8699795399818304,-0.712071666573206,1.1659413829525045,-0.4075879006560397,0.2641560371034979,0.0,0,1,0,-0.0666994028944875,Not Persuadable
2163,1.3816113040523033,0.2923888576750326,0.5175461309975176,-0.659499382636165,1.3479855152912397,0.0478809545816559,0.0,30,1,1,0.06105856046996382,Persuadable
2397,-0.4241692541718035,0.298497242979148,-0.712071666573206,0.0784447566443607,-0.0070444513865147,0.6282027823438834,0.0,0,1,0,-0.06732436211526197,Not Persuadable
3662,0.4357262497444378,0.4695320314943801,-0.712071666573206,-0.4653035565097109,0.2315771779655426,1.08423983417727,0.0,0,1,0,-0.11773084564530666,Not Persuadable
2272,-1.1120856573047966,0.0480534455104153,-0.712071666573206,-0.3617324492422687,0.2571437811104059,0.4677090559475843,1.0,10,1,1,0.02640264281885993,Persuadable
4501,-1.542033409262917,-1.8699795399818304,-1.3268805653585676,-0.0251263506230813,-0.105049763441824,-0.2731064982109422,1.0,5,1,1,0.03926316811016945,Persuadable
3112,1.295621753660679,1.3002724328540791,-0.712071666573206,-0.4005716144675594,0.3807156963105785,0.0743037022200713,0.0,0,1,0,-0.1565047183927573,Not Persuadable
1138,0.0057784977863171,-1.8699795399818304,0.5175461309975176,0.3373725248129663,0.6832538335247942,-1.1196130429231286,1.0,25,1,1,0.1574917003891994,Highly Persuadable
4594,-0.3381797037801794,-0.2084987372624328,-1.3268805653585676,0.1561230870949425,-1.3237245133469744,0.7612951408188631,0.0,15,1,1,0.04537187907764771,Persuadable
973,0.2637471489611895,-0.0680058752677779,-0.712071666573206,1.1271022177272134,0.252882680586262,-1.3055508966749387,0.0,0,0,0,0.03125115714658539,Persuadable
796,-0.080211052605307,0.3046056282832635,-0.0972627677878441,0.5056755741225601,1.6973957582710382,-0.9101883023816169,0.0,0,0,0,0.11127098919478784,Highly Persuadable
3021,-1.2840647580880449,0.719975828963113,1.1323550297828793,-1.306818803057679,-1.2171970002433774,1.02454399692011,0.0,0,1,0,-0.07621513383603142,Not Persuadable
1712,-1.8859916108294137,-1.3263332479155572,-0.712071666573206,-0.1157510694820934,-0.3351491917455937,-1.5061680546703125,0.0,15,0,1,-0.06466182894468574,Not Persuadable
3388,-0.5101588045634277,1.1658879561635396,0.5175461309975176,1.9686174642751813,-0.8379590535945718,-0.3367168165997191,1.0,15,0,1,-0.011221662385851386,Not Persuadable
37,-0.080211052605307,0.5978081228808043,1.7471639285682412,-0.750124101495177,0.6704705319523625,1.5461486077080815,1.0,0,1,0,-0.0171225723630337,Not Persuadable
454,2.1555172575769204,0.115245683855685,2.3619728273536027,-1.306818803057679,1.198846996946204,-0.6126877363787208,0.0,25,1,1,0.021383862077210134,Persuadable
914,-0.5961483549550518,-0.4528341494270502,-0.0972627677878441,0.0654983682359304,0.10800526276537,-0.7115283849520514,0.0,20,1,1,0.057023248889875505,Persuadable
4099,0.4357262497444378,-0.2084987372624328,0.5175461309975176,-0.8536952087626192,-0.0070444513865147,-0.452194009982422,0.0,0,0,0,0.051241427509980925,Persuadable
1200,-1.1120856573047966,-0.4406173788188193,-0.712071666573206,0.9329063916007588,-1.3237245133469744,0.1858664144711572,1.0,0,1,0,0.02694822121320228,Persuadable
1275,-0.5961483549550518,-0.422292222906473,1.7471639285682412,-0.0769119042568025,1.3820743194843907,-0.8348345405979882,1.0,0,1,0,0.059769419574872175,Persuadable
2376,-1.8859916108294137,-1.6195357425130978,-1.3268805653585676,2.3311163397112296,0.5085487120348949,0.3023222281367642,1.0,30,0,1,-0.09020078183663474,Not Persuadable
38,-0.8541170061299242,-1.1491900740962095,-0.712071666573206,-0.1157510694820934,-1.3237245133469744,-0.1566506845453345,1.0,0,0,0,0.037151710699043834,Persuadable
975,-1.0260961069131724,0.6711087465301895,-0.0972627677878441,0.6610322350237232,-0.4800266095664857,0.485324221039861,0.0,20,0,1,0.032135428213218256,Persuadable
3196,1.1236426528774308,-0.0374639487472007,1.1323550297828793,1.852099968599309,1.0326640765045925,0.7867392681743743,0.0,20,1,1,0.11015668102366791,Highly Persuadable
984,0.7796844513109343,1.0192867088647692,2.9767817261389644,1.7485288613318666,1.624957049360592,1.8407133128622644,1.0,20,1,1,0.03662902669389265,Persuadable
3923,-1.1120856573047966,0.2496301605462245,0.5175461309975176,-1.306818803057679,0.8196090502973984,0.1310636786285183,1.0,0,1,0,-0.019289450863367977,Not Persuadable
4088,-1.8000020604377898,-1.4485009539978655,0.5175461309975176,-0.2063757883411052,1.2542413037600744,-1.9132740923584857,0.0,0,1,0,0.05506748295745718,Persuadable
1419,1.0376531024858069,2.2348553843837404,1.7471639285682412,1.5931722004307034,0.5852485214694848,1.9023663906852333,0.0,10,1,1,0.028607264528609618,Persuadable
3333,-1.8859916108294137,1.0986957178182697,-0.712071666573206,0.3762116900382572,-0.940225466174025,1.7917822987170513,1.0,10,0,1,-0.012460333965410922,Not Persuadable
1561,-0.4241692541718035,-0.2329322784788946,-0.0972627677878441,-0.2322685651579658,1.8294898745194983,-0.8573428071047864,0.0,0,1,0,0.07222312888682826,Persuadable
40,0.6936949009193102,-0.7032779468957829,-0.0972627677878441,1.3730835974873885,0.4020211989312979,0.0292871692064751,0.0,0,0,0,0.05109961987480762,Persuadable
1487,0.9516635520941824,0.396231407844995,1.1323550297828793,0.8422816727417473,1.2840690074290817,-0.7399083731562749,1.0,0,0,0,0.22719743497370842,Highly Persuadable
3902,0.6936949009193102,-1.0697810651427089,0.5175461309975176,0.6739786234321535,0.3040158868759886,-1.3319736443133536,1.0,0,0,0,0.11513130895374654,Highly Persuadable
170,0.0057784977863171,2.033278669347931,-1.3268805653585676,-1.306818803057679,0.8025646482008228,0.6927917210155651,1.0,10,1,1,-0.00042371913218568186,Not Persuadable
1356,0.5217158001360619,0.072486986726877,-0.712071666573206,1.1012094409103528,-1.3237245133469744,0.0508168154303688,1.0,25,1,1,0.1797088137380874,Highly Persuadable
2786,0.0917680481779412,2.002736742827354,0.5175461309975176,-0.9831590928469222,0.0483498554273556,2.6069729943763025,1.0,0,1,0,0.01760926800237152,Persuadable
3651,1.4676008544439274,0.622241664097266,-0.712071666573206,-1.306818803057679,-0.3010603875524426,-0.0088790218267911,0.0,0,0,0,0.09265440086493529,Persuadable
4759,-1.0260961069131724,1.3247059740705407,-0.712071666573206,-1.306818803057679,-0.612120725814946,-0.1752444699205159,0.0,20,0,1,-0.022298376060076407,Not Persuadable
4023,-1.370054308479669,1.257513735725271,-1.3268805653585676,0.091391145052791,-0.1817495728764139,-0.3670540453697508,0.0,15,1,1,0.12134000513470428,Highly Persuadable
2683,1.0376531024858069,0.3901230225408795,0.5175461309975176,0.0784447566443607,-0.2669715833592916,0.6262455417780752,1.0,20,0,1,-0.002602689903382732,Not Persuadable
4715,-0.5961483549550518,0.2801720870668017,-1.3268805653585676,0.453890020488839,-0.2754937844075794,-0.3337809557510062,0.0,30,1,1,0.08465689977681552,Persuadable
4044,-1.4560438588712932,-1.210273927137364,-1.3268805653585676,-1.306818803057679,-1.042491878753478,0.920810246932258,0.0,10,1,1,-0.10321233127900015,Not Persuadable
1641,-1.542033409262917,-0.2756909756077026,-0.0972627677878441,1.075316664093492,0.3679323947381469,0.5459986785799258,0.0,0,1,0,-0.05799780711878691,Not Persuadable
1291,0.1777575985695653,-0.4284006082105884,-0.0972627677878441,-1.073783811705934,0.0099999507100607,0.4256283837827011,1.0,25,1,1,0.07539087090776947,Persuadable
1381,1.295621753660679,0.2679553164585709,-0.0972627677878441,-1.306818803057679,0.0227832522824923,-0.2329830666118671,0.0,0,1,0,-0.0009243360002346488,Not Persuadable
1934,1.3816113040523033,0.8421435350454216,1.7471639285682412,-0.3617324492422687,2.208727821168304,0.5293621337705531,0.0,0,0,0,0.07443780631460875,Persuadable
580,0.3497366993528136,1.0986957178182697,1.7471639285682412,0.8681744495586079,0.4701988073176,0.2484981125770301,0.0,0,1,0,0.12725875175387777,Highly Persuadable
4230,0.9516635520941824,0.072486986726877,1.1323550297828793,-1.306818803057679,0.397760098407154,-0.5451629368583265,1.0,0,1,0,-0.0010260052238739911,Not Persuadable
3161,-0.080211052605307,-0.5811102408134743,-0.0972627677878441,-0.8536952087626192,-1.3237245133469744,1.0548812256901416,0.0,10,0,1,-0.09141272729140164,Not Persuadable
2031,1.3816113040523033,0.5061823433190727,-0.0972627677878441,-1.306818803057679,0.1719217706275282,0.3248304946435627,1.0,20,0,1,0.068137774634022,Persuadable
893,-0.4241692541718035,1.6056916980598508,-0.0972627677878441,1.0105847220513406,-0.433154503800903,1.7506802468350728,1.0,5,1,1,0.12078022376326158,Highly Persuadable
4588,1.5535904048355516,0.7016506730507667,0.5175461309975176,-0.0769119042568025,-0.7996091488772769,-0.0343231491823017,0.0,30,0,1,0.046565283010472136,Persuadable
781,-0.080211052605307,-0.3123412874323952,-1.3268805653585676,-0.4394107796928503,-1.3237245133469744,0.1379140206088482,0.0,20,0,1,0.07707326411890786,Persuadable
160,-1.1980752076964207,-1.8699795399818304,-0.712071666573206,-1.306818803057679,-1.3237245133469744,-0.848535224558648,0.0,20,1,1,0.14158595637590715,Highly Persuadable
3,0.7796844513109343,-0.2634742049994718,-0.712071666573206,-0.2193221767495355,1.4630352294431246,0.6272241620609793,0.0,0,1,0,0.02698179235358933,Persuadable
2264,-0.1662006029969311,-0.4833760759476274,1.7471639285682412,0.3114797479961058,-1.0254474766569026,-0.4737236562063157,0.0,0,1,0,0.02187795998383463,Persuadable
3217,-1.370054308479669,-1.705053136770714,-0.0972627677878441,-0.4005716144675594,-1.051014079801766,-0.3014864864151657,1.0,15,1,1,0.024627557841195833,Persuadable
2110,0.2637471489611895,0.6283500494013814,-1.3268805653585676,-0.8795879855794798,-1.3237245133469744,-0.5745215453454549,0.0,20,1,1,0.058344462968613446,Persuadable
850,1.0376531024858069,0.4634236461902647,0.5175461309975176,-0.3487860608338384,-0.0198277529589464,-0.1537148236966216,0.0,0,0,0,0.04456314937495683,Persuadable
2738,-0.2521901533885552,-0.5383515436846662,-0.0972627677878441,-0.1028046810736631,-0.6206429268632339,0.3522318625648814,1.0,20,1,1,0.09381611384908363,Persuadable
2467,-0.4241692541718035,-0.5933270114217052,0.5175461309975176,-0.8795879855794798,0.2358382784896865,-0.4218567812123897,0.0,0,0,0,0.12362362587464466,Highly Persuadable
4010,1.209632203269055,-0.9598301296686312,-0.0972627677878441,-1.306818803057679,1.2457191027117869,-1.1049337386795648,0.0,0,0,0,0.017659623810106773,Persuadable
3669,-1.8000020604377898,-1.2896829360908646,-1.3268805653585676,-0.6983385478614559,-1.1490193918570752,-1.538462524006153,0.0,0,1,0,0.0792054847661989,Persuadable
1597,0.3497366993528136,-0.055789104659547,-0.712071666573206,-0.1675366231158145,-0.5652486200493634,-0.5295050123318586,0.0,25,0,1,0.0226187991576477,Persuadable
1777,-1.370054308479669,-1.4057422568690576,-1.3268805653585676,-0.8278024319457586,3.227130846438692,-1.3270805428988324,1.0,20,0,1,0.02902057169668588,Persuadable
1914,-1.8859916108294137,1.0070699382565382,-0.0972627677878441,0.8811208379670382,0.1676606701033844,1.0225867563543012,1.0,30,1,1,-0.010774287154545266,Not Persuadable
1044,0.0917680481779412,-1.2041655418332484,-0.0972627677878441,-0.5300354985518623,0.4915043099383194,-0.9111669226645208,0.0,0,0,0,0.06076793760863102,Persuadable
4783,-0.8541170061299242,-0.1901735813500865,-0.712071666573206,-0.0639655158483722,-0.7484759425875502,-0.0832541633275148,1.0,0,1,0,-0.040149157873839665,Not Persuadable
1545,1.3816113040523033,0.2740637017626863,1.7471639285682412,1.2047805481777951,1.4374686262982612,1.7702526524931577,0.0,10,0,1,0.10585642788711855,Highly Persuadable
2737,-0.9401065565215484,0.5061823433190727,-1.3268805653585676,0.1561230870949425,-1.3237245133469744,-0.0411734911626316,0.0,20,1,1,-0.015300204499576347,Not Persuadable
3725,-0.080211052605307,0.8177099938289598,2.3619728273536027,2.1110277367679147,2.801020794024304,1.6087803058139545,1.0,20,0,1,0.10098148297764825,Highly Persuadable
4628,0.7796844513109343,0.5428326551437653,-0.712071666573206,0.2208550291370937,-1.0041419740361832,1.367061095936602,1.0,0,0,0,-0.025805831240507306,Not Persuadable
54,-0.3381797037801794,-0.8559875794986688,-1.3268805653585676,-1.034944646480643,-1.0297085771810466,-0.2515768519870479,0.0,0,0,0,0.11919850278581226,Highly Persuadable
1797,-0.3381797037801794,-0.5017012318599736,-0.0972627677878441,-0.89253437398791,-0.4501989058974785,0.1985884781489122,0.0,10,1,1,0.1575186787454399,Highly Persuadable
3589,-0.8541170061299242,0.2068714634174165,0.5175461309975176,-1.164408530564946,-0.0752220597728168,-1.2575985028126295,0.0,0,0,0,0.020676498041080914,Persuadable
1912,0.5217158001360619,-0.3001245168241643,1.1323550297828793,1.2824588786283768,0.6576872303799308,-0.1057624298343132,0.0,20,1,1,0.07039188141478697,Persuadable
2307,1.983538156793672,1.2697305063335018,-0.0972627677878441,0.7775497306995959,0.9985752723114414,1.2104818506719195,0.0,20,0,1,0.038585933833353674,Persuadable
2554,-1.8859916108294137,-0.3367748286488569,-1.3268805653585676,-1.306818803057679,-1.3237245133469744,-0.9101883023816169,1.0,25,1,1,0.046225605316760635,Persuadable
2801,-0.2521901533885552,0.3717978666285332,-0.712071666573206,-0.3228932840169778,-1.3237245133469744,0.2377332894650832,1.0,0,0,0,0.04825090170939153,Persuadable
937,-1.1980752076964207,-1.637860898425444,-1.3268805653585676,-1.306818803057679,-1.3237245133469744,-0.4893815807327836,1.0,0,0,0,0.20403038303165966,Highly Persuadable
4439,-1.4560438588712932,0.1702211515927239,-0.712071666573206,-1.306818803057679,0.2102716753448232,0.5773145276328622,1.0,0,0,0,0.05549475442453926,Persuadable
825,-1.8859916108294137,-1.8699795399818304,-1.3268805653585676,-1.306818803057679,-0.8550034556911473,-0.8426635028612226,1.0,0,0,0,0.18949646157682795,Highly Persuadable
4744,-0.080211052605307,0.1396792250721468,-0.712071666573206,-1.306818803057679,0.10800526276537,0.584164869613192,1.0,0,0,0,0.00019745671146226035,Persuadable
3179,0.6936949009193102,0.1518959956803776,0.5175461309975176,1.6320113656559945,-1.315202312298687,-0.4786167576208367,0.0,0,0,0,0.20422631286384127,Highly Persuadable
3402,0.8656740017025585,1.4774156066734263,-0.0972627677878441,1.3989763743042491,-1.3237245133469744,1.465901744509932,1.0,25,1,1,0.10869252696192719,Highly Persuadable
1390,-0.9401065565215484,-0.098547801788355,1.7471639285682412,0.3762116900382572,0.8366534523939739,0.3277663554922749,1.0,15,1,1,0.054912091887260234,Persuadable
3565,1.4676008544439274,-0.3917502963858958,-0.0972627677878441,-1.1126229769312248,-0.4928099111389173,-0.3024651066980698,0.0,30,0,1,-0.013607067174527832,Not Persuadable
4887,0.2637471489611895,-0.4100754522982421,-1.3268805653585676,-1.306818803057679,1.0582306796494558,-0.3699899062184636,1.0,25,0,1,-0.007713196696028396,Not Persuadable
885,-1.1120856573047966,0.1457876103762622,-0.0972627677878441,-0.9054807623963405,-1.1021472860914925,0.0527740559961776,0.0,0,1,0,0.09362328065440416,Persuadable
4358,-0.3381797037801794,-1.3263332479155572,-0.712071666573206,-0.2581613419748264,0.1847050721999599,-0.7027208024059131,1.0,0,1,0,0.07352188680850781,Persuadable
1608,0.1777575985695653,0.0175115189898381,0.5175461309975176,0.5445147393478507,-1.298157910202111,-0.1145700123804513,1.0,10,1,1,0.13427349447308154,Highly Persuadable
1595,0.4357262497444378,-0.3612083698653187,-0.0972627677878441,-1.306818803057679,-0.970053169843032,-1.6118590452239727,0.0,0,0,0,0.09934919874971238,Persuadable
772,1.3816113040523033,1.2086466532923474,0.5175461309975176,0.2726405827708149,0.7471703413869524,0.9540833365510032,1.0,0,1,0,-0.09306578174433591,Not Persuadable
2612,0.8656740017025585,0.0419450602062998,-1.3268805653585676,-1.306818803057679,0.1548773685309527,0.6810482776207135,0.0,0,1,0,-0.1395131073194206,Not Persuadable
3873,-0.5101588045634277,-1.8699795399818304,-0.0972627677878441,-0.9961054812553524,1.91897298552652,-1.31044399808946,0.0,0,0,0,0.04156246488603422,Persuadable
2274,0.9516635520941824,-0.013030407530739,-0.712071666573206,-0.1804830115242448,1.4246853247258295,0.041030612601326,0.0,5,1,1,0.08666168415592101,Persuadable
1869,-0.3381797037801794,-1.5034764217349046,-0.712071666573206,2.39584828175338,-1.157541592905363,-0.4247926420611026,1.0,0,1,0,0.07696530650333902,Persuadable
1086,-0.4241692541718035,-1.4851512658225583,-1.3268805653585676,0.9458527800091892,-0.1987939749729894,0.2299043272018486,0.0,0,1,0,0.022318844765373092,Persuadable
11,0.9516635520941824,1.1719963414676549,-0.0972627677878441,0.1561230870949425,-0.8464812546428596,0.760316520535959,1.0,15,1,1,-0.07977404200952486,Not Persuadable
3847,-0.080211052605307,-0.196281966654202,0.5175461309975176,0.2208550291370937,0.7386481403386645,-0.0705320996497599,0.0,30,1,1,0.004640502289787421,Persuadable
1326,1.0376531024858069,2.851802300099399,0.5175461309975176,-0.2970005072001173,-1.1703248944777946,2.2742420981888527,1.0,25,0,1,0.08831994736534596,Persuadable
3391,-1.1120856573047966,-0.8987462766274767,-1.3268805653585676,0.6610322350237232,0.8792644576354127,-0.5569063802531782,0.0,10,0,1,0.06191545775225741,Persuadable
1464,0.5217158001360619,0.9337693146071532,-0.0972627677878441,0.3114797479961058,0.4275878020761612,0.0517954357132728,0.0,25,0,1,-0.023126175239891307,Not Persuadable
807,-0.1662006029969311,-0.9781552855809774,-1.3268805653585676,-0.3876252260591293,0.3381046910691396,-0.684127017030732,0.0,0,1,0,0.016887511971991814,Persuadable
3754,0.7796844513109343,-0.2695825903035872,-0.0972627677878441,0.3762116900382572,-1.3237245133469744,-0.4130491986662517,0.0,0,1,0,0.1186222943430893,Highly Persuadable
4004,2.3274963583601687,0.0908121426392233,1.1323550297828793,1.8779927454161691,-0.2328827791661405,-0.9092096820987124,0.0,20,1,1,0.15401623012957535,Highly Persuadable
3790,-0.5101588045634277,-0.5872186261175897,2.9767817261389644,0.98469194523448,1.876361980285081,0.7035565441275119,0.0,25,1,1,0.08326460288590126,Persuadable
2109,-0.8541170061299242,0.0908121426392233,-1.3268805653585676,1.90388552223303,-1.3237245133469744,0.1477002234378909,1.0,0,0,0,0.14489493729554298,Highly Persuadable
4246,0.0057784977863171,-0.4589425347311656,0.5175461309975176,2.214598844035357,1.1903247958979162,0.144764362589178,0.0,20,0,1,0.09231836268214275,Persuadable
4967,-0.4241692541718035,0.2496301605462245,1.7471639285682412,-0.8795879855794798,1.267024605332506,-0.4737236562063157,0.0,10,0,1,0.012104259509783092,Persuadable
2235,-0.9401065565215484,-0.1351981136130476,-0.712071666573206,-1.306818803057679,0.2145327758689671,-1.7743100121860802,1.0,10,0,1,-0.04386337429537354,Not Persuadable
3212,-0.080211052605307,-0.196281966654202,-0.0972627677878441,-0.7371777130867467,-0.3308880912214498,-0.7203359674981897,0.0,0,1,0,0.01804201155211313,Persuadable
964,-0.080211052605307,-0.1168729577007013,-0.712071666573206,0.6221930697984324,-0.1519218692074067,0.2915574050248174,1.0,30,0,1,0.06731489220136842,Persuadable
3416,0.0917680481779412,-0.2451490490871254,-0.0972627677878441,-0.1028046810736631,0.5596819183246216,0.0782181833516882,0.0,0,1,0,-0.09339208941053531,Not Persuadable
3772,-1.370054308479669,0.1824379222009548,-1.3268805653585676,-0.6465529942277348,0.325321389496708,-0.2515768519870479,0.0,20,1,1,0.08224182362795726,Persuadable
399,0.5217158001360619,-1.369091945044365,0.5175461309975176,0.2208550291370937,0.904831060780276,-1.1499502716931609,0.0,0,0,0,0.09364574872392518,Persuadable
2633,-0.080211052605307,-0.4039670669941267,-0.712071666573206,-1.0608374232975035,-0.5908152231942266,-0.2740851184938463,1.0,25,0,1,0.02622903315387709,Persuadable
4862,0.607705350527686,-1.4423925686937502,-0.712071666573206,0.5963002929815718,1.262763504808362,-1.8565141159500385,1.0,25,1,1,0.2334957078615245,Highly Persuadable
2997,-1.2840647580880449,1.214755038596463,-0.0972627677878441,0.2079086407286636,-0.4970710116630612,1.577464456761018,1.0,0,0,0,0.09245280334681208,Persuadable
705,1.1236426528774308,-0.3673167551694341,0.5175461309975176,2.6936152151472768,0.8238701508215422,-0.6273670406222849,0.0,0,0,0,0.046705560605140195,Persuadable
432,0.5217158001360619,0.5306158845355345,-0.712071666573206,-0.4523571681012805,0.794042447152535,-0.3288878543364845,0.0,0,1,0,0.03850735599346385,Persuadable
293,1.5535904048355516,1.0681537912976926,-0.712071666573206,-1.0608374232975035,1.4587741289189806,1.1116412020985895,0.0,0,0,0,-0.006826229624487349,Not Persuadable
4878,0.607705350527686,-1.607318971904867,0.5175461309975176,-0.6853921594530257,-0.2712326838834354,0.144764362589178,0.0,0,0,0,0.057761332713031806,Persuadable
146,-0.4241692541718035,-0.1229813430048168,1.1323550297828793,1.360137209078958,0.3423657915932835,-0.23591892746058,0.0,0,1,0,-0.00670123535981214,Not Persuadable
4156,-0.5961483549550518,-0.1290897283089322,-0.0972627677878441,-1.306818803057679,0.8792644576354127,-0.0088790218267911,1.0,10,0,1,0.0028970260646080655,Persuadable
2034,-0.4241692541718035,-0.5994353967258206,1.1323550297828793,-1.306818803057679,-0.0198277529589464,-0.6792339156162106,0.0,0,0,0,0.08388962431976794,Persuadable
4216,1.4676008544439274,2.631900429151244,1.1323550297828793,0.9717455568260498,0.0653942575239312,2.9739556004654006,0.0,15,1,1,0.16674988057881995,Highly Persuadable
1166,-0.8541170061299242,0.0602702161186461,-0.0972627677878441,0.51862196253099,-0.4544600064216224,0.4011628767100945,0.0,25,1,1,0.07679761872258951,Persuadable
3501,-0.2521901533885552,-0.1107645723965859,0.5175461309975176,0.3373725248129663,-1.3237245133469744,0.4706449167962972,0.0,0,1,0,-0.06581139919404234,Not Persuadable
2051,0.7796844513109343,0.848251920349537,1.1323550297828793,0.6869250118405839,1.1818025948496282,0.5058752469808506,1.0,25,0,1,0.1511360953894056,Highly Persuadable
2625,-0.5961483549550518,-1.0758894504468244,-0.712071666573206,-1.306818803057679,0.5767263204211971,-0.6567256491094129,0.0,25,1,1,0.14464683124326871,Highly Persuadable
4389,-1.7140125100461656,-0.5139180024682045,-0.712071666573206,-0.3617324492422687,0.3508879926415713,0.3307022163409878,0.0,20,0,1,-0.059846763654722385,Not Persuadable
340,0.607705350527686,1.3247059740705407,2.3619728273536027,2.2404916208522176,1.0241418754563048,1.363146614804985,1.0,5,0,1,-0.023871842160789733,Not Persuadable
3898,1.811559056010424,2.076037366476739,0.5175461309975176,-0.7630704899036073,1.0795361822701752,1.465901744509932,0.0,10,0,1,-0.0018823475108983672,Not Persuadable
3691,0.7796844513109343,-0.4955928465558582,2.3619728273536027,0.609246681390002,-0.1860106734005578,-1.5257404603283975,1.0,20,1,1,0.09723482883469997,Persuadable
2974,-0.5961483549550518,0.2923888576750326,0.5175461309975176,0.609246681390002,0.9815308702148658,1.9013877704023288,1.0,0,1,0,0.054252446172778315,Persuadable
266,1.0376531024858069,0.4023397931491104,1.1323550297828793,0.324426136404536,-0.3394102922697375,1.2917073341529737,0.0,20,1,1,-0.011870106361857287,Not Persuadable
2425,0.0917680481779412,0.2190882340256474,-1.3268805653585676,1.0882630525019223,-0.0198277529589464,-1.193988184423853,0.0,0,1,0,0.018306131499356938,Persuadable
1263,0.8656740017025585,0.1213540691598005,-0.712071666573206,0.1431766986865122,0.1250496648619455,0.4921745630201909,1.0,10,1,1,0.018255686179718924,Persuadable
1772,0.0917680481779412,1.9294361191779683,2.3619728273536027,0.182015863911803,2.87345950293475,0.7485730771411081,1.0,10,0,1,-0.021609965873211064,Not Persuadable
3512,-1.4560438588712932,-1.08199783575094,-0.0972627677878441,0.5056755741225601,-0.1135719644901118,0.144764362589178,1.0,20,0,1,-0.04061546555264019,Not Persuadable
272,0.3497366993528136,1.1719963414676549,1.1323550297828793,2.732454380372568,-1.3237245133469744,-0.5334194934634756,1.0,25,0,1,0.1127844593872115,Highly Persuadable
697,-1.8859916108294137,-0.7277114881122446,-0.0972627677878441,0.6998714002490141,0.3636712942140029,0.5557848814089685,0.0,20,0,1,-0.04224160793010773,Not Persuadable
748,0.5217158001360619,-1.1308649181838633,-0.712071666573206,-0.3099468956085476,-0.9615309687947444,-0.4159850595149639,1.0,15,0,1,0.08439919795535851,Persuadable
245,2.2415068079685447,2.063820595868508,1.7471639285682412,-1.164408530564946,-0.0539165571520974,2.346659999123768,0.0,20,1,1,0.11294312490580051,Highly Persuadable
318,-0.682137905346676,0.8604686909577679,-0.712071666573206,-0.4523571681012805,1.76557336665734,0.2475194922941253,1.0,10,1,1,0.031044239374454875,Persuadable
477,1.1236426528774308,-0.2634742049994718,2.3619728273536027,0.4797827973056995,1.701656858795182,1.311279739811059,0.0,0,1,0,0.03757597077750961,Persuadable
2033,0.6936949009193102,0.4023397931491104,-0.0972627677878441,-1.306818803057679,1.2244136000910673,-0.120441734077877,1.0,20,0,1,-0.029791121189813523,Not Persuadable
958,2.3274963583601687,1.8561354955285836,2.9767817261389644,1.6061185888391336,1.55677944097429,-0.0401948708797275,1.0,0,1,0,0.07845179707179814,Persuadable
3835,1.4676008544439274,-0.3489915992570878,-0.712071666573206,0.9458527800091892,1.488601832587988,0.364953926242637,1.0,25,0,1,0.12598672321532992,Highly Persuadable
814,-0.5101588045634277,0.5428326551437653,-0.0972627677878441,1.2824588786283768,0.2656659821586937,-0.3983698944226872,0.0,10,0,1,0.009261339951207192,Persuadable
4181,1.209632203269055,-0.9415049737562848,1.1323550297828793,1.2306733249946555,0.0696553580480751,-0.8387490217296055,1.0,0,0,0,0.02805075023384652,Persuadable
1915,1.209632203269055,-0.9048546619315924,-0.712071666573206,0.1690694755033727,-0.3777601969870325,-0.7350152717417535,0.0,0,1,0,-0.13082251634670178,Not Persuadable
4613,-0.4241692541718035,0.4878571874067264,0.5175461309975176,-0.6724457710445954,2.0851559059681315,0.7309579120488314,0.0,0,1,0,-0.003993148531769446,Not Persuadable
3488,0.2637471489611895,-0.2084987372624328,-1.3268805653585676,-0.0639655158483722,1.0326640765045925,-0.5334194934634756,0.0,20,0,1,-0.1051331221733375,Not Persuadable
1298,-0.682137905346676,-0.2512574343912409,-0.0972627677878441,1.1788877713609345,1.373552118436103,1.188952204448026,0.0,25,1,1,0.011589454013873927,Persuadable
4049,-0.1662006029969311,0.2862804723709172,-0.0972627677878441,0.1690694755033727,-0.3862823980353203,0.0850685253320181,1.0,25,0,1,0.012023092455781256,Persuadable
1805,0.0917680481779412,0.6466752053137277,-0.0972627677878441,1.3730835974873885,2.0084560965335414,0.9452757540048646,0.0,0,1,0,-0.005676894500078083,Not Persuadable
759,0.6936949009193102,0.622241664097266,1.1323550297828793,1.114155829318783,-0.9359643656498812,-0.0940189864394617,1.0,0,0,0,0.13119571302796765,Highly Persuadable
251,-0.3381797037801794,-0.2756909756077026,-0.0972627677878441,-0.1286974578905237,1.343724414767096,-1.4014556843995565,0.0,30,1,1,0.1250578378106557,Highly Persuadable
2462,-1.370054308479669,-0.8376624235863225,-1.3268805653585676,-0.0898582926652328,-0.6206429268632339,-0.4453436680020922,0.0,25,0,1,-0.039562191796094055,Not Persuadable
546,-0.1662006029969311,1.4346569095446189,1.1323550297828793,0.9199600031923288,-1.123452788712212,0.313087051248711,0.0,15,1,1,0.055555209275830617,Persuadable
3242,-0.8541170061299242,-1.3568751744361345,-0.712071666573206,-1.2938724146492486,-1.3237245133469744,-1.833027229160336,0.0,0,1,0,0.06579492224351005,Persuadable
739,-1.6280229596545417,-1.8699795399818304,-0.712071666573206,-0.2970005072001173,-1.2299803018158089,-1.2350902363058318,1.0,10,0,1,0.0535063564876938,Persuadable
311,1.209632203269055,-0.3123412874323952,-0.0972627677878441,-0.2193221767495355,-0.1306163665866873,-0.4013057552714001,1.0,0,0,0,-0.0025390450026664376,Not Persuadable
3886,0.0917680481779412,1.6728839364051205,-0.712071666573206,-0.5170891101434321,0.5085487120348949,-0.4844884793182625,1.0,0,0,0,0.05291654011224164,Persuadable
2942,1.295621753660679,1.1109124884265007,-0.0972627677878441,0.9458527800091892,0.4105433999795856,-0.904316580684191,0.0,15,1,1,0.03228442628254329,Persuadable
1132,-0.2521901533885552,0.0175115189898381,-0.0972627677878441,-0.3487860608338384,0.325321389496708,-0.1478431019991965,1.0,20,1,1,0.0016663322268660593,Persuadable
1450,-0.5961483549550518,1.0253950941688843,-0.0972627677878441,1.7873680265571574,1.0326640765045925,1.2320114968958134,0.0,0,1,0,-0.016205080057370085,Not Persuadable
4930,1.1236426528774308,0.6588919759219586,2.3619728273536027,0.182015863911803,-0.0155666524348025,0.0341802706209961,0.0,0,1,0,0.02672234270677156,Persuadable
16,-0.8541170061299242,-0.8254456529780916,1.7471639285682412,0.2208550291370937,-1.3237245133469744,1.4022914261211552,0.0,20,0,1,-0.14334216383589019,Not Persuadable
3233,-1.1120856573047966,-0.3428832139529724,-0.712071666573206,0.3632653016298269,0.8068257487249667,-2.2049029366639554,1.0,20,0,1,0.1190639276177906,Highly Persuadable
2770,0.7796844513109343,0.3168223988914943,0.5175461309975176,-1.306818803057679,-1.046752979277622,0.475538018210819,1.0,15,1,1,0.05467964590302238,Persuadable
3469,1.4676008544439274,0.7260842142672284,1.7471639285682412,2.007456629500472,0.615076225138492,0.5430628177312129,0.0,10,1,1,0.03528713931282247,Persuadable
921,-0.3381797037801794,-0.4039670669941267,-1.3268805653585676,-1.306818803057679,-1.3237245133469744,-1.3525246702543432,1.0,10,0,1,0.02940912486835102,Persuadable
3030,0.2637471489611895,0.2374133899379937,-0.0972627677878441,2.7195079919641376,-1.2001525981468018,0.2299043272018486,0.0,0,0,0,0.1754502512163155,Highly Persuadable
1373,0.4357262497444378,-0.2146071225665483,-0.0972627677878441,-1.306818803057679,-0.97857537089132,-0.4453436680020922,0.0,30,0,1,0.012512219836358347,Persuadable
3588,0.1777575985695653,-0.5811102408134743,-0.712071666573206,1.114155829318783,0.0653942575239312,0.0821326644833052,0.0,0,0,0,-0.011970834992799866,Not Persuadable
2545,-0.080211052605307,-1.3324416332196725,0.5175461309975176,2.0851349599510542,1.910450784478232,0.3238518743606579,0.0,0,1,0,0.024148541659490447,Persuadable
3599,-1.8000020604377898,-0.7765785705451681,-0.0972627677878441,-0.0769119042568025,-1.3237245133469744,-0.9258462269080848,0.0,20,0,1,-0.08508490393119221,Not Persuadable
39,-0.8541170061299242,-1.8699795399818304,-0.712071666573206,0.557461127756281,-0.6163818263390899,-1.371118455629524,1.0,0,0,0,0.145175394504396,Highly Persuadable
364,-1.1120856573047966,-0.8682043501068997,0.5175461309975176,1.7226360845150064,2.068111503871556,-1.84085619142357,0.0,10,1,1,0.12037437425816208,Highly Persuadable
4111,0.607705350527686,0.7871680673083827,1.1323550297828793,-0.6206602174108743,-0.5396820169045,-0.2672347765135164,0.0,0,0,0,0.10972343302136704,Highly Persuadable
183,-0.4241692541718035,-0.281799360911818,-0.712071666573206,-0.5559282753687228,0.6662094314282186,-0.1272920760582069,1.0,15,1,1,0.09796315062248638,Persuadable
3034,0.3497366993528136,0.3473643254120715,-0.0972627677878441,0.1561230870949425,0.5767263204211971,0.48043111962534,1.0,15,0,1,-0.06424047645974065,Not Persuadable
2984,0.2637471489611895,-0.6666276350710904,-0.0972627677878441,1.0364774988682013,-0.2073161760212772,0.0243940677919541,0.0,0,1,0,-0.009997579364967299,Not Persuadable
1195,1.983538156793672,0.5550494257519962,2.3619728273536027,1.774421638148727,0.8110868492491106,1.5676782539319754,1.0,20,0,1,0.009352043487933575,Persuadable
2853,1.3816113040523033,2.6135752732388973,-0.0972627677878441,1.023531110459771,-1.3237245133469744,1.1781873813360793,0.0,20,1,1,0.10109521317721379,Highly Persuadable
3785,1.897548606402048,0.6283500494013814,0.5175461309975176,0.0396055914190698,1.2542413037600744,-0.6479180665632746,1.0,20,1,1,0.04783724148604882,Persuadable
1122,0.0057784977863171,0.903227388086576,0.5175461309975176,1.2824588786283768,1.55677944097429,1.865178819934871,1.0,0,0,0,0.1891044009435721,Highly Persuadable
2236,-1.1120856573047966,0.5061823433190727,-0.0972627677878441,1.075316664093492,-0.8038702494014207,0.6145020983832237,0.0,0,0,0,0.07566937187158977,Persuadable
2668,-0.2521901533885552,-0.7765785705451681,0.5175461309975176,0.1172839218696516,1.1306693885599015,0.0566885371277946,1.0,20,1,1,-0.0891566251544266,Not Persuadable
3718,0.4357262497444378,1.5018491478898883,1.7471639285682412,0.8940672263754684,1.4672963299672686,1.386633501594687,0.0,10,1,1,0.19741550987976444,Highly Persuadable
3224,-1.8859916108294137,0.6711087465301895,0.5175461309975176,0.324426136404536,1.3309411131946642,1.3465100699956123,0.0,20,1,1,0.09384507562581033,Persuadable
1183,-0.8541170061299242,-1.8699795399818304,-1.3268805653585676,-1.306818803057679,-1.3237245133469744,-2.7362937502809697,1.0,0,0,0,0.11709765903894657,Highly Persuadable
4194,-1.0260961069131724,-0.5200263877723199,-0.712071666573206,-0.8536952087626192,0.0014777496617729,0.5205545512244151,0.0,5,0,1,-0.016939958932308773,Not Persuadable
4304,-0.5961483549550518,-0.3734251404735496,-1.3268805653585676,-0.374678837650699,-1.3237245133469744,0.2445836314454131,0.0,0,0,0,0.00849321767032178,Persuadable
615,-0.8541170061299242,0.2679553164585709,-0.712071666573206,-0.4782499449181411,-0.5695097205735072,0.1408498814575611,1.0,0,1,0,0.042217104794625496,Persuadable
4919,0.2637471489611895,-0.3489915992570878,-1.3268805653585676,-0.1934293999326751,-1.2853746086296791,-0.1263134557753028,0.0,0,0,0,-0.01342747786712346,Not Persuadable
1467,-1.2840647580880449,-0.0374639487472007,-1.3268805653585676,-0.42646439128442,-1.3237245133469744,0.3424456597358393,1.0,10,0,1,0.006475475674383816,Persuadable
402,0.1777575985695653,0.7444093701795746,-0.0972627677878441,-0.931373539213201,1.9658450912921024,-0.1263134557753028,0.0,10,1,1,0.013234626804680068,Persuadable
3043,-0.9401065565215484,0.2068714634174165,-0.0972627677878441,-0.2970005072001173,-0.3053214880765865,-0.2378761680263881,0.0,0,1,0,0.04702836875490097,Persuadable
935,0.3497366993528136,-1.29579132139498,-0.712071666573206,-1.306818803057679,-1.3237245133469744,-0.8133048943740946,0.0,15,0,1,0.19184062100223093,Highly Persuadable
2420,-1.8859916108294137,-1.8699795399818304,-0.712071666573206,0.091391145052791,-0.4715044085181979,-1.5374839037232488,0.0,0,0,0,0.012914010925756137,Persuadable
4048,-0.5961483549550518,2.8334771441870528,-0.712071666573206,-0.5041427217350017,-1.3237245133469744,1.0715177704995142,1.0,5,0,1,0.04361194251550602,Persuadable
4525,1.0376531024858069,0.2862804723709172,0.5175461309975176,1.541386646796982,-0.5013321121872051,-0.762416639663073,1.0,20,1,1,0.15203022460312166,Highly Persuadable
2642,-0.080211052605307,0.7321925995713437,-0.0972627677878441,-0.3228932840169778,0.8750033571112689,-1.6108804249410686,0.0,0,0,0,0.04808106876543893,Persuadable
4036,0.1777575985695653,1.6912090923174667,-0.712071666573206,-1.306818803057679,0.1293107653860894,0.1633581479643588,1.0,10,1,1,0.1429043670312248,Highly Persuadable
727,0.2637471489611895,-1.4546093393019812,-0.712071666573206,-0.2063757883411052,0.0824386596205067,-2.158907783367455,1.0,0,1,0,-0.05956581336614252,Not Persuadable
827,0.0057784977863171,0.8726854615659987,-0.0972627677878441,0.557461127756281,-0.5482042179527878,1.2858356124555483,1.0,15,0,1,0.07808097073203052,Persuadable
1522,-1.8859916108294137,-0.2634742049994718,-0.0972627677878441,0.6869250118405839,0.0994830617170822,1.6880485487292,0.0,0,1,0,-0.017372636561901113,Not Persuadable
4755,1.811559056010424,-0.23904066378301,0.5175461309975176,-1.306818803057679,-0.6930816357736798,-0.2202610029341114,0.0,20,1,1,0.014600171359077523,Persuadable
2931,-0.7681274557383001,-0.8926378913233614,-0.712071666573206,-0.9702127044384918,-0.1348774671108312,-0.7408869934391794,1.0,10,1,1,0.08388031295420045,Persuadable
137,0.3497366993528136,0.5367242698396499,-0.0972627677878441,-0.0380727390315116,-0.1135719644901118,-0.0852114038933237,0.0,5,0,1,0.02049865153173225,Persuadable
3591,-0.080211052605307,-0.746036644024591,-1.3268805653585676,-0.4523571681012805,-0.6802983342012482,-1.1372282080154057,1.0,0,1,0,-0.11534732352396608,Not Persuadable
629,-1.0260961069131724,0.0908121426392233,-1.3268805653585676,-0.8666415971710495,-1.0041419740361832,0.920810246932258,0.0,0,0,0,0.006755301770171057,Persuadable
335,0.0057784977863171,0.9948531676483074,-0.712071666573206,-1.2679796378323882,0.2741881832069814,1.689027169012104,1.0,10,0,1,0.0029790424673610226,Persuadable
391,-1.8859916108294137,0.5183991139273036,-1.3268805653585676,-1.306818803057679,-1.3237245133469744,0.0018858012851556,0.0,0,1,0,0.04219483536914221,Persuadable
4398,-0.5101588045634277,-1.1491900740962095,-0.712071666573206,-0.6465529942277348,-0.940225466174025,1.144914291717334,0.0,0,1,0,-0.10799789432969757,Not Persuadable
4886,-0.3381797037801794,-1.6134273572089823,1.1323550297828793,0.5445147393478507,1.4246853247258295,-0.6391104840171358,0.0,0,0,0,0.1690519731580374,Highly Persuadable
4208,0.9516635520941824,1.5079575331940038,0.5175461309975176,0.2855869711792452,-0.7143871383943993,0.4354145866117438,1.0,20,1,1,-0.015342091768664582,Not Persuadable
1818,0.9516635520941824,0.4084481784532258,0.5175461309975176,0.3632653016298269,0.6065540240902042,0.4412863083091696,1.0,0,1,0,-0.0055573679936775445,Not Persuadable
401,-0.1662006029969311,-0.3856419110817804,-0.712071666573206,-0.5818210521855834,0.1548773685309527,0.0459237140158477,0.0,25,1,1,0.028212817446357823,Persuadable
711,0.0057784977863171,0.7810596820042672,1.7471639285682412,0.9199600031923288,-0.1306163665866873,0.4589014734014463,0.0,20,1,1,0.09361457478757292,Persuadable
1040,0.6936949009193102,1.0253950941688843,-0.712071666573206,-1.306818803057679,-0.5609875195252194,-0.2956147647177399,0.0,0,1,0,0.058699875434593485,Persuadable
4292,-1.6280229596545417,-0.6421940938546286,-0.712071666573206,1.7226360845150064,-0.7697814452082697,-1.1382068282983098,1.0,10,1,1,0.1549355124487212,Highly Persuadable
3360,0.1777575985695653,0.1580043809844931,1.1323550297828793,0.4797827973056995,1.3820743194843907,-0.1723086090718031,0.0,0,0,0,0.17762510027436026,Highly Persuadable
47,0.8656740017025585,1.2452969651170402,1.7471639285682412,1.4637083163464004,0.4488933046968806,0.9423398931561516,0.0,10,0,1,-0.061087473727369924,Not Persuadable
1562,0.1777575985695653,-1.5218015776472509,-0.712071666573206,0.3762116900382572,2.230033323789024,-0.2525554722699526,0.0,0,0,0,0.059598370750173595,Persuadable
4810,-0.080211052605307,-1.564560274776059,-0.712071666573206,-0.3358396724254082,0.7173426377179452,0.320916013511945,0.0,20,1,1,0.05733383828265284,Persuadable
3643,-0.080211052605307,-0.5933270114217052,-0.0972627677878441,0.0266592030106395,-0.2541882817868599,0.9981212492816948,0.0,20,0,1,-0.14006148941005092,Not Persuadable
3727,0.2637471489611895,1.3185975887664254,-0.712071666573206,0.5833539045731415,-0.1135719644901118,2.0266511666140743,1.0,20,1,1,0.09534358969541637,Persuadable
4854,-1.8000020604377898,-0.3917502963858958,-0.0972627677878441,1.1529949945440738,1.407640922629254,-0.5304836326147627,0.0,10,1,1,0.09983889043528853,Persuadable
1113,-1.1980752076964207,-0.4772676906435119,-0.712071666573206,-1.306818803057679,0.2486215800621181,0.4667304356646802,0.0,0,1,0,-0.04768130123332283,Not Persuadable
2514,0.8656740017025585,0.5611578110561116,0.5175461309975176,-0.2322685651579658,-0.7783036462565575,0.755423419121438,1.0,10,1,1,-0.028397107965734723,Not Persuadable
3609,0.7796844513109343,0.0541618308145307,-0.0972627677878441,-1.2032476957902367,-0.4800266095664857,0.204460199846338,1.0,10,1,1,0.18891493163165785,Highly Persuadable
1224,0.7796844513109343,1.0681537912976926,-0.0972627677878441,0.8163888959248867,-1.3237245133469744,0.3150442918145199,1.0,0,0,0,0.10514489237439004,Highly Persuadable
4079,-0.4241692541718035,-0.6788444056793212,-0.0972627677878441,0.51862196253099,-1.3237245133469744,-1.0041358495404258,0.0,20,1,1,0.07746266891663565,Persuadable
3024,-0.7681274557383001,-0.8498791941945534,0.5175461309975176,1.4507619279379702,-0.4757655090423418,-0.0323659086164936,1.0,20,1,1,0.18169076362767306,Highly Persuadable
2422,-0.2521901533885552,-0.2756909756077026,-0.0972627677878441,0.5833539045731415,-0.6163818263390899,1.4893886312996347,1.0,0,0,0,0.030245198405402456,Persuadable
1509,2.0695277071852964,0.4206649490614567,1.7471639285682412,0.2726405827708149,0.5724652198970532,0.6614758719626287,0.0,20,0,1,-0.05827343805354249,Not Persuadable
1751,-0.7681274557383001,0.2374133899379937,-0.712071666573206,0.7775497306995959,0.8536978544905495,-0.343567158580049,1.0,0,1,0,0.08242873085090671,Persuadable
4848,0.6936949009193102,0.1580043809844931,-1.3268805653585676,0.6610322350237232,-1.0339696777051903,1.4561155416808893,1.0,0,1,0,-0.06796731761145997,Not Persuadable
4106,0.7796844513109343,0.7566261407878055,1.1323550297828793,0.8034425075164564,0.10800526276537,0.4334573460459357,1.0,10,1,1,0.09564658948900168,Persuadable
1800,-0.4241692541718035,1.1658879561635396,-0.0972627677878441,0.4021044668551178,1.083797282794319,0.9031950818399812,1.0,20,1,1,-0.013854280249295138,Not Persuadable
339,1.209632203269055,0.8726854615659987,-0.0972627677878441,-1.2032476957902367,0.3082769874001325,-0.4942746821473053,0.0,0,0,0,-0.08340242496962953,Not Persuadable
216,1.0376531024858069,-0.1535232695253939,-0.712071666573206,0.2467478059539543,-0.0240888534830903,0.4099704592562332,0.0,10,1,1,0.02205573204521737,Persuadable
3664,0.3497366993528136,0.7077590583548821,0.5175461309975176,1.8650463570077391,-0.4033268001318958,0.2798139616299665,1.0,5,0,1,0.10454229145475961,Highly Persuadable
1342,0.4357262497444378,-0.013030407530739,-0.712071666573206,-1.164408530564946,-1.3237245133469744,0.3218946337948498,0.0,0,0,0,0.10036177197051656,Highly Persuadable
12,0.7796844513109343,-0.7949037264575144,-0.0972627677878441,-0.8278024319457586,-0.7101260378702553,-0.4707877953576028,1.0,0,0,0,-0.020249933036457602,Not Persuadable
1521,-1.2840647580880449,0.3229307841956098,-0.712071666573206,0.7257641770658747,-0.1476607686832629,0.5499131597115428,0.0,0,0,0,0.06794533913460937,Persuadable
3641,-1.6280229596545417,-0.0191387928348544,-0.712071666573206,-0.6336066058193045,0.8835255581595566,-1.1695226773512462,1.0,0,0,0,0.06107104175529203,Persuadable
3956,-1.8859916108294137,-1.8699795399818304,-1.3268805653585676,-0.1804830115242448,-1.3237245133469744,-0.6997849415572002,1.0,20,1,1,0.12915066375549716,Highly Persuadable
3794,0.7796844513109343,0.6955422877466512,2.9767817261389644,-0.4911963333265715,0.7471703413869524,-0.7144642458007643,0.0,0,0,0,0.05774318281866622,Persuadable
3005,-0.2521901533885552,0.0358366749021844,-0.712071666573206,-0.012179962214651,-0.0070444513865147,-0.6342173826026147,1.0,0,1,0,0.0032529132004694883,Persuadable
2865,-1.1120856573047966,-1.692836366162483,-0.712071666573206,0.0396055914190698,-1.3237245133469744,-0.3670540453697508,0.0,0,0,0,0.07032851734410983,Persuadable
3116,0.7796844513109343,-0.055789104659547,-0.0972627677878441,-0.7242313246783165,0.2017494742965354,-0.1478431019991965,1.0,15,0,1,0.007165800140370872,Persuadable
4851,-0.3381797037801794,0.1335708397680313,-0.0972627677878441,-0.1028046810736631,0.1591384690550966,-1.784096215015123,1.0,20,1,1,0.1001592507811069,Highly Persuadable
2323,1.209632203269055,1.9294361191779683,1.1323550297828793,-0.5947674405940137,0.0227832522824923,2.036437369443117,0.0,0,0,0,0.12776505643343117,Highly Persuadable
2572,0.6936949009193102,0.9154441586948068,1.1323550297828793,0.4150508552635481,0.9857919707390098,0.485324221039861,0.0,10,1,1,0.10453389275524319,Highly Persuadable
2914,-1.8859916108294137,-1.8699795399818304,-1.3268805653585676,-0.2193221767495355,-1.3237245133469744,-2.3350594342902227,0.0,0,0,0,0.04607498720660283,Persuadable
102,1.3816113040523033,2.1432296048220087,1.7471639285682412,1.3212980438536677,0.431848902600305,2.256626933096576,1.0,5,1,1,0.008787392575150706,Persuadable
3550,0.607705350527686,1.9599780456985456,1.7471639285682412,0.5833539045731415,1.369291017911959,1.630309952037848,1.0,20,0,1,0.19356760301849185,Highly Persuadable
1459,1.811559056010424,0.5428326551437653,-0.0972627677878441,-0.4782499449181411,0.542637516228046,-0.2995292458493569,0.0,20,0,1,-0.07156984633328878,Not Persuadable
172,0.4357262497444378,0.115245683855685,-0.0972627677878441,0.98469194523448,0.5468986167521899,0.6830055181865223,0.0,20,0,1,-0.061545006422729844,Not Persuadable
108,-0.3381797037801794,-0.5322431583805508,1.1323550297828793,-0.4911963333265715,1.3096356105739448,0.813162015812789,0.0,20,1,1,0.027243944073184034,Persuadable
4206,-0.2521901533885552,-0.4039670669941267,-0.712071666573206,0.609246681390002,0.2571437811104059,0.1751015913592104,0.0,0,1,0,-0.03632106853326374,Not Persuadable
3570,0.8656740017025585,-0.23904066378301,-0.712071666573206,1.619064977247564,-1.3237245133469744,-0.0255155666361637,1.0,0,0,0,0.1818304387700291,Highly Persuadable
4306,0.0057784977863171,0.0236199042939535,0.5175461309975176,-1.306818803057679,-0.215838377069565,0.6056945158370857,1.0,0,1,0,0.06996340599617237,Persuadable
4082,0.8656740017025585,0.1641127662886085,-0.0972627677878441,1.774421638148727,0.6576872303799308,0.9658267799458542,0.0,0,0,0,0.006257226096554982,Persuadable
3880,0.3497366993528136,-0.5750018555093589,0.5175461309975176,0.4668364088972692,2.0127171970576856,-0.1106555312488343,0.0,0,1,0,0.09818299996423072,Persuadable
4690,-0.5961483549550518,0.7749512967001518,-0.0972627677878441,-0.7760168783120376,-1.298157910202111,-0.6469394462803701,1.0,0,0,0,0.07223899377204661,Persuadable
4089,-0.4241692541718035,-1.79057053102833,-0.0972627677878441,1.7226360845150064,-0.505593212711349,-1.5550990688155255,0.0,25,0,1,0.12668753250406573,Highly Persuadable
61,-1.7140125100461656,-1.8272208428530223,-0.712071666573206,0.0266592030106395,-1.1703248944777946,-0.6312815217539018,0.0,0,1,0,0.1225529958575512,Highly Persuadable
1241,1.295621753660679,1.666775551101005,3.5915906249243266,1.5672794236138428,-1.272591307057248,0.9227674874980668,1.0,20,1,1,0.053065731985885024,Persuadable
4648,-0.7681274557383001,0.4756404167984956,-0.712071666573206,0.9070136147838987,-0.3053214880765865,1.7193643977821365,1.0,5,1,1,0.08347299388299392,Persuadable
1041,-0.9401065565215484,1.4713072213693112,1.7471639285682412,-0.0380727390315116,0.8451756534422616,-0.5627781019506033,1.0,5,1,1,0.08379696769610591,Persuadable
4197,0.2637471489611895,-1.1614068447044403,-0.712071666573206,-0.3228932840169778,-1.3237245133469744,-0.9131241632303292,0.0,20,1,1,0.02327059395381641,Persuadable
2761,-0.682137905346676,-0.2329322784788946,-0.0972627677878441,-0.0380727390315116,-0.8038702494014207,-1.0745965099095327,1.0,0,1,0,-0.01562256555065318,Not Persuadable
2121,0.607705350527686,0.8421435350454216,-0.0972627677878441,0.2985333595876755,0.4020211989312979,0.691813100732661,1.0,0,1,0,-0.13359698467708675,Not Persuadable
1525,-0.4241692541718035,-0.0374639487472007,0.5175461309975176,-0.0639655158483722,-0.9146588630291616,-0.7399083731562749,1.0,20,1,1,0.11813060487414577,Highly Persuadable
3522,0.0057784977863171,-0.8559875794986688,-0.712071666573206,-0.0639655158483722,-0.360715794890457,-1.1519075122589697,1.0,30,1,1,0.08271692811283646,Persuadable
154,-0.5101588045634277,0.9704196264318456,-0.0972627677878441,-0.2581613419748264,-1.2598080054848162,1.199717027559973,1.0,15,1,1,-0.0030392335417569385,Not Persuadable
2249,-0.080211052605307,0.7749512967001518,-0.0972627677878441,-0.0251263506230813,0.0057388501859168,0.204460199846338,1.0,0,0,0,0.047828782014482325,Persuadable
482,1.4676008544439274,0.2251966193297628,0.5175461309975176,-1.306818803057679,-1.2342414023399528,0.0694106008055495,1.0,30,1,1,0.017064561112023653,Persuadable
4243,-1.1120856573047966,-1.8699795399818304,-0.712071666573206,0.182015863911803,0.3466268921174274,-1.37013983534662,0.0,0,1,0,0.015130214658337447,Persuadable
4316,-0.080211052605307,0.115245683855685,-0.712071666573206,0.2596941943623846,1.7826177687539158,-0.1321851774727279,0.0,0,1,0,0.011380358906251001,Persuadable
3579,0.607705350527686,1.7889432571833137,-0.0972627677878441,0.0007664261937791,-1.3237245133469744,2.584464727869504,0.0,0,1,0,0.08680844560217743,Persuadable
4490,-0.3381797037801794,-1.2530326242661718,-0.712071666573206,0.1561230870949425,0.180443971675816,-1.183223361311906,1.0,0,1,0,0.02269952321997929,Persuadable
3563,-1.2840647580880449,-1.0636726798385934,-1.3268805653585676,-1.306818803057679,-0.5482042179527878,-0.7956897292818179,1.0,30,1,1,0.13561585546743876,Highly Persuadable
3316,0.8656740017025585,0.8299267644371907,2.9767817261389644,0.3373725248129663,-0.9103977625050178,-0.8455993637099355,0.0,20,1,1,0.14945168947040466,Highly Persuadable
1763,-0.682137905346676,-0.6299773232463978,-0.0972627677878441,-0.1804830115242448,0.0739164585722189,-0.00398592041227,0.0,0,1,0,-0.10514687264448662,Not Persuadable
3539,0.8656740017025585,1.52628268910635,0.5175461309975176,1.0105847220513406,-0.0539165571520974,0.6732193153574796,1.0,15,0,1,0.08111744616482212,Persuadable
4814,0.0057784977863171,0.0969205279433387,-0.0972627677878441,-0.3228932840169778,-0.6589928315805288,-0.5666925830822209,0.0,0,1,0,0.0237637056887205,Persuadable
751,0.0057784977863171,0.341255940107956,1.7471639285682412,3.4056665776109423,1.5056462346845634,0.4706449167962972,1.0,15,0,1,0.045324598682432556,Persuadable
3620,-0.2521901533885552,-0.1229813430048168,-0.0972627677878441,-0.2322685651579658,0.0952219611929384,-0.3876050713107404,0.0,20,0,1,-0.0577955931943624,Not Persuadable
1786,1.295621753660679,-0.3856419110817804,1.7471639285682412,1.3989763743042491,1.445990827346549,-0.7859035264527752,0.0,0,1,0,0.08542879403928157,Persuadable
4281,1.4676008544439274,-0.4467257641229347,-1.3268805653585676,0.5963002929815718,-1.0936250850432048,0.0547312965619857,0.0,15,0,1,0.0006893194522180021,Persuadable
3384,-0.682137905346676,-1.0758894504468244,-0.0972627677878441,0.8034425075164564,-0.3053214880765865,-0.7311007906101366,0.0,0,0,0,0.15560337064977534,Highly Persuadable
4148,2.0695277071852964,0.1457876103762622,-1.3268805653585676,-0.5300354985518623,-0.8336979530704279,-0.7585021585314561,1.0,5,0,1,-0.013330110350676366,Not Persuadable
406,-0.2521901533885552,0.9154441586948068,-0.712071666573206,0.557461127756281,0.1932272732482476,1.3543390322588462,1.0,0,0,0,0.10758929494514831,Highly Persuadable
758,0.8656740017025585,-0.013030407530739,1.7471639285682412,-0.0639655158483722,1.092319483842607,0.0273299286406663,0.0,10,1,1,0.01037318713569901,Persuadable
2712,0.6936949009193102,1.275838891637617,-0.712071666573206,1.528440258388552,-0.684559434725392,0.0860471456149222,1.0,20,0,1,0.016462630329700037,Persuadable
2671,0.6936949009193102,0.5183991139273036,-0.712071666573206,0.4927291857141298,-1.3237245133469744,-0.1312065571898239,0.0,0,0,0,0.17398871258957152,Highly Persuadable
4002,0.9516635520941824,-0.5688934702052434,-0.712071666573206,-1.306818803057679,-0.1817495728764139,-0.2672347765135164,0.0,0,1,0,0.005202727061917958,Persuadable
98,-1.0260961069131724,1.5934749274516198,1.7471639285682412,1.3342444322620977,0.6022929235660603,2.22531108404364,1.0,10,1,1,0.019715547101487686,Persuadable
1334,0.2637471489611895,-1.5218015776472509,1.1323550297828793,0.7904961191080262,0.4105433999795856,0.8102261549640761,1.0,0,1,0,-0.01622272737919342,Not Persuadable
4462,-0.080211052605307,0.1824379222009548,-0.0972627677878441,-1.306818803057679,0.3381046910691396,-0.1145700123804513,1.0,0,1,0,0.006189763672399761,Persuadable
2792,-0.080211052605307,-1.4729344952143275,-0.712071666573206,1.2824588786283768,-1.3237245133469744,-1.0149006726523728,0.0,0,1,0,0.09575079441385807,Persuadable
2855,-0.8541170061299242,-0.013030407530739,-0.712071666573206,-0.1286974578905237,-0.0368721550555219,-1.3055508966749387,0.0,0,1,0,-0.009261385322639211,Not Persuadable
187,0.1777575985695653,0.6344584347054969,-0.0972627677878441,0.182015863911803,0.5383764157039022,0.9707198813603752,1.0,10,1,1,-0.04115863347173221,Not Persuadable
4404,1.6395799552271757,1.398006597719926,-0.712071666573206,0.3503189132213966,-0.8890922598842984,1.7164285369334236,1.0,0,1,0,-0.06227088550873243,Not Persuadable
2724,0.1777575985695653,-1.821112457548907,-0.0972627677878441,0.738710565474305,0.0866997601446506,-0.4991677835618263,0.0,0,0,0,0.1174778408235812,Highly Persuadable
3584,-0.080211052605307,-1.1491900740962095,-0.712071666573206,-1.306818803057679,0.1761828711516721,-1.3760115570440454,0.0,5,0,1,-0.0052733147953408326,Not Persuadable
2059,-0.5961483549550518,1.0559370206894618,1.7471639285682412,1.2047805481777951,-0.9189199635533056,1.6224809897746142,1.0,25,1,1,0.14369884963595145,Highly Persuadable
1320,1.209632203269055,1.483523991977542,2.9767817261389644,2.4346874469786712,0.2315771779655426,0.3825690913349138,1.0,15,1,1,0.04462315263405499,Persuadable
149,1.1236426528774308,0.5428326551437653,-0.0972627677878441,1.5672794236138428,-0.4033268001318958,0.5694855653696282,1.0,10,1,1,0.08273550844046351,Persuadable
29,0.4357262497444378,0.9582028558236148,-0.0972627677878441,0.7516569538827352,0.0739164585722189,1.466880364792836,1.0,20,1,1,0.08489060861162731,Persuadable
4150,-1.8000020604377898,-0.6849527909834366,-1.3268805653585676,0.7646033422911656,0.6917760345730819,-0.3562892222578039,1.0,0,0,0,-0.04882848816977773,Not Persuadable
4220,-0.4241692541718035,-0.691061176287552,-1.3268805653585676,-0.8278024319457586,-0.0880053613452485,0.3982270158613823,1.0,0,1,0,0.06577824936431516,Persuadable
3364,-0.9401065565215484,-0.9537217443645156,0.5175461309975176,0.5056755741225601,0.7812591455801035,0.2308829474847534,1.0,10,1,1,-0.08224722877952512,Not Persuadable
693,0.9516635520941824,0.212979848721532,-0.0972627677878441,0.1690694755033727,0.252882680586262,0.0596243979765075,0.0,0,0,0,0.005762827048311645,Persuadable
2867,0.5217158001360619,0.0908121426392233,2.3619728273536027,0.5315683509394203,0.1974883737723915,0.2729636196496366,1.0,10,1,1,0.12669956052345968,Highly Persuadable
3777,-0.9401065565215484,0.0847037573351079,-0.712071666573206,0.2985333595876755,0.8963088597319883,0.313087051248711,1.0,25,1,1,0.039297907935211165,Persuadable
1387,1.295621753660679,1.990519972219123,-0.712071666573206,-1.2550332494239578,-0.543943117428644,1.0617315676704715,1.0,0,1,0,-0.023350311306195966,Not Persuadable
1846,-1.8859916108294137,-0.3734251404735496,1.1323550297828793,1.3342444322620977,0.7684758440076718,-0.2897430430203142,1.0,10,0,1,-0.002828639405179662,Not Persuadable
4741,-0.2521901533885552,1.5201743038022346,1.1323550297828793,0.3114797479961058,-1.3237245133469744,1.8211409072041795,1.0,20,1,1,0.09287323138293055,Persuadable
130,-0.9401065565215484,-0.4100754522982421,-0.712071666573206,-0.284054118791687,-1.3237245133469744,0.4471580300065954,0.0,0,0,0,-0.09993380816023921,Not Persuadable
1600,-1.1120856573047966,0.5916997375766888,-0.0972627677878441,-0.0380727390315116,0.9943141717872976,-0.2202610029341114,1.0,25,1,1,-0.01003749917249728,Not Persuadable
3630,0.6936949009193102,1.611800083363966,-1.3268805653585676,-0.3228932840169778,-1.3237245133469744,0.4461794097236907,0.0,0,0,0,0.0486181763108413,Persuadable
4514,-0.7681274557383001,-0.6666276350710904,0.5175461309975176,-1.306818803057679,2.3152553342719013,-0.1723086090718031,0.0,5,1,1,0.041231260257888286,Persuadable
702,-0.2521901533885552,0.9093357733906914,-0.712071666573206,-1.306818803057679,1.2798079069049375,-0.1038051892685044,0.0,0,0,0,-0.010744149153946647,Not Persuadable
4418,0.3497366993528136,-0.0313555634430853,-0.0972627677878441,-1.073783811705934,0.3594101936898591,0.3473387611503604,1.0,10,1,1,-0.007079732232049124,Not Persuadable
3029,-0.8541170061299242,-0.2451490490871254,0.5175461309975176,0.1302303102780819,-0.5013321121872051,-0.1116341515317383,0.0,10,0,1,-0.047279374818364896,Not Persuadable
2970,0.0057784977863171,1.4468736801528497,1.1323550297828793,0.7904961191080262,0.0653942575239312,1.4512224402663685,1.0,15,0,1,0.2122677300421859,Highly Persuadable
4367,0.4357262497444378,0.8971190027824605,-1.3268805653585676,-0.8019096551288981,-1.3237245133469744,1.140021190302813,0.0,20,0,1,0.017682082355735713,Persuadable
1709,1.0376531024858069,1.2330801945088092,1.7471639285682412,0.2079086407286636,1.083797282794319,0.7975040912863212,0.0,0,1,0,-0.002249074122748366,Not Persuadable
2954,-1.8859916108294137,-0.660519249766975,0.5175461309975176,0.738710565474305,-1.2811135081055356,0.1848877941882531,0.0,0,1,0,-0.04581430529526208,Not Persuadable
455,0.0917680481779412,-0.6360857085505132,-0.0972627677878441,-0.2970005072001173,2.4643938526169373,-0.0020286798464612,0.0,10,0,1,0.06490594525207566,Persuadable
2869,0.0917680481779412,0.8299267644371907,1.1323550297828793,-1.306818803057679,0.7812591455801035,0.3434242800187434,0.0,0,1,0,0.03680668088674114,Persuadable
2041,0.9516635520941824,0.5733745816643425,0.5175461309975176,0.6998714002490141,1.8380120755677865,-0.2701706373622293,0.0,0,0,0,0.22418402016440356,Highly Persuadable
1773,-1.370054308479669,-0.6727360203752057,-0.0972627677878441,0.5963002929815718,-0.2328827791661405,0.527404893204745,0.0,15,0,1,0.0194048049112628,Persuadable
2316,0.3497366993528136,0.1457876103762622,-0.0972627677878441,-1.306818803057679,-0.360715794890457,-0.8211338566373289,0.0,0,0,0,0.06859915297844961,Persuadable
610,0.5217158001360619,0.6711087465301895,-0.0972627677878441,-0.9184271508047708,-0.3734990964628886,0.7368296337462564,0.0,0,1,0,-0.05825190999091454,Not Persuadable
168,0.4357262497444378,-0.8071204970657453,-0.712071666573206,-0.1934293999326751,-0.1817495728764139,-0.4502367694166132,0.0,10,0,1,-0.05972266745968542,Not Persuadable
731,0.4357262497444378,-1.7783537604200992,1.1323550297828793,1.075316664093492,0.0142610512342046,-0.0852114038933237,0.0,25,1,1,0.10064794298035562,Highly Persuadable
4259,1.5535904048355516,-0.7216031028081292,0.5175461309975176,-1.306818803057679,0.9176143623527075,-0.292678903869027,1.0,0,0,0,0.01880630691627128,Persuadable
3359,-1.0260961069131724,1.385789827111695,0.5175461309975176,-0.1804830115242448,0.2656659821586937,1.0000784898475037,0.0,0,0,0,-0.012458580614530302,Not Persuadable
2075,0.0917680481779412,1.1109124884265007,2.9767817261389644,1.023531110459771,0.2997547863518447,-0.1038051892685044,0.0,25,1,1,0.09209643161955705,Persuadable
4700,0.0057784977863171,1.5629330009310427,-0.712071666573206,0.453890020488839,0.2741881832069814,2.1401711194309687,1.0,20,0,1,0.08769044552551308,Persuadable
3701,-0.080211052605307,-1.3263332479155572,-0.712071666573206,0.5056755741225601,-1.3237245133469744,-1.3133798589381729,0.0,0,1,0,0.14788456579817463,Highly Persuadable
1623,0.7796844513109343,1.6728839364051205,0.5175461309975176,0.2208550291370937,0.0696553580480751,0.6849627587523311,0.0,5,0,1,0.04803937452584045,Persuadable
588,-0.8541170061299242,0.2740637017626863,-0.712071666573206,-0.5947674405940137,-0.1306163665866873,0.7622737611017678,0.0,0,1,0,0.05304358781018285,Persuadable
1402,-0.3381797037801794,-1.0636726798385934,-0.0972627677878441,-0.1157510694820934,0.5042876115107511,0.5998227941396599,0.0,0,1,0,-0.054548498117520675,Not Persuadable
3046,-0.3381797037801794,0.1518959956803776,-0.712071666573206,-0.6724457710445954,-1.051014079801766,0.3091725701170941,1.0,0,0,0,0.06978608872364661,Persuadable
3225,0.2637471489611895,0.945986085215384,-0.0972627677878441,-0.8278024319457586,0.1548773685309527,1.848542275125499,1.0,25,0,1,0.04444469637709622,Persuadable
1701,-1.1980752076964207,-1.3324416332196725,-0.712071666573206,0.0137128146022093,2.0553282022991244,-0.396412653856879,0.0,10,0,1,-0.044202826103708834,Not Persuadable
3089,0.1777575985695653,0.4939655727108419,-1.3268805653585676,0.453890020488839,-0.032611054531378,-0.4923174415814965,1.0,10,1,1,0.07619342159406922,Persuadable
4401,-0.080211052605307,-0.831554038282207,-0.0972627677878441,0.0266592030106395,0.7514314419110962,-0.5246119109173369,1.0,0,0,0,-0.039585908372138774,Not Persuadable
2982,1.6395799552271757,0.9948531676483074,1.7471639285682412,-0.0769119042568025,1.3266800126705205,0.760316520535959,0.0,25,1,1,0.08525364074455181,Persuadable
41,0.7796844513109343,0.3779062519326487,0.5175461309975176,-1.306818803057679,1.3479855152912397,-1.0374089391591703,0.0,0,1,0,0.057474266136482786,Persuadable
1380,1.5535904048355516,0.7016506730507667,0.5175461309975176,-0.012179962214651,-1.0211863761327586,0.9002592209912684,0.0,10,1,1,0.05917783845363685,Persuadable
2090,0.5217158001360619,0.2068714634174165,-0.0972627677878441,-0.9961054812553524,1.5653016420225778,0.4833669804740529,0.0,5,1,1,0.04248849193634798,Persuadable
2176,0.0917680481779412,1.3002724328540791,1.1323550297828793,-0.1028046810736631,1.2116302985186356,2.125491815187405,1.0,20,1,1,0.06552903264513243,Persuadable
3218,1.209632203269055,-0.422292222906473,-0.712071666573206,-1.1385157537480854,0.4275878020761612,-1.601094222112026,1.0,0,1,0,-0.07383155831501843,Not Persuadable
2886,0.3497366993528136,-1.1919487712250176,1.7471639285682412,0.7646033422911656,1.3266800126705205,-1.3006577952604172,0.0,0,1,0,0.11211722674370533,Highly Persuadable
75,0.1777575985695653,1.2086466532923474,-0.0972627677878441,-1.0996765885227946,0.0227832522824923,0.5694855653696282,1.0,0,0,0,0.022027200549072444,Persuadable
3928,-1.4560438588712932,-1.1797320006167866,-1.3268805653585676,-1.216194084198667,-1.2342414023399528,-1.2967433141288005,0.0,25,1,1,0.12716261546686325,Highly Persuadable
3909,-1.0260961069131724,-0.9842636708850928,-0.712071666573206,0.829335284333317,1.2840690074290817,-0.291700283586123,1.0,0,0,0,0.09768574133068193,Persuadable
2658,-0.9401065565215484,-0.8620959648027842,-0.0972627677878441,-1.0608374232975035,-0.7143871383943993,-0.982606203316532,0.0,0,1,0,-0.04182487224712535,Not Persuadable
3181,-1.0260961069131724,-0.3123412874323952,-0.0972627677878441,-1.306818803057679,-0.2456660807385721,-1.3290377834646407,0.0,5,0,1,-0.02396284395387575,Not Persuadable
2077,0.0057784977863171,0.524507499231419,2.3619728273536027,0.738710565474305,0.4233267015520173,-0.0861900241762277,1.0,15,1,1,0.07817449286747383,Persuadable
442,0.3497366993528136,-1.057564294534478,-0.0972627677878441,1.619064977247564,-0.1263552660625435,0.0733250819371672,0.0,0,0,0,0.2291106953773519,Highly Persuadable
4070,-1.8859916108294137,-1.7844621457242145,-0.712071666573206,0.7646033422911656,-0.3521935938421692,-0.676298054767498,1.0,0,0,0,0.07918302326790616,Persuadable
2052,-1.2840647580880449,0.9582028558236148,-0.712071666573206,0.0525519798275001,-0.1135719644901118,1.3543390322588462,1.0,5,1,1,0.08014550928749659,Persuadable
2542,0.4357262497444378,-0.1596316548295094,-1.3268805653585676,-1.306818803057679,0.0185221517583485,-0.4179423000807727,1.0,0,1,0,-0.03401499500964575,Not Persuadable
3307,0.5217158001360619,-1.0514559092303626,-0.0972627677878441,-0.8148560435373283,0.8963088597319883,-0.9855420641652448,1.0,0,0,0,0.08129261564809823,Persuadable
1302,-1.8859916108294137,-1.6134273572089823,-0.712071666573206,-1.216194084198667,0.1548773685309527,-1.1783302598973844,1.0,0,0,0,-0.0292558275868082,Not Persuadable
1782,0.0917680481779412,-0.0008136369225081,-0.0972627677878441,0.98469194523448,-1.3237245133469744,0.4872814616056699,0.0,20,1,1,0.029776613209466805,Persuadable
4825,0.7796844513109343,0.2618469311544554,-0.0972627677878441,0.557461127756281,-0.8123924504497085,-0.4629588330943688,1.0,5,1,1,0.1729594355606765,Highly Persuadable
3431,-1.6280229596545417,-0.7521450293287064,-0.712071666573206,-0.8666415971710495,-1.3237245133469744,0.2171822635240936,1.0,15,1,1,-0.05086651090939019,Not Persuadable
1305,-0.2521901533885552,0.7688429113960363,-0.712071666573206,-0.8019096551288981,-1.0637973813741977,2.288921402432417,0.0,0,0,0,0.05038652818356663,Persuadable
237,-1.8859916108294137,-1.760028604507753,-1.3268805653585676,0.0654983682359304,-0.2030550754971333,-1.1382068282983098,0.0,0,0,0,0.022382040297300218,Persuadable
2600,1.0376531024858069,-0.013030407530739,-0.0972627677878441,-1.306818803057679,-1.3109412117745427,1.187973584165122,0.0,15,0,1,-0.07121021885032693,Not Persuadable
521,-1.0260961069131724,0.0969205279433387,-0.0972627677878441,-0.1028046810736631,-0.5865541226700828,0.6790910370549054,1.0,0,1,0,0.024817564184354053,Persuadable
2574,0.1777575985695653,0.4878571874067264,-0.0972627677878441,1.5154938699801217,1.8678397792367931,1.5510417091226028,1.0,15,1,1,0.06291453091220582,Persuadable
3281,1.811559056010424,1.2514053504211555,2.9767817261389644,1.1529949945440738,-0.2967992870282988,0.0762609427858794,0.0,25,1,1,0.05803381791391233,Persuadable
3187,-1.0260961069131724,1.086478947210039,-0.0972627677878441,-1.2420868610155276,0.2486215800621181,0.044945093732943,1.0,0,1,0,0.04646887396494943,Persuadable
2769,0.8656740017025585,0.6405668200096123,0.5175461309975176,-0.3487860608338384,-0.867786757263579,0.4686876762304891,0.0,5,0,1,0.022579380476004066,Persuadable
736,0.1777575985695653,-1.6317525131213286,-0.0972627677878441,0.3114797479961058,0.4531544052210245,-1.2145392103648422,1.0,0,0,0,0.06276926349442269,Persuadable
4714,-0.9401065565215484,-0.6849527909834366,-1.3268805653585676,-0.2063757883411052,-0.5609875195252194,0.6546255299822988,0.0,20,0,1,-0.05856193939346241,Not Persuadable
4940,-0.9401065565215484,-1.815004072244792,-0.0972627677878441,-0.4394107796928503,-1.3237245133469744,-0.1909023944469838,1.0,0,0,0,0.042135290695315845,Persuadable
2107,1.4676008544439274,1.0986957178182697,1.7471639285682412,0.6869250118405839,0.7130815371938013,0.867964751655428,0.0,15,1,1,0.07342447425751597,Persuadable
2680,0.4357262497444378,-0.4833760759476274,0.5175461309975176,-1.0608374232975035,1.2925912084773692,0.2015243389976251,1.0,20,0,1,0.0598897226239812,Persuadable
3230,-1.4560438588712932,-0.6421940938546286,-1.3268805653585676,0.8422816727417473,-1.3237245133469744,-0.2427692694409098,1.0,20,0,1,-0.01697021010592414,Not Persuadable
2762,-1.6280229596545417,-1.6989447514665983,-0.712071666573206,0.557461127756281,-0.3862823980353203,0.2220753649386147,1.0,25,0,1,-0.028367515742187727,Not Persuadable
593,1.897548606402048,1.7828348718791982,0.5175461309975176,-1.306818803057679,0.1420940669585211,1.1106625818156848,0.0,20,0,1,0.04661401819772119,Persuadable
1304,0.7796844513109343,-0.6177605526381669,-0.0972627677878441,1.8132608033740176,0.7897813466283912,-0.4825312387524537,1.0,0,1,0,0.11241738287246135,Highly Persuadable
1388,-1.1120856573047966,-1.8699795399818304,-0.0972627677878441,0.9070136147838987,-0.3308880912214498,-1.937739599431092,0.0,0,0,0,0.06276763898992019,Persuadable
4706,0.607705350527686,0.524507499231419,0.5175461309975176,-1.125569365339655,1.8891452818575127,1.1644866973754195,1.0,15,1,1,0.06533099643775786,Persuadable
4537,-0.9401065565215484,-0.5933270114217052,-0.0972627677878441,0.3114797479961058,-1.3237245133469744,-0.00398592041227,1.0,0,0,0,-0.016967926075805367,Not Persuadable
3966,-0.8541170061299242,0.481748802102611,-0.0972627677878441,0.1172839218696516,-1.3237245133469744,-0.6606401302410299,1.0,0,1,0,-5.840665248373219e-05,Not Persuadable
1891,1.0376531024858069,-0.465050920035281,0.5175461309975176,0.1690694755033727,0.9474420660217148,-1.66861902163242,0.0,0,1,0,-0.024459025701999842,Not Persuadable
2988,1.6395799552271757,0.7383009848754593,0.5175461309975176,1.1659413829525045,0.2699270826828375,-0.4727450359234116,0.0,20,1,1,0.052115779703302174,Persuadable
4935,-0.4241692541718035,-0.013030407530739,1.1323550297828793,1.3212980438536677,0.3721934952622907,0.0977905890097737,1.0,10,1,1,0.017664540248503682,Persuadable
3298,-0.080211052605307,-0.3001245168241643,0.5175461309975176,0.0784447566443607,-0.8166535509738524,-0.17622309020342,1.0,25,1,1,0.06755810058660412,Persuadable
905,-0.5961483549550518,-0.013030407530739,1.1323550297828793,-1.306818803057679,-0.4501989058974785,-0.2163465218024944,1.0,0,1,0,-0.01501820986836849,Not Persuadable
4620,0.607705350527686,0.5672661963602271,-0.712071666573206,-1.306818803057679,-1.051014079801766,-1.0364303188762665,0.0,25,1,1,0.14439276813504875,Highly Persuadable
1280,-0.2521901533885552,-1.8699795399818304,-0.712071666573206,0.3503189132213966,-0.5609875195252194,-0.8994234792696696,0.0,25,1,1,0.04870873567163414,Persuadable
934,1.7255695056187998,0.8238183791330753,2.9767817261389644,1.347190820670528,0.2954936858277008,-0.0147507435242169,0.0,20,1,1,-0.038438009201907916,Not Persuadable
4910,-0.080211052605307,-0.281799360911818,-0.712071666573206,-1.1385157537480854,-1.3237245133469744,-0.4707877953576028,0.0,30,1,1,0.14683644176527133,Highly Persuadable
2309,1.295621753660679,-0.0435723340513161,-1.3268805653585676,2.1110277367679147,1.1647581927530528,-0.2819140807570802,1.0,0,1,0,0.01662413940948131,Persuadable
1556,-0.682137905346676,-0.2940161315200489,1.1323550297828793,0.4668364088972692,1.390596520532679,0.1731443507934016,1.0,0,1,0,0.1151899167382296,Highly Persuadable
4544,-1.0260961069131724,-1.1064313769674017,-1.3268805653585676,1.8132608033740176,-1.012664175084471,-1.2977219344117044,1.0,10,1,1,0.2350302328687404,Highly Persuadable
3191,-1.4560438588712932,-0.1901735813500865,-1.3268805653585676,0.648085846615293,-0.2200994775937088,-0.6449822057145617,0.0,0,1,0,0.048817609421845536,Persuadable
4452,-0.2521901533885552,-0.4039670669941267,-0.0972627677878441,0.8811208379670382,-1.272591307057248,0.9178743860835452,1.0,20,0,1,0.005508660272522011,Persuadable
707,-0.9401065565215484,0.4450984902779184,0.5175461309975176,-0.9572663160300616,0.8963088597319883,0.5000035252834255,1.0,20,0,1,0.04259792035591135,Persuadable
4701,0.8656740017025585,-0.0741142605718933,1.1323550297828793,2.175759678810066,0.2358382784896865,0.0214582069432412,0.0,25,0,1,0.05640782928114996,Persuadable
3071,0.8656740017025585,1.9111109632656225,1.1323550297828793,2.072188571542624,-1.1447582913329313,-0.4864457198840713,0.0,20,1,1,0.13656860082660693,Highly Persuadable
746,0.9516635520941824,1.2514053504211555,1.1323550297828793,1.3860299858958187,-1.3237245133469744,1.361189374239176,0.0,30,0,1,-0.0004690267169779348,Not Persuadable
3595,-0.4241692541718035,-0.3550999845612033,-0.0972627677878441,-0.6853921594530257,1.11788608698747,1.1145770629473024,0.0,15,0,1,-0.12558375185389775,Not Persuadable
1940,-0.8541170061299242,-0.5261347730764354,-0.0972627677878441,0.9458527800091892,-0.4629822074699101,-0.7653525005117859,0.0,10,0,1,0.12353582456378254,Highly Persuadable
4411,1.4676008544439274,-0.23904066378301,1.7471639285682412,3.353881023977221,0.1974883737723915,-0.2740851184938463,1.0,0,1,0,-0.004544991123992022,Not Persuadable
2863,-0.7681274557383001,-1.338550018523788,-0.712071666573206,-0.0769119042568025,0.8451756534422616,-1.4278784320379714,1.0,0,1,0,0.053284471429793374,Persuadable
4707,0.4357262497444378,-0.013030407530739,-0.712071666573206,-0.2193221767495355,-0.143399668159119,-1.426899811755067,1.0,20,1,1,0.04700518374174425,Persuadable
514,-0.080211052605307,-0.6238689379422823,-0.712071666573206,-0.3617324492422687,-0.3010603875524426,-1.2497695405493956,0.0,15,0,1,0.09987473250369827,Persuadable
82,-0.682137905346676,-0.9415049737562848,-1.3268805653585676,-0.2322685651579658,-1.051014079801766,0.036137511186805,0.0,0,0,0,-0.010341583392212418,Not Persuadable
4987,0.4357262497444378,0.9276609293030376,-0.712071666573206,0.0396055914190698,2.2683832285063183,0.7779316856282357,1.0,0,1,0,0.01658512811926692,Persuadable
1309,-1.8859916108294137,0.2068714634174165,-0.0972627677878441,-0.1157510694820934,-1.0723195824224854,0.0566885371277946,1.0,0,0,0,0.020467222070991026,Persuadable
4559,0.7796844513109343,-0.0069220222266235,0.5175461309975176,-0.931373539213201,-0.578031921621795,0.30819394983419,1.0,0,1,0,0.15325062314453247,Highly Persuadable
915,1.0376531024858069,0.9826363970400764,-0.0972627677878441,-0.284054118791687,-1.3237245133469744,0.3277663554922749,0.0,30,1,1,0.07874912909907776,Persuadable
3453,1.983538156793672,0.029728289598069,0.5175461309975176,0.324426136404536,-0.5908152231942266,-1.906423750378156,0.0,15,0,1,0.017806885357408254,Persuadable
3696,-0.7681274557383001,0.1885463075050702,-1.3268805653585676,0.182015863911803,0.8707422565871249,1.145892912000238,0.0,0,1,0,-0.05879036223519963,Not Persuadable
4815,0.1777575985695653,0.5855913522725734,1.1323550297828793,0.609246681390002,-0.5695097205735072,0.5792717681986703,0.0,20,1,1,0.01729410809464609,Persuadable
3157,2.757444110318289,1.1781047267717704,0.5175461309975176,-1.306818803057679,0.90909216130442,0.1291064380627102,0.0,0,0,0,-0.03123747889413253,Not Persuadable
2199,-0.2521901533885552,-1.0697810651427089,1.1323550297828793,1.7614752497402968,-1.2470247039123843,0.1428071220233692,0.0,0,1,0,0.1307083648221878,Highly Persuadable
4242,-0.8541170061299242,0.1213540691598005,1.1323550297828793,2.3181699513028,0.4403711036485928,0.0077575229825814,1.0,20,1,1,0.028845789330384407,Persuadable
775,0.0057784977863171,2.314264393337241,1.7471639285682412,-0.6336066058193045,2.0084560965335414,1.86713606050068,0.0,10,0,1,-0.026262547955687342,Not Persuadable
330,-0.5101588045634277,0.2435217752421091,0.5175461309975176,0.233801417545524,0.8451756534422616,0.0204795866603364,0.0,25,0,1,-0.04374730990269521,Not Persuadable
2055,0.3497366993528136,0.9826363970400764,-0.0972627677878441,-1.306818803057679,0.2060105748206793,0.5362124757508829,0.0,30,1,1,0.058280303617194926,Persuadable
2002,-0.682137905346676,-1.1736236153126711,0.5175461309975176,0.7257641770658747,-1.3237245133469744,-1.72831485888958,1.0,20,0,1,0.15725793115372394,Highly Persuadable
944,1.209632203269055,-1.8699795399818304,-0.712071666573206,-0.5170891101434321,-0.5226376148079245,-2.367353903626064,0.0,0,0,0,-0.11387580528012958,Not Persuadable
823,-1.1980752076964207,-0.4772676906435119,-0.0972627677878441,0.7516569538827352,1.7442678640366207,0.6370103648900222,0.0,0,0,0,0.039528020461949455,Persuadable
4538,0.3497366993528136,0.75051775548369,1.1323550297828793,2.253438009260648,1.5099073352087071,0.4021414969929993,1.0,0,0,0,0.15111084545040457,Highly Persuadable
910,-1.1120856573047966,0.6833255171384203,1.7471639285682412,1.43781553952954,0.6278595267109237,-0.2026458378418347,1.0,0,1,0,0.05278207877692491,Persuadable
2517,0.0057784977863171,0.7138674436589975,1.7471639285682412,0.8811208379670382,0.9218754628768516,1.5520203294055075,1.0,0,0,0,0.17416208472456235,Highly Persuadable
182,0.2637471489611895,0.0419450602062998,-0.712071666573206,0.1302303102780819,-0.1945328744488456,0.4373718271775527,0.0,10,1,1,-0.0023020924661516684,Not Persuadable
165,0.8656740017025585,-0.4161838376023576,-0.712071666573206,-0.1934293999326751,-0.4161101017043275,-0.9669482787900638,0.0,25,1,1,0.03972792729867685,Persuadable
1524,-0.1662006029969311,0.4573152608861493,-0.0972627677878441,-0.840748820354189,-1.3237245133469744,0.4403076880262656,0.0,5,1,1,0.007826466181730973,Persuadable
452,0.3497366993528136,-0.6421940938546286,-0.0972627677878441,1.0494238872766315,-0.9530087677464566,-1.3897122410047051,0.0,0,1,0,0.07621915663255265,Persuadable
2539,0.607705350527686,-0.9048546619315924,-0.712071666573206,-1.306818803057679,1.0241418754563048,0.5743786667841493,0.0,10,0,1,-0.06412090738978857,Not Persuadable
4689,-0.1662006029969311,-0.3734251404735496,0.5175461309975176,-0.1934293999326751,1.4204242242016858,-0.9963068872771916,0.0,0,0,0,0.13049937550727678,Highly Persuadable
4786,-1.6280229596545417,-0.6788444056793212,-1.3268805653585676,1.360137209078958,0.252882680586262,0.2807925819128706,1.0,20,1,1,-0.021871537374525563,Not Persuadable
1312,0.8656740017025585,1.5323910744104654,2.3619728273536027,-0.6336066058193045,0.0696553580480751,1.3964197044237294,0.0,20,1,1,0.14744387786214133,Highly Persuadable
3150,0.2637471489611895,0.6955422877466512,1.1323550297828793,0.9199600031923288,0.8963088597319883,0.5303407540534572,1.0,25,1,1,0.09435870854407015,Persuadable
1112,-0.2521901533885552,-0.3367748286488569,-0.712071666573206,0.6610322350237232,0.5682041193729093,0.5822076290473832,0.0,0,0,0,0.04888272134726209,Persuadable
4558,0.5217158001360619,0.115245683855685,0.5175461309975176,-0.6853921594530257,-1.3237245133469744,-0.6988063212742961,0.0,0,1,0,-0.01226122208969959,Not Persuadable
3875,-1.2840647580880449,-0.7643617999369373,-1.3268805653585676,-1.306818803057679,-0.6206429268632339,-1.1254847646205544,0.0,0,0,0,-0.039026502408675355,Not Persuadable
3490,-0.2521901533885552,-1.8088956869406765,0.5175461309975176,0.1302303102780819,0.0227832522824923,0.4354145866117438,0.0,0,0,0,-0.023462918465113385,Not Persuadable
1288,0.0057784977863171,-0.886529506019246,0.5175461309975176,-1.1773549189733763,-0.1519218692074067,-0.4375147057388582,0.0,20,0,1,0.09543793478274297,Persuadable
4546,0.0057784977863171,0.8910106174783451,-0.0972627677878441,0.2726405827708149,-1.3237245133469744,0.0243940677919541,0.0,0,0,0,0.13324431666062983,Highly Persuadable
4656,-0.080211052605307,-1.8699795399818304,-1.3268805653585676,-0.141643846298954,-0.1817495728764139,-1.4680018636370462,0.0,25,0,1,0.049151814495125914,Persuadable
3681,-0.682137905346676,-0.2146071225665483,-1.3268805653585676,-1.125569365339655,-1.0339696777051903,-0.5343981137463797,1.0,30,1,1,0.12051057643299457,Highly Persuadable
4341,-1.8859916108294137,-1.8699795399818304,-0.712071666573206,-0.5559282753687228,0.4616766062693123,-0.5158043283711989,1.0,20,0,1,0.018503869334177053,Persuadable
4178,0.3497366993528136,1.2514053504211555,-1.3268805653585676,-0.4523571681012805,-0.5354209163803562,-1.449408078261865,1.0,10,1,1,0.05165864417998776,Persuadable
3301,0.607705350527686,1.3063808181581944,-0.712071666573206,1.1788877713609345,-0.1860106734005578,0.2230539852215187,0.0,0,1,0,0.043112251364014004,Persuadable
3311,-0.5101588045634277,-1.4546093393019812,1.1323550297828793,0.8811208379670382,0.4233267015520173,0.0987692092926778,0.0,0,0,0,0.01746365901611846,Persuadable
4567,-1.8859916108294137,-1.8699795399818304,0.5175461309975176,-1.306818803057679,0.4148045005037296,-1.2116033495161294,1.0,0,0,0,-0.035283312202751584,Not Persuadable
3126,0.607705350527686,-1.1064313769674017,1.1323550297828793,0.3762116900382572,-0.3990656996077519,-1.098083396699235,0.0,20,1,1,0.09972586041575732,Persuadable
328,-0.080211052605307,-0.8010121117616299,0.5175461309975176,-1.306818803057679,1.4246853247258295,0.5127255889611805,1.0,0,0,0,0.08736166997086002,Persuadable
1791,-1.7140125100461656,-0.1840651960459711,0.5175461309975176,-0.3228932840169778,-0.1391385676349751,-1.923060295187528,0.0,0,1,0,-0.07549302224514817,Not Persuadable
2491,0.8656740017025585,-0.8071204970657453,-0.0972627677878441,1.5802258120222732,-1.2171970002433774,-0.8641931490851162,0.0,10,1,1,0.1726978934575063,Highly Persuadable
2007,-0.080211052605307,-1.5279099629513664,-0.0972627677878441,-0.0898582926652328,1.3352022137188082,-1.7655024296399418,0.0,0,1,0,0.16008432635524733,Highly Persuadable
2008,-1.1120856573047966,-1.8699795399818304,0.5175461309975176,-0.9702127044384918,1.0624917801735996,0.0234154475090493,0.0,30,1,1,0.046452081953869316,Persuadable
1859,0.4357262497444378,2.2531805402960865,-0.0972627677878441,-1.306818803057679,1.339463314242952,2.879029433023687,0.0,0,0,0,0.10524881243651783,Highly Persuadable
4696,0.3497366993528136,0.524507499231419,-0.0972627677878441,-0.5947674405940137,-1.1319749897604996,1.2819211313239305,0.0,0,1,0,-0.01933785785132991,Not Persuadable
313,1.811559056010424,1.3369227446787717,-0.712071666573206,-0.0251263506230813,0.1932272732482476,1.457094161963794,1.0,0,1,0,-0.07228900077768013,Not Persuadable
833,-1.1980752076964207,-0.4284006082105884,-0.0972627677878441,-1.306818803057679,0.7130815371938013,-1.2830426301681406,1.0,15,1,1,0.008095561594153105,Persuadable
3080,1.1236426528774308,2.8151519882747063,-0.0972627677878441,-1.073783811705934,0.9261365634009954,0.9374467917416308,0.0,15,0,1,-0.017517758484091112,Not Persuadable
4728,-1.1120856573047966,0.5611578110561116,-0.712071666573206,1.1400486061356436,-1.3237245133469744,-0.5373339745950926,1.0,10,1,1,0.16452919874948885,Highly Persuadable
3463,-1.370054308479669,-1.8699795399818304,-0.712071666573206,1.7614752497402968,-1.3237245133469744,-1.4954032315583654,0.0,30,0,1,0.13625666925892146,Highly Persuadable
1202,-0.5101588045634277,-1.0331307533180163,0.5175461309975176,1.4766547047548308,1.373552118436103,-0.6312815217539018,0.0,30,1,1,0.22717657025412644,Highly Persuadable
4402,-0.5101588045634277,0.5428326551437653,-0.0972627677878441,-1.2679796378323882,-0.215838377069565,0.3003649875709561,0.0,0,0,0,0.08632541552213946,Persuadable
3548,1.1236426528774308,2.540274649589512,0.5175461309975176,0.1690694755033727,-0.5226376148079245,1.8720291619152007,0.0,25,1,1,0.02325405821143279,Persuadable
4012,0.2637471489611895,-0.8254456529780916,-0.712071666573206,0.1690694755033727,-0.3181047896490181,-0.7692669816434029,1.0,0,1,0,-0.09268852934238406,Not Persuadable
2135,-0.8541170061299242,-0.7643617999369373,-0.712071666573206,-1.306818803057679,-1.3237245133469744,-1.8075831018048247,1.0,10,0,1,-0.02408320635817549,Not Persuadable
3452,0.6936949009193102,-0.1351981136130476,0.5175461309975176,-1.0996765885227946,0.4488933046968806,0.9658267799458542,0.0,0,0,0,-0.06573733695792865,Not Persuadable
2210,-0.4241692541718035,-0.1901735813500865,-1.3268805653585676,-1.306818803057679,-1.0382307782293343,0.1369354003259441,1.0,0,1,0,0.07950024615106822,Persuadable
1902,1.1236426528774308,1.7889432571833137,-0.0972627677878441,-1.306818803057679,-0.9103977625050178,2.289900022715321,0.0,0,1,0,-0.023108339982080766,Not Persuadable
1482,0.607705350527686,-0.3184496727365106,-0.712071666573206,-0.2193221767495355,1.6846124566986065,-0.6195380783590506,0.0,0,1,0,0.09000067838757027,Persuadable
778,0.4357262497444378,0.3595810960203023,0.5175461309975176,0.6610322350237232,-1.18736929657437,0.0977905890097737,0.0,0,0,0,0.12129455773066694,Highly Persuadable
800,0.0057784977863171,0.3656894813244178,-0.0972627677878441,0.2855869711792452,-1.3237245133469744,-0.2163465218024944,0.0,20,1,1,0.158196676981266,Highly Persuadable
3715,-0.7681274557383001,-1.0758894504468244,0.5175461309975176,0.3503189132213966,-1.3237245133469744,-0.1370782788872497,1.0,0,0,0,0.08393747209578828,Persuadable
3943,-0.8541170061299242,0.5855913522725734,1.1323550297828793,-1.306818803057679,-0.97857537089132,1.1233846454934404,1.0,0,1,0,-0.08056562336973472,Not Persuadable
55,-0.5101588045634277,-0.23904066378301,-1.3268805653585676,-1.306818803057679,0.2869714847794131,-0.7536090571169347,1.0,0,0,0,0.10162730220150964,Highly Persuadable
2973,0.0057784977863171,-0.2573658196953563,0.5175461309975176,0.51862196253099,-1.3237245133469744,-0.5833291278915932,1.0,20,1,1,0.1673277721250856,Highly Persuadable
3336,-0.2521901533885552,-0.2207155078706637,-1.3268805653585676,-1.306818803057679,0.0057388501859168,-0.5872436090232102,0.0,0,1,0,0.0056068681647944325,Persuadable
1921,-1.1120856573047966,0.719975828963113,-0.0972627677878441,0.8163888959248867,-1.3237245133469744,0.9658267799458542,0.0,0,0,0,-0.005037951912445214,Not Persuadable
3716,-0.8541170061299242,0.6894339024425358,-0.0972627677878441,0.3762116900382572,0.0440887549032118,2.663732970784749,1.0,15,1,1,0.12578089663156997,Highly Persuadable
4657,-0.8541170061299242,-0.8682043501068997,-0.0972627677878441,-0.7630704899036073,0.252882680586262,0.2768781007812536,0.0,0,1,0,-0.050503916285689614,Not Persuadable
947,0.3497366993528136,0.9337693146071532,-0.712071666573206,-0.5429818869602926,-0.0539165571520974,0.6996420629958949,0.0,20,0,1,-0.05793321857514171,Not Persuadable
1702,-0.5101588045634277,1.3185975887664254,-0.0972627677878441,1.360137209078958,-0.6675150326288165,0.1751015913592104,0.0,0,1,0,0.04588302811272571,Persuadable
3294,0.607705350527686,0.4512068755820339,-0.0972627677878441,-1.306818803057679,0.1974883737723915,0.2876429238932004,0.0,0,0,0,0.07992244229081767,Persuadable
2162,-0.9401065565215484,-0.281799360911818,-0.0972627677878441,-0.659499382636165,-1.3237245133469744,-1.4836597881635143,0.0,0,1,0,0.0022096226022728293,Persuadable
1137,0.0917680481779412,-0.013030407530739,-0.0972627677878441,-0.5947674405940137,2.217250022216592,-0.8015614509792434,0.0,25,1,1,0.11234722864758274,Highly Persuadable
988,0.3497366993528136,-0.281799360911818,-0.712071666573206,-0.840748820354189,0.9474420660217148,-0.8710434910654461,0.0,20,1,1,0.055613309520125095,Persuadable
2550,0.5217158001360619,0.6772171318343049,1.1323550297828793,-0.2063757883411052,2.22577222326488,-0.5363553543121885,1.0,0,1,0,0.12705042026338959,Highly Persuadable
194,1.5535904048355516,1.2819472769417328,0.5175461309975176,-0.6465529942277348,-1.3237245133469744,1.417949350647623,0.0,15,0,1,0.0350340294323537,Persuadable
3058,-0.5101588045634277,0.8910106174783451,1.1323550297828793,1.360137209078958,2.370649641085772,2.1695297279180963,0.0,20,1,1,0.12008636231814401,Highly Persuadable
3247,-0.8541170061299242,-0.2329322784788946,0.5175461309975176,1.4119227627126794,-0.9487476672223129,-0.8994234792696696,1.0,25,1,1,0.15055917484203798,Highly Persuadable
1395,-1.8859916108294137,0.7993848379166135,-0.712071666573206,2.1498669019932053,0.977269769690722,1.3983769449895382,0.0,15,0,1,-0.02643456188152557,Not Persuadable
2638,-0.2521901533885552,0.4634236461902647,-0.712071666573206,-0.9054807623963405,-1.3237245133469744,0.307215329551286,1.0,0,1,0,0.020362902840334575,Persuadable
769,-1.2840647580880449,-0.7521450293287064,-0.0972627677878441,-0.1675366231158145,-1.298157910202111,-0.8651717693680206,1.0,15,0,1,-0.07748936790041959,Not Persuadable
4713,1.1236426528774308,-0.5872186261175897,1.1323550297828793,-0.0510191274399419,0.6917760345730819,0.5724214262183405,0.0,15,0,1,-0.06302519120789425,Not Persuadable
3091,1.295621753660679,1.74007617475039,1.7471639285682412,0.453890020488839,0.8110868492491106,0.6790910370549054,0.0,20,1,1,0.06576304402310437,Persuadable
3496,-0.080211052605307,-0.281799360911818,0.5175461309975176,0.2985333595876755,-0.433154503800903,-0.9816275830336276,1.0,25,1,1,0.09375952339301068,Persuadable
3216,0.5217158001360619,0.6161332787931506,-0.712071666573206,-0.4653035565097109,-0.2754937844075794,-0.5774574061941677,1.0,0,1,0,0.04449518321800272,Persuadable
286,-0.5101588045634277,0.0785953720309924,1.7471639285682412,-0.4394107796928503,1.599390446215729,-0.2887644227374101,0.0,0,1,0,0.042236762259094895,Persuadable
4949,0.0057784977863171,1.0559370206894618,0.5175461309975176,1.0364774988682013,-0.2073161760212772,2.0109932420876064,0.0,10,1,1,0.11293454546110547,Highly Persuadable
429,-1.4560438588712932,0.1824379222009548,-0.712071666573206,0.3114797479961058,-0.5865541226700828,0.7211717092197886,1.0,15,1,1,0.00823930307196757,Persuadable
4459,-0.5961483549550518,-0.6299773232463978,-0.0972627677878441,-0.3876252260591293,-0.2925381865041548,0.2964505064393384,1.0,0,1,0,0.05354007509595109,Persuadable
2333,0.2637471489611895,-0.2207155078706637,-0.0972627677878441,-1.009051869663783,-0.0880053613452485,0.6389676054558302,0.0,30,0,1,0.034096019940174624,Persuadable
2718,0.1777575985695653,1.0986957178182697,1.1323550297828793,0.3503189132213966,0.653426129855787,0.4921745630201909,1.0,15,0,1,-0.0879744107345779,Not Persuadable
2080,-0.9401065565215484,-0.1779568107418557,-0.0972627677878441,0.6221930697984324,-1.3237245133469744,-2.236218785716892,1.0,0,0,0,0.12582196136242138,Highly Persuadable
3390,-0.5101588045634277,0.945986085215384,1.1323550297828793,0.8422816727417473,-0.2584493823110038,0.4618373342501592,0.0,25,1,1,0.06060662927582568,Persuadable
723,-1.8859916108294137,-0.9353965884521694,-0.712071666573206,0.8422816727417473,-0.3181047896490181,-0.5255905312002417,0.0,0,0,0,-0.001209625919173142,Not Persuadable
952,0.4357262497444378,0.8360351497413061,-0.712071666573206,-0.6336066058193045,-0.3266269906973059,0.8258840794905447,1.0,15,0,1,-0.048665708506533144,Not Persuadable
4394,-0.9401065565215484,0.396231407844995,-0.0972627677878441,-0.8278024319457586,1.015619674408017,-0.3739043873500806,1.0,0,1,0,-0.025628035424490207,Not Persuadable
4377,-1.542033409262917,-1.4057422568690576,-1.3268805653585676,1.0105847220513406,-0.9828364714154638,-1.343717087708205,1.0,0,0,0,0.1351084517850186,Highly Persuadable
2263,0.1777575985695653,1.1109124884265007,-0.0972627677878441,0.1431766986865122,0.4446322041727367,0.2553484545573599,1.0,0,1,0,0.03297931479130578,Persuadable
990,-0.5101588045634277,-0.7216031028081292,-0.712071666573206,0.7775497306995959,-0.5609875195252194,0.196631237583104,0.0,20,0,1,0.03780997443301553,Persuadable
3213,0.6936949009193102,0.8726854615659987,-0.0972627677878441,-0.4653035565097109,0.8451756534422616,0.100726449858486,0.0,0,0,0,-0.020853371233465368,Not Persuadable
1760,0.0917680481779412,1.4468736801528497,3.5915906249243266,0.8940672263754684,0.2912325853035569,0.5734000465012452,1.0,10,1,1,0.039966441338139126,Persuadable
4117,1.209632203269055,-0.6238689379422823,0.5175461309975176,-0.2063757883411052,-0.3095825886007304,-0.1507789628479094,0.0,20,0,1,-0.05001254708402974,Not Persuadable
327,-1.6280229596545417,1.0253950941688843,-0.0972627677878441,-1.306818803057679,0.7343870398145207,0.6595186313968199,1.0,0,0,0,0.030076827954124766,Persuadable
2609,0.8656740017025585,2.106579292997316,-0.0972627677878441,-0.42646439128442,-1.3237245133469744,1.525597581767092,1.0,25,1,1,0.14030080760179117,Highly Persuadable
1384,-0.1662006029969311,-1.1736236153126711,-1.3268805653585676,-1.306818803057679,-1.3237245133469744,-1.3349095051620663,0.0,0,1,0,0.09273525671013584,Persuadable
1725,1.209632203269055,1.0070699382565382,-0.0972627677878441,1.6449577540644245,-0.8123924504497085,1.4326286548911875,1.0,20,1,1,0.11572813235554606,Highly Persuadable
1087,-1.4560438588712932,-0.0252471781389698,-1.3268805653585676,-0.5688746637771531,0.1378329664343772,-0.4198995406465816,0.0,0,0,0,0.09320400951340507,Persuadable
2524,-1.8859916108294137,-0.5200263877723199,-1.3268805653585676,-1.1385157537480854,-1.0893639845190608,-0.9121455429474252,0.0,0,1,0,0.09478485106418257,Persuadable
342,0.3497366993528136,0.341255940107956,-0.0972627677878441,0.2596941943623846,1.7954010703263474,1.642053395432699,0.0,0,0,0,0.06628654275041415,Persuadable
3702,-0.9401065565215484,-1.595102201296636,-0.0972627677878441,-1.306818803057679,-0.1391385676349751,-0.9023593401183824,0.0,15,0,1,0.016686244930620667,Persuadable
148,-0.1662006029969311,-0.7949037264575144,-0.0972627677878441,0.8163888959248867,0.8920477592078444,-1.0892758141530965,0.0,0,1,0,0.021259608922603077,Persuadable
689,-0.5101588045634277,0.2801720870668017,-0.0972627677878441,-0.5429818869602926,-0.6632539321046726,-0.0235583260703549,0.0,0,0,0,0.029898934311773647,Persuadable
3433,-0.3381797037801794,-0.8254456529780916,-0.0972627677878441,-1.306818803057679,1.4204242242016858,-0.8279841986176587,0.0,0,0,0,0.1698083333311078,Highly Persuadable
1108,-0.8541170061299242,1.8011600277915445,-0.0972627677878441,-0.8666415971710495,0.7429092408628085,0.6311386431925963,0.0,10,1,1,0.05095141617454135,Persuadable
849,-0.682137905346676,0.1641127662886085,-0.0972627677878441,-0.141643846298954,0.5895096219936288,1.584314798741348,0.0,30,0,1,-0.07584942689056134,Not Persuadable
967,-0.2521901533885552,-0.8743127354110151,-0.712071666573206,-1.2938724146492486,-1.3237245133469744,-0.705656663254626,0.0,0,0,0,0.16101578442494743,Highly Persuadable
4993,-0.5961483549550518,-0.7949037264575144,-0.712071666573206,-1.306818803057679,-1.0765806829466291,-0.736972512307562,0.0,0,0,0,0.1494901155469508,Highly Persuadable
1493,-0.5961483549550518,-1.3141164773073262,1.1323550297828793,0.9199600031923288,0.4744599078417439,-2.0130933612147204,1.0,0,1,0,0.13435087493315445,Highly Persuadable
3954,-0.4241692541718035,0.5611578110561116,-0.0972627677878441,-0.5429818869602926,-1.2001525981468018,0.867964751655428,1.0,15,1,1,-0.0055259790796828336,Not Persuadable
2204,0.607705350527686,0.3534727107161869,1.1323550297828793,0.8034425075164564,-1.3237245133469744,0.3023222281367642,0.0,0,0,0,0.10559714558355118,Highly Persuadable
2714,-1.1980752076964207,-1.2530326242661718,-1.3268805653585676,-1.306818803057679,0.9857919707390098,1.3553176525417503,1.0,10,0,1,-0.1894735624796331,Not Persuadable
662,0.0057784977863171,0.212979848721532,-0.712071666573206,1.955671075866751,-1.3237245133469744,1.2594128648171328,0.0,15,1,1,0.10763616911957977,Highly Persuadable
1003,-0.4241692541718035,0.5672661963602271,-0.712071666573206,-1.034944646480643,-0.5013321121872051,-0.1654582670914732,0.0,30,1,1,-0.023033209344615026,Not Persuadable
63,0.1777575985695653,-0.8193372676739762,-0.0972627677878441,1.191834159769365,0.3381046910691396,1.2241825346325794,0.0,15,0,1,-0.02858168941942309,Not Persuadable
285,-1.1120856573047966,-0.2940161315200489,0.5175461309975176,1.2306733249946555,0.1250496648619455,-0.2437478897238139,1.0,30,0,1,0.0047802947008014005,Persuadable
2225,-1.1120856573047966,-1.2896829360908646,-0.0972627677878441,-1.2809260262408184,1.1008416848908946,-1.3652467339320986,0.0,0,0,0,-0.01157458829928971,Not Persuadable
4717,0.8656740017025585,-1.210273927137364,1.7471639285682412,1.5543330352054123,-0.3734990964628886,-0.4854670996011666,1.0,0,0,0,0.08472853062863259,Persuadable
1880,-1.7140125100461656,-0.7582534146328218,-1.3268805653585676,0.8811208379670382,-0.6930816357736798,-1.6079445640923558,1.0,30,0,1,0.021704728217577858,Persuadable
3573,0.3497366993528136,-1.6439692837295596,-1.3268805653585676,1.295405267036807,-0.6163818263390899,-0.8974662387038611,0.0,0,0,0,0.1044331105506571,Highly Persuadable
4868,-0.3381797037801794,0.988744782344192,-0.0972627677878441,-1.306818803057679,0.3295824900208519,-0.0088790218267911,0.0,30,0,1,-0.020841231635890377,Not Persuadable
1204,-0.080211052605307,-0.2329322784788946,3.5915906249243266,1.8262071917824485,3.193042042245541,-0.2212396232170162,1.0,10,1,1,0.07453725161564764,Persuadable
1991,0.4357262497444378,-0.281799360911818,0.5175461309975176,0.7516569538827352,-1.3237245133469744,0.0195009663774323,0.0,20,1,1,0.17938728467554085,Highly Persuadable
25,-0.4241692541718035,-0.6177605526381669,-1.3268805653585676,1.295405267036807,-0.3649768954146009,-0.2887644227374101,0.0,0,1,0,0.11177339104077336,Highly Persuadable
4863,0.6936949009193102,0.4023397931491104,-0.0972627677878441,1.0105847220513406,-0.5822930221459389,0.3669111668084459,0.0,25,0,1,-0.03187484428306204,Not Persuadable
4112,0.607705350527686,1.0498286353853463,-0.0972627677878441,-0.9831590928469222,0.0526109559514995,0.317001532380328,0.0,0,0,0,0.10818480706145535,Highly Persuadable
4177,0.4357262497444378,0.1457876103762622,0.5175461309975176,0.7128177886574444,-0.612120725814946,0.8581785488263852,0.0,15,1,1,0.016389963753953563,Persuadable
763,0.7796844513109343,-0.1718484254377403,2.9767817261389644,2.2404916208522176,0.1293107653860894,0.9482116148535776,1.0,10,1,1,0.06799483179571454,Persuadable
876,-1.8859916108294137,0.0663786014227616,-1.3268805653585676,0.2208550291370937,1.0369251770287364,-0.1674155076572813,1.0,30,0,1,-0.09023015990801209,Not Persuadable
4753,0.5217158001360619,0.903227388086576,1.1323550297828793,0.51862196253099,1.2798079069049375,-0.0235583260703549,0.0,0,1,0,0.1836212403931885,Highly Persuadable
939,0.9516635520941824,0.6833255171384203,-0.0972627677878441,1.0494238872766315,-0.4075879006560397,-0.1077196704001214,0.0,25,1,1,0.06264158941918786,Persuadable
2688,-0.2521901533885552,0.3168223988914943,1.1323550297828793,-0.42646439128442,-0.0027833508623708,-0.4208781609294856,1.0,0,0,0,0.026085302046404576,Persuadable
3601,1.0376531024858069,0.8665770762618833,2.9767817261389644,0.7904961191080262,1.369291017911959,0.0870257658978269,1.0,25,1,1,0.16026443090297648,Highly Persuadable
2395,-0.9401065565215484,-1.7111615220748293,-0.712071666573206,-1.306818803057679,-1.3237245133469744,-2.064960236208646,0.0,20,0,1,0.00990197282339233,Persuadable
4578,-1.8859916108294137,0.4573152608861493,-0.712071666573206,0.6610322350237232,1.377813218960247,0.1868450347540613,0.0,0,0,0,0.1316453370381758,Highly Persuadable
4991,-1.6280229596545417,-0.4345089935147039,-0.0972627677878441,0.8811208379670382,-0.4629822074699101,-0.567671203365125,1.0,0,0,0,0.08739429556638617,Persuadable
4134,-0.080211052605307,0.5306158845355345,-1.3268805653585676,-0.374678837650699,-1.3237245133469744,0.6751765559232884,0.0,20,0,1,-0.0011719227173951742,Not Persuadable
4575,1.1236426528774308,1.4163317536322724,1.1323550297828793,0.6221930697984324,-0.2627104828351477,0.7074710252591289,1.0,5,1,1,0.11200354301245466,Highly Persuadable
386,-0.8541170061299242,0.6100248934890351,0.5175461309975176,1.1529949945440738,-1.046752979277622,0.8542640676947683,1.0,0,0,0,0.15457209918244438,Highly Persuadable
4592,1.6395799552271757,0.1518959956803776,-0.712071666573206,1.6320113656559945,0.4915043099383194,-0.0861900241762277,0.0,20,1,1,0.0973590761073841,Persuadable
4580,0.7796844513109343,1.5934749274516198,2.9767817261389644,-0.89253437398791,0.7642147434835279,0.6282027823438834,0.0,0,0,0,0.026505140602193705,Persuadable
537,-0.5101588045634277,-1.0881062210550552,-0.712071666573206,1.3730835974873885,-0.8038702494014207,-1.101997877830852,0.0,0,0,0,0.20487475274365624,Highly Persuadable
4676,1.3816113040523033,0.1641127662886085,-0.0972627677878441,0.648085846615293,-0.5993374242425143,0.2220753649386147,0.0,0,0,0,0.16810795601126932,Highly Persuadable
3508,0.4357262497444378,-1.143081688792094,-1.3268805653585676,-1.034944646480643,-1.3237245133469744,0.6878986196010434,1.0,0,1,0,0.005351078748381569,Persuadable
202,1.4676008544439274,0.2740637017626863,1.7471639285682412,1.191834159769365,1.0326640765045925,0.1320422989114224,0.0,0,1,0,0.03476216375717582,Persuadable
1333,0.9516635520941824,0.2313050046338783,-0.0972627677878441,2.3440627281196598,1.1732803938013403,-0.6214953189248591,1.0,25,1,1,0.04764136772309553,Persuadable
3503,0.6936949009193102,-0.3612083698653187,-1.3268805653585676,0.324426136404536,-1.3237245133469744,-0.9786917221849152,1.0,0,0,0,0.09468776696364332,Persuadable
2709,0.3497366993528136,-0.3612083698653187,1.7471639285682412,0.738710565474305,1.390596520532679,0.476516638493723,0.0,0,1,0,0.00882612007124112,Persuadable
4022,0.3497366993528136,0.3290391694997252,-0.0972627677878441,-1.306818803057679,0.9687475686424344,0.0332016503380921,1.0,0,1,0,-0.056019754344064886,Not Persuadable
1855,0.5217158001360619,-0.1413064989171631,2.3619728273536027,0.98469194523448,1.19458589642206,0.3326594569067966,1.0,10,1,1,0.16526390596570048,Highly Persuadable
4480,0.4357262497444378,0.9154441586948068,0.5175461309975176,-0.0898582926652328,-0.7527370431116942,-0.4247926420611026,0.0,20,1,1,0.12254084098753186,Highly Persuadable
2873,-1.1120856573047966,-0.5933270114217052,-1.3268805653585676,0.4668364088972692,-1.119191688188068,-0.3709685265013684,1.0,0,1,0,0.03926738626971777,Persuadable
3031,-0.080211052605307,-0.013030407530739,0.5175461309975176,1.3342444322620977,0.7088204366696574,0.1653153885301676,0.0,10,1,1,0.09663834616988914,Persuadable
1206,-0.682137905346676,-1.8516543840694843,-1.3268805653585676,-0.4005716144675594,-1.3237245133469744,-1.6529610971059518,1.0,0,0,0,0.07567818063766868,Persuadable
1646,0.0917680481779412,0.0480534455104153,0.5175461309975176,-1.2420868610155276,0.0653942575239312,-0.6430249651487532,0.0,15,0,1,0.0007606098803097011,Persuadable
3418,0.9516635520941824,0.2923888576750326,0.5175461309975176,0.8811208379670382,-0.4757655090423418,0.8366489026024916,1.0,0,1,0,0.01611949630764677,Persuadable
3477,-1.8859916108294137,-0.7704701852410527,0.5175461309975176,1.114155829318783,0.0227832522824923,-1.4053701655311734,1.0,20,1,1,0.059510630504635904,Persuadable
2862,0.6936949009193102,-0.6238689379422823,-0.712071666573206,-1.125569365339655,-0.0752220597728168,0.4089918389733292,1.0,0,1,0,0.01607760937849326,Persuadable
1793,0.2637471489611895,0.438990104973803,-0.0972627677878441,-0.4782499449181411,-0.6632539321046726,1.5735499756294011,1.0,0,1,0,-0.0074908768265170116,Not Persuadable
3798,-1.1120856573047966,0.4939655727108419,-1.3268805653585676,-0.931373539213201,0.1463551674826649,0.3708256479400629,0.0,20,1,1,0.038391502358859984,Persuadable
3369,0.3497366993528136,0.4267733343655721,1.1323550297828793,1.062370275685062,0.798303547676679,0.527404893204745,1.0,10,1,1,0.08474864380556427,Persuadable
3368,-0.2521901533885552,-0.6238689379422823,-0.712071666573206,-1.306818803057679,0.2315771779655426,0.152593324852412,1.0,0,0,0,0.07969851780723165,Persuadable
3534,0.3497366993528136,0.3351475548038407,1.7471639285682412,-0.4005716144675594,0.4616766062693123,-0.120441734077877,0.0,15,0,1,0.05163578750409152,Persuadable
3450,0.0057784977863171,1.8255935690080063,-0.712071666573206,-0.012179962214651,-0.0880053613452485,1.5030893152602944,1.0,30,0,1,0.06902295931887646,Persuadable
604,-0.682137905346676,-0.0069220222266235,-1.3268805653585676,-1.306818803057679,-1.3237245133469744,-0.6371532434513273,0.0,10,0,1,0.028266421166501122,Persuadable
3057,-0.4241692541718035,-0.8071204970657453,-1.3268805653585676,-1.306818803057679,0.0270443528066362,-0.1595865453940474,1.0,0,1,0,-0.019275769654282644,Not Persuadable
4371,-1.6280229596545417,-0.1474148842212785,0.5175461309975176,-0.42646439128442,-0.7996091488772769,0.0038430418509645,1.0,0,0,0,0.07333587278062662,Persuadable
127,1.5535904048355516,1.1964298826841169,0.5175461309975176,-0.2193221767495355,0.252882680586262,0.0557099168448905,1.0,25,0,1,-0.15290954995619102,Not Persuadable
3877,-1.1120856573047966,-0.3306664433447415,-0.0972627677878441,-0.2581613419748264,0.1463551674826649,0.2543698342744552,0.0,0,0,0,0.06584982210529645,Persuadable
2936,-1.8859916108294137,-1.6256441278172131,-1.3268805653585676,-0.8536952087626192,-0.5098543132354929,-2.6707261913263847,0.0,5,0,1,-0.05502164811227768,Not Persuadable
3532,-0.1662006029969311,0.5733745816643425,-0.0972627677878441,0.0525519798275001,-1.3237245133469744,1.0235653766372053,1.0,0,1,0,-0.08824839403247536,Not Persuadable
2731,-1.1980752076964207,-0.8804211207151305,0.5175461309975176,1.670850530881285,-0.970053169843032,0.4735807776450101,0.0,0,1,0,0.06017414074441953,Persuadable
828,-0.080211052605307,2.259288925600202,-0.712071666573206,0.9587991684176196,-1.3237245133469744,1.3269376643375268,1.0,25,1,1,0.11505112849549817,Highly Persuadable
1640,-0.1662006029969311,0.5428326551437653,-0.0972627677878441,0.0007664261937791,-1.3237245133469744,-0.5666925830822209,0.0,10,1,1,0.07348859780542673,Persuadable
985,0.3497366993528136,-1.8699795399818304,-1.3268805653585676,-0.4005716144675594,-0.5950763237183705,-0.5598422411018911,0.0,0,1,0,0.05950128066979115,Persuadable
3282,0.7796844513109343,0.1763295368968394,-0.712071666573206,0.2208550291370937,-1.3237245133469744,-0.9816275830336276,0.0,0,0,0,0.09635449466571504,Persuadable
4982,0.1777575985695653,1.1903214973800011,-1.3268805653585676,-0.3487860608338384,-1.3237245133469744,1.1948239261454512,1.0,0,1,0,-0.04148265595058702,Not Persuadable
2189,2.0695277071852964,0.1824379222009548,-0.0972627677878441,-1.0867302001143642,-1.0978861855673483,-0.4590443519627519,0.0,30,1,1,0.007103228503062044,Persuadable
4623,0.0917680481779412,0.0785953720309924,1.1323550297828793,0.829335284333317,0.1293107653860894,-1.985691993293401,0.0,20,1,1,0.1151627001265628,Highly Persuadable
2444,0.7796844513109343,-0.6483024791587441,-0.712071666573206,1.062370275685062,-0.8464812546428596,-1.4249425711892585,0.0,5,0,1,-0.0006845881209981497,Not Persuadable
363,1.0376531024858069,2.265397310904317,2.3619728273536027,0.7646033422911656,0.5000265109866072,1.0940260370063128,0.0,0,1,0,0.0271177790201116,Persuadable
2350,0.7796844513109343,0.9398776999112683,-1.3268805653585676,-0.374678837650699,-0.4118490011801836,-0.1321851774727279,0.0,0,1,0,-0.021148608638690645,Not Persuadable
346,-1.8859916108294137,-1.564560274776059,-1.3268805653585676,-1.306818803057679,0.2358382784896865,0.656582770548107,1.0,20,1,1,-0.07754796636598518,Not Persuadable
815,-0.682137905346676,0.3534727107161869,0.5175461309975176,-0.2193221767495355,-0.5950763237183705,0.5900365913106171,1.0,0,1,0,-0.0030821288004293,Not Persuadable
3206,-0.3381797037801794,-0.5078096171640891,1.1323550297828793,1.8650463570077391,1.053969579125312,-0.8074331726766691,0.0,0,0,0,0.13837771046254976,Highly Persuadable
4170,0.5217158001360619,1.086478947210039,-0.0972627677878441,0.1949622523202333,0.2273160774413987,1.6674975227882105,0.0,20,1,1,0.0680102777841748,Persuadable
4806,-1.370054308479669,-1.8699795399818304,-1.3268805653585676,1.5931722004307034,-0.0752220597728168,-0.7819890453211582,1.0,0,1,0,0.039011797439127104,Persuadable
3326,0.2637471489611895,0.6161332787931506,-0.0972627677878441,-1.1903013073818065,0.4233267015520173,0.4706449167962972,0.0,20,1,1,0.01600859691087799,Persuadable
4107,-1.8859916108294137,-0.4833760759476274,-1.3268805653585676,-1.306818803057679,0.904831060780276,-0.8123262740911905,0.0,20,1,1,0.04941505995425123,Persuadable
2117,0.0917680481779412,0.2068714634174165,1.1323550297828793,0.8422816727417473,-0.8592645562152912,0.2416477705967002,0.0,20,1,1,0.11169387171875969,Highly Persuadable
1835,0.607705350527686,0.6527835906178432,1.7471639285682412,0.6998714002490141,1.0284029759804485,1.1214274049276316,0.0,20,1,1,0.09227027122327532,Persuadable
794,0.4357262497444378,1.2330801945088092,-1.3268805653585676,-1.0996765885227946,-0.7186482389185431,0.0713678413713584,0.0,5,0,1,0.0005666178312620648,Persuadable
4957,0.0917680481779412,0.6100248934890351,0.5175461309975176,-1.1126229769312248,0.5980318230419165,0.537191096033787,1.0,30,1,1,-0.025420045916889435,Not Persuadable
2675,-0.2521901533885552,-0.1168729577007013,0.5175461309975176,2.590044107879834,1.6547847530295994,-0.5539705194044653,1.0,0,1,0,0.055801560465707736,Persuadable
95,-1.7140125100461656,-0.4039670669941267,-0.0972627677878441,0.0137128146022093,0.1378329664343772,0.7084496455420329,1.0,30,0,1,-0.014623909887605991,Not Persuadable
3757,-0.1662006029969311,-0.0496807193554316,0.5175461309975176,-1.306818803057679,-0.4203712022284713,0.3737615087887758,1.0,10,1,1,0.15457494365153107,Highly Persuadable
2892,0.4357262497444378,-0.23904066378301,2.3619728273536027,0.5704075161647112,0.3381046910691396,0.925703348346779,1.0,15,1,1,0.05426363927035885,Persuadable
2372,-0.2521901533885552,0.4145565637573413,0.5175461309975176,1.90388552223303,-0.0155666524348025,0.8249054592076407,0.0,0,1,0,0.07770864356971373,Persuadable
4420,1.3816113040523033,1.0925873325141544,-0.712071666573206,0.5963002929815718,-1.3237245133469744,-0.1909023944469838,0.0,0,1,0,0.08574810254429477,Persuadable
4443,0.0057784977863171,-1.057564294534478,-0.712071666573206,0.4279972436719784,-0.6462095300080971,0.6644117328113416,1.0,0,0,0,0.01771960793937636,Persuadable
3229,0.607705350527686,-0.3306664433447415,0.5175461309975176,0.6610322350237232,-0.8507423551670035,-0.2809354604741761,1.0,0,1,0,0.08205935945244476,Persuadable
2854,0.2637471489611895,-1.436284183389635,-1.3268805653585676,-0.012179962214651,1.2585024042842183,-1.7987755192586867,0.0,0,0,0,0.11903967503924047,Highly Persuadable
2913,0.0057784977863171,-0.1596316548295094,0.5175461309975176,2.3440627281196598,-1.3237245133469744,0.036137511186805,1.0,20,0,1,0.055701709988424435,Persuadable
1866,0.1777575985695653,0.5122907286231883,-0.712071666573206,0.5315683509394203,0.0099999507100607,0.3669111668084459,0.0,20,0,1,0.023891045186492512,Persuadable
1858,1.1236426528774308,2.051603825260277,1.1323550297828793,-0.1545902347073842,1.8039232713746352,-0.0108362623925992,0.0,0,1,0,-0.023057068139374998,Not Persuadable
2646,-0.1662006029969311,1.0253950941688843,0.5175461309975176,0.6351394582068627,-0.8763089583118667,0.5939510724422348,0.0,20,1,1,-0.044370036693523546,Not Persuadable
2244,0.9516635520941824,-1.6867279808583675,-0.0972627677878441,-0.2063757883411052,-0.5609875195252194,-2.127591934314519,0.0,0,1,0,-0.1273606873698566,Not Persuadable
2337,2.843433660709913,2.955644850269361,1.1323550297828793,0.5315683509394203,1.203108097470348,3.042459020268699,0.0,15,1,1,0.11187370998659983,Highly Persuadable
951,-1.8000020604377898,-1.8699795399818304,-1.3268805653585676,0.4797827973056995,2.132028011733714,-1.1910523235751398,0.0,0,0,0,0.09488095240572378,Persuadable
3069,2.1555172575769204,1.636233624580428,1.1323550297828793,-0.9702127044384918,-0.2840159854558671,1.535383784596135,0.0,30,0,1,0.1759531952701894,Highly Persuadable
1121,0.4357262497444378,2.033278669347931,0.5175461309975176,-0.0251263506230813,1.7527900650849086,1.1194701643618234,0.0,20,0,1,0.03033552481765144,Persuadable
2598,0.2637471489611895,-0.8743127354110151,-0.712071666573206,-1.306818803057679,1.7527900650849086,-0.4541512505482302,1.0,15,1,1,0.16174291892450088,Highly Persuadable
2205,1.1236426528774308,0.0602702161186461,1.1323550297828793,1.8262071917824485,-0.4075879006560397,1.408163147818581,0.0,0,0,0,0.14250363212743028,Highly Persuadable
420,1.3816113040523033,-0.4406173788188193,0.5175461309975176,-1.2032476957902367,1.1818025948496282,-2.0796395404522103,0.0,0,0,0,0.005163127690222537,Persuadable
923,0.0917680481779412,2.51584110837305,1.1323550297828793,1.657904142472855,0.8153479497732545,1.7467657657034552,0.0,0,1,0,0.13164445360473145,Highly Persuadable
1255,-0.7681274557383001,-0.196281966654202,1.7471639285682412,0.0266592030106395,0.1847050721999599,-0.5373339745950926,0.0,0,1,0,-0.05485324005559597,Not Persuadable
478,-1.1980752076964207,-0.0313555634430853,-0.0972627677878441,-1.306818803057679,0.0611331569997873,0.36788978709135,1.0,0,0,0,0.06593683854124043,Persuadable
2036,0.7796844513109343,-0.7399282587204755,-0.0972627677878441,0.7257641770658747,-1.2768524075813916,-0.6939132198597747,0.0,0,0,0,0.08464232736807756,Persuadable
1203,0.4357262497444378,0.3351475548038407,-1.3268805653585676,-1.306818803057679,-1.3237245133469744,-0.2290685854802501,0.0,0,0,0,0.08541933901550502,Persuadable
2627,1.3816113040523033,0.9520944705194994,-0.712071666573206,-1.306818803057679,-0.3564546943663131,-0.0137721232413121,0.0,15,1,1,0.08463319409774403,Persuadable
4829,1.295621753660679,-0.6788444056793212,-0.712071666573206,-0.2970005072001173,0.7088204366696574,-1.6969990098366436,0.0,0,1,0,-0.10174547148584262,Not Persuadable
1971,-0.2521901533885552,0.0480534455104153,-0.0972627677878441,-1.306818803057679,0.0781775590963628,1.5989941029849115,0.0,25,1,1,-0.09746597124785239,Not Persuadable
3111,0.2637471489611895,0.0114031336857227,-0.712071666573206,0.9458527800091892,-1.3237245133469744,-0.4727450359234116,0.0,0,1,0,0.1030580511390345,Highly Persuadable
4019,-0.3381797037801794,-0.7582534146328218,-0.0972627677878441,0.233801417545524,0.397760098407154,-0.0088790218267911,1.0,20,0,1,-0.1064601164601364,Not Persuadable
2152,0.7796844513109343,0.9337693146071532,1.1323550297828793,2.5770977194714044,0.2145327758689671,0.0997478295755819,1.0,15,1,1,0.047644864833439694,Persuadable
3688,0.4357262497444378,-0.013030407530739,-0.0972627677878441,-0.6206602174108743,0.4446322041727367,-0.2603844345331865,0.0,5,1,1,0.006765980027282275,Persuadable
1998,-0.080211052605307,-1.01480559740567,-1.3268805653585676,-1.216194084198667,-0.6547317310563848,-1.8222624060483887,1.0,25,0,1,-0.043946118846061935,Not Persuadable
4034,0.607705350527686,1.3674646711993488,1.7471639285682412,-0.6724457710445954,0.0653942575239312,0.9570191973997156,1.0,15,0,1,0.04773157783509643,Persuadable
3055,-0.4241692541718035,-0.5139180024682045,0.5175461309975176,-1.1903013073818065,0.9005699602561321,-1.5071466749532163,0.0,0,0,0,0.04642450834144307,Persuadable
1249,-0.1662006029969311,1.5629330009310427,0.5175461309975176,-0.6983385478614559,1.083797282794319,0.9090668035374072,1.0,20,1,1,-0.03096340167972308,Not Persuadable
2193,-1.0260961069131724,0.4023397931491104,-0.0972627677878441,0.8552280611501776,0.0824386596205067,0.6937703412984692,0.0,15,0,1,0.020451951423487557,Persuadable
2713,-0.080211052605307,-0.013030407530739,0.5175461309975176,0.7257641770658747,-0.6547317310563848,0.48043111962534,0.0,25,0,1,-0.01945216295872695,Not Persuadable
993,1.897548606402048,1.1475628002511933,0.5175461309975176,0.4668364088972692,-1.3237245133469744,0.7407441148778742,0.0,20,1,1,0.03786721383772218,Persuadable
2191,0.7796844513109343,-0.1107645723965859,1.1323550297828793,-0.1545902347073842,-0.3777601969870325,-0.4776381373379327,0.0,25,1,1,0.09619465682169369,Persuadable
3763,0.3497366993528136,1.159779570859424,-0.0972627677878441,0.8163888959248867,-0.1135719644901118,1.2975790558503992,0.0,0,0,0,0.09912777411833143,Persuadable
3598,-0.5961483549550518,0.1824379222009548,-0.0972627677878441,0.0396055914190698,-1.1319749897604996,-1.2164964509306508,1.0,0,1,0,0.06049624108139391,Persuadable
1319,-1.542033409262917,-1.6256441278172131,-1.3268805653585676,-1.306818803057679,-0.4928099111389173,0.2387119097479873,1.0,25,0,1,-0.01029282323861453,Not Persuadable
1864,1.0376531024858069,0.5672661963602271,-0.712071666573206,-0.3358396724254082,-1.153280492381219,1.006928831827833,1.0,10,1,1,0.015153867117933198,Persuadable
2344,-0.1662006029969311,-0.0496807193554316,0.5175461309975176,-1.306818803057679,1.7527900650849086,-1.1626723353709163,1.0,0,0,0,0.08113380791275074,Persuadable
2450,0.8656740017025585,0.4206649490614567,-0.0972627677878441,-1.306818803057679,-0.684559434725392,0.5205545512244151,0.0,20,0,1,0.0513589677286771,Persuadable
2137,0.2637471489611895,-0.5933270114217052,0.5175461309975176,1.4637083163464004,2.0723726043957,0.0263513083577622,0.0,5,1,1,0.1348987004459575,Highly Persuadable
1066,-0.080211052605307,0.2679553164585709,-0.0972627677878441,0.5056755741225601,1.365029917387815,-0.1126127718146431,0.0,0,0,0,0.11656248453349471,Highly Persuadable
4971,-0.1662006029969311,1.0559370206894618,0.5175461309975176,-1.2420868610155276,-1.123452788712212,-0.2740851184938463,0.0,20,1,1,0.05682796459491569,Persuadable
2622,-0.682137905346676,-0.5994353967258206,0.5175461309975176,0.9458527800091892,1.0667528806977435,-0.7770959439066368,0.0,15,0,1,0.035803712468799286,Persuadable
78,0.1777575985695653,0.1335708397680313,-0.0972627677878441,1.8650463570077391,1.122147187511614,-0.1615437859598562,1.0,0,1,0,0.06339672786630592,Persuadable
2899,-0.8541170061299242,-0.6360857085505132,-0.712071666573206,-1.306818803057679,1.2073691979944916,-0.0353017694652058,0.0,0,1,0,-0.00880337679354708,Not Persuadable
1315,0.607705350527686,1.8988941926573917,-0.712071666573206,-1.2809260262408184,-0.6973427362978237,1.1380639497370042,1.0,0,1,0,-0.05857667394117105,Not Persuadable
4383,0.5217158001360619,0.4939655727108419,-0.712071666573206,-0.7371777130867467,-0.3564546943663131,-0.287785802454506,1.0,0,0,0,0.05823735594823206,Persuadable
873,0.7796844513109343,0.5367242698396499,0.5175461309975176,1.709689696106576,1.0369251770287364,-0.9669482787900638,1.0,0,0,0,0.14780771682342017,Highly Persuadable
3851,0.607705350527686,1.4163317536322724,0.5175461309975176,1.0105847220513406,-0.4842877100906296,1.0607529473875674,1.0,20,1,1,0.14195932687730037,Highly Persuadable
4798,0.8656740017025585,0.4328817196696876,2.9767817261389644,-0.0639655158483722,3.555235586797771,1.1615508365267069,0.0,15,1,1,0.055259886617039435,Persuadable
2966,-1.6280229596545417,-1.6806195955542522,-1.3268805653585676,0.8811208379670382,-1.3237245133469744,-1.7332079603041013,1.0,30,1,1,0.1587224055933508,Highly Persuadable
3392,-1.8000020604377898,-1.5889938159925208,-0.712071666573206,-1.2938724146492486,-0.3990656996077519,0.3395097988871264,1.0,0,0,0,-0.0348359126468059,Not Persuadable
2561,0.3497366993528136,0.5367242698396499,-0.0972627677878441,-0.9054807623963405,0.2230549769172548,-0.0274728072019718,0.0,0,1,0,0.004325522197606043,Persuadable
4907,0.7796844513109343,0.3168223988914943,-1.3268805653585676,0.8681744495586079,0.3466268921174274,1.920960176060414,1.0,20,1,1,0.1160679044715619,Highly Persuadable
2636,1.209632203269055,0.5428326551437653,-0.712071666573206,-0.141643846298954,-1.3237245133469744,1.416970730364719,1.0,0,1,0,-0.09041631768426638,Not Persuadable
3531,1.6395799552271757,1.3918982124158106,1.1323550297828793,0.4150508552635481,0.1889661727241038,2.8819652938724003,1.0,30,1,1,0.16034506247451424,Highly Persuadable
376,2.413485908751793,2.008845128131469,-0.0972627677878441,-0.8666415971710495,-0.4288934032767591,1.4062059072527722,0.0,15,0,1,0.08353069162940888,Persuadable
1909,-0.5101588045634277,-0.2207155078706637,-0.0972627677878441,-1.0608374232975035,2.0808948054439877,-0.5392912151609015,1.0,0,0,0,0.033185739102548586,Persuadable
4343,-0.080211052605307,-0.2512574343912409,-0.712071666573206,-1.306818803057679,0.9176143623527075,1.5549561902542204,0.0,0,0,0,-0.0944972497889961,Not Persuadable
4832,-1.8859916108294137,-0.1779568107418557,-0.712071666573206,0.9199600031923288,-0.4288934032767591,0.0821326644833052,1.0,0,1,0,-0.0415198184557304,Not Persuadable
4028,0.6936949009193102,-0.3306664433447415,1.1323550297828793,-0.3487860608338384,0.7812591455801035,-1.4611515216567164,0.0,0,1,0,-0.04608659705420952,Not Persuadable
1605,-0.3381797037801794,0.4756404167984956,0.5175461309975176,-0.3099468956085476,-1.3237245133469744,1.3357452468836657,0.0,30,0,1,-0.033035141837509725,Not Persuadable
1119,0.3497366993528136,-0.281799360911818,0.5175461309975176,0.9717455568260498,-1.1490193918570752,0.4657518153817762,1.0,0,1,0,0.0019603765110191404,Persuadable
3678,0.607705350527686,-0.013030407530739,-1.3268805653585676,-0.0251263506230813,-0.9189199635533056,0.8415420040170125,1.0,0,1,0,-0.0031148912428192958,Not Persuadable
3491,-1.2840647580880449,-0.4039670669941267,-0.712071666573206,-1.306818803057679,-0.5311598158562123,0.9394040323074389,0.0,0,1,0,-0.2150082016503059,Not Persuadable
4875,-1.0260961069131724,0.2313050046338783,-1.3268805653585676,-1.306818803057679,-0.2797548849317232,-0.8876800358748187,0.0,0,0,0,0.08017268389848076,Persuadable
2959,0.1777575985695653,0.6894339024425358,0.5175461309975176,-1.0996765885227946,-0.4459378053733346,-0.2848499416057931,1.0,10,1,1,0.03990018002864921,Persuadable
1995,0.0917680481779412,0.665000361226074,-0.0972627677878441,-1.1385157537480854,-0.9359643656498812,-0.7242504486298067,0.0,25,0,1,0.08635797192669832,Persuadable
4966,0.1777575985695653,-0.1474148842212785,-0.712071666573206,-0.2581613419748264,1.228674700615211,-0.4854670996011666,1.0,20,1,1,0.02401206800231301,Persuadable
4366,1.0376531024858069,-0.9659385149727464,0.5175461309975176,-0.0251263506230813,0.2869714847794131,0.981484704472322,1.0,20,0,1,-0.1671908328463996,Not Persuadable
2377,0.5217158001360619,-0.7338198734163601,-0.712071666573206,0.4668364088972692,0.9133532618285638,-0.7301221703272325,1.0,20,0,1,0.05284300584552649,Persuadable
1343,0.4357262497444378,0.7688429113960363,1.1323550297828793,0.0784447566443607,-0.8336979530704279,1.2398404591590473,1.0,10,1,1,0.004521909154705626,Persuadable
321,0.7796844513109343,1.0070699382565382,-0.712071666573206,0.2596941943623846,0.4616766062693123,0.695727581864278,0.0,0,1,0,-0.11830816352551866,Not Persuadable
1620,-0.7681274557383001,-0.013030407530739,-0.0972627677878441,1.7873680265571574,0.5554208178004777,-0.1116341515317383,1.0,0,1,0,0.06366199510362011,Persuadable
3714,0.0917680481779412,0.115245683855685,1.7471639285682412,0.8034425075164564,0.6193373256626359,-0.507975366107965,0.0,0,1,0,0.027160709339792168,Persuadable
2061,-1.4560438588712932,0.2313050046338783,-0.0972627677878441,0.9199600031923288,0.5468986167521899,0.2896001644590086,0.0,25,1,1,-0.03061260284273719,Not Persuadable
2220,-1.542033409262917,-0.013030407530739,-0.0972627677878441,0.5445147393478507,-0.6930816357736798,-0.3357381963168143,1.0,0,1,0,-0.04586568287836273,Not Persuadable
1674,0.4357262497444378,-1.3080080920032109,-0.712071666573206,-1.306818803057679,2.391955143706491,-1.0315372174617452,1.0,0,0,0,0.11273406759456289,Highly Persuadable
261,-0.2521901533885552,0.3351475548038407,-0.0972627677878441,1.2306733249946555,0.3551490931657152,-0.3376954368826232,0.0,5,1,1,-0.046747921527905356,Not Persuadable
4428,-1.4560438588712932,-0.746036644024591,-0.0972627677878441,-0.9443199276216312,-0.6675150326288165,-1.1323351066008842,0.0,0,1,0,-0.01877088434713055,Not Persuadable
2040,0.3497366993528136,-1.0270223680139008,-0.712071666573206,-0.607713829002444,-1.3237245133469744,-1.4092846466627904,1.0,10,0,1,0.02386800879959468,Persuadable
902,0.0917680481779412,-0.2695825903035872,-0.712071666573206,-1.306818803057679,0.7812591455801035,0.4559656125527334,0.0,15,0,1,-0.0479331552648218,Not Persuadable
3745,2.929423211101537,0.7260842142672284,1.7471639285682412,0.6869250118405839,2.136289112257858,0.7152999875223628,1.0,0,0,0,0.14693112310278095,Highly Persuadable
2027,0.607705350527686,1.4713072213693112,1.7471639285682412,-1.306818803057679,-0.940225466174025,-0.3132299298100166,0.0,5,1,1,0.028204019449608344,Persuadable
4235,1.295621753660679,1.0559370206894618,0.5175461309975176,0.9717455568260498,0.3338435905449958,0.4363932068946479,0.0,20,1,1,0.033701171231050056,Persuadable
1918,1.0376531024858069,0.115245683855685,1.7471639285682412,0.5315683509394203,0.2400993790138303,0.8748150936357578,1.0,25,0,1,-0.05597093580851712,Not Persuadable
1829,-0.9401065565215484,-0.8498791941945534,-0.0972627677878441,-0.4005716144675594,2.132028011733714,-1.1303778660350758,0.0,0,0,0,0.15165680358398648,Highly Persuadable
1574,0.0057784977863171,-1.0636726798385934,-0.712071666573206,-1.306818803057679,-0.0113055519106586,-0.8338559203150842,0.0,0,0,0,0.14632569038681356,Highly Persuadable
4405,-0.080211052605307,-1.2713577801785183,-1.3268805653585676,-0.659499382636165,-0.7825647467807013,-0.4844884793182625,1.0,10,1,1,0.13154236938584643,Highly Persuadable
4209,1.1236426528774308,-1.8699795399818304,0.5175461309975176,1.994510241092042,-1.2768524075813916,-0.6342173826026147,1.0,0,0,0,0.11569724136236981,Highly Persuadable
225,0.0917680481779412,0.9582028558236148,1.7471639285682412,0.5704075161647112,0.5937707225177726,0.1291064380627102,0.0,0,0,0,0.08424375943568091,Persuadable
724,-1.542033409262917,2.1310128342137777,-1.3268805653585676,0.0784447566443607,-1.3237245133469744,0.0997478295755819,0.0,0,1,0,-0.028110721830563817,Not Persuadable
4686,-0.7681274557383001,-1.8699795399818304,-1.3268805653585676,-1.306818803057679,2.460132752092793,-1.357417771668865,0.0,0,0,0,-0.01752401158929137,Not Persuadable
1142,-1.8859916108294137,-0.6299773232463978,-0.712071666573206,-0.9831590928469222,-0.867786757263579,-1.3163157197868856,1.0,0,1,0,0.01368268510127071,Persuadable
2763,-0.5101588045634277,-0.8010121117616299,0.5175461309975176,1.7485288613318666,0.6832538335247942,-0.7722028424921158,0.0,0,0,0,0.1598170293575957,Highly Persuadable
847,3.273381412668034,2.4914075671565885,2.3619728273536027,0.6869250118405839,0.6917760345730819,2.381890329308322,0.0,0,1,0,-0.007650836012927394,Not Persuadable
2552,-0.080211052605307,0.5733745816643425,-0.0972627677878441,-1.306818803057679,-0.3181047896490181,0.6164593389490325,1.0,25,1,1,0.033252885440844246,Persuadable
2929,-1.370054308479669,-1.8699795399818304,-0.0972627677878441,-0.5300354985518623,0.8877866586837004,-0.4619802128114648,0.0,0,1,0,0.05574772648365574,Persuadable
118,0.0057784977863171,-0.196281966654202,1.1323550297828793,1.528440258388552,-0.9998808735120394,-1.594243880131696,1.0,0,0,0,0.15784429792623836,Highly Persuadable
646,-0.1662006029969311,-1.8699795399818304,-1.3268805653585676,-0.0769119042568025,2.102200308064707,-0.9258462269080848,0.0,20,0,1,0.03469745802582575,Persuadable
4,0.9516635520941824,0.848251920349537,-0.0972627677878441,-1.306818803057679,-1.3237245133469744,0.5655710842380106,0.0,0,1,0,-0.03783975260522326,Not Persuadable
4171,1.1236426528774308,-0.4284006082105884,1.1323550297828793,0.4409436320804086,-0.3394102922697375,0.2964505064393384,1.0,20,1,1,0.05406589499765604,Persuadable
468,1.983538156793672,2.326481163945472,0.5175461309975176,-1.306818803057679,0.5980318230419165,2.597186791547259,0.0,25,0,1,0.02145886982407505,Persuadable
6,-1.370054308479669,-1.8699795399818304,-1.3268805653585676,0.648085846615293,0.615076225138492,-0.4619802128114648,0.0,0,0,0,0.08155330159315133,Persuadable
920,-1.8859916108294137,-1.2224906977455947,-1.3268805653585676,1.0494238872766315,-0.8933533604084423,-0.1458858614333877,1.0,0,0,0,0.04484361736744919,Persuadable
2596,-0.8541170061299242,-1.6317525131213286,-0.712071666573206,0.3373725248129663,-1.3237245133469744,-0.8524497056902653,0.0,0,0,0,0.09488763165242382,Persuadable
1064,1.209632203269055,1.0437202500812308,1.1323550297828793,-0.8795879855794798,-0.4715044085181979,-0.1400141397359619,1.0,20,0,1,0.04271647367422082,Persuadable
2591,-0.8541170061299242,-1.3202248626114417,-1.3268805653585676,-0.9184271508047708,1.1647581927530528,-0.4854670996011666,0.0,10,0,1,-0.04355044771212413,Not Persuadable
243,-1.8000020604377898,-0.1901735813500865,0.5175461309975176,0.6221930697984324,0.3679323947381469,-0.571585684496742,0.0,0,1,0,-0.00016250393427473135,Not Persuadable
1161,-1.1980752076964207,-0.3489915992570878,-0.0972627677878441,0.3891580784466875,-1.085102883994917,0.7290006714830225,1.0,15,0,1,0.005213129076647142,Persuadable
2871,-1.8859916108294137,0.0175115189898381,-0.712071666573206,-1.306818803057679,0.794042447152535,0.0009071810022516,0.0,15,1,1,0.017721981489392236,Persuadable
3736,-0.4241692541718035,-1.0209139827097855,-1.3268805653585676,-1.306818803057679,-0.2754937844075794,-0.339652677448432,1.0,0,0,0,0.027346069904369327,Persuadable
2398,-0.1662006029969311,0.7321925995713437,-1.3268805653585676,-0.2970005072001173,-1.0297085771810466,-1.164629575936725,1.0,0,0,0,0.016427578824532846,Persuadable
3518,-0.080211052605307,-0.055789104659547,-1.3268805653585676,0.829335284333317,-0.8294368525462841,-0.5236332906344329,1.0,0,1,0,0.06170646079864317,Persuadable
3422,-0.080211052605307,-0.3978586816900113,-1.3268805653585676,0.2985333595876755,0.0568720564756434,-0.7036994226888171,0.0,10,0,1,0.03272145223759178,Persuadable
2564,1.7255695056187998,0.5183991139273036,-0.0972627677878441,-1.2550332494239578,-0.9870975719396076,0.3111298106829029,1.0,30,0,1,0.031243788918005423,Persuadable
1606,1.3816113040523033,-0.562785084901128,-0.0972627677878441,0.648085846615293,0.7002982356213696,-1.348610189122726,1.0,0,0,0,0.020538376633403677,Persuadable
4839,1.209632203269055,0.6527835906178432,-0.0972627677878441,-0.141643846298954,1.722962361415901,0.2436050111625083,1.0,25,0,1,0.04824808206846028,Persuadable
2325,-1.8859916108294137,0.25573854585034,-1.3268805653585676,-0.9702127044384918,1.2755468063807938,-0.7712242222092114,0.0,0,0,0,0.02036364234545627,Persuadable
2710,-0.080211052605307,-0.886529506019246,-0.712071666573206,-0.5429818869602926,-1.3237245133469744,-1.7224431371921542,1.0,0,0,0,0.06010068571250701,Persuadable
4409,-0.080211052605307,1.3369227446787717,1.1323550297828793,0.4150508552635481,-1.161802693429507,0.1467216031549869,0.0,25,0,1,0.04461922303572608,Persuadable
1313,-0.682137905346676,-0.281799360911818,-1.3268805653585676,-0.7371777130867467,-1.3237245133469744,0.0292871692064751,1.0,0,0,0,0.05873705532148197,Persuadable
3449,-0.5101588045634277,-1.4851512658225583,-0.712071666573206,-1.306818803057679,0.5895096219936288,-0.4629588330943688,0.0,20,1,1,0.09933345823723709,Persuadable
3813,-0.5101588045634277,0.115245683855685,0.5175461309975176,2.758347157189428,1.5695627425467216,-0.1370782788872497,1.0,0,1,0,-0.01063069844037983,Not Persuadable
4666,0.9516635520941824,0.7077590583548821,0.5175461309975176,-0.6724457710445954,-0.0496554566279536,1.148828772848951,1.0,0,0,0,0.10298786985228543,Highly Persuadable
2363,-0.3381797037801794,-0.605543782029936,0.5175461309975176,0.4409436320804086,1.99567279496111,-1.1088482198111818,0.0,0,0,0,0.19086827626347627,Highly Persuadable
1976,0.7796844513109343,-1.338550018523788,-0.0972627677878441,0.7646033422911656,0.8579589550146933,-0.9326965688884143,1.0,0,0,0,0.044385047616898786,Persuadable
3515,0.3497366993528136,1.0070699382565382,-0.712071666573206,-0.6336066058193045,-1.1703248944777946,0.9893136667355568,1.0,25,1,1,0.02308589982426967,Persuadable
1762,-0.7681274557383001,-0.7521450293287064,-1.3268805653585676,-0.7371777130867467,-1.3237245133469744,-0.9669482787900638,1.0,0,1,0,0.05201016964644782,Persuadable
2740,1.4676008544439274,1.226971809204694,-0.712071666573206,-0.3487860608338384,-0.6206429268632339,0.0420092328842308,0.0,0,1,0,-0.03935898033172195,Not Persuadable
4670,-0.7681274557383001,0.6100248934890351,-1.3268805653585676,-0.2063757883411052,1.488601832587988,-1.1783302598973844,1.0,0,0,0,0.05137136655960607,Persuadable
2473,0.3497366993528136,-0.422292222906473,-0.0972627677878441,-0.3876252260591293,0.8068257487249667,-1.0589385853830646,1.0,0,0,0,0.042699841469488825,Persuadable
4008,0.5217158001360619,-0.3367748286488569,-0.0972627677878441,-1.306818803057679,-0.3436713927938815,0.4637945748159673,1.0,10,1,1,0.0987565721221627,Persuadable
1494,-1.1120856573047966,-0.605543782029936,-0.712071666573206,1.5802258120222732,-1.3237245133469744,-0.960097936809734,0.0,30,1,1,0.1315158470229874,Highly Persuadable
4207,0.0057784977863171,-0.8743127354110151,-0.712071666573206,-1.306818803057679,0.1761828711516721,0.8806868153331836,0.0,30,0,1,-0.16498997386797878,Not Persuadable
2159,0.6936949009193102,0.4573152608861493,1.1323550297828793,-0.3358396724254082,0.5852485214694848,0.1261705772139973,1.0,20,0,1,-0.018869308175123885,Not Persuadable
1170,-0.3381797037801794,1.7217510188380438,0.5175461309975176,-0.750124101495177,2.0808948054439877,0.2817712021957747,1.0,0,0,0,0.08651497583655143,Persuadable
4527,-0.2521901533885552,-0.2146071225665483,-0.712071666573206,-0.3617324492422687,2.0553282022991244,-0.511889847239582,1.0,0,0,0,0.030924235506921086,Persuadable
233,0.3497366993528136,-0.3367748286488569,1.1323550297828793,0.5445147393478507,-1.3237245133469744,-0.7408869934391794,0.0,15,1,1,0.15470781193073035,Highly Persuadable
67,-0.3381797037801794,-1.8699795399818304,0.5175461309975176,-0.9961054812553524,0.542637516228046,-0.5255905312002417,1.0,0,0,0,0.13486032159090147,Highly Persuadable
1604,-1.4560438588712932,-0.5383515436846662,-0.712071666573206,0.9329063916007588,-1.3237245133469744,0.3962697752955735,0.0,25,0,1,-0.05644232749285115,Not Persuadable
3284,1.3816113040523033,0.5061823433190727,1.1323550297828793,0.738710565474305,1.7442678640366207,0.3316808366238925,0.0,0,1,0,0.20786173248903086,Highly Persuadable
3597,-0.4241692541718035,-0.2084987372624328,-0.0972627677878441,-0.4653035565097109,-0.2286216786419966,-0.7262076891956152,1.0,0,1,0,0.09542513957153868,Persuadable
126,0.3497366993528136,1.5140659184981191,3.5915906249243266,0.9587991684176196,1.7911399698022037,0.9951853884329818,0.0,0,0,0,0.12897181140618277,Highly Persuadable
1297,-1.6280229596545417,-1.8699795399818304,-1.3268805653585676,-0.4523571681012805,-0.3777601969870325,-1.2644488447929594,0.0,0,0,0,0.04512683788196602,Persuadable
1977,-1.8859916108294137,-0.4406173788188193,-0.712071666573206,0.0007664261937791,1.1903247958979162,-0.4747022764892197,1.0,25,0,1,-0.034257129203621624,Not Persuadable
4528,0.1777575985695653,-0.3917502963858958,-0.0972627677878441,-0.3358396724254082,0.5298542146556143,0.0009071810022516,0.0,0,1,0,-0.053795058529256985,Not Persuadable
4534,-1.542033409262917,-1.8699795399818304,-0.712071666573206,-1.306818803057679,-1.3237245133469744,-0.8602786679534993,1.0,0,1,0,0.12425325416650411,Highly Persuadable
2076,-1.2840647580880449,-1.8699795399818304,-0.712071666573206,-1.306818803057679,1.215891399042779,-1.3290377834646407,0.0,10,0,1,-0.05108029603037257,Not Persuadable
3087,-1.1980752076964207,0.3351475548038407,-0.712071666573206,-1.073783811705934,-0.867786757263579,0.6947489615813732,0.0,0,0,0,0.01502833745107571,Persuadable
4356,-0.7681274557383001,-0.8010121117616299,-0.712071666573206,-1.306818803057679,0.8707422565871249,-0.4942746821473053,0.0,0,1,0,0.0255376462676368,Persuadable
3346,-0.2521901533885552,0.7260842142672284,1.1323550297828793,-1.306818803057679,0.4616766062693123,-1.0011999886917131,0.0,15,1,1,0.06880351072064785,Persuadable
4920,1.0376531024858069,2.185988301950817,-0.712071666573206,-0.6724457710445954,-0.1220941655383996,1.0764108719140362,0.0,0,0,0,0.05049720210724907,Persuadable
2798,-0.2521901533885552,-0.9659385149727464,-1.3268805653585676,-0.6206602174108743,-0.0368721550555219,-0.4061988566859218,0.0,0,0,0,-0.028581111267739743,Not Persuadable
919,1.3816113040523033,1.086478947210039,-0.712071666573206,-0.750124101495177,-0.2073161760212772,0.0420092328842308,1.0,0,0,0,-0.0072928771451724545,Not Persuadable
1647,-0.080211052605307,-0.7765785705451681,-0.0972627677878441,1.1012094409103528,0.6449039288074991,-0.1693727482230902,1.0,0,1,0,0.06048014658320086,Persuadable
365,-0.1662006029969311,0.1702211515927239,-0.712071666573206,0.7128177886574444,-0.543943117428644,1.1302349874737705,1.0,0,1,0,-0.011736025302478794,Not Persuadable
3288,1.1236426528774308,1.2391885798129247,1.1323550297828793,1.7226360845150064,1.5354739383535705,1.4492651997005594,1.0,20,1,1,0.035633812993817036,Persuadable
2126,0.1777575985695653,0.5428326551437653,-0.0972627677878441,-0.5688746637771531,0.3125380879242764,-0.7046780429717215,1.0,0,1,0,0.038683571650937526,Persuadable
4124,0.3497366993528136,0.5916997375766888,-0.0972627677878441,-1.306818803057679,0.798303547676679,1.1801446219018874,1.0,0,1,0,-0.0629961606343516,Not Persuadable
526,-0.4241692541718035,-1.5156931923431356,-0.712071666573206,-1.306818803057679,-0.3734990964628886,-0.598008432135157,1.0,20,0,1,0.04842028568449436,Persuadable
56,-0.682137905346676,-0.3734251404735496,-0.712071666573206,-1.306818803057679,0.6406428282833553,-0.6508539274119871,0.0,0,0,0,0.12443351236688413,Highly Persuadable
639,0.607705350527686,0.622241664097266,1.7471639285682412,0.3503189132213966,1.748528964560765,-0.0744465807813768,1.0,0,1,0,0.16552847299493265,Highly Persuadable
303,0.8656740017025585,1.3185975887664254,1.1323550297828793,-0.750124101495177,-1.26406910600896,-0.0705320996497599,1.0,0,1,0,0.06773324157467121,Persuadable
2767,-1.8859916108294137,-0.4467257641229347,-0.712071666573206,-1.216194084198667,-0.3564546943663131,-0.4727450359234116,1.0,0,1,0,0.028499955801686683,Persuadable
1277,-0.5961483549550518,0.3717978666285332,-0.0972627677878441,-0.9572663160300616,-1.3237245133469744,-0.5931153307206356,0.0,10,1,1,0.09134566171973793,Persuadable
2056,0.607705350527686,-1.369091945044365,-0.712071666573206,-0.6465529942277348,0.1463551674826649,0.0224368272261452,1.0,10,0,1,-0.11478179855969992,Not Persuadable
3645,-0.2521901533885552,0.3168223988914943,1.1323550297828793,0.0525519798275001,0.2102716753448232,-0.1341424180385368,1.0,0,1,0,-0.006867871673375679,Not Persuadable
4144,-0.4241692541718035,0.1091372985515696,1.7471639285682412,0.0784447566443607,1.5866071446432972,0.7299792917659266,1.0,0,0,0,0.0777780627784461,Persuadable
2879,-0.8541170061299242,-1.185840385920902,-0.712071666573206,-0.3358396724254082,0.1506162680068088,-2.1256346937487103,1.0,0,1,0,-0.06511742101290229,Not Persuadable
4203,0.5217158001360619,-0.0374639487472007,1.1323550297828793,0.0525519798275001,0.1591384690550966,-0.3993485147055919,1.0,0,0,0,0.0746181454170864,Persuadable
2287,0.6936949009193102,-0.0313555634430853,-1.3268805653585676,-0.9961054812553524,-1.119191688188068,-0.9571620759610212,0.0,15,0,1,0.043180393182583286,Persuadable
2262,-0.7681274557383001,0.6833255171384203,0.5175461309975176,-0.8148560435373283,-0.2541882817868599,0.3894194333152436,0.0,0,1,0,0.050441398843782556,Persuadable
2297,2.6714545599266653,1.1048041031223852,1.7471639285682412,1.1271022177272134,1.7187012608917576,0.8160978766615019,1.0,0,0,0,0.13391926568444854,Highly Persuadable
1754,-0.5961483549550518,0.2374133899379937,-1.3268805653585676,-0.3099468956085476,-1.3237245133469744,-0.072489340215568,0.0,0,0,0,0.041105129459337864,Persuadable
1969,-0.4241692541718035,1.9721948163067768,-1.3268805653585676,-1.2550332494239578,-0.7740425457324136,0.541105577165404,0.0,25,0,1,-0.10197701385920831,Not Persuadable
4362,0.3497366993528136,-0.3612083698653187,-1.3268805653585676,-0.012179962214651,-0.8336979530704279,-0.5343981137463797,1.0,0,1,0,-0.0430695265648275,Not Persuadable
3118,-0.1662006029969311,-1.1186481475756325,-0.0972627677878441,0.648085846615293,0.8536978544905495,0.1897808956027742,0.0,0,1,0,0.058536590007795035,Persuadable
2394,0.3497366993528136,0.5061823433190727,0.5175461309975176,0.6739786234321535,0.1719217706275282,0.3404884191700305,0.0,25,1,1,0.11426768877439752,Highly Persuadable
524,-0.1662006029969311,0.6772171318343049,-1.3268805653585676,0.2726405827708149,-1.3237245133469744,0.419756662085276,1.0,0,0,0,0.06287541655525937,Persuadable
3901,0.6936949009193102,2.259288925600202,-0.0972627677878441,0.1690694755033727,-0.0752220597728168,1.752637487400881,0.0,0,1,0,0.09294292808656059,Persuadable
3123,0.6936949009193102,-0.1596316548295094,-0.0972627677878441,0.51862196253099,1.3565077163395276,0.2299043272018486,1.0,0,0,0,0.20467891444396463,Highly Persuadable
4157,0.3497366993528136,0.2618469311544554,-0.712071666573206,0.6869250118405839,-0.9146588630291616,-0.5500560382728483,0.0,0,0,0,0.15764375738172037,Highly Persuadable
1970,0.8656740017025585,1.4102233683281569,1.7471639285682412,0.5445147393478507,-1.0552751803259095,-0.4257712623440066,1.0,0,0,0,0.1378025347248049,Highly Persuadable
672,0.2637471489611895,0.4695320314943801,-0.0972627677878441,0.5963002929815718,-1.3237245133469744,1.1644866973754195,0.0,20,1,1,-0.0677280745381863,Not Persuadable
4189,-0.7681274557383001,-0.6421940938546286,0.5175461309975176,-0.7242313246783165,-0.6206429268632339,-0.4081560972517299,0.0,5,0,1,-0.018017821674947556,Not Persuadable
667,-1.6280229596545417,-0.5322431583805508,-0.0972627677878441,1.1659413829525045,-0.5183765142837806,0.091918867312348,1.0,0,0,0,0.05324607016847766,Persuadable
4349,0.4357262497444378,-0.055789104659547,-0.0972627677878441,0.3114797479961058,-0.5396820169045,-0.1409927600188666,0.0,0,1,0,0.07277981074881362,Persuadable
1888,0.1777575985695653,-0.8743127354110151,-1.3268805653585676,-1.306818803057679,1.3011134095256571,-0.0245369463532589,0.0,0,0,0,0.0771954367216559,Persuadable
3267,-1.8859916108294137,0.2740637017626863,-1.3268805653585676,-1.1385157537480854,0.1463551674826649,-0.2828927010399842,0.0,5,1,1,0.1009680261767836,Highly Persuadable
281,0.5217158001360619,-1.155298459400325,-0.0972627677878441,0.98469194523448,0.9474420660217148,-0.119463113794973,0.0,20,0,1,0.03489240250099562,Persuadable
1720,-1.370054308479669,-0.7399282587204755,-0.0972627677878441,-1.306818803057679,0.2954936858277008,0.48043111962534,0.0,25,0,1,-0.044203590595899026,Not Persuadable
2948,0.4357262497444378,0.2374133899379937,-0.0972627677878441,-1.306818803057679,2.1959445195958724,0.2749208602154448,0.0,0,1,0,0.04288940921010736,Persuadable
900,-1.542033409262917,-0.3673167551694341,-1.3268805653585676,0.4279972436719784,0.4233267015520173,0.5088111078295635,1.0,20,0,1,-0.07941250658838979,Not Persuadable
4861,-1.6280229596545417,-0.6849527909834366,-1.3268805653585676,-0.5818210521855834,0.2443604795379742,-0.180137571335037,1.0,0,0,0,-0.0034089670011376713,Not Persuadable
761,1.295621753660679,2.8395855294911683,-0.0972627677878441,-0.4135180028759897,-0.360715794890457,2.414184798644162,0.0,20,0,1,0.06651797930559983,Persuadable
1907,0.0057784977863171,-0.9537217443645156,0.5175461309975176,-0.0251263506230813,-1.0893639845190608,-1.896637547549113,1.0,15,0,1,0.025232686427184774,Persuadable
4043,0.0057784977863171,-1.0697810651427089,-0.712071666573206,-0.8148560435373283,0.4531544052210245,-0.9571620759610212,0.0,0,1,0,0.010252034352208877,Persuadable
3824,-0.2521901533885552,-0.2329322784788946,2.3619728273536027,-0.2063757883411052,1.5439961394018584,-1.529654941460015,0.0,10,1,1,0.15175963439384038,Highly Persuadable
4139,-1.0260961069131724,-1.4485009539978655,-1.3268805653585676,-0.0898582926652328,-0.5396820169045,-1.590329399000079,0.0,0,0,0,0.04555498122121631,Persuadable
3819,1.6395799552271757,0.6405668200096123,1.7471639285682412,1.6837969192897153,-0.8294368525462841,0.2778567210641577,1.0,20,0,1,-0.0004551434595994545,Not Persuadable
4301,-0.4241692541718035,-0.3306664433447415,-0.0972627677878441,-1.306818803057679,-0.2967992870282988,1.2936645747187825,0.0,30,1,1,-0.01893106726013253,Not Persuadable
2594,0.7796844513109343,-0.013030407530739,0.5175461309975176,0.5056755741225601,0.2060105748206793,0.8346916620366827,0.0,0,0,0,-1.556415001509578e-05,Not Persuadable
4165,-0.2521901533885552,1.3796814418075796,1.7471639285682412,0.0396055914190698,1.045447378077024,0.2436050111625083,1.0,30,0,1,0.06370667593743809,Persuadable
3032,0.607705350527686,0.5672661963602271,-0.0972627677878441,1.0105847220513406,-0.8592645562152912,1.0597743271046631,0.0,0,1,0,0.05715614386412943,Persuadable
3580,-1.370054308479669,0.8360351497413061,-1.3268805653585676,-0.4394107796928503,-0.9870975719396076,0.9570191973997156,0.0,5,1,1,0.11949770727300402,Highly Persuadable
2833,1.0376531024858069,0.7566261407878055,0.5175461309975176,-1.306818803057679,-0.505593212711349,-0.7301221703272325,1.0,25,1,1,0.09554125617272818,Persuadable
3473,1.1236426528774308,0.8177099938289598,-0.0972627677878441,-1.306818803057679,-0.8038702494014207,1.303450777547825,1.0,25,0,1,-0.004279731108396585,Not Persuadable
138,0.8656740017025585,0.8360351497413061,1.7471639285682412,-0.1028046810736631,0.2571437811104059,0.0977905890097737,0.0,0,0,0,0.002409743688964081,Persuadable
2181,2.1555172575769204,0.8787938468701142,0.5175461309975176,-1.306818803057679,2.0553282022991244,0.7123641266736499,1.0,0,0,0,0.039310225035200104,Persuadable
2129,0.4357262497444378,-0.5078096171640891,-0.0972627677878441,0.0784447566443607,0.5639430188487654,-0.6792339156162106,1.0,0,0,0,-0.00038801763576249164,Not Persuadable
3178,0.1777575985695653,-0.0741142605718933,-1.3268805653585676,-1.1385157537480854,0.4659377067934561,-0.3944554132910702,0.0,15,1,1,0.007445353187471282,Persuadable
4378,-0.1662006029969311,-0.2573658196953563,0.5175461309975176,0.1561230870949425,1.215891399042779,0.3336380771897007,0.0,0,1,0,0.029198310837653358,Persuadable
4262,1.1236426528774308,0.5794829669684579,0.5175461309975176,0.5315683509394203,1.373552118436103,1.0813039733285572,0.0,15,1,1,0.1674806756497333,Highly Persuadable
4345,-0.5961483549550518,-0.746036644024591,-0.0972627677878441,-1.306818803057679,0.7769980450559595,-0.5441843165754224,0.0,5,1,1,0.12859573241748418,Highly Persuadable
1332,-1.1120856573047966,-0.4161838376023576,-0.712071666573206,-1.034944646480643,-0.7868258473048452,-0.3474816397116659,1.0,25,0,1,-0.00023152316097013896,Not Persuadable
2018,-0.682137905346676,0.0908121426392233,2.3619728273536027,-0.4005716144675594,-0.249927181262716,1.1547004945463768,1.0,25,1,1,0.07716522768659502,Persuadable
2483,0.2637471489611895,0.2251966193297628,0.5175461309975176,-1.306818803057679,0.7343870398145207,0.5665497045209154,0.0,15,1,1,-0.047929170001215216,Not Persuadable
1359,-0.4241692541718035,0.8238183791330753,3.5915906249243266,-1.306818803057679,0.1847050721999599,0.91200266438612,1.0,25,1,1,-0.015137920436643856,Not Persuadable
1330,0.7796844513109343,0.5916997375766888,0.5175461309975176,2.2922771744859385,0.5255931141314705,0.8151192563785978,1.0,30,1,1,0.025717746169996468,Persuadable
2151,-0.080211052605307,-0.465050920035281,0.5175461309975176,0.4021044668551178,-1.3237245133469744,-0.6537897882607,0.0,0,0,0,0.19147151229482307,Highly Persuadable
2123,-0.8541170061299242,-1.8699795399818304,0.5175461309975176,0.5315683509394203,-0.8507423551670035,-2.0385374885702308,1.0,10,0,1,0.08317443486387217,Persuadable
3982,-0.2521901533885552,0.0358366749021844,-0.0972627677878441,0.6739786234321535,-0.5524653184769317,-0.5510346585557524,1.0,0,0,0,0.11305512526087805,Highly Persuadable
1253,-0.8541170061299242,0.481748802102611,-0.0972627677878441,-0.0769119042568025,0.4744599078417439,0.484345600756957,0.0,20,0,1,-0.1077993446141633,Not Persuadable
3279,-0.7681274557383001,0.25573854585034,-0.0972627677878441,-0.5170891101434321,-1.3237245133469744,-0.8289628189005628,0.0,30,1,1,-0.02864053856258173,Not Persuadable
3375,0.0057784977863171,-0.1657400401336248,-0.0972627677878441,0.3503189132213966,0.5639430188487654,-0.0578100359720042,1.0,15,0,1,-0.07329910162396319,Not Persuadable
2815,0.0057784977863171,-0.5872186261175897,0.5175461309975176,0.091391145052791,0.2273160774413987,-2.7470585733929167,1.0,25,1,1,0.11050178128601915,Highly Persuadable
1849,-0.4241692541718035,-1.8699795399818304,-1.3268805653585676,-0.8278024319457586,-1.123452788712212,-1.663725920217899,0.0,0,0,0,0.07006676555996624,Persuadable
3038,-0.080211052605307,-1.3263332479155572,-0.712071666573206,-1.306818803057679,-0.4033268001318958,-1.4386432551499182,0.0,0,0,0,-0.015036444744634146,Not Persuadable
389,0.2637471489611895,-0.7399282587204755,-1.3268805653585676,-0.3876252260591293,-1.1490193918570752,0.2661132776693068,0.0,0,1,0,-0.0429667416067553,Not Persuadable
236,-0.682137905346676,-0.5750018555093589,0.5175461309975176,-1.2420868610155276,-0.8507423551670035,-0.1527362034137175,1.0,5,0,1,-0.05045708725245897,Not Persuadable
1078,2.929423211101537,0.622241664097266,1.1323550297828793,-0.6853921594530257,-0.8209146514979963,-0.3856478307449322,1.0,0,0,0,0.06563485669771618,Persuadable
1985,-0.7681274557383001,-1.3935254862608268,-0.712071666573206,-0.9572663160300616,-1.3237245133469744,-1.2908715924313745,1.0,0,1,0,0.12556588108335084,Highly Persuadable
4364,-0.5961483549550518,-0.917071432539823,-0.712071666573206,-0.7630704899036073,-1.046752979277622,-1.4846384084464184,0.0,25,0,1,0.06807380390502402,Persuadable
3963,0.5217158001360619,0.1702211515927239,0.5175461309975176,1.023531110459771,0.1633995695792405,-0.2378761680263881,0.0,0,0,0,0.1391090943245723,Highly Persuadable
771,1.811559056010424,1.990519972219123,-0.0972627677878441,0.5704075161647112,-1.3237245133469744,0.9863778058868438,0.0,10,0,1,0.050446369148451776,Persuadable
2166,1.295621753660679,1.3369227446787717,-0.0972627677878441,-0.5688746637771531,-0.6675150326288165,1.0646674285191844,0.0,0,0,0,0.02295265108516473,Persuadable
674,-1.370054308479669,-0.9781552855809774,-1.3268805653585676,-0.2970005072001173,-0.3181047896490181,0.2240326055044235,1.0,0,1,0,-0.04996168759155303,Not Persuadable
250,-1.1980752076964207,-1.4118506421731731,-1.3268805653585676,-0.8795879855794798,-1.3237245133469744,-0.5520132788386564,1.0,0,0,0,0.15517160977878447,Highly Persuadable
1575,-1.4560438588712932,-1.1614068447044403,0.5175461309975176,0.6610322350237232,1.2244136000910673,-0.4179423000807727,1.0,20,1,1,0.14624474384106187,Highly Persuadable
3420,1.295621753660679,1.0131783235606535,0.5175461309975176,1.735582472923436,1.11788608698747,0.7485730771411081,1.0,25,0,1,0.08342661914132643,Persuadable
2082,0.4357262497444378,1.1536711855553086,0.5175461309975176,-0.1157510694820934,-0.8081313499255647,1.4267569331937615,1.0,25,1,1,0.0030105388422768413,Persuadable
1824,0.6936949009193102,1.3002724328540791,1.1323550297828793,0.0396055914190698,-1.3237245133469744,1.1556791148292809,1.0,20,1,1,0.013607728982491461,Persuadable
717,-1.6280229596545417,-0.831554038282207,-1.3268805653585676,-1.306818803057679,-0.8763089583118667,1.1018549992695468,1.0,5,0,1,-0.15395468044088914,Not Persuadable
4679,-0.9401065565215484,-1.735595063291291,-0.0972627677878441,0.8811208379670382,-1.3237245133469744,-0.8612572882364037,0.0,0,0,0,0.12910648091415558,Highly Persuadable
2049,0.0917680481779412,0.2801720870668017,-0.0972627677878441,-1.306818803057679,0.9900530712631536,1.5676782539319754,0.0,5,0,1,-0.10752218435276838,Not Persuadable
4179,-1.8859916108294137,-1.2896829360908646,-1.3268805653585676,-1.1126229769312248,-1.3237245133469744,-1.3916694815705135,1.0,25,1,1,0.1324375328874412,Highly Persuadable
2725,-0.5961483549550518,-0.605543782029936,-0.712071666573206,-1.306818803057679,-1.1064083866156365,-0.7350152717417535,0.0,0,0,0,0.16064437978959425,Highly Persuadable
4532,0.2637471489611895,-1.29579132139498,-0.0972627677878441,1.8909391338246,-1.161802693429507,-1.0628530665146816,0.0,0,0,0,0.23486380380716265,Highly Persuadable
1461,1.0376531024858069,1.678992321709236,1.1323550297828793,-0.0251263506230813,-0.5567264190010756,0.6193951997977454,0.0,0,0,0,0.037752402359174875,Persuadable
1669,0.2637471489611895,0.0114031336857227,-0.712071666573206,0.6610322350237232,-1.3237245133469744,-0.3200802717903465,0.0,0,1,0,0.15063248980459745,Highly Persuadable
2757,0.6936949009193102,0.8116016085248444,0.5175461309975176,1.0882630525019223,0.7514314419110962,-0.1820948119008451,1.0,15,0,1,-0.05827673859368836,Not Persuadable
2001,-0.4241692541718035,-1.564560274776059,-1.3268805653585676,-1.0996765885227946,0.1122663632895139,0.0380947517526138,0.0,0,0,0,0.015418445485707739,Persuadable
405,0.5217158001360619,0.4573152608861493,0.5175461309975176,-0.2063757883411052,-1.1021472860914925,0.9061309426886942,0.0,10,1,1,0.0848464326375947,Persuadable
385,-1.6280229596545417,0.5733745816643425,0.5175461309975176,0.0654983682359304,-1.3237245133469744,1.0940260370063128,0.0,15,0,1,-0.0898222623448482,Not Persuadable
4503,-1.370054308479669,-1.815004072244792,-0.712071666573206,-0.2063757883411052,-0.8720478577877229,-2.303743585237286,0.0,0,0,0,-0.03757228560731524,Not Persuadable
2153,-0.8541170061299242,0.665000361226074,-0.712071666573206,-0.1157510694820934,0.653426129855787,0.926681968629684,0.0,0,1,0,-0.09670123708371547,Not Persuadable
1634,0.0057784977863171,-1.2347074683538255,-0.0972627677878441,0.4279972436719784,-1.1490193918570752,-1.090254434436001,1.0,0,0,0,0.10429830088920566,Highly Persuadable
4597,-0.3381797037801794,1.275838891637617,-0.712071666573206,0.6998714002490141,-0.5950763237183705,1.1057694804011635,1.0,30,1,1,0.1081975997609553,Highly Persuadable
3926,0.9516635520941824,1.0925873325141544,-1.3268805653585676,-1.306818803057679,-0.8422201541187156,-0.3132299298100166,0.0,0,0,0,0.06139261295821298,Persuadable
4159,1.1236426528774308,-0.0313555634430853,0.5175461309975176,-1.306818803057679,0.2571437811104059,-0.1321851774727279,0.0,0,0,0,-0.0084561474597381,Not Persuadable
224,-1.1120856573047966,-0.2084987372624328,0.5175461309975176,1.6837969192897153,0.0440887549032118,-1.1744157787657674,0.0,20,1,1,0.1341538611781996,Highly Persuadable
2194,0.0057784977863171,-0.8987462766274767,-0.712071666573206,-0.5041427217350017,0.653426129855787,-0.353353361409091,1.0,5,1,1,0.15120397240256953,Highly Persuadable
3137,1.295621753660679,-0.3306664433447415,2.9767817261389644,2.7195079919641376,-0.3095825886007304,0.1692298696617846,0.0,0,1,0,0.06441225608320499,Persuadable
1825,-0.9401065565215484,-0.2329322784788946,-0.712071666573206,-1.306818803057679,0.8366534523939739,-0.922910366059372,0.0,20,0,1,0.05697697671035187,Persuadable
4611,0.0917680481779412,-1.185840385920902,-0.0972627677878441,1.3083516554452377,-1.3237245133469744,-1.0520882434027348,0.0,10,0,1,0.08926744492921616,Persuadable
798,1.1236426528774308,0.7321925995713437,1.1323550297828793,-0.1157510694820934,1.4800796315397,0.0498381951474647,0.0,20,0,1,0.00719181038032525,Persuadable
2872,-0.682137905346676,-0.5322431583805508,-0.712071666573206,-0.3876252260591293,-1.3237245133469744,0.2484981125770301,1.0,20,0,1,-0.02624551764840565,Not Persuadable
10,-0.8541170061299242,-0.1657400401336248,0.5175461309975176,1.852099968599309,0.5937707225177726,-0.3279092340535804,0.0,0,0,0,0.045170848383090004,Persuadable
1945,-0.4241692541718035,-0.1046561870924705,-0.0972627677878441,-0.4523571681012805,-1.3237245133469744,0.1261705772139973,0.0,0,0,0,0.1157198428086718,Highly Persuadable
1839,1.5535904048355516,2.0210618987397,1.1323550297828793,-0.7371777130867467,2.1149836096371386,1.188952204448026,0.0,20,1,1,0.11571062549960201,Highly Persuadable
256,0.7796844513109343,-0.7765785705451681,1.1323550297828793,-0.5300354985518623,-0.8379590535945718,-0.1223989746436852,1.0,0,1,0,-0.005828966727327186,Not Persuadable
4519,-0.2521901533885552,-0.0496807193554316,0.5175461309975176,-0.5300354985518623,-0.578031921621795,-0.0852114038933237,1.0,30,1,1,0.11988942279652207,Highly Persuadable
1582,-0.1662006029969311,-0.5078096171640891,-0.712071666573206,-1.306818803057679,0.5980318230419165,-0.7448014745707964,1.0,0,0,0,0.18308633418122205,Highly Persuadable
2957,0.5217158001360619,0.115245683855685,-1.3268805653585676,2.0851349599510542,0.4105433999795856,0.2896001644590086,0.0,0,1,0,0.034492125847911975,Persuadable
925,-0.1662006029969311,-1.2530326242661718,-0.0972627677878441,1.90388552223303,-0.0965275623935363,-0.76633112079469,0.0,0,1,0,0.1472761126972357,Highly Persuadable
4440,-1.0260961069131724,-0.3306664433447415,-1.3268805653585676,1.1012094409103528,0.6449039288074991,-0.6606401302410299,1.0,0,1,0,0.0585296902966311,Persuadable
2509,0.9516635520941824,-0.2268238931747791,-1.3268805653585676,-1.306818803057679,0.7642147434835279,-0.5255905312002417,0.0,15,0,1,-0.050130141638621575,Not Persuadable
3776,-0.9401065565215484,-1.8699795399818304,-1.3268805653585676,-0.750124101495177,-1.3237245133469744,-1.4474508376960566,1.0,0,1,0,0.13946053251493504,Highly Persuadable
4137,1.4676008544439274,0.3595810960203023,-0.0972627677878441,-0.1804830115242448,0.3508879926415713,0.1839091739053484,0.0,20,0,1,-0.1020491229389387,Not Persuadable
2780,-1.0260961069131724,-0.2084987372624328,-0.712071666573206,0.5315683509394203,-0.684559434725392,-1.233132995740023,0.0,0,0,0,0.15895799271266162,Highly Persuadable
540,-0.7681274557383001,-1.50958480703902,-0.0972627677878441,-1.306818803057679,0.1889661727241038,-0.4267498826269107,0.0,0,1,0,0.11141646195558422,Highly Persuadable
2746,1.209632203269055,0.3779062519326487,1.1323550297828793,-0.0510191274399419,-0.650470630532241,-0.511889847239582,0.0,10,0,1,0.04563871067749255,Persuadable
4509,-0.9401065565215484,-0.5139180024682045,-0.712071666573206,-0.0769119042568025,-0.8336979530704279,-1.3848191395901837,0.0,0,1,0,0.019769307964387424,Persuadable
4582,0.8656740017025585,-0.5750018555093589,-0.0972627677878441,0.2079086407286636,0.5980318230419165,-0.5422270760096144,0.0,0,0,0,0.055293425107755506,Persuadable
1146,0.6936949009193102,-0.0863310311801242,-1.3268805653585676,-1.306818803057679,-0.7101260378702553,0.0429878531671348,0.0,25,0,1,0.027656210849123168,Persuadable
668,0.5217158001360619,0.072486986726877,0.5175461309975176,-1.2809260262408184,-0.6206429268632339,-0.0216010855045467,0.0,0,0,0,0.10322566893393885,Highly Persuadable
3020,-1.8859916108294137,-1.662294439641906,0.5175461309975176,0.7646033422911656,0.6278595267109237,-0.792753868433105,1.0,0,0,0,0.01628518460625058,Persuadable
358,0.2637471489611895,0.0602702161186461,-0.0972627677878441,0.6998714002490141,-1.195891497622658,-0.1713299887888983,0.0,20,1,1,0.12473772754779709,Highly Persuadable
2832,1.0376531024858069,2.442540484723665,1.7471639285682412,0.9976383336429104,2.728582085113858,0.3698470276571581,1.0,25,1,1,0.18335963991657547,Highly Persuadable
2784,1.1236426528774308,0.3290391694997252,-0.0972627677878441,-1.306818803057679,-0.3351491917455937,0.3287449757751796,1.0,10,1,1,0.13177147153180566,Highly Persuadable
1354,0.3497366993528136,-0.3734251404735496,-0.0972627677878441,-0.8795879855794798,-0.543943117428644,-0.4766595170550286,0.0,10,0,1,0.0021361943587698256,Persuadable
471,0.3497366993528136,-0.1168729577007013,-0.712071666573206,0.3632653016298269,-1.1021472860914925,-0.6674904722213597,1.0,0,1,0,0.15472387094763826,Highly Persuadable
2704,1.209632203269055,0.3107140135873789,1.7471639285682412,1.489601093163261,0.8750033571112689,-1.3329522645962582,0.0,0,1,0,-0.0425784631252494,Not Persuadable
3331,0.0057784977863171,-1.1003229916632862,-0.712071666573206,-0.5041427217350017,-0.394804599083608,-0.1615437859598562,0.0,0,0,0,0.0042761596733832735,Persuadable
3638,1.3816113040523033,1.275838891637617,1.1323550297828793,-1.1514621421565157,0.6406428282833553,0.6448393271532561,1.0,0,1,0,-0.026210686047202607,Not Persuadable
1397,0.607705350527686,1.355247900591118,-0.712071666573206,-0.3358396724254082,-1.3237245133469744,1.2956218152845904,1.0,20,0,1,-0.022227416375990256,Not Persuadable
3585,0.3497366993528136,0.0541618308145307,-0.712071666573206,-0.1028046810736631,-1.3237245133469744,0.4226925229339889,1.0,15,0,1,-0.007990083102781383,Not Persuadable
4758,0.8656740017025585,2.008845128131469,-0.712071666573206,-1.306818803057679,-1.2299803018158089,0.9560405771168116,1.0,0,0,0,-0.0451691101284037,Not Persuadable
3377,0.6936949009193102,-1.3141164773073262,-0.0972627677878441,-1.306818803057679,0.2358382784896865,0.1281278177798054,0.0,0,1,0,-0.012167426266686685,Not Persuadable
1257,0.7796844513109343,-0.691061176287552,1.1323550297828793,1.489601093163261,-0.1220941655383996,0.6546255299822988,1.0,0,1,0,0.10076534583745878,Highly Persuadable
3513,-0.682137905346676,-0.6483024791587441,-0.712071666573206,-1.047891034889073,-1.153280492381219,0.261220176254785,0.0,0,1,0,0.007598768918847875,Persuadable
1251,1.0376531024858069,0.25573854585034,-0.712071666573206,-0.9054807623963405,0.7727369445318156,-0.3631395642381338,0.0,25,1,1,0.030477102925222377,Persuadable
4818,-0.1662006029969311,-0.1107645723965859,-0.712071666573206,-0.6853921594530257,-1.3237245133469744,0.2426263908796043,1.0,25,1,1,0.13566918196801625,Highly Persuadable
4299,1.7255695056187998,-0.0008136369225081,1.7471639285682412,1.2047805481777951,-1.298157910202111,-0.9845634438823404,0.0,0,1,0,0.025517693124150195,Persuadable
3285,-0.7681274557383001,0.2679553164585709,-1.3268805653585676,-0.659499382636165,-1.3237245133469744,0.7935896101547042,1.0,30,1,1,0.06742181477237406,Persuadable
2934,1.1236426528774308,-0.1229813430048168,-0.712071666573206,0.4927291857141298,0.6363817277592114,-1.2429191985690655,0.0,30,1,1,-0.0023515244899755573,Not Persuadable
4176,-0.5101588045634277,-0.055789104659547,-0.712071666573206,0.2855869711792452,-1.3237245133469744,-0.0274728072019718,1.0,0,0,0,0.05364417792222665,Persuadable
1853,-0.3381797037801794,-0.2023903519583174,-0.0972627677878441,1.360137209078958,-1.3237245133469744,0.9041737021228854,1.0,25,1,1,0.09721317387227554,Persuadable
4880,-1.1120856573047966,0.8116016085248444,2.3619728273536027,1.114155829318783,0.9346587644492832,0.5058752469808506,0.0,0,1,0,-0.003912487518306038,Not Persuadable
2106,-0.5101588045634277,-0.3978586816900113,-0.712071666573206,-0.0769119042568025,0.0142610512342046,-1.128420625469267,1.0,20,1,1,0.012062895375731516,Persuadable
134,-0.2521901533885552,-1.3935254862608268,-0.712071666573206,-0.3228932840169778,-0.867786757263579,-0.6351960028855188,1.0,0,0,0,0.0988698922000521,Persuadable
929,-0.2521901533885552,0.4023397931491104,-0.712071666573206,0.0137128146022093,-0.8592645562152912,1.2222252940667706,0.0,15,1,1,-0.007584853787085255,Not Persuadable
824,-1.8859916108294137,-1.143081688792094,-1.3268805653585676,0.1302303102780819,-0.032611054531378,0.317001532380328,1.0,25,0,1,-0.06296023360276758,Not Persuadable
4554,0.3497366993528136,-0.2695825903035872,-0.712071666573206,-0.1675366231158145,1.5397350388777145,-0.848535224558648,1.0,0,1,0,0.05742950183192965,Persuadable
1532,0.3497366993528136,-0.1229813430048168,0.5175461309975176,0.0525519798275001,1.2371969016634987,0.8258840794905447,1.0,0,1,0,0.04412948661128814,Persuadable
1215,-1.8859916108294137,-0.2573658196953563,-1.3268805653585676,0.0525519798275001,-0.4203712022284713,-0.3934767930081662,0.0,0,0,0,-0.013250104403614,Not Persuadable
505,-1.8859916108294137,-0.886529506019246,-1.3268805653585676,-0.5818210521855834,-0.4587211069457663,0.5636138436722025,1.0,25,1,1,0.012680384404230725,Persuadable
4286,1.7255695056187998,0.988744782344192,-0.712071666573206,-0.9443199276216312,-0.2797548849317232,0.3023222281367642,1.0,0,0,0,0.06812791771061394,Persuadable
1997,0.3497366993528136,-0.1290897283089322,-0.0972627677878441,-0.9702127044384918,-0.2797548849317232,-0.1811161916179411,0.0,0,1,0,0.0494906470826397,Persuadable
3073,-1.6280229596545417,-1.8699795399818304,-0.712071666573206,-0.1804830115242448,0.3167991884484202,-1.295764693845896,0.0,0,1,0,0.033638530805409315,Persuadable
1959,-0.2521901533885552,-0.8010121117616299,-0.0972627677878441,-0.89253437398791,-1.0041419740361832,-0.1184844935120682,0.0,0,0,0,0.049943779081011885,Persuadable
1385,-1.8000020604377898,-0.4406173788188193,0.5175461309975176,0.1949622523202333,-0.906136661980874,-0.2231968637828243,1.0,0,0,0,-0.01203608418665111,Not Persuadable
895,-0.3381797037801794,-0.1596316548295094,-0.712071666573206,0.9976383336429104,1.914711885002376,-0.5285263920489546,1.0,0,0,0,0.1202907960288014,Highly Persuadable
456,0.1777575985695653,0.5978081228808043,-0.712071666573206,2.0980813483594845,-1.3237245133469744,1.2623487256658457,1.0,0,1,0,0.12306533921584761,Highly Persuadable
4647,-0.080211052605307,-1.2347074683538255,-1.3268805653585676,-1.306818803057679,-1.3237245133469744,-0.4375147057388582,1.0,0,0,0,0.14278763153057727,Highly Persuadable
3710,-0.2521901533885552,-0.6299773232463978,-0.712071666573206,-0.1157510694820934,-1.3237245133469744,0.2230539852215187,1.0,0,1,0,-0.0004353837744562037,Not Persuadable
4629,-0.682137905346676,0.7444093701795746,-0.712071666573206,1.3212980438536677,-1.3237245133469744,1.9914208364295207,1.0,0,0,0,0.09855251816192062,Persuadable
4269,1.209632203269055,-0.4528341494270502,0.5175461309975176,1.6837969192897153,0.6704705319523625,0.3982270158613823,0.0,25,0,1,0.021769702335446606,Persuadable
3523,-0.3381797037801794,-0.1901735813500865,-0.0972627677878441,0.0396055914190698,-0.6973427362978237,-0.2613630548160906,0.0,10,1,1,0.05078935173538712,Persuadable
4135,-1.1120856573047966,-1.5034764217349046,-0.712071666573206,0.9976383336429104,-0.7314315404909747,-0.9346538094542232,1.0,15,0,1,0.045126296445187584,Persuadable
3603,-1.4560438588712932,-1.2469242389620565,-1.3268805653585676,0.1949622523202333,-1.3237245133469744,-2.064960236208646,0.0,0,0,0,0.127514783646921,Highly Persuadable
714,0.0057784977863171,2.344806319857818,0.5175461309975176,-0.5170891101434321,-1.3237245133469744,2.1754014496155225,1.0,10,1,1,0.06827565710583212,Persuadable
4187,0.4357262497444378,0.719975828963113,1.7471639285682412,1.670850530881285,0.7173426377179452,1.638138914301082,0.0,0,1,0,0.08596300108082834,Persuadable
2215,-0.8541170061299242,-1.3141164773073262,-1.3268805653585676,0.648085846615293,-0.0666998587245291,-1.8545568753842296,1.0,0,0,0,0.14793000090482863,Highly Persuadable
2924,-0.682137905346676,-1.8699795399818304,-1.3268805653585676,-0.4911963333265715,0.7855202461042473,-2.0140719814976245,1.0,0,0,0,0.08501449036615141,Persuadable
1811,-1.8859916108294137,-0.6360857085505132,-0.0972627677878441,0.648085846615293,0.0483498554273556,-0.0509596939916743,0.0,20,1,1,0.024149031196121867,Persuadable
3487,0.7796844513109343,0.2618469311544554,-0.0972627677878441,-0.8536952087626192,0.4915043099383194,-0.1263134557753028,0.0,0,0,0,-0.009592951167454167,Not Persuadable
3142,3.1014023118847858,2.497515952460704,0.5175461309975176,0.4279972436719784,-0.467243307994054,1.0490095039927163,0.0,25,1,1,0.05159033362946198,Persuadable
1828,1.6395799552271757,-1.546235118863713,3.5915906249243266,2.758347157189428,-0.2967992870282988,-1.2380260971545445,0.0,0,1,0,-0.027757087320887337,Not Persuadable
1156,0.0917680481779412,1.9477612750903148,1.1323550297828793,0.0266592030106395,0.725864838766233,1.9101953529484672,0.0,5,0,1,0.0010241177280693788,Persuadable
1325,0.2637471489611895,0.3717978666285332,0.5175461309975176,1.528440258388552,-1.2299803018158089,1.4531796808321764,0.0,0,1,0,0.051686418548301194,Persuadable
4313,0.0917680481779412,-0.9048546619315924,0.5175461309975176,-0.8536952087626192,-0.1902717739247017,-0.0627031373865252,1.0,0,1,0,0.1269557073363133,Highly Persuadable
511,-1.6280229596545417,-0.4589425347311656,-0.0972627677878441,2.2922771744859385,-1.3237245133469744,-0.4061988566859218,0.0,10,0,1,0.024390623404851604,Persuadable
1681,-1.542033409262917,-0.2512574343912409,1.1323550297828793,1.4248691511211096,-0.7612592441599819,-0.5353767340292845,0.0,0,0,0,0.1482227180747252,Highly Persuadable
500,-1.542033409262917,-1.4851512658225583,-0.0972627677878441,0.3632653016298269,-1.3237245133469744,0.1242133366481884,0.0,0,0,0,0.020438556186312785,Persuadable
4547,-1.8859916108294137,-0.013030407530739,-0.712071666573206,1.3083516554452377,0.5639430188487654,-0.7350152717417535,0.0,20,0,1,-0.04365349270939095,Not Persuadable
1857,-0.1662006029969311,-1.0209139827097855,1.7471639285682412,0.0784447566443607,0.0526109559514995,1.2887714733042606,1.0,0,1,0,-0.0924063354990414,Not Persuadable
1389,0.3497366993528136,-0.3367748286488569,0.5175461309975176,0.5315683509394203,-0.6547317310563848,-0.3504175005603788,0.0,25,1,1,0.10583605589260024,Highly Persuadable
3720,0.2637471489611895,0.1641127662886085,-0.712071666573206,0.0007664261937791,0.8920477592078444,0.484345600756957,0.0,20,1,1,0.08373509315394159,Persuadable
2387,-1.6280229596545417,-0.1901735813500865,0.5175461309975176,-0.141643846298954,-0.1647051707798384,-0.7183787269323813,0.0,0,1,0,0.04667338334898408,Persuadable
3237,1.1236426528774308,0.1518959956803776,0.5175461309975176,0.8940672263754684,-0.8336979530704279,0.2250112257873276,0.0,15,0,1,0.10559219405274377,Highly Persuadable
1541,-0.2521901533885552,-1.5706686600801745,-0.712071666573206,2.4994193890208227,-1.3237245133469744,-0.5588636208189863,0.0,10,0,1,0.06942209321296619,Persuadable
1218,-1.8859916108294137,-1.5584518894719437,-1.3268805653585676,2.266384397669078,-0.2115772765454211,-1.153864752824778,1.0,0,0,0,0.048715636848290896,Persuadable
2682,-0.2521901533885552,0.3473643254120715,-1.3268805653585676,1.2565661018115162,-1.302419010726255,-0.46100159252856,0.0,0,1,0,0.033225067965771,Persuadable
2994,2.499475459143417,-0.0618974899636624,1.1323550297828793,2.305223562894369,-0.6334262284356654,-0.4776381373379327,1.0,25,1,1,0.10960163441265948,Highly Persuadable
1192,1.0376531024858069,1.2819472769417328,1.1323550297828793,-0.5559282753687228,-0.3990656996077519,2.2634772750769057,0.0,0,0,0,0.10367049274371701,Highly Persuadable
1543,0.2637471489611895,0.7383009848754593,-0.0972627677878441,-0.9443199276216312,0.1506162680068088,0.1614009073985507,1.0,20,1,1,0.12490314559323376,Highly Persuadable
3302,2.1555172575769204,0.5061823433190727,-0.0972627677878441,-1.306818803057679,1.339463314242952,-0.6351960028855188,1.0,20,0,1,-0.005249286545662524,Not Persuadable
3325,0.9516635520941824,-0.0618974899636624,2.3619728273536027,1.3342444322620977,0.8536978544905495,-0.4218567812123897,0.0,0,0,0,-0.003253947631263542,Not Persuadable
2540,0.6936949009193102,0.1518959956803776,-0.712071666573206,-0.5300354985518623,0.5937707225177726,0.3972483955784776,0.0,25,1,1,0.06592698592596549,Persuadable
954,-1.1980752076964207,-0.2207155078706637,-0.712071666573206,-1.306818803057679,-1.3237245133469744,-0.7046780429717215,0.0,15,0,1,0.040538521260994116,Persuadable
4331,1.897548606402048,0.4267733343655721,-0.0972627677878441,-0.1804830115242448,1.3053745100498009,0.4863028413227658,1.0,20,1,1,0.08114066279513006,Persuadable
733,0.607705350527686,1.5446078450186964,1.1323550297828793,1.0882630525019223,1.0667528806977435,1.9669553293569144,0.0,25,1,1,0.12001120025187022,Highly Persuadable
1157,0.0057784977863171,-1.534018348255482,-0.712071666573206,-1.306818803057679,1.4630352294431246,0.8072902941153639,0.0,10,0,1,-0.0648151296785209,Not Persuadable
3295,-0.5961483549550518,0.2435217752421091,-1.3268805653585676,-1.306818803057679,-1.3237245133469744,1.1419784308686212,1.0,0,1,0,-0.10864077092968444,Not Persuadable
2983,-0.1662006029969311,-0.0924394164842396,-0.712071666573206,0.6998714002490141,0.9687475686424344,1.1331708483224832,1.0,30,0,1,-0.07417106058454,Not Persuadable
2157,0.3497366993528136,0.3534727107161869,-0.0972627677878441,-0.1286974578905237,1.3863354200085347,-0.95911931652683,0.0,15,0,1,0.058024269558196076,Persuadable
1063,-0.4241692541718035,-0.0863310311801242,-1.3268805653585676,-1.306818803057679,0.4574155057451683,0.044945093732943,0.0,0,0,0,0.09542093981480489,Persuadable
2617,0.0057784977863171,1.2025382679882322,-0.0972627677878441,1.075316664093492,0.6917760345730819,0.5205545512244151,1.0,30,1,1,-0.0003804676603142965,Not Persuadable
1168,1.897548606402048,-1.5156931923431356,-0.0972627677878441,1.023531110459771,0.4531544052210245,-2.5953724295427563,0.0,5,0,1,0.014253979707220595,Persuadable
3223,-1.7140125100461656,-1.6989447514665983,-0.712071666573206,-0.9054807623963405,0.0824386596205067,-1.0834040924556712,1.0,20,1,1,0.04580583451496406,Persuadable
3637,-0.2521901533885552,0.0602702161186461,0.5175461309975176,-0.0380727390315116,-0.467243307994054,0.0664747399568373,0.0,0,0,0,0.07305678815606617,Persuadable
2939,-0.4241692541718035,0.3168223988914943,1.7471639285682412,1.1400486061356436,1.6206959488364483,-0.0509596939916743,0.0,0,1,0,0.059465884117083784,Persuadable
4492,-0.9401065565215484,-0.4955928465558582,-1.3268805653585676,-0.5041427217350017,-0.3990656996077519,-0.8925731372893401,0.0,0,1,0,0.015545955970368378,Persuadable
3141,-0.1662006029969311,0.4206649490614567,-0.0972627677878441,-0.8019096551288981,-1.2044136986709455,0.2259898460702316,0.0,20,0,1,0.03407637858882748,Persuadable
144,0.2637471489611895,1.1048041031223852,-0.0972627677878441,-1.306818803057679,-0.4033268001318958,-0.3357381963168143,1.0,0,1,0,0.10121581019185963,Highly Persuadable
3578,0.1777575985695653,0.1030289132474542,1.1323550297828793,-1.306818803057679,-1.3237245133469744,0.372782888505871,0.0,0,1,0,0.062416321168084064,Persuadable
2783,0.5217158001360619,0.072486986726877,-1.3268805653585676,-0.0639655158483722,-0.1007886629176801,-0.0294300477677807,0.0,15,1,1,0.042496216166573786,Persuadable
718,0.6936949009193102,-0.0924394164842396,-0.0972627677878441,0.5704075161647112,0.9943141717872976,0.0067789026996774,1.0,0,1,0,0.06609144391828296,Persuadable
1820,-0.2521901533885552,-0.7032779468957829,0.5175461309975176,-0.6983385478614559,0.5170709130831828,0.2299043272018486,0.0,20,1,1,0.15120582318979608,Highly Persuadable
2503,1.0376531024858069,-0.0069220222266235,-0.712071666573206,0.7128177886574444,-1.3237245133469744,-1.8496637739697084,1.0,10,0,1,0.026267117198072724,Persuadable
4361,0.3497366993528136,-0.1657400401336248,-0.0972627677878441,-1.2420868610155276,-0.7868258473048452,1.4473079591347513,1.0,0,1,0,-0.07495694003136169,Not Persuadable
4172,0.607705350527686,0.1580043809844931,-0.0972627677878441,-0.9572663160300616,0.8409145529181178,0.30819394983419,0.0,15,0,1,0.04116612935989409,Persuadable
396,0.1777575985695653,0.6405668200096123,-1.3268805653585676,-0.9054807623963405,0.2571437811104059,0.6203738200806495,1.0,15,0,1,-0.035093856661173685,Not Persuadable
4847,0.9516635520941824,1.6606671657968897,-0.0972627677878441,-0.5170891101434321,-0.1817495728764139,1.214396331803537,0.0,20,0,1,0.07433441545984278,Persuadable
4493,-0.7681274557383001,-1.8699795399818304,-0.712071666573206,0.1172839218696516,-0.433154503800903,-1.8075831018048247,0.0,0,1,0,-0.00312712566472684,Not Persuadable
1366,0.4357262497444378,-0.1168729577007013,-1.3268805653585676,-0.607713829002444,0.8877866586837004,0.8503495865631513,0.0,0,1,0,-0.06037517488565085,Not Persuadable
4569,0.6936949009193102,0.9093357733906914,-0.712071666573206,-0.4135180028759897,0.0483498554273556,0.8415420040170125,1.0,0,1,0,-0.08093713381770956,Not Persuadable
596,-0.4241692541718035,0.0663786014227616,-0.0972627677878441,-1.306818803057679,0.8281312513456861,0.5176186903757022,0.0,20,0,1,-0.03612832047362806,Not Persuadable
3953,-0.080211052605307,-1.29579132139498,-0.712071666573206,0.2467478059539543,-0.6334262284356654,0.4530297517040205,0.0,0,0,0,-0.010302148692350941,Not Persuadable
2915,0.3497366993528136,-0.8498791941945534,-0.0972627677878441,0.4409436320804086,-0.1391385676349751,-0.8005828306963393,0.0,0,0,0,-0.008906638608397651,Not Persuadable
2327,-1.8859916108294137,-0.3367748286488569,-0.712071666573206,-0.931373539213201,0.1420940669585211,0.0547312965619857,1.0,0,1,0,-0.035651170307233804,Not Persuadable
3767,0.9516635520941824,0.8543603056536524,-0.712071666573206,-1.306818803057679,-0.9956197729878954,0.4872814616056699,0.0,25,0,1,-0.013519721675807311,Not Persuadable
3441,2.0695277071852964,0.1091372985515696,1.1323550297828793,1.1659413829525045,0.5767263204211971,-0.2672347765135164,0.0,15,1,1,0.09894056688692159,Persuadable
3852,-0.7681274557383001,0.0236199042939535,-0.712071666573206,-1.216194084198667,-1.3237245133469744,-1.1039551183966605,0.0,20,0,1,0.044683901727134864,Persuadable
4133,0.3497366993528136,-0.2634742049994718,1.1323550297828793,0.7257641770658747,-0.6760372336771043,1.5960582421361988,0.0,5,0,1,0.002869176972192675,Persuadable
4602,0.0917680481779412,0.6344584347054969,-0.0972627677878441,0.6351394582068627,-0.795348048353133,-0.1380568991701538,0.0,0,1,0,0.0814327380365455,Persuadable
2144,0.4357262497444378,1.031503479473,-0.0972627677878441,0.9587991684176196,2.0041949960093977,0.9609336785313332,0.0,0,1,0,0.06392171625851707,Persuadable
1572,-0.2521901533885552,1.0070699382565382,-0.0972627677878441,0.4279972436719784,-0.7442148420634064,-1.1626723353709163,0.0,20,1,1,0.053075302099286965,Persuadable
4080,-0.5101588045634277,-0.8926378913233614,-0.712071666573206,1.43781553952954,-0.9956197729878954,-0.9649910382242554,1.0,25,1,1,0.19272516351170887,Highly Persuadable
1123,-0.7681274557383001,0.4695320314943801,1.1323550297828793,0.324426136404536,2.728582085113858,-1.318272960352694,0.0,15,1,1,0.1551661573105342,Highly Persuadable
2787,0.0057784977863171,-0.2146071225665483,-0.0972627677878441,-0.2452149535663961,-0.2967992870282988,-1.3720970759124285,1.0,0,0,0,0.11025662476595269,Highly Persuadable
2968,-0.682137905346676,0.2190882340256474,-0.712071666573206,1.075316664093492,-0.578031921621795,0.0214582069432412,0.0,15,1,1,0.06646586896763838,Persuadable
2505,1.295621753660679,0.8421435350454216,0.5175461309975176,0.0784447566443607,0.0099999507100607,1.1615508365267069,1.0,0,0,0,0.03350757870135267,Persuadable
3466,2.1555172575769204,1.611800083363966,0.5175461309975176,0.4150508552635481,2.3322997363684768,1.6508609779788377,1.0,15,1,1,0.1405894784415644,Highly Persuadable
676,0.3497366993528136,-0.3062329021282798,0.5175461309975176,0.9976383336429104,1.1349304890840457,0.4021414969929993,1.0,0,0,0,0.0034060958932912943,Persuadable
2809,0.2637471489611895,0.2190882340256474,-0.712071666573206,-1.2550332494239578,-1.3237245133469744,1.0137791738081632,1.0,25,0,1,-0.09506695520075878,Not Persuadable
3349,0.5217158001360619,-0.5322431583805508,0.5175461309975176,-1.306818803057679,-0.3266269906973059,-0.1723086090718031,1.0,0,0,0,0.05158504695818928,Persuadable
729,-1.1980752076964207,0.438990104973803,-0.0972627677878441,-0.0898582926652328,-1.2001525981468018,0.1408498814575611,1.0,10,1,1,0.06209903312996972,Persuadable
413,-0.682137905346676,-0.8437708088904379,-0.712071666573206,0.453890020488839,-1.3237245133469744,-0.8446207434270311,1.0,0,1,0,0.08243719163783017,Persuadable
3147,0.8656740017025585,0.3779062519326487,-1.3268805653585676,-1.306818803057679,-0.3777601969870325,0.7945682304376083,1.0,15,1,1,-0.002928363841331172,Not Persuadable
1517,-0.7681274557383001,-1.4485009539978655,1.7471639285682412,-0.2452149535663961,0.0483498554273556,0.6996420629958949,1.0,0,0,0,0.02407616523198683,Persuadable
826,0.0057784977863171,0.4512068755820339,0.5175461309975176,-0.5429818869602926,0.5554208178004777,-0.3876050713107404,0.0,10,1,1,0.05249726213063442,Persuadable
3268,0.0057784977863171,-1.094214606359171,1.1323550297828793,1.5543330352054123,-0.0368721550555219,-1.2311757551742146,1.0,0,0,0,0.23473746262711093,Highly Persuadable
3975,-0.682137905346676,-1.381308715652596,-1.3268805653585676,0.1431766986865122,-0.543943117428644,-0.4228354014952937,1.0,0,0,0,-0.0008540201047605795,Not Persuadable
617,0.7796844513109343,0.2740637017626863,-0.712071666573206,-0.1545902347073842,-1.3237245133469744,0.3796332304862009,1.0,10,0,1,0.0012024274861902285,Persuadable
115,0.0917680481779412,1.538499459714581,-0.0972627677878441,-0.9702127044384918,-1.3237245133469744,2.5492343976849505,1.0,0,1,0,0.04738504273630048,Persuadable
418,1.3816113040523033,1.5507162303228117,-0.0972627677878441,0.1172839218696516,-0.6078596252908022,1.917045694928797,0.0,0,1,0,-0.0030314540098468957,Not Persuadable
3070,-0.8541170061299242,0.8238183791330753,-0.712071666573206,-1.306818803057679,0.2230549769172548,0.2279470866360405,1.0,0,0,0,0.07484061884564054,Persuadable
1626,1.209632203269055,0.481748802102611,0.5175461309975176,0.8163888959248867,1.624957049360592,0.3532104828477861,1.0,15,1,1,0.2434630952185646,Highly Persuadable
4961,-0.682137905346676,-0.3489915992570878,1.1323550297828793,0.7257641770658747,1.053969579125312,-2.50436074323266,0.0,25,0,1,0.11064744663733381,Highly Persuadable
4186,0.4357262497444378,-0.6116521673340515,-0.712071666573206,-0.374678837650699,0.8835255581595566,0.4931531833030956,0.0,0,0,0,0.027819960424099555,Persuadable
2897,1.0376531024858069,-0.7093863321998983,-1.3268805653585676,-0.5947674405940137,-1.3237245133469744,-1.0227296349156068,1.0,15,1,1,-0.04791504696389926,Not Persuadable
4682,0.0917680481779412,-0.055789104659547,-0.0972627677878441,1.347190820670528,1.015619674408017,1.0568384662559505,1.0,0,0,0,-0.06071404545566314,Not Persuadable
2083,-1.1980752076964207,-0.7338198734163601,-0.0972627677878441,0.4150508552635481,-0.4757655090423418,0.6624544922455328,0.0,0,0,0,-0.018920023368786662,Not Persuadable
754,2.1555172575769204,2.106579292997316,-0.0972627677878441,-1.306818803057679,1.2755468063807938,1.2643059662316538,0.0,0,0,0,0.07424239752491976,Persuadable
2547,-0.3381797037801794,0.0908121426392233,-0.712071666573206,-1.1514621421565157,-0.0283499540072341,0.755423419121438,0.0,30,0,1,-0.06613403704847103,Not Persuadable
3970,-1.0260961069131724,-1.5584518894719437,-0.712071666573206,-1.2809260262408184,0.2571437811104059,0.0273299286406663,1.0,0,0,0,-0.09684600978834064,Not Persuadable
3374,-0.5961483549550518,0.9582028558236148,1.7471639285682412,0.8552280611501776,0.9943141717872976,0.0752823225029753,1.0,5,1,1,0.027031960266522874,Persuadable
4108,1.295621753660679,-0.6238689379422823,-0.0972627677878441,0.0654983682359304,0.653426129855787,-0.7144642458007643,1.0,10,1,1,-0.023432671567081006,Not Persuadable
2445,0.8656740017025585,0.3168223988914943,2.3619728273536027,1.295405267036807,0.725864838766233,-0.8446207434270311,0.0,15,0,1,-0.06040386725409138,Not Persuadable
4381,1.983538156793672,1.764509715966852,-0.712071666573206,0.9976383336429104,-0.0624387582003852,1.1644866973754195,0.0,0,0,0,0.11861648571430479,Highly Persuadable
1067,-1.1120856573047966,0.0236199042939535,1.1323550297828793,0.2726405827708149,0.5937707225177726,-0.287785802454506,0.0,20,0,1,-0.04300822839334508,Not Persuadable
3914,-1.370054308479669,-0.2268238931747791,-0.0972627677878441,-0.4782499449181411,-0.906136661980874,-1.281085389602332,0.0,20,1,1,0.017912150041047816,Persuadable
3499,-0.2521901533885552,1.2208634239005784,-0.712071666573206,0.8034425075164564,2.2428166253614554,0.4784738790595318,1.0,0,1,0,0.04096965818971417,Persuadable
2739,2.499475459143417,1.2025382679882322,1.1323550297828793,-0.2711077303832567,0.2060105748206793,1.257455624251324,1.0,0,1,0,-0.08260819525432501,Not Persuadable
4001,0.2637471489611895,0.2068714634174165,-0.0972627677878441,-1.021998258072213,-1.26406910600896,0.5303407540534572,1.0,0,1,0,-0.045805491497171114,Not Persuadable
1569,0.7796844513109343,0.029728289598069,0.5175461309975176,0.1949622523202333,0.4190656010278734,-0.6645546113726468,1.0,0,0,0,0.03331547874083813,Persuadable
2428,-0.5961483549550518,-0.6177605526381669,-1.3268805653585676,-0.0639655158483722,-1.3237245133469744,-1.7038493518169735,1.0,0,0,0,0.08624895772147295,Persuadable
3747,-1.7140125100461656,0.4206649490614567,-0.712071666573206,-1.306818803057679,-1.3237245133469744,-0.0088790218267911,0.0,0,0,0,0.05548432760009128,Persuadable
4650,-0.2521901533885552,0.3595810960203023,-0.712071666573206,-0.012179962214651,1.015619674408017,0.363975305959733,1.0,25,0,1,0.019222009903978626,Persuadable
1688,0.2637471489611895,-0.8804211207151305,-0.712071666573206,-0.1028046810736631,-1.3237245133469744,0.4902173224543827,1.0,0,1,0,-0.02961683764858909,Not Persuadable
852,-0.5101588045634277,0.7138674436589975,1.1323550297828793,2.162813290401636,0.8068257487249667,0.1173629946678586,1.0,10,1,1,0.045459575713667294,Persuadable
3547,1.6395799552271757,0.3534727107161869,-0.0972627677878441,-1.306818803057679,1.774095567705628,0.252412593708647,0.0,0,1,0,0.06484544991031557,Persuadable
896,1.1236426528774308,0.341255940107956,-0.712071666573206,-1.306818803057679,-0.9615309687947444,0.5264262729218402,0.0,20,0,1,0.031861580599041046,Persuadable
4593,0.2637471489611895,0.5489410404478808,-0.0972627677878441,1.4637083163464004,-0.1306163665866873,0.1388926408917522,1.0,0,0,0,0.08117022605138922,Persuadable
336,-1.2840647580880449,-1.6256441278172131,-1.3268805653585676,-1.306818803057679,-1.2896357091538233,-0.5657139627993162,1.0,0,0,0,0.15708996664763747,Highly Persuadable
2840,0.0917680481779412,-0.1779568107418557,0.5175461309975176,0.1043375334612213,-0.6589928315805288,0.3424456597358393,1.0,25,0,1,0.014035778850777593,Persuadable
3088,-0.9401065565215484,0.0785953720309924,1.7471639285682412,2.2404916208522176,0.431848902600305,-1.2086674886674165,1.0,15,1,1,0.04262162027724883,Persuadable
1349,0.9516635520941824,1.0437202500812308,1.7471639285682412,-0.1028046810736631,-1.3237245133469744,0.5225117917902232,0.0,20,0,1,-0.01215587668552605,Not Persuadable
1016,-1.0260961069131724,-1.424067412781404,-1.3268805653585676,-0.8666415971710495,-0.4715044085181979,-0.7810104250382541,0.0,10,1,1,0.140336303497673,Highly Persuadable
2817,-1.542033409262917,-0.1901735813500865,-1.3268805653585676,-0.6853921594530257,0.1847050721999599,-0.7516518165511262,0.0,15,1,1,0.0993459103745232,Persuadable
1632,-0.8541170061299242,-0.7704701852410527,1.1323550297828793,0.9976383336429104,0.4446322041727367,-0.3787974887646024,0.0,10,1,1,0.037655500466776314,Persuadable
2490,0.0057784977863171,-0.1657400401336248,-1.3268805653585676,-1.306818803057679,-1.3237245133469744,-0.6645546113726468,1.0,0,1,0,0.032428374452104836,Persuadable
3731,-0.7681274557383001,0.212979848721532,-0.712071666573206,0.4927291857141298,0.4957654104624633,-0.128270696341111,1.0,15,1,1,-0.014432390831697214,Not Persuadable
3252,-0.080211052605307,-0.2084987372624328,-0.712071666573206,-0.9831590928469222,0.2614048816345498,-0.9454186325661702,0.0,0,1,0,-0.03476317621019362,Not Persuadable
4645,-0.080211052605307,0.6588919759219586,-0.712071666573206,-1.009051869663783,-0.4842877100906296,1.5490844685567946,0.0,0,0,0,0.02574720775886209,Persuadable
2071,-0.3381797037801794,0.0236199042939535,-0.0972627677878441,-0.284054118791687,-0.4288934032767591,-0.1791589510521329,0.0,5,1,1,0.05851388875205238,Persuadable
4453,-1.370054308479669,1.2086466532923474,-0.0972627677878441,-0.4653035565097109,0.3764545957864346,1.087175695025983,1.0,0,1,0,-0.07956533495193262,Not Persuadable
4893,-1.1120856573047966,-1.143081688792094,-0.712071666573206,-1.306818803057679,-1.3237245133469744,-0.9796703424678193,0.0,30,0,1,0.16678089163620974,Highly Persuadable
1636,1.1236426528774308,0.3779062519326487,-1.3268805653585676,-1.164408530564946,-1.2470247039123843,0.1780374522079233,0.0,20,0,1,0.010752662237702552,Persuadable
2480,-0.2521901533885552,-0.6666276350710904,-0.712071666573206,-1.306818803057679,0.1463551674826649,-0.1086982906830254,1.0,0,0,0,0.0058070499044847075,Persuadable
2266,0.7796844513109343,0.7566261407878055,-0.0972627677878441,1.062370275685062,0.4148045005037296,-0.0255155666361637,0.0,20,1,1,0.09343300616384906,Persuadable
2960,1.983538156793672,0.7871680673083827,1.1323550297828793,0.0525519798275001,-1.3237245133469744,0.4980462847176167,0.0,0,0,0,0.02617264492419391,Persuadable
4742,-0.080211052605307,0.9765280117359612,1.1323550297828793,2.0851349599510542,0.4531544052210245,0.0527740559961776,1.0,0,1,0,0.04854052054813471,Persuadable
3060,-0.3381797037801794,1.0803705619059234,-1.3268805653585676,-1.306818803057679,-1.3237245133469744,1.320087322357197,1.0,20,0,1,-0.06506702272094071,Not Persuadable
2142,-0.3381797037801794,0.5855913522725734,-0.0972627677878441,-0.5947674405940137,-1.016925275608615,-0.4795953779037415,1.0,15,1,1,0.12936471897078108,Highly Persuadable
3119,-0.8541170061299242,-1.6806195955542522,-0.0972627677878441,-0.012179962214651,1.228674700615211,-0.2457051302896227,0.0,0,1,0,0.01890413366186563,Persuadable
4757,0.1777575985695653,-0.660519249766975,-0.712071666573206,0.4797827973056995,0.2869714847794131,1.2163535723693455,0.0,0,1,0,-0.07796057394762772,Not Persuadable
4046,-0.1662006029969311,-0.2695825903035872,-1.3268805653585676,-0.284054118791687,1.203108097470348,0.5097897281124676,0.0,20,1,1,0.04014029575806102,Persuadable
3357,-0.5961483549550518,-1.8699795399818304,-0.712071666573206,0.3373725248129663,1.514168435732851,-0.3083368283954956,0.0,10,0,1,0.08417920820549334,Persuadable
2745,1.0376531024858069,-1.760028604507753,-0.0972627677878441,0.3891580784466875,-0.2115772765454211,-0.7487159557024133,0.0,15,0,1,-0.02406334917579401,Not Persuadable
3507,-0.1662006029969311,-0.3673167551694341,-0.0972627677878441,-0.9831590928469222,-0.4075879006560397,0.9071095629715984,0.0,0,1,0,-0.050973634194189564,Not Persuadable
1680,-0.2521901533885552,1.483523991977542,-0.712071666573206,-1.306818803057679,-1.2342414023399528,-0.5432056962925185,0.0,10,0,1,0.015985072970770293,Persuadable
4250,1.5535904048355516,3.7191930132837903,1.1323550297828793,1.5025474815716913,-1.1788470955260824,2.3936337727031725,0.0,0,1,0,0.09646353792158378,Persuadable
3148,-0.080211052605307,-0.281799360911818,-1.3268805653585676,-0.4523571681012805,-1.3194634128228304,-0.8544069462560738,1.0,0,1,0,0.004623094700954343,Persuadable
2295,1.209632203269055,-0.2023903519583174,0.5175461309975176,0.1043375334612213,0.7684758440076718,-0.0871686444591318,0.0,0,0,0,-0.0009300065372894303,Not Persuadable
581,-1.8859916108294137,-0.5994353967258206,-0.712071666573206,-0.8666415971710495,1.488601832587988,-0.4189209203636768,0.0,0,0,0,0.04948414400023109,Persuadable
1471,0.0917680481779412,0.6833255171384203,-0.0972627677878441,-0.2711077303832567,-0.0581776576762413,0.0762609427858794,1.0,0,0,0,0.12776351259836613,Highly Persuadable
4071,-0.2521901533885552,0.6100248934890351,0.5175461309975176,-0.4782499449181411,-1.3237245133469744,0.3297235960580837,0.0,10,0,1,0.056222783636312064,Persuadable
3344,0.7796844513109343,-0.1657400401336248,-1.3268805653585676,-1.306818803057679,-1.0552751803259095,-1.0677461679292028,1.0,20,0,1,0.034327310387616966,Persuadable
4584,1.295621753660679,-0.7521450293287064,0.5175461309975176,2.2922771744859385,0.3551490931657152,0.3414670394529346,0.0,10,1,1,0.053611476815081056,Persuadable
3673,0.607705350527686,1.666775551101005,0.5175461309975176,1.6837969192897153,0.4787210083658877,1.6498823576959336,1.0,20,0,1,0.06143153291603704,Persuadable
560,-0.9401065565215484,-1.7111615220748293,-0.712071666573206,-0.0769119042568025,-0.433154503800903,-0.8054759321108607,0.0,15,0,1,0.07072998925389297,Persuadable
2850,1.0376531024858069,1.0437202500812308,0.5175461309975176,0.9458527800091892,-0.215838377069565,3.2567768622247324,0.0,15,0,1,0.07504820471433488,Persuadable
513,0.0917680481779412,-1.381308715652596,-0.0972627677878441,0.2208550291370937,-1.3237245133469744,-1.512039776367738,0.0,25,0,1,0.060467541130352055,Persuadable
1082,-0.1662006029969311,-1.8699795399818304,-1.3268805653585676,-0.5429818869602926,-1.3237245133469744,-1.448429457978961,1.0,0,0,0,0.057120912517764334,Persuadable
1665,1.209632203269055,-0.0741142605718933,0.5175461309975176,-1.306818803057679,-1.3237245133469744,-0.3846692104620274,0.0,0,1,0,-0.03581477934398024,Not Persuadable
1013,-0.5101588045634277,0.4328817196696876,-1.3268805653585676,1.075316664093492,-0.1604440702556945,-0.2652775359477076,1.0,10,1,1,0.08288986829333468,Persuadable
1932,-0.4241692541718035,0.5183991139273036,1.1323550297828793,0.0784447566443607,1.5823460441191532,0.9188530063664498,1.0,0,1,0,-0.05585281375656385,Not Persuadable
1151,0.1777575985695653,-0.5139180024682045,0.5175461309975176,-1.306818803057679,0.5298542146556143,0.1819519333395403,0.0,5,0,1,0.0713585786224223,Persuadable
2839,1.209632203269055,0.8360351497413061,-1.3268805653585676,-0.3617324492422687,-1.3237245133469744,1.4365431360228045,1.0,15,1,1,-0.01469291337370568,Not Persuadable
117,0.2637471489611895,0.848251920349537,2.3619728273536027,0.8811208379670382,-1.157541592905363,2.247819350550438,0.0,0,1,0,0.07684167743182682,Persuadable
741,1.0376531024858069,1.2025382679882322,1.7471639285682412,-0.2970005072001173,1.7996621708504912,0.7534661785556291,0.0,0,0,0,0.0744310426169625,Persuadable
4817,1.983538156793672,1.5201743038022346,-0.712071666573206,-1.306818803057679,0.3423657915932835,0.2729636196496366,0.0,20,0,1,-0.07807752859348503,Not Persuadable
3676,2.0695277071852964,0.8299267644371907,1.1323550297828793,0.7646033422911656,0.687514934048938,0.8924302587280345,0.0,15,1,1,0.11468811622166539,Highly Persuadable
831,0.4357262497444378,-0.8132288823698607,-0.0972627677878441,0.7646033422911656,-1.3237245133469744,-0.9620551773755424,0.0,0,1,0,0.04979834623937205,Persuadable
120,-0.2521901533885552,0.4573152608861493,-0.0972627677878441,-0.5559282753687228,0.1761828711516721,-0.6068160146812953,0.0,0,0,0,0.020129575806013218,Persuadable
4790,0.607705350527686,0.8116016085248444,1.7471639285682412,1.5154938699801217,2.754148688258721,1.140021190302813,0.0,20,1,1,0.10072368911166212,Highly Persuadable
4749,-1.1120856573047966,-0.5688934702052434,-0.0972627677878441,-1.306818803057679,1.514168435732851,0.2847070630444875,0.0,0,0,0,0.029634549942812043,Persuadable
636,-0.2521901533885552,-1.8699795399818304,-0.0972627677878441,1.2565661018115162,-0.1860106734005578,-2.108998148939338,1.0,0,1,0,0.062048344365525754,Persuadable
4466,0.5217158001360619,1.9294361191779683,1.1323550297828793,-1.306818803057679,1.228674700615211,0.3023222281367642,1.0,0,0,0,0.11047772848950436,Highly Persuadable
4365,-1.8859916108294137,-1.8699795399818304,-1.3268805653585676,-0.141643846298954,-0.4715044085181979,-1.3603536325175771,0.0,0,0,0,0.026339974300122686,Persuadable
4143,0.2637471489611895,-1.5279099629513664,-0.0972627677878441,-0.750124101495177,-0.1732273718281262,-0.2104748001050694,0.0,20,1,1,0.10479976325828909,Highly Persuadable
992,1.5535904048355516,1.5995833127557353,-0.0972627677878441,1.6837969192897153,0.4105433999795856,0.7593379002530549,1.0,15,1,1,0.09352851553588702,Persuadable
877,0.0057784977863171,-0.4711593053393965,-0.0972627677878441,0.8163888959248867,1.2244136000910673,1.4639445039441232,0.0,10,0,1,0.008988794555854766,Persuadable
5,-1.8859916108294137,-0.7399282587204755,-0.712071666573206,-0.750124101495177,0.1633995695792405,0.204460199846338,1.0,0,1,0,-0.049771762590513025,Not Persuadable
3052,-0.9401065565215484,0.3229307841956098,-0.712071666573206,-1.0996765885227946,-1.2086747991950897,-0.2143892812366863,1.0,25,1,1,0.08640639464710466,Persuadable
3125,0.2637471489611895,1.3613562858952333,-0.0972627677878441,0.8681744495586079,0.8409145529181178,-0.5363553543121885,0.0,0,1,0,0.05499307404724351,Persuadable
2661,-1.0260961069131724,-1.2469242389620565,-1.3268805653585676,-1.073783811705934,1.6505236525054554,-0.8837655547432014,1.0,0,0,0,-0.019631875391877992,Not Persuadable
2492,-0.682137905346676,-0.5444599289887817,1.1323550297828793,0.7257641770658747,-0.0752220597728168,0.3629966856768282,1.0,25,0,1,0.0463274683379753,Persuadable
3855,0.0917680481779412,1.8011600277915445,1.1323550297828793,0.1690694755033727,0.2230549769172548,0.8297985606221616,0.0,20,1,1,0.12160120002073138,Highly Persuadable
1716,0.1777575985695653,-0.9781552855809774,-0.712071666573206,-0.6336066058193045,-1.26406910600896,-0.7839462858869667,0.0,15,0,1,0.08684562628556,Persuadable
1149,1.0376531024858069,-1.3874171009567111,0.5175461309975176,0.1431766986865122,-1.268330206533104,-2.0023285381027733,1.0,0,1,0,-0.0006894681220801374,Not Persuadable
3262,-1.1120856573047966,-0.3367748286488569,0.5175461309975176,-0.3099468956085476,0.1974883737723915,-0.59409395100354,1.0,15,1,1,0.03588334860758932,Persuadable
575,0.1777575985695653,1.1048041031223852,0.5175461309975176,-0.6465529942277348,0.5255931141314705,0.7270434309172145,0.0,10,1,1,-0.06948405091390478,Not Persuadable
3770,0.7796844513109343,0.3717978666285332,1.7471639285682412,1.347190820670528,-0.3394102922697375,-0.6704263330700723,1.0,0,0,0,0.1068472884714703,Highly Persuadable
3737,-0.5101588045634277,0.4573152608861493,-0.712071666573206,-1.306818803057679,1.4204242242016858,1.036287440314961,1.0,10,1,1,-0.09789152923186042,Not Persuadable
4147,0.0917680481779412,-0.3550999845612033,-0.712071666573206,-0.7889632667204678,-0.6334262284356654,-0.511889847239582,1.0,0,0,0,0.0685191837285091,Persuadable
854,0.0057784977863171,-1.3446584038279037,-0.712071666573206,-1.047891034889073,-1.1362360902846436,-0.8876800358748187,0.0,20,0,1,0.15359087452834433,Highly Persuadable
1983,0.0057784977863171,-0.422292222906473,0.5175461309975176,0.0396055914190698,0.0227832522824923,-0.563756722233508,0.0,20,1,1,0.06543686188202466,Persuadable
2775,-0.4241692541718035,-0.3123412874323952,-0.0972627677878441,1.4766547047548308,-0.4885488106147734,-0.1507789628479094,1.0,0,0,0,0.13960531048585764,Highly Persuadable
1167,2.499475459143417,1.837810339616237,1.1323550297828793,-0.2711077303832567,-0.143399668159119,2.1665938670693845,0.0,20,0,1,0.06907561510474562,Persuadable
972,-0.080211052605307,0.1030289132474542,-0.712071666573206,0.7775497306995959,-1.051014079801766,0.419756662085276,1.0,20,0,1,0.03561674452217501,Persuadable
2702,-1.1120856573047966,-0.7765785705451681,-0.712071666573206,-1.009051869663783,-1.3237245133469744,-0.657704269392317,0.0,0,0,0,0.09449480008777794,Persuadable
4496,-1.370054308479669,-0.0618974899636624,-0.0972627677878441,0.1690694755033727,0.5213320136073266,0.8014185724179381,0.0,10,1,1,-0.017989824750243515,Not Persuadable
3848,2.843433660709913,-0.8254456529780916,-0.712071666573206,-0.284054118791687,-1.3237245133469744,-0.8230910972031373,1.0,0,1,0,-0.10066948546273707,Not Persuadable
2369,-0.9401065565215484,0.75051775548369,-0.712071666573206,-1.306818803057679,-1.3237245133469744,1.5177686195038582,0.0,0,0,0,-0.07615981192863693,Not Persuadable
4116,-0.5961483549550518,-1.112539762271517,-1.3268805653585676,-1.306818803057679,0.725864838766233,-2.597329670108565,0.0,20,0,1,0.03408928669824083,Persuadable
4132,-0.7681274557383001,-1.143081688792094,-0.0972627677878441,0.3373725248129663,0.1378329664343772,-0.2437478897238139,0.0,5,0,1,-0.01584124094978801,Not Persuadable
2951,-1.1980752076964207,-1.8699795399818304,-1.3268805653585676,2.2275452324437874,1.99567279496111,-0.7281649297614237,1.0,5,0,1,0.04915465854625712,Persuadable
525,1.4676008544439274,0.5672661963602271,2.3619728273536027,0.3373725248129663,0.5682041193729093,0.7485730771411081,0.0,5,1,1,-0.04628650747492953,Not Persuadable
2456,0.0917680481779412,0.341255940107956,1.1323550297828793,0.7775497306995959,-0.0411332555796658,0.3698470276571581,0.0,0,0,0,0.12409731394299471,Highly Persuadable
1842,0.0057784977863171,-0.7399282587204755,-0.0972627677878441,0.4797827973056995,1.4630352294431246,-1.5521632079668126,0.0,0,0,0,0.2467812675532231,Highly Persuadable
538,1.209632203269055,-1.436284183389635,1.7471639285682412,-0.0510191274399419,-0.1220941655383996,0.639946225738735,1.0,0,1,0,-0.02515980384841472,Not Persuadable
2807,1.811559056010424,-0.2695825903035872,2.3619728273536027,-0.931373539213201,0.8068257487249667,-0.395434033573975,0.0,0,1,0,-0.06571274529974182,Not Persuadable
4342,1.1236426528774308,0.6955422877466512,0.5175461309975176,0.1302303102780819,0.3551490931657152,1.179166001618983,1.0,0,1,0,-0.0216418808419828,Not Persuadable
3176,-1.8000020604377898,-1.8699795399818304,-0.712071666573206,-0.7371777130867467,-0.7527370431116942,-0.4375147057388582,0.0,0,0,0,0.09792646382614227,Persuadable
785,0.0057784977863171,-0.0618974899636624,1.7471639285682412,-0.3228932840169778,-0.7527370431116942,0.2210967446557106,1.0,20,1,1,0.12005110970603841,Highly Persuadable
4058,0.7796844513109343,-0.3001245168241643,0.5175461309975176,0.5315683509394203,0.7769980450559595,-0.3592250831065168,0.0,20,0,1,-0.010457348556848416,Not Persuadable
1410,0.5217158001360619,-0.3489915992570878,-0.0972627677878441,0.1302303102780819,-0.0496554566279536,0.9658267799458542,0.0,25,1,1,-0.040809204943196425,Not Persuadable
2538,-1.6280229596545417,-0.5261347730764354,0.5175461309975176,-0.0769119042568025,1.7101790598434696,-0.877893833045776,1.0,0,1,0,0.07328232680186057,Persuadable
155,-0.080211052605307,0.5489410404478808,1.1323550297828793,-0.0898582926652328,-0.1178330650142557,0.6213524403635535,0.0,0,1,0,-0.008897531160370972,Not Persuadable
3010,0.7796844513109343,-1.1736236153126711,-0.712071666573206,0.9329063916007588,-0.9530087677464566,-1.5404197645719615,1.0,20,0,1,0.023986889211669887,Persuadable
1687,-0.5101588045634277,0.481748802102611,-0.0972627677878441,1.3083516554452377,-1.3237245133469744,0.6066731361199897,0.0,15,0,1,0.11246929920563169,Highly Persuadable
2902,-1.4560438588712932,0.0358366749021844,-0.712071666573206,-1.2938724146492486,-1.0084030745603272,-0.3171444109416336,0.0,25,0,1,-0.026764785503034953,Not Persuadable
4960,-0.9401065565215484,-1.8699795399818304,-0.712071666573206,-1.0608374232975035,0.5255931141314705,-1.6412176537111005,0.0,20,0,1,-0.13095863012877743,Not Persuadable
3864,1.7255695056187998,-0.2084987372624328,1.7471639285682412,0.6998714002490141,0.9261365634009954,-0.4189209203636768,1.0,0,0,0,0.030348354866178758,Persuadable
2734,-0.5101588045634277,-1.155298459400325,-1.3268805653585676,-0.8278024319457586,1.215891399042779,-1.1049337386795648,0.0,0,1,0,0.05199170729224256,Persuadable
1896,-0.5961483549550518,-1.094214606359171,-0.0972627677878441,1.7226360845150064,-0.7016038368219676,-1.4552797999592908,1.0,0,0,0,0.1959575067736134,Highly Persuadable
570,0.1777575985695653,0.2496301605462245,-1.3268805653585676,-1.306818803057679,-1.3237245133469744,-0.7790531844724456,0.0,25,1,1,0.012208141187568234,Persuadable
1817,0.6936949009193102,-0.1657400401336248,-0.0972627677878441,-0.607713829002444,0.0866997601446506,-0.1409927600188666,0.0,0,1,0,-0.0020521784827929224,Not Persuadable
2066,-0.1662006029969311,0.3046056282832635,-0.712071666573206,-0.1157510694820934,0.1633995695792405,0.3620180653939241,1.0,0,0,0,-0.03692541329677151,Not Persuadable
128,-1.1980752076964207,0.6466752053137277,-0.0972627677878441,-0.2193221767495355,1.0795361822701752,0.9981212492816948,1.0,0,0,0,-0.028572893610837157,Not Persuadable
3395,0.607705350527686,0.7321925995713437,-0.0972627677878441,0.3373725248129663,0.3040158868759886,0.5391483365995959,1.0,20,0,1,-0.09315240417892362,Not Persuadable
3328,0.0917680481779412,0.2496301605462245,-0.0972627677878441,-0.1286974578905237,0.2784492837311253,0.4481366502894995,0.0,0,0,0,0.02735487125001876,Persuadable
4997,-0.3381797037801794,-0.23904066378301,1.1323550297828793,1.774421638148727,-0.2328827791661405,0.813162015812789,1.0,10,0,1,0.1571055132844404,Highly Persuadable
2976,0.3497366993528136,0.0358366749021844,-0.712071666573206,-0.8019096551288981,-0.5652486200493634,-0.6107304958129123,1.0,20,1,1,0.016433782494712643,Persuadable
981,0.5217158001360619,-0.4467257641229347,-1.3268805653585676,0.6610322350237232,-0.3266269906973059,-0.5422270760096144,0.0,10,0,1,0.0824304097809441,Persuadable
2301,-0.5101588045634277,-0.1168729577007013,-0.0972627677878441,1.3989763743042491,0.4872432094141755,-1.2380260971545445,1.0,5,0,1,0.0776253173072494,Persuadable
191,1.811559056010424,0.9826363970400764,1.7471639285682412,1.7873680265571574,0.2997547863518447,0.751508937989821,0.0,0,1,0,0.05408545200704233,Persuadable
1140,0.0057784977863171,1.31248920346231,0.5175461309975176,-1.306818803057679,0.1719217706275282,0.8444778648657255,0.0,20,0,1,-0.01628306567051302,Not Persuadable
700,-0.1662006029969311,-1.79057053102833,-0.712071666573206,-1.306818803057679,0.7514314419110962,-1.8800010027397407,0.0,10,0,1,0.016757990682575646,Persuadable
4791,-1.8000020604377898,-0.5078096171640891,-0.0972627677878441,1.3212980438536677,-1.3237245133469744,-0.1380568991701538,0.0,10,1,1,0.015277996488914257,Persuadable
607,0.7796844513109343,0.1763295368968394,1.7471639285682412,2.046295794725763,1.552518340450146,-0.5911580901548271,1.0,10,0,1,0.1071318903596562,Highly Persuadable
4277,0.7796844513109343,0.2068714634174165,-0.0972627677878441,-1.306818803057679,-0.143399668159119,1.2956218152845904,0.0,20,1,1,0.03832226059443911,Persuadable
302,-1.542033409262917,-1.5218015776472509,-0.712071666573206,-1.306818803057679,-1.26406910600896,-0.7565449179656476,1.0,0,1,0,0.15704086548633978,Highly Persuadable
3421,0.0057784977863171,0.2496301605462245,1.1323550297828793,-0.2193221767495355,-0.5737708210976511,-0.2427692694409098,0.0,30,1,1,0.06240060817855099,Persuadable
4831,-1.370054308479669,-1.01480559740567,-1.3268805653585676,-1.306818803057679,-0.3777601969870325,-0.6058373943983909,0.0,30,1,1,0.10828067088968055,Highly Persuadable
1061,-0.1662006029969311,-0.5750018555093589,1.1323550297828793,-1.306818803057679,-0.7783036462565575,-1.087318573587288,1.0,25,0,1,0.03581524629083824,Persuadable
2566,-0.9401065565215484,-1.821112457548907,-1.3268805653585676,-0.8278024319457586,-0.3692379959387448,-1.2967433141288005,0.0,0,1,0,-0.04170318831183159,Not Persuadable
1070,-0.080211052605307,-0.9353965884521694,-1.3268805653585676,-1.306818803057679,-1.0723195824224854,-0.9953282669942872,1.0,30,1,1,0.13360688371008933,Highly Persuadable
2525,1.983538156793672,0.4878571874067264,1.1323550297828793,0.4927291857141298,-1.3237245133469744,-0.3631395642381338,0.0,0,1,0,0.025497067460716977,Persuadable
2206,-0.3381797037801794,-0.929288203148054,-0.0972627677878441,-0.2063757883411052,0.1889661727241038,-1.2644488447929594,0.0,20,0,1,0.05542563604991347,Persuadable
1244,-0.5101588045634277,0.8543603056536524,0.5175461309975176,-0.1675366231158145,0.6917760345730819,0.4863028413227658,0.0,0,1,0,-0.05430761279555349,Not Persuadable
17,0.3497366993528136,-0.6971695615916675,0.5175461309975176,0.4150508552635481,0.4872432094141755,-0.6909773590110618,0.0,0,1,0,0.020950369393695913,Persuadable
3121,0.3497366993528136,0.3901230225408795,2.3619728273536027,1.657904142472855,0.2102716753448232,1.36216799452208,1.0,20,0,1,0.08191756521647105,Persuadable
4643,0.9516635520941824,-0.0618974899636624,0.5175461309975176,-0.3876252260591293,1.2883301079532254,-0.0392162505968234,1.0,0,0,0,0.15275784970261122,Highly Persuadable
816,0.3497366993528136,-0.2207155078706637,1.1323550297828793,1.5025474815716913,-1.3237245133469744,0.1731443507934016,0.0,0,0,0,0.21598413715038473,Highly Persuadable
3068,0.4357262497444378,-0.7949037264575144,-0.0972627677878441,-0.0769119042568025,-1.2853746086296791,-0.3308450949022933,0.0,0,0,0,0.03888625105426852,Persuadable
4795,1.209632203269055,0.5183991139273036,1.1323550297828793,-1.306818803057679,-0.5482042179527878,0.3267877352093708,0.0,0,0,0,0.14840400585389915,Highly Persuadable
960,0.4357262497444378,1.3369227446787717,0.5175461309975176,-1.306818803057679,0.9559642670700026,1.311279739811059,0.0,20,0,1,0.04303680450192454,Persuadable
226,0.2637471489611895,0.4695320314943801,-0.0972627677878441,0.9070136147838987,-1.042491878753478,0.8151192563785978,0.0,25,0,1,0.009872512092410163,Persuadable
3355,-0.3381797037801794,-0.8804211207151305,-0.0972627677878441,0.1561230870949425,0.6576872303799308,-0.0353017694652058,1.0,0,0,0,0.004129090771789467,Persuadable
2486,-0.080211052605307,0.25573854585034,-0.0972627677878441,-0.1804830115242448,-0.1817495728764139,0.0645174993910285,1.0,0,1,0,0.027672602633428675,Persuadable
563,0.0917680481779412,0.438990104973803,-0.712071666573206,-0.8148560435373283,-0.7910869478289891,0.3532104828477861,0.0,0,0,0,0.024669294195050626,Persuadable
3437,-0.682137905346676,0.3290391694997252,-0.712071666573206,0.6739786234321535,-1.3237245133469744,0.1477002234378909,0.0,20,1,1,0.1263577261593664,Highly Persuadable
1694,-0.5101588045634277,0.3046056282832635,-0.712071666573206,0.4150508552635481,-0.7783036462565575,-0.0049645406951741,0.0,0,1,0,0.012882311773262095,Persuadable
1046,-0.8541170061299242,-0.4955928465558582,0.5175461309975176,-0.2063757883411052,-1.3237245133469744,-1.806604481521921,0.0,20,1,1,-0.005194353199241595,Not Persuadable
3447,-0.4241692541718035,1.0498286353853463,-0.712071666573206,-1.047891034889073,1.407640922629254,0.8376275228853955,0.0,0,1,0,-0.03612458183468637,Not Persuadable
4566,0.0917680481779412,-0.2084987372624328,-0.712071666573206,-1.164408530564946,-0.4928099111389173,0.528383513487649,0.0,0,0,0,0.02615511053616937,Persuadable
955,-0.7681274557383001,-0.5872186261175897,-0.0972627677878441,-0.42646439128442,-0.8507423551670035,-0.733058031175945,1.0,0,0,0,0.08677507455501163,Persuadable
4996,1.1236426528774308,2.0271702840438155,1.7471639285682412,0.8811208379670382,2.2002056201200166,-0.0088790218267911,0.0,0,1,0,0.1223498025468904,Highly Persuadable
2736,-0.4241692541718035,-1.1247565328797478,0.5175461309975176,-0.2193221767495355,-0.2925381865041548,-0.684127017030732,1.0,0,0,0,0.18083701615673067,Highly Persuadable
4914,-1.1120856573047966,-0.1657400401336248,-0.712071666573206,-1.306818803057679,0.8835255581595566,0.3884408130323395,1.0,20,1,1,0.04363905644730569,Persuadable
4736,0.0057784977863171,-1.3752003303484803,-0.0972627677878441,1.541386646796982,-0.505593212711349,-1.2184536914964592,0.0,0,0,0,0.16608003969833718,Highly Persuadable
4834,-0.8541170061299242,-0.6177605526381669,0.5175461309975176,-0.2193221767495355,1.5354739383535705,-0.7780745641895412,0.0,25,1,1,0.16617845666029554,Highly Persuadable
1219,-1.1980752076964207,0.2190882340256474,-1.3268805653585676,-0.4394107796928503,0.1207885643378016,1.474709327056071,1.0,30,0,1,-0.0216013272601445,Not Persuadable
1528,-0.1662006029969311,0.2435217752421091,0.5175461309975176,-1.306818803057679,-0.1902717739247017,-0.9503117339806916,0.0,15,1,1,0.07119545806307755,Persuadable
3988,0.4357262497444378,-1.8516543840694843,-0.712071666573206,-1.306818803057679,-0.1647051707798384,-0.7350152717417535,1.0,0,0,0,0.0854818043207769,Persuadable
1301,0.0917680481779412,1.4713072213693112,0.5175461309975176,-0.607713829002444,0.3423657915932835,1.2789852704752185,1.0,5,0,1,0.029560526532112223,Persuadable
4902,0.0917680481779412,0.2618469311544554,1.7471639285682412,3.858790171906002,-0.6717761331529604,-0.3328023354681022,0.0,25,0,1,-0.0001961066710072274,Not Persuadable
161,-1.0260961069131724,-0.5750018555093589,-0.0972627677878441,1.3342444322620977,0.4701988073176,-2.073767818754784,0.0,20,1,1,0.14363341645285452,Highly Persuadable
4068,-0.080211052605307,1.3308143593746562,0.5175461309975176,-1.0608374232975035,0.1250496648619455,2.814440494352005,0.0,0,0,0,0.07893950285031369,Persuadable
957,-0.5101588045634277,-1.1064313769674017,-0.712071666573206,-1.306818803057679,0.2827103842552692,-0.5226546703515288,0.0,0,0,0,0.12349597600712135,Highly Persuadable
3792,1.6395799552271757,2.1920966872549323,1.7471639285682412,-1.021998258072213,1.7996621708504912,0.5812290087644791,1.0,10,0,1,0.009889674280041583,Persuadable
3235,-0.5101588045634277,-0.422292222906473,0.5175461309975176,-0.6853921594530257,-1.195891497622658,0.1320422989114224,1.0,0,0,0,0.06417141248773874,Persuadable
2870,0.607705350527686,0.2313050046338783,0.5175461309975176,-0.6724457710445954,0.2358382784896865,-0.3357381963168143,1.0,0,0,0,0.07952220647709296,Persuadable
3778,0.5217158001360619,-0.8132288823698607,-0.0972627677878441,0.4279972436719784,1.6164348483123043,-0.5500560382728483,1.0,15,1,1,0.13179043815638933,Highly Persuadable
4434,0.4357262497444378,-0.6971695615916675,1.7471639285682412,-1.306818803057679,-0.7868258473048452,0.2690491385180197,0.0,25,0,1,0.043964341922697846,Persuadable
2962,0.0057784977863171,-0.013030407530739,-1.3268805653585676,-0.2193221767495355,-1.0637973813741977,-0.7722028424921158,0.0,0,0,0,0.044184245484478024,Persuadable
2201,-0.5101588045634277,0.5061823433190727,-0.0972627677878441,0.4021044668551178,-0.9572698682706005,0.6702834545087667,1.0,0,0,0,0.030973320652714915,Persuadable
99,0.4357262497444378,-0.6666276350710904,-0.712071666573206,0.3373725248129663,0.2486215800621181,-1.4719163447686632,1.0,0,0,0,0.03727197414963586,Persuadable
2558,0.8656740017025585,1.8194851837038908,-1.3268805653585676,-1.2420868610155276,0.2486215800621181,1.9493401642646373,0.0,15,0,1,-0.02049692671270919,Not Persuadable
3184,0.607705350527686,0.7871680673083827,-0.712071666573206,-0.5041427217350017,-0.7314315404909747,0.9149385252348322,1.0,25,1,1,0.05211725980098499,Persuadable
254,-1.0260961069131724,0.8299267644371907,-0.712071666573206,-1.306818803057679,0.1122663632895139,0.7172572280881716,0.0,25,1,1,-0.006466436706943836,Not Persuadable
3924,0.6936949009193102,0.6161332787931506,-0.0972627677878441,-0.7760168783120376,1.7613122661331964,0.100726449858486,1.0,0,1,0,0.007701927789829416,Persuadable
4200,0.3497366993528136,-0.8132288823698607,-1.3268805653585676,-0.6336066058193045,-1.2299803018158089,-0.847556604275744,1.0,20,0,1,-0.035746391005510934,Not Persuadable
1446,0.2637471489611895,1.6912090923174667,0.5175461309975176,0.8422816727417473,-0.7356926410151187,0.1584650465498378,0.0,25,1,1,0.08626718197636915,Persuadable
1649,-0.1662006029969311,-0.9842636708850928,-0.712071666573206,0.0396055914190698,-1.3237245133469744,1.02454399692011,1.0,0,1,0,-0.10066118333037612,Not Persuadable
4683,-0.5961483549550518,-0.2879077462159335,0.5175461309975176,-1.2938724146492486,-0.2115772765454211,0.9364681714587266,0.0,20,0,1,-0.09014505973756257,Not Persuadable
4724,-0.3381797037801794,0.5611578110561116,-0.712071666573206,-0.9184271508047708,-0.90187556145673,0.4510725111382124,1.0,30,1,1,0.017495477806638755,Persuadable
3992,-1.0260961069131724,-1.8699795399818304,-1.3268805653585676,0.5704075161647112,0.5639430188487654,-0.1830734321837499,0.0,20,1,1,0.04887937757643265,Persuadable
1697,-0.5101588045634277,-0.5322431583805508,-0.712071666573206,0.0784447566443607,-0.5098543132354929,-0.9630337976584468,1.0,0,0,0,0.016319599684117992,Persuadable
3192,-0.8541170061299242,1.1231292590347317,-0.0972627677878441,0.98469194523448,-0.7186482389185431,0.8738364733528537,0.0,10,1,1,0.1257440623696962,Highly Persuadable
4500,-0.5101588045634277,-1.240815853657941,-0.712071666573206,1.994510241092042,0.9261365634009954,-0.2642989156648035,0.0,20,1,1,0.1733738644488037,Highly Persuadable
1155,0.6936949009193102,1.9477612750903148,0.5175461309975176,0.1431766986865122,1.3522466158153836,1.7232788789137534,0.0,20,1,1,0.16893881773991248,Highly Persuadable
2256,-1.1980752076964207,-0.8926378913233614,1.1323550297828793,0.98469194523448,3.384791565832016,-0.9062738212499994,0.0,30,1,1,0.16102700242752546,Highly Persuadable
1683,-0.5101588045634277,-1.5401267335595972,-1.3268805653585676,-0.2452149535663961,-0.5354209163803562,-2.51121108521299,0.0,15,1,1,0.02545100853373187,Persuadable
3171,1.1236426528774308,-0.0863310311801242,1.1323550297828793,0.5833539045731415,1.5823460441191532,0.7143213672394587,1.0,0,0,0,0.14006127570566135,Highly Persuadable
2057,-0.5101588045634277,2.1249044489096627,1.1323550297828793,-1.306818803057679,2.2939498316511817,1.7908036784341472,1.0,0,1,0,0.01844037230564466,Persuadable
4091,2.3274963583601687,0.0358366749021844,1.1323550297828793,0.8552280611501776,1.7954010703263474,-0.7115283849520514,1.0,5,0,1,0.10808765645534447,Highly Persuadable
3109,-1.370054308479669,-1.8699795399818304,-0.712071666573206,-1.2679796378323882,-0.1519218692074067,-0.3073582081125908,0.0,0,0,0,0.042355893878479586,Persuadable
4549,0.1777575985695653,-0.6788444056793212,-0.0972627677878441,1.2306733249946555,0.1847050721999599,-1.0882971938701926,0.0,20,0,1,0.022754720122948862,Persuadable
3724,0.9516635520941824,0.1580043809844931,-0.0972627677878441,0.4021044668551178,-0.6589928315805288,0.4021414969929993,0.0,0,1,0,0.027327520283627657,Persuadable
2050,-1.1120856573047966,0.3473643254120715,-0.0972627677878441,-0.3487860608338384,0.0142610512342046,-0.353353361409091,0.0,0,1,0,0.014308554673284414,Persuadable
3644,-0.682137905346676,-1.8699795399818304,-1.3268805653585676,0.557461127756281,-1.3237245133469744,-0.6557470288265085,1.0,0,0,0,0.22524712801340446,Highly Persuadable
4938,-1.7140125100461656,-0.1474148842212785,-0.712071666573206,-1.306818803057679,0.4275878020761612,-0.6459608259974656,0.0,0,1,0,0.06970149426799141,Persuadable
624,-0.5961483549550518,-1.8577627693736,-1.3268805653585676,-0.607713829002444,0.7045593361455136,-1.1499502716931609,1.0,0,0,0,0.026995155312091176,Persuadable
263,0.2637471489611895,0.5733745816643425,0.5175461309975176,-1.306818803057679,-1.3237245133469744,-0.2907216633032189,0.0,5,1,1,0.06716612445833935,Persuadable
3370,0.0917680481779412,-0.8682043501068997,-1.3268805653585676,-0.42646439128442,-0.5737708210976511,-1.47583082590028,1.0,25,0,1,-0.052556736732926455,Not Persuadable
4062,1.1236426528774308,1.7156426335339283,0.5175461309975176,-0.1545902347073842,-1.1788470955260824,1.0578170865388543,1.0,0,1,0,0.05904051867993019,Persuadable
1803,-0.3381797037801794,-0.2940161315200489,-0.712071666573206,-0.4135180028759897,-0.1817495728764139,-1.7792031136006017,0.0,0,1,0,0.083374970081895,Persuadable
4737,-0.7681274557383001,2.1920966872549323,-0.712071666573206,-0.2193221767495355,-1.012664175084471,1.91313121379718,0.0,0,0,0,0.06798378869289404,Persuadable
2386,-0.5961483549550518,-0.4589425347311656,1.1323550297828793,-0.5300354985518623,0.5468986167521899,-0.7291435500443281,1.0,30,0,1,0.043573040823673505,Persuadable
1960,-0.5961483549550518,-0.4894844612517428,0.5175461309975176,0.1302303102780819,1.552518340450146,-0.0353017694652058,1.0,0,1,0,0.05111792172366069,Persuadable
2977,-0.7681274557383001,1.184213112075886,-0.0972627677878441,-0.4005716144675594,-1.1703248944777946,1.136106709171196,1.0,0,1,0,0.04248242724700318,Persuadable
489,-0.8541170061299242,-1.3446584038279037,-1.3268805653585676,-1.306818803057679,0.3295824900208519,-0.2848499416057931,0.0,10,0,1,-0.04603838149896077,Not Persuadable
1844,-1.542033409262917,-0.8376624235863225,-1.3268805653585676,0.2985333595876755,-1.3237245133469744,-1.4670232433541417,1.0,20,1,1,0.13985336557762634,Highly Persuadable
1735,-0.5101588045634277,0.2740637017626863,-1.3268805653585676,-1.306818803057679,-1.3237245133469744,-1.1734371584828631,0.0,0,1,0,-0.008654832642393452,Not Persuadable
2912,1.983538156793672,0.7321925995713437,2.3619728273536027,-0.0639655158483722,0.6619483309040747,0.7231289497855975,1.0,10,1,1,-0.05449781031718495,Not Persuadable
3220,1.0376531024858069,0.9826363970400764,-0.712071666573206,-0.2452149535663961,0.7855202461042473,0.4510725111382124,0.0,25,1,1,-0.021561310755817166,Not Persuadable
147,-0.5961483549550518,1.1414544149470778,-0.0972627677878441,-0.3617324492422687,-1.3237245133469744,0.6203738200806495,0.0,15,0,1,-0.01157458427165596,Not Persuadable
1987,0.1777575985695653,-0.9476133590604002,-1.3268805653585676,-0.659499382636165,-0.17748847235227,-1.9651409673524112,0.0,0,0,0,-0.012138067089834075,Not Persuadable
1370,1.0376531024858069,1.978303201610892,1.1323550297828793,0.1561230870949425,1.2755468063807938,0.8630716502409069,1.0,0,0,0,0.08064203787437094,Persuadable
2812,-0.3381797037801794,-1.0392391386221318,0.5175461309975176,0.6610322350237232,-0.2584493823110038,0.0909402470294439,0.0,0,0,0,0.13981941967414646,Highly Persuadable
660,-0.3381797037801794,-0.0313555634430853,1.1323550297828793,0.2985333595876755,-0.3138436891248743,0.7749958247795228,0.0,0,1,0,-0.00957137826129471,Not Persuadable
1795,-1.8859916108294137,-0.8926378913233614,-0.712071666573206,0.0654983682359304,-0.8081313499255647,-0.836791781163797,1.0,0,0,0,0.07237282442725443,Persuadable
2512,1.7255695056187998,-0.2695825903035872,1.1323550297828793,-0.1545902347073842,-0.722909339442687,-1.0599172056659687,1.0,0,1,0,-0.0025934863308491782,Not Persuadable
3398,-0.2521901533885552,0.3168223988914943,-0.712071666573206,0.1561230870949425,0.0099999507100607,-0.3357381963168143,0.0,20,0,1,-0.006681117208809741,Not Persuadable
4283,0.8656740017025585,0.8971190027824605,1.1323550297828793,0.8163888959248867,2.822326296645023,0.8278413200563528,0.0,0,1,0,0.14064777745370866,Highly Persuadable
1148,-0.4241692541718035,-0.8498791941945534,0.5175461309975176,1.347190820670528,-1.2555469049606722,-0.6978277009913917,0.0,0,1,0,0.1398856724238408,Highly Persuadable
3273,-0.1662006029969311,2.424215328811319,-0.0972627677878441,-0.3099468956085476,-0.7143871383943993,1.961083607659489,0.0,20,0,1,0.057170939941193766,Persuadable
609,-1.7140125100461656,-0.660519249766975,-1.3268805653585676,-1.1126229769312248,-0.0794831602969607,-0.300507866132261,1.0,0,0,0,-0.02950138768437975,Not Persuadable
3583,0.0917680481779412,-0.8743127354110151,-0.0972627677878441,0.1302303102780819,-1.1319749897604996,-0.4942746821473053,1.0,15,1,1,0.07157790600986726,Persuadable
1931,-1.8000020604377898,-1.8699795399818304,-0.712071666573206,-0.607713829002444,0.6662094314282186,-0.0499810737087703,0.0,20,0,1,-0.061150988486325414,Not Persuadable
198,-0.4241692541718035,-1.3018997066990954,-0.712071666573206,0.51862196253099,-0.1178330650142557,-0.4296857434756236,0.0,25,1,1,0.12691022715170427,Highly Persuadable
2932,0.8656740017025585,-1.0881062210550552,-0.712071666573206,-1.306818803057679,0.2102716753448232,-0.9522689745465,1.0,0,0,0,0.03321455082742033,Persuadable
2328,1.5535904048355516,0.341255940107956,0.5175461309975176,0.5833539045731415,2.0084560965335414,-0.6870628778794449,0.0,15,0,1,0.08274563768424381,Persuadable
4390,1.6395799552271757,0.7383009848754593,-0.0972627677878441,0.829335284333317,1.2116302985186356,2.130384916601926,1.0,0,1,0,0.14089929409273877,Highly Persuadable
767,0.0917680481779412,-0.4161838376023576,0.5175461309975176,-0.3876252260591293,1.3181578116222326,0.6732193153574796,0.0,0,0,0,0.023447207870239763,Persuadable
4497,-0.5101588045634277,-0.4955928465558582,2.3619728273536027,0.738710565474305,0.866481156062981,0.1643367682472636,1.0,0,1,0,0.05824169119154886,Persuadable
4219,1.811559056010424,1.0192867088647692,-0.712071666573206,0.8681744495586079,-1.0211863761327586,1.4991748341286777,1.0,15,1,1,-0.021085285633772308,Not Persuadable
3256,0.3497366993528136,0.298497242979148,-1.3268805653585676,-1.2938724146492486,-0.97857537089132,0.3952911550126694,0.0,0,0,0,0.043194838251840464,Persuadable
203,0.0917680481779412,-0.8254456529780916,-1.3268805653585676,-1.306818803057679,-1.046752979277622,-1.4063487858140775,1.0,0,1,0,0.023946208597451772,Persuadable
3511,0.5217158001360619,-0.831554038282207,-0.712071666573206,-1.306818803057679,-0.9359643656498812,-1.2106247292332253,1.0,20,0,1,0.04835329531058196,Persuadable
1734,-1.4560438588712932,-1.8699795399818304,-0.712071666573206,-0.5559282753687228,0.1293107653860894,-0.1008693284197915,1.0,0,1,0,-0.054169696361172484,Not Persuadable
2778,-0.5101588045634277,-1.2591410095702873,-0.0972627677878441,-0.5688746637771531,-0.2584493823110038,-0.3298664746193893,0.0,0,1,0,0.06617106316240103,Persuadable
1708,0.2637471489611895,-0.2023903519583174,0.5175461309975176,0.1690694755033727,2.0127171970576856,1.4864527704509218,0.0,0,0,0,-0.007593799817817145,Not Persuadable
3475,-1.370054308479669,-0.5078096171640891,0.5175461309975176,1.670850530881285,0.3721934952622907,-0.9689055193558724,0.0,10,1,1,0.11916755794418381,Highly Persuadable
855,0.2637471489611895,-0.6544108644628595,0.5175461309975176,0.1561230870949425,0.8707422565871249,0.7896751290230872,0.0,0,1,0,-0.07367205701538684,Not Persuadable
4738,0.9516635520941824,0.0052947483816072,0.5175461309975176,-0.9702127044384918,-1.119191688188068,0.6164593389490325,0.0,0,0,0,0.11632585307492817,Highly Persuadable
4098,0.8656740017025585,1.398006597719926,1.7471639285682412,-0.5559282753687228,-0.7186482389185431,1.6626044213736886,1.0,15,0,1,-0.019112225720549755,Not Persuadable
2161,-0.5101588045634277,-0.3550999845612033,-0.712071666573206,-0.0769119042568025,-0.5609875195252194,-0.0871686444591318,1.0,20,0,1,0.01044441552494457,Persuadable
699,-0.9401065565215484,-1.045347523926247,-0.712071666573206,-0.3228932840169778,-0.215838377069565,-1.1616937150880122,0.0,0,0,0,0.09325413811959765,Persuadable
4958,-1.8859916108294137,1.3002724328540791,1.1323550297828793,0.324426136404536,2.51126595838252,1.6498823576959336,1.0,25,1,1,0.05095687434223338,Persuadable
3000,-0.3381797037801794,0.0419450602062998,-0.712071666573206,0.453890020488839,-1.0978861855673483,0.6056945158370857,0.0,0,0,0,0.044007680813412324,Persuadable
3697,-0.682137905346676,0.7138674436589975,0.5175461309975176,1.295405267036807,-0.0922664618693924,0.4941318035859997,0.0,0,1,0,-0.029338658989033536,Not Persuadable
1637,-1.8000020604377898,-0.013030407530739,-0.712071666573206,-1.306818803057679,0.8110868492491106,-0.5285263920489546,1.0,15,0,1,0.06014733918444227,Persuadable
3458,-0.9401065565215484,-1.0025888267974392,-1.3268805653585676,-0.284054118791687,-0.5993374242425143,-0.9483544934148828,0.0,0,0,0,-0.030490750488424343,Not Persuadable
3582,2.1555172575769204,1.3308143593746562,1.1323550297828793,0.6351394582068627,0.436110003124449,1.7213216383479446,0.0,0,0,0,0.08603542112601847,Persuadable
1292,-0.4241692541718035,1.1353460296429625,-0.712071666573206,-0.5688746637771531,-0.3564546943663131,-0.6019229132667739,0.0,15,1,1,-0.005582853070576037,Not Persuadable
4660,-0.9401065565215484,0.6527835906178432,-0.0972627677878441,1.5931722004307034,0.5937707225177726,0.8963447398596515,1.0,0,0,0,-0.01815924813775685,Not Persuadable
1854,0.6936949009193102,-0.8559875794986688,-0.712071666573206,0.5963002929815718,-0.0113055519106586,-1.653939717388856,1.0,0,1,0,0.1038357831638935,Highly Persuadable
3764,0.607705350527686,-0.3428832139529724,-0.712071666573206,-0.3228932840169778,0.4190656010278734,-0.843642123144127,0.0,0,0,0,0.05194210483390321,Persuadable
3305,3.18739186227641,0.2862804723709172,-0.712071666573206,-0.5429818869602926,-1.3237245133469744,-1.563906651361664,1.0,20,0,1,-0.016519202707361656,Not Persuadable
4923,0.1777575985695653,-0.788795341153399,-0.712071666573206,2.136920513584775,-0.5311598158562123,1.2320114968958134,0.0,0,0,0,0.12463288082963578,Highly Persuadable
3744,0.6936949009193102,-0.8620959648027842,-0.712071666573206,-0.6983385478614559,1.3224189121463763,-0.576478785911263,1.0,0,1,0,0.12146954500656884,Highly Persuadable
3446,-0.3381797037801794,0.5183991139273036,-1.3268805653585676,-1.306818803057679,-1.3237245133469744,1.0676032893678973,0.0,25,0,1,-0.10341794779725288,Not Persuadable
1999,-0.5101588045634277,-0.2023903519583174,-0.0972627677878441,0.8163888959248867,-0.7314315404909747,-0.5833291278915932,0.0,0,0,0,0.1504647872346618,Highly Persuadable
664,-0.3381797037801794,0.0785953720309924,-0.0972627677878441,-1.306818803057679,-1.2385025028640968,-0.4805739981866456,1.0,0,1,0,0.0161469006480428,Persuadable
4780,0.0057784977863171,-1.6867279808583675,-0.0972627677878441,-0.8278024319457586,-0.9444865666981688,-1.754737606527995,0.0,0,0,0,0.08151180518218115,Persuadable
3749,-0.7681274557383001,-0.422292222906473,-1.3268805653585676,0.4409436320804086,-0.4757655090423418,0.4021414969929993,1.0,0,0,0,0.022562862285334252,Persuadable
4414,-0.7681274557383001,-1.79057053102833,-0.712071666573206,-1.0608374232975035,1.55677944097429,-1.4856170287293229,1.0,0,0,0,0.035782599400103074,Persuadable
4745,-0.1662006029969311,-1.821112457548907,-0.0972627677878441,-0.8148560435373283,-0.9444865666981688,-1.4905101301438444,0.0,20,0,1,0.003961574674959457,Persuadable
710,0.6936949009193102,-0.4039670669941267,0.5175461309975176,0.6739786234321535,-0.0922664618693924,-0.8250483377689458,1.0,0,1,0,0.17057716165989978,Highly Persuadable
1283,-1.8859916108294137,-0.3856419110817804,0.5175461309975176,-0.2452149535663961,0.2315771779655426,-0.5657139627993162,1.0,0,0,0,0.0627567721220626,Persuadable
2676,0.3497366993528136,-1.01480559740567,-0.712071666573206,-0.6206602174108743,1.0965805843667509,-0.3787974887646024,1.0,0,1,0,0.06412743213596492,Persuadable
4030,0.1777575985695653,0.7016506730507667,1.7471639285682412,2.7065616035557074,1.3479855152912397,0.7975040912863212,0.0,0,1,0,-0.010184040012730834,Not Persuadable
1307,-1.0260961069131724,-1.8699795399818304,-1.3268805653585676,-1.306818803057679,-1.0978861855673483,-1.3906908612876097,0.0,0,0,0,0.13774791626299662,Highly Persuadable
2238,-0.080211052605307,-0.0191387928348544,-0.712071666573206,1.243619713403086,-1.0041419740361832,-1.2272612740425977,0.0,0,1,0,0.06381188548685623,Persuadable
3303,0.9516635520941824,0.9765280117359612,1.1323550297828793,1.528440258388552,0.0568720564756434,-0.7125070052349555,0.0,15,1,1,0.138244626044809,Highly Persuadable
2039,-1.0260961069131724,0.481748802102611,-0.712071666573206,0.2855869711792452,0.5213320136073266,0.1780374522079233,0.0,0,1,0,-0.04435574455557448,Not Persuadable
1530,0.607705350527686,-1.8638711546777151,-0.0972627677878441,1.7873680265571574,0.0014777496617729,-1.8154120640680595,0.0,0,1,0,0.14541741685425608,Highly Persuadable
1664,1.897548606402048,0.8360351497413061,-0.712071666573206,-1.306818803057679,-1.1149305876639242,-0.8416848825783181,0.0,15,1,1,0.055880241162752996,Persuadable
4945,-0.1662006029969311,0.1580043809844931,-0.712071666573206,-0.0510191274399419,-0.0240888534830903,-0.58039326704288,1.0,25,0,1,0.0015366365805726248,Persuadable
4964,-0.5101588045634277,0.7138674436589975,0.5175461309975176,1.5672794236138428,-0.970053169843032,0.5234904120731273,1.0,25,1,1,0.06637962395018404,Persuadable
3628,-0.9401065565215484,-1.5706686600801745,-0.712071666573206,0.7257641770658747,1.267024605332506,-1.5834790570197492,1.0,0,0,0,0.23029682704553162,Highly Persuadable
2694,-0.3381797037801794,0.4939655727108419,-1.3268805653585676,-1.306818803057679,1.2542413037600744,0.30819394983419,1.0,20,1,1,0.08463220540083462,Persuadable
3061,1.209632203269055,0.212979848721532,2.3619728273536027,0.1561230870949425,0.7130815371938013,0.3052580889854771,0.0,15,0,1,0.05494116131104188,Persuadable
1598,0.2637471489611895,-0.0191387928348544,-1.3268805653585676,-1.306818803057679,-0.5482042179527878,-0.2907216633032189,0.0,25,0,1,-0.03709870580744992,Not Persuadable
2730,-1.2840647580880449,-1.6500776690336751,-0.0972627677878441,-1.306818803057679,0.3381046910691396,-1.7146141749289203,0.0,0,0,0,-0.02246107379301205,Not Persuadable
2626,-0.1662006029969311,-0.0924394164842396,-0.0972627677878441,-1.306818803057679,1.0028363728355854,0.0018858012851556,1.0,25,1,1,-0.03640746240815693,Not Persuadable
3158,-0.2521901533885552,-1.735595063291291,-1.3268805653585676,1.3989763743042491,0.6235984261867797,-0.9209531254935636,1.0,0,0,0,0.12928530444255837,Highly Persuadable
3315,1.1236426528774308,-0.013030407530739,-0.0972627677878441,-1.034944646480643,-1.3237245133469744,0.6653903530942457,1.0,10,0,1,-0.017189600648788286,Not Persuadable
1723,-0.682137905346676,-0.8926378913233614,0.5175461309975176,0.9070136147838987,-0.4118490011801836,0.7436799757265863,0.0,0,0,0,0.04699263262022309,Persuadable
1060,0.4357262497444378,1.2086466532923474,0.5175461309975176,0.9070136147838987,-0.9870975719396076,0.59297245215933,1.0,20,0,1,-0.025614750842204423,Not Persuadable
4637,-1.8859916108294137,-1.6684028249460214,-0.0972627677878441,1.670850530881285,-0.5013321121872051,-1.6187093872043026,0.0,25,1,1,0.07602013904074244,Persuadable
3243,0.2637471489611895,0.481748802102611,-0.0972627677878441,-1.306818803057679,-0.8848311593601546,0.2367546691821785,0.0,0,0,0,0.0652717676656171,Persuadable
1679,-0.7681274557383001,0.1030289132474542,-1.3268805653585676,0.9199600031923288,-0.0496554566279536,-0.8465779839928396,0.0,25,1,1,0.07004095140175665,Persuadable
1758,2.3274963583601687,0.0358366749021844,-0.0972627677878441,-1.306818803057679,1.1136249864633263,0.1829305536224443,0.0,25,0,1,-0.047076535579597206,Not Persuadable
4192,0.8656740017025585,-1.3874171009567111,-1.3268805653585676,-0.4005716144675594,-0.1220941655383996,0.6810482776207135,0.0,0,1,0,-0.05869780673039898,Not Persuadable
564,-0.7681274557383001,-1.6134273572089823,0.5175461309975176,-1.0608374232975035,1.1306693885599015,-0.0088790218267911,1.0,20,1,1,0.04176105853275977,Persuadable
2791,1.5535904048355516,0.341255940107956,-1.3268805653585676,-0.8278024319457586,-1.2171970002433774,-0.6038801538325824,1.0,15,1,1,-0.01868161868631766,Not Persuadable
864,0.0917680481779412,0.4695320314943801,-0.0972627677878441,-1.306818803057679,0.1165274638136578,0.1741229710763056,1.0,0,1,0,0.09116944828725021,Persuadable
1485,0.7796844513109343,0.9765280117359612,-1.3268805653585676,-0.9184271508047708,1.3266800126705205,0.764231001667576,1.0,0,1,0,-0.03795737188914506,Not Persuadable
207,-0.8541170061299242,-1.7844621457242145,-1.3268805653585676,0.7516569538827352,-1.3237245133469744,-0.8054759321108607,1.0,0,0,0,0.17839246371931672,Highly Persuadable
4489,0.4357262497444378,0.5428326551437653,-0.712071666573206,-0.0769119042568025,-1.0936250850432048,0.8571999285434811,1.0,10,1,1,0.06330874051691025,Persuadable
871,0.2637471489611895,0.2801720870668017,-1.3268805653585676,-0.1157510694820934,0.0866997601446506,0.6663689733771497,0.0,0,0,0,-0.014651813543247997,Not Persuadable
4494,-1.0260961069131724,-0.4284006082105884,-0.712071666573206,-1.306818803057679,-1.3237245133469744,-0.5686498236480291,1.0,20,0,1,0.10096441147695008,Highly Persuadable
503,-0.7681274557383001,-1.3996338715649423,-0.0972627677878441,-0.4005716144675594,-0.1860106734005578,0.0429878531671348,1.0,20,1,1,0.09302539780502493,Persuadable
1029,0.0057784977863171,0.7688429113960363,-0.0972627677878441,0.7516569538827352,-0.3479324933180253,-0.076403821347185,0.0,20,1,1,0.13992981047752434,Highly Persuadable
3841,-1.4560438588712932,-1.8699795399818304,-0.712071666573206,0.4927291857141298,0.8451756534422616,-0.0088790218267911,0.0,0,0,0,-0.008627916901091144,Not Persuadable
2691,-1.2840647580880449,-0.4284006082105884,-0.712071666573206,-1.306818803057679,-0.0752220597728168,-1.5599921702300463,0.0,0,0,0,0.00631323973873874,Persuadable
1571,0.0057784977863171,-0.660519249766975,0.5175461309975176,0.2985333595876755,-1.3237245133469744,0.4393290677433608,0.0,0,1,0,-0.09957370004247461,Not Persuadable
2774,-0.1662006029969311,0.8726854615659987,-0.712071666573206,-1.306818803057679,1.11788608698747,0.9785488436236098,0.0,25,0,1,-0.11386343986604552,Not Persuadable
2732,-1.370054308479669,-0.8132288823698607,0.5175461309975176,-1.1126229769312248,0.0909608606687945,-0.3817333496133153,1.0,0,1,0,-0.0016179807693311146,Not Persuadable
805,1.295621753660679,0.341255940107956,-0.0972627677878441,1.3083516554452377,-0.3181047896490181,2.5619564613627053,0.0,20,0,1,0.05951957135252499,Persuadable
3646,-1.542033409262917,-1.0881062210550552,-0.712071666573206,0.648085846615293,-0.249927181262716,-0.9395469108687444,1.0,5,0,1,0.06580881412290138,Persuadable
2455,-0.4241692541718035,-0.5261347730764354,-0.0972627677878441,-0.89253437398791,0.3721934952622907,-0.1135913920975472,0.0,30,0,1,-0.01154048209144827,Not Persuadable
4599,1.209632203269055,0.1518959956803776,0.5175461309975176,0.6869250118405839,-0.3777601969870325,-0.4345788448901453,1.0,0,0,0,0.1986963437601393,Highly Persuadable
3105,-0.080211052605307,-0.098547801788355,-0.0972627677878441,-0.5559282753687228,-0.1561829697315506,1.145892912000238,0.0,20,0,1,0.019938926419358696,Persuadable
4876,-0.4241692541718035,-1.8699795399818304,1.1323550297828793,0.9458527800091892,1.2925912084773692,0.4412863083091696,0.0,20,1,1,0.08904293336740736,Persuadable
201,0.3497366993528136,0.3901230225408795,-0.0972627677878441,0.9587991684176196,-1.123452788712212,-1.0599172056659687,1.0,0,1,0,-0.004581025926505227,Not Persuadable
3100,0.607705350527686,1.9172193485697375,-0.712071666573206,0.1690694755033727,0.6576872303799308,2.1714869684839053,0.0,25,1,1,0.04968470155896953,Persuadable
2279,-0.5961483549550518,-0.9903720561892084,-0.712071666573206,0.9717455568260498,0.0526109559514995,0.0586457776936027,1.0,0,1,0,0.050118702949422965,Persuadable
3562,0.0917680481779412,1.0437202500812308,1.7471639285682412,3.366827412385651,-1.3237245133469744,-0.2378761680263881,0.0,0,1,0,0.03843846471928674,Persuadable
4475,-0.682137905346676,-0.972046900276862,-1.3268805653585676,-1.306818803057679,-1.0765806829466291,-0.3572678425407087,0.0,10,0,1,0.06959537865156547,Persuadable
4515,0.0917680481779412,-0.3856419110817804,1.7471639285682412,-0.4782499449181411,0.1719217706275282,1.1781873813360793,1.0,10,0,1,-0.11010613840593979,Not Persuadable
392,0.0917680481779412,-1.2713577801785183,1.7471639285682412,0.0137128146022093,-0.4629822074699101,-0.684127017030732,1.0,30,0,1,0.028865051065017917,Persuadable
1496,-1.1120856573047966,-1.8699795399818304,-0.712071666573206,-1.306818803057679,1.5823460441191532,-0.567671203365125,1.0,0,1,0,0.08491237799388776,Persuadable
2696,0.9516635520941824,1.3247059740705407,-1.3268805653585676,0.3503189132213966,-0.722909339442687,0.5871007304619049,1.0,25,1,1,-0.05891755233993589,Not Persuadable
2028,-1.8859916108294137,-0.7704701852410527,-0.0972627677878441,-0.0769119042568025,0.580987420945341,-0.8534283259731694,1.0,0,0,0,-0.02572266716942956,Not Persuadable
2569,-1.8859916108294137,0.2068714634174165,-0.0972627677878441,-0.0639655158483722,-0.0240888534830903,-0.1595865453940474,1.0,10,0,1,-0.0655145751586666,Not Persuadable
65,0.7796844513109343,0.1030289132474542,-0.0972627677878441,-0.5947674405940137,-1.3237245133469744,-0.576478785911263,0.0,0,1,0,-0.001346844516609463,Not Persuadable
3885,-0.7681274557383001,0.0541618308145307,-0.0972627677878441,0.9199600031923288,0.3508879926415713,-0.8553855665389779,1.0,25,0,1,-0.056377107610282876,Not Persuadable
2063,0.2637471489611895,0.6894339024425358,1.1323550297828793,0.6351394582068627,-0.4800266095664857,0.2798139616299665,0.0,0,0,0,0.14941223414568822,Highly Persuadable
493,-0.2521901533885552,-0.3306664433447415,-0.712071666573206,-0.89253437398791,-1.3237245133469744,-0.2858285618886972,0.0,0,0,0,0.1240962206767203,Highly Persuadable
380,-0.4241692541718035,0.6833255171384203,-0.712071666573206,1.4507619279379702,1.1860636953737722,1.1703584190728449,0.0,0,1,0,-0.010773734970010846,Not Persuadable
4860,-0.2521901533885552,0.0541618308145307,-0.0972627677878441,-1.1126229769312248,0.5341153151797583,1.2320114968958134,1.0,0,1,0,-0.11732418398620727,Not Persuadable
3994,-0.682137905346676,0.9520944705194994,-0.0972627677878441,3.2762026935266397,2.0084560965335414,0.8591571691092893,1.0,25,0,1,-0.03772155399490571,Not Persuadable
4888,1.6395799552271757,2.112687678301432,0.5175461309975176,0.5963002929815718,-1.3237245133469744,1.487431390733826,0.0,10,1,1,0.1450745507084307,Highly Persuadable
1077,1.3816113040523033,2.5524914201977427,0.5175461309975176,1.9686174642751813,-0.4544600064216224,0.7965254710034171,0.0,25,1,1,0.16265106445909194,Highly Persuadable
879,-0.080211052605307,1.117020873730616,-0.712071666573206,-0.8666415971710495,0.1378329664343772,0.3385311786042217,1.0,0,0,0,0.058575541995557874,Persuadable
338,0.3497366993528136,0.9765280117359612,0.5175461309975176,1.5931722004307034,1.5099073352087071,-0.0088790218267911,1.0,10,1,1,0.1844516526957461,Highly Persuadable
1017,0.0917680481779412,0.9704196264318456,-0.0972627677878441,-0.6853921594530257,-0.1945328744488456,-0.3876050713107404,1.0,0,1,0,0.05118629068703761,Persuadable
1276,0.0057784977863171,-0.1229813430048168,2.9767817261389644,2.7065616035557074,0.3892378973588662,0.0400519923184219,1.0,0,1,0,-0.007025547917142302,Not Persuadable
3799,0.8656740017025585,0.8360351497413061,-0.0972627677878441,0.4021044668551178,0.0057388501859168,0.1232347163652844,1.0,25,1,1,0.05958113501751618,Persuadable
4552,-0.682137905346676,0.6894339024425358,-0.0972627677878441,0.0396055914190698,-0.8763089583118667,2.07166769962767,1.0,0,0,0,-0.04351414963074383,Not Persuadable
3343,1.7255695056187998,-0.281799360911818,0.5175461309975176,1.5802258120222732,1.0795361822701752,0.1339995394772312,1.0,30,1,1,0.12102036922470831,Highly Persuadable
4912,0.5217158001360619,-0.3978586816900113,1.1323550297828793,-0.1286974578905237,0.9943141717872976,0.7681454827991929,1.0,10,1,1,-0.0065014592025511,Not Persuadable
996,0.3497366993528136,-1.185840385920902,-1.3268805653585676,1.0364774988682013,-0.5524653184769317,-0.232004446328963,1.0,0,1,0,0.14887408693505336,Highly Persuadable
1982,-0.5961483549550518,-0.8254456529780916,-0.0972627677878441,0.4279972436719784,0.2273160774413987,0.3620180653939241,0.0,0,0,0,-0.09902692556612414,Not Persuadable
4298,-0.682137905346676,0.6039165081849197,-1.3268805653585676,0.0654983682359304,-1.3237245133469744,1.016715034656876,1.0,0,1,0,-0.021082245942821848,Not Persuadable
162,-0.7681274557383001,-1.7539202192036374,-1.3268805653585676,-1.021998258072213,1.1732803938013403,-0.8514710854073609,0.0,20,0,1,-0.02799154764783775,Not Persuadable
4799,-0.4241692541718035,0.3046056282832635,-0.0972627677878441,-1.306818803057679,-1.3237245133469744,1.3377024874494736,0.0,0,0,0,-0.1021449388247242,Not Persuadable
1501,-0.5961483549550518,0.8360351497413061,-0.0972627677878441,-0.1675366231158145,-1.0936250850432048,1.1126198223814936,1.0,10,1,1,0.0707094676452687,Persuadable
3844,1.897548606402048,1.6606671657968897,0.5175461309975176,-0.5041427217350017,1.450251927870693,0.3532104828477861,1.0,15,1,1,0.0527512287090794,Persuadable
2614,-0.4241692541718035,-0.7093863321998983,1.1323550297828793,-1.306818803057679,-0.0411332555796658,0.3894194333152436,1.0,0,0,0,0.08188646173469283,Persuadable
3462,-1.4560438588712932,-0.605543782029936,-1.3268805653585676,-0.2063757883411052,0.9346587644492832,-0.6185594580761465,0.0,0,0,0,0.05002924866781303,Persuadable
1022,0.3497366993528136,-1.4057422568690576,-0.0972627677878441,0.8422816727417473,1.590868245167441,1.095004657289217,1.0,0,1,0,-0.10093144940322704,Not Persuadable
3074,0.7796844513109343,0.5550494257519962,0.5175461309975176,0.5833539045731415,-0.5908152231942266,1.1380639497370042,1.0,5,0,1,0.006107680853015514,Persuadable
3944,0.6936949009193102,1.7889432571833137,-0.0972627677878441,0.4797827973056995,0.1293107653860894,1.0587957068217593,1.0,0,0,0,0.20661720539261413,Highly Persuadable
1586,-1.6280229596545417,-1.1614068447044403,-1.3268805653585676,-1.306818803057679,-0.7186482389185431,-0.0088790218267911,1.0,0,0,0,-0.055926001645914394,Not Persuadable
1956,-1.0260961069131724,-0.562785084901128,-1.3268805653585676,-0.0380727390315116,-0.1732273718281262,-1.0100075712378516,1.0,0,1,0,-0.034624487200594974,Not Persuadable
3153,0.4357262497444378,-0.4711593053393965,-1.3268805653585676,0.0266592030106395,-0.2030550754971333,1.3934838435750163,1.0,10,1,1,-0.010237463667898745,Not Persuadable
35,0.607705350527686,1.214755038596463,0.5175461309975176,-1.306818803057679,-0.795348048353133,0.8014185724179381,0.0,25,0,1,-0.04343774173278317,Not Persuadable
4015,0.1777575985695653,1.4285485242405032,0.5175461309975176,-0.0769119042568025,1.450251927870693,0.6732193153574796,0.0,0,0,0,0.03851704049184982,Persuadable
776,0.1777575985695653,0.3656894813244178,-0.0972627677878441,0.3503189132213966,-1.3237245133469744,0.0018858012851556,0.0,20,1,1,0.11846877027378044,Highly Persuadable
2557,-1.8859916108294137,-1.155298459400325,-1.3268805653585676,-1.306818803057679,-0.7910869478289891,-0.8358131608808926,0.0,0,0,0,0.14646584980637198,Highly Persuadable
1479,-0.4241692541718035,-0.7277114881122446,-0.0972627677878441,-0.6853921594530257,0.2017494742965354,0.5636138436722025,0.0,10,1,1,-0.000919117957753782,Not Persuadable
1364,0.8656740017025585,0.4450984902779184,-1.3268805653585676,0.5056755741225601,0.436110003124449,-0.011814882675504,0.0,0,1,0,0.0010475574734002573,Persuadable
2613,-0.5961483549550518,0.7688429113960363,0.5175461309975176,-1.021998258072213,0.0483498554273556,1.5578920511029326,0.0,0,0,0,0.0600511456071989,Persuadable
2825,0.0057784977863171,-0.9842636708850928,-0.712071666573206,-1.034944646480643,-1.3237245133469744,-0.3895623118765492,0.0,20,1,1,0.16421005539567815,Highly Persuadable
2042,0.6936949009193102,1.385789827111695,0.5175461309975176,1.3083516554452377,0.5128098125590388,1.703706473255668,0.0,0,1,0,-0.018448315749876026,Not Persuadable
242,-0.080211052605307,-0.6971695615916675,1.1323550297828793,0.0137128146022093,1.390596520532679,-0.5432056962925185,0.0,0,1,0,-0.005813131993545342,Not Persuadable
2062,1.811559056010424,0.25573854585034,-0.0972627677878441,0.2079086407286636,1.2499802032359304,-0.3328023354681022,1.0,15,0,1,0.07103736575864864,Persuadable
2364,0.5217158001360619,1.3735730565034645,0.5175461309975176,-1.2032476957902367,0.6704705319523625,0.6673475936600545,0.0,10,1,1,-0.0507958165367999,Not Persuadable
601,0.5217158001360619,1.7889432571833137,-0.0972627677878441,-1.306818803057679,0.3807156963105785,1.844627793993881,1.0,0,1,0,-0.01168533678849232,Not Persuadable
2436,-0.9401065565215484,-1.8699795399818304,2.3619728273536027,1.0105847220513406,0.397760098407154,-1.2027957669699911,0.0,0,1,0,0.021805413030912834,Persuadable
2889,-0.4241692541718035,-1.4912596511266738,-0.712071666573206,-1.306818803057679,-1.3237245133469744,-1.1969240452725656,1.0,15,0,1,0.011889416081112375,Persuadable
647,0.607705350527686,-1.1003229916632862,-0.0972627677878441,-1.0608374232975035,-1.3237245133469744,-0.7350152717417535,0.0,0,0,0,0.11927061119501219,Highly Persuadable
3891,-1.2840647580880449,-0.8193372676739762,-1.3268805653585676,0.324426136404536,0.325321389496708,-1.4278784320379714,1.0,0,0,0,0.07821823192808387,Persuadable
3557,-0.2521901533885552,-0.465050920035281,-1.3268805653585676,0.9587991684176196,-1.0339696777051903,-0.4590443519627519,0.0,0,0,0,0.09134494325909143,Persuadable
3203,-0.3381797037801794,0.2740637017626863,-1.3268805653585676,-1.306818803057679,-1.0254474766569026,0.4412863083091696,1.0,25,0,1,-0.02410933548523453,Not Persuadable
1529,-1.8859916108294137,0.212979848721532,-0.712071666573206,1.023531110459771,-0.6334262284356654,-1.5012749532557912,1.0,20,0,1,-0.004223323624869904,Not Persuadable
1268,0.6936949009193102,1.3674646711993488,-0.712071666573206,1.2047805481777951,-0.5567264190010756,1.1762301407702704,0.0,10,0,1,0.010113489908450376,Persuadable
1900,-1.1120856573047966,-1.8699795399818304,-1.3268805653585676,0.182015863911803,-1.3237245133469744,-0.0010500595635571,1.0,0,0,0,0.019351631484256816,Persuadable
4659,-0.5961483549550518,-0.013030407530739,-0.0972627677878441,-1.306818803057679,0.7471703413869524,0.7270434309172145,0.0,30,1,1,-0.00329473681465967,Not Persuadable
3006,-0.5101588045634277,-1.8699795399818304,-0.712071666573206,-1.306818803057679,0.4531544052210245,-1.4689804839199505,1.0,15,0,1,-0.038927812665356304,Not Persuadable
2735,0.0057784977863171,1.3674646711993488,-0.0972627677878441,-0.2970005072001173,0.0739164585722189,2.2771779590375654,0.0,20,1,1,0.05340970180861951,Persuadable
190,1.7255695056187998,-0.1168729577007013,-0.0972627677878441,0.6221930697984324,-0.1647051707798384,-0.4932960618644012,0.0,5,1,1,0.08275367888126618,Persuadable
1807,0.5217158001360619,1.2452969651170402,-0.712071666573206,-0.5300354985518623,-0.6376873289598094,2.1157056123583624,1.0,0,1,0,-0.00812480389630582,Not Persuadable
976,-1.0260961069131724,-0.5200263877723199,1.1323550297828793,0.9070136147838987,1.215891399042779,0.6585400111139158,0.0,30,0,1,0.011571325418457495,Persuadable
2748,-0.5101588045634277,0.298497242979148,0.5175461309975176,1.3212980438536677,0.8963088597319883,0.4138849403878502,0.0,20,0,1,0.02193041111786721,Persuadable
2048,0.5217158001360619,0.9093357733906914,-0.0972627677878441,0.8163888959248867,-1.3237245133469744,0.8395847634512045,0.0,0,0,0,0.08347429832897085,Persuadable
2559,1.4676008544439274,0.2740637017626863,-0.712071666573206,-1.306818803057679,0.1974883737723915,1.6763051053343485,0.0,0,1,0,-0.09996523771848342,Not Persuadable
1083,0.4357262497444378,0.5306158845355345,-0.712071666573206,-1.306818803057679,0.5852485214694848,0.5146828295269893,1.0,0,1,0,-0.09400348019312511,Not Persuadable
475,0.607705350527686,0.5306158845355345,0.5175461309975176,-0.1157510694820934,1.3224189121463763,0.967784020511663,0.0,0,1,0,0.041085311913402714,Persuadable
2905,-0.4241692541718035,-0.9048546619315924,-0.0972627677878441,-0.1545902347073842,-0.0922664618693924,-1.0295799768959366,1.0,0,0,0,0.009911536603418062,Persuadable
4844,-1.1980752076964207,-0.013030407530739,-1.3268805653585676,-0.750124101495177,0.0099999507100607,-0.4707877953576028,1.0,10,0,1,0.01583149985297793,Persuadable
4118,1.0376531024858069,-1.8699795399818304,-0.712071666573206,-1.306818803057679,-1.3237245133469744,-1.754737606527995,1.0,0,0,0,0.01452728237800963,Persuadable
3386,0.4357262497444378,0.5061823433190727,-0.0972627677878441,0.1431766986865122,-0.4374156043250469,0.2690491385180197,0.0,25,1,1,0.05304883082779181,Persuadable
4556,1.6395799552271757,1.3369227446787717,1.1323550297828793,2.305223562894369,-0.3053214880765865,2.0941759661344688,0.0,15,1,1,0.14523927275633453,Highly Persuadable
1185,0.0057784977863171,0.9093357733906914,1.1323550297828793,0.0654983682359304,-0.5950763237183705,2.095154586417373,1.0,5,1,1,0.07042939099085674,Persuadable
2434,0.0917680481779412,0.719975828963113,-1.3268805653585676,-1.306818803057679,-0.8720478577877229,-0.8945303778551486,0.0,0,0,0,0.10822623730555035,Highly Persuadable
2392,0.6936949009193102,0.2313050046338783,-0.712071666573206,-1.306818803057679,1.3266800126705205,-0.7790531844724456,1.0,20,1,1,0.05995381667426364,Persuadable
770,1.7255695056187998,0.9765280117359612,-0.0972627677878441,0.0525519798275001,0.1122663632895139,-0.1067410501172173,0.0,20,1,1,-0.08851449576343193,Not Persuadable
1686,0.6936949009193102,-1.2469242389620565,-0.712071666573206,-0.7112849362698862,-0.8933533604084423,-1.6030514626778345,1.0,0,1,0,0.029098371628417437,Persuadable
131,-0.4241692541718035,-1.08199783575094,0.5175461309975176,0.7516569538827352,0.542637516228046,0.588079350744809,1.0,30,1,1,0.028122411837938788,Persuadable
2920,0.9516635520941824,2.5341662642853966,-1.3268805653585676,0.4150508552635481,-1.3237245133469744,0.6076517564028938,0.0,0,1,0,-0.004597082558937754,Not Persuadable
3172,0.6936949009193102,-0.3306664433447415,-0.712071666573206,0.2467478059539543,0.8281312513456861,-1.7195072763434416,1.0,0,0,0,0.11739713634499448,Highly Persuadable
3445,1.1236426528774308,1.1903214973800011,1.7471639285682412,1.955671075866751,2.984248116562491,-0.1909023944469838,1.0,5,1,1,0.10752637757100174,Highly Persuadable
4427,0.1777575985695653,-0.6238689379422823,-0.712071666573206,0.091391145052791,-0.2712326838834354,-1.2556412622468212,1.0,0,1,0,0.034438235768958256,Persuadable
467,-0.3381797037801794,0.5550494257519962,-0.0972627677878441,-0.9184271508047708,-0.2541882817868599,0.6379889851729261,0.0,0,1,0,0.05568416053453366,Persuadable
3093,0.9516635520941824,1.0925873325141544,-0.0972627677878441,-1.306818803057679,0.1932272732482476,0.3395097988871264,1.0,0,1,0,0.0186073988617614,Persuadable
3773,0.4357262497444378,0.0175115189898381,-0.712071666573206,2.0592421831341934,-1.3237245133469744,-1.0276227363301282,0.0,15,1,1,0.22356550677964926,Highly Persuadable
861,-1.0260961069131724,0.5733745816643425,-0.712071666573206,-0.5041427217350017,-1.3237245133469744,0.0615816385423156,0.0,20,1,1,0.07883082335218826,Persuadable
