customer_id,age,income,previous_purchases,campaign_response,customer_tenure_days,channel,avg_basket_size,discount,purchase
1053,41,28100.0,2,0.106,82,in_store,18.61,15,0
2991,48,53100.0,5,0.206,483,in_store,44.66,0,0
1789,44,26400.0,4,0.137,1,online,28.27,0,1
765,44,43000.0,3,0.109,649,online,38.5,0,1
3248,24,17100.0,0,0.0,305,in_store,44.09,0,1
1102,47,39700.0,6,0.176,395,online,42.07,20,0
1666,32,35800.0,1,0.084,461,online,27.52,20,0
280,43,77100.0,0,0.0,207,in_store,49.98,0,1
3194,26,27200.0,0,0.06,496,online,37.59,0,1
4045,28,38500.0,0,0.127,317,online,46.56,10,0
2345,50,60700.0,3,0.133,1046,in_store,56.4,0,0
3306,46,57400.0,3,0.014,433,online,34.76,25,0
4619,73,47700.0,2,0.158,1,in_store,34.16,0,0
1695,25,27400.0,0,0.0,511,online,40.04,0,1
1663,39,15000.0,3,0.057,445,in_store,39.46,0,1
2112,46,64500.0,4,0.086,1,in_store,57.52,30,0
4518,38,45500.0,3,0.14,1,online,44.66,15,0
890,20,27900.0,0,0.049,365,online,33.36,0,0
4461,45,55000.0,3,0.017,153,in_store,55.73,0,1
3356,18,15000.0,1,0.022,393,in_store,36.41,0,1
2019,47,38200.0,2,0.022,715,online,34.43,0,0
2727,29,34400.0,2,0.11,296,online,28.02,0,1
158,52,61200.0,3,0.123,375,in_store,45.71,15,0
4013,48,45400.0,2,0.168,585,in_store,45.87,15,0
3626,64,73700.0,3,0.078,159,online,47.37,15,1
2092,48,25700.0,5,0.061,241,in_store,21.9,0,0
3968,27,31900.0,0,0.0,73,in_store,32.28,0,0
4268,44,47300.0,2,0.182,294,online,40.13,0,0
1095,32,46800.0,0,0.013,414,in_store,35.43,0,1
3912,69,42500.0,3,0.197,853,online,19.07,0,1
3258,60,48300.0,6,0.146,438,online,23.1,0,0
4231,54,61700.0,1,0.163,390,in_store,48.69,0,0
706,28,40400.0,0,0.085,71,online,31.15,0,0
600,19,25700.0,1,0.081,66,in_store,47.79,25,0
2570,46,57900.0,1,0.031,1,in_store,47.01,15,1
3989,54,40200.0,4,0.093,874,online,37.73,25,1
2835,46,67500.0,0,0.196,277,in_store,46.58,0,0
2239,29,65300.0,1,0.112,154,online,49.09,10,0
4563,44,45400.0,0,0.03,284,online,42.4,0,1
1783,18,15000.0,1,0.0,731,in_store,18.36,0,0
2814,34,51900.0,4,0.275,284,online,53.4,5,1
2842,53,18700.0,0,0.01,481,in_store,34.68,0,0
3955,40,53000.0,4,0.126,536,online,26.47,25,1
228,63,57400.0,2,0.099,364,in_store,38.29,20,0
4416,30,23400.0,3,0.052,224,online,22.29,10,0
3135,34,50900.0,3,0.167,427,online,45.31,15,1
4678,50,63300.0,5,0.122,93,online,43.88,15,1
3495,57,51100.0,2,0.0,358,in_store,39.2,0,0
4513,55,80200.0,6,0.204,546,in_store,47.17,15,0
241,29,50400.0,2,0.093,1,online,37.86,25,0
732,41,46600.0,1,0.0,305,in_store,45.37,0,1
30,45,20600.0,1,0.063,474,online,34.72,0,0
107,29,51100.0,2,0.135,576,in_store,18.55,20,1
4802,47,30200.0,4,0.11,367,in_store,21.32,5,1
3881,34,33700.0,1,0.012,407,online,48.8,5,0
1845,24,29300.0,0,0.0,286,online,38.54,20,0
3472,36,34900.0,2,0.0,12,online,25.83,10,0
2374,59,45600.0,2,0.0,110,in_store,35.3,10,1
4858,32,46600.0,1,0.141,8,in_store,33.8,25,1
1169,35,40900.0,1,0.095,24,in_store,34.96,0,0
2158,30,42200.0,0,0.105,247,online,30.72,0,1
2816,34,15000.0,1,0.082,466,in_store,37.42,0,0
799,52,42200.0,4,0.097,302,online,38.08,15,1
3987,27,26500.0,1,0.192,467,in_store,27.39,0,0
66,50,57800.0,4,0.267,208,in_store,42.72,5,1
2700,30,48200.0,0,0.015,246,in_store,23.02,25,0
1505,37,45700.0,3,0.19,584,in_store,40.44,0,1
180,43,37500.0,0,0.102,501,in_store,33.38,0,1
1422,37,52900.0,3,0.086,168,online,49.81,0,0
625,46,42300.0,1,0.192,1,online,31.78,0,0
24,38,28300.0,1,0.0,1,online,24.25,0,0
2060,27,36700.0,0,0.318,59,in_store,39.11,0,0
682,48,79400.0,6,0.102,519,in_store,49.37,20,1
1631,25,40000.0,1,0.2,240,online,25.91,0,0
1091,33,43800.0,2,0.057,456,in_store,39.96,0,0
502,51,19700.0,0,0.0,1,in_store,30.05,0,0
4444,28,17800.0,0,0.0,314,online,26.73,0,0
229,30,43900.0,0,0.0,491,online,36.17,0,0
4138,42,45200.0,1,0.134,238,in_store,44.22,0,1
4639,34,24500.0,0,0.189,108,in_store,27.56,0,0
3788,41,71400.0,1,0.0,1,in_store,50.7,25,1
2221,41,55900.0,1,0.111,58,in_store,37.86,20,0
3711,46,29400.0,1,0.0,603,online,42.17,0,0
1413,21,17100.0,1,0.24,1,online,15.43,10,1
2684,32,15000.0,0,0.054,478,in_store,24.34,25,1
85,26,46300.0,3,0.113,135,in_store,31.82,15,1
4455,47,69900.0,3,0.133,606,in_store,54.45,0,0
4587,46,65700.0,0,0.032,385,in_store,45.93,25,0
4309,44,45400.0,4,0.077,849,in_store,39.32,5,1
2379,41,25900.0,1,0.117,322,online,36.5,0,0
2697,46,40500.0,6,0.152,759,online,41.42,0,0
1210,44,38900.0,2,0.166,368,online,37.3,0,0
2766,32,39200.0,0,0.15,1,in_store,32.4,0,0
334,28,62300.0,0,0.119,42,online,34.51,0,1
2093,42,59300.0,0,0.024,136,in_store,40.39,20,1
200,38,40700.0,2,0.189,417,online,29.85,0,0
2883,49,52600.0,1,0.066,339,in_store,47.14,0,1
1433,30,35400.0,2,0.111,687,in_store,24.99,0,0
808,25,32700.0,0,0.018,193,in_store,34.89,0,1
4195,55,27900.0,4,0.179,643,online,35.02,15,1
3436,46,62400.0,6,0.248,361,online,38.66,0,1
3574,39,29500.0,4,0.074,915,online,39.9,0,1
1030,53,21500.0,1,0.187,364,in_store,40.32,0,1
3493,37,50200.0,3,0.112,1,online,49.52,10,0
1520,18,33300.0,1,0.086,502,online,27.63,0,0
4849,31,23800.0,0,0.052,1,online,24.64,20,1
1955,43,44400.0,1,0.125,239,online,44.33,0,1
2405,30,80500.0,6,0.098,575,in_store,52.45,15,1
4310,18,15000.0,0,0.031,389,in_store,18.16,0,0
4131,52,55200.0,3,0.097,1,in_store,43.31,0,0
2122,41,48600.0,3,0.239,266,in_store,27.02,0,0
80,36,32300.0,2,0.089,868,online,26.67,15,0
4293,30,15000.0,1,0.059,541,in_store,29.14,0,0
3292,43,71000.0,2,0.052,266,in_store,48.56,30,0
3045,42,39000.0,1,0.212,185,online,35.58,10,1
4733,67,46000.0,0,0.092,174,in_store,35.07,10,0
3167,29,37200.0,1,0.122,242,in_store,31.75,0,0
4542,43,38100.0,6,0.225,264,online,27.93,15,1
2074,37,44000.0,2,0.096,68,online,30.8,30,1
734,38,44600.0,0,0.186,425,in_store,34.92,30,0
3952,69,80000.0,6,0.334,504,in_store,36.97,25,0
3434,41,43500.0,1,0.121,481,in_store,32.29,15,1
2219,32,38500.0,0,0.093,24,in_store,30.42,0,0
1742,58,80100.0,3,0.113,733,in_store,47.61,15,1
297,44,37100.0,1,0.019,1,in_store,27.33,10,1
3560,30,31000.0,2,0.064,498,in_store,40.1,15,0
712,48,15000.0,2,0.016,853,in_store,29.51,15,1
897,32,48400.0,3,0.187,107,in_store,33.86,30,1
3950,40,62700.0,3,0.066,404,online,40.75,0,0
374,50,43000.0,4,0.129,564,in_store,43.19,0,1
1558,49,48200.0,2,0.109,478,online,40.44,0,0
4149,39,45900.0,3,0.022,1,in_store,40.36,10,0
1500,26,69000.0,3,0.095,415,in_store,53.53,0,1
4618,28,40400.0,2,0.077,252,in_store,19.56,30,1
472,35,34700.0,2,0.146,565,in_store,18.13,0,0
1035,34,36700.0,3,0.093,363,online,37.56,20,0
1515,20,15000.0,0,0.058,1,in_store,19.29,10,0
4237,42,59000.0,2,0.123,16,in_store,46.33,10,0
1733,37,38300.0,3,0.142,590,online,41.57,20,0
1271,58,63600.0,4,0.143,119,in_store,52.71,10,1
3935,45,73100.0,8,0.206,511,in_store,65.04,25,1
4437,35,28500.0,5,0.17,284,in_store,39.61,0,1
4419,44,58900.0,2,0.005,17,online,37.56,0,1
2586,52,46900.0,1,0.105,190,online,41.6,0,0
3636,25,38300.0,0,0.081,940,online,43.83,0,0
656,44,45600.0,0,0.138,482,online,31.78,25,0
1293,35,43500.0,0,0.163,110,in_store,37.86,25,1
4752,43,70300.0,1,0.045,475,online,55.76,25,1
427,50,42100.0,3,0.179,1,online,47.8,20,0
2421,18,33200.0,1,0.164,482,online,39.1,25,1
2136,36,80200.0,1,0.063,1,in_store,51.29,0,0
1075,29,38900.0,1,0.16,111,online,42.08,0,0
4840,45,57300.0,5,0.114,626,in_store,48.9,0,0
1323,40,46900.0,1,0.093,432,in_store,41.98,0,1
415,37,63700.0,4,0.0,565,online,51.62,25,1
2485,39,38800.0,1,0.063,1,online,42.08,20,1
2147,29,61800.0,2,0.142,252,in_store,48.71,0,1
590,59,43800.0,4,0.139,267,online,34.05,0,1
169,38,59200.0,3,0.135,1,online,47.3,0,1
3519,40,46800.0,7,0.269,617,in_store,45.98,30,1
2241,55,72400.0,5,0.318,309,in_store,47.21,15,1
997,49,55100.0,1,0.004,1,online,46.28,20,1
3670,42,47300.0,3,0.23,358,in_store,55.94,15,1
1865,43,43200.0,1,0.177,1,online,44.15,0,0
9,40,33200.0,2,0.094,224,online,21.19,20,1
3186,24,16000.0,0,0.0,443,online,16.4,0,1
498,36,51400.0,5,0.106,853,online,30.71,0,1
4335,47,63300.0,2,0.049,181,in_store,58.37,30,1
145,30,15000.0,2,0.129,60,online,11.54,0,0
658,42,41800.0,2,0.171,403,in_store,47.8,0,1
2026,22,55200.0,2,0.221,584,online,37.58,15,0
298,36,42000.0,2,0.061,172,in_store,33.22,0,1
3781,45,47900.0,3,0.057,2,in_store,33.08,20,0
1254,44,39600.0,1,0.0,124,in_store,23.96,0,0
152,28,35800.0,2,0.247,248,online,35.0,0,0
1744,24,56400.0,0,0.08,1,online,37.86,30,0
2628,58,32700.0,1,0.048,155,online,46.84,15,1
1198,29,46000.0,0,0.082,352,online,28.26,20,0
3228,39,24400.0,3,0.026,982,online,14.0,25,0
3162,47,74100.0,1,0.078,282,online,54.94,15,1
4835,21,25600.0,0,0.134,354,in_store,27.94,30,0
3409,46,64700.0,1,0.161,77,online,57.57,10,1
1393,33,46300.0,2,0.0,213,online,34.83,0,1
3941,41,15000.0,1,0.0,248,online,30.75,0,0
1414,55,51200.0,0,0.05,284,online,60.94,20,1
1540,58,53200.0,1,0.038,13,in_store,42.61,0,0
2588,57,42700.0,8,0.224,972,online,26.17,15,1
1706,63,61500.0,1,0.0,1,online,47.53,0,1
3833,38,26500.0,1,0.021,330,online,28.9,20,1
2999,50,58800.0,2,0.0,603,in_store,42.92,0,0
4530,57,36900.0,3,0.112,143,in_store,28.97,20,1
4260,36,31800.0,1,0.087,1,online,30.53,0,0
3610,40,31100.0,2,0.035,348,in_store,38.12,0,1
1445,38,44500.0,3,0.199,218,online,51.26,0,1
101,35,28700.0,2,0.127,1,in_store,31.62,0,0
2820,50,73300.0,6,0.244,674,online,53.81,15,0
1205,32,38900.0,2,0.018,137,in_store,35.03,30,1
1324,21,24600.0,3,0.206,1,in_store,26.01,0,0
1026,36,50100.0,2,0.0,431,online,50.86,0,0
4059,47,48500.0,2,0.182,1,in_store,35.24,0,0
1616,46,58300.0,1,0.203,226,in_store,42.44,0,1
2388,48,54000.0,3,0.189,201,in_store,55.78,10,1
1753,32,27800.0,2,0.16,363,in_store,24.03,0,1
4999,41,63000.0,2,0.155,441,online,40.65,15,1
1232,27,49300.0,4,0.078,150,online,37.52,0,0
4422,49,46800.0,1,0.156,1,in_store,37.61,25,1
3012,36,17200.0,1,0.051,338,in_store,27.04,0,0
2506,51,42200.0,1,0.077,130,in_store,25.59,10,0
4382,44,56300.0,2,0.017,291,in_store,42.77,0,0
1211,51,43700.0,5,0.149,955,online,26.04,10,1
3945,55,42800.0,3,0.148,1,in_store,51.33,15,0
1913,47,60600.0,2,0.11,113,online,41.9,0,1
3527,45,48100.0,3,0.112,673,in_store,43.91,0,0
2528,36,48900.0,1,0.031,1,in_store,54.13,0,0
2606,29,48900.0,1,0.0,304,in_store,50.06,0,1
3984,24,37300.0,1,0.157,321,online,37.92,0,1
473,37,50400.0,0,0.065,575,in_store,47.52,0,1
2844,49,40400.0,0,0.0,1,in_store,39.45,30,0
4215,39,23500.0,4,0.11,498,in_store,21.26,0,0
4081,53,43400.0,4,0.177,593,in_store,23.71,20,0
3596,70,63800.0,5,0.159,1,in_store,49.13,0,0
1256,32,53700.0,3,0.03,673,online,34.04,0,1
4773,36,35500.0,0,0.2,337,in_store,35.53,0,1
1748,44,58100.0,4,0.057,1064,online,56.86,0,1
3917,36,51200.0,0,0.143,32,in_store,38.35,0,0
4979,54,54900.0,2,0.055,534,in_store,52.48,15,0
3297,45,47800.0,4,0.032,493,in_store,39.48,0,1
3265,34,41700.0,3,0.104,225,online,40.48,10,1
249,75,74800.0,3,0.069,158,in_store,53.07,25,0
34,30,37600.0,3,0.072,377,online,45.11,20,0
2797,47,45400.0,3,0.052,44,online,29.18,0,0
3684,35,41500.0,0,0.039,1,in_store,32.15,5,1
506,33,26300.0,1,0.049,1,online,27.1,0,0
3081,34,30200.0,1,0.0,71,online,14.66,15,1
894,40,63200.0,1,0.152,682,in_store,61.82,20,1
627,35,47900.0,1,0.144,58,in_store,47.04,0,1
3190,24,37200.0,3,0.0,200,online,19.38,5,0
1673,42,29000.0,2,0.012,1,in_store,27.83,0,0
2518,57,54700.0,2,0.125,224,online,45.24,0,1
2723,19,38900.0,1,0.154,278,online,27.99,0,0
3040,39,69300.0,4,0.148,1022,online,45.37,15,0
1872,33,57900.0,0,0.105,23,online,38.86,0,0
2852,57,76000.0,2,0.172,24,online,44.64,20,0
970,40,68300.0,2,0.0,258,in_store,54.69,0,1
417,53,63700.0,3,0.083,389,in_store,35.33,0,1
1361,35,58000.0,0,0.0,242,online,46.55,0,0
231,22,45800.0,2,0.072,140,in_store,42.89,20,1
4871,26,23800.0,2,0.003,1,online,22.37,0,0
3660,40,55700.0,3,0.195,511,in_store,40.44,25,1
545,37,42300.0,1,0.005,1,online,32.91,25,0
1245,53,77800.0,9,0.274,525,online,51.08,15,0
3318,32,15000.0,0,0.032,104,in_store,18.55,5,0
995,39,30200.0,2,0.084,546,in_store,20.2,20,1
1621,47,48200.0,2,0.128,459,online,52.17,15,0
1757,61,53300.0,7,0.241,690,in_store,51.4,0,1
4821,34,34600.0,1,0.199,1,online,20.06,0,0
1341,30,34700.0,0,0.0,164,in_store,30.88,20,0
1819,46,51600.0,4,0.11,461,in_store,54.05,0,1
813,43,56100.0,1,0.0,1,online,43.9,20,0
3510,28,32200.0,2,0.136,571,online,39.44,0,0
3910,22,15000.0,2,0.238,1,in_store,15.11,20,0
3009,37,40500.0,2,0.061,658,in_store,36.48,0,1
3969,33,45900.0,0,0.068,326,online,39.67,20,1
4994,32,50200.0,2,0.188,432,online,45.7,5,1
3621,44,63800.0,4,0.18,289,online,61.52,10,1
1085,41,30000.0,4,0.276,252,online,37.26,20,1
1104,46,75700.0,2,0.18,316,in_store,40.34,5,1
932,45,38500.0,0,0.0,188,online,36.49,15,0
3059,32,62600.0,2,0.176,313,in_store,40.81,25,1
3879,24,27200.0,3,0.0,306,online,31.97,0,0
1145,40,59700.0,2,0.032,57,in_store,59.52,0,0
423,33,37800.0,3,0.069,207,in_store,22.99,20,0
1437,35,45400.0,1,0.089,355,online,45.82,0,0
725,29,40000.0,1,0.053,153,in_store,39.17,0,0
1418,52,51700.0,1,0.0,1,online,35.06,20,1
3738,59,81000.0,3,0.147,178,online,47.21,0,0
3567,49,53600.0,4,0.169,624,online,39.15,15,1
927,38,42500.0,3,0.141,57,in_store,19.95,5,1
2291,45,75500.0,4,0.219,197,in_store,50.73,0,0
150,42,27200.0,0,0.0,81,online,47.4,0,1
4090,49,28100.0,4,0.102,25,in_store,35.5,0,1
3102,34,38800.0,1,0.173,1,online,27.89,25,0
4093,31,55200.0,4,0.024,557,in_store,38.02,0,1
13,41,24900.0,1,0.138,254,in_store,40.51,10,0
469,53,60100.0,1,0.13,494,online,38.66,20,1
3264,59,60600.0,5,0.124,383,online,39.76,0,1
3874,25,43100.0,1,0.0,564,online,23.5,0,1
1894,18,44100.0,1,0.125,219,online,28.17,0,1
3705,46,40600.0,1,0.141,196,in_store,45.85,10,1
1438,18,46400.0,1,0.211,171,online,37.5,0,0
1860,23,40700.0,2,0.11,198,online,36.12,10,0
1841,33,67100.0,2,0.009,1,in_store,54.55,0,0
3659,29,47200.0,1,0.128,340,online,36.01,0,1
2105,37,40500.0,2,0.16,161,in_store,25.74,0,0
3612,31,31500.0,0,0.0,181,online,42.35,10,1
812,33,47500.0,1,0.099,384,online,44.67,20,0
2664,23,20500.0,1,0.166,393,in_store,30.17,0,0
1269,48,49800.0,2,0.178,49,online,35.71,0,1
1962,32,65600.0,3,0.125,386,in_store,49.59,0,1
3707,38,40800.0,4,0.094,598,online,39.27,0,1
2878,34,49000.0,7,0.35,186,online,24.89,5,1
4545,47,41900.0,2,0.082,70,in_store,33.96,20,0
4264,50,31200.0,0,0.082,158,online,21.01,25,1
394,46,37200.0,3,0.0,786,in_store,30.5,0,0
2631,41,61500.0,0,0.0,340,online,38.68,5,1
585,49,43400.0,2,0.18,62,online,30.83,0,1
4965,32,38500.0,0,0.031,372,online,33.97,0,1
492,44,15000.0,1,0.104,1,online,7.39,15,0
2651,27,15000.0,1,0.0,601,in_store,27.88,0,1
3041,55,48800.0,1,0.058,202,in_store,46.61,0,1
133,48,51200.0,4,0.16,708,online,51.86,0,0
1589,28,27300.0,0,0.0,356,online,29.03,0,0
1739,30,45400.0,3,0.0,66,online,21.74,0,1
4986,45,62600.0,3,0.06,333,in_store,43.59,25,1
1019,36,58600.0,1,0.031,256,in_store,41.03,25,1
4379,34,70900.0,1,0.0,56,in_store,40.04,0,1
4703,18,38900.0,1,0.163,42,in_store,38.95,20,1
2308,40,18200.0,1,0.104,1,online,30.93,25,0
288,41,34600.0,0,0.269,111,in_store,33.92,0,1
2211,49,47200.0,5,0.015,170,in_store,35.23,10,0
3130,44,37900.0,4,0.121,293,in_store,39.46,0,1
4576,44,58300.0,2,0.069,30,in_store,41.84,25,0
1407,43,41000.0,5,0.269,629,online,30.3,0,1
2367,53,47900.0,2,0.116,267,in_store,38.36,25,1
2292,54,42400.0,3,0.11,596,in_store,36.25,15,1
950,18,78100.0,3,0.092,395,in_store,41.99,0,0
3478,37,74000.0,5,0.248,653,in_store,45.46,15,0
3887,28,34600.0,1,0.185,216,in_store,44.21,5,0
3405,22,35500.0,4,0.148,1,in_store,39.75,0,0
2296,51,57200.0,3,0.054,130,in_store,38.29,25,1
4224,26,21800.0,1,0.037,1,in_store,33.44,0,0
4612,64,72200.0,3,0.056,420,in_store,41.52,20,0
4486,32,47800.0,5,0.118,501,online,36.75,20,1
4340,37,47900.0,2,0.118,706,in_store,54.87,10,0
2222,31,38100.0,0,0.088,368,in_store,49.79,30,0
1042,52,52900.0,1,0.0,812,in_store,43.42,10,1
3846,18,46500.0,4,0.193,1,online,38.38,10,0
4339,40,39300.0,5,0.044,1107,online,31.36,0,0
3883,44,33000.0,4,0.086,109,in_store,32.62,15,1
2305,44,47500.0,2,0.124,59,in_store,42.78,0,0
4403,32,31800.0,1,0.129,1,in_store,9.32,0,1
430,45,83200.0,4,0.11,191,in_store,54.96,0,0
1045,31,50700.0,2,0.098,483,in_store,46.25,0,1
1808,40,34000.0,4,0.136,336,in_store,15.55,0,0
4953,39,56600.0,2,0.167,355,online,33.72,5,1
3655,47,32400.0,0,0.0,401,online,18.24,20,0
830,18,21900.0,0,0.094,334,online,23.73,20,1
2978,38,34800.0,4,0.096,109,online,32.85,25,0
1719,47,21600.0,2,0.07,104,online,35.82,0,0
466,34,48500.0,1,0.195,1,in_store,39.55,0,0
3961,56,53500.0,2,0.153,479,online,37.86,0,0
1372,50,84200.0,2,0.027,475,online,57.06,10,1
1457,68,66900.0,3,0.182,564,in_store,44.21,15,1
1188,44,49200.0,2,0.0,171,online,48.07,0,1
3163,47,33000.0,3,0.055,104,in_store,47.27,0,0
4646,30,21400.0,0,0.0,58,in_store,38.42,30,1
678,45,54600.0,1,0.0,100,online,28.79,25,1
487,31,67700.0,3,0.234,209,in_store,51.16,5,1
2232,27,52200.0,2,0.06,302,in_store,50.05,0,1
1039,50,40300.0,3,0.181,248,online,35.67,10,0
764,48,79900.0,3,0.151,179,online,69.47,0,0
2956,28,15000.0,0,0.0,187,online,43.38,0,1
3656,44,50300.0,2,0.035,388,in_store,48.15,0,1
3755,37,56300.0,1,0.056,673,in_store,37.59,0,0
3652,43,69500.0,4,0.127,701,online,47.07,25,1
766,19,32700.0,1,0.0,154,in_store,26.43,0,0
4271,25,33800.0,0,0.082,869,online,28.7,15,0
291,37,50500.0,2,0.0,41,online,44.79,0,0
2120,49,30600.0,1,0.017,133,in_store,24.56,15,0
3540,30,43000.0,0,0.132,134,in_store,35.34,0,0
253,61,85700.0,4,0.24,943,in_store,62.35,25,1
3261,41,22800.0,1,0.215,1,in_store,27.67,20,1
351,44,39700.0,2,0.1,650,in_store,18.06,0,1
3708,47,58900.0,2,0.147,209,online,36.4,0,0
3204,53,42200.0,1,0.0,500,in_store,36.94,0,1
1740,41,31000.0,1,0.075,278,in_store,17.95,20,0
677,69,41000.0,4,0.021,220,in_store,42.36,0,1
91,48,55600.0,2,0.138,39,in_store,55.25,0,1
3827,50,55500.0,0,0.012,591,in_store,36.4,0,0
4881,34,72100.0,0,0.0,105,in_store,47.49,0,0
4119,32,38700.0,2,0.122,308,online,35.29,10,0
3056,26,37300.0,0,0.045,1,in_store,31.37,0,1
27,46,47800.0,6,0.106,525,online,22.85,0,1
3717,49,42900.0,2,0.207,206,in_store,24.44,0,0
4898,55,55300.0,5,0.118,417,in_store,48.16,5,0
722,54,67200.0,4,0.18,59,in_store,39.31,10,0
2064,45,45100.0,4,0.105,940,online,36.62,30,1
3964,35,18600.0,3,0.111,332,in_store,35.27,0,1
2471,34,44100.0,3,0.206,713,in_store,47.25,30,0
2318,45,46400.0,3,0.203,422,in_store,39.86,0,1
2859,36,39100.0,4,0.18,204,in_store,31.63,15,0
878,37,33600.0,3,0.157,96,in_store,34.21,5,0
3317,38,51200.0,2,0.154,348,in_store,35.89,0,0
3789,61,39700.0,2,0.223,208,in_store,38.78,0,0
255,37,55100.0,3,0.098,482,in_store,36.8,15,1
4822,32,20000.0,1,0.024,1,online,29.38,20,0
4796,29,34700.0,0,0.0,389,in_store,35.35,0,1
4249,32,59300.0,1,0.051,341,online,52.07,0,0
4321,31,51100.0,2,0.199,310,online,21.14,0,0
4734,18,30600.0,0,0.0,31,in_store,34.02,0,1
2100,59,64400.0,3,0.134,372,in_store,50.46,25,1
4740,39,59200.0,1,0.0,491,online,56.48,15,1
3981,44,55100.0,3,0.115,323,in_store,45.44,25,1
2535,38,50300.0,4,0.044,475,in_store,35.56,20,0
4658,41,58800.0,3,0.133,312,in_store,22.93,20,0
316,36,58700.0,2,0.031,265,in_store,38.36,0,0
1262,41,53300.0,4,0.199,366,in_store,37.76,0,0
842,40,41200.0,3,0.192,850,online,25.42,15,1
2744,19,37300.0,2,0.04,358,in_store,37.43,0,0
554,64,52700.0,2,0.114,628,in_store,42.64,0,0
2023,42,37800.0,1,0.146,524,in_store,39.83,0,1
3132,32,36600.0,2,0.179,427,in_store,39.01,0,1
70,38,62300.0,4,0.137,328,in_store,50.09,10,1
3605,41,63500.0,3,0.0,7,in_store,44.36,15,0
747,62,33500.0,2,0.018,316,online,40.25,25,1
2424,35,44900.0,4,0.145,483,in_store,45.8,25,1
4457,33,45400.0,2,0.024,289,online,30.39,0,0
1703,42,26900.0,3,0.011,409,in_store,27.25,0,0
3122,42,60600.0,2,0.115,6,in_store,36.79,15,0
4694,31,75300.0,2,0.181,1,in_store,58.82,25,0
3354,30,19400.0,0,0.0,1,in_store,28.49,0,0
2068,40,15000.0,1,0.086,524,in_store,18.05,30,1
3649,56,49800.0,1,0.051,423,in_store,44.3,0,0
3996,32,53200.0,7,0.219,581,online,46.05,20,1
2154,27,38300.0,1,0.007,249,online,27.93,0,1
1840,29,36100.0,0,0.093,98,online,34.61,25,1
388,46,45600.0,0,0.0,136,online,35.81,0,1
2469,48,53200.0,6,0.076,688,online,34.77,0,0
3703,31,39200.0,2,0.126,213,in_store,34.05,20,0
3932,49,30400.0,3,0.0,406,in_store,20.9,25,0
3719,45,70000.0,5,0.135,634,in_store,45.49,20,1
1371,22,42200.0,1,0.047,1,online,31.13,0,0
411,22,44500.0,0,0.154,751,in_store,36.12,0,0
1439,25,46700.0,2,0.272,632,in_store,35.76,0,1
110,19,39800.0,1,0.076,499,online,34.18,0,1
4057,50,82200.0,5,0.158,380,in_store,71.49,15,1
1136,55,55600.0,3,0.13,35,online,43.02,20,0
2128,34,29200.0,0,0.0,422,in_store,20.98,15,1
2610,24,33900.0,2,0.186,305,in_store,36.31,30,1
692,37,38000.0,0,0.0,236,online,36.58,0,0
1579,18,15000.0,0,0.0,1,online,30.17,0,0
2963,44,79000.0,0,0.0,655,online,55.74,20,1
4142,80,87900.0,3,0.145,291,in_store,60.49,30,1
3706,37,36100.0,1,0.0,492,in_store,42.87,0,1
3255,36,39600.0,1,0.111,135,in_store,52.05,0,1
4812,35,19400.0,1,0.0,646,in_store,31.16,0,0
486,38,55900.0,1,0.0,7,in_store,35.54,0,0
556,36,45100.0,0,0.111,314,online,41.61,0,0
4632,21,57400.0,5,0.251,459,in_store,40.23,10,1
4421,54,42800.0,5,0.146,461,online,43.44,5,0
2772,47,42200.0,1,0.104,571,in_store,48.48,30,0
2861,22,16300.0,1,0.112,453,online,17.16,15,0
1109,56,76200.0,2,0.042,120,online,53.48,0,1
3913,34,22000.0,0,0.068,14,online,22.53,10,0
2270,35,49000.0,2,0.218,203,online,31.19,0,1
3931,27,49600.0,2,0.253,277,online,49.33,25,1
178,42,67700.0,4,0.174,604,in_store,43.43,20,0
2906,40,56500.0,2,0.047,154,in_store,50.81,0,0
916,54,59900.0,0,0.102,1,online,53.69,15,0
81,45,45400.0,1,0.081,375,online,36.84,10,0
3269,36,37500.0,2,0.138,1,in_store,36.86,0,0
578,55,48800.0,3,0.0,720,online,44.39,25,0
2300,36,43700.0,1,0.083,302,in_store,56.04,0,0
3312,48,52800.0,3,0.082,163,in_store,18.31,15,0
3795,22,35300.0,2,0.198,701,online,30.1,0,0
1392,58,37000.0,1,0.151,214,in_store,27.77,20,0
222,43,17800.0,5,0.253,100,online,16.29,0,1
94,39,44700.0,2,0.247,300,in_store,39.23,5,1
3647,57,55300.0,4,0.127,565,online,55.8,0,0
4360,63,53900.0,3,0.063,519,in_store,39.23,0,0
843,61,59900.0,1,0.0,360,online,33.47,20,1
539,18,38500.0,5,0.243,700,online,40.73,10,1
3015,52,41100.0,0,0.041,454,online,42.04,0,1
1435,43,52600.0,4,0.137,444,in_store,34.08,20,0
1056,58,67700.0,4,0.085,864,online,41.94,0,0
3774,47,27900.0,6,0.179,437,in_store,37.1,20,1
3687,25,15200.0,1,0.003,538,in_store,39.15,0,0
811,38,72400.0,1,0.045,1,in_store,43.06,0,1
2216,40,23200.0,2,0.167,251,in_store,43.85,15,1
2987,43,46400.0,2,0.029,434,online,34.03,20,1
735,43,42500.0,1,0.05,277,online,39.08,0,0
4521,27,27700.0,1,0.0,478,online,33.93,0,1
1863,57,80500.0,5,0.08,746,online,44.7,20,1
4072,38,15000.0,1,0.113,123,online,31.52,25,0
531,36,31800.0,2,0.07,159,in_store,41.13,30,0
2923,25,22500.0,2,0.0,1,online,36.9,0,0
3413,42,35200.0,2,0.079,217,online,35.86,0,0
3127,39,63500.0,5,0.237,493,in_store,37.11,20,1
3624,53,66700.0,1,0.095,590,in_store,40.56,25,0
4141,38,51800.0,2,0.083,448,in_store,28.39,0,1
1747,33,35900.0,2,0.0,538,in_store,36.65,0,0
684,34,28100.0,0,0.104,1,online,36.29,25,0
4568,42,28600.0,0,0.0,36,online,39.89,20,1
1130,18,26800.0,1,0.273,442,online,39.92,10,1
4275,45,44100.0,2,0.105,232,in_store,45.3,0,0
2652,18,15000.0,0,0.0,275,in_store,38.52,0,1
801,30,31300.0,0,0.0,1,online,44.21,0,0
2118,41,28900.0,3,0.133,552,online,41.15,20,0
3381,43,18100.0,5,0.276,248,in_store,15.02,0,0
4267,30,15000.0,1,0.0,305,in_store,23.31,0,0
220,32,48800.0,6,0.119,640,in_store,28.1,0,0
1870,43,63800.0,3,0.072,439,online,39.26,0,0
2246,33,47500.0,2,0.132,474,online,47.63,5,0
4357,50,47600.0,3,0.056,59,in_store,47.13,0,0
4085,52,47900.0,2,0.04,311,in_store,48.04,0,1
4695,39,35900.0,1,0.069,560,online,25.8,25,0
2678,46,40200.0,1,0.032,1,in_store,35.93,0,1
44,43,20400.0,1,0.304,228,online,29.37,20,0
2285,46,26200.0,3,0.0,192,online,34.85,20,0
211,51,58800.0,1,0.038,436,online,42.43,25,0
1618,19,30200.0,4,0.104,311,in_store,41.13,0,1
355,53,54400.0,2,0.216,200,online,58.92,10,0
3810,45,56200.0,2,0.05,225,in_store,38.89,0,0
2314,41,48800.0,1,0.0,480,in_store,41.38,10,0
4564,37,43400.0,1,0.036,1,in_store,46.37,0,0
562,44,85500.0,2,0.08,642,online,52.43,15,1
368,30,65600.0,0,0.0,1,online,37.4,20,1
587,26,27100.0,2,0.0,1,in_store,34.46,5,0
3735,41,42300.0,2,0.063,166,online,46.58,20,1
2846,27,51200.0,2,0.074,1,online,51.07,0,0
136,28,32200.0,0,0.089,875,online,23.12,25,1
804,45,65700.0,4,0.295,238,in_store,37.81,10,1
48,43,31800.0,1,0.101,593,online,47.38,30,1
3159,23,34000.0,1,0.058,642,in_store,31.51,25,1
2322,55,39000.0,0,0.187,600,online,28.21,5,0
4857,22,15000.0,0,0.069,242,online,51.17,15,1
4684,33,57700.0,0,0.073,1,in_store,49.24,5,1
4976,33,29100.0,3,0.142,344,in_store,40.27,0,1
1935,24,55800.0,2,0.08,122,in_store,39.04,10,1
62,36,54600.0,1,0.077,599,online,54.92,25,1
1768,50,51700.0,3,0.006,262,online,31.85,5,0
634,18,44100.0,3,0.026,256,in_store,36.4,0,0
96,23,29700.0,1,0.0,242,online,28.53,0,1
479,40,58700.0,3,0.013,455,online,49.9,10,1
1724,63,40500.0,0,0.169,1,in_store,28.61,15,0
4823,58,45300.0,3,0.025,329,online,32.87,0,1
4603,39,57200.0,4,0.221,98,online,46.39,0,0
1118,36,25700.0,2,0.058,329,in_store,29.18,25,1
2777,47,88600.0,3,0.131,673,in_store,49.01,5,1
4222,47,49800.0,4,0.0,539,in_store,48.34,25,0
323,54,45400.0,1,0.035,554,online,46.47,0,0
1294,18,21600.0,0,0.0,613,online,30.92,0,0
2230,43,61300.0,2,0.0,390,online,51.93,0,1
1659,49,67800.0,4,0.204,357,online,55.28,0,0
1570,21,15000.0,1,0.004,1,online,24.33,0,0
2441,41,33200.0,0,0.179,1,online,31.78,0,1
2496,67,86900.0,2,0.104,134,in_store,47.16,30,0
3679,32,19500.0,0,0.154,1,in_store,5.96,10,1
2961,25,15000.0,0,0.0,362,online,34.57,0,0
292,42,33300.0,4,0.237,681,in_store,23.25,0,1
1002,31,38300.0,1,0.0,293,online,30.22,0,1
2095,41,51100.0,2,0.048,277,online,39.28,20,1
534,45,51400.0,6,0.243,432,online,29.55,20,1
4517,50,61900.0,5,0.209,222,online,53.69,20,0
1096,55,71200.0,3,0.125,817,online,55.63,30,0
3793,36,57800.0,1,0.16,1,online,25.74,0,1
2012,61,51000.0,3,0.117,218,in_store,50.62,0,1
4598,44,41600.0,2,0.22,429,in_store,30.95,30,1
1559,50,45600.0,0,0.102,1,online,33.41,0,1
1171,26,55500.0,3,0.0,477,in_store,49.44,5,0
4037,66,42000.0,4,0.235,376,online,41.03,5,0
2418,32,28500.0,1,0.142,360,online,41.85,0,0
4064,32,55600.0,2,0.0,549,in_store,46.71,20,0
4722,29,25400.0,1,0.159,249,online,25.59,20,0
3796,38,64700.0,2,0.096,2,online,33.02,25,0
2084,42,59900.0,1,0.048,630,in_store,46.79,0,0
4622,39,47900.0,2,0.197,561,in_store,35.06,10,0
1011,25,15000.0,1,0.019,1,online,19.22,0,0
4779,39,20100.0,4,0.103,162,in_store,28.82,5,1
752,36,47500.0,2,0.123,303,online,30.45,0,0
3937,54,30600.0,1,0.017,329,in_store,27.75,0,1
4730,36,77600.0,2,0.033,259,in_store,63.85,25,1
4536,44,72300.0,2,0.032,435,online,49.15,10,1
4931,48,27900.0,0,0.031,34,online,33.36,0,0
1426,29,60000.0,2,0.127,289,in_store,59.59,20,1
1877,49,38600.0,4,0.084,464,online,40.83,0,0
1546,37,42700.0,2,0.075,382,in_store,27.23,0,1
4889,38,28300.0,2,0.142,390,in_store,28.9,0,1
3236,47,45900.0,2,0.009,101,in_store,31.82,0,1
4163,46,68100.0,3,0.0,125,in_store,56.96,0,0
1193,37,23400.0,0,0.119,1,in_store,20.18,15,0
2253,48,36500.0,2,0.046,1,online,40.14,30,0
2860,29,53100.0,1,0.033,325,in_store,34.81,20,1
3455,58,53800.0,4,0.234,662,in_store,40.21,0,1
1895,37,45400.0,2,0.076,157,online,44.62,0,0
671,49,43400.0,2,0.191,1,online,38.89,10,0
829,55,50000.0,4,0.124,685,online,44.05,10,0
2145,31,35900.0,1,0.251,782,online,31.8,5,1
1700,42,61000.0,2,0.0,1,online,46.2,0,1
908,25,21900.0,1,0.182,105,in_store,26.42,0,1
2175,44,71400.0,2,0.147,340,in_store,43.54,5,0
71,25,27700.0,1,0.162,420,online,17.85,25,1
912,45,52000.0,3,0.192,398,online,33.08,0,1
3866,27,35900.0,1,0.261,477,in_store,38.46,0,0
2621,32,51000.0,3,0.084,619,in_store,18.03,20,0
3253,23,25600.0,0,0.048,198,in_store,35.71,0,1
4225,32,36300.0,2,0.142,300,in_store,19.41,0,0
2754,41,45900.0,0,0.0,288,in_store,39.79,0,0
839,62,60300.0,3,0.12,710,in_store,44.15,0,1
1613,39,43800.0,3,0.168,269,online,28.25,0,1
1150,52,73100.0,5,0.107,843,online,44.17,0,1
3535,46,51100.0,3,0.0,120,in_store,42.92,0,1
1076,43,15000.0,3,0.028,314,in_store,33.73,0,0
2452,35,25300.0,1,0.104,245,online,28.11,0,0
2795,53,72100.0,3,0.021,606,in_store,41.42,25,1
2821,22,33100.0,2,0.163,179,in_store,36.22,0,1
2022,31,57300.0,0,0.099,1,in_store,32.57,25,0
3769,51,45500.0,2,0.0,14,in_store,40.02,10,1
1306,18,61500.0,0,0.076,1,in_store,28.08,0,0
3672,46,50800.0,0,0.045,105,in_store,36.02,0,1
1889,21,31600.0,2,0.012,272,online,32.38,0,0
3251,54,45200.0,1,0.046,163,in_store,46.8,0,0
2373,39,24000.0,0,0.0,1,online,22.02,10,1
2909,26,18700.0,0,0.0,1,in_store,32.26,0,0
3797,20,49600.0,1,0.127,313,online,34.91,0,0
1633,42,40000.0,1,0.096,326,online,42.93,20,0
2243,23,39800.0,1,0.083,311,in_store,41.23,5,1
4853,64,53700.0,1,0.094,382,in_store,32.77,0,1
3918,32,47900.0,3,0.198,474,online,27.79,0,0
3543,38,40100.0,0,0.0,355,online,39.71,0,1
3581,48,23900.0,3,0.095,223,in_store,31.65,20,0
4928,44,67400.0,4,0.083,375,online,49.35,25,1
4890,54,44000.0,3,0.095,308,in_store,23.81,15,0
643,65,73300.0,7,0.091,119,in_store,54.82,25,1
2975,41,69800.0,3,0.0,219,in_store,52.0,0,0
3615,18,31400.0,1,0.233,21,in_store,52.6,0,1
3811,43,39700.0,3,0.164,24,in_store,44.01,20,0
234,54,85900.0,6,0.146,551,in_store,53.73,20,1
4577,29,47300.0,3,0.01,323,in_store,39.98,10,1
1610,35,32500.0,1,0.012,468,in_store,40.33,0,0
416,42,22200.0,1,0.216,186,in_store,37.51,5,0
2472,35,47500.0,2,0.0,373,online,23.87,0,0
654,27,45300.0,1,0.095,253,in_store,38.32,15,1
3623,29,34900.0,2,0.118,1,online,21.8,0,1
1601,39,58000.0,4,0.151,407,online,33.8,0,1
18,28,29300.0,0,0.161,314,in_store,29.58,0,0
1861,48,50800.0,3,0.165,314,in_store,38.86,0,0
2461,25,40200.0,0,0.04,1,in_store,36.96,0,1
2390,39,43300.0,2,0.085,1,in_store,25.07,0,0
597,34,38400.0,3,0.124,389,in_store,36.08,0,0
4872,42,50300.0,2,0.0,1,online,43.23,0,0
2168,19,33200.0,1,0.146,224,in_store,27.8,10,0
2858,42,47000.0,2,0.145,263,online,26.05,0,0
4760,33,48200.0,0,0.0,927,online,29.15,20,0
1816,34,41900.0,1,0.09,308,online,30.14,0,0
4936,32,42500.0,5,0.007,60,online,37.35,20,1
372,56,61200.0,3,0.129,170,in_store,45.78,20,1
3039,30,42600.0,2,0.09,290,online,29.69,15,0
599,43,51800.0,3,0.007,327,in_store,45.11,0,1
239,27,25300.0,1,0.189,425,in_store,46.24,10,0
3616,50,47500.0,3,0.128,436,in_store,47.48,30,0
1814,40,29300.0,1,0.202,229,online,29.84,0,0
1944,18,35400.0,1,0.182,668,in_store,39.09,5,0
1718,34,44900.0,1,0.222,139,online,52.59,0,0
4838,28,31300.0,5,0.139,361,online,33.86,0,1
2139,44,97600.0,1,0.042,1,online,64.58,15,1
2560,58,63900.0,3,0.065,732,online,47.72,0,0
3481,34,37800.0,2,0.009,349,in_store,29.58,0,0
3694,24,27500.0,1,0.042,1,in_store,24.14,25,1
2765,33,61800.0,6,0.19,24,in_store,58.32,15,0
2477,18,15000.0,0,0.005,594,in_store,28.88,0,1
2553,35,43900.0,2,0.12,310,in_store,28.34,30,1
788,38,30300.0,1,0.101,36,in_store,27.63,10,1
1544,39,60500.0,4,0.146,237,online,36.35,0,0
3741,21,38600.0,3,0.138,786,in_store,29.66,0,1
4263,34,62400.0,1,0.0,1,online,25.93,0,1
3726,57,67800.0,2,0.172,228,in_store,50.36,20,0
2245,46,32800.0,1,0.107,572,online,28.69,20,1
4488,27,21900.0,2,0.0,297,online,29.75,15,1
4221,59,52600.0,4,0.145,409,online,57.56,10,1
3049,51,69600.0,1,0.142,325,online,46.24,20,1
1434,20,54500.0,1,0.089,47,online,35.22,10,1
622,40,48200.0,2,0.143,314,in_store,37.12,0,1
2313,56,56900.0,2,0.0,756,in_store,38.77,0,1
3648,35,50200.0,1,0.174,694,online,46.76,0,1
567,38,64100.0,1,0.22,45,in_store,39.02,0,0
1486,30,30000.0,2,0.156,251,online,36.01,0,1
3753,38,73600.0,2,0.09,1,online,50.63,5,1
3586,64,80600.0,4,0.175,362,online,53.6,10,0
52,48,53200.0,3,0.159,232,in_store,48.04,0,1
2143,72,54100.0,5,0.173,243,online,43.52,0,1
3047,46,15000.0,3,0.0,5,online,30.69,0,1
3120,25,46200.0,0,0.013,659,in_store,43.08,0,0
4375,51,66300.0,6,0.171,251,in_store,57.83,0,1
535,21,37500.0,5,0.122,143,online,40.17,15,1
3200,35,42700.0,0,0.116,491,in_store,40.74,25,1
3103,49,33600.0,4,0.083,174,in_store,16.56,0,1
444,56,55800.0,5,0.098,636,online,38.74,30,1
2690,18,18200.0,0,0.153,531,online,36.08,0,0
196,29,51800.0,0,0.121,912,in_store,42.51,5,0
3484,56,73700.0,4,0.09,300,in_store,37.85,0,1
777,27,38100.0,0,0.105,85,online,42.08,25,1
2227,42,27900.0,2,0.116,335,online,47.46,5,0
2823,48,53300.0,4,0.251,530,in_store,29.48,0,0
3018,53,71700.0,2,0.111,630,in_store,62.1,30,1
3063,70,85600.0,4,0.127,605,in_store,49.29,20,1
2981,39,28700.0,2,0.098,25,in_store,33.03,15,1
2576,45,46000.0,4,0.179,597,online,32.25,25,1
2938,57,62500.0,2,0.051,280,in_store,61.01,30,1
645,36,59500.0,1,0.116,509,in_store,39.69,0,1
806,53,48800.0,4,0.143,1,in_store,48.26,0,0
3538,36,73000.0,4,0.195,41,online,59.27,15,1
1352,47,38000.0,1,0.034,303,in_store,37.43,0,0
4866,41,47900.0,2,0.213,696,in_store,52.58,30,0
121,28,39600.0,4,0.294,469,online,42.61,0,1
2489,57,54100.0,5,0.194,606,online,45.62,0,1
4808,33,53900.0,2,0.149,558,in_store,25.64,0,0
4899,44,71100.0,2,0.09,155,in_store,49.95,30,1
2465,32,41600.0,1,0.081,274,in_store,38.71,25,1
3183,31,45400.0,0,0.0,1,in_store,26.88,0,0
135,22,24700.0,0,0.0,1,in_store,35.47,10,0
2804,28,16300.0,1,0.0,281,in_store,16.43,0,0
3639,43,51300.0,4,0.157,703,in_store,54.62,30,1
2299,34,41900.0,3,0.134,828,online,31.7,0,0
185,45,32700.0,1,0.064,1,in_store,35.07,10,1
1336,62,33300.0,3,0.1,32,online,22.32,0,1
1667,43,41200.0,2,0.059,139,in_store,44.27,15,0
512,36,42800.0,4,0.133,636,in_store,30.78,0,0
1322,33,36700.0,0,0.0,470,online,27.83,0,0
4073,38,51400.0,0,0.178,1,online,32.14,10,1
3759,45,43700.0,3,0.177,677,in_store,38.63,0,0
4229,32,22600.0,1,0.0,1,in_store,22.46,20,1
3733,74,73400.0,3,0.056,407,online,38.12,20,1
3680,41,49400.0,4,0.244,369,in_store,46.31,0,1
743,28,45800.0,3,0.145,1,online,45.42,20,0
252,44,69600.0,3,0.112,349,online,53.46,20,1
1174,28,19000.0,1,0.137,494,in_store,21.97,0,1
3960,30,19100.0,1,0.192,570,online,42.78,0,0
3903,22,15000.0,0,0.0,199,in_store,35.3,0,0
2171,30,36300.0,2,0.1,549,online,39.89,10,1
123,43,42600.0,1,0.0,222,online,45.97,20,0
2355,26,38600.0,3,0.071,810,in_store,45.69,20,1
1670,32,26100.0,2,0.081,577,online,33.81,0,1
1478,23,15000.0,1,0.186,288,in_store,18.94,25,0
568,32,21600.0,3,0.14,516,in_store,30.5,0,0
3668,27,44100.0,2,0.0,353,in_store,37.41,20,0
3201,33,46000.0,1,0.021,469,in_store,39.9,0,0
1676,21,22500.0,2,0.182,651,online,18.35,20,1
1804,35,51100.0,2,0.031,401,in_store,31.03,30,1
882,51,47700.0,5,0.075,206,in_store,32.51,25,1
1216,23,29200.0,1,0.087,318,in_store,46.35,0,1
3775,53,29300.0,2,0.081,33,in_store,22.23,0,0
2629,30,35600.0,1,0.069,1,in_store,27.73,0,1
4426,49,82000.0,4,0.258,700,online,38.85,20,1
721,39,45400.0,4,0.188,1,online,34.44,30,0
2726,36,66900.0,0,0.035,566,in_store,36.93,0,1
3892,23,44300.0,1,0.009,513,online,31.04,15,0
2466,31,45800.0,2,0.198,1,online,37.69,20,0
3211,40,45400.0,1,0.119,149,in_store,46.0,0,0
603,55,65400.0,5,0.167,225,in_store,35.21,10,0
4199,18,62500.0,1,0.062,242,in_store,45.25,10,1
1898,45,30800.0,1,0.0,1,online,32.33,20,1
3946,39,71000.0,2,0.096,347,online,52.26,10,1
3853,24,16400.0,2,0.146,286,online,25.24,0,0
319,52,24800.0,1,0.09,645,in_store,31.21,10,1
3098,32,31800.0,2,0.0,294,in_store,37.35,0,0
4904,42,52200.0,5,0.26,17,online,54.37,10,1
275,59,48800.0,0,0.029,1,in_store,35.32,0,0
1874,26,33600.0,2,0.158,329,in_store,37.54,0,1
550,48,35900.0,3,0.143,500,online,24.63,15,1
4992,39,17100.0,1,0.208,316,online,29.54,0,1
4674,42,90300.0,7,0.162,680,in_store,61.36,0,1
4903,40,61500.0,3,0.074,419,in_store,47.74,0,0
2950,54,74400.0,4,0.264,99,in_store,42.55,25,0
606,46,30700.0,3,0.141,524,in_store,39.56,0,1
4039,32,24900.0,1,0.089,112,online,31.79,0,0
528,42,50100.0,1,0.179,495,in_store,31.43,0,0
4065,42,36800.0,3,0.101,143,online,34.71,20,0
4285,35,63100.0,4,0.056,403,in_store,52.08,20,0
4913,44,51900.0,1,0.0,1,online,27.37,0,1
3791,34,17700.0,0,0.0,40,online,32.26,0,1
4837,18,20200.0,0,0.07,1,online,29.63,0,1
1832,41,49200.0,1,0.073,351,in_store,32.04,20,0
299,19,40000.0,2,0.14,146,in_store,21.09,0,0
2806,41,59000.0,3,0.124,520,in_store,32.62,0,1
4256,52,34900.0,3,0.118,1,online,31.89,0,0
1594,31,57300.0,2,0.021,443,online,37.96,5,0
2179,47,59600.0,4,0.083,250,in_store,50.58,0,0
4932,29,47400.0,0,0.0,1,online,52.43,0,1
4266,34,18100.0,0,0.119,20,in_store,25.05,0,1
2178,46,48000.0,1,0.056,8,in_store,38.52,0,0
1599,59,43600.0,2,0.168,769,in_store,37.14,5,1
2537,30,85200.0,2,0.079,123,online,60.28,5,0
757,29,25000.0,3,0.0,429,in_store,25.42,15,0
1483,41,41000.0,2,0.003,108,in_store,50.25,5,0
2488,50,66800.0,3,0.138,701,online,61.85,15,0
2073,18,24500.0,0,0.071,316,in_store,36.89,0,0
1296,50,24300.0,2,0.036,266,in_store,24.91,0,0
1097,59,73600.0,4,0.099,196,in_store,53.42,0,0
1908,42,47400.0,4,0.272,173,in_store,35.51,0,0
4784,44,38500.0,0,0.047,137,in_store,35.67,0,0
377,38,43800.0,1,0.218,1,in_store,38.21,25,1
4166,44,55200.0,2,0.212,250,online,38.58,20,0
2536,53,61300.0,5,0.247,189,in_store,46.24,0,0
4669,62,70600.0,3,0.216,658,online,47.46,0,0
928,45,62300.0,2,0.053,353,online,53.13,30,0
379,59,54900.0,5,0.0,769,online,35.23,25,1
1176,21,35800.0,2,0.042,39,online,49.91,20,0
2457,52,75800.0,2,0.014,206,in_store,42.4,0,1
2577,30,36900.0,0,0.097,61,online,19.91,0,0
4869,66,69800.0,6,0.148,461,in_store,62.75,20,1
1346,68,82800.0,4,0.327,727,online,44.29,15,0
2620,60,80000.0,0,0.052,1,in_store,54.2,0,1
1685,32,35800.0,1,0.108,483,in_store,29.13,0,1
2058,18,21400.0,0,0.1,350,online,36.83,0,1
1537,49,34100.0,1,0.125,238,in_store,14.06,15,0
2529,53,63400.0,3,0.107,53,in_store,42.74,10,0
2288,67,87400.0,3,0.152,147,in_store,37.19,25,1
4879,46,36100.0,6,0.09,418,in_store,26.21,15,0
795,19,15800.0,1,0.0,437,online,37.57,10,0
2521,37,45400.0,1,0.201,1,in_store,28.02,0,1
3521,31,31000.0,2,0.199,400,in_store,22.17,0,1
1222,55,51200.0,4,0.164,710,in_store,37.69,30,1
176,42,44000.0,2,0.102,385,online,36.74,30,1
1787,53,28100.0,1,0.121,281,in_store,27.62,0,1
3425,74,68400.0,5,0.156,532,in_store,28.21,25,1
1979,59,88200.0,4,0.106,739,online,49.14,25,1
46,43,68100.0,2,0.226,325,in_store,49.47,0,1
2768,61,38400.0,3,0.112,216,online,30.22,0,0
860,48,70700.0,6,0.179,709,in_store,34.95,0,0
4668,50,66700.0,4,0.132,265,in_store,37.79,20,1
4168,28,31400.0,0,0.017,65,in_store,36.62,20,0
1527,54,69000.0,6,0.001,137,in_store,43.08,20,0
2192,29,21600.0,0,0.0,366,online,21.56,0,0
3011,68,71100.0,5,0.17,151,online,44.59,0,1
3014,41,27700.0,3,0.16,371,online,18.0,0,1
1780,58,81400.0,2,0.125,313,in_store,48.43,10,0
1704,18,54200.0,1,0.0,1,online,36.54,10,1
3114,49,39200.0,0,0.1,176,online,34.54,15,0
2604,42,46700.0,4,0.0,897,online,44.68,20,0
284,45,62500.0,3,0.281,169,online,38.81,10,1
1554,36,40700.0,2,0.106,282,online,40.67,30,0
4145,57,73500.0,2,0.0,488,in_store,51.56,0,1
4712,33,53100.0,2,0.17,7,in_store,49.23,20,0
1567,26,53200.0,2,0.132,273,in_store,33.89,0,1
1259,61,43400.0,3,0.105,81,online,40.8,10,1
857,44,59900.0,2,0.129,379,in_store,51.23,30,0
2087,39,34300.0,3,0.011,517,online,28.11,5,1
2417,31,35700.0,1,0.086,1,in_store,32.45,20,1
4926,53,65900.0,2,0.0,398,online,42.81,20,0
1875,27,18100.0,1,0.078,83,in_store,19.17,0,1
4617,18,39300.0,0,0.108,430,online,38.85,0,1
2096,49,70300.0,0,0.104,1,in_store,69.21,0,1
978,35,33400.0,3,0.039,1,online,38.26,15,0
1398,38,25000.0,1,0.168,96,in_store,29.85,20,1
2460,18,29200.0,0,0.122,1,online,42.19,0,0
4570,45,45200.0,2,0.043,809,in_store,33.89,20,1
1942,41,15800.0,0,0.094,44,in_store,23.86,0,0
2527,39,37800.0,2,0.293,1,in_store,51.69,0,0
953,46,22500.0,1,0.072,244,online,24.66,20,1
100,29,22400.0,1,0.033,94,in_store,19.36,25,0
1074,21,36500.0,1,0.068,1,in_store,38.78,25,0
4465,52,32300.0,1,0.078,232,in_store,45.32,0,1
3465,46,60300.0,5,0.118,452,online,40.37,20,1
4896,39,74100.0,3,0.083,641,in_store,45.16,0,1
352,50,56800.0,5,0.085,889,in_store,40.89,0,0
2747,53,67300.0,3,0.082,754,online,41.01,20,1
1159,18,15000.0,0,0.077,350,in_store,38.08,0,1
1057,42,38700.0,0,0.0,1,online,43.36,0,0
965,40,74000.0,2,0.109,199,in_store,53.36,20,0
719,36,58100.0,0,0.081,446,in_store,43.95,15,0
2776,72,51200.0,5,0.061,536,online,50.43,20,0
3576,18,36300.0,0,0.012,131,in_store,36.96,0,1
1539,29,34200.0,2,0.245,1,in_store,35.26,20,1
309,47,70600.0,2,0.008,107,online,47.37,0,1
1535,64,40400.0,3,0.159,252,in_store,22.55,25,0
834,35,29700.0,4,0.077,1,online,27.19,10,1
367,31,30800.0,0,0.0,160,online,29.68,0,0
3397,29,27600.0,1,0.185,1,online,32.28,30,1
2094,50,44200.0,1,0.161,277,online,40.98,20,1
4867,29,15000.0,0,0.0,294,online,14.71,0,0
3782,18,36600.0,0,0.027,695,in_store,26.02,0,0
2556,35,44300.0,1,0.025,1,online,40.75,0,0
1127,61,71800.0,6,0.176,382,online,54.32,0,1
20,39,58000.0,0,0.0,1,in_store,30.73,0,0
3266,45,52800.0,0,0.085,124,in_store,40.2,25,0
2944,36,45600.0,2,0.317,548,in_store,59.74,0,1
2590,47,79900.0,4,0.136,308,in_store,52.23,5,1
219,38,57300.0,6,0.194,176,in_store,48.96,25,1
2639,48,44800.0,3,0.0,298,in_store,34.62,20,1
439,32,44600.0,1,0.063,385,online,25.92,15,0
1966,46,54100.0,1,0.146,1,in_store,42.4,10,0
3376,33,54300.0,0,0.0,164,online,40.71,0,0
3304,52,58500.0,5,0.0,180,in_store,31.09,10,0
4282,18,15000.0,1,0.232,338,in_store,32.87,0,1
2433,28,58700.0,3,0.103,590,in_store,50.71,15,0
4661,21,31500.0,0,0.019,1,online,30.72,0,1
3780,18,32000.0,4,0.097,12,online,24.85,0,0
2779,46,48600.0,3,0.119,341,in_store,58.81,0,1
803,44,58700.0,3,0.205,698,online,76.16,25,1
3013,35,44100.0,1,0.103,281,online,38.6,5,0
2289,52,44700.0,2,0.092,289,in_store,36.97,0,0
3742,31,39200.0,0,0.0,1,online,38.08,0,0
4451,31,46000.0,4,0.144,717,online,38.93,25,1
583,36,65100.0,1,0.011,112,online,47.52,15,1
204,48,33200.0,1,0.119,1,online,21.41,0,0
4061,43,60900.0,2,0.0,296,in_store,48.84,0,0
3432,57,60500.0,1,0.038,129,online,41.98,20,1
2265,46,57900.0,2,0.083,388,online,50.96,10,0
2196,18,48800.0,3,0.227,283,online,36.41,0,1
3423,53,58000.0,2,0.167,298,in_store,47.86,5,1
1607,46,47400.0,1,0.132,263,in_store,37.43,20,1
1048,47,42300.0,1,0.141,473,in_store,42.22,20,1
1425,42,46100.0,2,0.07,4,in_store,41.26,25,1
2882,51,65900.0,4,0.036,306,in_store,55.69,20,0
1963,37,40000.0,2,0.0,84,in_store,30.23,0,0
3366,25,34700.0,1,0.039,537,online,19.02,0,0
518,32,61200.0,7,0.095,439,in_store,35.89,0,1
2985,24,39600.0,1,0.045,496,online,37.4,5,1
3337,37,60800.0,3,0.108,113,in_store,33.33,0,0
4856,55,50700.0,0,0.137,406,in_store,26.99,0,0
669,34,31500.0,0,0.005,1,in_store,5.0,15,1
3113,59,51000.0,4,0.219,766,online,44.9,0,0
1428,51,36100.0,1,0.07,361,in_store,29.3,25,0
4922,50,82300.0,1,0.151,1,in_store,46.7,10,1
4507,49,47400.0,2,0.102,448,in_store,27.4,0,1
1261,52,45400.0,4,0.123,1,online,33.15,20,1
2440,38,61600.0,2,0.0,48,online,47.12,0,1
3768,45,50900.0,2,0.053,38,online,45.79,10,1
4270,38,43400.0,2,0.099,751,online,37.02,0,0
3358,34,68200.0,3,0.0,750,in_store,47.54,0,1
3408,60,34400.0,2,0.078,241,in_store,36.53,0,0
1376,44,50300.0,6,0.145,269,online,33.57,20,0
760,45,15000.0,2,0.096,349,in_store,22.7,0,0
2848,33,46400.0,0,0.026,484,in_store,33.02,20,0
4333,58,60300.0,6,0.316,1,online,27.51,30,1
2686,42,24000.0,2,0.105,289,in_store,27.63,30,0
3022,58,36000.0,2,0.08,1220,online,26.14,0,0
4396,43,49500.0,1,0.018,291,in_store,36.09,10,0
2510,36,31000.0,0,0.095,104,online,29.49,20,0
215,36,50700.0,3,0.051,364,in_store,35.0,25,1
3347,43,23500.0,2,0.057,279,online,33.94,0,1
1484,44,74100.0,4,0.338,286,online,42.7,30,1
694,18,51600.0,0,0.117,127,in_store,26.5,15,0
2183,18,23400.0,1,0.037,88,in_store,16.95,0,1
4732,36,43900.0,1,0.044,471,in_store,35.28,15,1
2134,44,41900.0,2,0.04,833,in_store,33.62,0,1
1116,41,67900.0,1,0.008,2,in_store,56.49,30,1
1785,48,45500.0,2,0.041,223,online,43.81,20,1
4739,50,45000.0,2,0.063,653,online,35.06,15,0
1213,38,58900.0,3,0.045,1081,online,51.85,0,0
4882,43,51000.0,2,0.09,556,in_store,36.02,25,0
197,48,52100.0,3,0.044,1,online,30.59,0,1
4606,42,57800.0,8,0.352,727,in_store,57.39,5,1
4729,44,29300.0,3,0.116,556,online,21.16,0,0
1058,45,33100.0,1,0.022,78,in_store,29.06,0,1
880,40,62800.0,2,0.137,208,in_store,40.49,20,1
1823,55,91100.0,3,0.083,455,in_store,65.13,15,1
1938,26,27400.0,0,0.053,341,in_store,37.73,0,1
1331,18,51600.0,1,0.066,282,online,40.27,0,1
2269,18,57900.0,3,0.098,156,online,55.13,0,1
888,35,71500.0,3,0.178,85,in_store,43.1,0,1
3033,25,43000.0,0,0.212,252,in_store,53.92,0,1
69,50,42200.0,0,0.101,589,in_store,45.5,0,0
2498,18,33300.0,2,0.14,55,online,37.96,5,0
1936,59,52100.0,3,0.066,147,online,58.08,10,0
569,47,48400.0,2,0.057,266,in_store,31.44,10,1
1653,46,37000.0,3,0.088,655,online,29.46,0,0
97,24,50300.0,0,0.0,325,in_store,44.88,0,0
1021,44,46800.0,2,0.103,386,in_store,37.65,0,0
2875,41,46000.0,5,0.109,488,online,34.3,30,1
140,75,76900.0,5,0.118,629,in_store,48.77,0,1
3104,53,74600.0,3,0.125,183,in_store,50.96,0,1
2618,51,65600.0,5,0.107,255,in_store,44.96,0,1
1506,46,64200.0,3,0.153,212,online,50.55,25,0
1363,19,26800.0,0,0.11,357,online,33.61,0,0
2648,34,61800.0,3,0.13,464,in_store,39.07,25,1
3287,24,19100.0,1,0.233,238,online,27.13,25,0
4765,54,69100.0,2,0.096,469,online,51.25,20,0
2293,54,52300.0,4,0.152,282,in_store,33.12,25,1
4424,32,51000.0,3,0.184,164,online,38.64,0,1
464,18,27900.0,1,0.198,621,online,28.24,10,1
2896,25,23900.0,0,0.094,124,online,9.27,20,0
4188,36,33300.0,3,0.036,92,online,43.86,25,1
2005,23,22100.0,1,0.162,224,online,15.2,0,0
595,25,41800.0,2,0.102,25,online,44.52,0,1
1339,73,87300.0,3,0.174,691,in_store,70.48,20,1
626,34,59600.0,0,0.0,200,online,43.63,20,0
451,38,41000.0,2,0.051,1,in_store,48.34,0,1
3748,51,58600.0,3,0.075,356,in_store,39.63,0,1
4302,53,40400.0,3,0.106,554,online,30.86,0,0
4326,35,67100.0,1,0.0,196,online,39.05,0,1
4836,31,18100.0,0,0.214,421,online,19.0,0,0
1593,38,55800.0,3,0.018,488,in_store,30.16,20,0
1050,45,46500.0,1,0.012,234,in_store,27.27,25,0
3554,20,45500.0,0,0.168,785,in_store,49.12,15,0
1910,45,83800.0,3,0.149,161,online,58.53,25,1
4600,63,35900.0,2,0.066,102,online,46.75,0,0
4011,44,71500.0,4,0.201,82,online,57.32,15,1
151,38,68400.0,5,0.161,391,online,60.12,0,1
1737,24,61000.0,4,0.15,1,online,35.98,20,1
3967,28,32000.0,2,0.0,483,in_store,29.33,25,0
4685,32,28500.0,0,0.009,409,in_store,16.65,0,1
1481,45,45700.0,1,0.0,316,online,39.39,20,1
89,46,28100.0,0,0.0,501,in_store,21.59,20,0
458,30,57500.0,3,0.063,316,in_store,40.03,25,0
4376,18,36000.0,2,0.005,29,in_store,28.8,0,1
2941,60,58100.0,2,0.176,263,in_store,36.76,0,1
3286,52,66400.0,4,0.149,264,in_store,40.72,20,1
4891,47,50500.0,3,0.087,406,online,32.27,0,0
2017,40,67600.0,2,0.0,557,in_store,43.27,20,1
1671,39,42100.0,2,0.242,358,online,49.32,0,0
3665,38,53100.0,1,0.127,362,in_store,36.45,0,0
832,59,61800.0,2,0.262,119,in_store,39.11,30,1
240,34,38400.0,3,0.262,552,online,35.42,20,0
4692,44,63800.0,3,0.306,1,in_store,37.23,0,0
1000,50,31700.0,7,0.094,538,in_store,36.04,25,1
1449,36,35800.0,0,0.0,222,in_store,52.03,15,0
2916,63,54300.0,4,0.15,1,online,43.54,20,0
1974,60,55100.0,7,0.161,822,in_store,46.91,0,1
2996,31,31500.0,3,0.142,223,online,30.6,0,0
193,35,46800.0,2,0.038,352,in_store,43.11,20,1
4240,48,53600.0,2,0.133,1,in_store,34.32,0,0
3762,49,52400.0,0,0.0,120,in_store,37.24,20,1
3862,49,58600.0,1,0.0,1,in_store,46.32,30,0
945,43,65900.0,2,0.062,285,online,55.82,25,0
4191,52,45600.0,7,0.145,553,in_store,33.82,0,1
1184,48,45300.0,5,0.119,439,online,37.76,5,0
4241,40,34200.0,2,0.119,460,online,17.07,0,0
1033,34,62800.0,3,0.22,453,online,43.49,30,0
4435,63,71900.0,5,0.122,254,online,56.48,5,1
4691,53,63200.0,0,0.049,108,online,23.12,0,1
2032,34,66400.0,3,0.076,568,in_store,27.25,10,1
3429,63,87400.0,6,0.166,875,online,45.02,10,1
2132,68,67200.0,5,0.176,659,online,45.63,20,0
3974,60,41900.0,3,0.139,586,online,31.91,0,0
3485,50,53700.0,3,0.123,33,in_store,42.49,25,0
4330,19,33100.0,1,0.0,1,online,22.85,20,0
1833,27,50100.0,2,0.094,1,in_store,31.19,0,1
2955,18,24100.0,0,0.208,163,in_store,26.24,0,0
2986,35,44100.0,3,0.338,85,in_store,37.98,15,1
3241,53,36800.0,5,0.242,479,online,42.28,20,1
1624,54,61100.0,2,0.026,159,online,46.8,0,1
4906,55,34200.0,1,0.079,115,online,27.02,10,0
4927,54,45400.0,3,0.084,511,online,46.53,25,1
192,38,51700.0,3,0.156,187,online,35.61,15,1
1488,24,33800.0,1,0.068,279,in_store,27.45,30,1
3099,64,62000.0,1,0.017,171,in_store,38.78,15,0
3332,40,79100.0,1,0.026,186,online,59.39,0,1
3830,26,45900.0,2,0.0,381,online,31.41,0,1
4476,46,45600.0,1,0.001,713,in_store,38.51,0,1
1730,40,19500.0,1,0.056,571,online,39.23,0,0
4027,32,47700.0,2,0.167,1,in_store,38.1,0,1
2808,18,35900.0,2,0.0,263,in_store,34.19,0,0
3663,35,44700.0,1,0.231,570,in_store,47.23,0,0
4585,36,51200.0,2,0.249,289,in_store,41.39,0,1
3414,36,28900.0,1,0.04,350,in_store,39.95,0,1
4933,61,56200.0,4,0.173,398,in_store,43.13,10,1
4877,51,37500.0,0,0.024,223,in_store,37.63,0,1
167,51,24800.0,3,0.158,628,online,31.01,0,0
1615,32,65100.0,3,0.054,187,in_store,43.47,5,0
3277,52,38900.0,3,0.179,312,in_store,23.51,25,0
1025,18,15000.0,0,0.003,74,online,5.0,0,0
1452,46,54300.0,1,0.107,264,in_store,34.27,15,1
4332,26,23300.0,1,0.049,170,in_store,37.63,20,0
2237,40,70400.0,4,0.064,220,in_store,39.09,25,0
2330,52,71000.0,2,0.095,63,in_store,31.06,30,1
4391,42,42200.0,5,0.059,636,in_store,36.34,0,1
3313,38,57900.0,6,0.182,312,online,46.29,20,1
4718,36,41200.0,2,0.099,258,online,22.82,0,0
153,20,32100.0,2,0.0,575,online,33.8,0,0
4024,21,38700.0,1,0.0,48,online,38.25,0,1
4699,53,53600.0,2,0.0,321,in_store,42.82,0,1
3400,34,52800.0,2,0.0,596,online,39.68,25,1
1972,36,64000.0,6,0.138,363,online,39.06,5,1
1182,50,65100.0,7,0.287,517,online,36.05,0,1
2990,57,51800.0,3,0.172,848,online,50.93,0,1
4329,47,22400.0,2,0.051,169,in_store,26.47,10,1
2115,46,27200.0,2,0.11,216,online,43.56,25,0
4833,27,29600.0,1,0.036,584,online,39.63,5,0
4054,34,48200.0,3,0.176,347,in_store,17.79,0,1
1590,35,45400.0,2,0.15,1,in_store,36.24,0,1
32,35,54200.0,2,0.066,393,online,25.35,0,1
938,39,56200.0,2,0.157,398,in_store,63.88,20,1
2548,64,58800.0,2,0.2,1,in_store,39.29,0,0
1996,45,65100.0,3,0.059,617,online,48.83,20,1
3134,33,26100.0,5,0.166,425,in_store,31.99,0,0
310,61,70800.0,4,0.155,536,online,59.46,0,0
3976,44,72900.0,2,0.126,175,in_store,61.36,20,1
1472,54,58900.0,3,0.031,1,online,53.26,0,1
3129,31,52000.0,3,0.165,334,in_store,52.3,10,1
2224,30,35700.0,1,0.037,1,online,41.08,0,1
496,51,58400.0,1,0.0,580,online,41.09,10,1
206,39,41200.0,4,0.1,546,in_store,44.23,0,1
2689,55,59700.0,3,0.014,671,in_store,35.14,0,1
3373,22,34700.0,2,0.104,37,in_store,26.93,30,1
3849,50,58300.0,6,0.017,708,in_store,52.52,20,1
306,27,63400.0,2,0.064,601,online,47.27,0,1
3812,36,70900.0,2,0.015,402,online,38.49,20,1
1809,40,57100.0,3,0.191,99,in_store,49.71,0,0
1062,57,44200.0,2,0.134,161,online,30.29,30,0
844,39,51900.0,2,0.078,881,in_store,33.87,10,1
2729,62,70500.0,5,0.017,531,online,55.73,0,0
2267,47,42200.0,3,0.15,184,in_store,19.61,0,0
212,24,45300.0,0,0.004,400,in_store,40.72,0,0
3734,36,40400.0,4,0.076,508,online,43.06,10,0
680,38,56700.0,2,0.107,767,in_store,45.3,0,1
566,49,59300.0,1,0.111,492,in_store,47.65,0,0
3131,48,38800.0,1,0.127,831,in_store,33.78,0,0
3712,48,42400.0,3,0.206,99,online,26.77,0,1
681,50,44400.0,4,0.207,439,in_store,35.51,20,1
181,56,46600.0,3,0.075,375,in_store,37.09,20,0
4870,41,28100.0,0,0.146,144,online,29.85,0,0
1236,30,34800.0,0,0.0,149,in_store,41.22,15,0
2332,21,69500.0,7,0.079,185,online,50.24,0,0
4284,34,15000.0,0,0.143,1,online,27.15,0,1
279,54,48600.0,2,0.129,113,in_store,43.32,0,0
1129,37,62600.0,4,0.14,720,online,43.0,20,0
3713,38,61700.0,2,0.2,1,online,56.9,0,0
433,38,27700.0,1,0.121,312,in_store,30.38,30,0
290,39,71300.0,3,0.184,135,in_store,49.95,0,0
1028,40,35700.0,3,0.147,273,online,27.46,30,1
536,48,33700.0,4,0.045,134,in_store,28.56,0,1
4354,22,35000.0,0,0.031,314,in_store,29.0,0,1
189,24,35900.0,1,0.0,478,in_store,31.49,0,1
2277,25,67300.0,1,0.069,159,in_store,45.47,0,0
3934,53,49600.0,3,0.235,1,in_store,33.55,25,1
3590,33,15000.0,4,0.039,215,in_store,21.67,0,1
271,31,52200.0,3,0.127,744,online,46.21,10,0
3456,30,43300.0,2,0.094,290,in_store,45.24,10,1
4094,26,15000.0,2,0.081,1,in_store,5.0,15,0
2173,36,37500.0,1,0.0,1,in_store,30.28,0,1
4234,57,24100.0,1,0.106,243,in_store,48.22,0,1
112,43,44000.0,2,0.173,777,online,36.81,0,1
2484,40,15000.0,0,0.0,336,in_store,23.66,30,0
221,37,57200.0,4,0.129,114,in_store,41.51,10,0
628,56,15000.0,0,0.087,239,in_store,43.15,20,0
1201,24,56600.0,1,0.105,289,online,38.11,15,0
3372,22,25700.0,2,0.043,251,in_store,45.55,0,0
2438,43,49200.0,0,0.0,400,in_store,50.39,0,1
791,31,56000.0,2,0.169,621,online,30.1,0,1
2329,42,31200.0,2,0.246,372,in_store,21.76,0,0
462,30,36000.0,2,0.022,1,online,38.34,0,0
4413,49,42900.0,2,0.0,538,in_store,34.92,0,1
552,47,47900.0,1,0.219,594,online,47.69,0,1
4104,62,63200.0,4,0.087,1,in_store,46.77,15,1
1175,39,70400.0,3,0.098,427,in_store,35.24,10,1
199,40,36400.0,2,0.141,384,in_store,30.83,0,1
4033,47,71700.0,5,0.126,274,online,33.58,0,1
3363,43,60600.0,0,0.065,130,in_store,47.04,5,0
403,50,32500.0,2,0.088,344,online,22.66,0,1
4579,34,35700.0,1,0.138,208,in_store,44.83,0,0
4183,23,49200.0,0,0.119,353,in_store,26.78,30,1
4774,48,58800.0,2,0.055,358,online,40.62,25,0
4988,43,52000.0,8,0.23,304,online,25.02,10,1
4813,40,20000.0,1,0.186,389,online,35.24,10,0
4473,61,62600.0,3,0.08,206,in_store,35.58,5,0
651,62,66700.0,3,0.057,209,in_store,49.13,0,0
709,37,45800.0,1,0.07,275,online,23.37,0,0
1502,33,62200.0,1,0.09,831,in_store,36.99,15,0
4425,28,19500.0,1,0.046,300,in_store,23.23,0,1
3991,43,58600.0,1,0.099,582,online,26.41,25,1
2233,25,18100.0,0,0.0,315,in_store,35.43,0,1
2342,38,54000.0,1,0.05,227,in_store,45.05,0,0
315,50,52000.0,3,0.077,369,in_store,44.33,0,0
1221,39,67000.0,6,0.195,125,online,54.13,25,1
4485,41,39800.0,3,0.047,94,online,30.54,0,0
114,23,45400.0,3,0.074,503,online,42.35,25,1
961,59,52600.0,4,0.175,130,online,42.54,0,0
2926,51,29100.0,6,0.182,427,online,26.1,15,0
3275,18,47000.0,0,0.132,211,online,24.72,0,1
1648,54,56600.0,2,0.213,634,in_store,43.9,0,0
3338,46,48200.0,2,0.195,271,in_store,31.42,5,1
2624,43,52400.0,2,0.043,260,online,60.97,0,0
3210,33,59500.0,4,0.098,273,online,45.96,0,1
1771,35,49700.0,1,0.094,133,online,46.01,20,0
3430,50,70400.0,1,0.165,1,in_store,63.5,15,1
4539,27,71600.0,0,0.0,135,online,55.4,0,0
1838,37,35500.0,1,0.0,379,in_store,30.46,5,1
1946,18,48000.0,2,0.066,175,online,51.6,10,1
2499,33,32800.0,0,0.011,152,in_store,41.16,30,0
4052,39,39800.0,2,0.013,425,in_store,24.35,25,1
3309,28,29400.0,0,0.022,84,online,32.25,15,1
4201,30,42300.0,1,0.057,184,online,30.47,0,0
4393,27,15000.0,0,0.0,171,online,37.03,0,0
2595,21,31400.0,1,0.0,77,online,33.04,0,0
2116,37,41600.0,4,0.001,663,in_store,45.73,0,0
1345,28,22200.0,0,0.101,189,online,30.48,0,0
2877,24,28000.0,1,0.01,245,online,34.15,0,0
3341,36,59500.0,3,0.041,516,in_store,48.98,15,1
4864,46,57300.0,1,0.17,301,online,28.22,30,0
3938,46,69900.0,4,0.246,242,in_store,50.15,30,1
1651,34,53500.0,1,0.083,516,online,57.41,25,0
790,38,45400.0,2,0.114,303,in_store,50.96,0,1
2281,55,41700.0,2,0.231,240,in_store,25.33,0,1
4655,42,80600.0,1,0.031,396,in_store,40.1,25,0
4572,60,29900.0,4,0.287,101,online,24.96,0,1
872,28,73700.0,1,0.22,163,online,46.94,25,1
1721,53,77200.0,3,0.228,442,in_store,54.83,0,1
1591,23,39200.0,3,0.179,148,in_store,30.52,0,1
2728,38,66300.0,3,0.051,469,online,36.47,20,1
74,46,45400.0,3,0.221,226,online,34.55,0,1
1778,43,46100.0,1,0.0,158,in_store,32.82,0,1
1617,75,71100.0,5,0.295,569,online,53.35,0,1
1362,51,80800.0,0,0.095,163,in_store,53.39,0,0
3025,38,30000.0,1,0.039,103,in_store,25.62,30,0
1967,43,69200.0,4,0.132,338,in_store,45.67,0,0
4586,46,51100.0,3,0.08,87,online,35.37,0,0
3828,43,58000.0,1,0.066,785,in_store,48.23,0,0
2260,47,34700.0,2,0.09,381,in_store,36.42,10,0
2900,50,83000.0,5,0.103,823,in_store,50.06,30,0
2223,41,54800.0,2,0.075,632,online,50.89,30,0
495,36,54400.0,3,0.124,727,in_store,25.05,0,1
3146,44,46400.0,2,0.014,283,online,34.4,0,0
3530,39,53000.0,3,0.049,485,online,49.47,20,0
1282,18,68600.0,1,0.044,358,in_store,44.5,0,0
1165,28,61200.0,2,0.109,220,online,38.27,25,1
1243,60,52100.0,7,0.246,180,online,44.84,0,1
1756,48,58300.0,1,0.058,1,online,32.87,25,1
1993,43,43300.0,5,0.19,528,in_store,28.66,10,0
2195,42,36300.0,2,0.165,84,online,47.16,15,1
1727,29,54400.0,1,0.0,319,online,38.17,0,0
619,33,41000.0,2,0.175,484,online,34.79,20,1
4934,46,56600.0,5,0.095,8,online,40.53,0,0
1882,57,53800.0,5,0.204,46,in_store,55.33,10,0
1630,53,44700.0,4,0.045,338,online,32.32,0,1
4767,28,32600.0,2,0.112,162,in_store,29.18,30,0
2089,32,52400.0,3,0.035,693,in_store,39.78,25,1
3426,45,45400.0,2,0.032,632,in_store,41.18,5,0
870,39,75000.0,5,0.081,258,in_store,54.01,20,0
4709,30,27900.0,1,0.0,312,in_store,37.43,0,1
1043,48,30800.0,1,0.103,431,online,30.07,0,1
3385,39,41500.0,6,0.249,560,online,37.47,0,1
357,43,18500.0,2,0.095,674,in_store,34.28,0,0
1163,37,44400.0,2,0.174,1,in_store,32.29,0,0
2781,58,62000.0,6,0.231,618,in_store,37.6,20,0
2255,52,55300.0,6,0.075,372,online,33.43,0,0
3166,44,64400.0,0,0.0,1,online,44.57,25,1
3947,56,23200.0,2,0.08,625,in_store,20.5,0,0
1790,52,44500.0,2,0.0,747,in_store,34.37,0,1
3807,30,27200.0,0,0.087,1,in_store,37.9,15,0
3658,63,38100.0,3,0.205,608,in_store,29.09,0,1
1273,36,50700.0,3,0.04,298,online,47.62,0,0
3151,43,53400.0,1,0.188,628,in_store,39.61,0,0
333,32,44400.0,1,0.167,325,online,26.38,0,1
1555,23,23600.0,1,0.0,1,in_store,24.28,0,0
2752,35,44700.0,1,0.163,79,in_store,45.64,0,1
2555,45,60200.0,3,0.143,228,online,36.7,15,1
3686,43,51000.0,0,0.0,265,in_store,48.15,0,1
1655,37,49600.0,1,0.061,118,online,32.82,0,1
1117,54,35500.0,1,0.101,80,online,35.85,0,0
4077,18,15000.0,1,0.042,528,in_store,25.16,0,0
3571,49,35700.0,1,0.073,628,in_store,28.02,25,0
4630,28,65100.0,5,0.211,1,in_store,49.24,0,0
3904,37,51800.0,1,0.007,1,in_store,36.93,20,0
4456,70,76500.0,4,0.2,601,online,43.25,25,1
446,22,22200.0,2,0.045,391,in_store,35.27,0,0
2616,32,29600.0,2,0.021,648,online,29.91,15,1
453,63,87900.0,4,0.087,449,in_store,51.02,20,1
4811,41,36000.0,3,0.236,383,online,36.52,0,1
4445,41,45400.0,3,0.0,287,in_store,47.81,10,1
4555,61,53900.0,5,0.165,646,in_store,38.33,25,0
15,46,54900.0,2,0.14,434,online,40.8,25,1
3108,42,62200.0,1,0.022,1,online,42.35,0,0
946,36,15300.0,0,0.095,286,online,28.97,20,1
248,62,76600.0,2,0.0,56,online,62.55,5,0
4184,68,88600.0,1,0.0,345,in_store,63.91,0,0
361,38,36500.0,1,0.072,450,online,28.72,10,1
4667,56,45000.0,4,0.071,510,online,39.4,25,0
3379,28,37400.0,2,0.0,277,in_store,32.63,0,0
2319,67,50200.0,3,0.088,291,online,54.13,10,1
1492,40,39100.0,4,0.143,1,online,24.15,30,0
4776,49,55300.0,3,0.055,1,online,39.14,25,0
1774,60,55400.0,4,0.034,414,in_store,38.41,25,0
4633,29,40200.0,2,0.08,95,online,39.55,0,0
4372,33,37700.0,2,0.093,413,in_store,32.88,0,1
4895,30,47500.0,5,0.234,703,in_store,43.48,25,0
2868,58,46200.0,6,0.184,658,online,30.95,0,1
491,53,50700.0,4,0.234,92,online,47.5,0,1
863,39,29100.0,3,0.124,316,online,41.56,10,1
1766,38,34500.0,0,0.098,337,online,26.99,10,0
2228,47,58400.0,3,0.137,717,in_store,40.32,10,1
1903,47,39300.0,1,0.012,69,in_store,37.2,0,0
2463,38,59700.0,4,0.162,251,online,33.63,0,1
4113,32,47000.0,0,0.103,1,online,30.32,10,0
507,69,58000.0,1,0.023,1,online,35.96,0,1
2693,39,27600.0,1,0.0,516,online,37.86,25,0
2016,42,36900.0,2,0.232,222,in_store,40.06,0,0
4388,47,39900.0,2,0.143,254,online,31.4,25,1
1223,45,49200.0,2,0.17,533,in_store,33.91,15,1
1114,37,32800.0,0,0.124,6,online,18.78,15,0
1933,30,40100.0,1,0.149,1,in_store,41.69,0,1
3439,37,58000.0,3,0.176,560,in_store,48.9,0,1
1375,40,35500.0,2,0.0,601,in_store,30.47,0,0
4782,55,52700.0,0,0.048,62,online,33.55,25,0
434,18,45300.0,2,0.019,130,online,25.57,0,0
3876,45,33400.0,1,0.037,390,online,28.01,5,0
3170,26,29400.0,0,0.091,496,in_store,30.62,0,0
2851,38,53400.0,3,0.276,677,online,31.27,15,0
2108,27,41500.0,3,0.258,377,online,37.55,10,1
2649,43,45400.0,3,0.0,325,online,32.97,0,1
4125,49,36300.0,1,0.0,161,in_store,35.15,0,0
4636,26,35600.0,1,0.148,444,in_store,37.84,15,0
2437,28,53200.0,5,0.156,584,online,35.13,10,1
4995,45,39500.0,2,0.092,426,in_store,38.58,0,1
1103,47,41900.0,3,0.287,348,online,39.59,20,1
1770,74,48200.0,4,0.187,673,in_store,55.22,30,1
1892,31,33500.0,3,0.183,332,in_store,26.72,30,0
2155,43,74500.0,2,0.077,492,in_store,48.38,20,1
3861,25,57800.0,4,0.191,360,in_store,37.92,15,1
157,42,37100.0,1,0.165,1,online,37.53,0,0
4921,36,70900.0,5,0.394,386,online,47.84,10,1
2891,30,38300.0,1,0.018,277,online,47.62,0,1
616,25,29000.0,1,0.043,268,in_store,22.98,10,0
644,42,73000.0,1,0.065,513,online,52.97,0,1
2881,44,39500.0,3,0.0,1,in_store,43.57,20,1
2081,45,67300.0,5,0.096,741,in_store,54.15,0,1
1069,57,40000.0,4,0.122,40,in_store,44.04,0,1
3300,42,40200.0,2,0.0,1,online,40.1,30,1
4290,45,48900.0,1,0.087,931,online,37.53,25,0
4635,44,56100.0,4,0.139,72,in_store,45.92,20,1
4164,24,29800.0,1,0.046,394,online,30.97,5,1
331,58,63800.0,1,0.128,333,online,39.6,0,1
4007,36,49900.0,1,0.135,1,online,28.7,0,1
3017,32,48600.0,4,0.028,458,in_store,33.5,20,1
2670,32,71900.0,4,0.025,149,in_store,45.17,15,1
623,43,57400.0,1,0.041,12,online,50.6,5,0
3860,45,31200.0,0,0.056,402,online,32.76,0,0
3139,46,56400.0,1,0.073,5,online,58.84,0,1
3435,25,39500.0,1,0.114,1,online,38.35,0,1
2917,59,48600.0,6,0.26,99,in_store,43.49,0,1
1947,31,68400.0,4,0.19,636,in_store,36.8,15,0
1584,32,46000.0,2,0.051,461,online,38.61,0,1
4407,34,37800.0,1,0.095,600,online,39.86,0,1
756,54,58800.0,6,0.108,380,online,45.32,10,1
519,51,65300.0,3,0.178,570,in_store,47.77,25,1
3822,55,62200.0,2,0.192,831,in_store,42.54,0,0
33,34,60000.0,5,0.197,836,in_store,42.25,0,0
2953,36,42300.0,2,0.117,211,in_store,38.49,0,1
1158,58,52700.0,3,0.0,326,in_store,36.25,0,1
745,41,53900.0,2,0.122,638,online,31.32,15,0
2482,29,35800.0,2,0.147,85,online,34.8,5,1
2419,47,45900.0,6,0.119,736,in_store,51.62,20,1
1973,41,28600.0,3,0.253,522,in_store,40.24,0,0
2884,54,78000.0,4,0.09,793,online,49.99,25,0
784,51,45300.0,3,0.319,1,online,44.08,0,0
4491,61,71000.0,2,0.03,124,in_store,49.63,25,0
2523,37,49800.0,1,0.0,1,online,34.9,0,1
230,37,38600.0,3,0.045,381,online,18.99,15,0
858,45,48600.0,1,0.065,314,in_store,24.91,5,0
4911,31,33300.0,1,0.035,75,online,29.66,10,1
2378,32,15000.0,1,0.114,61,in_store,54.99,0,1
409,18,15000.0,2,0.116,490,online,22.98,20,0
171,32,50700.0,2,0.078,528,online,49.63,25,0
541,20,33400.0,0,0.083,67,online,23.74,0,0
2226,43,49200.0,2,0.034,463,online,54.93,0,1
2320,37,39100.0,0,0.024,227,online,39.09,20,1
3482,51,54500.0,7,0.027,503,online,42.81,0,0
614,45,70700.0,1,0.04,232,in_store,53.17,20,1
4950,50,45600.0,3,0.133,766,in_store,33.45,0,1
1834,45,31800.0,2,0.149,799,online,47.85,25,0
3454,49,59300.0,2,0.0,403,in_store,52.44,15,0
1162,36,33100.0,3,0.122,346,in_store,28.27,25,0
2427,65,70300.0,4,0.299,549,in_store,47.0,30,0
2381,37,42300.0,3,0.328,349,online,43.99,0,0
1619,44,64800.0,3,0.001,252,online,39.69,0,0
1635,43,48700.0,2,0.0,232,in_store,21.85,20,0
1508,39,46300.0,6,0.238,1,in_store,32.51,0,1
2214,61,53900.0,3,0.02,194,online,40.79,20,1
565,51,41500.0,0,0.119,151,in_store,34.65,0,1
4615,33,59700.0,4,0.132,630,online,44.97,15,1
4258,53,66600.0,2,0.025,122,in_store,44.11,0,0
2439,52,42600.0,3,0.048,203,in_store,34.08,0,0
4797,44,56900.0,1,0.087,421,in_store,38.13,25,1
2400,47,50600.0,1,0.0,675,in_store,42.63,0,1
1421,37,42800.0,3,0.053,272,in_store,40.23,5,1
4939,48,48000.0,0,0.011,206,online,45.55,15,1
3492,29,68500.0,5,0.237,326,online,45.04,10,0
3930,31,28700.0,4,0.117,724,in_store,31.87,15,1
2743,30,15000.0,1,0.016,1,online,25.73,0,0
2500,55,29000.0,3,0.076,52,online,15.34,0,1
1406,48,63600.0,4,0.091,274,in_store,50.77,15,1
1173,39,40000.0,1,0.058,407,in_store,34.6,10,1
4327,53,65100.0,1,0.182,519,in_store,56.09,25,1
326,49,76100.0,5,0.234,1,online,53.53,0,0
1052,38,38000.0,3,0.04,227,online,31.59,0,0
4977,42,44900.0,3,0.062,528,in_store,41.12,0,0
3310,35,42000.0,6,0.082,1,online,38.83,10,1
2901,33,32600.0,0,0.121,65,in_store,38.96,0,1
2785,45,32200.0,2,0.181,1,online,30.22,10,1
1197,25,47600.0,3,0.17,133,online,11.15,0,1
621,35,79900.0,4,0.051,211,in_store,31.28,10,0
1565,29,56600.0,3,0.164,204,in_store,46.06,20,1
2895,32,64600.0,4,0.145,408,in_store,41.01,5,0
1190,38,40500.0,2,0.238,495,in_store,52.17,15,0
329,26,43500.0,5,0.03,737,online,52.78,0,0
649,42,22900.0,2,0.082,34,online,27.82,0,1
898,30,63500.0,3,0.191,220,online,52.84,15,1
1490,42,35300.0,1,0.179,492,online,41.02,20,0
1124,37,39300.0,3,0.0,448,in_store,30.4,20,1
1919,36,37600.0,7,0.128,802,online,43.63,0,0
4654,35,52500.0,1,0.0,76,in_store,38.03,15,0
4387,37,47300.0,1,0.138,492,in_store,45.16,15,1
1420,40,44000.0,4,0.0,76,online,35.35,30,0
3817,39,43400.0,4,0.054,435,in_store,24.17,0,1
2589,44,30400.0,1,0.048,771,in_store,47.59,30,1
4716,60,72000.0,5,0.218,796,in_store,50.41,0,1
3270,30,48400.0,1,0.055,77,online,50.33,0,1
3695,55,68100.0,3,0.118,481,in_store,47.59,20,0
2078,41,41100.0,2,0.044,430,online,24.7,20,0
1024,47,59500.0,5,0.239,672,online,42.55,30,1
3008,53,42600.0,3,0.08,252,in_store,34.1,0,0
2407,43,19100.0,0,0.092,279,in_store,28.82,10,0
1627,18,37600.0,0,0.014,290,in_store,33.05,0,0
4295,41,29300.0,1,0.163,259,in_store,25.48,10,1
2949,49,45500.0,4,0.132,628,in_store,32.21,0,0
810,43,32300.0,1,0.14,296,online,35.7,0,1
2866,25,34200.0,0,0.031,164,online,43.69,0,0
979,23,25200.0,5,0.016,437,online,13.5,10,0
4522,44,42700.0,2,0.254,485,in_store,29.27,0,0
2706,38,37800.0,2,0.103,95,in_store,31.75,0,0
3263,44,47500.0,1,0.042,682,in_store,45.29,0,0
4449,57,44900.0,1,0.0,322,in_store,40.72,5,0
2789,33,35500.0,1,0.098,274,in_store,22.38,0,0
4158,56,81800.0,3,0.246,14,in_store,58.33,0,0
1514,18,27900.0,2,0.08,493,online,44.77,25,0
3479,54,35900.0,3,0.053,456,in_store,33.41,0,0
2043,63,29200.0,1,0.054,453,online,26.68,0,0
175,25,65800.0,2,0.02,513,online,43.33,0,0
3291,37,40400.0,4,0.057,515,in_store,44.1,0,0
1989,30,28500.0,0,0.061,96,online,31.56,0,1
1504,44,59600.0,1,0.012,321,in_store,49.49,0,1
4472,31,23500.0,1,0.07,380,in_store,17.8,10,0
218,56,74500.0,4,0.0,502,online,45.36,0,0
3933,44,33300.0,1,0.113,803,in_store,35.77,0,1
3739,32,31400.0,1,0.095,574,online,25.91,20,0
691,44,75400.0,2,0.056,492,in_store,55.01,20,1
2593,46,51400.0,3,0.075,636,online,51.49,0,1
3801,36,54100.0,2,0.087,71,in_store,36.77,20,1
3474,47,72800.0,1,0.023,434,in_store,58.7,30,0
1107,24,30300.0,1,0.0,406,in_store,21.06,0,0
1551,21,32200.0,0,0.185,1,online,53.63,0,0
2442,47,43900.0,0,0.0,64,in_store,25.19,0,0
1552,31,22800.0,1,0.138,307,online,26.06,0,1
612,43,37100.0,4,0.0,69,online,30.07,0,0
3257,32,48400.0,2,0.043,247,in_store,39.75,0,0
3730,43,29700.0,0,0.145,13,online,34.62,0,1
577,56,62700.0,3,0.169,726,in_store,33.6,5,1
2079,18,16300.0,1,0.053,446,in_store,20.49,0,0
4446,27,44300.0,1,0.033,257,in_store,20.16,5,1
1181,24,34700.0,1,0.036,190,online,29.81,10,0
889,18,43500.0,2,0.216,123,in_store,24.08,15,1
3144,43,62200.0,0,0.222,322,in_store,49.71,0,0
3925,40,27900.0,2,0.0,204,in_store,17.16,0,0
2679,19,24700.0,2,0.065,1,in_store,13.81,0,0
818,43,43500.0,1,0.009,508,online,33.98,0,1
3293,34,34900.0,3,0.0,310,in_store,32.76,15,0
1887,27,34400.0,2,0.003,272,online,34.66,30,1
209,29,31800.0,1,0.028,100,online,31.63,0,1
294,18,66400.0,0,0.156,1,online,34.46,15,0
1120,28,30400.0,1,0.0,4,in_store,36.43,25,0
2229,66,49500.0,0,0.113,157,in_store,41.09,0,0
2252,39,37600.0,1,0.083,361,online,33.05,20,0
1265,39,45500.0,3,0.095,131,online,42.22,0,1
991,50,20500.0,5,0.119,1,in_store,35.91,0,0
4294,55,31400.0,0,0.0,264,in_store,19.08,0,0
1533,52,71100.0,1,0.0,388,online,42.53,0,1
354,50,40000.0,2,0.226,32,in_store,38.55,0,0
1879,57,57300.0,4,0.0,188,online,48.03,0,0
3657,37,26400.0,2,0.136,1,in_store,24.55,0,0
4026,28,20900.0,3,0.154,283,online,33.63,0,0
2571,67,25300.0,4,0.179,1027,in_store,19.95,0,1
3064,42,55000.0,4,0.151,748,online,50.83,0,1
1229,47,40400.0,3,0.207,581,online,30.62,10,1
260,24,37800.0,1,0.154,129,online,43.89,10,1
1542,50,62100.0,3,0.0,402,in_store,65.1,0,0
4804,52,25600.0,2,0.139,337,online,34.94,0,1
4750,19,37400.0,2,0.088,236,online,35.4,0,0
4842,28,33200.0,3,0.082,202,in_store,34.3,0,0
2597,55,55700.0,2,0.045,1,in_store,44.56,0,0
53,23,49900.0,1,0.195,3,in_store,36.72,10,1
2212,52,36900.0,3,0.162,38,online,42.81,10,0
1868,48,53200.0,3,0.274,1,in_store,56.72,20,1
3572,49,58500.0,3,0.136,173,online,41.24,25,1
3654,49,33200.0,4,0.242,665,online,31.59,15,0
2803,50,50200.0,1,0.136,409,online,37.85,0,0
2898,41,58000.0,1,0.128,668,online,49.18,0,1
1480,60,55700.0,3,0.246,454,in_store,46.22,15,1
1034,46,55400.0,2,0.028,398,in_store,35.51,0,1
1098,46,37000.0,2,0.129,303,online,40.45,0,1
1470,19,52600.0,1,0.0,258,online,39.71,0,1
544,38,25900.0,2,0.209,1,online,12.44,0,0
1047,34,54400.0,1,0.0,325,online,42.24,15,0
1922,52,45400.0,2,0.051,84,in_store,45.26,30,1
1596,45,41000.0,3,0.084,61,in_store,40.29,0,1
31,66,81000.0,5,0.122,559,in_store,62.02,0,1
726,58,60900.0,5,0.015,780,online,48.88,0,0
2451,34,15000.0,0,0.109,376,in_store,13.41,0,0
4529,32,42800.0,0,0.153,346,in_store,33.13,10,0
3922,36,51800.0,3,0.236,197,in_store,36.22,15,0
1427,50,66900.0,2,0.31,212,in_store,40.1,25,1
2513,43,52000.0,3,0.002,1,online,32.26,0,0
437,34,32400.0,0,0.065,86,in_store,39.94,0,1
4746,43,61000.0,2,0.164,155,in_store,39.28,25,0
913,47,58900.0,5,0.079,256,online,46.49,0,1
4232,48,52800.0,5,0.194,570,in_store,50.52,10,1
4174,31,31500.0,1,0.025,51,in_store,22.02,10,1
4523,38,50900.0,2,0.136,376,online,27.3,5,1
4311,44,49300.0,0,0.005,302,online,35.19,0,0
2303,18,21700.0,0,0.041,266,online,15.89,0,0
2707,45,75200.0,4,0.09,246,online,56.5,0,1
1239,47,34700.0,1,0.051,162,online,33.46,5,0
904,59,60700.0,3,0.049,98,in_store,31.85,0,0
4244,31,50800.0,0,0.017,66,in_store,48.82,0,0
3160,32,36800.0,4,0.001,101,in_store,24.65,0,0
4005,57,75100.0,0,0.15,118,online,44.09,30,0
508,45,30500.0,0,0.0,265,in_store,32.12,0,0
4511,37,48000.0,1,0.056,451,in_store,44.09,10,1
184,53,99400.0,5,0.081,325,in_store,62.98,15,1
4336,30,15000.0,1,0.0,170,in_store,27.03,0,0
1498,26,48600.0,3,0.028,424,in_store,39.5,5,0
3888,35,33700.0,2,0.151,490,in_store,27.37,0,1
322,38,21100.0,0,0.0,713,online,26.7,0,1
2520,19,15000.0,0,0.109,332,online,26.53,0,0
1534,26,59200.0,3,0.097,317,in_store,45.21,5,0
3814,37,51300.0,1,0.049,271,in_store,42.3,0,1
2396,26,35800.0,2,0.203,46,in_store,40.89,0,1
2701,50,44700.0,1,0.263,338,online,36.74,20,1
4626,45,62900.0,4,0.232,770,in_store,43.61,0,1
2660,45,52400.0,2,0.033,429,online,36.1,15,0
4448,40,36900.0,1,0.106,280,in_store,40.73,0,0
1147,46,41900.0,3,0.186,6,online,26.62,0,0
4474,51,70100.0,0,0.001,260,in_store,40.8,15,0
45,41,15000.0,1,0.181,254,in_store,35.29,0,0
2526,48,73300.0,6,0.124,634,online,44.87,15,1
3467,56,45400.0,5,0.184,421,online,43.37,10,0
1850,48,70100.0,2,0.128,209,online,36.56,15,1
1379,43,52400.0,5,0.169,316,in_store,43.52,0,0
4845,39,34300.0,3,0.219,380,online,22.73,10,1
3028,24,47900.0,5,0.181,535,online,41.64,0,1
414,49,65600.0,4,0.026,499,in_store,40.74,5,0
2174,25,27600.0,1,0.223,588,online,42.29,15,0
1408,48,47300.0,0,0.02,247,in_store,32.39,25,0
2125,40,44600.0,4,0.063,1,online,39.76,0,0
802,27,15400.0,1,0.1,579,in_store,15.19,5,1
1289,64,63300.0,5,0.133,131,in_store,34.83,15,1
2198,40,42600.0,3,0.082,550,in_store,42.97,0,1
2458,33,31900.0,2,0.0,681,in_store,32.96,0,1
1722,23,50300.0,1,0.128,1,online,36.67,0,1
2334,40,75000.0,4,0.106,263,online,53.4,20,1
257,45,56200.0,3,0.21,280,online,34.18,0,1
4540,48,57100.0,0,0.047,1,in_store,31.41,0,0
1715,28,22100.0,0,0.0,445,in_store,17.03,0,0
1152,52,45400.0,0,0.114,349,online,47.61,0,1
2317,37,25100.0,2,0.221,429,in_store,26.2,10,1
648,19,18000.0,0,0.19,321,online,19.22,15,0
4495,44,22900.0,0,0.117,707,in_store,23.6,20,0
4245,43,47200.0,2,0.066,447,in_store,28.88,10,0
4217,55,34600.0,2,0.121,532,online,26.22,15,1
3787,36,67200.0,2,0.105,432,online,41.73,20,1
1316,62,90000.0,5,0.222,844,online,58.58,0,1
2030,34,48800.0,2,0.24,624,in_store,31.8,0,1
3254,52,73500.0,2,0.132,1,online,57.64,5,1
2481,62,75200.0,5,0.065,380,online,43.9,0,1
3728,48,41100.0,4,0.126,760,online,32.49,20,0
1351,37,49000.0,7,0.281,812,online,35.37,15,0
2516,33,38500.0,1,0.201,1,in_store,38.59,25,0
113,33,40700.0,0,0.097,1,online,46.1,0,0
3149,61,66800.0,5,0.231,46,in_store,36.48,15,1
264,33,48500.0,2,0.129,361,in_store,40.98,0,1
1394,46,49400.0,2,0.059,282,in_store,48.59,20,0
1906,26,47000.0,2,0.214,291,in_store,49.64,0,0
1187,36,46000.0,2,0.101,387,online,45.53,5,0
2368,35,48800.0,3,0.036,1,online,34.01,0,0
57,37,39200.0,2,0.11,459,online,36.73,0,0
1310,36,20900.0,0,0.024,1,in_store,37.0,20,0
696,31,72100.0,3,0.153,422,in_store,45.89,0,0
4213,47,63300.0,2,0.08,200,in_store,45.45,0,1
4763,44,45300.0,7,0.222,349,in_store,29.23,25,1
1752,33,38300.0,2,0.156,151,in_store,41.29,0,1
1925,39,44200.0,0,0.0,55,online,45.55,25,1
4031,25,35600.0,2,0.124,647,online,32.78,0,0
320,26,39400.0,2,0.033,246,in_store,23.24,5,0
2338,50,37100.0,3,0.134,198,in_store,30.74,30,1
683,55,50200.0,3,0.213,452,online,31.78,5,0
2331,29,38700.0,0,0.014,1,online,30.5,30,1
4697,49,45100.0,1,0.0,440,online,37.53,25,0
3566,60,46000.0,0,0.069,129,in_store,28.58,0,1
3524,21,25500.0,1,0.138,476,in_store,33.48,0,1
3857,26,18400.0,1,0.043,21,online,14.93,5,1
287,43,33300.0,3,0.101,361,online,33.8,0,1
2187,39,35400.0,2,0.212,183,in_store,35.2,20,1
4274,62,67300.0,4,0.091,490,in_store,35.1,0,1
3362,18,25500.0,0,0.057,93,in_store,26.89,0,1
1745,48,58900.0,4,0.131,703,online,36.63,5,1
1741,35,21400.0,2,0.033,933,online,18.01,0,1
3516,36,15000.0,3,0.158,531,online,19.15,30,0
1836,41,46300.0,7,0.358,1,in_store,39.21,0,1
2099,18,27400.0,1,0.0,266,online,19.37,20,0
737,49,58500.0,3,0.113,207,in_store,35.42,0,1
3351,41,49700.0,4,0.153,318,in_store,35.63,0,0
337,32,51700.0,2,0.153,420,in_store,33.81,10,1
3502,56,59700.0,0,0.193,299,in_store,42.9,0,1
4562,31,36400.0,2,0.033,327,online,26.06,0,1
2657,43,30900.0,4,0.143,635,online,34.3,0,0
4415,38,74600.0,0,0.0,646,online,45.49,15,1
1072,27,16300.0,0,0.136,256,online,30.07,0,0
2306,34,34600.0,0,0.0,285,in_store,31.2,0,1
1698,68,58000.0,0,0.007,273,in_store,57.35,25,1
3593,62,62000.0,3,0.172,185,in_store,43.57,10,0
3634,38,59700.0,3,0.134,347,in_store,38.27,0,0
4123,28,27300.0,1,0.15,366,online,24.75,0,0
4955,53,15000.0,4,0.089,200,online,31.4,15,0
3382,44,46800.0,2,0.0,227,in_store,49.68,0,0
1489,44,36700.0,2,0.131,233,in_store,37.86,0,1
499,18,40800.0,0,0.092,520,online,28.56,20,1
4355,28,21600.0,2,0.262,473,in_store,33.54,0,1
3246,44,42000.0,3,0.171,370,in_store,38.73,0,0
2573,58,49600.0,0,0.119,213,online,28.98,5,0
2601,33,44300.0,3,0.071,586,in_store,36.31,0,1
3289,35,32100.0,5,0.213,912,online,22.33,20,0
4423,23,30100.0,1,0.073,32,in_store,38.18,0,1
2146,32,33200.0,0,0.0,237,online,28.22,5,0
1611,43,15000.0,2,0.056,160,in_store,24.69,0,1
2352,47,48700.0,3,0.015,237,in_store,45.89,0,0
4202,18,15600.0,0,0.062,275,online,28.8,20,0
3249,50,72000.0,3,0.092,599,in_store,51.08,15,1
1023,45,46700.0,3,0.108,342,online,42.21,10,1
2298,31,35400.0,4,0.189,201,in_store,38.4,0,0
4897,47,48400.0,1,0.057,9,online,31.7,15,0
2705,43,48900.0,3,0.06,212,in_store,42.16,25,1
3079,25,44200.0,2,0.048,1,in_store,27.41,25,1
2046,28,39100.0,1,0.123,1,in_store,25.8,10,1
666,20,30000.0,1,0.027,1,in_store,24.3,0,1
3951,31,58600.0,2,0.102,1,in_store,45.95,0,1
2654,30,37400.0,4,0.249,211,in_store,19.68,20,1
1927,33,20300.0,4,0.193,358,in_store,19.13,15,1
4276,35,58500.0,3,0.272,1,in_store,46.8,30,0
2182,43,52600.0,7,0.152,531,in_store,37.33,10,1
1018,37,20600.0,1,0.021,455,in_store,38.98,20,0
558,28,44400.0,3,0.116,540,online,32.98,15,1
2415,53,28200.0,3,0.221,233,online,29.62,25,1
1208,29,26100.0,1,0.0,453,in_store,41.48,10,1
3868,60,72800.0,2,0.0,646,online,42.01,0,1
2672,57,75800.0,6,0.161,854,in_store,54.05,30,1
4380,24,38000.0,1,0.196,17,online,27.72,15,0
1511,41,36300.0,1,0.092,375,online,22.36,0,1
4288,32,24300.0,0,0.009,188,online,45.6,25,1
246,25,37000.0,2,0.156,298,online,14.88,20,1
1164,22,25600.0,0,0.0,168,in_store,27.96,0,1
4400,25,34600.0,0,0.0,1,in_store,46.82,0,1
267,42,24200.0,1,0.075,72,online,25.96,0,1
3075,55,88000.0,3,0.123,427,online,62.1,0,1
1115,41,52700.0,2,0.265,457,in_store,54.18,0,1
64,47,47000.0,2,0.001,107,in_store,30.53,0,1
2608,38,26500.0,2,0.056,102,online,36.21,20,0
4972,23,49800.0,1,0.104,308,online,39.43,0,0
2979,33,52000.0,3,0.168,494,online,43.9,20,1
3027,49,65900.0,1,0.0,95,online,51.17,20,0
3092,32,100200.0,3,0.05,84,in_store,64.74,15,0
3920,45,32500.0,1,0.018,1,in_store,35.0,20,0
4352,26,41800.0,2,0.116,74,online,29.68,0,1
2275,42,31500.0,1,0.04,644,in_store,26.62,0,0
2578,28,36700.0,1,0.107,346,in_store,38.6,20,0
3517,45,19100.0,3,0.108,1,in_store,24.92,0,0
1238,47,30600.0,2,0.042,567,in_store,22.23,5,1
104,49,49700.0,5,0.094,243,in_store,49.32,20,0
2659,38,44500.0,0,0.039,242,online,31.43,0,0
273,39,35400.0,2,0.058,496,online,28.72,20,0
509,33,43100.0,1,0.165,401,online,34.19,20,1
4347,29,26200.0,3,0.176,367,in_store,49.36,25,1
4944,31,23800.0,2,0.264,204,in_store,36.73,0,0
4075,25,26300.0,1,0.092,1,in_store,32.46,15,1
866,50,27700.0,1,0.109,1,online,27.14,20,1
4198,20,56000.0,2,0.0,160,in_store,51.87,0,1
909,41,56800.0,0,0.065,360,in_store,38.91,20,1
3476,47,25800.0,3,0.232,264,online,39.27,0,1
4110,40,43600.0,2,0.181,795,in_store,43.86,0,0
3915,18,45900.0,0,0.058,132,online,45.7,0,0
1628,59,54900.0,5,0.185,966,online,28.12,0,0
4973,52,51300.0,2,0.0,613,online,46.83,20,1
1523,37,59400.0,3,0.088,558,online,50.09,20,1
836,29,15000.0,1,0.136,910,online,30.53,20,1
359,30,32000.0,2,0.194,476,online,22.29,0,1
139,64,53500.0,7,0.156,702,online,52.98,20,1
300,44,54200.0,0,0.0,675,in_store,38.04,20,1
1557,31,48500.0,1,0.0,1,in_store,29.31,25,1
1004,48,60100.0,3,0.249,3,in_store,58.94,25,1
383,21,22100.0,1,0.016,154,online,19.2,0,1
942,51,30800.0,1,0.178,226,online,28.41,15,0
4228,63,49200.0,6,0.151,291,online,44.78,10,1
4553,32,80300.0,2,0.03,102,in_store,43.61,0,1
762,48,59500.0,3,0.0,230,online,28.44,25,1
1731,39,58500.0,5,0.06,941,in_store,46.11,0,1
2824,28,60800.0,2,0.092,559,in_store,33.68,20,0
4731,38,31400.0,1,0.058,356,online,39.58,30,1
2102,19,15000.0,4,0.296,593,online,25.93,20,0
4609,26,59100.0,2,0.093,367,in_store,47.13,0,1
899,46,56100.0,6,0.118,920,in_store,35.02,20,1
4018,52,54900.0,3,0.186,280,online,40.3,25,1
3803,37,40400.0,3,0.139,309,online,49.82,25,1
1403,38,44400.0,5,0.087,592,in_store,30.37,0,1
2380,39,40900.0,1,0.031,1,in_store,39.11,20,0
3804,44,42900.0,3,0.0,1,online,36.9,0,1
4397,41,84600.0,3,0.095,1,in_store,48.82,10,1
2971,52,54900.0,4,0.0,734,online,33.44,0,0
1513,51,59300.0,1,0.128,363,in_store,42.08,20,1
1189,47,76000.0,8,0.286,487,in_store,56.17,5,1
3771,35,35300.0,4,0.065,88,in_store,38.25,0,1
4929,58,58000.0,2,0.33,69,online,44.15,0,0
3895,48,59800.0,5,0.063,356,in_store,33.71,20,0
3949,39,38400.0,4,0.154,224,in_store,33.63,25,0
109,50,48500.0,1,0.0,260,in_store,49.8,0,0
2749,38,24500.0,2,0.012,93,in_store,39.8,0,0
2324,40,57900.0,1,0.0,1,in_store,40.65,20,0
3504,26,15000.0,2,0.0,1,in_store,20.74,0,0
59,30,39500.0,1,0.172,80,in_store,33.93,25,1
77,35,48100.0,0,0.242,226,online,39.91,5,0
797,52,87900.0,3,0.112,59,in_store,49.83,10,0
369,42,46900.0,6,0.178,403,in_store,34.96,0,0
4916,41,31400.0,0,0.045,169,online,28.11,25,0
786,43,74000.0,5,0.408,461,online,50.02,30,0
2104,49,67200.0,0,0.141,756,online,43.9,15,1
4392,55,96100.0,4,0.275,38,online,53.28,10,1
2035,41,39200.0,4,0.114,373,in_store,38.33,25,0
2124,41,51400.0,1,0.132,152,online,44.91,5,0
3779,39,49200.0,1,0.0,562,online,34.69,5,0
2414,23,47400.0,2,0.152,172,online,49.6,0,1
1729,41,73600.0,5,0.129,287,in_store,65.71,10,1
122,42,25500.0,3,0.234,948,in_store,21.38,0,1
1871,50,50800.0,2,0.07,678,online,46.32,15,1
2385,48,67400.0,3,0.008,544,online,53.92,0,0
3661,40,39900.0,2,0.084,368,online,34.99,10,0
911,31,63500.0,2,0.131,595,online,48.05,20,1
125,50,44700.0,3,0.02,375,online,40.2,5,1
4478,34,35400.0,3,0.082,298,online,56.09,20,0
1587,18,42700.0,1,0.06,496,in_store,42.96,0,0
1258,40,45600.0,2,0.152,413,in_store,40.25,25,1
3457,43,58700.0,3,0.201,1,in_store,55.0,25,0
3497,52,68600.0,2,0.136,83,online,32.7,30,0
3399,18,15000.0,2,0.137,1,online,27.8,0,1
1179,44,15000.0,1,0.095,1,online,31.24,0,1
2856,59,47600.0,8,0.217,730,in_store,38.17,20,1
3486,53,73700.0,0,0.061,368,in_store,57.2,0,1
4589,20,32200.0,2,0.041,71,in_store,14.44,20,1
2119,43,42100.0,4,0.082,237,in_store,32.89,0,1
443,44,59100.0,4,0.208,771,in_store,40.23,20,1
3101,28,55700.0,2,0.0,56,online,44.01,5,0
2887,46,40400.0,3,0.158,66,online,33.43,20,1
926,63,47100.0,3,0.185,218,online,49.73,10,1
2348,32,34600.0,2,0.0,1,in_store,33.45,20,1
2375,36,39500.0,2,0.052,289,in_store,35.78,0,0
4781,36,40800.0,4,0.096,633,in_store,25.44,5,1
1412,67,65400.0,3,0.0,377,in_store,51.87,15,1
3483,52,56700.0,5,0.061,543,online,48.89,0,0
3023,45,60100.0,7,0.093,117,online,41.21,15,1
1510,42,52800.0,2,0.194,238,in_store,35.66,25,1
1228,33,53900.0,1,0.0,72,online,40.38,0,0
3619,44,49100.0,3,0.097,246,online,31.26,0,0
2371,27,45400.0,3,0.089,105,online,44.6,0,1
3529,22,29900.0,1,0.236,344,in_store,38.5,25,1
2165,47,50600.0,3,0.142,225,online,28.66,20,1
3296,47,37200.0,3,0.108,323,online,34.69,15,1
325,62,61100.0,2,0.0,268,in_store,53.96,10,1
3095,62,41300.0,1,0.135,1,in_store,38.19,0,0
3272,36,49500.0,5,0.237,559,online,40.18,25,1
2037,34,49500.0,3,0.206,260,in_store,27.65,20,1
3314,42,34700.0,2,0.017,694,in_store,36.4,0,0
3051,52,59400.0,4,0.057,912,in_store,41.53,0,1
1499,49,58500.0,1,0.0,130,online,41.3,0,0
1503,56,98600.0,5,0.169,724,in_store,52.65,0,0
1007,48,35900.0,1,0.157,500,in_store,40.64,25,1
2635,54,69600.0,3,0.081,533,in_store,55.92,0,1
4909,34,22700.0,2,0.124,366,online,22.73,25,1
3533,56,60900.0,2,0.189,353,in_store,46.65,10,1
1468,24,36400.0,0,0.005,252,online,29.49,20,0
1226,46,45100.0,2,0.0,547,online,48.13,0,1
2006,53,65100.0,2,0.037,554,in_store,60.1,15,0
2283,53,73200.0,3,0.184,423,in_store,45.16,10,1
2111,45,34200.0,0,0.063,202,in_store,49.89,0,0
1217,18,29900.0,0,0.0,120,online,26.77,0,0
3995,47,50400.0,3,0.057,1,in_store,44.33,10,1
4287,31,38400.0,1,0.0,170,in_store,43.81,0,1
421,41,60200.0,1,0.013,592,online,44.17,0,1
3438,41,29500.0,1,0.133,235,online,23.11,20,0
7,42,22000.0,0,0.106,299,online,40.11,15,0
933,54,51500.0,3,0.014,1,in_store,46.47,20,1
1692,21,38700.0,2,0.17,597,online,38.61,15,1
440,45,56200.0,3,0.148,1,online,41.79,20,0
1314,45,57200.0,3,0.234,354,online,49.59,5,1
679,45,52400.0,4,0.208,184,online,49.76,30,1
4180,31,54200.0,4,0.124,275,online,48.38,10,1
4621,27,28000.0,2,0.159,323,in_store,28.32,0,1
2003,45,38100.0,2,0.116,310,in_store,52.53,0,0
2479,49,16100.0,1,0.175,309,in_store,18.18,20,1
4644,40,53000.0,3,0.264,375,in_store,37.31,0,0
2903,52,70000.0,5,0.07,321,in_store,38.87,0,0
2534,42,70100.0,4,0.112,621,online,44.52,5,0
4943,37,23400.0,2,0.168,135,online,30.29,0,1
4056,45,42000.0,1,0.133,413,online,43.81,20,1
3942,36,41500.0,1,0.0,1,online,48.68,10,1
4255,31,25200.0,0,0.0,1,online,26.8,0,0
2793,31,36700.0,2,0.0,4,in_store,28.97,0,0
2656,33,32300.0,1,0.0,206,in_store,33.84,30,0
195,27,57500.0,1,0.015,251,in_store,31.93,10,0
1475,38,17900.0,1,0.0,326,in_store,32.89,0,0
4297,37,43300.0,2,0.125,227,in_store,39.11,0,0
1212,34,59400.0,5,0.244,476,in_store,29.74,20,1
2756,26,31400.0,0,0.115,447,online,31.79,0,1
1658,19,27500.0,1,0.092,1,online,16.29,0,0
2716,41,28700.0,3,0.0,168,online,28.5,0,0
3035,53,67100.0,3,0.102,812,in_store,57.1,0,0
4095,47,42100.0,1,0.26,1,in_store,39.47,0,1
3627,41,37500.0,1,0.016,442,in_store,37.51,0,0
1873,33,37500.0,2,0.017,259,online,29.15,30,1
1878,62,53500.0,0,0.0,1,online,56.68,20,0
1131,29,35600.0,1,0.129,35,online,22.29,10,1
1462,31,53600.0,1,0.091,1,in_store,35.84,0,0
277,31,40900.0,1,0.174,495,online,31.58,25,1
4873,24,44400.0,2,0.0,335,online,34.01,0,0
2347,38,63300.0,4,0.103,515,in_store,47.81,15,0
2312,43,71900.0,5,0.108,311,online,45.49,30,1
1303,47,46700.0,1,0.024,367,online,42.29,0,1
3065,37,48200.0,3,0.147,716,online,50.5,0,1
223,42,67100.0,4,0.136,373,online,37.79,30,1
4651,29,62000.0,0,0.0,150,online,40.98,0,1
4384,32,41400.0,3,0.073,398,online,40.35,0,1
574,29,47000.0,2,0.0,1,in_store,46.42,0,1
1237,40,42800.0,1,0.131,408,in_store,33.06,25,0
3561,49,66800.0,4,0.119,574,online,47.09,0,1
3689,72,62200.0,3,0.05,61,in_store,45.73,0,0
1335,45,24600.0,1,0.0,1,in_store,28.23,0,0
2810,23,39200.0,1,0.0,52,in_store,40.3,0,1
419,39,40800.0,3,0.012,302,in_store,28.52,10,0
268,44,18100.0,2,0.193,400,in_store,30.17,20,0
1105,27,40900.0,0,0.221,17,online,33.04,0,0
258,35,23300.0,2,0.045,308,in_store,19.96,15,0
296,42,68700.0,2,0.129,505,in_store,63.26,10,0
2532,47,40500.0,0,0.161,403,in_store,28.25,0,1
387,45,30100.0,0,0.033,283,online,40.51,0,1
3324,49,61800.0,1,0.064,257,in_store,33.2,0,0
3106,41,20200.0,2,0.0,91,in_store,20.82,0,0
2575,39,44500.0,1,0.012,1,online,45.7,20,1
4047,38,56800.0,2,0.31,37,online,44.91,10,1
4346,44,45900.0,3,0.103,475,online,38.56,0,1
4129,37,52200.0,3,0.094,60,in_store,47.9,25,1
4162,24,50800.0,1,0.053,1,online,23.45,15,0
4395,26,22700.0,2,0.044,421,online,44.22,0,0
1564,26,28800.0,1,0.147,69,in_store,30.05,0,0
1920,22,15000.0,2,0.146,1,online,16.75,0,1
1401,54,71500.0,3,0.169,772,online,46.99,10,0
713,28,42700.0,2,0.095,80,in_store,38.1,0,1
2365,70,65800.0,6,0.273,527,in_store,45.27,15,1
2943,40,56600.0,1,0.056,44,online,34.23,0,0
210,36,22600.0,1,0.16,1,online,34.48,0,0
3962,56,62100.0,6,0.137,496,online,49.17,25,1
1290,50,39500.0,1,0.106,234,in_store,33.01,0,1
2615,18,15000.0,1,0.278,28,online,30.45,0,0
450,45,51300.0,3,0.028,655,online,49.05,25,1
4103,31,27700.0,0,0.151,322,in_store,28.49,20,0
2585,46,66300.0,2,0.029,618,online,48.94,0,1
1821,18,28100.0,0,0.093,530,online,32.87,20,1
959,40,23700.0,2,0.054,372,online,35.27,0,1
1794,36,31700.0,1,0.0,611,online,37.72,0,0
4952,30,54000.0,1,0.158,279,online,39.88,20,0
655,47,42100.0,5,0.058,633,in_store,21.65,0,1
2423,59,66900.0,6,0.269,332,in_store,37.47,15,1
3871,40,67100.0,1,0.14,434,online,49.21,30,1
2408,36,33900.0,1,0.0,481,in_store,28.73,0,0
1761,26,48900.0,0,0.043,158,online,53.28,0,1
2370,49,61400.0,3,0.187,489,online,36.56,0,1
3940,58,40400.0,1,0.067,428,in_store,33.12,15,0
4370,49,70900.0,4,0.056,732,in_store,61.18,20,0
412,18,49300.0,1,0.047,348,in_store,44.08,0,1
1775,53,37000.0,5,0.139,317,in_store,28.15,0,1
4463,53,56400.0,3,0.064,102,online,46.3,0,1
2202,38,55100.0,3,0.193,562,in_store,43.21,0,1
4092,41,48900.0,1,0.105,300,online,33.63,0,0
3723,51,58900.0,4,0.0,121,in_store,37.53,5,1
4322,41,45400.0,2,0.156,477,in_store,28.68,0,1
4785,41,74400.0,4,0.096,333,in_store,44.55,20,1
3721,41,23600.0,2,0.089,342,online,24.49,5,0
4641,58,58200.0,3,0.222,426,online,30.8,20,0
4687,25,39700.0,2,0.027,231,in_store,27.15,0,0
3575,33,15000.0,1,0.009,90,in_store,34.44,0,1
1984,37,25000.0,2,0.121,1,in_store,22.19,0,1
3383,63,83400.0,6,0.208,854,in_store,58.38,0,1
4151,35,43300.0,0,0.0,29,online,44.71,0,1
3587,28,46000.0,0,0.0,290,online,36.65,15,1
431,28,15000.0,1,0.043,504,online,38.55,0,1
3124,47,38400.0,4,0.048,505,in_store,54.15,0,1
3838,38,37800.0,0,0.177,178,in_store,37.48,0,0
1367,26,61300.0,1,0.04,157,online,40.56,0,0
2611,20,30200.0,1,0.119,27,online,27.49,10,0
3840,38,51900.0,2,0.057,890,in_store,50.83,25,0
1177,31,27600.0,2,0.095,849,online,41.59,15,1
3348,42,51100.0,2,0.111,1,in_store,55.82,15,0
1477,65,62200.0,3,0.091,347,in_store,34.82,25,0
3168,33,23500.0,2,0.005,1,in_store,29.59,0,0
4969,36,37500.0,1,0.032,664,in_store,38.48,0,0
103,36,58200.0,3,0.121,78,online,46.83,0,1
1943,25,26500.0,2,0.095,273,online,31.23,0,1
4925,23,46600.0,1,0.09,82,online,42.55,5,0
1264,35,32200.0,2,0.146,567,online,30.8,0,1
3378,37,36200.0,4,0.057,620,in_store,36.75,0,0
3154,38,60500.0,2,0.066,1,online,39.33,20,0
4510,47,66900.0,4,0.13,518,online,51.03,15,1
3077,40,44500.0,1,0.04,317,in_store,56.51,10,0
2755,53,59200.0,2,0.021,358,in_store,50.06,0,0
3604,57,56400.0,0,0.074,253,in_store,42.97,20,0
3905,21,56500.0,1,0.157,137,in_store,36.09,0,1
2989,43,46100.0,0,0.0,2,online,43.8,20,0
1644,48,35300.0,2,0.123,526,in_store,22.11,0,1
4516,51,15000.0,2,0.025,1,in_store,14.53,20,0
1,44,44300.0,3,0.174,163,online,36.8,0,0
1581,54,26000.0,1,0.154,25,in_store,18.65,0,0
4433,46,43400.0,2,0.15,582,in_store,41.06,0,0
4126,39,50800.0,1,0.173,497,in_store,40.14,0,1
1357,35,54000.0,0,0.0,718,online,44.52,25,1
3407,49,53300.0,4,0.173,273,in_store,36.26,25,1
2343,18,27100.0,1,0.104,315,online,36.89,0,0
2406,20,27300.0,0,0.086,115,in_store,29.03,20,1
2053,54,63000.0,5,0.159,686,in_store,55.28,25,0
2234,59,48500.0,5,0.165,437,in_store,34.89,0,1
397,49,58300.0,2,0.237,167,online,46.02,0,0
4115,30,52400.0,1,0.023,425,in_store,36.61,25,1
1065,32,64400.0,2,0.095,553,online,46.92,20,0
4624,50,59500.0,4,0.132,387,online,45.23,25,1
2169,31,18600.0,2,0.068,419,online,37.86,0,0
819,43,54100.0,3,0.216,205,in_store,45.74,0,1
1813,43,48200.0,1,0.031,246,in_store,46.08,0,0
2568,45,52900.0,2,0.109,302,online,39.87,20,1
1553,33,36600.0,3,0.198,317,in_store,29.03,0,0
3136,27,46000.0,0,0.008,82,online,52.42,0,0
817,35,46000.0,1,0.014,494,online,32.66,0,0
1573,44,70500.0,4,0.064,959,online,40.82,20,0
4526,26,49800.0,0,0.131,218,online,31.17,20,0
1801,40,38200.0,2,0.095,120,online,32.78,20,0
4946,63,60100.0,6,0.101,481,in_store,49.18,0,1
382,56,46600.0,1,0.142,743,online,38.98,0,1
3334,35,66400.0,1,0.047,11,in_store,41.58,30,0
3842,39,29200.0,2,0.068,490,online,33.82,20,0
2310,43,43300.0,2,0.208,440,in_store,40.74,25,1
3520,48,57100.0,1,0.006,472,online,37.37,0,1
4941,44,56700.0,1,0.022,105,in_store,60.81,20,1
1781,50,69700.0,7,0.144,808,online,35.18,30,0
2742,48,59500.0,6,0.208,626,in_store,29.33,0,0
2623,58,55500.0,5,0.215,687,online,42.75,15,1
2349,58,66000.0,3,0.081,427,in_store,41.39,0,1
865,32,30700.0,2,0.036,1,online,37.2,0,0
3036,46,25200.0,4,0.113,64,online,26.59,0,0
3180,45,76400.0,5,0.13,160,online,62.56,10,1
555,39,42100.0,1,0.145,367,in_store,41.17,0,1
1160,23,48300.0,1,0.018,421,online,30.58,20,1
1214,31,42200.0,4,0.134,696,online,52.94,0,1
4236,47,50400.0,4,0.075,393,in_store,45.6,20,1
3617,54,53200.0,4,0.176,596,online,29.65,0,0
49,48,51000.0,5,0.118,736,online,32.74,0,1
3164,48,61600.0,6,0.006,196,in_store,30.23,20,1
701,53,50300.0,1,0.163,29,online,29.8,0,1
653,60,71100.0,2,0.136,124,in_store,49.77,15,1
3882,57,56200.0,4,0.148,895,in_store,35.83,10,0
3327,47,47000.0,3,0.181,189,in_store,41.96,0,1
749,36,31600.0,3,0.15,293,online,23.53,20,1
1456,39,34700.0,1,0.09,97,online,35.13,0,1
4205,57,50300.0,1,0.0,9,online,60.47,0,1
2101,43,66100.0,1,0.0,274,online,42.74,0,1
2025,24,34800.0,3,0.078,38,in_store,40.45,0,0
867,24,29900.0,1,0.165,241,in_store,38.56,20,0
753,28,53800.0,2,0.037,543,online,35.4,0,1
1645,22,23900.0,2,0.111,1,in_store,31.34,0,0
93,35,21800.0,2,0.011,1,online,27.07,0,1
4608,56,71400.0,1,0.146,467,online,46.6,0,1
3117,32,47900.0,0,0.0,1,online,45.44,0,1
2448,35,60600.0,4,0.206,208,in_store,42.56,20,1
2645,57,64100.0,7,0.177,796,in_store,37.08,20,1
1491,33,55700.0,0,0.103,330,in_store,38.78,0,1
2911,34,50100.0,2,0.122,161,in_store,38.27,15,0
4374,61,62800.0,1,0.146,134,online,42.58,15,1
730,27,16300.0,0,0.0,245,in_store,38.34,0,1
2733,61,45800.0,4,0.134,950,in_store,35.09,15,1
2487,41,53100.0,4,0.021,597,in_store,43.43,0,1
3997,52,29200.0,1,0.07,217,in_store,24.47,0,0
1937,40,34500.0,2,0.045,408,in_store,43.67,0,1
1746,31,44000.0,1,0.071,1,online,40.77,5,1
4450,40,32100.0,3,0.124,137,online,28.02,0,1
4020,40,36800.0,2,0.098,692,online,35.94,25,0
4102,42,53700.0,1,0.0,181,online,39.68,20,0
1958,26,44900.0,1,0.05,420,in_store,41.31,15,1
1111,58,53900.0,1,0.0,217,in_store,37.38,25,1
3353,50,65000.0,2,0.117,190,online,56.2,30,1
4051,51,33700.0,2,0.095,284,in_store,32.8,0,0
4482,39,35500.0,1,0.019,413,online,34.16,20,0
4167,26,22400.0,2,0.083,370,in_store,20.71,25,1
347,33,22700.0,1,0.106,1,in_store,24.14,15,0
1186,23,15000.0,2,0.212,203,online,18.59,0,1
4025,29,55000.0,1,0.188,209,online,46.44,5,1
1516,43,25700.0,5,0.139,642,in_store,29.79,0,0
4680,27,56800.0,2,0.128,1,in_store,57.31,0,1
579,37,30600.0,0,0.071,460,online,19.25,0,0
1965,31,61000.0,3,0.211,582,in_store,42.37,0,0
76,48,51600.0,4,0.117,30,online,47.48,0,0
1430,49,47800.0,1,0.0,148,in_store,29.42,0,0
3752,32,39800.0,2,0.08,96,online,40.58,0,1
4441,44,46700.0,2,0.075,416,in_store,37.62,20,1
4324,41,38400.0,1,0.0,588,in_store,29.72,0,0
4963,43,45400.0,2,0.054,1,online,43.23,0,1
1847,40,40900.0,1,0.096,164,in_store,29.03,0,0
132,23,33700.0,0,0.018,1,in_store,31.82,0,1
179,39,18600.0,0,0.0,235,in_store,22.71,0,1
2965,40,66800.0,1,0.123,55,online,43.48,0,1
4477,43,27900.0,0,0.208,41,in_store,18.01,0,0
2711,39,36200.0,0,0.0,247,in_store,34.62,0,1
4702,34,62300.0,2,0.0,128,in_store,36.05,20,1
1843,51,64200.0,1,0.142,370,online,37.52,10,1
2218,39,39100.0,2,0.0,38,online,48.74,0,0
3594,45,45900.0,3,0.155,580,in_store,31.08,0,1
2389,53,33500.0,4,0.026,16,online,32.6,0,0
605,32,38500.0,2,0.0,311,in_store,32.81,0,1
2643,28,17000.0,1,0.223,611,in_store,11.84,25,1
26,36,15000.0,1,0.0,310,online,32.45,20,0
659,55,56000.0,5,0.153,390,online,29.28,20,0
1897,21,33500.0,4,0.003,419,in_store,20.18,0,0
3545,37,65600.0,4,0.135,597,in_store,53.25,5,1
4769,22,39000.0,0,0.076,222,online,34.3,0,0
174,25,20600.0,0,0.0,199,online,20.15,0,0
1612,37,27100.0,2,0.095,390,online,12.53,0,0
438,27,35200.0,0,0.053,199,online,33.08,0,0
332,48,57000.0,2,0.193,41,online,46.23,30,1
1455,58,57700.0,5,0.276,784,online,47.75,25,1
343,41,47900.0,2,0.082,263,in_store,34.91,0,1
3214,28,21900.0,1,0.055,697,online,15.19,0,1
2562,41,37000.0,2,0.089,1,in_store,37.75,0,1
1089,48,78200.0,5,0.146,446,in_store,64.73,0,1
480,71,52300.0,3,0.097,30,in_store,42.05,20,0
728,49,43500.0,0,0.077,211,online,38.7,0,1
3802,31,51300.0,4,0.045,429,in_store,34.42,0,0
977,53,48600.0,2,0.177,451,online,47.91,0,1
2054,74,98700.0,8,0.324,564,in_store,54.29,15,1
2993,39,84600.0,2,0.08,295,in_store,46.74,0,1
1929,50,41000.0,2,0.204,195,online,20.11,20,0
1469,23,72400.0,3,0.087,202,in_store,49.2,15,1
1225,29,38100.0,1,0.053,288,in_store,17.89,15,0
3729,43,52300.0,1,0.082,309,online,36.32,20,1
1953,19,45000.0,0,0.011,768,in_store,37.62,0,1
4841,42,43300.0,2,0.062,1,in_store,29.03,15,0
4616,60,88600.0,3,0.0,282,in_store,53.16,15,1
1893,26,15000.0,1,0.235,1,online,26.97,15,0
1300,28,28600.0,1,0.108,4,in_store,40.04,0,0
3806,18,55000.0,2,0.106,62,online,48.75,0,0
4610,35,39400.0,0,0.058,119,online,53.06,15,0
661,20,37100.0,0,0.035,335,in_store,19.8,0,1
4761,42,62300.0,7,0.25,1047,online,47.09,25,0
2410,34,44800.0,1,0.0,72,in_store,28.93,25,0
4571,39,58500.0,4,0.031,133,in_store,49.36,0,1
2992,60,49700.0,3,0.029,187,online,44.41,0,0
4735,35,39900.0,2,0.076,1,online,25.2,10,0
3067,43,53900.0,5,0.274,260,in_store,52.98,0,0
2719,52,52200.0,4,0.13,587,in_store,39.68,0,0
3614,34,35600.0,0,0.08,276,in_store,32.36,0,1
3207,46,32700.0,5,0.193,326,online,33.7,0,0
1279,44,62800.0,1,0.064,243,in_store,41.77,10,0
3086,49,50700.0,1,0.093,381,in_store,37.88,25,0
1622,41,29800.0,2,0.124,6,online,43.34,10,0
3692,39,40200.0,2,0.191,417,online,34.91,0,1
2847,33,49200.0,0,0.0,1,in_store,45.53,0,1
68,34,54600.0,1,0.067,18,in_store,41.1,15,0
4265,32,75100.0,0,0.036,273,in_store,30.8,25,0
4627,34,15000.0,1,0.112,620,in_store,13.77,25,1
3809,39,50000.0,3,0.02,112,online,48.37,20,0
821,34,35500.0,0,0.0,310,in_store,33.06,20,1
1227,49,51200.0,1,0.107,476,online,42.29,25,1
3007,18,31500.0,2,0.215,545,in_store,17.02,5,0
4273,45,36300.0,1,0.0,217,in_store,30.57,0,0
2759,49,43600.0,0,0.089,434,online,46.34,0,1
4468,36,21500.0,0,0.14,968,online,19.06,0,0
4280,28,34400.0,1,0.067,1,online,26.27,0,1
3365,46,53200.0,2,0.19,1312,in_store,27.79,25,1
1144,33,39900.0,0,0.0,118,in_store,28.42,0,1
398,43,65100.0,0,0.0,33,in_store,39.2,0,1
2922,43,64200.0,4,0.031,320,online,50.82,15,0
4312,40,33400.0,1,0.0,445,in_store,40.37,20,1
3037,42,44800.0,3,0.136,297,in_store,32.47,0,0
1399,47,34900.0,1,0.122,1,in_store,44.23,20,1
1660,42,19600.0,2,0.212,1,in_store,39.66,0,0
980,45,27900.0,1,0.032,5,online,24.56,0,1
1299,26,50300.0,1,0.197,99,in_store,35.41,30,1
3419,42,62200.0,2,0.047,52,in_store,33.76,15,0
83,36,44100.0,3,0.212,449,online,39.88,0,1
3709,38,36800.0,4,0.185,129,online,30.31,0,0
2474,47,40800.0,2,0.279,106,online,21.13,30,1
3758,25,53100.0,1,0.022,1,online,45.47,0,0
3800,39,39500.0,3,0.135,272,online,38.03,0,0
2304,35,40100.0,2,0.039,233,in_store,36.07,10,0
424,22,32200.0,2,0.063,1,in_store,17.02,0,1
4350,46,40400.0,2,0.0,305,online,28.06,0,0
1905,47,37800.0,2,0.0,179,in_store,40.57,0,0
4625,62,59300.0,6,0.239,323,online,48.66,30,0
4120,31,26800.0,3,0.095,122,online,37.38,0,1
4317,47,42300.0,1,0.132,1,in_store,40.26,0,0
1566,32,48700.0,3,0.046,899,in_store,48.6,5,0
3371,37,50100.0,3,0.089,524,in_store,47.24,25,1
840,36,21200.0,0,0.05,1,in_store,42.98,0,1
501,56,49200.0,5,0.103,167,online,11.03,0,0
142,28,15000.0,1,0.211,1,online,26.21,20,1
1378,42,57100.0,3,0.0,242,in_store,46.32,10,0
4016,39,41700.0,1,0.0,135,in_store,29.43,15,1
3260,36,46700.0,3,0.011,283,in_store,32.97,25,0
1139,39,42700.0,1,0.03,128,online,35.76,0,0
3097,56,53400.0,4,0.089,363,in_store,45.5,20,0
1788,21,22400.0,1,0.174,1,in_store,29.3,0,0
2582,52,67900.0,4,0.082,777,online,52.24,0,1
551,45,59700.0,2,0.224,445,online,45.92,0,1
3115,43,58400.0,0,0.139,267,in_store,40.59,0,0
2020,46,51000.0,3,0.104,240,in_store,36.24,10,1
949,45,64600.0,3,0.16,198,online,45.24,20,0
2276,18,21200.0,2,0.031,349,online,29.83,0,0
533,35,41200.0,2,0.128,263,in_store,33.24,0,0
1830,37,22600.0,1,0.037,1,online,33.67,10,0
2933,54,68700.0,2,0.137,208,online,48.47,25,1
4429,38,26600.0,2,0.14,1,in_store,32.89,0,1
3890,31,30400.0,1,0.067,1,online,35.6,0,1
1603,55,65500.0,2,0.149,480,in_store,61.31,25,0
640,46,58400.0,1,0.089,347,online,44.54,5,0
4843,22,15000.0,0,0.123,585,in_store,30.81,0,1
968,31,37800.0,1,0.127,325,in_store,29.96,30,1
4248,46,47200.0,1,0.117,448,in_store,41.46,20,1
2641,47,45000.0,2,0.097,23,in_store,29.24,0,0
1684,55,49900.0,3,0.196,55,in_store,44.3,0,0
4481,43,43500.0,1,0.045,1,in_store,42.06,0,1
2358,44,42800.0,1,0.0,427,in_store,35.49,0,1
156,61,47000.0,6,0.254,416,online,44.43,10,1
2630,39,40200.0,1,0.0,352,in_store,52.34,20,0
4160,45,68100.0,2,0.141,1,online,52.38,5,1
1090,37,33000.0,2,0.18,120,in_store,33.47,0,1
3821,52,65000.0,0,0.091,229,online,59.24,20,0
4251,37,61600.0,3,0.2,308,in_store,45.06,0,1
289,36,45400.0,2,0.248,282,in_store,43.71,30,1
931,40,53300.0,2,0.09,719,in_store,40.75,0,0
2551,20,35500.0,1,0.0,399,online,29.62,25,0
2278,63,57700.0,3,0.163,202,online,51.92,15,0
3387,40,48200.0,2,0.196,187,in_store,25.16,10,0
2699,45,41500.0,2,0.114,168,in_store,35.38,15,1
3894,27,47000.0,3,0.284,1,in_store,35.29,20,0
943,46,59500.0,3,0.148,301,in_store,35.19,0,1
3878,44,28000.0,0,0.215,23,in_store,37.85,10,1
4673,47,50200.0,2,0.084,1,online,35.16,0,0
1699,19,25800.0,1,0.089,126,online,30.34,15,0
4719,43,54400.0,4,0.122,1,online,43.02,0,1
3197,24,36700.0,3,0.0,273,in_store,32.16,0,0
2522,61,65800.0,5,0.22,567,in_store,49.55,0,0
2827,62,70900.0,8,0.202,552,in_store,45.86,10,0
986,48,59500.0,3,0.008,44,online,36.45,20,1
2788,39,53700.0,3,0.082,394,in_store,51.38,10,1
3083,43,65900.0,3,0.211,162,in_store,42.15,0,1
2584,44,21400.0,2,0.082,790,in_store,26.47,0,0
4788,40,48400.0,3,0.06,288,online,18.15,5,0
982,22,55300.0,1,0.017,1,in_store,39.39,20,1
2750,49,34200.0,2,0.13,419,in_store,34.42,0,1
2446,71,83400.0,4,0.14,356,online,44.58,25,1
4698,39,59100.0,3,0.171,309,in_store,39.76,10,1
2958,41,51100.0,6,0.145,1080,in_store,56.71,25,1
3544,45,63100.0,1,0.0,67,in_store,36.02,15,1
4708,36,39500.0,4,0.162,296,online,38.66,5,0
1458,41,50100.0,1,0.112,138,online,48.73,10,0
1396,62,57000.0,4,0.051,51,in_store,38.98,0,1
265,46,34800.0,3,0.132,473,online,24.61,0,0
3683,42,67800.0,2,0.192,1,in_store,33.33,0,0
930,41,48700.0,2,0.145,184,in_store,36.91,30,1
3076,30,25400.0,1,0.105,41,in_store,21.66,0,0
2708,18,15000.0,1,0.092,2,online,21.85,0,1
247,27,84900.0,2,0.071,164,online,52.6,15,0
3608,58,37900.0,6,0.095,733,in_store,34.82,5,0
1759,28,63000.0,1,0.17,122,in_store,40.17,0,0
4915,54,61700.0,4,0.161,448,online,44.59,15,1
2826,39,44600.0,4,0.094,398,in_store,36.26,0,1
924,33,22400.0,1,0.116,318,in_store,24.33,0,0
3096,26,26000.0,2,0.083,1,online,40.21,0,0
269,41,57200.0,1,0.153,1,online,36.93,5,1
670,18,37800.0,1,0.085,223,online,28.63,0,0
2751,45,38600.0,4,0.206,33,online,30.98,10,1
1911,31,48600.0,3,0.128,1,online,51.12,20,1
3001,55,60900.0,2,0.091,57,in_store,54.02,0,1
1153,43,29800.0,1,0.016,248,in_store,40.57,0,0
4828,37,41400.0,2,0.218,569,in_store,36.34,0,0
3471,21,38200.0,0,0.0,641,online,21.19,0,1
4252,35,33400.0,0,0.048,1,online,36.96,0,0
3896,21,51100.0,0,0.015,309,online,45.3,15,0
2188,34,51900.0,2,0.049,357,in_store,26.57,20,0
2998,68,45200.0,6,0.167,269,online,32.5,10,1
1916,18,17400.0,1,0.0,382,online,9.6,0,1
613,23,23300.0,2,0.193,119,in_store,21.53,30,1
3751,37,15900.0,0,0.132,374,in_store,29.97,0,1
4604,47,51900.0,3,0.0,25,in_store,40.37,0,1
1899,35,26400.0,1,0.0,27,in_store,36.65,5,0
1650,32,15000.0,1,0.0,116,in_store,25.38,0,1
3169,29,17300.0,2,0.271,306,in_store,21.32,25,1
259,38,21700.0,1,0.042,86,in_store,35.1,20,1
848,50,74100.0,5,0.236,343,in_store,47.12,5,1
4373,26,31700.0,1,0.0,105,online,26.45,0,0
1234,41,73200.0,4,0.066,186,in_store,51.48,15,0
1128,39,52100.0,4,0.177,598,in_store,29.68,0,0
1968,39,26100.0,1,0.275,1,in_store,39.26,0,1
559,25,26200.0,0,0.041,1,in_store,36.55,25,0
4778,24,43500.0,1,0.213,359,in_store,43.87,20,1
485,39,56800.0,2,0.065,382,in_store,46.07,0,1
1321,31,18500.0,1,0.14,123,online,23.57,25,1
2760,50,23400.0,2,0.308,1,in_store,44.5,0,0
8,36,49000.0,6,0.241,611,online,42.97,10,1
3460,49,57500.0,2,0.01,279,online,45.52,0,1
3205,45,68100.0,5,0.141,834,in_store,44.93,0,1
1451,36,54600.0,0,0.122,1,in_store,28.21,0,1
3999,32,61400.0,1,0.007,146,in_store,51.68,0,1
1815,42,50500.0,0,0.158,1,in_store,48.29,0,0
774,56,73300.0,4,0.063,594,online,51.59,15,1
1012,57,67900.0,7,0.246,411,in_store,34.87,0,1
2834,28,45300.0,5,0.098,459,in_store,30.98,10,0
2464,26,23600.0,2,0.091,1,in_store,24.72,5,0
1992,47,55400.0,3,0.18,577,online,36.82,0,1
1278,59,83400.0,4,0.284,481,in_store,44.2,10,1
1784,28,60000.0,1,0.067,330,in_store,36.62,0,0
4066,45,62700.0,3,0.126,438,in_store,37.01,15,1
447,53,30500.0,3,0.134,310,in_store,40.81,10,0
881,43,64500.0,2,0.164,445,online,50.96,15,0
4470,30,15000.0,1,0.07,303,online,15.55,20,0
782,39,21600.0,2,0.12,850,online,46.16,0,0
1750,51,47600.0,4,0.09,676,online,30.83,20,1
3404,53,64000.0,4,0.0,583,in_store,61.87,5,0
4892,22,37000.0,2,0.288,403,online,33.36,5,0
884,26,34700.0,1,0.149,544,in_store,42.69,0,1
2945,38,41900.0,1,0.194,116,online,25.47,0,1
1092,40,26100.0,2,0.217,196,online,45.17,0,1
4672,35,16400.0,0,0.057,104,online,23.2,0,0
532,29,46900.0,2,0.0,321,online,29.96,20,0
4041,41,54500.0,1,0.149,1,in_store,44.43,0,1
3340,20,53900.0,2,0.046,734,in_store,37.13,0,0
4590,34,48800.0,1,0.0,293,in_store,32.7,15,0
1728,34,38000.0,0,0.117,3,in_store,39.51,10,1
611,28,50800.0,1,0.194,244,in_store,38.59,15,1
571,23,46500.0,3,0.114,297,online,43.52,20,0
2687,19,34400.0,1,0.0,73,in_store,31.33,0,1
3044,34,15000.0,0,0.0,170,in_store,23.41,20,0
344,45,18600.0,1,0.054,375,online,25.16,0,0
3016,33,57800.0,2,0.164,317,online,48.91,20,0
3155,33,45700.0,1,0.088,464,online,23.79,0,0
435,51,39000.0,1,0.11,87,online,42.09,0,0
1904,38,51000.0,1,0.0,279,online,35.43,20,1
3823,39,40500.0,1,0.109,1,online,32.06,20,1
2790,35,36600.0,2,0.051,683,in_store,22.1,0,0
2070,38,50200.0,3,0.25,149,in_store,33.94,0,1
1538,20,15000.0,1,0.167,875,in_store,43.87,0,0
2268,37,52500.0,0,0.004,1,online,44.73,10,0
2362,28,30900.0,2,0.304,238,in_store,18.77,5,0
1518,56,43400.0,3,0.0,464,online,28.61,0,0
966,24,52500.0,4,0.156,142,online,48.02,0,0
4417,55,53000.0,3,0.006,569,online,37.02,15,0
529,43,44100.0,2,0.0,22,in_store,48.46,0,1
177,59,90400.0,4,0.242,431,in_store,47.48,0,1
4595,49,45600.0,2,0.0,671,online,30.53,0,1
4109,58,60600.0,3,0.138,548,in_store,26.37,0,1
4308,65,60600.0,3,0.169,343,online,24.83,15,1
573,43,24000.0,2,0.07,35,in_store,20.13,20,0
2315,46,42400.0,5,0.159,710,in_store,46.7,30,1
3525,29,61000.0,3,0.027,118,in_store,53.97,0,1
2940,31,50600.0,3,0.151,882,in_store,51.65,0,0
3227,29,46300.0,0,0.126,28,online,33.14,0,1
4328,46,54900.0,1,0.02,167,in_store,31.67,30,1
2209,47,39900.0,3,0.192,355,in_store,33.64,0,0
2581,28,53300.0,5,0.103,67,online,52.53,25,0
2771,52,72200.0,3,0.0,368,online,43.38,0,0
384,25,40600.0,1,0.116,1,in_store,35.27,0,1
853,51,62800.0,2,0.0,1,in_store,53.33,0,1
1881,49,26100.0,0,0.125,281,online,19.93,0,0
371,40,56700.0,0,0.053,164,online,33.13,0,1
4338,34,28000.0,1,0.0,161,online,30.9,20,1
4334,52,46700.0,5,0.219,561,in_store,43.91,5,1
1106,48,53600.0,1,0.065,542,online,46.0,25,0
2587,41,56800.0,2,0.095,213,in_store,37.06,15,0
3965,37,71600.0,4,0.158,723,in_store,31.35,0,0
1337,46,55300.0,2,0.17,1,online,33.52,20,1
2190,47,45400.0,3,0.0,241,in_store,30.1,20,0
4605,39,59000.0,1,0.097,488,in_store,32.61,20,1
2673,34,56700.0,2,0.0,149,online,33.32,5,0
3618,32,15000.0,3,0.04,434,online,26.71,0,1
2946,43,25800.0,1,0.017,1031,online,44.53,10,0
4859,34,29700.0,1,0.147,189,in_store,36.74,0,1
1172,18,15000.0,3,0.051,134,online,37.36,0,1
3993,36,35900.0,0,0.0,581,in_store,44.26,5,0
4279,35,16600.0,1,0.055,1,online,13.72,0,1
1423,45,15000.0,4,0.198,626,in_store,22.57,0,0
3208,44,49300.0,4,0.172,138,in_store,32.67,15,1
4128,36,42100.0,5,0.033,354,in_store,42.84,25,1
4363,36,87000.0,2,0.101,1,in_store,62.13,20,0
1465,52,55000.0,6,0.202,443,in_store,46.4,5,0
875,18,15000.0,1,0.059,1,in_store,22.86,0,1
2340,50,36900.0,1,0.053,125,online,39.92,15,0
4351,38,67800.0,3,0.0,90,in_store,32.57,10,0
1252,58,68800.0,4,0.247,1,in_store,49.74,10,0
4970,44,63800.0,3,0.187,224,in_store,54.23,0,1
841,63,52800.0,5,0.159,492,online,35.58,0,0
3085,34,38200.0,2,0.0,373,in_store,30.13,0,1
582,26,43000.0,3,0.063,671,in_store,40.78,10,1
205,18,45400.0,1,0.079,483,online,27.49,0,1
1642,46,46000.0,4,0.01,280,in_store,41.21,15,1
2015,59,61000.0,2,0.066,926,online,43.8,0,1
906,65,59300.0,3,0.139,205,online,45.6,10,1
632,71,89900.0,3,0.017,163,in_store,54.16,20,0
4794,39,17900.0,1,0.047,220,online,26.64,15,0
1975,24,55900.0,2,0.0,293,online,36.1,0,0
163,66,87800.0,3,0.099,347,in_store,38.96,20,1
3188,31,23100.0,1,0.027,290,online,29.6,0,0
2880,45,60300.0,3,0.126,367,in_store,41.47,0,0
4506,59,72700.0,4,0.0,545,in_store,36.06,15,1
618,43,46000.0,3,0.052,47,online,65.79,0,1
4087,30,29700.0,1,0.15,376,in_store,31.8,0,0
1432,29,40700.0,1,0.013,191,online,35.67,0,1
548,28,51800.0,2,0.0,513,in_store,37.19,0,0
3350,29,16300.0,0,0.014,1,in_store,28.66,0,1
4557,44,38000.0,3,0.141,1,in_store,32.32,0,0
4233,28,66600.0,1,0.0,1,in_store,46.66,15,0
2403,43,25300.0,3,0.058,367,online,36.08,0,0
2681,55,51600.0,4,0.028,459,online,52.16,0,0
2493,49,32800.0,4,0.05,730,online,41.46,30,1
4084,36,70700.0,1,0.0,123,in_store,40.87,10,0
1862,27,16900.0,0,0.044,393,online,31.47,0,1
641,22,26600.0,2,0.15,429,in_store,22.92,0,1
3003,64,80400.0,2,0.109,1,online,48.35,25,1
638,27,53600.0,1,0.0,201,online,44.81,20,0
4121,32,45800.0,2,0.168,146,in_store,30.42,0,1
3929,23,29100.0,1,0.0,1,in_store,32.36,0,0
3002,48,69500.0,1,0.158,1,in_store,34.62,30,0
2097,50,32800.0,2,0.0,399,in_store,32.03,25,1
3911,56,68300.0,1,0.0,156,in_store,60.99,30,0
4032,34,77300.0,0,0.144,438,online,51.6,15,1
3693,18,27600.0,0,0.0,88,in_store,20.03,0,0
2857,39,47300.0,1,0.0,167,in_store,42.73,0,0
922,30,64000.0,1,0.127,537,in_store,57.23,0,0
547,42,72500.0,3,0.001,484,in_store,41.6,10,0
3685,27,70500.0,1,0.0,1,in_store,60.92,0,0
1901,33,24500.0,1,0.083,181,online,16.91,0,1
2029,42,42900.0,3,0.144,263,online,53.46,0,0
2302,29,28700.0,3,0.219,343,online,19.86,0,0
1886,43,49900.0,3,0.09,532,in_store,46.31,0,0
1643,18,21500.0,1,0.006,1,in_store,23.15,0,1
3526,59,53800.0,3,0.0,122,in_store,45.63,10,1
4820,23,17400.0,2,0.034,82,in_store,23.75,25,0
2098,30,37700.0,1,0.04,1,in_store,41.09,0,1
4368,38,64000.0,3,0.096,207,online,34.4,20,1
4663,47,46200.0,2,0.105,544,in_store,46.17,0,1
4505,32,39600.0,3,0.0,243,in_store,49.5,0,0
4978,47,40200.0,2,0.014,1,in_store,32.11,30,0
837,36,56500.0,1,0.05,162,in_store,34.08,15,0
602,33,60600.0,2,0.2,420,online,47.29,0,1
2185,19,33800.0,0,0.031,43,in_store,44.03,0,0
3884,55,79500.0,1,0.153,150,in_store,48.18,20,0
2805,30,17900.0,3,0.061,148,online,33.12,5,1
4318,33,31900.0,2,0.115,407,in_store,32.6,10,0
1583,47,52700.0,1,0.0,345,in_store,49.28,20,1
4726,54,28800.0,4,0.168,390,in_store,37.49,20,1
3319,54,85400.0,8,0.126,430,in_store,43.86,25,0
3978,37,46400.0,3,0.172,510,online,47.28,20,0
1071,38,27700.0,2,0.138,337,in_store,32.55,10,1
1776,44,64400.0,6,0.065,531,online,43.11,0,1
4819,47,46200.0,2,0.194,329,in_store,48.84,15,0
1284,50,35100.0,3,0.054,376,online,27.29,30,0
3066,40,35900.0,1,0.105,212,in_store,45.92,0,1
4764,59,75200.0,2,0.075,109,online,45.89,10,1
1837,43,52700.0,2,0.126,184,online,45.93,0,1
4253,46,59000.0,3,0.077,130,online,42.78,0,1
1020,47,47800.0,1,0.069,1,in_store,35.48,0,1
3221,57,38500.0,4,0.042,432,online,40.24,0,1
1327,44,46400.0,1,0.0,510,online,36.35,0,0
476,36,26700.0,3,0.073,449,online,32.52,15,1
3464,23,29700.0,1,0.136,268,online,22.39,25,1
1652,55,48800.0,2,0.117,578,in_store,40.18,0,0
4017,58,51900.0,4,0.048,558,in_store,45.14,0,1
4296,45,54100.0,0,0.151,154,in_store,50.07,15,1
4190,65,76000.0,0,0.0,1,online,46.53,20,1
4671,18,15000.0,0,0.0,1,in_store,29.57,0,0
2599,18,24100.0,1,0.0,248,online,34.1,0,1
1374,21,34000.0,2,0.0,308,in_store,43.37,0,0
740,18,47000.0,1,0.029,193,online,37.18,0,0
4408,43,24000.0,0,0.0,345,in_store,29.91,10,1
4693,43,56800.0,3,0.0,259,online,43.7,25,1
868,35,61800.0,3,0.298,588,in_store,29.0,10,1
1141,61,85200.0,2,0.181,119,online,65.74,20,0
998,41,70300.0,0,0.045,512,in_store,45.75,15,0
1338,48,30600.0,3,0.104,635,in_store,29.49,0,1
542,30,44000.0,1,0.101,519,online,22.74,10,0
1100,55,55200.0,3,0.173,705,online,26.45,5,0
1133,32,53200.0,2,0.138,97,in_store,37.03,0,0
4083,41,45400.0,1,0.094,91,in_store,49.26,0,1
4130,28,51300.0,0,0.069,1,online,34.39,0,1
2259,53,75400.0,1,0.095,44,in_store,49.88,0,0
4006,36,83500.0,6,0.009,295,in_store,42.23,0,1
60,52,54300.0,2,0.2,779,online,32.9,20,1
4204,65,90000.0,3,0.074,335,in_store,60.75,0,1
1939,32,36900.0,3,0.101,317,online,34.98,20,1
2592,66,80800.0,7,0.252,773,in_store,45.46,10,1
4947,57,25300.0,4,0.135,132,online,38.43,10,1
1079,33,71300.0,3,0.0,216,online,48.09,15,1
3380,37,72100.0,5,0.038,313,in_store,44.12,0,1
3143,37,50500.0,1,0.0,484,in_store,38.29,0,0
2504,46,48800.0,0,0.0,1,in_store,39.48,0,0
941,43,19900.0,2,0.237,327,online,21.87,25,1
1081,43,35300.0,1,0.013,607,in_store,34.27,20,0
188,25,34900.0,3,0.039,566,online,12.01,0,1
2650,69,37400.0,1,0.105,22,in_store,42.7,0,0
2086,49,50400.0,0,0.07,323,online,48.35,0,1
2250,54,47700.0,1,0.117,1,in_store,44.85,20,0
4901,18,15000.0,0,0.034,45,in_store,16.86,10,0
2024,39,56200.0,1,0.061,578,in_store,44.36,0,1
2698,42,64500.0,2,0.057,308,in_store,61.69,15,1
4067,30,52000.0,4,0.212,600,in_store,27.8,25,1
3625,39,28200.0,4,0.106,864,in_store,31.29,0,1
227,70,67100.0,3,0.066,386,in_store,46.21,0,0
3320,49,59600.0,3,0.123,403,online,62.34,0,1
1930,49,54800.0,3,0.094,72,in_store,43.16,0,0
3936,43,63300.0,2,0.244,1,in_store,44.47,25,1
4787,24,37700.0,2,0.074,1,in_store,38.16,0,1
1405,33,45400.0,4,0.098,485,online,46.05,20,1
2180,36,43700.0,0,0.045,459,online,41.83,25,0
698,28,31000.0,6,0.249,616,online,26.76,15,1
1125,38,39700.0,4,0.229,541,in_store,39.46,0,1
2811,32,46900.0,5,0.122,914,online,40.67,5,1
2935,31,55500.0,2,0.026,84,in_store,44.79,25,1
1779,27,17800.0,1,0.13,564,in_store,36.89,0,1
2874,18,21600.0,0,0.088,70,in_store,28.61,0,1
1038,33,48700.0,2,0.131,360,online,38.82,0,1
4185,40,33800.0,2,0.103,738,in_store,29.64,20,0
2257,44,73300.0,0,0.001,368,in_store,58.7,25,1
314,45,46200.0,1,0.136,167,in_store,25.37,15,1
2282,40,38700.0,3,0.087,237,in_store,40.39,0,0
1417,67,84700.0,5,0.146,412,in_store,63.58,0,1
1037,52,49300.0,1,0.139,194,online,27.17,10,0
2160,31,20300.0,3,0.0,326,in_store,21.56,0,1
4173,41,49200.0,1,0.091,555,online,23.39,20,0
1755,53,53500.0,2,0.055,612,in_store,27.72,25,0
3128,45,68700.0,5,0.227,162,in_store,49.79,25,0
3635,38,34200.0,0,0.0,108,online,42.74,10,1
4975,35,39700.0,3,0.096,1,online,41.61,20,0
4531,51,56600.0,3,0.05,231,online,50.26,0,1
3361,39,32300.0,5,0.258,490,online,36.91,15,0
4751,50,48500.0,3,0.253,1,in_store,21.05,15,0
1507,18,21600.0,0,0.177,1,online,21.49,0,0
1924,54,70900.0,3,0.0,215,in_store,52.19,10,1
449,53,73900.0,2,0.108,398,online,40.76,0,1
2459,18,20300.0,1,0.086,494,online,24.01,0,1
2544,49,42900.0,2,0.047,302,online,40.79,15,1
4980,31,23500.0,3,0.125,1,online,27.26,30,1
4574,45,41800.0,0,0.045,117,in_store,44.79,15,1
362,45,51000.0,2,0.002,399,in_store,40.0,0,0
2184,28,40800.0,2,0.075,711,online,24.3,0,0
1135,38,55000.0,3,0.114,744,online,45.14,0,1
3899,32,38100.0,1,0.0,427,online,35.7,0,0
2156,47,63100.0,0,0.0,427,online,31.58,10,1
1831,49,48200.0,2,0.018,662,in_store,43.38,0,1
1054,69,95500.0,3,0.209,585,in_store,61.17,25,1
23,55,49900.0,4,0.07,466,online,45.89,15,1
2067,52,67800.0,2,0.0,1,online,48.61,10,1
1654,35,25500.0,1,0.178,885,online,21.76,0,0
2603,39,57500.0,4,0.079,217,in_store,42.8,10,0
3226,33,34200.0,1,0.154,219,online,44.45,30,0
2813,35,27300.0,0,0.11,1,in_store,21.66,0,1
4055,47,57100.0,4,0.103,645,in_store,49.7,15,0
2326,46,70400.0,3,0.144,749,online,56.27,0,0
461,44,56600.0,2,0.0,509,in_store,54.7,0,1
1068,45,59700.0,0,0.0,507,online,43.55,20,1
88,40,34400.0,4,0.128,365,in_store,34.23,20,1
1431,37,29700.0,1,0.227,268,online,39.29,30,1
2663,36,33300.0,2,0.156,341,online,37.86,0,1
283,51,38200.0,2,0.068,279,online,34.79,0,1
463,21,16200.0,1,0.102,628,online,33.89,0,1
213,40,37200.0,5,0.06,342,online,31.38,20,0
2634,40,38200.0,1,0.053,191,online,30.78,5,0
1369,55,41800.0,2,0.001,225,in_store,41.76,0,0
235,31,29700.0,4,0.149,578,in_store,35.44,0,1
3552,26,39300.0,1,0.172,545,online,33.39,0,1
598,50,41700.0,1,0.12,339,in_store,36.04,0,0
4431,39,31600.0,2,0.074,297,online,24.44,0,0
2251,28,22500.0,1,0.118,39,online,37.86,0,1
4050,41,35100.0,1,0.096,74,online,30.66,0,0
2284,43,48100.0,3,0.095,352,in_store,37.84,30,0
663,29,33700.0,2,0.047,320,in_store,31.57,5,0
4974,18,15000.0,0,0.099,1,in_store,24.49,0,0
2286,44,56400.0,4,0.025,408,in_store,49.43,0,1
4727,36,40200.0,4,0.183,454,in_store,38.3,25,1
3209,52,40100.0,4,0.199,522,in_store,26.9,0,1
2519,47,56800.0,1,0.0,280,online,57.5,0,0
3448,52,64700.0,3,0.111,396,in_store,42.29,25,1
780,24,25200.0,0,0.024,90,online,24.86,0,0
4211,40,44700.0,3,0.151,772,in_store,48.92,25,0
3442,41,66100.0,2,0.0,184,online,44.51,0,1
4874,26,28300.0,1,0.129,259,online,9.59,0,0
4469,69,54400.0,2,0.075,1,in_store,36.95,10,0
4846,50,63600.0,2,0.081,343,online,31.88,15,0
686,34,15200.0,0,0.067,314,in_store,30.74,0,0
3185,48,49100.0,3,0.043,583,in_store,38.86,15,1
4254,18,40100.0,2,0.056,779,in_store,25.21,0,1
4122,49,22100.0,1,0.087,413,in_store,28.43,0,1
2172,27,35100.0,2,0.078,198,online,24.71,5,1
3556,37,27800.0,1,0.078,507,in_store,44.04,10,1
1851,32,58300.0,3,0.056,424,online,53.4,15,0
488,45,38300.0,0,0.0,292,online,54.47,0,0
1689,38,66400.0,2,0.385,161,in_store,58.54,25,1
2231,46,44500.0,5,0.017,456,in_store,22.02,0,1
3280,35,48000.0,1,0.163,322,online,37.91,15,0
2321,45,15000.0,2,0.209,568,online,19.5,10,1
783,62,43000.0,2,0.125,108,in_store,45.54,20,1
522,29,47300.0,2,0.227,115,in_store,40.63,0,0
523,56,44500.0,0,0.19,142,in_store,42.08,0,1
3600,57,53000.0,2,0.05,488,online,38.56,0,1
3971,21,36900.0,0,0.0,383,online,29.56,15,0
2399,32,28300.0,2,0.091,1,in_store,30.81,0,0
2208,45,60400.0,2,0.076,525,in_store,37.59,0,1
3494,43,57800.0,4,0.184,113,in_store,38.91,0,1
3569,46,35100.0,4,0.132,253,in_store,31.64,10,0
3756,34,34000.0,2,0.04,162,online,32.89,0,0
2838,43,66300.0,2,0.037,313,in_store,46.4,0,1
1512,47,40000.0,3,0.174,338,online,30.67,0,0
1883,35,53800.0,1,0.098,212,in_store,36.45,30,1
652,38,22500.0,0,0.139,296,online,15.46,0,0
2802,52,68400.0,2,0.101,93,in_store,53.36,0,1
3406,25,46100.0,2,0.144,360,online,36.48,15,0
370,50,79100.0,4,0.113,341,online,44.73,10,1
2655,40,54900.0,3,0.038,755,in_store,33.61,25,1
119,59,48100.0,2,0.052,1,in_store,34.05,0,0
4014,61,69900.0,4,0.106,85,online,39.56,15,0
3050,57,72300.0,3,0.124,287,online,59.76,20,1
2217,40,21900.0,0,0.023,37,online,28.38,25,1
3559,47,48400.0,2,0.006,460,online,47.7,0,1
1614,41,47100.0,2,0.068,281,online,43.9,0,0
4257,19,29800.0,2,0.096,493,online,27.42,0,1
963,28,60900.0,2,0.116,293,online,44.55,0,0
2511,33,55100.0,2,0.0,547,in_store,43.81,0,0
3564,38,47200.0,1,0.0,101,online,36.36,0,1
4652,52,78100.0,2,0.089,477,online,48.08,20,1
3461,41,38100.0,0,0.124,76,in_store,26.17,0,0
3048,46,34900.0,6,0.153,1010,in_store,30.77,15,1
2416,56,36800.0,3,0.159,212,in_store,35.83,25,1
4665,70,58200.0,4,0.039,1,in_store,50.87,0,0
4247,43,44000.0,2,0.062,728,in_store,40.82,0,1
2186,40,54400.0,2,0.094,372,online,55.36,0,0
2837,47,30600.0,1,0.106,585,online,35.85,15,0
2038,52,41500.0,4,0.087,862,in_store,31.29,20,1
4272,27,33400.0,1,0.133,361,in_store,33.33,0,0
773,43,46700.0,4,0.182,328,in_store,45.84,0,1
1285,41,50300.0,3,0.03,547,in_store,44.18,0,1
4614,32,63300.0,2,0.052,294,in_store,62.03,0,0
4747,49,27200.0,1,0.206,486,online,32.66,0,0
1415,56,32600.0,2,0.0,412,in_store,22.22,0,0
1235,44,45900.0,1,0.127,379,online,37.61,0,1
2715,38,33200.0,1,0.036,212,in_store,25.68,0,0
436,33,30400.0,1,0.27,256,in_store,41.07,0,0
1675,37,73200.0,4,0.188,875,in_store,54.55,25,1
366,58,87900.0,4,0.141,617,in_store,54.03,25,1
2665,35,33800.0,2,0.082,1,in_store,35.42,0,1
232,33,16700.0,2,0.0,1,online,8.7,0,0
4278,37,28800.0,1,0.201,516,in_store,21.62,0,0
4060,39,54300.0,3,0.092,601,in_store,42.68,0,0
4410,20,15000.0,0,0.038,1,online,28.9,0,0
408,50,52900.0,2,0.134,44,in_store,41.77,0,0
2091,42,31100.0,2,0.133,317,online,25.94,20,0
87,34,26600.0,0,0.102,204,online,39.89,20,0
845,42,68400.0,4,0.033,221,online,42.11,10,0
1032,42,71100.0,3,0.17,1,online,36.26,30,1
2647,60,26400.0,2,0.259,67,in_store,26.46,20,1
4078,34,33400.0,4,0.241,679,in_store,30.06,30,0
4289,38,55500.0,3,0.155,219,online,33.7,0,1
3245,46,51900.0,5,0.205,461,in_store,37.95,0,1
2674,46,40500.0,1,0.25,152,online,25.99,25,1
856,40,41300.0,3,0.059,583,online,39.99,15,0
79,48,63700.0,2,0.0,345,in_store,63.15,20,1
2248,31,45500.0,4,0.113,360,in_store,44.75,0,0
4581,36,26900.0,1,0.088,331,in_store,18.74,0,1
3675,24,32400.0,1,0.13,1,in_store,27.27,15,0
2928,43,35800.0,1,0.0,1,in_store,57.57,0,0
2925,32,34500.0,3,0.149,289,in_store,34.78,10,0
2280,18,47300.0,2,0.0,413,in_store,26.56,15,1
4951,54,52700.0,3,0.0,309,in_store,37.14,0,1
4169,39,61700.0,1,0.023,852,online,36.4,20,0
3889,37,69700.0,3,0.221,533,in_store,45.88,0,0
3444,36,46600.0,0,0.0,371,online,41.15,25,1
2177,46,56300.0,1,0.0,467,in_store,40.08,15,1
425,29,48400.0,1,0.01,705,in_store,35.4,0,0
393,34,16900.0,1,0.3,499,in_store,33.56,0,0
4805,34,46400.0,3,0.202,1,in_store,41.83,0,1
3650,41,42100.0,5,0.097,693,online,55.5,20,0
105,29,38200.0,2,0.167,580,in_store,22.55,0,1
3921,44,56700.0,3,0.117,331,online,37.27,0,1
3152,29,35000.0,2,0.024,441,online,45.92,0,1
1949,30,59100.0,4,0.17,604,in_store,60.74,10,0
1460,44,61800.0,5,0.134,753,in_store,45.15,20,1
3897,24,47600.0,2,0.0,74,online,35.33,0,0
2819,49,58700.0,3,0.142,653,in_store,55.07,15,1
2722,55,58500.0,2,0.153,233,in_store,52.64,15,0
4800,35,23200.0,1,0.075,1,in_store,25.03,20,1
1588,51,57400.0,0,0.112,53,in_store,41.76,20,0
4223,79,75800.0,3,0.29,633,in_store,39.71,25,1
1732,40,43900.0,3,0.157,105,online,38.06,0,0
4775,37,40000.0,2,0.199,574,in_store,27.89,0,0
3732,48,50700.0,5,0.269,318,in_store,49.26,0,0
3700,25,15000.0,1,0.0,1,in_store,26.96,0,1
1792,40,39800.0,2,0.215,137,in_store,34.54,20,0
2356,18,15000.0,0,0.05,591,online,22.63,10,0
1941,25,22400.0,0,0.049,493,in_store,37.6,20,0
703,28,46000.0,4,0.04,133,online,40.63,30,1
2443,28,44900.0,3,0.003,1,in_store,38.2,0,1
2830,70,59900.0,2,0.0,554,online,36.59,0,0
497,18,21000.0,1,0.1,1,in_store,27.77,0,0
465,27,21700.0,1,0.035,311,online,26.5,0,0
2703,50,16100.0,1,0.103,268,in_store,29.66,10,0
4344,34,31300.0,1,0.082,306,online,43.28,20,1
173,35,35400.0,1,0.0,1,online,30.13,10,1
4096,19,15000.0,0,0.0,304,in_store,31.1,0,1
4807,64,56400.0,1,0.279,225,in_store,38.01,20,0
2541,46,35000.0,2,0.058,529,online,41.11,20,1
3278,18,25300.0,0,0.0,317,in_store,18.18,0,0
4210,36,36000.0,2,0.178,598,in_store,44.45,15,1
2261,18,31100.0,2,0.09,1,in_store,34.42,0,0
2113,51,70600.0,3,0.016,251,online,49.28,20,1
901,45,49700.0,2,0.127,656,in_store,33.99,20,1
1447,68,89300.0,6,0.347,629,in_store,62.18,30,1
3592,56,44200.0,5,0.193,733,in_store,31.48,20,1
742,54,72200.0,2,0.217,170,in_store,49.37,5,1
2294,35,47700.0,1,0.319,706,online,55.77,15,1
2453,46,61100.0,2,0.184,1082,in_store,40.59,0,0
2843,47,47400.0,4,0.092,18,online,32.06,0,0
4097,47,46300.0,4,0.18,637,in_store,41.44,5,1
1207,31,60300.0,3,0.228,370,online,50.69,20,0
510,46,56000.0,3,0.074,1,online,37.83,20,1
3290,28,44000.0,4,0.194,274,in_store,32.31,0,0
2818,49,36200.0,1,0.096,76,online,37.52,0,0
3367,40,36900.0,2,0.0,352,in_store,34.4,20,1
1550,45,34500.0,1,0.0,416,in_store,22.31,0,0
3283,33,34900.0,4,0.058,214,in_store,37.0,5,1
2203,41,54200.0,2,0.162,755,in_store,44.1,0,0
2567,42,37000.0,2,0.21,350,in_store,37.22,15,1
2695,57,69600.0,2,0.053,1,in_store,53.16,20,1
2045,23,27100.0,1,0.0,350,in_store,29.42,0,0
768,33,65300.0,2,0.125,323,online,48.34,0,0
4883,32,30200.0,1,0.102,242,in_store,33.76,0,0
4154,30,44700.0,3,0.284,683,online,40.18,5,1
422,30,20400.0,2,0.141,1,in_store,32.22,0,0
124,56,55400.0,3,0.228,528,online,48.53,30,1
4543,18,30000.0,1,0.056,194,in_store,18.91,10,1
2644,29,25300.0,2,0.103,393,online,28.35,30,0
820,26,40700.0,4,0.08,449,in_store,45.01,0,0
1404,34,20500.0,1,0.105,174,online,30.75,0,0
1383,36,53500.0,2,0.174,406,online,28.16,20,0
2149,36,57200.0,2,0.064,150,in_store,34.46,25,1
1576,25,33800.0,1,0.136,1,in_store,43.28,20,1
1639,40,56600.0,5,0.176,464,online,36.87,0,1
1796,36,71400.0,6,0.212,631,online,52.32,25,1
4826,32,85800.0,1,0.085,1,in_store,54.81,0,1
400,32,57600.0,4,0.185,318,online,42.29,10,0
2311,50,39600.0,1,0.0,136,online,34.27,0,1
883,27,35500.0,2,0.196,508,online,38.29,0,1
4984,63,61500.0,4,0.277,535,in_store,42.81,15,1
4161,24,23200.0,1,0.139,128,online,41.11,0,0
1353,24,65300.0,0,0.215,111,online,40.86,0,0
2758,44,51600.0,1,0.007,178,online,39.4,15,0
4561,48,52800.0,4,0.022,410,online,45.01,0,1
2131,41,46400.0,3,0.107,881,online,46.5,0,0
983,43,44400.0,2,0.127,339,in_store,39.09,15,0
457,53,26700.0,1,0.138,237,in_store,27.73,30,0
3850,30,60500.0,4,0.102,518,online,53.74,20,1
1080,57,35600.0,1,0.179,184,online,33.35,0,0
1951,41,71700.0,3,0.032,415,in_store,47.1,0,1
4325,29,70300.0,1,0.091,537,in_store,47.19,10,1
690,35,28500.0,3,0.136,571,online,40.01,20,1
2430,62,76500.0,5,0.056,666,in_store,51.78,20,0
642,48,23100.0,3,0.058,1,in_store,24.82,0,1
2393,20,20200.0,2,0.049,20,online,38.97,20,0
1954,32,50400.0,5,0.257,627,online,51.89,15,0
2764,51,60300.0,4,0.33,299,online,44.28,10,0
4454,45,67700.0,3,0.095,214,online,68.13,0,1
3451,21,48100.0,1,0.0,596,online,30.87,0,0
3352,45,43900.0,1,0.08,101,in_store,35.83,0,0
4777,30,21200.0,2,0.155,1,in_store,37.73,0,1
3335,41,65200.0,1,0.094,170,online,33.44,0,0
1885,18,26600.0,2,0.03,119,online,22.6,20,1
390,23,29500.0,0,0.019,1,in_store,26.26,0,1
2495,53,38200.0,4,0.088,645,in_store,23.06,0,0
3133,41,26700.0,0,0.099,1,online,28.36,0,0
2907,54,63800.0,5,0.297,516,in_store,29.54,5,1
846,44,59200.0,2,0.108,739,online,62.12,15,0
543,43,56500.0,2,0.16,402,online,50.37,0,0
92,39,51900.0,5,0.181,815,online,33.6,0,0
3908,27,15000.0,2,0.0,463,in_store,21.13,0,0
1980,46,25900.0,1,0.0,236,online,28.95,0,1
2828,63,58600.0,0,0.0,57,in_store,53.35,10,1
4100,37,42600.0,3,0.0,1,online,51.53,0,0
2918,62,62600.0,3,0.0,345,online,44.52,0,1
2530,33,66300.0,2,0.042,258,in_store,43.16,0,0
1677,52,51700.0,5,0.102,249,in_store,40.55,0,0
1049,29,50200.0,3,0.0,356,in_store,38.62,0,0
1961,42,15000.0,1,0.055,1,in_store,30.52,0,0
2531,54,50400.0,1,0.089,205,online,22.99,15,1
4502,53,43200.0,1,0.135,68,in_store,35.91,0,1
238,38,49000.0,5,0.286,381,online,51.26,25,0
4127,52,45400.0,3,0.052,339,online,28.23,30,0
3505,42,29900.0,4,0.116,483,in_store,44.69,10,0
1134,57,35200.0,3,0.127,254,in_store,36.99,0,1
1806,18,23200.0,2,0.161,209,in_store,34.67,0,0
4153,45,32700.0,1,0.103,255,online,34.35,0,1
164,30,41100.0,1,0.148,219,in_store,38.94,10,0
3509,47,49700.0,2,0.059,304,online,34.62,0,1
4720,42,47600.0,3,0.132,473,in_store,40.15,10,0
3865,19,61400.0,0,0.094,604,online,47.68,0,1
3690,56,65500.0,0,0.132,93,online,33.57,25,0
3215,52,34500.0,7,0.146,772,online,23.27,20,0
3653,50,52900.0,2,0.027,293,in_store,42.68,20,1
3958,52,69400.0,8,0.169,294,online,59.48,20,1
1812,18,23100.0,1,0.188,377,in_store,28.72,0,0
3986,33,59800.0,0,0.05,239,in_store,52.66,15,1
3165,32,72600.0,2,0.098,595,online,59.22,0,0
1429,48,69600.0,3,0.147,359,in_store,45.98,10,1
3632,54,77600.0,5,0.235,422,online,56.67,15,1
4386,35,52700.0,3,0.136,110,in_store,25.29,25,0
3412,18,40400.0,1,0.081,388,in_store,39.78,0,1
4471,44,58000.0,2,0.0,362,online,38.23,0,0
4855,37,50800.0,1,0.051,359,online,40.95,0,1
2836,39,26900.0,2,0.14,514,in_store,25.54,0,0
1453,39,39900.0,1,0.193,582,online,41.44,25,0
594,20,37300.0,1,0.0,566,in_store,38.93,0,0
42,47,37900.0,0,0.1,1,in_store,39.08,0,0
561,39,69100.0,4,0.103,515,online,32.49,0,1
2952,49,76400.0,4,0.12,148,online,61.11,5,1
3743,19,15000.0,0,0.012,102,in_store,28.41,0,0
244,22,45100.0,1,0.051,112,in_store,41.05,20,1
1340,37,43800.0,2,0.0,562,in_store,36.16,20,0
4038,40,66000.0,2,0.174,71,in_store,42.45,15,1
4809,33,43900.0,1,0.033,459,online,33.58,0,0
3818,42,28000.0,1,0.0,1,in_store,34.88,15,1
1443,23,52100.0,0,0.265,1,in_store,47.7,15,1
262,37,56900.0,3,0.228,445,in_store,33.44,0,1
3177,50,42200.0,1,0.065,340,online,39.79,0,0
1690,50,79700.0,1,0.0,300,in_store,54.15,25,0
1726,41,15000.0,2,0.019,132,in_store,21.93,10,0
4560,25,15000.0,1,0.066,272,in_store,28.31,0,1
835,31,36500.0,0,0.009,12,in_store,26.34,0,0
1867,37,34500.0,0,0.048,1,in_store,35.8,0,1
2497,39,40600.0,2,0.051,423,online,37.69,5,1
2011,25,15000.0,0,0.0,286,in_store,15.56,0,0
341,18,32800.0,0,0.0,428,in_store,26.75,0,0
3322,36,40400.0,2,0.136,47,in_store,43.58,0,1
1602,54,50600.0,4,0.098,396,in_store,42.01,0,1
3019,45,72300.0,3,0.174,402,in_store,52.57,0,0
4705,49,59800.0,4,0.0,1,in_store,37.86,0,1
481,43,57600.0,5,0.0,606,in_store,45.39,15,0
2930,36,68600.0,3,0.092,598,online,41.39,10,0
3919,43,44300.0,3,0.0,433,in_store,28.13,0,1
3410,40,44100.0,3,0.054,97,online,44.49,15,0
4649,42,26200.0,2,0.21,77,online,37.51,0,0
3506,60,60100.0,8,0.309,214,online,49.07,20,1
4009,30,15000.0,1,0.068,331,online,21.29,20,1
1767,25,63000.0,3,0.0,489,online,34.0,0,0
4484,43,49500.0,5,0.18,226,online,42.92,15,0
2454,30,15100.0,1,0.0,162,in_store,27.65,0,1
2893,39,38900.0,4,0.139,494,online,36.07,0,1
3834,31,60600.0,1,0.16,414,in_store,35.35,25,1
4035,31,50600.0,1,0.134,455,online,39.37,10,1
4688,22,45400.0,1,0.046,1,in_store,48.91,0,0
3698,38,39000.0,1,0.027,275,online,24.72,0,0
1272,57,26900.0,2,0.012,278,in_store,45.37,5,1
4512,38,28100.0,1,0.13,1,online,34.55,0,0
3110,30,26000.0,4,0.0,98,online,15.71,0,1
4152,57,54600.0,1,0.143,459,online,40.71,0,1
348,47,71800.0,1,0.075,66,online,52.56,0,0
3900,44,35300.0,4,0.076,414,in_store,41.88,0,0
4634,26,35600.0,0,0.053,268,online,34.96,20,0
2563,56,44500.0,2,0.098,778,in_store,30.63,0,1
4601,49,51100.0,0,0.158,36,online,31.86,0,1
1424,57,60400.0,1,0.249,632,online,56.14,0,0
657,30,15000.0,2,0.151,463,online,29.93,0,0
2103,31,47600.0,0,0.0,380,online,52.53,0,0
633,35,15000.0,1,0.021,71,online,19.06,0,0
2908,40,24200.0,0,0.073,16,in_store,25.12,0,1
2494,31,15000.0,4,0.26,228,in_store,25.71,0,1
2666,41,62200.0,2,0.087,1,online,44.0,25,1
3231,35,48700.0,3,0.034,376,online,23.85,0,0
3980,49,42700.0,2,0.081,529,online,35.79,0,1
3323,42,19000.0,0,0.011,52,in_store,33.25,0,0
3514,53,45300.0,0,0.049,14,online,21.21,15,1
3613,33,33000.0,1,0.206,271,in_store,16.83,20,1
2501,47,64300.0,2,0.077,651,online,52.69,30,1
1466,40,26900.0,3,0.126,294,in_store,18.95,5,1
4704,43,47000.0,1,0.072,372,online,42.07,0,1
116,34,50000.0,0,0.049,370,online,38.51,20,0
1822,49,36600.0,0,0.095,343,online,39.76,5,0
1495,36,44400.0,3,0.077,653,in_store,25.84,0,0
2402,52,77000.0,4,0.159,104,in_store,49.32,0,1
1233,26,34100.0,1,0.031,1,online,41.35,0,1
2662,32,53300.0,2,0.0,180,online,40.93,0,0
2888,42,26000.0,3,0.0,17,online,19.03,0,1
4642,33,35100.0,0,0.066,491,in_store,32.21,0,0
1154,33,37400.0,4,0.041,507,in_store,34.12,0,0
3867,45,69900.0,3,0.069,110,online,53.46,10,1
58,58,52200.0,0,0.148,34,online,33.81,0,1
3411,18,41800.0,0,0.093,78,online,31.02,0,0
4464,33,66600.0,3,0.101,340,in_store,56.88,0,1
4956,65,88900.0,4,0.154,495,in_store,60.05,10,0
1736,51,63200.0,4,0.227,182,in_store,44.26,0,1
2197,38,35400.0,1,0.001,401,in_store,35.76,0,0
3784,56,16000.0,1,0.119,1,in_store,22.04,0,0
2476,40,54900.0,2,0.031,289,in_store,51.45,10,0
2565,54,47800.0,5,0.238,466,online,58.82,0,1
3174,40,43900.0,1,0.03,523,in_store,40.7,0,0
4053,45,34800.0,2,0.084,372,in_store,41.56,0,1
3674,18,46900.0,1,0.1,312,online,28.9,20,1
708,47,56800.0,2,0.035,204,in_store,45.84,0,1
4291,35,31600.0,2,0.228,477,in_store,21.52,0,1
1094,42,39000.0,2,0.062,334,in_store,27.11,20,0
3805,52,70800.0,3,0.185,610,in_store,49.22,25,1
1377,47,23700.0,1,0.099,5,in_store,29.44,30,1
4924,24,42700.0,3,0.077,32,online,45.15,5,1
73,29,66400.0,4,0.168,785,in_store,37.56,10,1
1923,18,27000.0,0,0.022,1,in_store,51.04,0,1
3189,36,52500.0,0,0.129,722,online,43.28,0,0
1765,27,31000.0,2,0.102,79,in_store,43.96,25,1
744,18,39800.0,0,0.116,97,in_store,31.24,25,0
2894,32,30800.0,2,0.03,300,in_store,36.06,0,0
1006,44,56400.0,2,0.153,730,in_store,37.86,25,1
2669,40,59300.0,0,0.188,629,in_store,54.31,0,0
1191,58,55400.0,6,0.15,248,online,49.8,20,0
4664,32,32000.0,2,0.122,35,in_store,33.07,0,0
2602,57,35100.0,1,0.19,125,online,24.69,0,1
1126,37,21500.0,3,0.006,296,online,28.18,0,0
1242,28,36500.0,2,0.016,1,in_store,44.12,0,1
3631,49,54400.0,2,0.077,669,online,38.82,20,1
4140,44,20400.0,2,0.018,155,in_store,35.62,0,1
4852,38,39300.0,3,0.227,512,online,38.71,25,1
999,42,49800.0,3,0.001,336,in_store,39.77,0,0
4793,49,24300.0,1,0.098,197,in_store,27.61,0,0
2685,22,21600.0,1,0.005,627,in_store,29.49,0,0
1578,52,27400.0,5,0.203,620,online,42.28,0,1
4801,40,45200.0,2,0.152,804,in_store,28.73,0,0
1827,50,45400.0,3,0.092,355,in_store,28.85,0,0
3308,48,60400.0,2,0.235,276,online,52.65,10,1
5000,29,35000.0,1,0.173,243,in_store,30.24,10,1
3553,52,49200.0,3,0.048,412,online,25.54,20,0
441,38,43900.0,1,0.0,55,in_store,32.14,0,0
4962,48,46900.0,4,0.143,207,in_store,36.11,15,0
1101,54,50300.0,5,0.271,436,in_store,54.39,0,1
4029,38,49900.0,3,0.285,499,in_store,41.64,0,0
4954,18,45300.0,2,0.21,209,in_store,42.43,15,0
650,35,42600.0,1,0.085,60,online,40.5,0,0
1547,19,30200.0,0,0.01,435,online,42.47,0,1
3555,51,73500.0,4,0.109,333,online,40.1,0,0
3577,44,21200.0,2,0.048,348,online,28.24,0,1
3816,31,32400.0,2,0.075,62,in_store,26.21,5,0
3760,19,20300.0,0,0.151,1,online,30.94,0,1
631,59,28800.0,6,0.19,775,in_store,29.66,0,1
673,31,39500.0,2,0.22,491,online,38.45,20,1
1250,21,35700.0,2,0.124,313,in_store,23.61,10,1
483,41,46300.0,0,0.023,380,in_store,45.18,20,0
1585,39,42600.0,1,0.137,463,online,35.59,5,0
3090,52,47800.0,0,0.0,586,in_store,42.84,15,0
4638,27,28600.0,1,0.072,1,online,24.86,0,0
3054,39,53000.0,4,0.095,68,online,41.83,15,0
1463,30,34300.0,1,0.034,707,in_store,30.05,0,0
3948,18,24500.0,2,0.199,457,online,30.24,0,1
3640,24,23100.0,0,0.068,522,in_store,42.1,0,1
2579,55,76100.0,4,0.095,486,online,37.86,25,0
3820,36,20300.0,1,0.111,1,online,24.99,0,1
50,41,61400.0,4,0.082,916,online,55.7,0,0
4300,38,52600.0,6,0.091,563,in_store,41.58,30,1
3072,42,45400.0,2,0.131,58,in_store,45.01,15,0
859,18,47100.0,0,0.07,301,online,25.25,0,1
1073,37,55200.0,6,0.251,827,online,32.4,15,1
720,28,44100.0,3,0.072,255,online,41.79,5,0
3173,52,48900.0,3,0.0,315,in_store,51.54,15,0
2632,28,15000.0,0,0.049,98,in_store,33.53,0,0
4884,37,40000.0,2,0.139,353,online,27.08,20,0
1661,69,95200.0,4,0.202,250,online,43.29,10,0
1657,45,42900.0,1,0.133,159,in_store,38.19,30,1
2426,54,33500.0,3,0.093,307,in_store,33.64,0,1
3541,42,59600.0,0,0.02,170,online,48.01,20,0
4239,39,42200.0,1,0.0,41,in_store,47.37,0,1
4985,23,47800.0,3,0.137,639,in_store,36.13,0,0
4432,20,16800.0,1,0.078,108,online,5.0,0,1
4487,60,45100.0,2,0.176,295,online,49.76,0,0
3321,21,42600.0,2,0.096,354,online,32.51,20,0
4762,74,23000.0,4,0.07,578,online,24.88,10,0
4136,33,37800.0,2,0.089,360,online,33.87,15,0
2607,28,34500.0,1,0.135,97,in_store,45.15,0,0
1386,41,77200.0,5,0.178,395,in_store,45.3,20,1
3854,36,34700.0,4,0.151,436,in_store,33.36,0,0
1400,23,44300.0,0,0.114,1,in_store,39.25,10,0
1196,64,60100.0,4,0.0,540,in_store,37.86,20,0
1409,40,28500.0,1,0.206,236,in_store,20.13,10,1
3843,44,39600.0,3,0.212,562,in_store,38.9,0,0
1799,33,17000.0,3,0.042,560,in_store,36.86,0,0
1476,38,30900.0,2,0.27,244,in_store,30.18,0,1
3232,58,56500.0,5,0.08,375,online,43.09,10,1
36,54,33100.0,3,0.007,125,in_store,39.18,0,1
3558,45,62600.0,4,0.022,503,in_store,54.78,25,1
2346,28,15000.0,1,0.001,405,online,11.55,0,1
3193,41,54500.0,5,0.191,103,online,51.48,30,0
2360,59,68800.0,5,0.226,607,online,40.8,0,1
2207,35,61200.0,0,0.092,199,online,36.88,0,1
3786,25,41300.0,1,0.17,262,in_store,34.21,0,0
1287,24,52700.0,2,0.046,70,online,48.34,20,1
350,58,57600.0,2,0.217,190,online,38.63,10,0
2138,50,44000.0,4,0.212,530,in_store,39.45,30,0
2692,28,29900.0,1,0.0,113,in_store,31.81,0,0
3394,27,18900.0,1,0.02,200,in_store,21.46,0,1
4535,40,42800.0,1,0.149,474,online,37.59,10,0
1682,28,15000.0,2,0.044,655,online,34.63,0,0
4040,38,35500.0,3,0.124,481,online,38.1,0,1
1444,57,55900.0,5,0.16,190,in_store,39.73,0,0
3259,29,40600.0,2,0.032,682,in_store,32.59,0,1
1672,21,39800.0,2,0.044,137,online,35.43,0,1
2969,64,49900.0,1,0.022,612,online,35.73,0,1
1180,45,32600.0,2,0.161,342,online,24.14,10,1
2799,47,71900.0,3,0.004,547,online,43.67,0,0
1693,23,15000.0,1,0.067,186,in_store,45.82,10,0
3893,18,15000.0,0,0.0,274,in_store,25.83,0,1
373,50,51400.0,2,0.047,446,in_store,36.81,0,1
3629,55,53100.0,1,0.046,6,in_store,38.31,0,0
1917,33,36900.0,1,0.129,220,in_store,38.9,0,0
1358,34,52200.0,3,0.156,765,in_store,30.12,5,1
1826,48,45400.0,1,0.123,171,online,52.47,25,0
787,41,54100.0,1,0.0,256,online,40.25,20,0
470,28,50900.0,4,0.173,1,online,39.26,20,1
141,45,46200.0,2,0.07,575,in_store,44.32,0,1
789,27,25400.0,0,0.0,79,online,17.87,0,0
324,49,39100.0,1,0.16,168,online,30.57,5,1
51,43,53800.0,2,0.026,287,in_store,52.02,10,1
715,37,20700.0,0,0.134,1,online,16.99,0,0
4499,43,63600.0,7,0.247,1028,online,59.23,25,1
2841,38,44200.0,3,0.046,371,in_store,29.37,0,0
2447,35,45100.0,0,0.077,117,in_store,28.56,10,0
4824,33,41800.0,3,0.13,526,online,38.17,5,0
4430,22,15000.0,1,0.072,360,online,25.13,25,1
4607,27,53000.0,1,0.112,39,in_store,34.85,0,1
3699,27,54300.0,3,0.189,1,in_store,27.15,25,0
2667,35,39900.0,2,0.14,41,online,30.43,0,0
407,39,20900.0,1,0.102,323,online,12.28,0,0
4385,49,65200.0,1,0.0,1,online,47.83,15,1
1005,40,15000.0,1,0.067,580,online,22.48,0,1
3528,24,71300.0,4,0.081,470,in_store,54.43,0,0
891,30,50800.0,0,0.077,160,in_store,42.69,0,0
2412,59,45000.0,5,0.102,287,online,31.14,0,1
2546,34,65100.0,3,0.223,219,online,51.26,30,0
3622,32,59400.0,2,0.086,260,in_store,51.43,0,1
2391,18,15000.0,1,0.053,494,online,33.8,0,0
3959,32,37100.0,1,0.069,119,online,48.63,25,0
43,32,45400.0,2,0.041,315,in_store,44.16,0,0
2831,29,68700.0,2,0.118,424,in_store,51.02,15,0
4146,18,38900.0,1,0.0,199,in_store,38.72,5,0
304,36,60500.0,1,0.12,438,in_store,40.65,0,0
4524,41,55700.0,2,0.153,597,in_store,49.53,20,0
3766,54,59300.0,2,0.0,676,in_store,44.13,0,0
665,39,59700.0,5,0.12,415,in_store,46.72,0,1
1178,42,47300.0,3,0.013,495,online,23.09,0,1
2677,59,55600.0,1,0.106,479,online,35.2,0,1
1948,29,49100.0,1,0.045,377,online,40.18,0,1
2502,43,15000.0,1,0.03,71,in_store,37.42,0,0
1474,18,15000.0,0,0.0,247,online,31.63,25,1
3500,47,62400.0,1,0.0,231,online,48.37,20,1
3537,51,58000.0,9,0.236,593,in_store,33.45,20,1
2133,35,39000.0,2,0.095,133,in_store,33.65,20,1
1027,18,31300.0,3,0.086,149,in_store,26.96,20,0
962,42,25800.0,0,0.006,322,online,43.48,0,1
2890,36,51900.0,2,0.082,441,in_store,33.87,0,1
3972,43,27500.0,2,0.024,686,in_store,20.66,15,1
2010,48,48400.0,2,0.0,281,online,37.02,0,0
2150,42,53300.0,2,0.008,1,online,26.94,10,1
3339,27,15000.0,1,0.058,197,online,26.8,0,1
2339,53,47200.0,2,0.065,111,in_store,45.03,0,0
3907,21,47100.0,1,0.17,600,in_store,20.09,0,1
305,39,67400.0,2,0.193,426,in_store,49.91,0,1
1441,32,48900.0,1,0.034,1,in_store,53.81,0,0
1497,44,47600.0,6,0.082,938,in_store,45.5,20,0
2653,55,55600.0,4,0.266,556,in_store,43.07,5,0
2876,18,40700.0,0,0.0,338,online,41.6,0,0
917,57,58200.0,3,0.13,496,online,50.92,10,0
4894,30,39600.0,1,0.109,435,online,41.02,25,0
3740,34,49500.0,4,0.15,232,online,42.62,20,1
2773,37,39700.0,7,0.226,548,in_store,29.9,20,1
1625,42,36200.0,1,0.037,248,in_store,40.49,20,1
3856,18,15000.0,1,0.179,90,in_store,18.13,0,1
822,57,37400.0,5,0.067,543,in_store,42.41,30,1
3808,42,42800.0,2,0.0,141,in_store,34.19,0,0
1355,63,84800.0,6,0.252,282,online,50.03,0,1
4508,28,34300.0,3,0.163,489,in_store,30.26,0,0
851,36,57700.0,3,0.09,314,online,39.79,15,0
1001,39,48100.0,1,0.003,12,in_store,36.88,0,0
3393,30,35000.0,2,0.07,279,online,31.71,0,1
19,51,35200.0,3,0.148,136,in_store,25.34,0,1
1638,52,56800.0,2,0.1,1,in_store,44.37,25,1
1668,40,57600.0,1,0.043,137,in_store,39.72,0,1
494,45,40700.0,3,0.067,69,in_store,39.86,0,0
1348,31,35600.0,3,0.085,213,online,21.51,0,1
3746,36,15000.0,1,0.0,450,online,31.08,15,1
3271,53,61700.0,1,0.017,229,in_store,38.83,10,0
3633,32,28600.0,5,0.0,295,in_store,33.81,20,0
3498,53,84600.0,2,0.0,648,in_store,49.2,0,1
688,58,78600.0,6,0.101,1021,in_store,53.09,0,0
3750,56,23700.0,0,0.071,1,in_store,31.67,30,0
1609,37,52700.0,2,0.224,1,online,52.51,10,0
4101,47,72100.0,1,0.145,70,in_store,42.08,0,1
4114,47,45800.0,2,0.203,264,online,42.88,0,1
1010,45,55100.0,1,0.131,1,in_store,46.06,0,0
2409,18,15000.0,0,0.055,1,online,17.82,0,1
1093,50,47400.0,2,0.053,297,online,55.25,0,1
1328,21,25600.0,1,0.0,1,online,22.96,0,1
1678,44,42200.0,5,0.065,300,in_store,29.38,20,1
2000,67,71400.0,5,0.206,323,online,53.78,10,0
1311,26,44100.0,1,0.05,281,in_store,34.06,25,0
3274,35,51100.0,1,0.0,171,in_store,40.28,0,1
1988,31,50200.0,0,0.0,570,online,49.66,0,0
3667,40,41800.0,2,0.159,434,in_store,29.57,0,1
345,59,57500.0,3,0.113,713,in_store,28.53,25,1
4196,30,33900.0,0,0.042,469,in_store,30.27,0,1
987,23,31100.0,1,0.097,734,in_store,25.81,0,1
3870,47,42600.0,1,0.098,252,online,46.46,20,1
3826,37,26300.0,1,0.0,1,in_store,37.53,25,1
4323,22,15000.0,1,0.147,298,online,29.18,0,0
4021,42,53000.0,1,0.171,215,online,25.63,25,0
3107,49,62400.0,1,0.105,1,in_store,37.43,0,0
3872,28,58900.0,3,0.067,700,online,61.23,30,0
1143,18,59400.0,2,0.101,308,online,46.49,0,1
2359,55,35800.0,2,0.112,182,in_store,54.09,0,1
1199,58,46800.0,3,0.034,361,in_store,32.92,0,0
86,46,69200.0,0,0.14,1,online,53.54,15,1
1519,36,48800.0,4,0.074,636,in_store,44.8,0,1
517,48,52100.0,1,0.158,1,in_store,30.9,0,0
1382,18,16600.0,1,0.036,285,in_store,35.72,0,0
2717,41,65700.0,3,0.171,144,online,37.13,25,0
4917,19,15000.0,0,0.026,1,in_store,23.31,0,0
1015,27,23300.0,1,0.041,1,online,24.72,0,0
129,32,43800.0,1,0.12,1,in_store,34.3,30,1
1365,35,34000.0,3,0.181,42,online,37.15,20,1
3642,60,85400.0,7,0.182,409,online,63.71,15,0
3140,64,84800.0,7,0.158,659,online,38.27,0,1
892,33,66100.0,0,0.0,1,online,54.29,0,1
2794,34,35100.0,0,0.05,42,online,27.85,25,1
4218,46,68900.0,1,0.133,43,in_store,57.59,0,0
1360,37,30700.0,2,0.156,1,in_store,34.39,5,1
308,56,51900.0,6,0.096,651,in_store,46.84,0,0
1662,27,73000.0,4,0.124,13,in_store,57.3,0,0
2432,52,74100.0,8,0.133,769,online,52.27,10,1
4550,30,31400.0,2,0.018,199,online,14.5,5,1
1318,45,40900.0,2,0.026,437,in_store,28.47,0,0
4314,43,43900.0,6,0.252,59,online,27.74,0,1
2475,29,56100.0,1,0.152,625,online,45.04,10,1
2543,36,36600.0,1,0.149,329,online,39.01,20,0
1247,35,29100.0,3,0.157,173,in_store,35.85,20,1
1209,67,79700.0,6,0.06,400,online,42.69,10,1
217,46,37900.0,4,0.048,43,online,40.56,0,0
4303,31,44900.0,5,0.134,203,online,34.06,0,0
3078,19,51900.0,1,0.154,52,online,43.87,0,1
1240,59,50700.0,6,0.173,363,in_store,40.56,5,1
2290,21,47900.0,4,0.11,236,in_store,32.32,20,1
2741,30,29400.0,3,0.008,273,online,31.8,0,1
276,45,21200.0,0,0.055,330,in_store,35.45,0,1
490,48,40200.0,3,0.009,608,online,45.47,0,1
1036,40,35900.0,2,0.312,523,online,31.27,0,1
1230,47,48400.0,2,0.031,294,online,41.85,0,1
4596,50,51200.0,1,0.0,231,in_store,33.55,15,1
1009,49,48900.0,4,0.063,821,in_store,39.85,30,1
4076,30,31900.0,0,0.143,221,in_store,24.54,25,1
3138,53,64600.0,7,0.055,680,online,47.58,0,1
3198,38,24600.0,1,0.128,557,online,5.0,0,0
2533,43,25000.0,2,0.099,264,online,23.53,0,0
4406,55,28800.0,5,0.098,393,online,30.63,0,1
1059,41,42600.0,3,0.116,148,in_store,48.88,25,0
2167,74,79100.0,4,0.204,45,online,34.29,0,1
3389,21,38800.0,0,0.026,225,in_store,33.89,0,0
282,19,36400.0,0,0.055,65,in_store,22.26,0,0
4827,35,21700.0,0,0.062,989,in_store,38.5,0,1
1317,38,43100.0,0,0.0,222,online,36.25,0,1
4989,34,52100.0,2,0.076,31,online,40.06,0,1
969,51,54900.0,1,0.055,369,online,49.74,25,1
4498,18,57800.0,0,0.058,285,in_store,24.78,0,0
3939,41,66300.0,2,0.187,1,in_store,48.1,20,1
3182,22,15000.0,0,0.256,1,online,24.42,0,0
3536,24,25600.0,2,0.202,18,online,39.47,0,1
620,57,64400.0,4,0.218,172,in_store,58.99,0,1
3250,42,49600.0,2,0.284,32,online,29.77,25,1
1743,46,37900.0,3,0.185,143,in_store,39.85,20,1
1391,32,38700.0,4,0.319,144,in_store,37.86,5,0
4069,39,19700.0,0,0.057,1,in_store,37.86,15,0
1848,27,15000.0,1,0.021,38,in_store,24.23,0,0
1580,44,55500.0,3,0.273,319,in_store,40.27,0,1
1656,21,52700.0,1,0.238,338,online,44.51,10,0
2353,40,15000.0,2,0.123,340,in_store,25.18,0,0
2213,56,59300.0,3,0.028,149,in_store,43.69,10,0
2021,40,47300.0,0,0.091,213,in_store,26.26,15,1
4983,19,16200.0,0,0.0,1,online,24.07,0,0
1957,51,48000.0,0,0.038,214,in_store,41.11,10,0
1308,55,50700.0,8,0.117,705,in_store,38.25,10,1
2004,43,44400.0,0,0.047,439,online,30.08,0,1
4662,36,44600.0,2,0.16,226,in_store,40.14,0,0
576,23,32300.0,2,0.091,1,online,15.21,0,1
2361,59,50200.0,2,0.042,97,online,46.73,10,0
4212,44,38300.0,3,0.13,394,in_store,45.55,20,0
4447,45,36000.0,2,0.087,417,in_store,44.03,0,1
1707,35,34500.0,2,0.157,709,online,29.0,0,1
3761,35,63200.0,2,0.028,1,online,36.44,0,1
4458,37,52300.0,4,0.0,769,in_store,35.24,0,1
1281,54,63700.0,6,0.361,775,online,50.42,25,1
862,23,51600.0,3,0.007,208,online,28.33,0,1
4155,32,46900.0,0,0.093,332,in_store,43.34,0,0
1802,45,64700.0,0,0.0,191,in_store,58.6,25,1
1629,45,40900.0,1,0.071,300,in_store,29.44,0,0
1994,52,54300.0,2,0.0,188,in_store,36.12,25,1
2640,33,44100.0,1,0.066,324,online,39.43,0,0
270,40,34100.0,2,0.162,291,online,38.31,0,1
630,18,58800.0,1,0.099,239,in_store,39.48,5,1
3082,27,21500.0,1,0.051,183,in_store,34.71,0,0
2335,34,38800.0,6,0.112,325,in_store,25.08,0,0
2967,57,54600.0,4,0.184,536,online,41.16,0,0
301,61,48600.0,1,0.26,658,online,41.09,10,1
460,40,58900.0,3,0.164,768,online,35.93,25,1
1448,58,57900.0,3,0.09,561,in_store,37.08,0,1
1473,40,47900.0,2,0.098,412,in_store,36.19,10,1
2047,48,59600.0,3,0.193,612,in_store,41.18,0,0
4238,43,58200.0,5,0.231,444,in_store,40.54,0,0
3783,29,40100.0,1,0.216,181,online,35.03,0,0
2114,42,49600.0,2,0.127,128,online,27.67,0,0
28,44,45600.0,2,0.0,43,online,52.42,10,1
3858,40,59500.0,5,0.128,412,online,55.57,0,0
4533,62,45400.0,2,0.015,710,in_store,31.77,20,0
838,57,45700.0,3,0.135,606,in_store,32.92,20,1
3845,41,65500.0,4,0.092,984,in_store,61.37,20,0
2009,54,50200.0,3,0.03,201,online,34.76,0,0
4918,39,48600.0,4,0.191,610,in_store,37.43,10,1
504,22,21700.0,2,0.0,294,online,28.46,0,0
3222,41,36800.0,2,0.123,168,online,44.05,20,0
4315,40,56400.0,2,0.071,380,online,46.72,0,0
381,41,64500.0,1,0.002,95,online,36.36,0,1
1852,43,75800.0,4,0.154,577,online,49.13,20,1
1526,53,71000.0,3,0.032,265,online,47.0,0,0
2366,58,59200.0,4,0.03,469,in_store,41.48,30,1
3244,43,69600.0,0,0.0,1,online,62.13,10,1
3053,29,40900.0,2,0.067,441,online,35.68,15,1
2885,40,28100.0,0,0.061,1,online,42.96,10,1
2341,58,39600.0,2,0.062,520,online,41.92,0,0
375,47,51400.0,3,0.098,259,in_store,37.68,25,1
3276,26,31000.0,2,0.032,96,in_store,36.23,0,1
2382,49,39800.0,0,0.087,438,in_store,22.17,30,1
4320,76,34600.0,6,0.171,464,in_store,28.13,25,0
940,50,61600.0,3,0.116,216,in_store,45.27,0,1
3869,44,40400.0,3,0.126,1,online,39.61,15,1
4175,27,45400.0,2,0.0,1,online,48.04,25,0
2800,32,26800.0,1,0.173,1,in_store,9.4,0,0
2148,51,61600.0,2,0.133,516,online,47.86,20,0
3836,43,22700.0,4,0.04,249,in_store,33.03,0,0
4551,52,62800.0,2,0.188,303,online,42.32,10,0
4226,45,37300.0,1,0.037,720,in_store,34.19,15,1
2069,46,48300.0,4,0.138,269,in_store,48.96,10,0
530,59,58100.0,2,0.177,1,online,44.24,0,0
4865,30,48000.0,1,0.078,213,online,36.55,25,1
637,38,50700.0,2,0.136,599,in_store,46.99,0,1
1270,47,47300.0,3,0.237,1,in_store,36.43,20,1
186,58,61400.0,3,0.075,336,online,43.0,25,0
3837,47,52300.0,3,0.115,367,in_store,43.64,0,1
3195,39,61300.0,4,0.152,304,in_store,40.88,5,1
3470,51,61500.0,0,0.037,224,online,42.17,20,1
1798,38,49800.0,2,0.07,1,online,33.18,5,0
2980,68,72300.0,2,0.073,285,in_store,55.97,25,1
1442,44,50700.0,3,0.045,501,online,38.41,10,1
3443,41,68000.0,2,0.002,266,in_store,41.66,5,1
4885,45,56000.0,3,0.185,131,in_store,52.08,0,1
1536,28,58200.0,2,0.156,278,online,36.88,20,1
3459,37,26600.0,1,0.069,270,in_store,27.6,15,1
1274,44,94700.0,2,0.2,428,online,35.57,15,1
2468,56,69200.0,4,0.192,562,in_store,33.65,0,0
608,45,50400.0,2,0.028,591,in_store,45.3,0,0
3403,31,33200.0,2,0.076,1,in_store,39.16,20,0
1713,48,53800.0,3,0.0,437,online,37.35,0,1
2200,30,50900.0,2,0.105,369,in_store,30.48,0,1
956,56,58500.0,4,0.303,353,online,49.92,15,1
2580,56,56300.0,3,0.077,1,in_store,60.47,10,1
3916,37,40900.0,4,0.165,885,online,41.58,25,1
4436,50,40700.0,1,0.125,184,in_store,28.56,0,0
4803,40,51200.0,9,0.302,491,in_store,43.72,0,1
3704,31,57100.0,1,0.16,382,in_store,42.28,0,1
404,35,42000.0,1,0.045,814,online,19.74,0,1
2072,23,47900.0,1,0.009,591,in_store,49.64,15,0
4766,44,29900.0,4,0.17,754,online,31.33,0,1
1978,43,55500.0,2,0.156,59,in_store,45.05,20,1
159,34,31800.0,4,0.133,199,in_store,27.98,0,1
1749,34,41000.0,0,0.14,369,online,43.88,0,1
2910,47,15000.0,3,0.0,367,in_store,29.95,0,0
3551,31,42200.0,3,0.019,441,online,35.22,0,1
903,38,41600.0,0,0.097,1,online,46.29,15,1
353,33,55400.0,2,0.0,142,online,39.99,0,0
1231,33,40700.0,2,0.141,387,in_store,43.35,15,1
4681,59,56200.0,1,0.172,563,in_store,45.67,0,1
2141,39,24000.0,2,0.055,428,in_store,47.18,0,1
445,36,60000.0,1,0.073,244,online,61.39,25,0
4959,47,38600.0,3,0.142,521,online,40.04,0,1
755,61,47000.0,3,0.038,342,in_store,48.26,0,0
1738,38,59100.0,5,0.239,506,online,41.89,0,0
2972,39,51600.0,1,0.061,1,online,23.45,20,1
4990,50,73000.0,5,0.127,349,online,35.08,20,1
2921,31,38800.0,0,0.17,134,online,41.54,0,0
312,45,33400.0,2,0.124,765,in_store,38.92,0,0
549,48,56100.0,2,0.044,1,in_store,33.99,15,1
4640,33,48400.0,1,0.083,145,in_store,43.1,0,1
4772,18,47700.0,4,0.096,86,in_store,25.89,0,1
1990,24,16000.0,1,0.039,45,in_store,29.87,0,1
307,36,44600.0,1,0.0,1,online,38.87,10,0
2336,41,66100.0,2,0.132,263,in_store,44.17,0,1
695,30,48300.0,4,0.215,1,online,23.44,10,1
2357,42,49000.0,2,0.0,607,in_store,39.26,0,1
1928,28,33600.0,0,0.004,147,in_store,41.34,25,1
685,35,27000.0,0,0.048,51,in_store,33.22,0,1
750,29,35800.0,1,0.173,158,in_store,33.27,5,1
4675,43,66500.0,4,0.129,210,online,36.44,5,1
1267,30,44800.0,3,0.163,174,online,40.28,20,1
3983,36,15000.0,0,0.0,48,online,20.58,15,1
3546,32,28200.0,2,0.034,235,online,32.85,0,0
4771,42,63800.0,3,0.093,1,in_store,47.77,20,0
4003,43,49000.0,2,0.0,524,in_store,44.62,0,1
3084,34,23300.0,0,0.013,336,online,22.6,10,0
3062,42,32500.0,2,0.056,410,online,42.28,5,0
3026,40,54600.0,4,0.224,907,in_store,39.02,0,1
971,37,49900.0,2,0.156,286,online,50.16,0,0
14,54,80300.0,4,0.204,1,in_store,61.21,20,0
874,41,46400.0,0,0.0,145,in_store,46.65,0,0
809,36,34200.0,2,0.053,1,in_store,30.65,0,0
3199,52,38300.0,2,0.03,41,in_store,46.85,0,1
515,49,45600.0,1,0.097,1,in_store,41.57,0,0
4483,45,48300.0,1,0.178,77,online,32.82,25,1
410,24,41800.0,1,0.147,628,online,46.46,20,0
3424,28,54900.0,3,0.123,219,online,41.93,0,0
4353,41,40400.0,3,0.194,1,online,29.28,0,1
208,25,19900.0,0,0.038,64,online,16.51,0,1
3239,51,59300.0,0,0.027,307,online,47.58,0,0
459,44,57600.0,5,0.146,484,in_store,27.39,25,1
3671,46,60900.0,3,0.168,193,online,45.38,5,1
2431,22,22000.0,2,0.025,531,online,21.38,0,0
3979,49,21500.0,1,0.117,141,in_store,24.04,0,0
111,45,46100.0,3,0.184,424,online,20.85,15,1
3765,39,65800.0,6,0.062,301,in_store,47.45,0,1
4063,32,46200.0,1,0.004,141,in_store,29.02,5,1
1884,41,40400.0,2,0.0,1,online,24.03,0,0
1714,39,33000.0,3,0.167,357,online,35.48,20,1
3977,44,49100.0,1,0.0,753,in_store,51.12,30,0
3415,27,46100.0,2,0.063,229,in_store,40.85,0,0
553,44,56600.0,3,0.082,573,in_store,28.75,15,1
1440,53,75800.0,3,0.096,1,online,48.41,0,1
2271,45,57400.0,1,0.045,166,in_store,53.85,15,1
3145,35,22600.0,1,0.0,253,in_store,36.89,0,1
2822,44,63100.0,4,0.172,348,in_store,52.17,20,0
4792,18,41000.0,0,0.204,283,in_store,41.05,0,0
1926,26,20900.0,0,0.031,444,in_store,20.42,0,0
635,36,42500.0,2,0.068,659,online,34.81,20,1
4816,18,36600.0,1,0.005,71,in_store,38.74,0,0
317,41,57500.0,1,0.083,1,in_store,34.93,25,1
4227,45,30700.0,4,0.095,231,in_store,28.9,5,0
4710,47,45300.0,2,0.093,141,online,26.53,5,0
1329,39,59900.0,3,0.171,532,online,43.07,0,0
428,61,61600.0,3,0.071,319,online,44.74,0,1
4042,38,62500.0,3,0.132,1,in_store,34.27,0,0
106,38,31800.0,3,0.177,724,in_store,36.37,0,1
3042,39,46600.0,1,0.0,1,online,46.66,20,0
143,18,22700.0,3,0.277,469,online,27.04,20,0
2170,33,67400.0,3,0.068,159,in_store,29.16,20,1
3345,22,15000.0,1,0.066,589,online,18.98,0,0
90,45,79400.0,4,0.211,355,online,52.73,10,0
2919,28,45800.0,2,0.0,465,online,33.9,0,0
3238,49,55200.0,0,0.0,396,online,44.08,20,0
2242,30,24300.0,1,0.091,408,in_store,39.2,0,1
3175,49,59000.0,1,0.213,353,online,42.72,15,0
3428,46,51500.0,1,0.088,277,in_store,50.66,0,0
2164,48,56100.0,5,0.089,329,in_store,40.81,0,1
2637,36,69500.0,8,0.165,284,in_store,46.32,0,1
1950,64,73700.0,4,0.317,49,in_store,56.66,10,1
1769,29,64200.0,2,0.162,1,online,51.53,10,0
3299,35,34200.0,2,0.078,404,online,20.75,0,0
2273,48,29100.0,3,0.163,201,online,22.39,0,1
2,28,32500.0,1,0.049,1,in_store,29.06,10,0
3542,44,35200.0,2,0.038,391,in_store,29.87,25,1
4968,27,32500.0,0,0.092,158,online,24.74,0,1
1952,43,75300.0,7,0.313,444,in_store,56.51,25,1
936,47,32900.0,0,0.012,165,online,32.36,15,0
4307,43,45600.0,2,0.0,504,in_store,23.87,0,1
2721,42,27200.0,0,0.025,158,online,43.49,15,1
4105,36,30200.0,2,0.1,620,online,30.16,0,0
1110,50,41600.0,1,0.0,61,in_store,41.36,0,1
3606,50,35900.0,5,0.213,444,online,32.37,0,1
592,43,50100.0,2,0.216,145,in_store,32.63,0,1
1696,45,32600.0,3,0.114,580,in_store,28.3,25,0
3480,40,45800.0,4,0.009,202,in_store,36.13,20,1
2937,19,22600.0,1,0.03,252,in_store,15.66,0,0
4214,38,62000.0,4,0.058,642,online,51.92,0,0
3427,45,49600.0,0,0.009,356,online,36.73,0,1
1577,40,54200.0,1,0.242,164,in_store,28.1,20,1
3973,43,46400.0,1,0.144,1,in_store,35.46,0,0
214,34,34600.0,5,0.084,418,online,30.76,25,1
779,41,65800.0,1,0.081,785,online,61.02,0,1
1416,30,23200.0,2,0.169,254,online,29.62,20,1
4770,59,30500.0,4,0.147,33,online,33.98,0,1
2044,31,69400.0,2,0.176,413,online,51.28,0,0
2849,49,29200.0,2,0.0,235,in_store,28.59,0,1
4548,55,31200.0,2,0.168,371,online,40.56,25,0
3682,47,60700.0,0,0.078,518,online,34.92,0,0
3832,66,61800.0,1,0.068,208,in_store,48.53,0,1
1568,42,31600.0,2,0.177,559,online,34.41,20,0
166,29,27200.0,2,0.17,161,in_store,41.48,15,0
4725,43,39400.0,0,0.047,824,in_store,49.44,0,1
3602,69,78100.0,2,0.0,356,in_store,71.58,20,1
4937,43,46800.0,3,0.1,33,in_store,34.34,0,1
1344,34,29100.0,3,0.137,88,in_store,36.91,0,1
2014,40,39500.0,1,0.048,104,in_store,30.52,0,0
274,65,71800.0,2,0.0,426,in_store,47.47,0,0
72,26,34900.0,1,0.192,400,online,35.32,0,1
3906,69,68500.0,5,0.286,443,online,39.7,10,1
1088,21,42800.0,1,0.148,348,in_store,38.74,30,0
395,48,55300.0,2,0.109,756,online,47.68,0,1
584,27,20500.0,1,0.081,605,in_store,40.75,0,0
1368,56,41500.0,6,0.164,622,online,32.93,25,1
4998,49,53000.0,2,0.0,374,in_store,43.2,0,0
4653,45,60000.0,8,0.186,439,in_store,47.04,0,0
2549,19,42100.0,1,0.199,1,in_store,46.41,15,0
1014,20,32100.0,1,0.0,172,online,46.67,15,0
4908,28,55500.0,3,0.0,1029,in_store,39.22,20,0
3004,21,25300.0,2,0.095,547,in_store,24.21,0,0
4948,44,42400.0,4,0.102,386,online,45.15,5,1
4182,41,39300.0,0,0.0,281,in_store,31.98,0,0
3549,31,40500.0,1,0.177,1,online,36.04,20,1
1764,27,57000.0,1,0.0,16,in_store,49.77,0,0
1876,18,41400.0,4,0.16,198,online,36.93,0,1
1260,34,26400.0,1,0.093,254,in_store,30.03,0,0
4541,53,43000.0,2,0.209,381,in_store,47.13,15,0
2254,18,28500.0,1,0.022,58,in_store,14.12,0,1
2782,32,37000.0,6,0.227,696,online,51.47,10,1
3611,48,83800.0,5,0.075,483,in_store,57.39,5,0
527,57,64100.0,1,0.13,141,online,39.8,0,0
4748,25,22900.0,2,0.126,495,online,34.92,25,0
2947,59,67700.0,5,0.16,7,in_store,49.84,0,1
378,18,25300.0,1,0.032,309,online,33.2,0,1
1560,38,41500.0,1,0.156,241,in_store,30.33,25,1
3839,36,20000.0,1,0.059,501,in_store,21.17,0,0
1964,37,50100.0,1,0.072,256,online,36.39,25,1
4743,39,26700.0,2,0.0,86,online,20.47,0,1
349,21,39700.0,0,0.125,388,in_store,35.92,0,0
2435,37,28600.0,2,0.193,1,online,6.25,25,1
2247,21,15000.0,0,0.0,200,in_store,21.5,0,1
4467,40,42600.0,1,0.0,77,in_store,42.0,0,0
1710,38,66500.0,2,0.207,319,in_store,47.42,0,1
1051,25,23900.0,1,0.0,10,in_store,24.27,0,1
591,25,35900.0,0,0.098,159,in_store,39.57,0,1
520,60,44600.0,1,0.11,398,in_store,43.2,0,0
4504,50,79800.0,4,0.282,1,in_store,41.33,15,0
4754,23,43200.0,0,0.069,357,online,39.75,0,0
2478,43,50200.0,5,0.136,765,in_store,44.7,0,1
1084,41,29600.0,2,0.279,608,in_store,11.41,5,1
3607,20,58500.0,4,0.126,215,in_store,27.88,25,0
4789,64,77200.0,3,0.176,626,in_store,51.75,10,1
4520,19,24700.0,0,0.062,1,in_store,31.21,0,1
1295,43,30300.0,0,0.205,435,in_store,48.15,0,0
1810,52,47900.0,4,0.116,1,online,29.2,0,0
792,25,35300.0,1,0.073,328,online,39.33,0,0
793,46,43000.0,1,0.148,104,online,34.73,0,0
4319,29,47200.0,3,0.174,1,in_store,26.85,10,0
1856,32,40000.0,1,0.089,287,online,24.46,0,1
4768,53,16500.0,0,0.048,86,in_store,23.74,0,0
1981,42,70900.0,1,0.055,1,online,48.06,15,1
3234,50,53600.0,3,0.005,599,in_store,53.81,0,0
3927,49,51700.0,0,0.129,829,online,30.23,10,0
3401,45,41700.0,1,0.0,218,in_store,35.55,25,1
3329,32,28200.0,3,0.022,573,in_store,45.31,25,1
1531,47,45900.0,3,0.17,321,in_store,38.11,0,1
1411,35,68300.0,2,0.077,656,in_store,38.26,10,0
4305,40,36000.0,0,0.04,394,in_store,27.2,0,1
4981,47,31100.0,3,0.156,516,online,30.3,25,0
84,35,38600.0,4,0.277,14,in_store,29.15,15,0
869,33,47400.0,1,0.036,140,in_store,38.57,0,0
2351,48,71600.0,7,0.227,738,in_store,53.04,0,1
21,38,32300.0,3,0.06,233,in_store,23.48,20,1
3440,63,60200.0,0,0.099,444,in_store,45.44,5,0
2796,48,33000.0,1,0.124,1,online,25.92,0,1
4583,42,58100.0,2,0.064,633,in_store,49.26,15,1
1563,30,45300.0,0,0.0,1,online,35.32,0,0
3094,31,40600.0,1,0.066,204,online,48.84,25,0
3156,31,23800.0,0,0.139,320,online,18.58,0,0
974,47,49500.0,4,0.304,395,in_store,41.11,15,0
1711,33,58400.0,2,0.164,243,online,54.11,10,0
3202,54,29700.0,4,0.187,1,in_store,31.95,0,0
4000,25,36400.0,1,0.155,109,online,20.26,0,0
4830,18,24200.0,0,0.012,607,online,32.69,0,1
1099,52,68800.0,2,0.052,1,in_store,26.55,0,1
4261,44,56800.0,3,0.137,229,in_store,49.55,0,1
2845,32,53600.0,0,0.095,389,in_store,37.5,5,0
887,55,61400.0,1,0.135,549,online,44.01,10,1
4942,34,29100.0,1,0.03,310,in_store,35.31,20,1
4850,40,45100.0,2,0.08,543,in_store,41.65,0,0
4591,50,42500.0,2,0.131,675,online,41.08,0,1
3831,28,15000.0,1,0.0,261,in_store,18.84,0,0
4412,38,50200.0,0,0.0,232,in_store,46.01,20,0
516,44,42200.0,2,0.177,498,in_store,28.89,20,0
4631,19,41700.0,2,0.026,441,online,33.85,0,1
738,50,62300.0,2,0.132,573,in_store,45.58,0,0
1454,35,46900.0,1,0.111,489,in_store,44.02,20,1
3990,29,21200.0,1,0.015,248,online,38.51,0,0
4711,45,23700.0,1,0.136,200,online,17.61,15,0
2507,58,30400.0,0,0.04,362,online,28.16,0,1
2995,34,32400.0,1,0.005,1,in_store,22.71,0,0
2127,66,57700.0,5,0.199,1,online,39.81,25,1
2927,50,52600.0,0,0.045,293,in_store,41.41,0,1
4756,33,66000.0,5,0.23,157,online,64.35,0,0
907,37,44100.0,1,0.065,75,online,38.67,0,0
3666,21,15000.0,2,0.179,96,in_store,24.97,0,1
1031,54,60400.0,3,0.133,129,in_store,43.82,20,0
2508,44,36200.0,3,0.187,276,in_store,38.96,20,1
2429,40,42900.0,3,0.079,259,online,45.87,5,1
948,18,16700.0,1,0.114,527,online,19.69,25,1
3825,36,54000.0,4,0.187,239,online,32.94,0,1
4086,40,50600.0,3,0.191,1,in_store,39.98,20,1
716,25,31300.0,0,0.055,233,in_store,35.84,0,0
4074,57,73200.0,3,0.0,323,online,50.88,5,1
687,49,74700.0,1,0.098,244,in_store,50.51,10,0
704,39,45000.0,1,0.0,218,in_store,34.07,0,0
3342,49,51200.0,3,0.108,512,in_store,42.91,5,1
2354,42,47700.0,4,0.221,531,in_store,36.77,0,1
2258,43,36700.0,5,0.135,699,in_store,23.11,15,1
3568,26,36100.0,0,0.0,251,in_store,11.06,0,0
474,42,41000.0,0,0.029,308,in_store,50.38,0,0
22,32,56200.0,3,0.056,495,online,50.59,30,1
2753,21,15000.0,0,0.224,532,online,27.03,20,1
886,43,70800.0,5,0.224,442,online,56.22,25,1
2449,49,68700.0,6,0.178,327,online,44.34,25,1
918,46,51700.0,4,0.081,635,in_store,32.7,5,1
4438,50,46500.0,1,0.0,383,online,43.13,0,1
4677,45,55300.0,2,0.032,577,in_store,39.4,20,1
2240,36,38300.0,1,0.0,498,in_store,45.86,0,1
3863,26,29900.0,1,0.139,289,online,33.59,25,0
3396,47,44500.0,4,0.0,753,in_store,26.63,0,0
1266,39,27500.0,1,0.019,113,online,32.14,20,0
484,47,71600.0,2,0.08,180,online,39.91,15,1
4348,18,30100.0,0,0.021,435,online,26.13,5,0
2964,31,22700.0,2,0.101,281,in_store,21.26,20,0
1220,56,46200.0,2,0.0,189,in_store,31.18,0,1
278,27,29200.0,0,0.009,1,in_store,37.4,10,0
989,36,45300.0,2,0.226,157,in_store,37.19,15,1
2085,52,66800.0,3,0.319,697,online,43.13,10,1
1246,41,64900.0,1,0.069,111,in_store,46.61,0,0
2383,22,34000.0,3,0.139,318,in_store,42.98,0,0
572,39,39500.0,2,0.134,620,in_store,45.19,0,1
1436,39,47800.0,6,0.135,597,in_store,46.51,0,1
994,56,51900.0,1,0.0,412,online,54.15,15,0
3468,18,15000.0,1,0.163,356,in_store,24.58,10,0
3998,37,19300.0,2,0.094,318,in_store,28.15,0,0
586,64,64600.0,1,0.166,196,in_store,46.63,20,0
3677,27,15000.0,0,0.093,124,in_store,27.08,15,1
2515,41,60500.0,1,0.024,1,in_store,51.79,0,0
1350,39,44800.0,6,0.256,178,in_store,34.52,0,0
1008,36,21300.0,3,0.021,552,in_store,26.83,15,0
675,50,47500.0,1,0.054,64,online,31.85,15,1
2413,20,24300.0,0,0.274,180,online,28.45,0,0
2904,34,33400.0,0,0.04,469,online,39.28,0,0
448,36,42100.0,2,0.095,559,in_store,32.74,0,1
3489,41,36100.0,1,0.016,1,in_store,27.63,20,0
4905,65,45400.0,2,0.134,45,in_store,42.86,0,1
3722,48,85300.0,2,0.09,75,in_store,34.28,0,0
360,38,42000.0,1,0.021,592,in_store,34.57,20,1
2065,36,66300.0,2,0.1,334,in_store,56.11,10,1
4460,43,72000.0,3,0.092,555,in_store,58.03,20,0
3829,43,20800.0,4,0.118,483,in_store,17.98,0,0
1691,34,37500.0,0,0.0,243,in_store,34.44,0,1
4337,42,47900.0,4,0.0,321,online,33.76,0,1
1549,47,15000.0,1,0.027,1,in_store,29.47,0,1
1248,18,22600.0,1,0.037,50,online,29.46,0,0
1986,37,49400.0,2,0.124,699,in_store,42.7,0,0
295,37,44800.0,1,0.012,391,in_store,15.57,10,1
1548,30,63700.0,2,0.266,591,in_store,44.89,0,1
2013,48,45000.0,1,0.046,119,in_store,47.12,0,0
589,43,44700.0,3,0.0,261,in_store,46.29,0,1
3330,37,56300.0,0,0.0,212,in_store,49.8,0,0
2404,32,26100.0,0,0.065,180,in_store,34.99,15,0
2130,53,46400.0,4,0.169,780,in_store,33.78,0,0
4399,28,26100.0,1,0.08,262,online,33.34,20,1
2411,29,49800.0,1,0.0,455,online,39.12,20,0
2720,27,15400.0,1,0.003,563,online,20.28,0,0
4565,46,30800.0,2,0.148,667,in_store,35.59,0,0
426,36,33200.0,2,0.183,508,online,28.25,25,1
2583,39,54700.0,2,0.023,227,online,37.65,5,1
1055,23,32100.0,1,0.0,620,online,32.87,0,0
3985,30,43900.0,3,0.155,182,online,26.64,0,0
4573,44,44600.0,1,0.136,29,online,50.19,20,0
557,31,42800.0,2,0.076,206,online,35.35,5,0
4369,38,33800.0,1,0.004,285,in_store,25.27,0,1
3957,31,15000.0,1,0.036,1,in_store,29.55,0,1
4723,39,15000.0,1,0.0,206,in_store,36.0,30,1
2470,40,57200.0,2,0.026,254,in_store,40.68,0,1
4721,18,50200.0,0,0.0,196,online,46.04,0,1
356,43,60500.0,0,0.121,95,in_store,49.36,10,0
1194,49,48400.0,1,0.227,39,online,45.32,10,1
1717,33,33900.0,6,0.171,852,in_store,49.97,0,1
3417,41,60100.0,5,0.127,529,in_store,34.59,20,1
2605,54,47100.0,5,0.179,92,online,44.22,20,1
4359,35,47700.0,1,0.107,245,in_store,40.51,0,1
2829,20,48700.0,1,0.021,101,in_store,48.69,0,1
1705,43,32300.0,2,0.185,474,online,35.58,0,0
2864,77,65900.0,1,0.132,411,in_store,35.4,20,0
2619,31,35300.0,3,0.024,1,online,28.28,0,1
2401,35,44700.0,3,0.058,323,online,39.8,20,0
2140,55,62200.0,2,0.061,1,online,50.81,0,0
3240,26,38600.0,3,0.05,242,online,36.0,0,1
2384,34,34700.0,1,0.149,574,in_store,37.86,0,1
3219,67,76900.0,10,0.239,1066,online,54.43,15,1
4193,47,30800.0,3,0.0,558,in_store,30.62,0,0
1286,43,28300.0,1,0.044,73,in_store,34.84,30,1
3815,54,81600.0,4,0.049,19,online,55.53,10,1
3859,35,35400.0,2,0.073,90,online,40.09,0,0
4479,49,90300.0,0,0.113,34,online,52.21,0,0
2088,34,31700.0,1,0.003,489,in_store,22.07,0,0
1890,47,65200.0,3,0.114,577,in_store,37.26,20,1
4900,35,33700.0,2,0.162,1,in_store,28.51,15,0
1592,23,59300.0,4,0.062,959,online,37.2,20,0
1347,44,53500.0,1,0.011,591,in_store,35.39,10,1
4442,18,15000.0,1,0.191,216,in_store,40.65,0,1
2163,56,50400.0,3,0.05,628,in_store,38.44,30,1
2397,35,50500.0,1,0.107,310,in_store,44.37,0,1
3662,45,53300.0,1,0.065,366,in_store,49.03,0,1
2272,27,46400.0,1,0.073,372,online,42.73,10,1
4501,22,15000.0,0,0.099,287,online,35.16,5,1
3112,55,66900.0,1,0.07,401,in_store,38.71,0,1
1138,40,15000.0,3,0.127,472,online,26.51,25,1
4594,36,42200.0,0,0.113,1,in_store,45.73,15,1
973,43,44500.0,1,0.188,371,in_store,24.61,0,0
796,39,50600.0,2,0.14,710,in_store,28.65,0,0
3021,25,57400.0,4,0.0,26,in_store,48.42,0,1
1712,18,23900.0,1,0.092,233,in_store,22.56,15,0
3388,34,64700.0,3,0.253,115,online,34.51,15,0
37,39,55400.0,5,0.043,469,online,53.75,0,1
454,65,47500.0,6,0.0,593,in_store,31.69,25,1
914,33,38200.0,2,0.106,337,in_store,30.68,20,1
4099,45,42200.0,3,0.035,310,in_store,33.33,0,0
1200,27,38400.0,1,0.173,1,online,39.85,0,1
1275,33,38700.0,5,0.095,636,online,29.42,0,1
2376,18,19100.0,0,0.281,431,online,41.04,30,0
38,30,26800.0,1,0.092,1,online,36.35,0,0
975,28,56600.0,2,0.152,199,in_store,42.91,20,0
3196,53,45000.0,4,0.244,554,in_store,45.99,20,1
984,49,62300.0,7,0.236,693,online,56.76,20,1
3923,27,49700.0,3,0.0,504,online,39.29,0,1
4088,19,21900.0,3,0.085,606,in_store,18.4,0,1
1419,52,82200.0,5,0.224,449,in_store,57.39,10,1
3333,18,63600.0,1,0.13,91,online,56.26,10,0
1561,35,41800.0,2,0.083,741,in_store,29.19,0,1
40,48,34100.0,2,0.207,406,in_store,38.25,0,0
1487,51,52100.0,4,0.166,613,online,30.39,0,0
3902,48,28100.0,3,0.153,383,online,24.34,0,0
170,40,78900.0,0,0.0,500,online,45.03,10,1
1356,46,46800.0,1,0.186,1,online,38.47,25,1
2786,41,78400.0,3,0.025,323,online,64.59,0,1
3651,57,55800.0,1,0.0,241,in_store,37.86,0,0
4759,28,67300.0,1,0.0,168,in_store,36.16,20,0
4023,24,66200.0,0,0.108,269,in_store,34.2,15,1
2683,52,52000.0,3,0.107,249,online,44.35,20,0
4715,33,50200.0,0,0.136,247,in_store,34.54,30,1
4044,23,25800.0,0,0.0,67,in_store,47.36,10,1
1641,22,41100.0,2,0.184,398,in_store,43.53,0,1
1291,42,38600.0,2,0.018,314,online,42.3,25,1
1381,55,50000.0,2,0.0,317,in_store,35.57,0,1
1934,56,59400.0,5,0.073,830,in_store,43.36,0,0
580,44,63600.0,5,0.168,422,in_store,40.49,0,1
4230,51,46800.0,4,0.0,405,online,32.38,0,1
3161,39,36100.0,2,0.035,1,in_store,48.73,10,0
2031,56,53900.0,2,0.0,352,online,41.27,20,0
893,35,71900.0,2,0.179,210,online,55.84,5,1
4588,58,57100.0,3,0.095,124,in_store,37.6,30,0
781,39,40500.0,0,0.067,1,in_store,39.36,20,0
160,26,15000.0,1,0.0,1,in_store,29.28,20,1
3,49,41300.0,1,0.084,655,in_store,44.36,0,1
2264,38,37700.0,5,0.125,71,in_store,33.11,0,1
3217,24,17700.0,2,0.07,65,online,34.87,15,1
2110,43,55900.0,0,0.033,1,in_store,32.08,20,1
850,52,53200.0,3,0.074,307,in_store,36.38,0,0
2738,37,36800.0,2,0.093,166,online,41.55,20,1
2467,35,35900.0,3,0.033,367,in_store,33.64,0,0
4010,54,29900.0,2,0.0,604,in_store,26.66,0,0
3669,19,24500.0,0,0.047,42,in_store,22.23,0,1
1597,44,44700.0,1,0.088,179,in_store,32.54,25,0
1777,24,22600.0,0,0.037,1069,online,24.39,20,0
1914,18,62100.0,2,0.169,351,online,48.4,30,1
1044,41,25900.0,2,0.06,427,in_store,28.64,0,0
4783,30,42500.0,1,0.096,136,online,37.1,0,1
1545,56,50100.0,5,0.194,649,in_store,56.04,10,0
2737,29,53900.0,0,0.113,1,in_store,37.53,20,1
3725,39,59000.0,6,0.264,969,online,54.39,20,0
4628,49,54500.0,1,0.118,76,online,51.92,0,0
54,36,31600.0,0,0.021,70,in_store,35.38,0,0
1797,36,37400.0,2,0.032,206,in_store,39.98,10,1
3589,30,49000.0,3,0.011,294,in_store,25.1,0,0
1912,46,40700.0,4,0.2,466,in_store,36.87,20,1
2307,63,66400.0,2,0.161,546,in_store,50.32,20,0
2554,18,40100.0,0,0.0,1,online,28.65,25,1
2801,37,51700.0,1,0.076,1,online,40.38,0,0
937,26,18800.0,0,0.0,1,online,32.95,0,0
4439,23,48400.0,1,0.0,361,online,43.85,0,0
825,18,15000.0,0,0.0,111,online,29.34,0,0
4744,39,47900.0,1,0.0,337,online,43.92,0,0
3179,48,48100.0,3,0.227,3,in_store,33.06,0,0
3402,50,69800.0,2,0.209,1,online,52.93,25,1
1390,29,44000.0,5,0.13,508,online,41.3,15,1
3565,57,39200.0,2,0.015,196,in_store,34.86,30,0
4887,43,38900.0,0,0.0,560,online,34.17,25,0
885,27,48000.0,2,0.031,53,in_store,38.49,0,1
4358,36,23900.0,1,0.081,355,online,30.77,0,1
1608,42,45900.0,3,0.143,7,online,36.78,10,1
1595,45,39700.0,2,0.0,84,in_store,21.48,0,0
772,56,65400.0,3,0.122,487,online,47.7,0,1
2612,50,46300.0,0,0.0,348,in_store,44.91,0,1
3873,34,15000.0,2,0.024,762,in_store,24.56,0,0
2274,51,45400.0,1,0.087,646,in_store,38.37,5,1
1869,36,21000.0,1,0.286,40,online,33.61,0,1
1086,35,21300.0,0,0.174,265,in_store,40.3,0,1
11,51,64800.0,2,0.113,113,online,45.72,15,1
3847,39,42400.0,3,0.118,485,in_store,37.23,30,1
1326,52,92300.0,3,0.078,37,online,61.19,25,0
3391,27,30900.0,0,0.152,518,in_store,32.26,10,0
1464,46,60900.0,2,0.125,412,in_store,38.48,25,0
807,38,29600.0,0,0.071,391,in_store,30.96,0,1
3754,49,41200.0,2,0.13,1,in_store,33.73,0,1
4004,67,47100.0,4,0.246,257,in_store,28.66,20,1
3790,34,36000.0,7,0.177,752,in_store,45.14,25,1
2109,30,47100.0,0,0.248,1,online,39.46,0,0
4246,40,38100.0,3,0.272,591,in_store,39.43,20,0
4967,35,49700.0,5,0.033,609,in_store,33.11,10,0
2235,29,43400.0,1,0.0,362,online,19.82,10,0
3212,39,42400.0,2,0.044,234,in_store,30.59,0,1
964,39,43700.0,1,0.149,276,online,40.93,30,0
3416,41,41600.0,2,0.093,443,in_store,38.75,0,1
3772,24,48600.0,0,0.051,388,in_store,35.38,20,1
399,46,23200.0,3,0.118,524,in_store,26.2,0,0
2633,39,39000.0,1,0.019,173,online,35.15,25,0
4862,47,22000.0,1,0.147,608,online,18.98,25,1
2997,25,65500.0,2,0.117,195,online,54.07,0,0
705,53,39600.0,3,0.309,505,in_store,31.54,0,0
432,46,54300.0,1,0.066,498,in_store,34.59,0,1
293,58,63100.0,1,0.019,654,in_store,49.31,0,0
4878,47,19300.0,3,0.048,248,in_store,39.43,0,0
146,35,43600.0,4,0.206,392,in_store,35.54,0,1
4156,33,43500.0,2,0.0,518,online,37.86,10,0
2034,35,35800.0,4,0.0,307,in_store,31.01,0,0
4216,57,88700.0,4,0.176,327,in_store,68.34,15,1
1166,30,46600.0,2,0.141,205,in_store,42.05,25,1
3501,37,43800.0,3,0.127,1,in_store,42.76,0,1
2051,49,59500.0,4,0.154,589,online,43.12,25,0
2625,33,28000.0,1,0.0,447,in_store,31.24,25,1
4389,20,37200.0,1,0.073,394,in_store,41.33,20,0
340,47,67300.0,6,0.274,552,online,51.88,5,0
3898,61,79600.0,3,0.042,565,in_store,52.93,10,0
3691,49,37500.0,6,0.148,268,online,22.36,20,1
2974,33,50400.0,3,0.148,542,online,57.38,0,1
266,52,52200.0,4,0.126,232,in_store,51.15,20,1
2425,41,49200.0,0,0.185,307,in_store,25.75,0,1
1263,50,47600.0,1,0.112,341,online,42.98,10,1
1772,41,77200.0,6,0.115,986,online,45.6,10,0
3512,23,27900.0,2,0.14,285,online,39.43,20,0
272,44,64800.0,4,0.312,1,online,32.5,25,0
697,18,33700.0,2,0.155,397,in_store,43.63,20,0
748,46,27100.0,1,0.077,86,online,33.7,15,0
245,66,79400.0,5,0.011,299,in_store,61.93,20,1
318,32,59700.0,1,0.066,726,online,40.48,10,1
477,53,41300.0,6,0.138,711,in_store,51.35,0,1
2033,48,52200.0,2,0.0,599,online,36.72,20,0
958,67,76000.0,7,0.225,677,online,37.54,0,1
3835,57,39900.0,1,0.174,661,online,41.68,25,0
814,34,54500.0,2,0.2,374,in_store,33.88,10,0
4181,54,30200.0,4,0.196,328,online,29.38,0,0
1915,54,30800.0,1,0.114,223,in_store,30.44,0,1
4613,35,53600.0,3,0.049,801,in_store,45.42,0,1
3488,43,42200.0,0,0.096,554,in_store,32.5,20,0
1298,32,41500.0,2,0.192,634,in_store,50.1,25,1
4049,38,50300.0,2,0.114,221,online,38.82,25,0
1805,41,56200.0,2,0.207,783,in_store,47.61,0,1
759,48,55800.0,4,0.187,92,online,36.99,0,0
251,36,41100.0,2,0.091,627,in_store,23.63,30,1
2462,24,31900.0,0,0.094,166,in_store,33.4,25,0
546,38,69100.0,4,0.172,48,in_store,41.15,15,1
3242,30,23400.0,1,0.001,1,in_store,19.22,0,1
739,21,15000.0,1,0.078,23,online,25.33,10,0
311,54,40500.0,2,0.084,281,online,33.85,0,0
3886,41,73000.0,1,0.061,431,online,33.0,0,0
2942,55,63800.0,2,0.174,408,in_store,28.71,15,1
1132,37,45900.0,2,0.074,388,online,36.44,20,1
1450,33,62400.0,2,0.239,554,in_store,50.54,0,1
4930,53,56400.0,6,0.115,308,in_store,38.3,0,1
16,30,32100.0,5,0.118,1,in_store,52.28,20,0
3233,27,40000.0,1,0.129,501,online,15.42,20,0
2770,49,50800.0,3,0.0,66,online,42.81,15,1
3469,57,57500.0,5,0.256,456,in_store,43.5,10,1
921,36,39000.0,0,0.0,1,online,24.13,10,0
3030,43,49500.0,2,0.311,30,in_store,40.3,0,0
1373,45,42100.0,2,0.0,82,in_store,33.4,30,0
3588,42,36100.0,1,0.187,327,in_store,38.79,0,0
2545,39,23800.0,3,0.262,760,in_store,41.26,0,1
3599,19,32900.0,2,0.095,1,in_store,28.49,20,0
39,30,15000.0,1,0.144,167,online,23.94,0,0
364,27,31400.0,3,0.234,797,in_store,19.14,10,1
4111,47,58500.0,4,0.053,185,in_store,35.22,0,0
183,35,41000.0,1,0.058,468,online,36.65,15,1
3034,44,51300.0,2,0.113,447,online,42.86,15,0
2984,43,34700.0,2,0.181,263,in_store,38.2,0,1
1195,63,54700.0,6,0.238,502,online,53.97,20,0
2853,56,88400.0,2,0.18,1,in_store,49.99,20,1
3785,62,55900.0,3,0.104,606,online,31.33,20,1
1122,40,60400.0,3,0.2,677,online,57.01,0,0
2236,27,53900.0,2,0.184,123,in_store,44.23,0,0
2668,37,32900.0,3,0.11,577,online,38.53,20,1
3718,45,70200.0,5,0.17,656,in_store,52.12,10,1
3224,18,56600.0,3,0.126,624,in_store,51.71,20,1
1183,30,15000.0,0,0.0,1,online,9.99,0,0
4194,28,37100.0,1,0.035,312,in_store,43.27,5,0
4304,33,39500.0,0,0.072,1,in_store,40.45,0,0
615,30,50000.0,1,0.064,178,online,39.39,0,1
4919,43,39900.0,0,0.086,10,in_store,36.66,0,0
1467,25,45000.0,0,0.068,1,online,41.45,10,0
402,42,57800.0,2,0.029,773,in_store,36.66,10,1
3043,29,49000.0,2,0.078,240,in_store,35.52,0,1
935,44,24400.0,1,0.0,1,in_store,29.64,15,0
2420,18,15000.0,1,0.108,201,in_store,22.24,0,0
4048,33,92000.0,1,0.062,1,online,48.9,5,0
4525,52,50300.0,3,0.22,194,online,30.16,20,1
2642,39,57600.0,2,0.076,517,in_store,21.49,0,0
4036,42,73300.0,1,0.0,342,online,39.62,10,1
727,43,21800.0,1,0.085,331,online,15.89,0,1
827,40,59900.0,2,0.144,183,online,51.09,15,0
1522,18,41300.0,2,0.154,335,in_store,55.2,0,1
4755,61,41700.0,3,0.0,149,in_store,35.7,20,1
2931,31,31000.0,1,0.026,280,online,30.38,10,1
137,44,54400.0,2,0.098,285,in_store,37.08,5,0
3591,39,33400.0,0,0.066,152,online,26.33,0,1
629,28,47100.0,0,0.034,76,in_store,47.36,0,0
335,40,61900.0,1,0.003,376,online,55.21,10,0
391,18,54100.0,0,0.0,1,in_store,37.97,0,1
4398,34,26800.0,1,0.051,91,in_store,49.65,0,1
4886,36,19200.0,4,0.143,646,in_store,31.42,0,0
4208,51,70300.0,3,0.123,144,online,42.4,20,1
1818,51,52300.0,3,0.129,454,online,42.46,0,1
401,38,39300.0,1,0.056,348,in_store,38.42,25,1
711,40,58400.0,5,0.172,281,in_store,42.64,20,1
1040,48,62400.0,1,0.0,180,in_store,34.93,0,1
4292,21,35100.0,1,0.234,131,online,26.32,10,1
3360,42,48200.0,4,0.138,636,in_store,36.19,0,0
47,50,66000.0,5,0.214,417,in_store,47.58,10,0
1562,42,20700.0,1,0.13,835,in_store,35.37,0,0
4810,39,20000.0,1,0.075,480,in_store,41.23,20,1
3643,39,35900.0,2,0.103,252,in_store,48.15,20,0
3727,43,67200.0,1,0.146,285,online,58.66,20,1
4854,19,39200.0,2,0.19,642,in_store,32.53,10,1
1113,26,37800.0,1,0.0,370,in_store,42.72,0,1
2514,50,54800.0,3,0.083,129,online,45.67,10,1
3609,49,46500.0,2,0.008,199,online,40.04,10,1
1224,49,63100.0,2,0.164,1,online,41.17,0,0
4079,35,34500.0,2,0.141,1,in_store,27.69,20,1
3024,31,31700.0,3,0.213,200,online,37.62,20,1
2422,37,41100.0,2,0.146,167,online,53.17,0,0
1509,64,52500.0,5,0.122,446,in_store,44.71,20,0
1751,31,49500.0,1,0.161,512,online,34.44,0,1
4848,48,48200.0,0,0.152,69,online,52.83,0,1
4106,49,58000.0,4,0.163,337,online,42.38,10,1
1800,35,64700.0,2,0.132,566,online,47.18,20,1
339,54,59900.0,2,0.008,384,in_store,32.9,0,0
216,52,43100.0,1,0.12,306,in_store,42.14,10,1
3664,44,57200.0,3,0.245,217,online,40.81,5,0
1342,45,45400.0,1,0.011,1,in_store,41.24,0,0
12,49,32600.0,2,0.037,145,online,33.14,0,0
1521,25,50900.0,1,0.157,277,in_store,43.57,0,0
3641,21,45300.0,1,0.052,519,online,26.0,0,0
3956,18,15000.0,0,0.087,1,online,30.8,20,1
3794,49,57000.0,7,0.063,487,in_store,30.65,0,0
3005,37,46200.0,1,0.1,310,online,31.47,0,1
2865,27,17900.0,1,0.104,1,in_store,34.2,0,0
3116,49,44700.0,2,0.045,359,online,36.44,15,0
4851,36,47800.0,2,0.093,349,online,19.72,20,1
2323,54,77200.0,4,0.055,317,in_store,58.76,0,0
2572,48,60600.0,4,0.133,543,in_store,42.91,10,1
2914,18,15000.0,0,0.084,1,in_store,14.09,0,0
102,56,80700.0,5,0.203,413,online,61.01,5,1
3550,47,77700.0,5,0.146,633,online,54.61,20,0
1459,61,54500.0,2,0.064,439,in_store,34.89,20,0
172,45,47500.0,2,0.177,440,in_store,44.93,20,0
108,36,36900.0,4,0.063,619,in_store,46.26,20,1
4206,37,39000.0,1,0.148,372,in_store,39.74,0,1
3570,50,41700.0,1,0.226,1,online,37.69,0,0
4306,40,46000.0,3,0.0,261,online,44.14,0,1
4082,50,48300.0,2,0.238,466,in_store,47.82,0,0
3880,44,36200.0,3,0.137,784,in_store,36.82,0,1
4690,33,58300.0,2,0.041,7,online,31.34,0,0
4089,35,16300.0,2,0.234,193,in_store,22.06,25,0
61,20,15700.0,1,0.103,37,in_store,31.5,0,1
1241,55,72900.0,8,0.222,13,online,47.38,20,1
4648,31,53400.0,1,0.171,240,online,55.52,5,1
1041,29,69700.0,5,0.098,510,online,32.2,5,1
4197,43,26600.0,1,0.076,1,in_store,28.62,20,1
2761,32,41800.0,2,0.098,123,online,26.97,0,1
2121,47,59400.0,2,0.124,406,online,45.02,0,1
1525,35,45000.0,3,0.096,97,online,30.39,20,1
3522,40,31600.0,1,0.096,227,online,26.18,30,1
154,34,61500.0,2,0.081,16,online,50.21,15,1
2249,39,58300.0,2,0.099,313,online,40.04,0,0
482,57,49300.0,3,0.0,22,online,38.66,30,1
4243,27,15000.0,1,0.115,393,in_store,23.95,0,1
4316,39,47500.0,1,0.121,730,in_store,36.6,0,1
3579,47,74900.0,2,0.101,1,in_store,64.36,0,1
4490,36,25100.0,1,0.113,354,online,25.86,0,1
3563,25,28200.0,0,0.0,183,online,29.82,30,1
3316,50,59200.0,7,0.127,98,in_store,29.31,20,1
1763,32,35300.0,2,0.087,329,in_store,37.91,0,1
3539,50,70600.0,3,0.179,299,online,44.83,15,0
4814,40,47200.0,2,0.076,157,in_store,32.16,0,1
751,40,51200.0,5,0.364,665,online,42.76,15,0
3620,37,43600.0,2,0.083,334,in_store,33.99,20,0
1786,55,39300.0,5,0.209,651,in_store,29.92,0,1
4281,57,38300.0,0,0.147,55,in_store,38.51,15,0
3384,32,28000.0,2,0.163,240,in_store,30.48,0,0
4148,64,48000.0,0,0.06,116,online,30.2,5,0
406,37,60600.0,1,0.144,357,online,51.79,0,0
758,50,45400.0,5,0.096,568,in_store,38.23,10,1
2712,48,66500.0,1,0.219,151,online,38.83,20,0
2671,48,54100.0,1,0.139,1,in_store,36.61,0,0
4002,51,36300.0,1,0.0,269,in_store,35.22,0,1
98,28,71700.0,5,0.204,453,online,60.69,10,1
1334,43,20700.0,4,0.162,408,online,46.23,0,1
4462,39,48600.0,2,0.0,391,online,36.78,0,1
2792,39,21500.0,1,0.2,1,in_store,27.58,0,1
2855,30,45400.0,1,0.091,303,in_store,24.61,0,1
187,42,56000.0,2,0.115,438,online,47.87,10,1
4404,59,68500.0,1,0.128,103,online,55.49,0,1
2724,42,15800.0,2,0.158,332,in_store,32.85,0,0
3584,39,26800.0,1,0.0,353,in_store,23.89,5,0
2059,33,62900.0,5,0.194,96,online,54.53,25,1
1320,54,69900.0,7,0.289,366,online,41.86,15,1
149,53,54500.0,2,0.222,217,online,43.77,10,1
29,45,61300.0,2,0.159,329,online,52.94,20,1
4150,19,34400.0,0,0.16,474,online,34.31,0,0
4220,35,34300.0,0,0.037,291,online,42.02,0,1
3364,29,30000.0,3,0.14,495,online,40.31,10,1
693,51,49100.0,2,0.114,371,in_store,38.56,0,0
2867,46,47100.0,6,0.142,358,online,40.74,10,1
3777,29,47000.0,1,0.124,522,online,41.15,25,1
1387,55,78200.0,1,0.004,184,online,48.8,0,1
1846,18,39500.0,4,0.204,492,online,34.99,10,0
4741,37,70500.0,4,0.125,1,online,56.56,20,1
130,29,38900.0,1,0.079,1,in_store,42.52,0,0
1600,27,55300.0,2,0.098,545,online,35.7,25,1
3630,48,72000.0,0,0.076,1,in_store,42.51,0,0
4514,31,34700.0,3,0.0,855,in_store,36.19,5,1
702,37,60500.0,1,0.0,612,in_store,36.89,0,0
4418,44,45100.0,2,0.018,396,online,41.5,10,1
3029,30,41600.0,3,0.111,194,in_store,36.81,10,0
2970,40,69300.0,4,0.162,327,online,52.78,15,0
4367,45,60300.0,0,0.039,1,in_store,49.6,20,0
1709,52,65800.0,5,0.117,566,in_store,46.1,0,1
2954,18,34800.0,3,0.158,11,in_store,39.84,0,1
455,41,35200.0,2,0.078,890,in_store,37.93,10,0
2869,41,59200.0,4,0.0,495,in_store,41.46,0,1
2041,51,55000.0,3,0.155,743,in_store,35.19,0,0
1773,24,34600.0,2,0.147,257,in_store,43.34,15,0
2316,44,48000.0,2,0.0,227,in_store,29.56,0,0
610,46,56600.0,2,0.03,224,in_store,45.48,0,1
168,45,32400.0,1,0.086,269,in_store,33.35,10,0
731,45,16500.0,4,0.184,315,in_store,37.08,25,1
4259,58,33800.0,3,0.0,527,online,34.96,0,0
3359,28,68300.0,3,0.087,374,in_store,48.17,0,0
2075,41,63800.0,7,0.18,382,in_store,36.89,25,1
4700,40,71200.0,1,0.136,376,online,59.82,20,0
3701,39,23900.0,1,0.14,1,in_store,24.53,0,1
1623,49,73000.0,3,0.118,328,in_store,44.95,5,0
588,30,50100.0,1,0.055,281,in_store,45.74,0,1
1402,36,28200.0,2,0.092,430,in_store,44.08,0,1
3046,36,48100.0,1,0.049,65,online,41.11,0,0
3225,43,61100.0,2,0.037,348,online,56.84,25,0
1701,26,23800.0,1,0.102,794,in_store,33.9,10,0
3089,42,53700.0,0,0.136,304,online,32.92,10,1
4401,39,32000.0,2,0.103,488,online,32.59,0,0
2982,59,61900.0,5,0.095,623,in_store,45.72,25,1
41,49,51800.0,3,0.0,628,in_store,27.35,0,1
1380,58,57100.0,3,0.1,72,in_store,47.15,10,1
2090,46,49000.0,2,0.024,679,in_store,42.89,5,1
2176,41,66900.0,4,0.093,596,online,59.67,20,1
3218,54,38700.0,1,0.013,412,online,21.59,0,1
2886,44,26100.0,5,0.16,623,in_store,24.66,0,1
75,42,65400.0,2,0.016,317,online,43.77,0,0
3928,23,26300.0,0,0.007,22,in_store,24.7,25,1
3909,28,29500.0,1,0.165,613,online,34.97,0,0
2658,29,31500.0,2,0.019,144,in_store,27.91,0,1
3181,28,40500.0,2,0.0,254,in_store,24.37,5,0
2077,40,54200.0,6,0.158,411,online,37.07,15,1
442,44,28300.0,2,0.226,282,in_store,38.7,0,0
4070,18,16400.0,1,0.16,229,online,31.04,0,0
2052,25,61300.0,1,0.105,285,online,51.79,5,1
2542,45,43000.0,0,0.0,316,online,33.68,0,1
3307,46,28400.0,2,0.038,522,online,27.88,0,0
1302,18,19200.0,1,0.007,348,online,25.91,0,0
1782,41,45600.0,2,0.177,1,in_store,42.93,20,1
4825,49,49900.0,2,0.144,121,online,33.22,5,1
3431,21,33300.0,1,0.034,1,online,40.17,15,1
1305,37,58200.0,1,0.039,62,in_store,61.34,0,0
237,18,16800.0,0,0.106,264,in_store,26.32,0,0
2600,52,45400.0,2,0.0,4,in_store,50.09,15,0
521,28,47200.0,2,0.093,174,online,44.89,0,1
2574,42,53600.0,2,0.218,750,online,53.8,15,1
3281,61,66100.0,7,0.19,242,in_store,38.73,25,1
3187,28,63400.0,2,0.005,370,online,38.41,0,1
2769,50,56100.0,3,0.074,108,in_store,42.74,5,0
736,42,18900.0,2,0.125,418,online,25.54,0,0
4714,29,34400.0,0,0.085,180,in_store,44.64,20,0
4940,29,15900.0,2,0.067,1,online,36.0,0,0
2107,57,63600.0,5,0.154,479,in_store,46.82,15,1
2680,45,37700.0,3,0.019,615,online,40.01,20,0
3230,23,35100.0,0,0.166,1,online,35.47,20,0
2762,21,17800.0,1,0.144,221,online,40.22,25,0
593,62,74800.0,3,0.0,345,in_store,49.3,20,0
1304,49,35500.0,2,0.241,497,online,33.02,0,1
1388,27,15000.0,2,0.171,234,in_store,18.15,0,0
4706,47,54200.0,3,0.014,755,online,49.85,15,1
4537,29,35900.0,2,0.125,1,online,37.91,0,0
3966,30,53500.0,2,0.11,1,online,31.2,0,1
1891,52,38000.0,3,0.114,534,in_store,20.9,0,1
2988,59,57700.0,3,0.191,375,in_store,33.12,20,1
4935,35,45400.0,4,0.203,399,online,38.95,10,1
3298,39,40700.0,3,0.107,120,online,36.15,25,1
905,33,45400.0,4,0.0,206,online,35.74,0,1
4620,47,54900.0,1,0.0,65,in_store,27.36,25,1
1280,37,15000.0,1,0.128,180,in_store,28.76,25,1
934,60,59100.0,7,0.205,381,in_store,37.8,20,1
4910,39,41000.0,1,0.013,1,in_store,33.14,30,1
2309,55,44900.0,0,0.264,585,online,35.07,0,1
1556,32,40800.0,4,0.137,638,online,39.72,0,1
4544,28,27500.0,0,0.241,74,online,24.69,10,1
3191,23,42500.0,0,0.151,260,in_store,31.36,0,1
4452,37,39000.0,2,0.169,13,online,47.33,20,0
707,29,52900.0,3,0.027,522,online,43.06,20,0
4701,50,44400.0,4,0.269,367,in_store,38.17,25,0
3071,50,76900.0,4,0.261,43,in_store,32.98,20,1
746,51,66100.0,4,0.208,1,in_store,51.86,30,0
3595,35,39800.0,2,0.048,574,in_store,49.34,15,0
1940,30,37000.0,2,0.174,203,in_store,30.13,10,0
4411,57,41700.0,5,0.36,358,online,35.15,0,1
2863,31,23700.0,1,0.095,510,online,23.36,0,1
4707,45,45400.0,1,0.084,278,online,23.37,20,1
514,39,35400.0,1,0.073,241,in_store,25.18,15,0
82,32,30200.0,0,0.083,65,in_store,38.32,0,0
4987,45,60800.0,1,0.104,844,online,45.9,0,1
1309,18,49000.0,2,0.092,60,online,38.53,0,0
4559,49,45500.0,3,0.029,176,online,41.1,0,1
915,52,61700.0,2,0.079,1,in_store,41.3,30,1
3453,63,46100.0,3,0.126,173,in_store,18.47,15,0
3696,31,48700.0,0,0.115,516,in_store,49.66,0,1
4815,42,55200.0,4,0.148,178,in_store,43.87,20,1
3157,72,64900.0,3,0.0,525,in_store,39.27,0,0
2199,37,28100.0,4,0.237,19,in_store,39.41,0,1
4242,30,47600.0,4,0.28,415,online,38.03,20,1
775,40,83500.0,5,0.052,783,in_store,57.03,10,0
330,34,49600.0,3,0.119,510,in_store,38.16,25,0
2055,44,61700.0,2,0.0,360,in_store,43.43,30,1
2002,32,26400.0,3,0.157,1,online,20.29,20,0
944,54,15000.0,1,0.061,189,in_store,13.76,0,0
823,26,37800.0,2,0.159,721,in_store,44.46,0,0
4538,44,57900.0,4,0.275,666,online,42.06,0,0
910,27,56800.0,5,0.212,459,online,35.88,0,1
2517,40,57300.0,5,0.169,528,online,53.81,0,0
182,43,46300.0,1,0.111,266,in_store,42.42,10,1
165,50,38800.0,1,0.086,214,in_store,28.07,25,1
1524,38,53100.0,2,0.036,1,in_store,42.45,5,1
452,44,35100.0,2,0.182,88,in_store,23.75,0,1
2539,47,30800.0,1,0.0,552,in_store,43.82,10,0
4689,38,39500.0,3,0.086,645,in_store,27.77,0,0
4786,21,34500.0,0,0.206,371,online,40.82,20,1
1312,50,70700.0,6,0.052,328,in_store,52.22,20,1
3150,43,57000.0,4,0.172,522,online,43.37,25,1
1112,37,40100.0,1,0.152,445,in_store,43.9,0,0
4558,46,47500.0,3,0.048,1,in_store,30.81,0,1
3875,25,33100.0,0,0.0,166,in_store,26.45,0,0
3490,37,16000.0,3,0.111,317,in_store,42.4,0,0
1288,40,31100.0,3,0.01,276,in_store,33.48,20,0
4546,40,60200.0,2,0.122,1,in_store,38.2,0,0
4656,39,15000.0,0,0.09,269,in_store,22.95,25,0
3681,32,42100.0,0,0.014,69,online,32.49,30,1
4341,18,15000.0,1,0.058,420,online,32.68,20,0
4178,44,66100.0,0,0.066,186,online,23.14,10,1
3301,47,67000.0,1,0.192,268,in_store,40.23,0,1
3311,34,21800.0,4,0.169,411,in_store,38.96,0,0
4567,18,15000.0,3,0.0,409,online,25.57,0,0
3126,47,27500.0,4,0.13,218,in_store,26.73,20,1
328,39,32500.0,3,0.0,646,online,43.19,0,0
1791,20,42600.0,3,0.076,279,in_store,18.3,0,1
2491,50,32400.0,2,0.223,26,in_store,29.12,10,1
2007,39,20600.0,2,0.094,625,in_store,19.91,0,1
2008,27,15000.0,3,0.026,561,in_store,38.19,30,1
1859,45,82500.0,2,0.0,626,in_store,67.37,0,0
4696,44,54200.0,2,0.055,46,in_store,51.05,0,1
313,61,67500.0,1,0.099,357,online,52.84,0,1
833,26,38600.0,2,0.0,479,online,24.84,15,1
3080,53,91700.0,2,0.018,529,in_store,47.53,15,0
4728,27,54800.0,1,0.189,1,online,32.46,10,1
3463,24,15000.0,1,0.237,1,in_store,22.67,30,0
1202,34,28700.0,3,0.215,634,in_store,31.5,30,1
4402,34,54500.0,2,0.003,261,in_store,41.02,0,0
3548,53,87200.0,3,0.114,189,in_store,57.08,25,1
4012,43,32100.0,1,0.114,237,online,30.09,0,1
2135,30,33100.0,1,0.0,1,online,19.48,10,0
3452,48,43400.0,3,0.016,417,in_store,47.82,0,0
2210,35,42500.0,0,0.0,68,online,39.35,0,1
1902,53,74900.0,2,0.0,98,in_store,61.35,0,1
1482,47,40400.0,1,0.084,707,in_store,31.62,0,1
778,45,51500.0,3,0.152,33,in_store,38.95,0,0
800,40,51600.0,2,0.123,1,in_store,35.74,20,1
3715,31,28000.0,3,0.128,1,online,36.55,0,0
3943,30,55200.0,4,0.0,82,online,49.43,0,1
55,34,41700.0,0,0.0,379,online,30.25,0,0
2973,40,41400.0,3,0.141,1,online,31.99,20,1
3336,37,42000.0,0,0.0,313,in_store,31.95,0,1
1921,27,57400.0,2,0.164,1,in_store,47.82,0,0
3716,30,56900.0,2,0.13,322,online,65.17,15,1
4657,30,31400.0,2,0.042,371,in_store,40.78,0,1
947,44,60900.0,1,0.059,299,in_store,45.1,20,0
1702,34,67200.0,2,0.206,155,in_store,39.74,0,1
3294,47,53000.0,2,0.0,358,in_store,40.89,0,0
2162,29,41000.0,2,0.05,1,in_store,22.79,0,1
1137,41,45400.0,2,0.055,832,in_store,29.76,25,1
988,44,41000.0,1,0.036,534,in_store,29.05,20,1
2550,46,56700.0,4,0.085,834,online,32.47,0,1
194,58,66600.0,3,0.051,1,in_store,52.44,15,0
3058,34,60200.0,4,0.206,868,in_store,60.12,20,1
3247,30,41800.0,3,0.21,89,online,28.76,25,1
1395,18,58700.0,1,0.267,541,in_store,52.24,15,0
2638,37,53200.0,1,0.031,1,online,41.09,0,1
769,25,33300.0,2,0.088,7,online,29.11,15,0
4713,53,36000.0,4,0.097,474,in_store,43.8,15,0
3091,55,74100.0,5,0.136,502,in_store,44.89,20,1
3496,39,41000.0,3,0.124,210,online,27.92,25,1
3216,46,55700.0,1,0.065,247,online,32.05,0,1
286,34,46900.0,5,0.067,687,in_store,35.0,0,1
4949,40,62900.0,3,0.181,263,in_store,58.5,10,1
429,23,48600.0,1,0.125,174,online,45.32,15,1
4459,33,35300.0,2,0.071,243,online,40.98,0,1
2333,43,42000.0,2,0.023,291,in_store,44.48,30,0
2718,42,63600.0,4,0.128,465,online,42.98,15,0
2080,29,42700.0,2,0.149,1,online,15.1,0,0
3390,34,61100.0,4,0.166,251,in_store,42.67,25,1
723,18,30300.0,1,0.166,237,in_store,32.58,0,0
952,45,59300.0,1,0.052,235,online,46.39,15,0
4394,29,52100.0,2,0.037,550,online,34.13,0,1
4377,22,22600.0,0,0.179,81,online,24.22,0,0
2263,42,63800.0,2,0.112,416,online,40.56,0,1
990,34,33800.0,1,0.161,180,in_store,39.96,20,0
3213,48,59900.0,2,0.065,510,in_store,38.98,0,0
1760,41,69300.0,8,0.17,380,online,43.81,10,1
4117,54,35400.0,3,0.085,239,in_store,36.41,20,0
327,21,62400.0,2,0.0,484,online,44.69,0,0
2609,50,80100.0,2,0.068,1,online,53.54,25,1
1384,38,26400.0,0,0.0,1,in_store,24.31,0,1
1725,54,62100.0,2,0.228,121,online,52.59,20,1
1087,23,45200.0,0,0.057,344,in_store,33.66,0,0
2524,18,37100.0,0,0.013,56,in_store,28.63,0,1
342,44,51200.0,2,0.121,733,in_store,54.73,0,0
3702,29,19500.0,2,0.0,279,in_store,28.73,15,0
148,38,32600.0,2,0.164,521,in_store,26.82,0,1
689,34,50200.0,2,0.059,156,in_store,37.71,0,0
3433,36,32100.0,2,0.0,645,in_store,29.49,0,0
1108,30,75100.0,2,0.034,486,in_store,44.4,10,1
849,32,48300.0,2,0.09,450,in_store,54.14,30,0
967,37,31300.0,1,0.001,1,in_store,30.74,0,0
4993,33,32600.0,1,0.0,59,in_store,30.42,0,0
1493,33,24100.0,4,0.172,423,online,17.38,0,1
3954,35,54800.0,2,0.059,30,online,46.82,15,1
2204,47,51400.0,4,0.163,1,in_store,41.04,0,0
2714,26,25100.0,0,0.0,543,online,51.8,10,0
662,40,49100.0,1,0.252,1,in_store,50.82,15,1
1003,35,54900.0,1,0.021,194,in_store,36.26,30,1
63,42,32200.0,2,0.193,391,in_store,50.46,15,0
285,27,40800.0,3,0.196,341,online,35.46,30,0
2225,27,24500.0,2,0.002,570,in_store,24.0,0,0
4717,50,25800.0,5,0.221,224,online,32.99,0,0
1880,20,33200.0,0,0.169,149,online,21.52,30,0
3573,44,18700.0,0,0.201,167,in_store,28.78,0,0
4868,36,61800.0,2,0.0,389,in_store,37.86,30,0
1204,39,41800.0,8,0.242,1061,online,35.69,10,1
1991,45,41000.0,3,0.159,1,in_store,38.15,20,1
25,35,35500.0,0,0.201,226,in_store,35.0,0,1
4863,48,52200.0,2,0.179,175,in_store,41.7,25,0
4112,47,62800.0,2,0.025,324,in_store,41.19,0,0
4177,45,48000.0,3,0.156,168,in_store,46.72,15,1
763,49,42800.0,7,0.274,342,online,47.64,10,1
876,18,46700.0,0,0.118,555,online,36.24,30,0
4753,46,60400.0,4,0.141,612,in_store,37.71,0,1
939,51,56800.0,2,0.182,216,in_store,36.85,25,1
2688,37,50800.0,4,0.068,311,online,33.65,0,0
3601,52,59800.0,7,0.162,633,online,38.84,25,1
2395,29,17600.0,1,0.0,1,in_store,16.85,20,0
4578,18,53100.0,1,0.152,635,in_store,39.86,0,0
4991,21,38500.0,2,0.169,203,online,32.15,0,0
4134,39,54300.0,0,0.072,1,in_store,44.85,20,0
4575,53,68800.0,4,0.149,250,online,45.18,5,1
386,30,55600.0,3,0.19,66,online,46.68,0,0
4592,59,48100.0,1,0.227,427,in_store,37.07,20,1
4580,49,71700.0,7,0.032,491,in_store,44.37,0,0
537,34,27800.0,1,0.207,123,in_store,26.69,0,0
4676,56,48300.0,2,0.151,171,in_store,40.22,0,0
3508,45,26900.0,0,0.021,1,online,44.98,0,1
202,57,50100.0,5,0.193,554,in_store,39.3,0,1
1333,51,49400.0,2,0.282,587,online,31.6,25,1
3503,48,39700.0,0,0.126,1,online,27.95,0,0
2709,44,39700.0,5,0.158,638,in_store,42.82,0,1
4022,44,51000.0,2,0.0,539,online,38.29,0,1
1855,46,43300.0,6,0.177,592,online,41.35,10,1
4480,45,60600.0,3,0.094,135,in_store,33.61,20,1
2873,27,35900.0,0,0.137,49,online,34.16,0,1
3031,39,45400.0,3,0.204,478,in_store,39.64,10,1
1206,32,15300.0,0,0.07,1,online,21.06,0,0
1646,41,46400.0,3,0.005,327,in_store,31.38,15,0
3418,51,50400.0,3,0.169,200,online,46.5,0,1
3477,18,33000.0,3,0.187,317,online,23.59,20,1
2862,48,35400.0,1,0.014,294,online,42.13,0,1
1793,43,52800.0,2,0.064,156,online,54.03,0,1
3798,27,53700.0,0,0.029,346,in_store,41.74,20,1
3369,44,52600.0,4,0.183,499,online,43.34,10,1
3368,37,35400.0,1,0.0,366,online,39.51,0,0
3534,44,51100.0,5,0.07,420,in_store,36.72,15,0
3450,40,75500.0,1,0.1,291,online,53.31,30,0
604,32,45500.0,0,0.0,1,in_store,31.44,10,0
3057,35,32400.0,0,0.0,318,online,36.32,0,1
4371,21,43200.0,3,0.068,124,online,37.99,0,0
127,58,65200.0,3,0.084,371,online,38.52,25,0
3877,27,40200.0,2,0.081,346,in_store,40.55,0,0
2936,18,19000.0,0,0.035,192,in_store,10.66,5,0
3532,38,55000.0,2,0.105,1,online,48.41,0,1
2731,26,31200.0,3,0.23,84,in_store,42.79,0,1
828,39,82600.0,1,0.175,1,online,51.51,25,1
1640,38,54500.0,2,0.101,1,in_store,32.16,10,1
985,44,15000.0,0,0.07,172,in_store,32.23,0,1
3282,49,48500.0,1,0.118,1,in_store,27.92,0,0
4982,42,65100.0,0,0.074,1,online,50.16,0,1
2189,64,48600.0,2,0.017,54,in_store,33.26,30,1
4623,41,46900.0,4,0.165,342,in_store,17.66,20,1
2444,49,35000.0,1,0.183,113,in_store,23.39,5,0
363,52,82700.0,6,0.16,429,in_store,49.13,0,1
2350,49,61000.0,0,0.072,215,in_store,36.6,0,1
346,18,20000.0,0,0.0,367,online,44.66,20,1
815,32,51400.0,3,0.084,172,online,43.98,0,1
3206,36,37300.0,4,0.245,559,in_store,29.7,0,0
4170,46,63400.0,2,0.116,365,in_store,54.99,20,1
4806,24,15000.0,0,0.224,294,online,29.96,0,1
3326,43,55700.0,2,0.009,411,in_store,42.76,20,1
4107,18,37700.0,0,0.0,524,in_store,29.65,20,1
2117,41,49000.0,4,0.166,110,in_store,40.42,20,1
1835,47,56300.0,5,0.155,553,in_store,49.41,20,1
794,45,65800.0,0,0.016,143,in_store,38.68,5,0
4957,41,55600.0,3,0.015,452,online,43.44,30,1
2675,37,43700.0,3,0.301,700,online,32.29,0,1
95,20,39000.0,2,0.102,344,online,45.19,30,0
3757,38,44800.0,3,0.0,213,online,41.77,10,1
2892,45,41700.0,6,0.145,391,online,47.41,15,1
2372,37,52400.0,3,0.248,308,in_store,46.38,0,1
4420,56,63500.0,1,0.147,1,in_store,36.0,0,1
4443,40,28300.0,1,0.134,160,online,44.74,0,0
3229,47,40200.0,3,0.152,112,online,35.08,0,1
2854,43,22100.0,0,0.1,607,in_store,19.57,0,0
2913,40,43000.0,3,0.282,1,online,38.32,20,0
1866,42,54000.0,1,0.142,314,in_store,41.7,20,0
1858,53,79200.0,4,0.089,735,in_store,37.84,0,1
2646,38,62400.0,3,0.15,106,in_store,44.02,20,1
2244,51,18000.0,2,0.085,180,in_store,16.21,0,1
2337,73,94000.0,4,0.142,594,in_store,69.04,15,1
951,19,15000.0,0,0.138,812,in_store,25.78,0,0
3069,65,72400.0,4,0.026,245,in_store,53.64,30,0
1121,45,78900.0,3,0.099,723,in_store,49.39,20,0
2598,43,31300.0,1,0.0,723,online,33.31,15,1
2205,53,46600.0,4,0.242,216,in_store,52.34,0,0
420,56,38400.0,3,0.008,589,in_store,16.7,0,0
923,41,86800.0,4,0.229,503,in_store,55.8,0,1
1255,31,42400.0,5,0.103,355,in_store,32.46,0,1
478,26,45100.0,2,0.0,326,online,41.71,0,0
2036,49,33500.0,2,0.157,12,in_store,30.86,0,0
1203,45,51100.0,0,0.0,1,in_store,35.61,0,0
2627,56,61200.0,1,0.0,228,in_store,37.81,15,1
4829,55,34500.0,1,0.078,478,in_store,20.61,0,1
1971,37,46400.0,2,0.0,330,in_store,54.29,25,1
3111,43,45800.0,1,0.174,1,in_store,33.12,0,1
4019,36,33200.0,2,0.119,405,online,37.86,20,0
2152,49,60900.0,4,0.3,362,online,38.97,15,1
3688,45,45400.0,2,0.053,416,in_store,35.29,5,1
1998,39,29000.0,0,0.007,158,online,19.33,25,0
4034,47,68000.0,5,0.049,327,online,47.73,15,0
3055,35,37200.0,3,0.009,523,in_store,22.55,0,0
1249,38,71200.0,3,0.047,566,online,47.24,20,1
2193,28,52200.0,2,0.167,331,in_store,45.04,15,0
2713,39,45400.0,3,0.157,158,in_store,42.86,25,0
993,62,64400.0,3,0.137,1,in_store,45.52,20,1
2191,49,43800.0,4,0.089,223,in_store,33.07,25,1
3763,44,64600.0,2,0.164,285,in_store,51.21,0,0
3598,33,48600.0,2,0.104,46,online,25.52,0,1
1319,22,19000.0,0,0.0,196,online,40.39,25,0
1864,52,54900.0,1,0.075,41,online,48.24,10,1
2344,38,44800.0,3,0.0,723,online,26.07,0,0
2450,50,52500.0,2,0.0,151,in_store,43.27,20,0
2137,43,35900.0,3,0.214,798,in_store,38.22,5,1
1066,39,50000.0,2,0.14,632,in_store,36.8,0,0
4971,38,62900.0,3,0.005,48,in_store,35.15,20,1
2622,32,35800.0,3,0.174,562,in_store,30.01,15,0
78,42,47800.0,2,0.245,575,online,36.3,0,1
2899,30,35200.0,1,0.0,595,in_store,37.59,0,1
1315,47,76700.0,1,0.002,148,online,49.58,0,1
4383,46,53700.0,1,0.044,228,online,35.01,0,0
873,49,54400.0,3,0.233,555,online,28.07,0,0
3851,47,68800.0,3,0.179,198,online,48.79,20,1
4798,50,52700.0,7,0.096,1146,in_store,49.82,15,1
2966,21,18100.0,0,0.169,1,online,20.24,30,1
3392,19,19600.0,1,0.001,218,online,41.42,0,0
2561,44,54400.0,2,0.031,364,in_store,37.67,0,1
4907,49,50800.0,0,0.168,393,online,57.58,20,1
2636,54,54500.0,1,0.09,1,online,52.43,0,1
3531,59,68400.0,4,0.133,356,online,67.4,30,1
376,68,78500.0,2,0.034,211,in_store,52.32,15,0
1909,34,42000.0,2,0.019,800,online,32.44,0,0
4343,39,41500.0,1,0.0,527,in_store,53.84,0,0
4832,18,42700.0,1,0.172,211,online,38.79,0,1
4028,48,40200.0,4,0.074,495,in_store,23.02,0,1
1605,36,53400.0,3,0.077,1,in_store,51.6,30,0
1119,44,41000.0,3,0.176,42,online,42.71,0,1
3678,47,45400.0,0,0.099,96,online,46.55,0,1
3491,25,39000.0,1,0.0,187,in_store,47.55,0,1
4875,28,49400.0,0,0.0,246,in_store,28.88,0,0
2959,42,56900.0,3,0.016,207,online,35.04,10,1
1995,41,56500.0,2,0.013,92,in_store,30.55,25,0
4966,42,43200.0,1,0.081,600,online,32.99,20,1
4366,52,29800.0,3,0.099,379,online,47.98,20,0
2377,46,33600.0,1,0.137,526,online,30.49,20,0
1343,45,58200.0,4,0.107,116,online,50.62,10,1
321,49,62100.0,1,0.121,420,in_store,45.06,0,1
1620,31,45400.0,2,0.239,442,online,36.81,0,1
3714,41,47500.0,5,0.163,457,in_store,32.76,0,1
2061,23,49400.0,2,0.172,440,in_store,40.91,25,1
2220,22,45400.0,2,0.143,149,online,34.52,0,1
1674,45,24200.0,1,0.0,873,online,27.41,0,0
261,37,51100.0,2,0.196,395,in_store,34.5,5,1
4428,23,33400.0,2,0.028,155,in_store,26.38,0,1
2040,44,28800.0,1,0.054,1,online,23.55,10,0
902,41,41200.0,1,0.0,495,in_store,42.61,15,0
3745,74,57500.0,5,0.154,813,online,45.26,0,0
2027,47,69700.0,5,0.0,91,in_store,34.75,5,1
4235,55,62900.0,3,0.176,390,in_store,42.41,20,1
1918,52,47500.0,5,0.142,368,online,46.89,25,0
1829,29,31700.0,2,0.07,812,in_store,26.4,0,0
1574,40,28200.0,1,0.0,309,in_store,29.43,0,0
4405,39,24800.0,0,0.05,128,online,33.0,10,1
4209,53,15000.0,3,0.255,12,online,31.47,0,0
225,41,61300.0,5,0.145,451,in_store,39.27,0,0
724,22,80500.0,0,0.107,1,in_store,38.97,0,1
4686,31,15000.0,0,0.0,889,in_store,24.08,0,0
1142,18,35300.0,1,0.025,108,online,24.5,0,1
2763,34,32500.0,3,0.236,472,in_store,30.06,0,0
847,78,86400.0,6,0.154,474,in_store,62.29,0,1
2552,39,55000.0,2,0.0,237,online,44.25,25,1
2929,24,15000.0,2,0.06,520,in_store,33.23,0,1
118,40,42400.0,4,0.219,77,online,21.66,0,0
646,38,15000.0,0,0.095,805,in_store,28.49,20,0
4,51,59500.0,2,0.0,1,in_store,43.73,0,1
4171,53,38600.0,4,0.135,232,online,40.98,20,1
468,63,83700.0,3,0.0,452,in_store,64.49,25,0
6,24,15000.0,0,0.151,456,in_store,33.23,0,0
920,18,25600.0,0,0.182,102,online,36.46,0,0
2596,30,18900.0,1,0.127,1,in_store,29.24,0,0
1064,54,62700.0,4,0.033,201,online,36.52,20,0
2591,30,24000.0,0,0.03,585,in_store,32.99,10,0
243,19,42500.0,3,0.149,398,in_store,32.11,0,1
1161,26,39900.0,2,0.131,57,online,45.4,15,0
2871,18,45900.0,1,0.0,498,in_store,37.96,15,1
3736,35,28900.0,0,0.0,247,online,34.48,0,0
2398,38,57600.0,0,0.078,70,online,26.05,0,0
3518,39,44700.0,0,0.165,117,online,32.6,0,1
3422,39,39100.0,0,0.124,325,in_store,30.76,10,0
2564,60,54100.0,2,0.004,80,online,41.13,30,0
1606,56,36400.0,2,0.151,476,online,24.17,0,0
4839,54,56300.0,2,0.09,716,online,40.44,25,0
2325,18,49800.0,0,0.026,611,in_store,30.07,0,0
2710,39,31100.0,1,0.059,1,online,20.35,0,0
4409,39,67500.0,4,0.133,39,in_store,39.45,25,0
1313,32,41000.0,0,0.044,1,online,38.25,0,0
3449,34,21300.0,1,0.0,450,in_store,33.22,20,1
3813,34,47500.0,3,0.314,680,online,36.55,0,1
4666,51,57200.0,3,0.049,300,online,49.69,0,0
2363,36,35700.0,3,0.135,780,in_store,26.62,0,0
1976,49,23700.0,2,0.16,513,online,28.42,0,0
3515,44,62100.0,1,0.052,37,online,48.06,25,1
1762,31,33300.0,0,0.044,1,online,28.07,0,1
2740,57,65700.0,1,0.074,166,in_store,38.38,0,1
4670,31,55600.0,0,0.085,661,online,25.91,0,0
2473,44,38700.0,2,0.071,501,online,27.13,0,0
4008,46,40100.0,2,0.0,231,online,42.69,10,1
1494,27,35700.0,1,0.223,1,in_store,28.14,30,1
4207,40,31300.0,1,0.0,353,in_store,46.95,30,0
2159,48,53100.0,4,0.075,449,online,39.24,20,0
1170,36,73800.0,3,0.043,800,online,40.83,0,0
4527,37,42100.0,1,0.073,794,online,32.72,0,0
233,44,40100.0,4,0.143,1,in_store,30.38,15,1
67,36,15000.0,3,0.024,439,online,32.58,0,0
1604,23,36800.0,1,0.173,1,in_store,42.0,25,0
3284,56,53900.0,4,0.158,721,in_store,41.34,0,1
3597,35,42200.0,2,0.065,258,online,30.53,0,1
126,44,70400.0,8,0.175,732,in_store,48.12,0,0
1297,21,15000.0,0,0.066,223,in_store,25.03,0,0
1977,18,38400.0,1,0.101,591,online,33.1,25,0
4528,42,39200.0,2,0.075,436,in_store,37.96,0,1
4534,22,15000.0,1,0.0,1,online,29.16,0,1
2076,25,15000.0,1,0.0,597,in_store,24.37,10,0
3087,26,51100.0,1,0.018,108,in_store,45.05,0,0
4356,31,32500.0,1,0.0,516,in_store,32.9,0,1
3346,37,57500.0,4,0.0,420,in_store,27.72,15,1
4920,52,81400.0,1,0.049,283,in_store,48.95,0,0
2798,37,29800.0,0,0.053,303,in_store,33.8,0,0
919,56,63400.0,1,0.043,263,online,38.38,0,0
1647,39,32900.0,2,0.186,463,online,36.22,0,1
365,38,48400.0,1,0.156,184,online,49.5,0,1
3288,53,65900.0,4,0.234,672,online,52.76,20,1
2126,42,54500.0,2,0.057,385,online,30.75,0,1
4124,44,55300.0,2,0.0,499,online,50.01,0,1
526,35,20800.0,1,0.0,224,online,31.84,20,0
56,32,39500.0,1,0.0,462,in_store,31.3,0,0
639,47,55800.0,5,0.128,722,online,37.19,0,1
303,50,67200.0,4,0.043,15,online,37.23,0,1
2767,18,38300.0,1,0.007,228,online,33.12,0,1
1277,33,51700.0,2,0.027,1,in_store,31.89,10,1
2056,47,23200.0,1,0.051,346,online,38.18,10,0
3645,37,50800.0,4,0.105,361,online,36.58,0,1
4144,35,47400.0,5,0.107,684,online,45.41,0,0
2879,30,26200.0,1,0.075,347,online,16.23,0,1
4203,46,45000.0,4,0.105,349,online,33.87,0,0
2287,48,45100.0,0,0.024,49,in_store,28.17,15,0
2262,31,56800.0,3,0.038,252,in_store,41.93,0,1
2297,71,63700.0,5,0.188,715,online,46.29,0,0
1754,33,49500.0,0,0.077,1,in_store,37.21,0,0
1969,35,77900.0,0,0.004,130,in_store,43.48,25,0
4362,44,39700.0,0,0.1,116,online,32.49,0,1
3118,38,27300.0,2,0.151,512,in_store,39.89,0,1
2394,44,53900.0,3,0.153,352,in_store,41.43,25,1
524,38,56700.0,0,0.122,1,online,42.24,0,0
3901,48,82600.0,2,0.114,294,in_store,55.86,0,1
3123,48,43000.0,2,0.141,630,online,40.3,0,0
4157,44,49900.0,1,0.154,97,in_store,32.33,0,0
1970,50,68700.0,5,0.143,64,online,33.6,0,0
672,43,53300.0,2,0.147,1,in_store,49.85,20,1
4189,31,35100.0,3,0.045,166,in_store,33.78,5,0
667,21,36900.0,2,0.191,190,online,38.89,0,0
4349,45,44700.0,2,0.125,185,in_store,36.51,0,1
1888,42,31300.0,0,0.0,617,in_store,37.7,0,0
3267,18,50100.0,0,0.013,346,in_store,35.06,5,1
281,46,26700.0,2,0.177,534,in_store,36.73,20,0
1720,24,33500.0,2,0.0,381,in_store,42.86,25,0
2948,45,49500.0,2,0.0,827,in_store,40.76,0,1
900,22,39600.0,0,0.134,411,online,43.15,20,0
4861,21,34400.0,0,0.056,369,online,36.11,0,0
761,55,92100.0,2,0.069,227,in_store,62.62,20,0
1907,40,30000.0,3,0.099,56,online,18.57,15,0
4043,40,28100.0,1,0.038,418,in_store,28.17,0,1
3824,37,41800.0,6,0.085,674,in_store,22.32,10,1
4139,28,21900.0,0,0.094,185,in_store,21.7,0,0
3819,59,56100.0,5,0.231,117,online,40.79,20,0
4301,35,40200.0,2,0.0,242,in_store,51.17,30,1
2594,49,45400.0,3,0.14,360,in_store,46.48,0,0
4165,37,68200.0,5,0.104,557,online,40.44,30,0
3032,47,54900.0,2,0.179,110,in_store,48.78,0,1
3580,24,59300.0,0,0.067,80,in_store,47.73,5,1
2833,52,58000.0,3,0.0,193,online,30.49,25,1
3473,53,59000.0,2,0.0,123,online,51.27,25,0
138,50,59300.0,5,0.093,372,in_store,38.95,0,0
2181,65,60000.0,3,0.0,794,online,45.23,0,0
2129,45,37300.0,2,0.107,444,online,31.01,0,0
3178,42,44400.0,0,0.013,421,in_store,33.92,15,1
4378,38,41400.0,3,0.113,597,in_store,41.36,0,1
4262,53,55100.0,3,0.142,634,in_store,49.0,15,1
4345,33,33400.0,2,0.0,494,in_store,32.39,5,1
1332,27,38800.0,1,0.021,127,online,34.4,25,0
2018,32,47100.0,6,0.07,253,online,49.75,25,1
2483,43,49300.0,3,0.0,484,in_store,43.74,15,1
1359,35,59100.0,8,0.0,355,online,47.27,25,1
1330,49,55300.0,3,0.278,435,online,46.28,30,1
2151,39,38000.0,3,0.132,1,in_store,31.27,0,0
2123,30,15000.0,3,0.142,112,online,17.12,10,0
3982,37,46200.0,2,0.153,182,online,32.32,0,0
1253,30,53500.0,2,0.095,423,in_store,42.9,20,0
3279,31,49800.0,2,0.061,1,in_store,29.48,30,1
3375,40,42900.0,2,0.128,444,online,37.36,15,0
2815,40,36000.0,3,0.108,365,online,9.88,25,1
1849,35,15000.0,0,0.037,48,in_store,20.95,0,0
3038,39,23900.0,1,0.0,217,in_store,23.25,0,0
389,43,33500.0,0,0.071,42,in_store,40.67,0,1
236,32,36200.0,3,0.005,112,online,36.39,5,0
1078,74,55800.0,4,0.048,119,online,34.01,0,0
1985,31,22800.0,1,0.027,1,online,24.76,0,1
4364,33,30600.0,1,0.042,66,in_store,22.78,25,0
3963,46,48400.0,3,0.18,350,in_store,35.52,0,0
771,61,78200.0,2,0.145,1,in_store,48.03,10,0
2166,55,67500.0,2,0.057,155,in_store,48.83,0,0
674,24,29600.0,0,0.078,237,online,40.24,0,1
250,26,22500.0,0,0.033,1,online,32.31,0,0
1575,23,26600.0,3,0.152,599,online,33.68,20,1
3420,55,62200.0,3,0.235,574,online,45.6,25,0
2082,45,64500.0,3,0.092,122,online,52.53,25,1
1824,48,66900.0,4,0.104,1,online,49.76,20,1
717,21,32000.0,0,0.0,106,online,49.21,5,0
4679,29,17200.0,2,0.169,1,in_store,29.15,0,0
2049,41,50200.0,2,0.0,544,in_store,53.97,5,0
4179,18,24500.0,0,0.015,1,online,23.73,25,1
2725,33,35700.0,1,0.0,52,in_store,30.44,0,0
4532,43,24400.0,2,0.247,39,in_store,27.09,0,0
1461,52,73100.0,4,0.099,181,in_store,44.28,0,0
1669,43,45800.0,1,0.152,1,in_store,34.68,0,1
2757,48,58900.0,3,0.185,488,online,36.09,15,0
2001,35,20000.0,0,0.016,338,in_store,38.34,0,0
405,46,53100.0,3,0.085,53,in_store,47.21,10,1
385,21,55000.0,3,0.106,1,in_store,49.13,15,0
4503,24,15900.0,1,0.085,107,in_store,14.41,0,0
2153,30,56500.0,1,0.092,465,in_store,47.42,0,1
1634,40,25400.0,2,0.134,42,online,26.81,0,0
4597,36,66500.0,1,0.155,172,online,49.25,30,1
3926,51,63500.0,0,0.0,114,in_store,34.75,0,0
4159,53,45100.0,3,0.0,372,in_store,36.6,0,0
224,27,42200.0,3,0.231,322,in_store,25.95,20,1
2194,40,30900.0,1,0.062,465,online,34.34,5,1
3137,55,40200.0,7,0.311,239,in_store,39.68,0,1
1825,29,41800.0,1,0.0,508,in_store,28.52,20,0
4611,41,26200.0,2,0.202,1,in_store,27.2,10,0
798,53,57600.0,4,0.092,659,in_store,38.46,20,0
2872,32,36900.0,1,0.071,1,online,40.49,20,0
10,30,42900.0,3,0.244,451,in_store,34.6,0,0
1945,35,43900.0,2,0.066,1,in_store,39.24,0,0
1839,58,78700.0,4,0.044,808,in_store,50.1,20,1
256,49,32900.0,4,0.06,115,online,36.7,0,1
4519,37,44800.0,3,0.06,176,online,37.08,30,1
1582,38,37300.0,1,0.0,452,online,30.34,0,0
2957,46,47500.0,0,0.262,408,in_store,40.91,0,1
925,38,25100.0,2,0.248,289,in_store,30.12,0,1
4440,28,40200.0,0,0.186,463,online,31.2,0,1
2509,51,41900.0,0,0.0,491,in_store,32.58,15,0
3776,29,15000.0,0,0.043,1,online,23.16,0,1
4137,57,51500.0,2,0.087,394,in_store,39.83,20,0
2780,28,42200.0,1,0.142,151,in_store,25.35,0,0
540,31,20900.0,2,0.0,356,in_store,33.59,0,1
2746,54,51800.0,4,0.097,159,in_store,32.72,10,0
4509,29,37200.0,1,0.095,116,in_store,23.8,0,1
4582,50,36200.0,2,0.117,452,in_store,32.41,0,0
1146,48,44200.0,0,0.0,145,in_store,38.39,25,0
668,46,46800.0,3,0.002,166,in_store,37.73,0,0
3020,18,18400.0,3,0.16,459,online,29.85,0,0
358,43,46600.0,2,0.155,31,in_store,36.2,20,1
2832,52,85600.0,5,0.178,952,online,41.73,25,1
2784,53,51000.0,2,0.0,233,online,41.31,10,1
1354,44,39500.0,2,0.033,184,in_store,33.08,10,0
471,44,43700.0,1,0.129,53,online,31.13,0,1
2704,54,50700.0,5,0.216,517,in_store,24.33,0,1
3331,40,27600.0,1,0.062,219,in_store,36.3,0,0
3638,56,66500.0,4,0.012,462,online,44.54,0,1
1397,47,67800.0,1,0.075,1,online,51.19,20,0
3585,44,46500.0,1,0.093,1,online,42.27,15,0
4758,50,78500.0,1,0.0,23,online,47.72,0,0
3377,48,24100.0,2,0.0,367,in_store,39.26,0,1
1257,49,34300.0,4,0.216,283,online,44.64,0,1
3513,32,35000.0,1,0.02,41,in_store,40.62,0,1
1251,52,49800.0,1,0.031,493,in_store,34.24,25,1
4818,38,43800.0,1,0.048,1,online,40.43,25,1
4299,60,45600.0,5,0.194,7,in_store,27.89,0,1
3285,31,50000.0,0,0.05,1,online,46.06,30,1
2934,53,43600.0,1,0.139,461,in_store,25.25,30,1
4176,34,44700.0,1,0.123,1,online,37.67,0,0
1853,36,42300.0,2,0.206,1,online,47.19,25,1
4880,27,58900.0,6,0.187,531,in_store,43.12,0,1
2106,34,39100.0,1,0.095,315,online,26.42,20,1
134,37,22800.0,1,0.076,108,online,31.46,0,0
929,37,52200.0,1,0.102,110,in_store,50.44,15,1
824,18,26900.0,0,0.111,304,online,41.19,25,0
4554,44,41200.0,1,0.088,673,online,29.28,0,1
1532,44,43600.0,3,0.105,602,online,46.39,0,1
1215,18,41400.0,0,0.105,213,in_store,33.93,0,0
505,18,31100.0,0,0.056,204,online,43.71,25,1
4286,60,61800.0,1,0.028,246,online,41.04,0,0
1997,44,43500.0,2,0.026,246,in_store,36.1,0,1
3073,21,15000.0,1,0.087,386,in_store,24.71,0,1
1959,37,32500.0,2,0.032,76,in_store,36.74,0,0
1385,19,38400.0,3,0.116,99,online,35.67,0,0
895,36,43000.0,1,0.178,761,online,32.55,0,0
456,42,55400.0,1,0.263,1,online,50.85,0,1
4647,39,25400.0,0,0.0,1,online,33.48,0,0
3710,37,35300.0,1,0.092,1,online,40.23,0,1
4629,32,57800.0,1,0.203,1,online,58.3,0,0
4269,54,38200.0,3,0.231,469,in_store,42.02,25,0
3523,36,42500.0,2,0.104,148,in_store,35.28,10,1
4135,27,21000.0,1,0.178,140,online,28.4,15,0
3603,23,25200.0,0,0.116,1,in_store,16.85,0,0
714,40,84000.0,3,0.061,1,online,60.18,10,1
4187,45,57400.0,5,0.23,480,in_store,54.69,0,1
2215,30,24100.0,0,0.151,296,online,19.0,0,0
2924,32,15000.0,0,0.063,496,online,17.37,0,0
1811,18,35200.0,2,0.151,323,in_store,37.43,20,1
3487,49,49900.0,2,0.035,427,in_store,36.66,0,0
3142,76,86500.0,3,0.134,202,in_store,48.67,25,1
1828,59,20300.0,8,0.314,242,in_store,25.3,0,1
1156,41,77500.0,4,0.103,482,in_store,57.47,5,0
1325,43,51700.0,3,0.219,23,in_store,52.8,0,1
4313,41,30800.0,3,0.035,267,online,37.31,0,1
511,21,38100.0,2,0.278,1,in_store,33.8,10,0
1681,22,41500.0,4,0.211,133,in_store,32.48,0,0
500,22,21300.0,2,0.129,1,in_store,39.22,0,0
4547,18,45400.0,1,0.202,444,in_store,30.44,20,0
1857,38,28900.0,5,0.107,324,online,51.12,0,1
1389,44,40100.0,3,0.142,158,in_store,34.37,25,1
3720,43,48300.0,1,0.101,521,in_store,42.9,20,1
2387,21,42500.0,3,0.09,273,in_store,30.61,0,1
3237,53,48100.0,3,0.17,116,in_store,40.25,15,0
1541,37,19900.0,1,0.294,1,in_store,32.24,10,0
1218,18,20100.0,0,0.276,262,online,26.16,0,0
2682,37,51300.0,0,0.198,6,in_store,33.24,0,1
2994,69,44600.0,4,0.279,163,online,33.07,25,1
1192,52,66600.0,4,0.058,218,in_store,61.08,0,0
1543,43,57700.0,2,0.028,347,online,39.6,20,1
3302,65,53900.0,2,0.0,626,online,31.46,20,0
3325,51,44600.0,6,0.204,512,in_store,33.64,0,0
2540,48,48100.0,1,0.06,451,in_store,42.01,25,1
954,26,42000.0,1,0.0,1,in_store,30.75,15,0
4331,62,52600.0,2,0.087,618,online,42.92,20,1
733,47,70900.0,4,0.185,562,in_store,58.05,25,1
1157,40,20500.0,1,0.0,655,in_store,46.2,10,0
3295,33,49600.0,0,0.0,1,online,49.62,0,1
2983,38,44100.0,1,0.155,539,online,49.53,30,0
2157,44,51400.0,2,0.091,637,in_store,28.15,15,0
1063,35,44200.0,0,0.0,419,in_store,38.41,0,0
2617,40,65300.0,2,0.184,474,online,43.27,30,1
1168,62,20800.0,2,0.18,418,in_store,11.43,5,0
3223,20,17800.0,1,0.031,331,online,26.88,20,1
3637,37,46600.0,3,0.098,202,in_store,38.63,0,0
2939,35,50800.0,5,0.189,692,in_store,37.43,0,1
4492,29,37500.0,0,0.062,218,in_store,28.83,0,1
3141,38,52500.0,2,0.039,29,in_store,40.26,20,0
144,43,63700.0,2,0.0,217,online,34.52,0,1
3578,42,47300.0,4,0.0,1,in_store,41.76,0,1
2783,46,46800.0,0,0.096,288,in_store,37.65,15,1
718,48,44100.0,2,0.145,545,online,38.02,0,1
1820,37,34100.0,3,0.047,433,in_store,40.3,20,1
2503,52,45500.0,1,0.156,1,online,19.05,10,0
4361,44,42900.0,2,0.005,127,online,52.74,0,1
4172,47,48200.0,2,0.027,509,in_store,41.1,15,0
396,42,56100.0,0,0.031,372,online,44.29,15,0
4847,51,72800.0,2,0.061,269,in_store,50.36,20,0
4493,31,15000.0,1,0.11,210,in_store,19.48,0,1
1366,45,43700.0,0,0.054,520,in_store,46.64,0,1
4569,48,60500.0,1,0.069,323,online,46.55,0,1
596,35,46700.0,2,0.0,506,in_store,43.24,20,0
3953,39,24400.0,1,0.12,163,in_store,42.58,0,0
2915,44,31700.0,2,0.135,279,in_store,29.77,0,0
2327,18,40100.0,1,0.029,345,online,38.51,0,1
3767,51,59600.0,1,0.0,78,in_store,42.93,25,0
3441,64,47400.0,4,0.191,447,in_store,35.22,15,1
3852,31,46000.0,1,0.007,1,in_store,26.67,20,0
4133,44,41300.0,4,0.157,153,in_store,54.26,5,0
4602,41,56000.0,2,0.15,125,in_store,36.54,0,1
2144,45,62500.0,2,0.175,782,in_store,47.77,0,1
1572,37,62100.0,2,0.134,137,in_store,26.07,20,1
4080,34,31000.0,1,0.212,78,online,28.09,25,1
1123,31,53300.0,4,0.126,952,in_store,24.48,15,1
2787,40,42100.0,2,0.082,242,online,23.93,0,0
2968,32,49200.0,1,0.184,176,in_store,38.17,15,1
2505,55,59400.0,3,0.107,314,online,49.82,0,0
3466,65,72000.0,3,0.133,859,online,54.82,15,1
676,44,40600.0,3,0.178,578,online,42.06,0,0
2809,43,49200.0,1,0.004,1,online,48.31,25,0
3349,46,36900.0,3,0.0,235,online,36.19,0,0
729,26,52800.0,2,0.094,30,online,39.39,10,1
413,32,31800.0,1,0.136,1,online,29.32,0,1
3147,50,51800.0,0,0.0,223,online,46.07,15,1
1517,31,21900.0,5,0.082,323,online,45.1,0,0
826,40,53000.0,3,0.059,442,in_store,33.99,10,1
3268,40,27700.0,4,0.221,303,online,25.37,0,0
3975,32,23000.0,0,0.112,184,online,33.63,0,0
617,49,50100.0,1,0.089,1,online,41.83,10,0
115,41,70800.0,2,0.026,1,online,64.0,0,1
418,56,71000.0,2,0.11,169,in_store,57.54,0,1
3070,30,59100.0,1,0.0,364,online,40.28,0,0
1626,54,53500.0,3,0.164,693,online,41.56,15,1
4961,32,39900.0,4,0.157,559,in_store,12.36,25,0
4186,45,35600.0,1,0.072,519,in_store,42.99,0,0
2897,52,34000.0,0,0.055,1,online,27.5,15,1
4682,41,44700.0,2,0.205,550,online,48.75,0,0
2083,26,33600.0,2,0.133,200,in_store,44.72,0,0
754,65,80100.0,2,0.0,611,in_store,50.87,0,0
2547,36,47100.0,1,0.012,305,in_store,45.67,30,0
3970,28,20100.0,1,0.002,372,online,38.23,0,0
3374,33,61300.0,5,0.167,545,online,38.72,5,1
4108,55,35400.0,2,0.106,465,online,30.65,10,1
2445,50,50800.0,6,0.201,482,in_store,29.32,15,0
4381,63,74500.0,1,0.178,297,in_store,49.85,0,0
1067,27,46000.0,4,0.122,451,in_store,35.01,20,0
3914,24,41900.0,2,0.064,99,in_store,24.86,20,1
3499,37,65600.0,1,0.163,838,online,42.84,0,1
2739,69,65300.0,4,0.08,360,online,50.8,0,1
4001,43,49000.0,2,0.022,15,online,43.37,0,1
1569,49,46100.0,3,0.116,410,online,31.16,0,0
2428,33,35500.0,0,0.096,1,online,20.54,0,0
3747,20,52500.0,1,0.0,1,in_store,37.86,0,0
4650,37,51500.0,1,0.1,550,online,41.67,25,0
1688,43,31200.0,1,0.093,1,online,42.96,0,1
852,34,57300.0,4,0.268,501,online,39.15,10,1
3547,59,51400.0,2,0.0,728,in_store,40.53,0,1
896,53,51200.0,1,0.0,86,in_store,43.33,20,0
4593,43,54600.0,2,0.214,281,online,39.37,0,0
336,25,19000.0,0,0.0,9,online,32.17,0,0
2840,41,42700.0,3,0.109,157,online,41.45,25,0
3088,29,46900.0,5,0.274,413,online,25.6,15,1
1349,51,62700.0,5,0.093,1,in_store,43.29,20,0
1016,28,22300.0,0,0.034,201,in_store,29.97,10,1
2817,22,42500.0,0,0.048,355,in_store,30.27,15,1
1632,30,33000.0,4,0.178,416,in_store,34.08,10,1
2490,40,42900.0,0,0.0,1,online,31.16,0,1
3731,31,49100.0,1,0.139,428,online,36.64,15,1
3252,39,42200.0,1,0.025,373,in_store,28.29,0,1
4645,39,56400.0,1,0.023,198,in_store,53.78,0,0
2071,36,46000.0,2,0.079,211,in_store,36.12,5,1
4453,24,65400.0,2,0.065,400,online,49.06,0,1
4893,27,26900.0,1,0.0,1,in_store,27.94,30,0
1636,53,51800.0,0,0.011,19,in_store,39.77,20,0
2480,37,34700.0,1,0.0,346,online,36.84,0,0
2266,49,58000.0,2,0.183,409,in_store,37.69,20,1
2960,63,58500.0,4,0.105,1,in_store,43.04,0,0
4742,39,61600.0,4,0.262,418,online,38.49,0,1
3060,36,63300.0,0,0.0,1,online,51.44,20,0
2142,36,55200.0,2,0.055,73,online,33.05,15,1
3119,30,18100.0,2,0.1,600,in_store,35.44,0,1
4757,42,34800.0,1,0.138,379,in_store,50.38,0,1
4046,38,41200.0,0,0.079,594,in_store,43.16,20,1
3357,33,15000.0,1,0.127,667,in_store,34.8,10,0
2745,52,16800.0,2,0.131,262,in_store,30.3,15,0
3507,38,39600.0,2,0.025,216,in_store,47.22,0,1
1680,37,69900.0,1,0.0,22,in_store,32.4,10,0
4250,58,106500.0,4,0.217,35,in_store,62.41,0,1
3148,39,41000.0,0,0.066,2,online,29.22,0,1
2295,54,42300.0,3,0.109,492,in_store,37.06,0,0
581,18,35800.0,1,0.034,661,in_store,33.67,0,0
1471,41,56800.0,2,0.08,298,online,38.73,0,0
4071,37,55600.0,3,0.064,1,in_store,41.32,10,0
3344,49,42900.0,0,0.0,64,online,27.04,20,0
4584,55,33300.0,3,0.278,395,in_store,41.44,10,1
3673,47,72900.0,3,0.231,424,online,54.81,20,0
560,29,17600.0,1,0.095,210,in_store,29.72,15,0
2850,52,62700.0,3,0.174,261,in_store,71.23,15,0
513,41,23000.0,2,0.118,1,in_store,22.5,25,0
1082,38,15000.0,0,0.059,1,online,23.15,0,0
1665,54,44400.0,3,0.0,1,in_store,34.02,0,1
1013,34,52700.0,0,0.184,274,online,35.24,10,1
1932,35,54100.0,4,0.107,683,online,47.34,0,1
1151,42,37200.0,3,0.0,436,in_store,39.81,5,0
2839,54,59300.0,0,0.073,1,online,52.63,15,1
117,43,59500.0,6,0.169,40,in_store,60.92,0,1
741,52,65300.0,5,0.078,734,in_store,45.65,0,0
4817,63,70500.0,1,0.0,392,in_store,40.74,20,0
3676,64,59200.0,4,0.16,473,in_store,47.07,15,1
831,45,32300.0,2,0.16,1,in_store,28.12,0,1
120,37,53100.0,2,0.058,353,in_store,31.75,0,0
4790,47,58900.0,5,0.218,958,in_store,49.6,20,1
4749,27,36300.0,2,0.0,667,in_store,40.86,0,0
636,37,15000.0,2,0.198,268,online,16.4,0,1
4466,46,77200.0,4,0.0,600,online,41.04,0,0
4365,18,15000.0,0,0.09,201,in_store,24.05,0,0
4143,43,20600.0,2,0.043,271,in_store,35.8,20,1
992,58,71800.0,2,0.231,408,online,45.71,15,1
877,40,37900.0,2,0.164,599,in_store,52.91,10,0
5,18,33500.0,1,0.043,350,online,40.04,0,1
3052,29,50900.0,1,0.016,28,online,35.76,25,1
3125,43,67900.0,2,0.168,509,in_store,32.47,0,1
2661,28,25200.0,0,0.018,699,online,28.92,0,0
2492,32,36700.0,4,0.157,294,online,41.66,25,0
3855,41,75100.0,4,0.114,364,in_store,46.43,20,1
1716,42,29600.0,1,0.052,15,in_store,29.94,15,0
1149,52,22900.0,3,0.112,14,online,17.49,0,1
3262,27,40100.0,3,0.077,358,online,31.88,15,1
575,42,63700.0,3,0.051,435,in_store,45.38,10,1
3770,49,51700.0,5,0.205,232,online,31.1,0,0
3737,34,53100.0,1,0.0,645,online,48.54,10,1
4147,41,39800.0,1,0.04,163,online,32.72,0,0
854,40,23600.0,1,0.02,45,in_store,28.88,20,0
1983,40,38700.0,3,0.104,317,in_store,32.19,20,1
2775,35,40500.0,2,0.215,197,online,36.41,0,0
1167,69,75700.0,4,0.08,278,in_store,60.09,20,0
972,39,47300.0,1,0.161,65,online,42.24,20,0
2702,27,32900.0,1,0.023,1,in_store,31.23,0,0
4496,24,44600.0,2,0.114,434,in_store,46.14,10,1
3848,73,32100.0,1,0.079,1,online,29.54,0,1
2369,29,57900.0,1,0.0,1,in_store,53.46,0,0
4116,33,27400.0,0,0.0,482,in_store,11.41,20,0
4132,31,26900.0,2,0.127,344,in_store,35.46,5,0
2951,26,15000.0,0,0.273,780,online,30.51,5,0
525,57,54900.0,6,0.127,445,in_store,45.6,5,1
2456,41,51200.0,4,0.161,302,in_store,41.73,0,0
1842,40,33500.0,2,0.138,655,in_store,22.09,0,0
538,54,22100.0,5,0.097,283,online,44.49,0,1
2807,61,41200.0,6,0.029,501,in_store,33.91,0,1
4342,53,57000.0,3,0.111,395,online,50.0,0,1
3176,19,15000.0,1,0.044,135,in_store,33.48,0,0
785,40,44600.0,5,0.076,135,online,40.21,20,1
4058,49,40700.0,3,0.142,494,in_store,34.28,20,0
1410,46,39900.0,2,0.111,300,in_store,47.82,25,1
2538,21,37000.0,3,0.095,713,online,28.98,0,1
155,39,54600.0,4,0.094,284,in_store,44.3,0,1
3010,49,26400.0,1,0.173,88,online,22.21,20,0
1687,34,53500.0,2,0.202,1,in_store,44.15,15,0
2902,23,46200.0,1,0.001,75,in_store,34.71,25,0
4960,29,15000.0,1,0.019,435,in_store,21.18,20,0
3864,60,42200.0,5,0.155,529,online,33.67,0,0
2734,34,26700.0,0,0.037,597,in_store,26.66,0,1
1896,33,27700.0,2,0.234,147,online,23.08,0,0
570,42,49700.0,0,0.0,1,in_store,29.99,25,1
1817,48,42900.0,2,0.054,332,in_store,36.51,0,1
2066,38,50600.0,1,0.092,350,online,41.65,0,0
128,26,56200.0,2,0.084,565,online,48.15,0,0
3395,47,57600.0,2,0.127,383,online,43.46,20,0
3328,41,49700.0,2,0.091,377,in_store,42.53,0,0
4997,36,41700.0,4,0.238,257,online,46.26,10,0
2976,44,46200.0,1,0.039,179,online,31.71,20,1
981,46,38300.0,0,0.152,235,in_store,32.41,10,0
2301,34,43700.0,2,0.209,426,online,25.3,5,0
191,61,61700.0,5,0.239,382,in_store,45.63,0,1
1140,40,67100.0,3,0.0,352,in_store,46.58,20,0
700,38,16300.0,1,0.0,488,in_store,18.74,10,0
4791,19,37300.0,2,0.203,1,in_store,36.54,10,1
607,49,48500.0,5,0.259,676,online,31.91,10,0
4277,49,49000.0,2,0.0,278,in_store,51.19,20,1
302,22,20700.0,1,0.0,15,online,30.22,0,1
3421,40,49700.0,4,0.084,177,in_store,35.47,30,1
4831,24,29000.0,0,0.0,223,in_store,31.76,30,1
1061,38,36200.0,4,0.0,129,online,26.84,25,0
2566,29,15800.0,0,0.037,225,in_store,24.7,0,1
1070,39,30300.0,0,0.0,60,online,27.78,30,1
2525,63,53600.0,4,0.139,1,in_store,34.24,0,1
2206,36,30400.0,2,0.085,356,in_store,25.03,20,0
1244,34,59600.0,3,0.088,474,in_store,42.92,0,1
17,44,34200.0,3,0.133,426,in_store,30.89,0,1
3121,44,52000.0,6,0.229,361,online,51.87,20,0
4643,51,44600.0,3,0.071,614,online,37.55,0,0
816,44,42000.0,4,0.217,1,in_store,39.72,0,0
3068,45,32600.0,2,0.095,10,in_store,34.57,0,0
4795,54,54100.0,4,0.0,183,in_store,41.29,0,0
960,45,67500.0,3,0.0,536,in_store,51.35,20,0
226,43,53300.0,2,0.171,67,in_store,46.28,25,0
3355,36,31200.0,2,0.113,466,online,37.59,0,0
2486,39,49800.0,2,0.087,269,online,38.61,0,1
563,41,52800.0,1,0.038,126,in_store,41.56,0,0
3437,32,51000.0,1,0.153,1,in_store,39.46,20,1
1694,34,50600.0,1,0.133,129,in_store,37.9,0,1
1046,30,37500.0,3,0.085,1,in_store,19.49,20,1
3447,35,62800.0,1,0.02,642,in_store,46.51,0,1
4566,41,42200.0,1,0.011,196,in_store,43.35,0,0
955,31,36000.0,2,0.068,112,online,30.46,0,0
4996,53,78800.0,5,0.169,828,in_store,37.86,0,1
2736,35,27200.0,3,0.084,243,online,30.96,0,0
4914,27,42900.0,1,0.0,519,online,41.92,20,1
4736,40,23100.0,2,0.22,193,in_store,25.5,0,0
4834,30,35500.0,3,0.084,672,in_store,30.0,25,1
1219,26,49200.0,0,0.067,340,online,53.02,30,0
1528,38,49600.0,3,0.0,267,in_store,28.24,15,1
3988,45,15300.0,1,0.0,273,online,30.44,0,0
1301,41,69700.0,3,0.054,392,online,51.02,5,0
4902,41,49900.0,5,0.399,154,in_store,34.55,25,0
161,28,36200.0,2,0.204,422,in_store,16.76,20,1
4068,39,67400.0,3,0.019,341,in_store,66.71,0,0
957,34,27500.0,1,0.0,378,in_store,32.61,0,0
3792,59,81500.0,5,0.022,734,online,43.89,10,0
3235,34,38700.0,3,0.048,31,online,39.3,0,0
2870,47,49400.0,3,0.049,367,online,34.52,0,0
3778,46,32300.0,2,0.134,691,online,32.33,15,1
4434,45,34200.0,5,0.0,127,in_store,40.7,25,0
2962,40,45400.0,0,0.084,62,in_store,30.06,0,0
2201,34,53900.0,2,0.132,87,online,44.8,0,0
99,45,34700.0,1,0.127,370,online,22.91,0,0
2558,50,75400.0,0,0.005,370,in_store,57.87,15,0
3184,47,58500.0,1,0.062,140,online,47.3,25,1
254,28,59200.0,1,0.0,338,in_store,45.28,25,1
3924,48,55700.0,2,0.041,725,online,38.98,0,1
4200,44,32300.0,0,0.052,23,online,29.29,20,0
1446,43,73300.0,3,0.166,139,in_store,39.57,25,1
1649,38,29500.0,1,0.104,1,online,48.42,0,1
4683,33,40900.0,3,0.001,262,in_store,47.52,20,0
4724,36,54800.0,1,0.03,100,online,42.56,30,1
3992,28,15000.0,0,0.145,444,in_store,36.08,20,1
1697,34,36900.0,1,0.107,192,online,28.11,0,0
3192,30,64000.0,2,0.177,143,in_store,46.88,10,1
4500,34,25300.0,1,0.255,529,in_store,35.25,20,1
1155,48,77500.0,3,0.112,629,in_store,55.56,20,1
2256,26,31000.0,4,0.177,1106,in_store,28.69,30,1
1683,34,20400.0,0,0.082,186,in_store,12.29,15,1
3171,53,44200.0,4,0.146,683,online,45.25,0,0
2057,34,80400.0,4,0.0,850,online,56.25,0,1
4091,67,46200.0,4,0.167,733,online,30.68,5,0
3109,24,15000.0,1,0.003,276,in_store,34.81,0,0
4549,42,34500.0,2,0.196,355,in_store,26.83,20,0
3724,51,48200.0,2,0.132,157,in_store,42.06,0,1
2050,27,51300.0,2,0.074,315,in_store,34.34,0,1
3644,32,15000.0,0,0.144,1,online,31.25,0,0
4938,20,43200.0,1,0.0,412,in_store,31.35,0,1
624,33,15200.0,0,0.054,477,online,26.2,0,0
263,43,55000.0,3,0.0,1,in_store,34.98,5,1
3370,41,31400.0,0,0.068,177,online,22.87,25,0
4062,53,73700.0,3,0.089,35,online,48.76,0,1
1803,36,40800.0,1,0.069,269,in_store,19.77,0,1
4737,31,81500.0,1,0.084,74,in_store,57.5,0,0
2386,33,38100.0,4,0.06,440,online,30.5,30,0
1960,33,37600.0,3,0.111,676,online,37.59,0,1
2977,31,65000.0,2,0.07,37,online,49.56,0,1
489,30,23600.0,0,0.0,389,in_store,35.04,10,0
1844,22,31900.0,0,0.124,1,online,22.96,20,1
1735,34,50100.0,0,0.0,1,in_store,25.96,0,1
2912,63,57600.0,6,0.096,467,online,45.34,10,1
3220,52,61700.0,1,0.082,496,in_store,42.56,25,1
147,33,64300.0,2,0.073,1,in_store,44.29,15,0
1987,42,30100.0,0,0.05,270,in_store,17.87,0,0
1370,52,78000.0,4,0.113,611,online,46.77,0,0
2812,36,28600.0,3,0.152,251,in_store,38.88,0,0
660,36,45100.0,4,0.124,238,in_store,45.87,0,1
1795,18,31000.0,1,0.106,122,online,29.4,0,0
2512,60,41200.0,4,0.089,142,online,27.12,0,1
3398,37,50800.0,1,0.113,314,in_store,34.52,20,0
4283,50,60300.0,4,0.164,974,in_store,46.41,0,1
1148,35,31700.0,3,0.205,17,in_store,30.82,0,1
3273,38,85300.0,2,0.077,144,in_store,57.99,20,0
609,20,34800.0,0,0.015,293,online,34.88,0,0
3583,41,31300.0,2,0.111,46,online,32.9,15,1
1931,19,15000.0,1,0.054,468,in_store,37.44,20,0
198,35,24300.0,1,0.141,284,in_store,33.56,25,1
2932,50,27800.0,1,0.0,361,online,28.22,0,0
2328,58,51200.0,3,0.146,783,in_store,30.93,15,0
4390,59,57700.0,2,0.165,596,online,59.72,0,1
767,41,38800.0,3,0.071,621,in_store,44.83,0,0
4497,34,37500.0,6,0.158,515,online,39.63,0,1
4219,61,62300.0,1,0.168,72,online,53.27,15,1
3256,44,50500.0,0,0.001,82,in_store,41.99,0,0
203,41,32100.0,0,0.0,66,online,23.58,0,1
3511,46,32000.0,1,0.0,92,online,25.58,20,0
1734,23,15000.0,1,0.058,342,online,36.92,0,1
2778,34,25000.0,2,0.057,251,in_store,34.58,0,1
1708,43,42300.0,3,0.114,784,in_store,53.14,0,0
3475,24,37300.0,3,0.23,399,in_store,28.05,10,1
855,43,34900.0,3,0.113,516,in_store,46.02,0,1
4738,51,45700.0,3,0.026,49,in_store,44.25,0,0
4098,50,68500.0,5,0.058,143,online,54.94,15,0
2161,34,39800.0,1,0.095,180,online,37.06,20,0
699,29,28500.0,1,0.076,261,in_store,26.08,0,0
4958,18,66900.0,4,0.126,901,online,54.81,25,1
3000,36,46300.0,1,0.136,54,in_store,44.14,0,0
3697,32,57300.0,3,0.201,290,in_store,43.0,0,1
1637,19,45400.0,1,0.0,502,online,32.55,15,0
3458,29,29200.0,0,0.079,171,in_store,28.26,0,0
3582,65,67400.0,4,0.15,414,in_store,55.54,0,0
1292,35,64200.0,1,0.057,228,in_store,31.8,15,1
4660,29,56300.0,2,0.224,451,online,47.11,0,0
1854,48,31600.0,1,0.147,309,online,21.05,0,1
3764,47,40000.0,1,0.076,410,in_store,29.33,0,0
3305,77,50300.0,1,0.059,1,online,21.97,20,0
4923,42,32700.0,1,0.266,187,in_store,50.54,0,0
3744,48,31500.0,1,0.047,622,online,32.06,0,1
3446,36,54100.0,0,0.0,1,in_store,48.86,25,0
1999,34,42300.0,2,0.164,140,in_store,31.99,0,0
664,36,46900.0,2,0.0,21,online,33.04,0,1
4780,40,18000.0,2,0.037,90,in_store,20.02,0,0
3749,31,38700.0,0,0.135,200,online,42.06,0,0
4414,31,16300.0,1,0.019,677,online,22.77,0,0
4745,38,15800.0,2,0.038,90,in_store,22.72,20,0
710,48,39000.0,3,0.153,290,online,29.52,0,1
1283,18,39300.0,3,0.082,366,online,32.17,0,0
2676,44,29000.0,1,0.053,569,online,34.08,0,1
4030,42,57100.0,5,0.31,628,in_store,46.1,0,1
1307,28,15000.0,0,0.0,54,in_store,23.74,0,0
2238,39,45300.0,1,0.197,76,in_store,25.41,0,1
3303,51,61600.0,4,0.219,325,in_store,30.67,15,1
2039,28,53500.0,1,0.123,434,in_store,39.77,0,1
1530,47,15100.0,2,0.239,312,in_store,19.4,0,1
1664,62,59300.0,1,0.0,50,in_store,29.35,15,1
4945,38,48200.0,1,0.097,306,online,32.02,25,0
4964,34,57300.0,3,0.222,84,online,43.3,25,1
3628,29,19900.0,1,0.157,609,online,21.77,0,0
2694,36,53700.0,0,0.0,606,online,41.1,20,1
3061,54,49100.0,6,0.113,479,in_store,41.07,15,0
1598,43,45300.0,0,0.0,183,in_store,34.98,25,0
2730,25,18600.0,2,0.0,391,in_store,20.43,0,0
2626,38,44100.0,2,0.0,547,online,37.97,25,1
3158,37,17200.0,0,0.209,458,online,28.54,0,0
3315,53,45400.0,2,0.021,1,online,44.75,10,0
1723,32,31000.0,3,0.171,215,in_store,45.55,0,0
1060,45,65400.0,3,0.171,80,online,44.01,20,0
4637,18,18300.0,2,0.23,194,in_store,21.41,25,1
3243,43,53500.0,2,0.0,104,in_store,40.37,0,0
1679,31,47300.0,0,0.172,300,in_store,29.3,25,1
1758,67,46200.0,2,0.0,573,in_store,39.82,25,0
4192,50,22900.0,0,0.07,283,in_store,44.91,0,1
564,31,19200.0,3,0.019,577,online,37.86,20,1
2791,58,51200.0,0,0.037,26,online,31.78,15,1
864,41,53300.0,2,0.0,339,online,39.73,0,1
1485,49,61600.0,0,0.03,623,online,45.76,0,1
207,30,16400.0,0,0.159,1,online,29.72,0,0
4489,45,54500.0,1,0.095,55,online,46.71,10,1
871,43,50200.0,0,0.092,332,in_store,44.76,0,0
4494,28,38600.0,1,0.0,1,online,32.14,20,0
503,31,22700.0,2,0.07,268,online,38.39,20,1
1029,40,58200.0,2,0.159,230,in_store,37.17,20,1
3841,23,15000.0,1,0.139,510,in_store,37.86,0,0
2691,25,38600.0,1,0.0,294,in_store,22.01,0,0
1571,40,34800.0,3,0.124,1,in_store,42.44,0,1
2774,38,59900.0,1,0.0,574,in_store,47.95,25,0
2732,24,32300.0,3,0.015,333,online,34.05,0,1
805,55,51200.0,2,0.202,237,in_store,64.13,20,0
3646,22,27800.0,1,0.151,253,online,28.35,5,0
2455,35,37000.0,2,0.032,399,in_store,36.79,30,0
4599,54,48100.0,3,0.154,223,online,33.51,0,0
3105,39,44000.0,2,0.058,275,in_store,49.66,20,0
4876,35,15000.0,4,0.174,615,in_store,42.46,20,1
201,44,52000.0,2,0.175,48,online,27.12,0,1
3100,47,77000.0,1,0.114,466,in_store,60.14,25,1
2279,33,29400.0,1,0.176,324,online,38.55,0,1
3562,41,62700.0,5,0.361,1,in_store,35.52,0,1
4475,32,29700.0,0,0.0,59,in_store,34.3,10,0
4515,41,39300.0,5,0.064,352,online,49.99,10,0
392,41,24800.0,5,0.102,203,online,30.96,30,0
1496,27,15000.0,1,0.0,683,online,32.15,0,1
2696,51,67300.0,0,0.128,142,online,43.95,25,1
2028,18,33000.0,2,0.095,448,online,29.23,0,0
2569,18,49000.0,2,0.096,306,online,36.32,10,0
65,49,47300.0,2,0.055,1,in_store,32.06,0,1
3885,31,46500.0,2,0.172,394,online,29.21,25,0
2063,43,56900.0,4,0.15,199,in_store,40.81,0,0
493,37,40200.0,1,0.032,1,in_store,35.03,0,0
380,35,56800.0,1,0.213,590,in_store,49.91,0,1
4860,37,46500.0,2,0.015,437,online,50.54,0,1
3994,32,61200.0,2,0.354,783,online,46.73,25,0
4888,59,80200.0,3,0.147,1,in_store,53.15,10,1
1077,56,87400.0,3,0.253,205,in_store,46.09,25,1
879,39,63900.0,1,0.034,344,online,41.41,0,0
338,44,61600.0,3,0.224,666,online,37.86,10,1
1017,41,61500.0,2,0.048,266,online,33.99,0,1
1276,40,43600.0,7,0.31,403,online,38.36,0,1
3799,50,59300.0,2,0.132,313,online,39.21,25,1
4552,32,56900.0,2,0.104,106,online,59.12,0,0
3343,60,41000.0,3,0.223,565,online,39.32,30,1
4912,46,39100.0,4,0.091,545,online,45.8,10,1
996,44,26200.0,0,0.181,182,online,35.58,0,1
1982,33,32100.0,2,0.134,365,in_store,41.65,0,0
4298,32,55500.0,0,0.106,1,online,48.34,0,1
162,31,16900.0,0,0.022,587,in_store,29.25,20,0
4799,35,50600.0,2,0.0,1,in_store,51.62,0,0
1501,33,59300.0,2,0.088,55,online,49.32,10,1
3844,62,72800.0,3,0.062,652,online,41.56,15,1
2614,35,34000.0,4,0.0,302,online,41.93,0,0
3462,23,35700.0,0,0.085,531,in_store,31.63,0,0
1022,44,22600.0,2,0.166,685,online,49.14,0,1
3074,49,54700.0,3,0.146,173,online,49.58,5,0
3944,48,74900.0,2,0.138,342,online,48.77,0,0
1586,21,26600.0,0,0.0,143,online,37.86,0,0
1956,28,36400.0,0,0.098,271,online,27.63,0,1
3153,45,37900.0,0,0.103,264,online,52.19,10,1
35,47,65500.0,3,0.0,125,in_store,46.14,25,0
4015,42,69000.0,3,0.095,652,in_store,44.83,0,0
776,42,51600.0,2,0.128,1,in_store,37.97,20,1
2557,18,26700.0,0,0.0,126,in_store,29.41,0,0
1479,35,33700.0,2,0.048,359,in_store,43.71,10,1
1364,50,52900.0,0,0.14,414,in_store,37.83,0,1
2613,33,58200.0,3,0.022,323,in_store,53.87,0,0
2825,40,29500.0,1,0.021,1,in_store,33.97,20,1
2042,48,68300.0,3,0.202,432,in_store,55.36,0,1
242,39,34200.0,4,0.102,638,in_store,32.4,0,1
2062,61,49800.0,2,0.117,605,online,34.55,15,0
2364,46,68100.0,3,0.008,469,in_store,44.77,10,1
601,46,74900.0,2,0.0,401,online,56.8,0,1
2436,29,15000.0,6,0.179,405,in_store,25.66,0,1
2889,35,21200.0,1,0.0,1,online,25.72,15,0
647,47,27600.0,2,0.019,1,in_store,30.44,0,0
3891,25,32200.0,0,0.126,388,online,23.36,0,0
3557,37,38000.0,0,0.175,69,in_store,33.26,0,0
3203,36,50100.0,0,0.0,71,online,42.46,25,0
1529,18,49100.0,1,0.18,163,online,22.61,20,0
1268,48,68000.0,1,0.194,181,in_store,49.97,10,0
1900,27,15000.0,0,0.115,1,online,37.94,0,0
4659,33,45400.0,2,0.0,487,in_store,45.38,30,1
3006,34,15000.0,1,0.0,418,online,22.94,15,0
2735,40,68000.0,2,0.078,329,in_store,61.22,20,1
190,60,43700.0,2,0.149,273,in_store,32.91,5,1
1807,46,66000.0,1,0.06,162,online,59.57,0,1
976,28,37100.0,4,0.171,597,in_store,44.68,30,0
2748,34,50500.0,3,0.203,522,in_store,42.18,20,0
2048,46,60500.0,2,0.164,1,in_store,46.53,0,0
2559,57,50100.0,1,0.0,358,in_store,55.08,0,1
1083,45,54300.0,1,0.0,449,online,43.21,0,1
475,47,54300.0,3,0.092,622,in_store,47.84,0,1
2905,35,30800.0,2,0.089,290,online,27.43,0,0
4844,26,45400.0,0,0.043,314,online,33.14,10,0
4118,52,15000.0,1,0.0,1,online,20.02,0,0
3386,45,53900.0,2,0.112,209,in_store,40.7,25,1
4556,59,67500.0,4,0.279,240,in_store,59.35,15,1
1185,40,60500.0,4,0.106,172,online,59.36,5,1
2434,41,57400.0,0,0.0,107,in_store,28.81,0,0
2392,48,49400.0,1,0.0,623,online,29.99,20,1
770,60,61600.0,2,0.105,338,in_store,36.86,20,1
1686,48,25200.0,1,0.046,102,online,21.57,0,1
131,35,27900.0,3,0.159,439,online,43.96,30,1
2920,51,87100.0,0,0.133,1,in_store,44.16,0,1
3172,48,40200.0,1,0.12,506,online,20.38,0,0
3445,53,65100.0,5,0.252,1012,online,36.0,5,1
4427,42,35400.0,1,0.108,248,online,25.12,0,1
467,36,54700.0,2,0.03,252,in_store,44.47,0,1
3093,51,63500.0,2,0.0,357,online,41.42,0,1
3773,45,45900.0,1,0.26,1,in_store,27.45,15,1
861,28,55000.0,1,0.062,1,in_store,38.58,20,1
