customer_id,optimal_discount,discount_fraction,predicted_revenue,marketing_cost
1053,0.0,0.0,9.07,0.0
2991,0.0,0.0,21.76,0.0
1789,5.0,0.05,13.81,1.41
765,5.0,0.05,18.79,1.93
3248,0.0,0.0,21.48,0.0
1102,5.0,0.05,20.53,2.1
1666,0.0,0.0,13.41,0.0
280,0.0,0.0,24.35,0.0
3194,0.0,0.0,18.31,0.0
4045,0.0,0.0,22.68,0.0
2345,5.0,0.05,27.55,2.82
3306,0.0,0.0,16.93,0.0
4619,5.0,0.05,16.69,1.71
1695,0.0,0.0,19.51,0.0
1663,5.0,0.05,19.26,1.97
2112,0.0,0.0,28.02,0.0
4518,0.0,0.0,21.76,0.0
890,5.0,0.05,16.28,1.67
4461,0.0,0.0,27.15,0.0
3356,0.0,0.0,17.74,0.0
2019,5.0,0.05,16.8,1.72
2727,0.0,0.0,13.65,0.0
158,0.0,0.0,22.27,0.0
4013,0.0,0.0,22.35,0.0
3626,0.0,0.0,23.08,0.0
2092,5.0,0.05,10.69,1.09
3968,5.0,0.05,15.78,1.61
4268,5.0,0.05,19.61,2.01
1095,0.0,0.0,17.26,0.0
3912,10.0,0.1,9.34,1.91
3258,0.0,0.0,11.25,0.0
4231,5.0,0.05,23.77,2.43
706,0.0,0.0,15.18,0.0
600,0.0,0.0,23.28,0.0
2570,0.0,0.0,22.9,0.0
3989,0.0,0.0,18.38,0.0
2835,0.0,0.0,22.69,0.0
2239,0.0,0.0,23.92,0.0
4563,0.0,0.0,20.66,0.0
1783,0.0,0.0,8.94,0.0
2814,5.0,0.05,26.07,2.67
2842,0.0,0.0,16.9,0.0
3955,15.0,0.15,13.0,3.97
228,0.0,0.0,18.65,0.0
4416,0.0,0.0,10.86,0.0
3135,0.0,0.0,22.07,0.0
4678,0.0,0.0,21.38,0.0
3495,0.0,0.0,19.1,0.0
4513,0.0,0.0,22.98,0.0
241,0.0,0.0,18.44,0.0
732,0.0,0.0,22.1,0.0
30,0.0,0.0,16.91,0.0
107,20.0,0.2,9.15,3.71
4802,5.0,0.05,10.41,1.07
3881,0.0,0.0,23.77,0.0
1845,0.0,0.0,18.78,0.0
3472,0.0,0.0,12.58,0.0
2374,0.0,0.0,17.2,0.0
4858,5.0,0.05,16.52,1.69
1169,5.0,0.05,17.07,1.75
2158,0.0,0.0,14.97,0.0
2816,0.0,0.0,18.23,0.0
799,0.0,0.0,18.55,0.0
3987,10.0,0.1,13.4,2.74
66,5.0,0.05,20.85,2.14
2700,0.0,0.0,11.21,0.0
1505,0.0,0.0,19.7,0.0
180,0.0,0.0,16.26,0.0
1422,0.0,0.0,24.27,0.0
625,20.0,0.2,15.67,6.36
24,5.0,0.05,11.84,1.21
2060,5.0,0.05,19.09,1.96
682,0.0,0.0,24.05,0.0
1631,20.0,0.2,12.77,5.18
1091,0.0,0.0,19.47,0.0
502,5.0,0.05,14.68,1.5
4444,0.0,0.0,13.02,0.0
229,0.0,0.0,17.62,0.0
4138,0.0,0.0,21.54,0.0
4639,20.0,0.2,13.57,5.51
3788,0.0,0.0,24.7,0.0
2221,5.0,0.05,18.47,1.89
3711,5.0,0.05,20.57,2.11
1413,15.0,0.15,7.61,2.31
2684,5.0,0.05,11.88,1.22
85,0.0,0.0,15.5,0.0
4455,10.0,0.1,26.66,5.45
4587,0.0,0.0,22.38,0.0
4309,5.0,0.05,19.19,1.97
2379,0.0,0.0,17.78,0.0
2697,10.0,0.1,20.29,4.14
1210,5.0,0.05,18.23,1.86
2766,5.0,0.05,15.83,1.62
334,0.0,0.0,16.81,0.0
2093,5.0,0.05,19.71,2.02
200,5.0,0.05,14.57,1.49
2883,0.0,0.0,22.97,0.0
1433,15.0,0.15,12.28,3.75
808,0.0,0.0,17.0,0.0
4195,15.0,0.15,17.18,5.25
3436,5.0,0.05,18.89,1.93
3574,5.0,0.05,19.47,2.0
1030,0.0,0.0,19.64,0.0
3493,0.0,0.0,24.12,0.0
1520,5.0,0.05,13.49,1.38
4849,15.0,0.15,12.12,3.7
1955,0.0,0.0,21.6,0.0
2405,0.0,0.0,25.55,0.0
4310,0.0,0.0,8.85,0.0
4131,0.0,0.0,21.1,0.0
2122,10.0,0.1,13.24,2.7
80,5.0,0.05,13.02,1.33
4293,5.0,0.05,14.22,1.46
3292,0.0,0.0,23.66,0.0
3045,20.0,0.2,17.52,7.12
4733,0.0,0.0,17.09,0.0
3167,5.0,0.05,15.51,1.59
4542,30.0,0.3,13.82,8.38
2074,10.0,0.1,15.09,3.08
734,0.0,0.0,17.01,0.0
3952,0.0,0.0,18.01,0.0
3434,0.0,0.0,15.73,0.0
2219,5.0,0.05,14.85,1.52
1742,0.0,0.0,23.19,0.0
297,10.0,0.1,13.36,2.73
3560,0.0,0.0,19.54,0.0
712,15.0,0.15,14.5,4.43
897,5.0,0.05,16.54,1.69
3950,5.0,0.05,19.88,2.04
374,0.0,0.0,21.04,0.0
1558,5.0,0.05,19.73,2.02
4149,5.0,0.05,19.71,2.02
1500,0.0,0.0,26.08,0.0
4618,0.0,0.0,9.53,0.0
472,30.0,0.3,9.01,5.44
1035,0.0,0.0,18.3,0.0
1515,5.0,0.05,9.42,0.96
4237,0.0,0.0,22.57,0.0
1733,0.0,0.0,20.25,0.0
1271,0.0,0.0,25.68,0.0
3935,0.0,0.0,31.69,0.0
4437,5.0,0.05,19.33,1.98
4419,5.0,0.05,18.33,1.88
2586,5.0,0.05,20.3,2.08
3636,0.0,0.0,21.35,0.0
656,0.0,0.0,15.48,0.0
1293,5.0,0.05,18.49,1.89
4752,0.0,0.0,27.16,0.0
427,0.0,0.0,23.29,0.0
2421,0.0,0.0,19.05,0.0
2136,0.0,0.0,24.99,0.0
1075,0.0,0.0,20.5,0.0
4840,5.0,0.05,23.87,2.45
1323,0.0,0.0,20.45,0.0
415,0.0,0.0,25.15,0.0
2485,0.0,0.0,20.5,0.0
2147,0.0,0.0,23.73,0.0
590,5.0,0.05,16.62,1.7
169,0.0,0.0,23.04,0.0
3519,0.0,0.0,22.4,0.0
2241,5.0,0.05,23.04,2.36
997,0.0,0.0,22.55,0.0
3670,5.0,0.05,27.29,2.8
1865,5.0,0.05,21.55,2.21
9,5.0,0.05,10.35,1.06
3186,0.0,0.0,7.99,0.0
498,0.0,0.0,14.96,0.0
4335,5.0,0.05,28.48,2.92
145,10.0,0.1,5.65,1.15
658,0.0,0.0,23.29,0.0
2026,0.0,0.0,18.31,0.0
298,5.0,0.05,16.22,1.66
3781,0.0,0.0,16.12,0.0
1254,5.0,0.05,11.69,1.2
152,5.0,0.05,17.1,1.75
1744,0.0,0.0,18.44,0.0
2628,0.0,0.0,22.82,0.0
1198,0.0,0.0,13.77,0.0
3228,15.0,0.15,6.86,2.1
3162,5.0,0.05,26.81,2.75
4835,0.0,0.0,13.61,0.0
3409,5.0,0.05,28.09,2.88
1393,0.0,0.0,16.97,0.0
3941,5.0,0.05,15.03,1.54
1414,5.0,0.05,29.75,3.05
1540,0.0,0.0,20.76,0.0
2588,15.0,0.15,12.84,3.93
1706,0.0,0.0,23.16,0.0
3833,5.0,0.05,14.1,1.45
2999,5.0,0.05,20.94,2.15
4530,0.0,0.0,14.11,0.0
4260,5.0,0.05,14.91,1.53
3610,0.0,0.0,18.57,0.0
1445,0.0,0.0,24.97,0.0
101,10.0,0.1,15.49,3.16
2820,0.0,0.0,26.21,0.0
1205,0.0,0.0,17.07,0.0
1324,15.0,0.15,12.77,3.9
1026,0.0,0.0,24.78,0.0
4059,10.0,0.1,17.27,3.52
1616,0.0,0.0,20.68,0.0
2388,0.0,0.0,27.17,0.0
1753,10.0,0.1,11.78,2.4
4999,5.0,0.05,19.85,2.03
1232,0.0,0.0,18.28,0.0
4422,10.0,0.1,18.42,3.76
3012,0.0,0.0,13.17,0.0
2506,0.0,0.0,12.47,0.0
4382,5.0,0.05,20.88,2.14
1211,10.0,0.1,12.78,2.6
3945,0.0,0.0,25.01,0.0
1913,0.0,0.0,20.41,0.0
3527,5.0,0.05,21.42,2.2
2528,0.0,0.0,26.37,0.0
2606,0.0,0.0,24.39,0.0
3984,0.0,0.0,18.47,0.0
473,0.0,0.0,23.15,0.0
2844,0.0,0.0,19.22,0.0
4215,30.0,0.3,10.51,6.38
4081,0.0,0.0,11.55,0.0
3596,0.0,0.0,23.93,0.0
1256,0.0,0.0,16.58,0.0
4773,0.0,0.0,17.31,0.0
1748,0.0,0.0,27.7,0.0
3917,5.0,0.05,18.73,1.92
4979,0.0,0.0,25.57,0.0
3297,0.0,0.0,19.23,0.0
3265,5.0,0.05,19.76,2.02
249,0.0,0.0,25.85,0.0
34,0.0,0.0,21.98,0.0
2797,5.0,0.05,14.24,1.46
3684,5.0,0.05,15.7,1.61
506,15.0,0.15,13.31,4.07
3081,5.0,0.05,7.15,0.73
894,5.0,0.05,30.17,3.09
627,0.0,0.0,22.92,0.0
3190,0.0,0.0,9.44,0.0
1673,15.0,0.15,13.68,4.17
2518,0.0,0.0,22.04,0.0
2723,5.0,0.05,13.66,1.4
3040,0.0,0.0,22.1,0.0
1872,5.0,0.05,18.96,1.94
2852,0.0,0.0,21.75,0.0
970,0.0,0.0,26.64,0.0
417,0.0,0.0,17.21,0.0
1361,0.0,0.0,22.68,0.0
231,5.0,0.05,20.92,2.14
4871,15.0,0.15,10.98,3.36
3660,5.0,0.05,19.74,2.02
545,5.0,0.05,16.07,1.65
1245,0.0,0.0,24.88,0.0
3318,0.0,0.0,9.04,0.0
995,10.0,0.1,9.91,2.02
1621,0.0,0.0,25.42,0.0
1757,5.0,0.05,25.08,2.57
4821,20.0,0.2,9.89,4.01
1341,0.0,0.0,15.04,0.0
1819,0.0,0.0,26.33,0.0
813,0.0,0.0,21.39,0.0
3510,0.0,0.0,19.21,0.0
3910,10.0,0.1,7.4,1.51
3009,0.0,0.0,17.77,0.0
3969,10.0,0.1,19.42,3.97
4994,0.0,0.0,22.26,0.0
3621,5.0,0.05,30.03,3.08
1085,10.0,0.1,18.25,3.73
1104,5.0,0.05,19.7,2.02
932,0.0,0.0,17.78,0.0
3059,0.0,0.0,19.88,0.0
3879,0.0,0.0,15.57,0.0
1145,0.0,0.0,29.0,0.0
423,0.0,0.0,11.2,0.0
1437,0.0,0.0,22.32,0.0
725,0.0,0.0,19.08,0.0
1418,0.0,0.0,17.08,0.0
3738,5.0,0.05,23.04,2.36
3567,30.0,0.3,19.35,11.74
927,30.0,0.3,9.9,5.98
2291,5.0,0.05,24.77,2.54
150,0.0,0.0,23.09,0.0
4090,5.0,0.05,17.32,1.78
3102,10.0,0.1,13.64,2.79
4093,0.0,0.0,18.52,0.0
13,0.0,0.0,19.74,0.0
469,0.0,0.0,18.83,0.0
3264,0.0,0.0,19.37,0.0
3874,0.0,0.0,11.45,0.0
1894,0.0,0.0,13.72,0.0
3705,0.0,0.0,22.34,0.0
1438,0.0,0.0,18.27,0.0
1860,0.0,0.0,17.6,0.0
1841,0.0,0.0,26.58,0.0
3659,0.0,0.0,17.54,0.0
2105,30.0,0.3,12.74,7.72
3612,0.0,0.0,20.63,0.0
812,0.0,0.0,21.76,0.0
2664,0.0,0.0,14.7,0.0
1269,5.0,0.05,17.45,1.79
1962,0.0,0.0,24.16,0.0
3707,0.0,0.0,19.13,0.0
2878,10.0,0.1,12.19,2.49
4545,5.0,0.05,16.59,1.7
4264,0.0,0.0,10.24,0.0
394,10.0,0.1,14.96,3.05
2631,5.0,0.05,18.88,1.93
585,10.0,0.1,15.1,3.08
4965,0.0,0.0,16.55,0.0
492,20.0,0.2,3.63,1.48
2651,0.0,0.0,13.58,0.0
3041,0.0,0.0,22.71,0.0
133,5.0,0.05,25.32,2.59
1589,15.0,0.15,14.23,4.35
1739,0.0,0.0,10.59,0.0
4986,0.0,0.0,21.24,0.0
1019,5.0,0.05,20.04,2.05
4379,0.0,0.0,19.51,0.0
4703,0.0,0.0,18.98,0.0
2308,0.0,0.0,15.07,0.0
288,5.0,0.05,16.57,1.7
2211,5.0,0.05,17.19,1.76
3130,0.0,0.0,19.22,0.0
4576,0.0,0.0,20.38,0.0
1407,0.0,0.0,14.76,0.0
2367,0.0,0.0,18.69,0.0
2292,10.0,0.1,17.75,3.62
950,0.0,0.0,20.46,0.0
3478,0.0,0.0,22.15,0.0
3887,0.0,0.0,21.54,0.0
3405,0.0,0.0,19.37,0.0
2296,5.0,0.05,18.69,1.91
4224,15.0,0.15,16.42,5.02
4612,0.0,0.0,20.23,0.0
4486,0.0,0.0,17.9,0.0
4340,0.0,0.0,26.73,0.0
2222,0.0,0.0,24.26,0.0
1042,0.0,0.0,21.15,0.0
3846,0.0,0.0,18.7,0.0
4339,5.0,0.05,15.32,1.57
3883,0.0,0.0,15.89,0.0
2305,0.0,0.0,20.84,0.0
4403,25.0,0.25,4.62,2.33
430,5.0,0.05,26.81,2.75
1045,0.0,0.0,22.53,0.0
1808,25.0,0.25,7.7,3.89
4953,5.0,0.05,16.46,1.69
3655,0.0,0.0,8.89,0.0
830,0.0,0.0,11.56,0.0
2978,0.0,0.0,16.0,0.0
1719,5.0,0.05,17.48,1.79
466,10.0,0.1,19.38,3.96
3961,5.0,0.05,18.48,1.89
1372,0.0,0.0,27.8,0.0
1457,0.0,0.0,21.54,0.0
1188,0.0,0.0,23.42,0.0
3163,0.0,0.0,23.03,0.0
4646,5.0,0.05,18.75,1.92
678,15.0,0.15,14.11,4.32
487,5.0,0.05,24.99,2.56
2232,0.0,0.0,24.38,0.0
1039,0.0,0.0,17.38,0.0
764,5.0,0.05,33.9,3.47
2956,0.0,0.0,21.13,0.0
3656,0.0,0.0,23.46,0.0
3755,0.0,0.0,18.31,0.0
3652,0.0,0.0,22.93,0.0
766,0.0,0.0,12.88,0.0
4271,5.0,0.05,14.01,1.44
291,0.0,0.0,21.82,0.0
2120,0.0,0.0,11.96,0.0
3540,0.0,0.0,17.22,0.0
253,0.0,0.0,30.38,0.0
3261,15.0,0.15,13.6,4.15
351,5.0,0.05,8.82,0.9
3708,5.0,0.05,17.79,1.82
3204,0.0,0.0,18.0,0.0
1740,0.0,0.0,8.74,0.0
677,0.0,0.0,20.64,0.0
91,0.0,0.0,26.92,0.0
3827,0.0,0.0,17.73,0.0
4881,0.0,0.0,23.14,0.0
4119,0.0,0.0,17.19,0.0
3056,0.0,0.0,15.28,0.0
27,5.0,0.05,11.15,1.14
3717,25.0,0.25,12.08,6.11
4898,0.0,0.0,23.46,0.0
722,0.0,0.0,19.15,0.0
2064,5.0,0.05,17.9,1.83
3964,0.0,0.0,17.18,0.0
2471,0.0,0.0,23.02,0.0
2318,0.0,0.0,19.42,0.0
2859,10.0,0.1,15.51,3.16
878,0.0,0.0,16.67,0.0
3317,5.0,0.05,17.52,1.79
3789,5.0,0.05,18.94,1.94
255,0.0,0.0,17.93,0.0
4822,10.0,0.1,14.38,2.94
4796,0.0,0.0,17.22,0.0
4249,0.0,0.0,25.37,0.0
4321,5.0,0.05,10.32,1.06
4734,0.0,0.0,16.57,0.0
2100,5.0,0.05,24.63,2.52
4740,0.0,0.0,27.52,0.0
3981,0.0,0.0,22.14,0.0
2535,0.0,0.0,17.32,0.0
4658,5.0,0.05,11.21,1.15
316,10.0,0.1,18.78,3.84
1262,5.0,0.05,18.44,1.89
842,25.0,0.25,12.53,6.36
2744,0.0,0.0,18.23,0.0
554,5.0,0.05,20.81,2.13
2023,0.0,0.0,19.4,0.0
3132,0.0,0.0,19.0,0.0
70,5.0,0.05,24.45,2.5
3605,0.0,0.0,21.61,0.0
747,0.0,0.0,19.61,0.0
2424,0.0,0.0,22.31,0.0
4457,5.0,0.05,14.85,1.52
1703,10.0,0.1,13.33,2.73
3122,10.0,0.1,18.0,3.68
4694,5.0,0.05,28.71,2.94
3354,20.0,0.2,14.03,5.7
2068,5.0,0.05,8.82,0.9
3649,0.0,0.0,21.58,0.0
3996,0.0,0.0,22.43,0.0
2154,0.0,0.0,13.61,0.0
1840,0.0,0.0,16.86,0.0
388,0.0,0.0,17.45,0.0
2469,5.0,0.05,16.97,1.74
3703,0.0,0.0,16.59,0.0
3932,0.0,0.0,10.18,0.0
3719,10.0,0.1,22.27,4.55
1371,5.0,0.05,15.2,1.56
411,0.0,0.0,17.6,0.0
1439,0.0,0.0,17.42,0.0
110,0.0,0.0,16.65,0.0
4057,5.0,0.05,34.88,3.57
1136,0.0,0.0,20.96,0.0
2128,0.0,0.0,10.22,0.0
2610,0.0,0.0,17.69,0.0
692,0.0,0.0,17.82,0.0
1579,20.0,0.2,14.87,6.03
2963,0.0,0.0,27.15,0.0
4142,5.0,0.05,29.52,3.02
3706,0.0,0.0,20.88,0.0
3255,0.0,0.0,25.36,0.0
4812,10.0,0.1,15.27,3.12
486,0.0,0.0,17.31,0.0
556,0.0,0.0,20.27,0.0
4632,5.0,0.05,19.63,2.01
4421,0.0,0.0,21.16,0.0
2772,0.0,0.0,23.62,0.0
2861,0.0,0.0,8.36,0.0
1109,0.0,0.0,26.05,0.0
3913,15.0,0.15,11.07,3.38
2270,5.0,0.05,15.23,1.56
3931,0.0,0.0,24.03,0.0
178,5.0,0.05,21.2,2.17
2906,0.0,0.0,24.75,0.0
916,0.0,0.0,26.16,0.0
81,0.0,0.0,17.95,0.0
3269,5.0,0.05,18.02,1.84
578,0.0,0.0,21.63,0.0
2300,0.0,0.0,27.3,0.0
3312,5.0,0.05,8.94,0.92
3795,10.0,0.1,14.74,3.01
1392,0.0,0.0,13.53,0.0
222,5.0,0.05,7.96,0.81
94,5.0,0.05,19.16,1.96
3647,0.0,0.0,27.18,0.0
4360,0.0,0.0,19.11,0.0
843,0.0,0.0,16.31,0.0
539,0.0,0.0,19.84,0.0
3015,0.0,0.0,20.48,0.0
1435,0.0,0.0,16.6,0.0
1056,5.0,0.05,20.46,2.1
3774,5.0,0.05,18.12,1.86
3687,0.0,0.0,19.07,0.0
811,0.0,0.0,20.98,0.0
2216,5.0,0.05,21.4,2.19
2987,0.0,0.0,16.58,0.0
735,5.0,0.05,19.09,1.95
4521,0.0,0.0,16.53,0.0
1863,5.0,0.05,21.81,2.24
4072,0.0,0.0,15.36,0.0
531,0.0,0.0,20.04,0.0
2923,0.0,0.0,17.98,0.0
3413,0.0,0.0,17.47,0.0
3127,5.0,0.05,18.11,1.86
3624,0.0,0.0,19.76,0.0
4141,0.0,0.0,13.83,0.0
1747,0.0,0.0,17.85,0.0
684,0.0,0.0,17.68,0.0
4568,0.0,0.0,19.43,0.0
1130,0.0,0.0,19.45,0.0
4275,0.0,0.0,22.07,0.0
2652,0.0,0.0,18.77,0.0
801,0.0,0.0,21.54,0.0
2118,0.0,0.0,20.05,0.0
3381,5.0,0.05,7.35,0.75
4267,0.0,0.0,11.36,0.0
220,20.0,0.2,13.81,5.62
1870,0.0,0.0,19.13,0.0
2246,0.0,0.0,23.2,0.0
4357,0.0,0.0,22.96,0.0
4085,0.0,0.0,23.4,0.0
4695,5.0,0.05,12.6,1.29
2678,0.0,0.0,17.5,0.0
44,10.0,0.1,14.36,2.94
2285,5.0,0.05,17.02,1.74
211,0.0,0.0,20.67,0.0
1618,0.0,0.0,20.04,0.0
355,0.0,0.0,28.7,0.0
3810,5.0,0.05,19.0,1.94
2314,0.0,0.0,20.16,0.0
4564,0.0,0.0,22.59,0.0
562,0.0,0.0,25.54,0.0
368,0.0,0.0,18.22,0.0
587,5.0,0.05,16.82,1.72
3735,5.0,0.05,22.73,2.33
2846,0.0,0.0,24.88,0.0
136,10.0,0.1,11.32,2.31
804,0.0,0.0,18.42,0.0
48,0.0,0.0,23.08,0.0
3159,15.0,0.15,15.48,4.73
2322,0.0,0.0,13.74,0.0
4857,0.0,0.0,24.93,0.0
4684,0.0,0.0,23.99,0.0
4976,0.0,0.0,19.62,0.0
1935,5.0,0.05,19.07,1.95
62,0.0,0.0,26.76,0.0
1768,0.0,0.0,15.52,0.0
634,0.0,0.0,17.73,0.0
96,0.0,0.0,13.9,0.0
479,0.0,0.0,24.31,0.0
1724,5.0,0.05,13.96,1.43
4823,0.0,0.0,16.01,0.0
4603,0.0,0.0,22.6,0.0
1118,10.0,0.1,14.28,2.92
2777,5.0,0.05,23.93,2.45
4222,0.0,0.0,23.55,0.0
323,0.0,0.0,22.64,0.0
1294,0.0,0.0,15.06,0.0
2230,0.0,0.0,25.3,0.0
1659,0.0,0.0,26.93,0.0
1570,5.0,0.05,11.88,1.22
2441,5.0,0.05,15.51,1.59
2496,0.0,0.0,22.97,0.0
3679,30.0,0.3,3.11,1.79
2961,5.0,0.05,16.87,1.73
292,5.0,0.05,11.38,1.16
1002,0.0,0.0,14.72,0.0
2095,10.0,0.1,19.24,3.93
534,5.0,0.05,14.43,1.48
4517,0.0,0.0,26.16,0.0
1096,5.0,0.05,27.14,2.78
3793,5.0,0.05,12.56,1.29
2012,0.0,0.0,24.66,0.0
4598,5.0,0.05,15.13,1.55
1559,0.0,0.0,16.28,0.0
1171,0.0,0.0,24.09,0.0
4037,0.0,0.0,19.99,0.0
2418,0.0,0.0,20.39,0.0
4064,0.0,0.0,22.76,0.0
4722,10.0,0.1,12.55,2.56
3796,5.0,0.05,16.12,1.65
2084,0.0,0.0,22.79,0.0
4622,0.0,0.0,17.08,0.0
1011,0.0,0.0,9.36,0.0
4779,0.0,0.0,14.04,0.0
752,5.0,0.05,14.87,1.52
3937,0.0,0.0,13.52,0.0
4730,0.0,0.0,31.11,0.0
4536,0.0,0.0,23.94,0.0
4931,5.0,0.05,16.28,1.67
1426,5.0,0.05,29.11,2.98
1877,0.0,0.0,19.89,0.0
1546,0.0,0.0,13.27,0.0
4889,0.0,0.0,14.08,0.0
3236,0.0,0.0,15.5,0.0
4163,0.0,0.0,27.75,0.0
1193,15.0,0.15,9.91,3.03
2253,0.0,0.0,19.56,0.0
2860,5.0,0.05,17.0,1.74
3455,5.0,0.05,19.64,2.01
1895,5.0,0.05,21.77,2.23
671,5.0,0.05,19.01,1.94
829,0.0,0.0,21.46,0.0
2145,10.0,0.1,15.57,3.18
1700,0.0,0.0,22.51,0.0
908,5.0,0.05,12.9,1.32
2175,5.0,0.05,21.27,2.18
71,10.0,0.1,8.76,1.79
912,0.0,0.0,16.12,0.0
3866,0.0,0.0,18.74,0.0
2621,0.0,0.0,8.78,0.0
3253,0.0,0.0,17.4,0.0
4225,30.0,0.3,9.64,5.82
2754,5.0,0.05,19.42,1.99
839,0.0,0.0,21.51,0.0
1613,10.0,0.1,13.81,2.83
1150,0.0,0.0,21.52,0.0
3535,0.0,0.0,20.91,0.0
1076,0.0,0.0,16.43,0.0
2452,5.0,0.05,13.71,1.41
2795,5.0,0.05,20.22,2.07
2821,0.0,0.0,17.65,0.0
2022,0.0,0.0,15.87,0.0
3769,5.0,0.05,19.53,2.0
1306,0.0,0.0,13.68,0.0
3672,0.0,0.0,17.55,0.0
1889,5.0,0.05,15.8,1.62
3251,5.0,0.05,22.84,2.34
2373,10.0,0.1,10.8,2.2
2909,15.0,0.15,15.86,4.84
3797,5.0,0.05,17.04,1.75
1633,0.0,0.0,20.91,0.0
2243,0.0,0.0,20.09,0.0
4853,0.0,0.0,15.96,0.0
3918,5.0,0.05,13.57,1.39
3543,5.0,0.05,19.39,1.99
3581,0.0,0.0,15.42,0.0
4928,0.0,0.0,24.04,0.0
4890,0.0,0.0,11.6,0.0
643,0.0,0.0,26.71,0.0
2975,5.0,0.05,25.37,2.6
3615,0.0,0.0,25.63,0.0
3811,0.0,0.0,21.44,0.0
234,5.0,0.05,26.23,2.69
4577,5.0,0.05,19.52,2.0
1610,5.0,0.05,19.71,2.02
416,5.0,0.05,18.31,1.88
2472,0.0,0.0,11.63,0.0
654,0.0,0.0,18.67,0.0
3623,5.0,0.05,10.65,1.09
1601,5.0,0.05,16.5,1.69
18,10.0,0.1,14.48,2.96
1861,5.0,0.05,18.98,1.94
2461,0.0,0.0,18.01,0.0
2390,0.0,0.0,12.21,0.0
597,0.0,0.0,17.58,0.0
4872,0.0,0.0,21.06,0.0
2168,0.0,0.0,13.54,0.0
2858,20.0,0.2,12.82,5.21
4760,5.0,0.05,14.22,1.46
1816,5.0,0.05,14.71,1.51
4936,0.0,0.0,18.2,0.0
372,0.0,0.0,22.3,0.0
3039,0.0,0.0,14.46,0.0
599,0.0,0.0,21.98,0.0
239,0.0,0.0,22.53,0.0
3616,0.0,0.0,23.13,0.0
1814,30.0,0.3,14.75,8.95
1944,0.0,0.0,19.04,0.0
1718,5.0,0.05,25.66,2.63
4838,0.0,0.0,16.5,0.0
2139,0.0,0.0,31.46,0.0
2560,0.0,0.0,23.25,0.0
3481,5.0,0.05,14.46,1.48
3694,20.0,0.2,11.89,4.83
2765,5.0,0.05,28.46,2.92
2477,0.0,0.0,14.07,0.0
2553,0.0,0.0,13.81,0.0
788,10.0,0.1,13.52,2.76
1544,5.0,0.05,17.76,1.82
3741,10.0,0.1,14.5,2.97
4263,0.0,0.0,12.63,0.0
3726,0.0,0.0,24.53,0.0
2245,0.0,0.0,13.98,0.0
4488,15.0,0.15,14.6,4.46
4221,5.0,0.05,28.08,2.88
3049,5.0,0.05,22.61,2.31
1434,5.0,0.05,17.19,1.76
622,0.0,0.0,18.08,0.0
2313,0.0,0.0,18.89,0.0
3648,0.0,0.0,22.78,0.0
567,5.0,0.05,19.06,1.95
1486,5.0,0.05,17.58,1.8
3753,0.0,0.0,24.67,0.0
3586,5.0,0.05,26.15,2.68
52,0.0,0.0,23.4,0.0
2143,0.0,0.0,21.2,0.0
3047,0.0,0.0,14.95,0.0
3120,0.0,0.0,20.99,0.0
4375,0.0,0.0,28.17,0.0
535,0.0,0.0,19.57,0.0
3200,0.0,0.0,19.85,0.0
3103,0.0,0.0,8.07,0.0
444,0.0,0.0,18.87,0.0
2690,0.0,0.0,17.58,0.0
196,0.0,0.0,20.71,0.0
3484,0.0,0.0,18.44,0.0
777,5.0,0.05,20.53,2.1
2227,0.0,0.0,23.12,0.0
2823,15.0,0.15,14.44,4.42
3018,0.0,0.0,30.25,0.0
3063,5.0,0.05,24.05,2.46
2981,5.0,0.05,16.12,1.65
2576,5.0,0.05,15.74,1.61
2938,5.0,0.05,29.79,3.05
645,0.0,0.0,19.34,0.0
806,0.0,0.0,23.51,0.0
3538,5.0,0.05,28.94,2.96
1352,0.0,0.0,18.23,0.0
4866,0.0,0.0,25.62,0.0
121,0.0,0.0,20.76,0.0
2489,5.0,0.05,22.26,2.28
4808,20.0,0.2,12.63,5.13
4899,0.0,0.0,24.33,0.0
2465,0.0,0.0,18.86,0.0
3183,0.0,0.0,13.1,0.0
135,0.0,0.0,17.28,0.0
2804,0.0,0.0,8.0,0.0
3639,5.0,0.05,26.67,2.73
2299,10.0,0.1,15.54,3.17
185,0.0,0.0,17.09,0.0
1336,0.0,0.0,10.87,0.0
1667,5.0,0.05,21.6,2.21
512,15.0,0.15,15.13,4.62
1322,0.0,0.0,13.56,0.0
4073,0.0,0.0,15.66,0.0
3759,10.0,0.1,18.92,3.86
4229,10.0,0.1,11.01,2.25
3733,0.0,0.0,18.57,0.0
3680,0.0,0.0,22.56,0.0
743,0.0,0.0,22.13,0.0
252,5.0,0.05,26.1,2.67
1174,20.0,0.2,10.82,4.39
3960,0.0,0.0,20.84,0.0
3903,5.0,0.05,17.23,1.76
2171,0.0,0.0,19.43,0.0
123,0.0,0.0,22.4,0.0
2355,0.0,0.0,22.26,0.0
1670,5.0,0.05,16.51,1.69
1478,0.0,0.0,9.23,0.0
568,5.0,0.05,14.93,1.53
3668,0.0,0.0,18.23,0.0
3201,5.0,0.05,19.49,2.0
1676,20.0,0.2,9.07,3.67
1804,0.0,0.0,15.12,0.0
882,5.0,0.05,15.87,1.63
1216,0.0,0.0,22.58,0.0
3775,0.0,0.0,10.83,0.0
2629,0.0,0.0,13.51,0.0
4426,10.0,0.1,19.02,3.89
721,5.0,0.05,16.82,1.72
2726,0.0,0.0,17.99,0.0
3892,5.0,0.05,15.15,1.55
2466,5.0,0.05,18.4,1.88
3211,0.0,0.0,22.41,0.0
603,0.0,0.0,17.15,0.0
4199,0.0,0.0,22.04,0.0
1898,15.0,0.15,15.87,4.85
3946,0.0,0.0,25.46,0.0
3853,5.0,0.05,12.32,1.26
319,5.0,0.05,15.24,1.56
3098,0.0,0.0,18.2,0.0
4904,5.0,0.05,26.53,2.72
275,0.0,0.0,17.21,0.0
1874,0.0,0.0,18.29,0.0
550,15.0,0.15,12.1,3.69
4992,15.0,0.15,14.48,4.43
4674,0.0,0.0,29.89,0.0
4903,0.0,0.0,23.26,0.0
2950,5.0,0.05,20.76,2.13
606,0.0,0.0,19.27,0.0
4039,10.0,0.1,15.58,3.18
528,0.0,0.0,15.31,0.0
4065,0.0,0.0,16.91,0.0
4285,0.0,0.0,25.37,0.0
4913,5.0,0.05,13.35,1.37
3791,5.0,0.05,15.78,1.61
4837,5.0,0.05,14.45,1.48
1832,0.0,0.0,15.61,0.0
299,5.0,0.05,10.3,1.05
2806,5.0,0.05,15.92,1.63
4256,0.0,0.0,15.54,0.0
1594,0.0,0.0,18.49,0.0
2179,0.0,0.0,24.64,0.0
4932,0.0,0.0,25.54,0.0
4266,10.0,0.1,12.27,2.51
2178,0.0,0.0,18.77,0.0
1599,10.0,0.1,18.17,3.71
2537,0.0,0.0,29.37,0.0
757,0.0,0.0,12.38,0.0
1483,0.0,0.0,24.48,0.0
2488,0.0,0.0,30.13,0.0
2073,0.0,0.0,17.97,0.0
1296,0.0,0.0,12.14,0.0
1097,5.0,0.05,26.07,2.67
1908,5.0,0.05,17.35,1.78
4784,0.0,0.0,17.38,0.0
377,10.0,0.1,18.7,3.82
4166,5.0,0.05,18.83,1.93
2536,5.0,0.05,22.59,2.31
4669,0.0,0.0,23.12,0.0
928,0.0,0.0,25.88,0.0
379,0.0,0.0,17.16,0.0
1176,0.0,0.0,24.31,0.0
2457,0.0,0.0,20.66,0.0
2577,10.0,0.1,9.76,1.99
4869,0.0,0.0,30.57,0.0
1346,0.0,0.0,21.58,0.0
2620,0.0,0.0,26.4,0.0
1685,0.0,0.0,14.19,0.0
2058,0.0,0.0,17.94,0.0
1537,15.0,0.15,6.89,2.11
2529,0.0,0.0,20.82,0.0
2288,5.0,0.05,18.15,1.86
4879,0.0,0.0,12.77,0.0
795,0.0,0.0,18.3,0.0
2521,5.0,0.05,13.67,1.4
3521,5.0,0.05,10.84,1.11
1222,15.0,0.15,18.49,5.65
176,0.0,0.0,17.9,0.0
1787,0.0,0.0,13.46,0.0
3425,10.0,0.1,13.79,2.82
1979,0.0,0.0,23.94,0.0
46,5.0,0.05,24.14,2.47
2768,0.0,0.0,14.72,0.0
860,10.0,0.1,17.14,3.5
4668,0.0,0.0,18.41,0.0
4168,0.0,0.0,17.84,0.0
1527,0.0,0.0,20.99,0.0
2192,0.0,0.0,10.5,0.0
3011,0.0,0.0,21.72,0.0
3014,5.0,0.05,8.81,0.9
1780,0.0,0.0,23.59,0.0
1704,0.0,0.0,17.8,0.0
3114,0.0,0.0,16.83,0.0
2604,0.0,0.0,21.77,0.0
284,5.0,0.05,18.95,1.94
1554,0.0,0.0,19.81,0.0
4145,0.0,0.0,25.12,0.0
4712,0.0,0.0,23.98,0.0
1567,0.0,0.0,16.51,0.0
1259,5.0,0.05,19.91,2.04
857,0.0,0.0,24.96,0.0
2087,20.0,0.2,13.81,5.62
2417,5.0,0.05,15.85,1.62
4926,0.0,0.0,20.86,0.0
1875,0.0,0.0,9.34,0.0
4617,0.0,0.0,18.93,0.0
2096,0.0,0.0,33.72,0.0
978,0.0,0.0,18.64,0.0
1398,15.0,0.15,14.65,4.48
2460,0.0,0.0,20.55,0.0
4570,5.0,0.05,16.55,1.69
1942,5.0,0.05,11.64,1.19
2527,5.0,0.05,25.22,2.58
953,10.0,0.1,12.06,2.47
100,0.0,0.0,9.43,0.0
1074,0.0,0.0,18.89,0.0
4465,0.0,0.0,22.08,0.0
3465,5.0,0.05,19.71,2.02
4896,0.0,0.0,22.0,0.0
352,15.0,0.15,20.07,6.13
2747,5.0,0.05,20.01,2.05
1159,0.0,0.0,18.55,0.0
1057,0.0,0.0,21.12,0.0
965,0.0,0.0,26.0,0.0
719,0.0,0.0,21.41,0.0
2776,0.0,0.0,24.57,0.0
3576,0.0,0.0,18.01,0.0
1539,10.0,0.1,17.27,3.53
309,0.0,0.0,23.08,0.0
1535,5.0,0.05,11.02,1.13
834,5.0,0.05,13.27,1.36
367,5.0,0.05,14.5,1.48
3397,25.0,0.25,15.95,8.07
2094,5.0,0.05,20.0,2.05
4867,0.0,0.0,7.17,0.0
3782,0.0,0.0,12.68,0.0
2556,5.0,0.05,19.9,2.04
1127,0.0,0.0,26.46,0.0
20,0.0,0.0,14.97,0.0
3266,0.0,0.0,19.58,0.0
2944,0.0,0.0,29.1,0.0
2590,5.0,0.05,25.51,2.61
219,5.0,0.05,23.91,2.45
2639,0.0,0.0,16.87,0.0
439,0.0,0.0,12.63,0.0
1966,0.0,0.0,20.66,0.0
3376,0.0,0.0,19.83,0.0
3304,5.0,0.05,15.19,1.55
4282,0.0,0.0,16.01,0.0
2433,0.0,0.0,24.7,0.0
4661,5.0,0.05,15.03,1.54
3780,0.0,0.0,12.11,0.0
2779,0.0,0.0,28.65,0.0
803,0.0,0.0,37.1,0.0
3013,0.0,0.0,18.8,0.0
2289,0.0,0.0,18.01,0.0
3742,0.0,0.0,18.55,0.0
4451,5.0,0.05,19.01,1.95
583,0.0,0.0,23.15,0.0
204,5.0,0.05,10.45,1.07
4061,0.0,0.0,23.79,0.0
3432,5.0,0.05,20.48,2.1
2265,0.0,0.0,24.83,0.0
2196,0.0,0.0,17.74,0.0
3423,5.0,0.05,23.36,2.39
1607,5.0,0.05,18.27,1.87
1048,0.0,0.0,20.57,0.0
1425,5.0,0.05,20.13,2.06
2882,0.0,0.0,27.13,0.0
1963,5.0,0.05,14.76,1.51
3366,0.0,0.0,9.27,0.0
518,0.0,0.0,17.48,0.0
2985,0.0,0.0,18.22,0.0
3337,5.0,0.05,16.28,1.67
4856,0.0,0.0,13.15,0.0
669,25.0,0.25,2.48,1.25
3113,5.0,0.05,21.92,2.25
1428,0.0,0.0,14.27,0.0
4922,0.0,0.0,22.75,0.0
4507,5.0,0.05,13.37,1.37
1261,5.0,0.05,16.18,1.66
2440,0.0,0.0,22.96,0.0
3768,0.0,0.0,22.31,0.0
4270,0.0,0.0,18.04,0.0
3358,0.0,0.0,23.16,0.0
3408,0.0,0.0,17.8,0.0
1376,5.0,0.05,16.41,1.68
760,0.0,0.0,11.06,0.0
2848,0.0,0.0,16.09,0.0
4333,15.0,0.15,13.49,4.13
2686,0.0,0.0,13.46,0.0
3022,5.0,0.05,12.77,1.31
4396,0.0,0.0,17.58,0.0
2510,0.0,0.0,14.37,0.0
215,5.0,0.05,17.08,1.75
3347,0.0,0.0,16.53,0.0
1484,5.0,0.05,20.84,2.14
694,0.0,0.0,12.91,0.0
2183,0.0,0.0,8.26,0.0
4732,0.0,0.0,17.19,0.0
2134,5.0,0.05,16.41,1.68
1116,0.0,0.0,27.52,0.0
1785,5.0,0.05,21.37,2.19
4739,5.0,0.05,17.12,1.75
1213,0.0,0.0,25.26,0.0
4882,0.0,0.0,17.55,0.0
197,5.0,0.05,14.93,1.53
4606,5.0,0.05,28.02,2.87
4729,0.0,0.0,10.31,0.0
1058,0.0,0.0,14.16,0.0
880,5.0,0.05,19.76,2.02
1823,0.0,0.0,31.73,0.0
1938,0.0,0.0,18.38,0.0
1331,5.0,0.05,19.66,2.01
2269,0.0,0.0,26.86,0.0
888,0.0,0.0,21.0,0.0
3033,0.0,0.0,26.27,0.0
69,0.0,0.0,22.17,0.0
2498,0.0,0.0,18.49,0.0
1936,0.0,0.0,28.29,0.0
569,5.0,0.05,15.36,1.57
1653,5.0,0.05,14.38,1.47
97,0.0,0.0,21.86,0.0
1021,0.0,0.0,18.34,0.0
2875,0.0,0.0,16.71,0.0
140,0.0,0.0,23.76,0.0
3104,0.0,0.0,24.83,0.0
2618,0.0,0.0,21.9,0.0
1506,0.0,0.0,24.63,0.0
1363,5.0,0.05,16.4,1.68
2648,0.0,0.0,19.03,0.0
3287,5.0,0.05,13.25,1.36
4765,0.0,0.0,24.97,0.0
2293,10.0,0.1,16.23,3.31
4424,0.0,0.0,18.82,0.0
464,20.0,0.2,13.88,5.65
2896,5.0,0.05,4.53,0.46
4188,0.0,0.0,21.37,0.0
2005,15.0,0.15,7.48,2.28
595,0.0,0.0,21.69,0.0
1339,0.0,0.0,34.34,0.0
626,0.0,0.0,21.26,0.0
451,0.0,0.0,23.55,0.0
3748,0.0,0.0,19.31,0.0
4302,0.0,0.0,15.03,0.0
4326,0.0,0.0,19.02,0.0
4836,20.0,0.2,9.37,3.8
1593,5.0,0.05,14.72,1.51
1050,5.0,0.05,13.31,1.36
3554,0.0,0.0,23.93,0.0
1910,5.0,0.05,28.59,2.93
4600,0.0,0.0,22.78,0.0
4011,5.0,0.05,27.98,2.87
151,5.0,0.05,29.34,3.01
1737,0.0,0.0,17.53,0.0
3967,0.0,0.0,14.29,0.0
4685,0.0,0.0,8.11,0.0
1481,0.0,0.0,19.19,0.0
89,5.0,0.05,10.54,1.08
458,5.0,0.05,19.53,2.0
4376,0.0,0.0,14.03,0.0
2941,0.0,0.0,17.91,0.0
3286,5.0,0.05,19.87,2.04
4891,0.0,0.0,15.72,0.0
2017,0.0,0.0,21.08,0.0
1671,5.0,0.05,24.07,2.47
3665,0.0,0.0,17.76,0.0
832,10.0,0.1,19.14,3.91
240,5.0,0.05,17.3,1.77
4692,5.0,0.05,18.19,1.86
1000,0.0,0.0,17.56,0.0
1449,0.0,0.0,25.35,0.0
2916,0.0,0.0,21.21,0.0
1974,5.0,0.05,22.9,2.35
2996,5.0,0.05,14.95,1.53
193,5.0,0.05,21.03,2.16
4240,5.0,0.05,16.76,1.72
3762,5.0,0.05,18.17,1.86
3862,0.0,0.0,22.57,0.0
945,0.0,0.0,27.19,0.0
4191,0.0,0.0,16.48,0.0
1184,0.0,0.0,18.4,0.0
4241,25.0,0.25,8.47,4.27
1033,0.0,0.0,21.19,0.0
4435,0.0,0.0,27.52,0.0
4691,0.0,0.0,11.26,0.0
2032,5.0,0.05,13.3,1.36
3429,0.0,0.0,21.93,0.0
2132,5.0,0.05,22.29,2.28
3974,5.0,0.05,15.59,1.6
3485,0.0,0.0,20.7,0.0
4330,0.0,0.0,11.13,0.0
1833,0.0,0.0,15.19,0.0
2955,25.0,0.25,12.94,6.56
2986,0.0,0.0,18.5,0.0
3241,0.0,0.0,20.6,0.0
1624,0.0,0.0,22.8,0.0
4906,0.0,0.0,13.16,0.0
4927,0.0,0.0,22.67,0.0
192,5.0,0.05,17.4,1.78
1488,0.0,0.0,13.37,0.0
3099,0.0,0.0,18.89,0.0
3332,0.0,0.0,28.93,0.0
3830,0.0,0.0,15.3,0.0
4476,0.0,0.0,18.76,0.0
1730,0.0,0.0,19.11,0.0
4027,0.0,0.0,18.56,0.0
2808,0.0,0.0,16.66,0.0
3663,0.0,0.0,23.01,0.0
4585,0.0,0.0,20.16,0.0
3414,0.0,0.0,19.46,0.0
4933,0.0,0.0,21.01,0.0
4877,0.0,0.0,18.33,0.0
167,10.0,0.1,15.2,3.1
1615,0.0,0.0,21.18,0.0
3277,0.0,0.0,11.45,0.0
1025,25.0,0.25,2.49,1.25
1452,5.0,0.05,16.74,1.71
4332,0.0,0.0,18.33,0.0
2237,5.0,0.05,19.08,1.95
2330,5.0,0.05,15.17,1.55
4391,0.0,0.0,17.7,0.0
3313,5.0,0.05,22.59,2.31
4718,20.0,0.2,11.24,4.56
153,0.0,0.0,16.47,0.0
4024,0.0,0.0,18.63,0.0
4699,0.0,0.0,20.86,0.0
3400,0.0,0.0,19.33,0.0
1972,5.0,0.05,19.09,1.95
1182,0.0,0.0,17.56,0.0
2990,5.0,0.05,24.88,2.55
4329,0.0,0.0,12.9,0.0
2115,0.0,0.0,21.22,0.0
4833,0.0,0.0,19.31,0.0
4054,0.0,0.0,8.67,0.0
1590,10.0,0.1,17.74,3.62
32,0.0,0.0,12.35,0.0
938,0.0,0.0,31.12,0.0
2548,5.0,0.05,19.2,1.96
1996,0.0,0.0,23.79,0.0
3134,5.0,0.05,15.63,1.6
310,5.0,0.05,29.01,2.97
3976,0.0,0.0,29.89,0.0
1472,0.0,0.0,25.95,0.0
3129,0.0,0.0,25.48,0.0
2224,0.0,0.0,20.01,0.0
496,0.0,0.0,20.02,0.0
206,0.0,0.0,21.55,0.0
2689,0.0,0.0,17.12,0.0
3373,0.0,0.0,13.12,0.0
3849,5.0,0.05,25.63,2.63
306,0.0,0.0,23.03,0.0
3812,0.0,0.0,18.75,0.0
1809,5.0,0.05,24.26,2.49
1062,0.0,0.0,14.76,0.0
844,0.0,0.0,16.5,0.0
2729,0.0,0.0,27.15,0.0
2267,25.0,0.25,9.72,4.9
212,0.0,0.0,19.84,0.0
3734,0.0,0.0,20.98,0.0
680,0.0,0.0,22.07,0.0
566,0.0,0.0,23.21,0.0
3131,5.0,0.05,16.5,1.69
3712,25.0,0.25,13.19,6.69
681,0.0,0.0,17.3,0.0
181,0.0,0.0,18.07,0.0
4870,5.0,0.05,14.6,1.49
1236,0.0,0.0,20.08,0.0
2332,5.0,0.05,24.54,2.51
4284,25.0,0.25,13.38,6.79
279,0.0,0.0,21.1,0.0
1129,0.0,0.0,20.95,0.0
3713,5.0,0.05,27.76,2.85
433,0.0,0.0,14.8,0.0
290,5.0,0.05,24.39,2.5
1028,15.0,0.15,13.48,4.12
536,0.0,0.0,13.91,0.0
4354,0.0,0.0,14.13,0.0
189,0.0,0.0,15.34,0.0
2277,5.0,0.05,22.19,2.27
3934,10.0,0.1,16.44,3.35
3590,0.0,0.0,10.56,0.0
271,0.0,0.0,22.51,0.0
3456,0.0,0.0,22.04,0.0
4094,0.0,0.0,2.44,0.0
2173,5.0,0.05,14.8,1.51
4234,0.0,0.0,23.49,0.0
112,5.0,0.05,17.99,1.84
2484,0.0,0.0,11.53,0.0
221,0.0,0.0,20.22,0.0
628,0.0,0.0,21.02,0.0
1201,5.0,0.05,18.62,1.91
3372,0.0,0.0,22.19,0.0
2438,0.0,0.0,24.55,0.0
791,10.0,0.1,14.74,3.01
2329,30.0,0.3,10.8,6.53
462,0.0,0.0,18.68,0.0
4413,0.0,0.0,17.01,0.0
552,0.0,0.0,23.23,0.0
4104,0.0,0.0,22.78,0.0
1175,0.0,0.0,17.17,0.0
199,0.0,0.0,15.02,0.0
4033,5.0,0.05,16.39,1.68
3363,0.0,0.0,22.92,0.0
403,0.0,0.0,11.04,0.0
4579,0.0,0.0,21.84,0.0
4183,5.0,0.05,13.09,1.34
4774,0.0,0.0,19.79,0.0
4988,15.0,0.15,12.27,3.75
4813,0.0,0.0,17.17,0.0
4473,0.0,0.0,17.33,0.0
651,5.0,0.05,23.97,2.46
709,10.0,0.1,11.45,2.34
1502,0.0,0.0,18.02,0.0
4425,5.0,0.05,11.36,1.16
3991,5.0,0.05,12.89,1.32
2233,0.0,0.0,17.26,0.0
2342,0.0,0.0,21.95,0.0
315,0.0,0.0,21.6,0.0
1221,5.0,0.05,26.42,2.71
4485,5.0,0.05,14.91,1.53
114,5.0,0.05,20.66,2.12
961,0.0,0.0,20.72,0.0
2926,0.0,0.0,12.72,0.0
3275,0.0,0.0,12.04,0.0
1648,5.0,0.05,21.46,2.19
3338,5.0,0.05,15.34,1.57
2624,5.0,0.05,29.76,3.05
3210,0.0,0.0,22.39,0.0
1771,0.0,0.0,22.41,0.0
3430,0.0,0.0,30.94,0.0
4539,0.0,0.0,26.99,0.0
1838,0.0,0.0,14.84,0.0
1946,0.0,0.0,25.14,0.0
2499,0.0,0.0,20.05,0.0
4052,10.0,0.1,11.94,2.44
3309,10.0,0.1,15.8,3.23
4201,5.0,0.05,14.87,1.52
4393,5.0,0.05,18.07,1.85
2595,5.0,0.05,16.13,1.65
2116,0.0,0.0,22.28,0.0
1345,5.0,0.05,14.89,1.52
2877,0.0,0.0,16.64,0.0
3341,0.0,0.0,23.86,0.0
4864,5.0,0.05,13.77,1.41
3938,10.0,0.1,24.55,5.02
1651,0.0,0.0,27.97,0.0
790,0.0,0.0,24.83,0.0
2281,10.0,0.1,12.42,2.53
4655,0.0,0.0,19.54,0.0
4572,0.0,0.0,12.16,0.0
872,5.0,0.05,22.94,2.35
1721,0.0,0.0,26.71,0.0
1591,5.0,0.05,14.9,1.53
2728,0.0,0.0,17.77,0.0
74,5.0,0.05,16.88,1.73
1778,0.0,0.0,15.99,0.0
1617,0.0,0.0,25.99,0.0
1362,0.0,0.0,26.01,0.0
3025,0.0,0.0,12.48,0.0
1967,10.0,0.1,22.41,4.57
4586,15.0,0.15,17.38,5.31
3828,0.0,0.0,23.5,0.0
2260,0.0,0.0,17.74,0.0
2900,0.0,0.0,24.39,0.0
2223,0.0,0.0,24.79,0.0
495,5.0,0.05,12.23,1.25
3146,5.0,0.05,16.79,1.72
3530,0.0,0.0,24.1,0.0
1282,0.0,0.0,21.68,0.0
1165,10.0,0.1,18.72,3.83
1243,5.0,0.05,21.87,2.24
1756,5.0,0.05,16.05,1.64
1993,0.0,0.0,13.96,0.0
2195,0.0,0.0,22.97,0.0
1727,5.0,0.05,18.65,1.91
619,0.0,0.0,16.95,0.0
4934,5.0,0.05,19.81,2.03
1882,0.0,0.0,26.96,0.0
1630,0.0,0.0,15.75,0.0
4767,0.0,0.0,14.22,0.0
2089,0.0,0.0,19.38,0.0
3426,5.0,0.05,20.1,2.06
870,5.0,0.05,26.36,2.7
4709,0.0,0.0,18.23,0.0
1043,0.0,0.0,14.65,0.0
3385,5.0,0.05,18.28,1.87
357,5.0,0.05,16.74,1.71
1163,5.0,0.05,15.78,1.61
2781,0.0,0.0,18.32,0.0
2255,0.0,0.0,16.29,0.0
3166,0.0,0.0,21.71,0.0
3947,5.0,0.05,10.02,1.03
1790,0.0,0.0,16.74,0.0
3807,0.0,0.0,18.46,0.0
3658,5.0,0.05,14.19,1.45
1273,0.0,0.0,23.2,0.0
3151,15.0,0.15,19.44,5.94
333,0.0,0.0,12.85,0.0
1555,5.0,0.05,11.87,1.21
2752,0.0,0.0,22.23,0.0
2555,10.0,0.1,17.97,3.67
3686,0.0,0.0,23.46,0.0
1655,5.0,0.05,16.03,1.64
1117,0.0,0.0,17.47,0.0
4077,0.0,0.0,12.26,0.0
3571,15.0,0.15,13.74,4.2
4630,0.0,0.0,23.99,0.0
3904,5.0,0.05,18.02,1.85
4456,0.0,0.0,21.07,0.0
446,0.0,0.0,17.18,0.0
2616,10.0,0.1,14.66,2.99
453,0.0,0.0,24.86,0.0
4811,5.0,0.05,17.82,1.83
4445,0.0,0.0,23.29,0.0
4555,5.0,0.05,18.73,1.92
15,0.0,0.0,19.88,0.0
3108,0.0,0.0,20.63,0.0
946,10.0,0.1,14.16,2.9
248,0.0,0.0,30.47,0.0
4184,0.0,0.0,31.14,0.0
361,5.0,0.05,14.01,1.44
4667,0.0,0.0,19.19,0.0
3379,0.0,0.0,15.9,0.0
2319,0.0,0.0,26.37,0.0
1492,20.0,0.2,11.92,4.83
4776,5.0,0.05,19.12,1.96
1774,0.0,0.0,18.71,0.0
4633,5.0,0.05,19.3,1.98
4372,0.0,0.0,16.02,0.0
4895,0.0,0.0,21.18,0.0
2868,5.0,0.05,15.12,1.55
491,5.0,0.05,23.19,2.38
863,0.0,0.0,20.25,0.0
1766,0.0,0.0,13.15,0.0
2228,10.0,0.1,19.77,4.03
1903,0.0,0.0,18.12,0.0
2463,5.0,0.05,16.43,1.68
4113,0.0,0.0,14.77,0.0
507,0.0,0.0,17.52,0.0
2693,0.0,0.0,18.44,0.0
2016,15.0,0.15,19.66,6.01
4388,5.0,0.05,15.36,1.57
1223,0.0,0.0,16.52,0.0
1114,0.0,0.0,9.15,0.0
1933,0.0,0.0,20.31,0.0
3439,0.0,0.0,23.82,0.0
1375,5.0,0.05,14.91,1.52
4782,0.0,0.0,16.34,0.0
434,0.0,0.0,12.46,0.0
3876,0.0,0.0,13.65,0.0
3170,5.0,0.05,14.95,1.53
2851,5.0,0.05,15.27,1.56
2108,5.0,0.05,18.33,1.88
2649,0.0,0.0,16.06,0.0
4125,0.0,0.0,17.12,0.0
4636,0.0,0.0,18.43,0.0
2437,5.0,0.05,17.14,1.76
4995,0.0,0.0,18.8,0.0
1103,10.0,0.1,19.38,3.96
1770,5.0,0.05,26.96,2.76
1892,0.0,0.0,13.02,0.0
2155,0.0,0.0,23.57,0.0
3861,0.0,0.0,18.47,0.0
157,5.0,0.05,18.32,1.88
4921,0.0,0.0,23.31,0.0
2891,0.0,0.0,23.2,0.0
616,0.0,0.0,11.2,0.0
644,0.0,0.0,25.81,0.0
2881,0.0,0.0,21.23,0.0
2081,0.0,0.0,26.38,0.0
1069,0.0,0.0,21.45,0.0
3300,5.0,0.05,19.58,2.01
4290,0.0,0.0,18.28,0.0
4635,0.0,0.0,22.37,0.0
4164,0.0,0.0,15.09,0.0
331,0.0,0.0,19.29,0.0
4007,5.0,0.05,14.0,1.44
3017,0.0,0.0,16.32,0.0
2670,0.0,0.0,22.01,0.0
623,0.0,0.0,24.65,0.0
3860,0.0,0.0,15.96,0.0
3139,0.0,0.0,28.67,0.0
3435,0.0,0.0,18.68,0.0
2917,0.0,0.0,21.19,0.0
1947,5.0,0.05,17.98,1.84
1584,0.0,0.0,18.81,0.0
4407,0.0,0.0,19.42,0.0
756,0.0,0.0,22.08,0.0
519,0.0,0.0,23.27,0.0
3822,15.0,0.15,20.89,6.38
33,10.0,0.1,20.68,4.23
2953,0.0,0.0,18.75,0.0
1158,0.0,0.0,17.66,0.0
745,5.0,0.05,15.29,1.57
2482,0.0,0.0,16.95,0.0
2419,0.0,0.0,25.15,0.0
1973,15.0,0.15,19.73,6.04
2884,0.0,0.0,24.35,0.0
784,15.0,0.15,21.61,6.61
4491,0.0,0.0,24.18,0.0
2523,0.0,0.0,17.0,0.0
230,0.0,0.0,9.25,0.0
858,5.0,0.05,12.17,1.25
4911,20.0,0.2,14.58,5.93
2378,0.0,0.0,26.79,0.0
409,0.0,0.0,11.2,0.0
171,0.0,0.0,24.18,0.0
541,0.0,0.0,11.57,0.0
2226,0.0,0.0,26.76,0.0
2320,5.0,0.05,19.09,1.95
3482,5.0,0.05,20.91,2.14
614,5.0,0.05,25.94,2.66
4950,5.0,0.05,16.35,1.67
1834,0.0,0.0,23.31,0.0
3454,0.0,0.0,25.55,0.0
1162,0.0,0.0,13.77,0.0
2427,0.0,0.0,22.9,0.0
2381,5.0,0.05,21.48,2.2
1619,15.0,0.15,19.48,5.95
1635,10.0,0.1,10.69,2.19
1508,0.0,0.0,15.84,0.0
2214,0.0,0.0,19.87,0.0
565,0.0,0.0,16.88,0.0
4615,0.0,0.0,21.91,0.0
4258,0.0,0.0,21.49,0.0
2439,5.0,0.05,16.63,1.7
4797,0.0,0.0,18.58,0.0
2400,0.0,0.0,20.77,0.0
1421,10.0,0.1,19.72,4.02
4939,0.0,0.0,22.19,0.0
3492,5.0,0.05,21.98,2.25
3930,5.0,0.05,15.57,1.59
2743,5.0,0.05,12.56,1.29
2500,0.0,0.0,7.47,0.0
1406,0.0,0.0,24.73,0.0
1173,0.0,0.0,16.86,0.0
4327,5.0,0.05,27.37,2.8
326,5.0,0.05,26.15,2.68
1052,0.0,0.0,15.39,0.0
4977,5.0,0.05,20.07,2.06
3310,5.0,0.05,18.96,1.94
2901,0.0,0.0,18.98,0.0
2785,5.0,0.05,14.77,1.51
1197,0.0,0.0,5.43,0.0
621,0.0,0.0,15.24,0.0
1565,0.0,0.0,22.44,0.0
2895,0.0,0.0,19.98,0.0
1190,0.0,0.0,25.42,0.0
329,0.0,0.0,25.71,0.0
649,5.0,0.05,13.57,1.39
898,5.0,0.05,25.78,2.64
1490,0.0,0.0,19.98,0.0
1124,20.0,0.2,14.99,6.08
1919,0.0,0.0,21.26,0.0
4654,0.0,0.0,18.53,0.0
4387,0.0,0.0,22.0,0.0
1420,0.0,0.0,17.22,0.0
3817,0.0,0.0,11.77,0.0
2589,0.0,0.0,23.18,0.0
4716,0.0,0.0,24.56,0.0
3270,0.0,0.0,24.52,0.0
3695,0.0,0.0,23.18,0.0
2078,0.0,0.0,12.03,0.0
1024,10.0,0.1,20.82,4.25
3008,0.0,0.0,16.61,0.0
2407,0.0,0.0,14.04,0.0
1627,0.0,0.0,16.1,0.0
4295,20.0,0.2,12.53,5.1
2949,20.0,0.2,15.88,6.44
810,0.0,0.0,17.39,0.0
2866,0.0,0.0,21.28,0.0
979,0.0,0.0,6.58,0.0
4522,20.0,0.2,14.39,5.85
2706,5.0,0.05,15.52,1.59
3263,0.0,0.0,22.06,0.0
4449,0.0,0.0,19.84,0.0
2789,10.0,0.1,10.96,2.24
4158,5.0,0.05,28.51,2.92
1514,0.0,0.0,21.81,0.0
3479,0.0,0.0,16.28,0.0
2043,0.0,0.0,13.0,0.0
175,0.0,0.0,21.11,0.0
3291,0.0,0.0,21.48,0.0
1989,5.0,0.05,15.44,1.58
1504,0.0,0.0,24.11,0.0
4472,0.0,0.0,8.67,0.0
218,5.0,0.05,22.14,2.27
3933,0.0,0.0,17.43,0.0
3739,0.0,0.0,12.62,0.0
691,0.0,0.0,26.8,0.0
2593,0.0,0.0,25.08,0.0
3801,5.0,0.05,17.94,1.84
3474,0.0,0.0,28.6,0.0
1107,0.0,0.0,10.26,0.0
1551,0.0,0.0,26.13,0.0
2442,5.0,0.05,12.29,1.26
1552,10.0,0.1,12.78,2.61
612,5.0,0.05,14.7,1.5
3257,5.0,0.05,19.44,1.99
3730,5.0,0.05,16.9,1.73
577,15.0,0.15,16.49,5.04
2079,0.0,0.0,9.98,0.0
4446,0.0,0.0,9.82,0.0
1181,0.0,0.0,14.52,0.0
889,5.0,0.05,11.76,1.2
3144,0.0,0.0,24.22,0.0
3925,0.0,0.0,8.36,0.0
2679,0.0,0.0,6.73,0.0
818,0.0,0.0,16.55,0.0
3293,5.0,0.05,16.0,1.64
1887,0.0,0.0,16.89,0.0
209,10.0,0.1,15.49,3.16
294,0.0,0.0,16.79,0.0
1120,0.0,0.0,17.75,0.0
2229,0.0,0.0,20.02,0.0
2252,0.0,0.0,16.1,0.0
1265,0.0,0.0,20.57,0.0
991,5.0,0.05,17.52,1.8
4294,0.0,0.0,9.3,0.0
1533,0.0,0.0,20.72,0.0
354,10.0,0.1,18.88,3.85
1879,0.0,0.0,23.4,0.0
3657,10.0,0.1,12.01,2.46
4026,5.0,0.05,16.44,1.68
2571,15.0,0.15,9.81,2.99
3064,5.0,0.05,24.8,2.54
1229,5.0,0.05,14.96,1.53
260,0.0,0.0,21.38,0.0
1542,0.0,0.0,31.71,0.0
4804,0.0,0.0,17.02,0.0
4750,0.0,0.0,17.25,0.0
4842,0.0,0.0,16.71,0.0
2597,0.0,0.0,21.71,0.0
53,5.0,0.05,17.92,1.84
2212,0.0,0.0,20.86,0.0
1868,5.0,0.05,27.69,2.84
3572,0.0,0.0,20.09,0.0
3654,5.0,0.05,15.43,1.58
2803,0.0,0.0,18.44,0.0
2898,0.0,0.0,23.96,0.0
1480,0.0,0.0,22.52,0.0
1034,0.0,0.0,17.3,0.0
1098,0.0,0.0,19.71,0.0
1470,0.0,0.0,19.35,0.0
544,30.0,0.3,6.19,3.73
1047,0.0,0.0,20.58,0.0
1922,5.0,0.05,22.09,2.26
1596,5.0,0.05,19.69,2.01
31,0.0,0.0,30.21,0.0
726,0.0,0.0,23.81,0.0
2451,30.0,0.3,6.64,4.02
4529,0.0,0.0,16.14,0.0
3922,0.0,0.0,17.65,0.0
1427,5.0,0.05,19.57,2.01
2513,0.0,0.0,15.72,0.0
437,0.0,0.0,19.46,0.0
4746,0.0,0.0,19.14,0.0
913,0.0,0.0,22.65,0.0
4232,5.0,0.05,24.66,2.53
4174,5.0,0.05,10.75,1.1
4523,10.0,0.1,13.35,2.73
4311,0.0,0.0,17.14,0.0
2303,0.0,0.0,7.74,0.0
2707,5.0,0.05,27.58,2.83
1239,0.0,0.0,16.3,0.0
904,5.0,0.05,15.55,1.59
4244,0.0,0.0,23.78,0.0
3160,0.0,0.0,12.01,0.0
4005,0.0,0.0,21.48,0.0
508,5.0,0.05,15.68,1.61
4511,0.0,0.0,21.48,0.0
184,0.0,0.0,30.68,0.0
4336,0.0,0.0,13.17,0.0
1498,0.0,0.0,19.24,0.0
3888,10.0,0.1,13.38,2.74
322,5.0,0.05,13.03,1.33
2520,5.0,0.05,12.95,1.33
1534,0.0,0.0,22.02,0.0
3814,5.0,0.05,20.64,2.11
2396,5.0,0.05,19.95,2.04
2701,0.0,0.0,17.9,0.0
4626,0.0,0.0,21.25,0.0
2660,0.0,0.0,17.59,0.0
4448,0.0,0.0,19.84,0.0
1147,20.0,0.2,13.1,5.32
4474,0.0,0.0,19.88,0.0
45,5.0,0.05,17.24,1.76
2526,0.0,0.0,21.86,0.0
3467,0.0,0.0,21.13,0.0
1850,5.0,0.05,17.85,1.83
1379,0.0,0.0,21.2,0.0
4845,25.0,0.25,11.26,5.68
3028,0.0,0.0,20.29,0.0
414,0.0,0.0,19.85,0.0
2174,0.0,0.0,20.6,0.0
1408,0.0,0.0,15.78,0.0
2125,5.0,0.05,19.42,1.99
802,5.0,0.05,7.42,0.76
1289,0.0,0.0,16.97,0.0
2198,0.0,0.0,20.93,0.0
2458,5.0,0.05,16.1,1.65
1722,5.0,0.05,17.89,1.83
2334,5.0,0.05,26.06,2.67
257,5.0,0.05,16.68,1.71
4540,0.0,0.0,15.3,0.0
1715,0.0,0.0,8.3,0.0
1152,0.0,0.0,23.19,0.0
2317,30.0,0.3,12.95,7.86
648,0.0,0.0,9.36,0.0
4495,0.0,0.0,11.5,0.0
4245,5.0,0.05,14.09,1.44
4217,0.0,0.0,12.77,0.0
3787,0.0,0.0,20.33,0.0
1316,0.0,0.0,28.54,0.0
2030,5.0,0.05,15.53,1.59
3254,0.0,0.0,28.08,0.0
2481,0.0,0.0,21.39,0.0
3728,0.0,0.0,15.83,0.0
1351,5.0,0.05,17.26,1.77
2516,5.0,0.05,18.86,1.93
113,0.0,0.0,22.46,0.0
3149,5.0,0.05,17.8,1.82
264,0.0,0.0,19.96,0.0
1394,0.0,0.0,23.67,0.0
1906,0.0,0.0,24.18,0.0
1187,0.0,0.0,22.18,0.0
2368,0.0,0.0,16.57,0.0
57,0.0,0.0,17.89,0.0
1310,0.0,0.0,18.03,0.0
696,0.0,0.0,22.36,0.0
4213,0.0,0.0,22.14,0.0
4763,20.0,0.2,14.35,5.85
1752,0.0,0.0,20.12,0.0
1925,0.0,0.0,22.19,0.0
4031,5.0,0.05,16.03,1.64
320,0.0,0.0,11.32,0.0
2338,5.0,0.05,15.01,1.54
683,0.0,0.0,15.48,0.0
2331,15.0,0.15,14.99,4.58
4697,0.0,0.0,18.28,0.0
3566,0.0,0.0,13.92,0.0
3524,0.0,0.0,16.31,0.0
3857,10.0,0.1,7.3,1.49
287,0.0,0.0,16.47,0.0
2187,10.0,0.1,17.27,3.52
4274,0.0,0.0,17.1,0.0
3362,10.0,0.1,13.15,2.69
1745,15.0,0.15,17.98,5.49
1741,5.0,0.05,8.8,0.9
3516,20.0,0.2,9.43,3.83
1836,5.0,0.05,19.13,1.96
2099,0.0,0.0,9.44,0.0
737,5.0,0.05,17.29,1.77
3351,5.0,0.05,17.41,1.78
337,5.0,0.05,16.51,1.69
3502,0.0,0.0,20.9,0.0
4562,0.0,0.0,12.7,0.0
2657,20.0,0.2,16.88,6.86
4415,0.0,0.0,22.16,0.0
1072,5.0,0.05,14.7,1.5
2306,0.0,0.0,15.2,0.0
1698,5.0,0.05,27.98,2.87
3593,0.0,0.0,21.23,0.0
3634,10.0,0.1,18.72,3.83
4123,20.0,0.2,12.18,4.95
4955,0.0,0.0,15.3,0.0
3382,0.0,0.0,24.2,0.0
1489,0.0,0.0,18.44,0.0
499,0.0,0.0,13.91,0.0
4355,0.0,0.0,16.34,0.0
3246,5.0,0.05,18.92,1.94
2573,0.0,0.0,14.12,0.0
2601,0.0,0.0,17.69,0.0
3289,25.0,0.25,11.0,5.58
4423,0.0,0.0,18.6,0.0
2146,0.0,0.0,13.75,0.0
1611,0.0,0.0,12.03,0.0
2352,0.0,0.0,22.36,0.0
4202,0.0,0.0,14.03,0.0
3249,5.0,0.05,24.92,2.55
1023,0.0,0.0,20.56,0.0
2298,5.0,0.05,18.75,1.92
4897,0.0,0.0,15.44,0.0
2705,5.0,0.05,20.57,2.11
3079,0.0,0.0,13.35,0.0
2046,5.0,0.05,12.6,1.29
666,5.0,0.05,11.86,1.22
3951,0.0,0.0,22.39,0.0
2654,10.0,0.1,9.65,1.97
1927,10.0,0.1,9.38,1.91
4276,5.0,0.05,22.85,2.34
2182,15.0,0.15,18.33,5.6
1018,5.0,0.05,19.02,1.95
558,0.0,0.0,16.07,0.0
2415,25.0,0.25,14.58,7.41
1208,0.0,0.0,20.21,0.0
3868,0.0,0.0,20.47,0.0
2672,0.0,0.0,26.33,0.0
4380,5.0,0.05,13.52,1.39
1511,0.0,0.0,10.89,0.0
4288,0.0,0.0,22.21,0.0
246,30.0,0.3,7.43,4.46
1164,5.0,0.05,13.67,1.4
4400,0.0,0.0,22.81,0.0
267,0.0,0.0,12.65,0.0
3075,0.0,0.0,30.25,0.0
1115,0.0,0.0,26.39,0.0
64,0.0,0.0,14.87,0.0
2608,0.0,0.0,17.64,0.0
4972,5.0,0.05,19.26,1.97
2979,5.0,0.05,21.42,2.19
3027,0.0,0.0,24.93,0.0
3092,0.0,0.0,31.54,0.0
3920,0.0,0.0,17.05,0.0
4352,0.0,0.0,14.46,0.0
2275,10.0,0.1,13.05,2.66
2578,0.0,0.0,18.8,0.0
3517,5.0,0.05,12.16,1.25
1238,5.0,0.05,10.85,1.11
104,0.0,0.0,24.03,0.0
2659,0.0,0.0,15.31,0.0
273,10.0,0.1,14.05,2.87
509,0.0,0.0,16.66,0.0
4347,0.0,0.0,24.05,0.0
4944,5.0,0.05,17.93,1.84
4075,5.0,0.05,15.87,1.62
866,5.0,0.05,13.25,1.36
4198,0.0,0.0,25.27,0.0
909,5.0,0.05,19.0,1.95
3476,5.0,0.05,19.19,1.96
4110,5.0,0.05,21.42,2.19
3915,5.0,0.05,22.3,2.29
1628,25.0,0.25,13.86,7.03
4973,0.0,0.0,22.81,0.0
1523,0.0,0.0,24.4,0.0
836,10.0,0.1,14.97,3.05
359,10.0,0.1,10.91,2.23
139,5.0,0.05,25.87,2.65
300,0.0,0.0,18.53,0.0
1557,0.0,0.0,14.28,0.0
1004,5.0,0.05,28.78,2.95
383,0.0,0.0,9.35,0.0
942,0.0,0.0,13.84,0.0
4228,0.0,0.0,21.82,0.0
4553,0.0,0.0,21.25,0.0
762,15.0,0.15,13.95,4.27
1731,0.0,0.0,22.46,0.0
2824,0.0,0.0,16.41,0.0
4731,0.0,0.0,19.28,0.0
2102,0.0,0.0,12.63,0.0
4609,0.0,0.0,22.96,0.0
899,5.0,0.05,17.11,1.75
4018,5.0,0.05,19.66,2.02
3803,0.0,0.0,24.27,0.0
1403,5.0,0.05,14.83,1.52
2380,5.0,0.05,19.09,1.96
3804,0.0,0.0,17.98,0.0
4397,0.0,0.0,23.78,0.0
2971,5.0,0.05,16.34,1.67
1513,0.0,0.0,20.5,0.0
1189,0.0,0.0,27.36,0.0
3771,0.0,0.0,18.63,0.0
4929,5.0,0.05,21.58,2.21
3895,0.0,0.0,16.42,0.0
3949,5.0,0.05,16.43,1.68
109,0.0,0.0,24.26,0.0
2749,5.0,0.05,19.43,1.99
2324,0.0,0.0,19.8,0.0
3504,10.0,0.1,10.15,2.07
59,5.0,0.05,16.57,1.7
77,5.0,0.05,19.47,2.0
797,0.0,0.0,24.28,0.0
369,0.0,0.0,17.03,0.0
4916,0.0,0.0,13.69,0.0
786,0.0,0.0,24.37,0.0
2104,5.0,0.05,21.42,2.19
4392,10.0,0.1,26.09,5.33
2035,0.0,0.0,18.67,0.0
2124,0.0,0.0,21.88,0.0
3779,0.0,0.0,16.9,0.0
2414,0.0,0.0,24.16,0.0
1729,5.0,0.05,32.06,3.29
122,15.0,0.15,10.5,3.21
1871,0.0,0.0,22.57,0.0
2385,0.0,0.0,26.27,0.0
3661,0.0,0.0,17.05,0.0
911,0.0,0.0,23.41,0.0
125,5.0,0.05,19.61,2.01
4478,0.0,0.0,27.33,0.0
1587,5.0,0.05,20.96,2.15
1258,0.0,0.0,19.61,0.0
3457,0.0,0.0,26.79,0.0
3497,5.0,0.05,15.97,1.64
3399,5.0,0.05,13.56,1.39
1179,0.0,0.0,15.22,0.0
2856,5.0,0.05,18.64,1.91
3486,0.0,0.0,27.87,0.0
4589,0.0,0.0,7.03,0.0
2119,5.0,0.05,16.05,1.64
443,15.0,0.15,19.78,6.03
3101,0.0,0.0,21.44,0.0
2887,10.0,0.1,16.39,3.34
926,0.0,0.0,24.23,0.0
2348,5.0,0.05,16.34,1.67
2375,5.0,0.05,17.47,1.79
4781,15.0,0.15,12.49,3.82
1412,0.0,0.0,25.27,0.0
3483,0.0,0.0,23.82,0.0
3023,5.0,0.05,20.12,2.06
1510,5.0,0.05,17.4,1.78
1228,0.0,0.0,19.67,0.0
3619,5.0,0.05,15.27,1.56
2371,0.0,0.0,21.73,0.0
3529,0.0,0.0,18.76,0.0
2165,25.0,0.25,14.11,7.17
3296,0.0,0.0,16.9,0.0
325,5.0,0.05,26.35,2.7
3095,0.0,0.0,18.61,0.0
3272,5.0,0.05,19.6,2.01
2037,5.0,0.05,13.52,1.38
3314,5.0,0.05,17.77,1.82
3051,5.0,0.05,20.28,2.08
1499,5.0,0.05,20.15,2.06
1503,5.0,0.05,25.71,2.63
1007,5.0,0.05,19.83,2.03
2635,0.0,0.0,27.24,0.0
4909,15.0,0.15,11.18,3.41
3533,0.0,0.0,22.73,0.0
1468,0.0,0.0,14.37,0.0
1226,0.0,0.0,23.45,0.0
2006,0.0,0.0,29.28,0.0
2283,0.0,0.0,22.0,0.0
2111,0.0,0.0,24.3,0.0
1217,5.0,0.05,13.07,1.34
3995,0.0,0.0,21.6,0.0
4287,0.0,0.0,21.34,0.0
421,0.0,0.0,21.52,0.0
3438,5.0,0.05,11.28,1.16
7,0.0,0.0,19.54,0.0
933,0.0,0.0,22.64,0.0
1692,0.0,0.0,18.81,0.0
440,0.0,0.0,20.36,0.0
1314,5.0,0.05,24.2,2.48
679,5.0,0.05,24.28,2.49
4180,0.0,0.0,23.57,0.0
4621,5.0,0.05,13.83,1.42
2003,0.0,0.0,25.59,0.0
2479,5.0,0.05,8.88,0.91
4644,5.0,0.05,18.21,1.87
2903,5.0,0.05,18.97,1.94
2534,0.0,0.0,21.69,0.0
4943,15.0,0.15,14.91,4.54
4056,0.0,0.0,21.34,0.0
3942,0.0,0.0,23.72,0.0
4255,30.0,0.3,13.3,8.04
2793,5.0,0.05,14.13,1.45
2656,0.0,0.0,16.49,0.0
195,0.0,0.0,15.56,0.0
1475,5.0,0.05,16.05,1.64
4297,0.0,0.0,19.05,0.0
1212,10.0,0.1,14.55,2.97
2756,0.0,0.0,15.49,0.0
1658,0.0,0.0,7.94,0.0
2716,20.0,0.2,14.0,5.7
3035,0.0,0.0,27.82,0.0
4095,15.0,0.15,19.36,5.92
3627,0.0,0.0,18.27,0.0
1873,0.0,0.0,14.2,0.0
1878,0.0,0.0,27.61,0.0
1131,30.0,0.3,11.02,6.69
1462,0.0,0.0,17.46,0.0
277,5.0,0.05,15.42,1.58
4873,5.0,0.05,16.6,1.7
2347,0.0,0.0,23.29,0.0
2312,0.0,0.0,22.16,0.0
1303,0.0,0.0,20.6,0.0
3065,0.0,0.0,24.6,0.0
223,5.0,0.05,18.45,1.89
4651,0.0,0.0,19.96,0.0
4384,0.0,0.0,19.66,0.0
574,0.0,0.0,22.61,0.0
1237,0.0,0.0,16.11,0.0
3561,0.0,0.0,22.94,0.0
3689,0.0,0.0,22.28,0.0
1335,30.0,0.3,13.93,8.47
2810,0.0,0.0,19.63,0.0
419,5.0,0.05,13.91,1.43
268,0.0,0.0,14.7,0.0
1105,5.0,0.05,16.14,1.65
258,0.0,0.0,9.72,0.0
296,0.0,0.0,30.82,0.0
2532,0.0,0.0,13.76,0.0
387,0.0,0.0,19.74,0.0
3324,0.0,0.0,16.17,0.0
3106,5.0,0.05,10.16,1.04
2575,0.0,0.0,22.26,0.0
4047,10.0,0.1,21.97,4.49
4346,0.0,0.0,18.79,0.0
4129,0.0,0.0,23.34,0.0
4162,0.0,0.0,11.42,0.0
4395,0.0,0.0,21.54,0.0
1564,5.0,0.05,14.7,1.5
1920,5.0,0.05,8.18,0.84
1401,5.0,0.05,22.95,2.35
713,0.0,0.0,18.56,0.0
2365,0.0,0.0,22.05,0.0
2943,5.0,0.05,16.72,1.71
210,10.0,0.1,16.9,3.45
3962,0.0,0.0,23.95,0.0
1290,0.0,0.0,16.08,0.0
2615,5.0,0.05,14.87,1.52
450,0.0,0.0,23.9,0.0
4103,5.0,0.05,13.9,1.42
2585,0.0,0.0,23.84,0.0
1821,0.0,0.0,16.01,0.0
959,0.0,0.0,17.18,0.0
1794,5.0,0.05,18.41,1.89
4952,5.0,0.05,19.47,1.99
655,5.0,0.05,10.57,1.08
2423,0.0,0.0,18.25,0.0
3871,0.0,0.0,23.97,0.0
2408,10.0,0.1,14.06,2.87
1761,0.0,0.0,25.96,0.0
2370,0.0,0.0,17.81,0.0
3940,0.0,0.0,16.14,0.0
4370,0.0,0.0,29.81,0.0
412,5.0,0.05,21.5,2.2
1775,0.0,0.0,13.71,0.0
4463,0.0,0.0,22.56,0.0
2202,0.0,0.0,21.05,0.0
4092,5.0,0.05,16.41,1.68
3723,5.0,0.05,18.31,1.88
4322,5.0,0.05,14.0,1.43
4785,5.0,0.05,21.73,2.23
3721,0.0,0.0,11.93,0.0
4641,0.0,0.0,15.0,0.0
4687,0.0,0.0,13.23,0.0
3575,5.0,0.05,16.82,1.72
1984,5.0,0.05,10.83,1.11
3383,0.0,0.0,28.44,0.0
4151,0.0,0.0,21.78,0.0
3587,5.0,0.05,17.88,1.83
431,0.0,0.0,18.78,0.0
3124,0.0,0.0,26.38,0.0
3838,5.0,0.05,18.31,1.87
1367,5.0,0.05,19.8,2.03
2611,5.0,0.05,13.41,1.37
3840,0.0,0.0,24.76,0.0
1177,0.0,0.0,20.26,0.0
3348,0.0,0.0,27.19,0.0
1477,0.0,0.0,16.96,0.0
3168,30.0,0.3,14.63,8.88
4969,5.0,0.05,18.8,1.92
103,0.0,0.0,22.81,0.0
1943,5.0,0.05,15.24,1.56
4925,0.0,0.0,20.73,0.0
1264,0.0,0.0,15.0,0.0
3378,5.0,0.05,17.94,1.84
3154,5.0,0.05,19.2,1.97
4510,5.0,0.05,24.9,2.55
3077,0.0,0.0,27.53,0.0
2755,0.0,0.0,24.39,0.0
3604,0.0,0.0,20.93,0.0
3905,0.0,0.0,17.58,0.0
2989,0.0,0.0,21.34,0.0
1644,15.0,0.15,10.86,3.32
4516,5.0,0.05,7.09,0.73
1,10.0,0.1,18.03,3.68
1581,5.0,0.05,9.11,0.93
4433,5.0,0.05,20.04,2.05
4126,5.0,0.05,19.6,2.01
1357,0.0,0.0,21.69,0.0
3407,5.0,0.05,17.71,1.81
2343,0.0,0.0,17.97,0.0
2406,15.0,0.15,14.23,4.35
2053,5.0,0.05,27.0,2.76
2234,0.0,0.0,17.0,0.0
397,5.0,0.05,22.49,2.3
4115,0.0,0.0,17.84,0.0
1065,0.0,0.0,22.86,0.0
4624,0.0,0.0,22.03,0.0
2169,0.0,0.0,18.44,0.0
819,0.0,0.0,22.28,0.0
1813,0.0,0.0,22.45,0.0
2568,5.0,0.05,19.46,1.99
1553,5.0,0.05,14.17,1.45
3136,0.0,0.0,25.54,0.0
817,5.0,0.05,15.94,1.63
1573,5.0,0.05,19.92,2.04
4526,5.0,0.05,15.22,1.56
1801,5.0,0.05,16.0,1.64
4946,0.0,0.0,23.96,0.0
382,5.0,0.05,19.03,1.95
3334,0.0,0.0,20.26,0.0
3842,5.0,0.05,16.52,1.69
2310,5.0,0.05,19.9,2.04
3520,0.0,0.0,18.21,0.0
4941,0.0,0.0,29.62,0.0
1781,10.0,0.1,17.23,3.52
2742,25.0,0.25,14.45,7.33
2623,5.0,0.05,20.87,2.14
2349,0.0,0.0,20.16,0.0
865,0.0,0.0,18.12,0.0
3036,10.0,0.1,13.0,2.66
3180,0.0,0.0,30.48,0.0
555,0.0,0.0,20.06,0.0
1160,5.0,0.05,14.93,1.53
1214,0.0,0.0,25.79,0.0
4236,0.0,0.0,22.21,0.0
3617,10.0,0.1,14.51,2.96
49,5.0,0.05,15.98,1.64
3164,5.0,0.05,14.77,1.51
701,5.0,0.05,14.54,1.49
653,0.0,0.0,24.25,0.0
3882,5.0,0.05,17.51,1.79
3327,0.0,0.0,20.44,0.0
749,30.0,0.3,11.65,7.06
1456,0.0,0.0,17.11,0.0
4205,0.0,0.0,29.46,0.0
2101,0.0,0.0,20.82,0.0
2025,0.0,0.0,19.71,0.0
867,0.0,0.0,18.79,0.0
753,0.0,0.0,17.25,0.0
1645,10.0,0.1,15.38,3.13
93,5.0,0.05,13.22,1.35
4608,0.0,0.0,22.7,0.0
3117,0.0,0.0,22.14,0.0
2448,0.0,0.0,20.73,0.0
2645,15.0,0.15,18.19,5.56
1491,0.0,0.0,18.89,0.0
2911,0.0,0.0,18.64,0.0
4374,0.0,0.0,20.74,0.0
730,0.0,0.0,18.68,0.0
2733,10.0,0.1,17.19,3.51
2487,0.0,0.0,21.16,0.0
3997,0.0,0.0,11.92,0.0
1937,0.0,0.0,21.27,0.0
1746,5.0,0.05,19.89,2.04
4450,0.0,0.0,13.65,0.0
4020,0.0,0.0,17.51,0.0
4102,5.0,0.05,19.37,1.98
1958,0.0,0.0,20.12,0.0
1111,10.0,0.1,18.29,3.74
3353,0.0,0.0,27.38,0.0
4051,0.0,0.0,15.98,0.0
4482,0.0,0.0,16.64,0.0
4167,5.0,0.05,10.11,1.04
347,10.0,0.1,11.84,2.41
1186,5.0,0.05,9.08,0.93
4025,0.0,0.0,22.62,0.0
1516,20.0,0.2,14.65,5.96
4680,0.0,0.0,27.92,0.0
579,10.0,0.1,9.44,1.93
1965,0.0,0.0,20.64,0.0
76,0.0,0.0,23.13,0.0
1430,0.0,0.0,14.33,0.0
3752,0.0,0.0,19.77,0.0
4441,0.0,0.0,18.33,0.0
4324,15.0,0.15,14.56,4.46
4963,0.0,0.0,21.06,0.0
1847,15.0,0.15,14.22,4.35
132,5.0,0.05,15.53,1.59
179,0.0,0.0,11.06,0.0
2965,0.0,0.0,21.18,0.0
4477,25.0,0.25,8.93,4.5
2711,0.0,0.0,16.87,0.0
4702,0.0,0.0,17.56,0.0
1843,5.0,0.05,18.33,1.88
2218,0.0,0.0,23.74,0.0
3594,0.0,0.0,15.14,0.0
2389,0.0,0.0,15.88,0.0
605,0.0,0.0,15.98,0.0
2643,30.0,0.3,5.94,3.55
26,0.0,0.0,15.81,0.0
659,0.0,0.0,14.26,0.0
1897,0.0,0.0,9.83,0.0
3545,5.0,0.05,26.0,2.66
4769,0.0,0.0,16.71,0.0
174,0.0,0.0,9.82,0.0
1612,30.0,0.3,6.18,3.76
438,0.0,0.0,16.12,0.0
332,5.0,0.05,22.56,2.31
1455,5.0,0.05,23.3,2.39
343,0.0,0.0,17.01,0.0
3214,5.0,0.05,7.42,0.76
2562,0.0,0.0,18.39,0.0
1089,0.0,0.0,31.53,0.0
480,0.0,0.0,20.49,0.0
728,0.0,0.0,18.85,0.0
3802,0.0,0.0,16.77,0.0
977,0.0,0.0,23.34,0.0
2054,0.0,0.0,26.45,0.0
2993,0.0,0.0,22.77,0.0
1929,10.0,0.1,9.86,2.01
1469,5.0,0.05,24.04,2.46
1225,0.0,0.0,8.72,0.0
3729,0.0,0.0,17.69,0.0
1953,0.0,0.0,18.33,0.0
4841,0.0,0.0,14.14,0.0
4616,5.0,0.05,25.96,2.66
1893,5.0,0.05,13.17,1.35
1300,0.0,0.0,19.51,0.0
3806,0.0,0.0,23.75,0.0
4610,0.0,0.0,25.85,0.0
661,0.0,0.0,9.65,0.0
4761,0.0,0.0,22.94,0.0
2410,5.0,0.05,14.11,1.45
4571,0.0,0.0,24.05,0.0
2992,5.0,0.05,21.67,2.22
4735,0.0,0.0,12.28,0.0
3067,5.0,0.05,25.86,2.65
2719,10.0,0.1,19.44,3.97
3614,0.0,0.0,15.76,0.0
3207,0.0,0.0,16.42,0.0
1279,0.0,0.0,20.35,0.0
3086,0.0,0.0,18.45,0.0
1622,0.0,0.0,21.11,0.0
3692,0.0,0.0,17.01,0.0
2847,0.0,0.0,22.18,0.0
68,5.0,0.05,20.05,2.06
4265,0.0,0.0,15.0,0.0
4627,30.0,0.3,6.86,4.13
3809,0.0,0.0,23.56,0.0
821,0.0,0.0,16.11,0.0
1227,0.0,0.0,20.6,0.0
3007,15.0,0.15,8.37,2.55
4273,5.0,0.05,14.92,1.53
2759,0.0,0.0,22.58,0.0
4468,30.0,0.3,9.47,5.72
4280,0.0,0.0,12.8,0.0
3365,30.0,0.3,13.73,8.34
1144,0.0,0.0,13.85,0.0
398,0.0,0.0,19.1,0.0
2922,0.0,0.0,24.76,0.0
4312,5.0,0.05,19.72,2.02
3037,5.0,0.05,15.87,1.62
1399,0.0,0.0,21.55,0.0
1660,5.0,0.05,19.38,1.98
980,10.0,0.1,12.01,2.46
1299,5.0,0.05,17.28,1.77
3419,0.0,0.0,16.45,0.0
83,5.0,0.05,19.48,1.99
3709,10.0,0.1,14.87,3.03
2474,30.0,0.3,10.52,6.34
3758,0.0,0.0,22.15,0.0
3800,0.0,0.0,18.53,0.0
2304,0.0,0.0,17.57,0.0
424,0.0,0.0,8.29,0.0
4350,5.0,0.05,13.69,1.4
1905,5.0,0.05,19.8,2.03
4625,0.0,0.0,23.71,0.0
4120,0.0,0.0,18.21,0.0
4317,5.0,0.05,19.64,2.01
1566,0.0,0.0,23.68,0.0
3371,0.0,0.0,23.01,0.0
840,0.0,0.0,20.94,0.0
501,10.0,0.1,5.39,1.1
142,25.0,0.25,12.93,6.55
1378,0.0,0.0,22.57,0.0
4016,5.0,0.05,14.37,1.47
3260,0.0,0.0,16.06,0.0
1139,5.0,0.05,17.45,1.79
3097,0.0,0.0,22.17,0.0
1788,15.0,0.15,14.36,4.39
2582,0.0,0.0,25.45,0.0
551,0.0,0.0,22.37,0.0
3115,0.0,0.0,19.77,0.0
2020,10.0,0.1,17.74,3.62
949,0.0,0.0,22.04,0.0
2276,10.0,0.1,14.59,2.98
533,5.0,0.05,16.22,1.66
1830,10.0,0.1,16.5,3.37
2933,5.0,0.05,23.65,2.42
4429,5.0,0.05,16.07,1.64
3890,0.0,0.0,17.34,0.0
1603,0.0,0.0,29.87,0.0
640,0.0,0.0,21.7,0.0
4843,0.0,0.0,15.01,0.0
968,5.0,0.05,14.63,1.5
4248,0.0,0.0,20.2,0.0
2641,10.0,0.1,14.29,2.92
1684,5.0,0.05,21.64,2.21
4481,5.0,0.05,20.53,2.1
2358,0.0,0.0,17.29,0.0
156,0.0,0.0,21.64,0.0
2630,0.0,0.0,25.5,0.0
4160,0.0,0.0,25.52,0.0
1090,5.0,0.05,16.35,1.67
3821,0.0,0.0,28.86,0.0
4251,0.0,0.0,21.95,0.0
289,10.0,0.1,21.37,4.37
931,5.0,0.05,19.88,2.04
2551,0.0,0.0,14.43,0.0
2278,0.0,0.0,25.29,0.0
3387,5.0,0.05,12.3,1.26
2699,5.0,0.05,17.27,1.77
3894,0.0,0.0,17.19,0.0
943,5.0,0.05,17.18,1.76
3878,15.0,0.15,18.59,5.68
4673,5.0,0.05,17.17,1.76
1699,5.0,0.05,14.83,1.52
4719,0.0,0.0,20.96,0.0
3197,0.0,0.0,15.67,0.0
2522,0.0,0.0,24.14,0.0
2827,0.0,0.0,22.34,0.0
986,5.0,0.05,17.81,1.82
2788,0.0,0.0,25.03,0.0
3083,0.0,0.0,20.53,0.0
2584,20.0,0.2,13.01,5.29
4788,15.0,0.15,8.92,2.72
982,5.0,0.05,19.23,1.97
2750,0.0,0.0,16.77,0.0
2446,5.0,0.05,21.77,2.23
4698,5.0,0.05,19.43,1.99
2958,5.0,0.05,27.68,2.84
3544,5.0,0.05,17.58,1.8
4708,5.0,0.05,18.86,1.93
1458,0.0,0.0,23.74,0.0
1396,0.0,0.0,18.99,0.0
265,25.0,0.25,12.14,6.15
3683,5.0,0.05,16.28,1.67
930,5.0,0.05,18.02,1.85
3076,10.0,0.1,10.6,2.17
2708,0.0,0.0,10.64,0.0
247,0.0,0.0,25.63,0.0
3608,0.0,0.0,16.96,0.0
1759,5.0,0.05,19.6,2.01
4915,0.0,0.0,21.72,0.0
2826,0.0,0.0,17.66,0.0
924,10.0,0.1,11.9,2.43
3096,0.0,0.0,19.59,0.0
269,10.0,0.1,18.1,3.69
670,0.0,0.0,13.95,0.0
2751,30.0,0.3,15.37,9.29
1911,0.0,0.0,24.9,0.0
3001,0.0,0.0,26.32,0.0
1153,5.0,0.05,19.79,2.03
4828,5.0,0.05,17.73,1.82
3471,0.0,0.0,10.32,0.0
4252,0.0,0.0,18.01,0.0
3896,0.0,0.0,22.07,0.0
2188,0.0,0.0,12.94,0.0
2998,5.0,0.05,15.87,1.62
1916,0.0,0.0,4.68,0.0
613,15.0,0.15,10.58,3.23
3751,0.0,0.0,14.6,0.0
4604,0.0,0.0,19.67,0.0
1899,0.0,0.0,17.85,0.0
1650,0.0,0.0,12.36,0.0
3169,10.0,0.1,10.45,2.13
259,5.0,0.05,17.15,1.76
848,5.0,0.05,23.02,2.36
4373,0.0,0.0,12.89,0.0
1234,5.0,0.05,25.13,2.57
1128,15.0,0.15,14.55,4.45
1968,5.0,0.05,19.18,1.96
559,0.0,0.0,17.81,0.0
4778,0.0,0.0,21.37,0.0
485,0.0,0.0,22.44,0.0
1321,15.0,0.15,11.58,3.54
2760,10.0,0.1,21.77,4.45
8,0.0,0.0,20.93,0.0
3460,0.0,0.0,22.18,0.0
3205,5.0,0.05,21.93,2.25
1451,0.0,0.0,13.74,0.0
3999,0.0,0.0,25.18,0.0
1815,0.0,0.0,23.53,0.0
774,5.0,0.05,25.19,2.58
1012,0.0,0.0,16.99,0.0
2834,0.0,0.0,15.09,0.0
2464,10.0,0.1,12.09,2.47
1992,5.0,0.05,17.97,1.84
1278,0.0,0.0,21.53,0.0
1784,5.0,0.05,17.87,1.83
4066,0.0,0.0,18.03,0.0
447,0.0,0.0,19.88,0.0
881,0.0,0.0,24.83,0.0
4470,0.0,0.0,7.58,0.0
782,0.0,0.0,22.49,0.0
1750,5.0,0.05,15.05,1.54
3404,0.0,0.0,30.14,0.0
4892,0.0,0.0,16.25,0.0
884,0.0,0.0,20.8,0.0
2945,10.0,0.1,12.49,2.55
1092,0.0,0.0,22.01,0.0
4672,0.0,0.0,11.3,0.0
532,5.0,0.05,14.64,1.5
4041,0.0,0.0,21.64,0.0
3340,0.0,0.0,18.09,0.0
4590,0.0,0.0,15.93,0.0
1728,0.0,0.0,19.25,0.0
611,0.0,0.0,18.8,0.0
571,0.0,0.0,21.2,0.0
2687,5.0,0.05,15.29,1.57
3044,0.0,0.0,11.4,0.0
344,0.0,0.0,12.26,0.0
3016,0.0,0.0,23.83,0.0
3155,0.0,0.0,11.59,0.0
435,0.0,0.0,20.5,0.0
1904,0.0,0.0,17.26,0.0
3823,5.0,0.05,15.66,1.6
2790,15.0,0.15,10.85,3.31
2070,0.0,0.0,16.53,0.0
1538,0.0,0.0,21.37,0.0
2268,0.0,0.0,21.79,0.0
2362,25.0,0.25,9.29,4.69
1518,0.0,0.0,13.94,0.0
966,0.0,0.0,23.39,0.0
4417,0.0,0.0,18.04,0.0
529,0.0,0.0,23.61,0.0
177,0.0,0.0,23.13,0.0
4595,0.0,0.0,14.87,0.0
4109,5.0,0.05,12.87,1.32
4308,0.0,0.0,12.1,0.0
573,0.0,0.0,9.81,0.0
2315,5.0,0.05,22.79,2.34
3525,0.0,0.0,26.29,0.0
2940,0.0,0.0,25.16,0.0
3227,5.0,0.05,16.17,1.66
4328,0.0,0.0,15.43,0.0
2209,5.0,0.05,16.44,1.68
2581,0.0,0.0,25.59,0.0
2771,0.0,0.0,21.13,0.0
384,0.0,0.0,17.18,0.0
853,0.0,0.0,25.98,0.0
1881,0.0,0.0,9.71,0.0
371,5.0,0.05,16.17,1.66
4338,10.0,0.1,15.14,3.09
4334,0.0,0.0,21.39,0.0
1106,0.0,0.0,22.41,0.0
2587,0.0,0.0,18.05,0.0
3965,10.0,0.1,15.37,3.14
1337,15.0,0.15,16.47,5.03
2190,0.0,0.0,14.66,0.0
4605,0.0,0.0,15.89,0.0
2673,0.0,0.0,16.23,0.0
3618,0.0,0.0,13.01,0.0
2946,0.0,0.0,21.69,0.0
4859,5.0,0.05,17.93,1.84
1172,0.0,0.0,18.2,0.0
3993,0.0,0.0,21.56,0.0
4279,15.0,0.15,6.71,2.06
1423,15.0,0.15,11.09,3.39
3208,5.0,0.05,15.97,1.63
4128,0.0,0.0,20.87,0.0
4363,0.0,0.0,30.27,0.0
1465,0.0,0.0,22.6,0.0
875,5.0,0.05,11.17,1.14
2340,0.0,0.0,19.45,0.0
4351,0.0,0.0,15.87,0.0
1252,5.0,0.05,24.29,2.49
4970,0.0,0.0,26.42,0.0
841,5.0,0.05,17.36,1.78
3085,5.0,0.05,14.73,1.51
582,5.0,0.05,19.91,2.04
205,5.0,0.05,13.41,1.37
1642,10.0,0.1,20.18,4.12
2015,0.0,0.0,21.34,0.0
906,0.0,0.0,22.21,0.0
632,0.0,0.0,26.39,0.0
4794,0.0,0.0,12.98,0.0
1975,5.0,0.05,17.63,1.81
163,0.0,0.0,18.98,0.0
3188,20.0,0.2,14.54,5.92
2880,10.0,0.1,20.28,4.15
4506,5.0,0.05,17.6,1.8
618,0.0,0.0,32.05,0.0
4087,0.0,0.0,15.49,0.0
1432,0.0,0.0,17.38,0.0
548,0.0,0.0,18.12,0.0
3350,10.0,0.1,14.05,2.87
4557,15.0,0.15,15.89,4.85
4233,0.0,0.0,22.73,0.0
2403,0.0,0.0,17.58,0.0
2681,0.0,0.0,25.41,0.0
2493,10.0,0.1,20.28,4.15
4084,0.0,0.0,19.91,0.0
1862,0.0,0.0,15.33,0.0
641,10.0,0.1,11.23,2.29
3003,0.0,0.0,23.55,0.0
638,0.0,0.0,21.83,0.0
4121,5.0,0.05,14.85,1.52
3929,10.0,0.1,15.84,3.24
3002,5.0,0.05,16.91,1.73
2097,5.0,0.05,15.63,1.6
3911,0.0,0.0,29.71,0.0
4032,5.0,0.05,25.18,2.58
3693,5.0,0.05,9.78,1.0
2857,0.0,0.0,20.82,0.0
922,5.0,0.05,27.92,2.86
547,5.0,0.05,20.3,2.08
3685,0.0,0.0,29.68,0.0
1901,0.0,0.0,8.24,0.0
2029,0.0,0.0,26.04,0.0
2302,30.0,0.3,9.91,5.96
1886,0.0,0.0,22.56,0.0
1643,5.0,0.05,11.3,1.16
3526,0.0,0.0,22.23,0.0
4820,0.0,0.0,11.57,0.0
2098,0.0,0.0,20.02,0.0
4368,0.0,0.0,16.76,0.0
4663,0.0,0.0,22.49,0.0
4505,0.0,0.0,24.11,0.0
4978,5.0,0.05,15.68,1.61
837,5.0,0.05,16.64,1.7
602,0.0,0.0,23.04,0.0
2185,0.0,0.0,21.45,0.0
3884,0.0,0.0,23.47,0.0
2805,10.0,0.1,16.23,3.31
4318,0.0,0.0,15.88,0.0
1583,0.0,0.0,24.01,0.0
4726,5.0,0.05,18.29,1.87
3319,0.0,0.0,21.37,0.0
3978,0.0,0.0,23.03,0.0
1071,0.0,0.0,15.86,0.0
1776,0.0,0.0,21.0,0.0
4819,0.0,0.0,23.79,0.0
1284,0.0,0.0,13.29,0.0
3066,0.0,0.0,22.37,0.0
4764,0.0,0.0,22.36,0.0
1837,0.0,0.0,22.38,0.0
4253,0.0,0.0,20.84,0.0
1020,0.0,0.0,17.28,0.0
3221,5.0,0.05,19.63,2.01
1327,0.0,0.0,17.71,0.0
476,10.0,0.1,15.95,3.25
3464,5.0,0.05,10.95,1.12
1652,5.0,0.05,19.6,2.01
4017,0.0,0.0,21.99,0.0
4296,0.0,0.0,24.39,0.0
4190,0.0,0.0,22.67,0.0
4671,30.0,0.3,14.61,8.87
2599,0.0,0.0,16.61,0.0
1374,0.0,0.0,21.13,0.0
740,0.0,0.0,18.11,0.0
4408,10.0,0.1,14.64,2.99
4693,0.0,0.0,21.29,0.0
868,5.0,0.05,14.17,1.45
1141,0.0,0.0,32.03,0.0
998,0.0,0.0,22.29,0.0
1338,0.0,0.0,14.37,0.0
542,5.0,0.05,11.1,1.14
1100,10.0,0.1,12.96,2.65
1133,5.0,0.05,18.09,1.85
4083,0.0,0.0,24.0,0.0
4130,0.0,0.0,16.75,0.0
2259,0.0,0.0,24.3,0.0
4006,0.0,0.0,20.57,0.0
60,5.0,0.05,16.09,1.65
4204,0.0,0.0,29.6,0.0
1939,0.0,0.0,17.04,0.0
2592,0.0,0.0,22.15,0.0
4947,0.0,0.0,18.72,0.0
1079,0.0,0.0,23.43,0.0
3380,0.0,0.0,21.49,0.0
3143,0.0,0.0,18.65,0.0
2504,5.0,0.05,19.26,1.97
941,30.0,0.3,10.84,6.56
1081,5.0,0.05,16.75,1.71
188,0.0,0.0,5.85,0.0
2650,0.0,0.0,20.8,0.0
2086,0.0,0.0,23.55,0.0
2250,0.0,0.0,21.85,0.0
4901,0.0,0.0,8.21,0.0
2024,0.0,0.0,21.61,0.0
2698,0.0,0.0,30.05,0.0
4067,20.0,0.2,13.66,5.56
3625,0.0,0.0,15.24,0.0
227,0.0,0.0,22.51,0.0
3320,0.0,0.0,30.37,0.0
1930,0.0,0.0,21.03,0.0
3936,10.0,0.1,21.77,4.45
4787,0.0,0.0,18.59,0.0
1405,0.0,0.0,22.43,0.0
2180,0.0,0.0,20.38,0.0
698,15.0,0.15,13.13,4.01
1125,5.0,0.05,19.25,1.97
2811,5.0,0.05,19.85,2.03
2935,0.0,0.0,21.82,0.0
1779,0.0,0.0,17.97,0.0
2874,10.0,0.1,14.0,2.86
1038,0.0,0.0,18.91,0.0
4185,0.0,0.0,14.44,0.0
2257,0.0,0.0,28.6,0.0
314,10.0,0.1,12.42,2.54
2282,5.0,0.05,19.73,2.02
1417,0.0,0.0,30.97,0.0
1037,5.0,0.05,13.27,1.36
2160,0.0,0.0,10.5,0.0
4173,5.0,0.05,11.41,1.17
1755,5.0,0.05,13.52,1.39
3128,5.0,0.05,24.33,2.49
3635,0.0,0.0,20.82,0.0
4975,0.0,0.0,20.27,0.0
4531,5.0,0.05,24.55,2.51
3361,5.0,0.05,18.01,1.85
4751,25.0,0.25,10.38,5.26
1507,15.0,0.15,10.56,3.22
1924,5.0,0.05,25.51,2.61
449,0.0,0.0,19.86,0.0
2459,5.0,0.05,11.72,1.2
2544,5.0,0.05,19.92,2.04
4980,30.0,0.3,13.47,8.18
4574,5.0,0.05,21.86,2.24
362,0.0,0.0,19.49,0.0
2184,15.0,0.15,11.96,3.65
1135,0.0,0.0,21.99,0.0
3899,0.0,0.0,17.39,0.0
2156,0.0,0.0,15.38,0.0
1831,0.0,0.0,21.13,0.0
1054,0.0,0.0,29.8,0.0
23,0.0,0.0,22.36,0.0
2067,0.0,0.0,23.68,0.0
1654,30.0,0.3,10.79,6.53
2603,0.0,0.0,20.85,0.0
3226,0.0,0.0,21.65,0.0
2813,0.0,0.0,10.55,0.0
4055,0.0,0.0,24.21,0.0
2326,5.0,0.05,27.49,2.81
461,0.0,0.0,26.65,0.0
1068,0.0,0.0,21.22,0.0
88,0.0,0.0,16.68,0.0
1431,5.0,0.05,19.21,1.96
2663,0.0,0.0,18.44,0.0
283,0.0,0.0,16.95,0.0
463,0.0,0.0,16.51,0.0
213,0.0,0.0,15.29,0.0
2634,0.0,0.0,15.0,0.0
1369,10.0,0.1,20.47,4.18
235,0.0,0.0,17.27,0.0
3552,0.0,0.0,16.27,0.0
598,0.0,0.0,17.56,0.0
4431,5.0,0.05,11.94,1.22
2251,0.0,0.0,18.44,0.0
4050,0.0,0.0,14.94,0.0
2284,0.0,0.0,18.43,0.0
663,0.0,0.0,15.38,0.0
4974,10.0,0.1,11.98,2.45
2286,0.0,0.0,24.08,0.0
4727,0.0,0.0,18.66,0.0
3209,0.0,0.0,13.1,0.0
2519,5.0,0.05,28.06,2.88
3448,0.0,0.0,20.6,0.0
780,15.0,0.15,12.19,3.73
4211,0.0,0.0,23.83,0.0
3442,0.0,0.0,21.68,0.0
4874,30.0,0.3,4.75,2.88
4469,0.0,0.0,18.0,0.0
4846,0.0,0.0,15.53,0.0
686,10.0,0.1,15.07,3.07
3185,0.0,0.0,18.93,0.0
4254,10.0,0.1,12.34,2.52
4122,0.0,0.0,13.85,0.0
2172,5.0,0.05,12.06,1.24
3556,0.0,0.0,21.45,0.0
1851,0.0,0.0,26.01,0.0
488,0.0,0.0,26.54,0.0
1689,5.0,0.05,28.6,2.93
2231,0.0,0.0,10.73,0.0
3280,0.0,0.0,18.47,0.0
2321,25.0,0.25,9.64,4.88
783,0.0,0.0,22.19,0.0
522,10.0,0.1,19.89,4.06
523,0.0,0.0,20.5,0.0
3600,0.0,0.0,18.79,0.0
3971,0.0,0.0,14.4,0.0
2399,10.0,0.1,15.1,3.08
2208,0.0,0.0,18.31,0.0
3494,5.0,0.05,18.99,1.95
3569,0.0,0.0,15.41,0.0
3756,5.0,0.05,16.07,1.64
2838,0.0,0.0,22.6,0.0
1512,5.0,0.05,14.99,1.53
1883,0.0,0.0,17.76,0.0
652,20.0,0.2,7.64,3.09
2802,0.0,0.0,26.0,0.0
3406,0.0,0.0,17.77,0.0
370,5.0,0.05,21.83,2.24
2655,0.0,0.0,16.37,0.0
119,0.0,0.0,16.59,0.0
4014,0.0,0.0,19.27,0.0
3050,0.0,0.0,29.11,0.0
2217,5.0,0.05,13.87,1.42
3559,0.0,0.0,23.24,0.0
1614,5.0,0.05,21.43,2.19
4257,0.0,0.0,13.36,0.0
963,0.0,0.0,21.7,0.0
2511,0.0,0.0,21.34,0.0
3564,0.0,0.0,17.71,0.0
4652,0.0,0.0,23.42,0.0
3461,10.0,0.1,12.8,2.62
3048,20.0,0.2,15.16,6.15
2416,0.0,0.0,17.46,0.0
4665,0.0,0.0,24.78,0.0
4247,5.0,0.05,19.92,2.04
2186,0.0,0.0,26.97,0.0
2837,0.0,0.0,17.47,0.0
2038,5.0,0.05,15.28,1.56
4272,0.0,0.0,16.24,0.0
773,0.0,0.0,22.33,0.0
1285,0.0,0.0,21.52,0.0
4614,5.0,0.05,30.27,3.1
4747,5.0,0.05,15.97,1.63
1415,0.0,0.0,10.82,0.0
1235,0.0,0.0,18.32,0.0
2715,0.0,0.0,12.51,0.0
436,5.0,0.05,20.05,2.05
1675,5.0,0.05,26.64,2.73
366,10.0,0.1,26.46,5.4
2665,0.0,0.0,17.26,0.0
232,20.0,0.2,4.29,1.74
4278,30.0,0.3,10.76,6.49
4060,5.0,0.05,20.82,2.13
4410,20.0,0.2,14.2,5.78
408,0.0,0.0,20.35,0.0
2091,5.0,0.05,12.66,1.3
87,0.0,0.0,19.43,0.0
845,0.0,0.0,20.51,0.0
1032,5.0,0.05,17.71,1.81
2647,20.0,0.2,13.01,5.29
4078,5.0,0.05,14.67,1.5
4289,10.0,0.1,16.5,3.37
3245,0.0,0.0,18.49,0.0
2674,30.0,0.3,12.91,7.8
856,0.0,0.0,19.48,0.0
79,0.0,0.0,30.76,0.0
2248,0.0,0.0,21.8,0.0
4581,0.0,0.0,9.13,0.0
3675,5.0,0.05,13.31,1.36
2928,0.0,0.0,28.05,0.0
2925,0.0,0.0,16.94,0.0
2280,5.0,0.05,12.97,1.33
4951,0.0,0.0,18.09,0.0
4169,0.0,0.0,17.73,0.0
3889,0.0,0.0,22.35,0.0
3444,5.0,0.05,20.08,2.06
2177,0.0,0.0,19.53,0.0
425,0.0,0.0,17.25,0.0
393,5.0,0.05,16.38,1.68
4805,5.0,0.05,20.41,2.09
3650,0.0,0.0,27.04,0.0
105,5.0,0.05,11.04,1.13
3921,0.0,0.0,18.16,0.0
3152,0.0,0.0,22.37,0.0
1949,0.0,0.0,29.59,0.0
1460,5.0,0.05,22.04,2.26
3897,0.0,0.0,17.21,0.0
2819,10.0,0.1,26.95,5.51
2722,0.0,0.0,25.64,0.0
4800,5.0,0.05,12.22,1.25
1588,0.0,0.0,20.34,0.0
4223,0.0,0.0,19.35,0.0
1732,5.0,0.05,18.59,1.9
4775,5.0,0.05,13.63,1.39
3732,5.0,0.05,24.05,2.46
3700,5.0,0.05,13.16,1.35
1792,10.0,0.1,16.93,3.45
2356,0.0,0.0,11.02,0.0
1941,0.0,0.0,18.32,0.0
703,5.0,0.05,19.83,2.03
2443,0.0,0.0,18.61,0.0
2830,0.0,0.0,17.83,0.0
497,5.0,0.05,13.55,1.39
465,0.0,0.0,12.91,0.0
2703,0.0,0.0,14.45,0.0
4344,0.0,0.0,21.08,0.0
173,5.0,0.05,14.73,1.51
4096,0.0,0.0,15.15,0.0
4807,0.0,0.0,18.52,0.0
2541,0.0,0.0,20.03,0.0
3278,0.0,0.0,8.86,0.0
4210,5.0,0.05,21.68,2.22
2261,0.0,0.0,16.77,0.0
2113,10.0,0.1,24.12,4.93
901,5.0,0.05,16.62,1.7
1447,0.0,0.0,30.29,0.0
3592,5.0,0.05,15.39,1.57
742,5.0,0.05,24.1,2.47
2294,0.0,0.0,27.17,0.0
2453,20.0,0.2,19.96,8.12
2843,5.0,0.05,15.68,1.6
4097,10.0,0.1,20.31,4.14
1207,0.0,0.0,24.69,0.0
510,5.0,0.05,18.5,1.89
3290,5.0,0.05,15.79,1.62
2818,0.0,0.0,18.28,0.0
3367,5.0,0.05,16.8,1.72
1550,5.0,0.05,10.89,1.12
3283,0.0,0.0,18.03,0.0
2203,5.0,0.05,21.52,2.21
2567,5.0,0.05,18.19,1.86
2695,0.0,0.0,25.9,0.0
2045,10.0,0.1,14.39,2.94
768,0.0,0.0,23.55,0.0
4883,0.0,0.0,16.45,0.0
4154,0.0,0.0,19.57,0.0
422,15.0,0.15,15.83,4.83
124,0.0,0.0,23.64,0.0
4543,0.0,0.0,9.21,0.0
2644,0.0,0.0,13.81,0.0
820,0.0,0.0,21.93,0.0
1404,5.0,0.05,15.03,1.54
1383,0.0,0.0,13.72,0.0
2149,5.0,0.05,16.83,1.72
1576,0.0,0.0,21.08,0.0
1639,0.0,0.0,17.96,0.0
1796,0.0,0.0,25.49,0.0
4826,5.0,0.05,26.74,2.74
400,0.0,0.0,20.6,0.0
2311,0.0,0.0,16.7,0.0
883,0.0,0.0,18.65,0.0
4984,5.0,0.05,20.89,2.14
4161,0.0,0.0,20.03,0.0
1353,0.0,0.0,19.91,0.0
2758,0.0,0.0,19.19,0.0
4561,0.0,0.0,21.93,0.0
2131,0.0,0.0,22.65,0.0
983,0.0,0.0,19.04,0.0
457,0.0,0.0,13.51,0.0
3850,0.0,0.0,26.18,0.0
1080,0.0,0.0,16.25,0.0
1951,0.0,0.0,22.95,0.0
4325,0.0,0.0,22.99,0.0
690,0.0,0.0,19.49,0.0
2430,0.0,0.0,25.23,0.0
642,5.0,0.05,12.11,1.24
2393,0.0,0.0,18.99,0.0
1954,0.0,0.0,25.28,0.0
2764,0.0,0.0,21.57,0.0
4454,0.0,0.0,33.19,0.0
3451,5.0,0.05,15.08,1.54
3352,5.0,0.05,17.49,1.79
4777,5.0,0.05,18.43,1.89
3335,0.0,0.0,16.29,0.0
1885,0.0,0.0,11.01,0.0
390,15.0,0.15,12.88,3.94
2495,5.0,0.05,11.26,1.15
3133,5.0,0.05,13.84,1.42
2907,0.0,0.0,14.39,0.0
846,0.0,0.0,30.26,0.0
543,0.0,0.0,24.54,0.0
92,15.0,0.15,16.5,5.04
3908,0.0,0.0,10.29,0.0
1980,5.0,0.05,14.14,1.45
2828,0.0,0.0,25.99,0.0
4100,0.0,0.0,25.1,0.0
2918,0.0,0.0,21.69,0.0
2530,0.0,0.0,21.03,0.0
1677,5.0,0.05,19.79,2.03
1049,0.0,0.0,18.81,0.0
1961,0.0,0.0,14.87,0.0
2531,0.0,0.0,11.2,0.0
4502,0.0,0.0,17.49,0.0
238,0.0,0.0,24.97,0.0
4127,0.0,0.0,13.75,0.0
3505,0.0,0.0,21.77,0.0
1134,0.0,0.0,18.02,0.0
1806,5.0,0.05,16.92,1.73
4153,0.0,0.0,16.73,0.0
164,0.0,0.0,18.97,0.0
3509,5.0,0.05,16.9,1.73
4720,0.0,0.0,19.56,0.0
3865,0.0,0.0,23.23,0.0
3690,0.0,0.0,16.35,0.0
3215,5.0,0.05,11.38,1.16
3653,5.0,0.05,20.83,2.13
3958,5.0,0.05,29.03,2.97
1812,0.0,0.0,13.99,0.0
3986,5.0,0.05,25.69,2.63
3165,5.0,0.05,28.89,2.96
1429,10.0,0.1,22.55,4.6
3632,0.0,0.0,27.61,0.0
4386,5.0,0.05,12.36,1.26
3412,0.0,0.0,19.38,0.0
4471,5.0,0.05,18.66,1.91
4855,0.0,0.0,19.95,0.0
2836,30.0,0.3,12.64,7.66
1453,0.0,0.0,20.19,0.0
594,0.0,0.0,18.97,0.0
42,0.0,0.0,19.04,0.0
561,0.0,0.0,15.83,0.0
2952,0.0,0.0,29.77,0.0
3743,10.0,0.1,13.9,2.84
244,5.0,0.05,20.03,2.05
1340,0.0,0.0,17.62,0.0
4038,0.0,0.0,20.68,0.0
4809,0.0,0.0,16.36,0.0
3818,15.0,0.15,17.13,5.23
1443,5.0,0.05,23.31,2.39
262,0.0,0.0,16.29,0.0
3177,0.0,0.0,19.38,0.0
1690,0.0,0.0,26.38,0.0
1726,0.0,0.0,10.68,0.0
4560,0.0,0.0,13.79,0.0
835,10.0,0.1,12.88,2.63
1867,0.0,0.0,17.44,0.0
2497,0.0,0.0,18.36,0.0
2011,0.0,0.0,7.58,0.0
341,0.0,0.0,13.03,0.0
3322,0.0,0.0,21.23,0.0
1602,0.0,0.0,20.47,0.0
3019,5.0,0.05,25.65,2.63
4705,5.0,0.05,18.49,1.89
481,0.0,0.0,22.11,0.0
2930,5.0,0.05,20.21,2.07
3919,5.0,0.05,13.73,1.41
3410,0.0,0.0,21.67,0.0
4649,10.0,0.1,18.38,3.75
3506,0.0,0.0,23.91,0.0
4009,5.0,0.05,10.39,1.06
1767,0.0,0.0,16.56,0.0
4484,0.0,0.0,20.91,0.0
2454,0.0,0.0,13.47,0.0
2893,0.0,0.0,17.57,0.0
3834,0.0,0.0,17.22,0.0
4035,0.0,0.0,19.18,0.0
4688,0.0,0.0,23.83,0.0
3698,5.0,0.05,12.07,1.24
1272,0.0,0.0,22.1,0.0
4512,5.0,0.05,16.88,1.73
3110,0.0,0.0,7.65,0.0
4152,0.0,0.0,19.83,0.0
348,0.0,0.0,25.61,0.0
3900,0.0,0.0,20.4,0.0
4634,0.0,0.0,17.03,0.0
2563,0.0,0.0,14.92,0.0
4601,5.0,0.05,15.58,1.59
1424,5.0,0.05,27.41,2.81
657,10.0,0.1,14.64,2.99
2103,0.0,0.0,25.59,0.0
633,0.0,0.0,9.29,0.0
2908,0.0,0.0,12.24,0.0
2494,5.0,0.05,12.55,1.29
2666,0.0,0.0,21.44,0.0
3231,0.0,0.0,11.62,0.0
3980,0.0,0.0,17.44,0.0
3323,10.0,0.1,16.31,3.33
3514,5.0,0.05,10.35,1.06
3613,30.0,0.3,8.37,5.05
2501,0.0,0.0,25.67,0.0
1466,10.0,0.1,9.3,1.9
4704,0.0,0.0,20.5,0.0
116,0.0,0.0,18.76,0.0
1822,0.0,0.0,19.37,0.0
1495,15.0,0.15,12.7,3.88
2402,5.0,0.05,24.08,2.47
1233,0.0,0.0,20.14,0.0
2662,0.0,0.0,19.94,0.0
2888,0.0,0.0,9.27,0.0
4642,5.0,0.05,15.72,1.61
1154,0.0,0.0,16.62,0.0
3867,0.0,0.0,26.04,0.0
58,0.0,0.0,16.47,0.0
3411,0.0,0.0,15.11,0.0
4464,0.0,0.0,27.71,0.0
4956,0.0,0.0,29.25,0.0
1736,5.0,0.05,21.61,2.21
2197,0.0,0.0,17.42,0.0
3784,0.0,0.0,10.74,0.0
2476,0.0,0.0,25.06,0.0
2565,0.0,0.0,28.66,0.0
3174,5.0,0.05,19.86,2.04
4053,0.0,0.0,20.25,0.0
3674,0.0,0.0,14.08,0.0
708,0.0,0.0,22.33,0.0
4291,30.0,0.3,10.7,6.46
1094,0.0,0.0,13.21,0.0
3805,5.0,0.05,24.05,2.46
1377,10.0,0.1,14.41,2.94
4924,0.0,0.0,22.0,0.0
73,5.0,0.05,18.34,1.88
1923,0.0,0.0,24.87,0.0
3189,0.0,0.0,21.08,0.0
1765,0.0,0.0,21.42,0.0
744,0.0,0.0,15.22,0.0
2894,0.0,0.0,17.57,0.0
1006,20.0,0.2,18.64,7.57
2669,5.0,0.05,26.52,2.72
1191,5.0,0.05,24.3,2.49
4664,0.0,0.0,16.11,0.0
2602,0.0,0.0,12.03,0.0
1126,5.0,0.05,13.75,1.41
1242,0.0,0.0,21.49,0.0
3631,0.0,0.0,18.91,0.0
4140,5.0,0.05,17.38,1.78
4852,5.0,0.05,18.92,1.94
999,5.0,0.05,19.4,1.99
4793,0.0,0.0,13.45,0.0
2685,5.0,0.05,14.39,1.47
1578,0.0,0.0,20.6,0.0
4801,15.0,0.15,14.1,4.31
1827,10.0,0.1,14.1,2.89
3308,5.0,0.05,25.7,2.63
5000,5.0,0.05,14.79,1.51
3553,0.0,0.0,12.44,0.0
441,5.0,0.05,15.7,1.61
4962,5.0,0.05,17.65,1.81
1101,0.0,0.0,26.5,0.0
4029,0.0,0.0,20.29,0.0
4954,0.0,0.0,20.67,0.0
650,5.0,0.05,19.77,2.02
1547,0.0,0.0,20.69,0.0
3555,10.0,0.1,19.64,4.01
3577,0.0,0.0,13.76,0.0
3816,0.0,0.0,12.77,0.0
3760,5.0,0.05,15.11,1.55
631,5.0,0.05,14.48,1.48
673,5.0,0.05,18.78,1.92
1250,15.0,0.15,11.58,3.54
483,0.0,0.0,22.01,0.0
1585,0.0,0.0,17.34,0.0
3090,0.0,0.0,20.87,0.0
4638,15.0,0.15,12.21,3.73
3054,0.0,0.0,20.38,0.0
1463,5.0,0.05,14.67,1.5
3948,0.0,0.0,14.73,0.0
3640,0.0,0.0,20.51,0.0
2579,0.0,0.0,18.44,0.0
3820,5.0,0.05,12.19,1.25
50,0.0,0.0,27.14,0.0
4300,5.0,0.05,20.3,2.08
3072,0.0,0.0,21.93,0.0
859,0.0,0.0,12.3,0.0
1073,5.0,0.05,15.84,1.62
720,5.0,0.05,20.41,2.09
3173,0.0,0.0,25.11,0.0
2632,15.0,0.15,16.48,5.03
4884,10.0,0.1,13.26,2.71
1661,0.0,0.0,21.09,0.0
1657,0.0,0.0,18.61,0.0
2426,0.0,0.0,16.39,0.0
3541,0.0,0.0,23.39,0.0
4239,0.0,0.0,23.08,0.0
4985,5.0,0.05,17.64,1.81
4432,0.0,0.0,2.44,0.0
4487,0.0,0.0,24.24,0.0
3321,0.0,0.0,15.84,0.0
4762,0.0,0.0,12.12,0.0
4136,0.0,0.0,16.5,0.0
2607,0.0,0.0,22.0,0.0
1386,0.0,0.0,22.07,0.0
3854,5.0,0.05,16.3,1.67
1400,0.0,0.0,19.12,0.0
1196,0.0,0.0,18.44,0.0
1409,30.0,0.3,10.05,6.04
3843,5.0,0.05,19.01,1.95
1799,0.0,0.0,17.96,0.0
1476,5.0,0.05,14.75,1.51
3232,0.0,0.0,20.99,0.0
36,0.0,0.0,19.09,0.0
3558,0.0,0.0,26.69,0.0
2346,0.0,0.0,5.63,0.0
3193,0.0,0.0,25.08,0.0
2360,0.0,0.0,19.88,0.0
2207,0.0,0.0,17.97,0.0
3786,0.0,0.0,16.67,0.0
1287,0.0,0.0,23.55,0.0
350,0.0,0.0,18.82,0.0
2138,5.0,0.05,19.26,1.97
2692,5.0,0.05,15.54,1.59
3394,0.0,0.0,10.45,0.0
4535,5.0,0.05,18.34,1.88
1682,10.0,0.1,16.97,3.46
4040,0.0,0.0,18.56,0.0
1444,5.0,0.05,19.39,1.99
3259,5.0,0.05,15.92,1.63
1672,0.0,0.0,17.26,0.0
2969,0.0,0.0,17.41,0.0
1180,5.0,0.05,11.79,1.21
2799,0.0,0.0,21.27,0.0
1693,0.0,0.0,22.32,0.0
3893,0.0,0.0,12.58,0.0
373,0.0,0.0,17.93,0.0
3629,5.0,0.05,18.69,1.92
1917,0.0,0.0,18.95,0.0
1358,10.0,0.1,14.78,3.01
1826,0.0,0.0,25.56,0.0
787,10.0,0.1,19.69,4.03
470,5.0,0.05,19.17,1.96
141,0.0,0.0,21.59,0.0
789,5.0,0.05,8.74,0.89
324,15.0,0.15,15.03,4.59
51,0.0,0.0,25.34,0.0
715,5.0,0.05,8.3,0.85
4499,0.0,0.0,28.86,0.0
2841,0.0,0.0,14.31,0.0
2447,0.0,0.0,13.91,0.0
4824,0.0,0.0,18.6,0.0
4430,10.0,0.1,12.29,2.51
4607,0.0,0.0,16.98,0.0
3699,5.0,0.05,13.25,1.36
2667,20.0,0.2,15.01,6.09
407,20.0,0.2,6.03,2.46
4385,0.0,0.0,23.3,0.0
1005,0.0,0.0,10.95,0.0
3528,0.0,0.0,26.52,0.0
891,0.0,0.0,20.8,0.0
2412,0.0,0.0,15.17,0.0
2546,5.0,0.05,25.02,2.56
3622,0.0,0.0,25.06,0.0
2391,0.0,0.0,16.47,0.0
3959,0.0,0.0,23.69,0.0
43,5.0,0.05,21.55,2.21
2831,0.0,0.0,24.86,0.0
4146,0.0,0.0,18.86,0.0
304,0.0,0.0,19.8,0.0
4524,0.0,0.0,24.13,0.0
3766,0.0,0.0,21.5,0.0
665,0.0,0.0,22.76,0.0
1178,5.0,0.05,11.28,1.15
2677,0.0,0.0,17.15,0.0
1948,0.0,0.0,19.57,0.0
2502,5.0,0.05,18.27,1.87
1474,0.0,0.0,15.41,0.0
3500,0.0,0.0,23.56,0.0
3537,5.0,0.05,16.35,1.67
2133,5.0,0.05,16.44,1.68
1027,0.0,0.0,13.13,0.0
962,0.0,0.0,21.18,0.0
2890,0.0,0.0,16.5,0.0
3972,15.0,0.15,10.14,3.1
2010,0.0,0.0,18.04,0.0
2150,5.0,0.05,13.15,1.35
3339,5.0,0.05,13.08,1.34
2339,0.0,0.0,21.94,0.0
3907,5.0,0.05,9.82,1.0
305,0.0,0.0,24.31,0.0
1441,0.0,0.0,26.21,0.0
1497,0.0,0.0,22.17,0.0
2653,5.0,0.05,21.02,2.15
2876,0.0,0.0,20.27,0.0
917,0.0,0.0,24.81,0.0
4894,0.0,0.0,19.98,0.0
3740,5.0,0.05,20.81,2.13
2773,15.0,0.15,14.65,4.48
1625,5.0,0.05,19.77,2.02
3856,0.0,0.0,8.83,0.0
822,5.0,0.05,20.69,2.12
3808,0.0,0.0,16.66,0.0
1355,0.0,0.0,24.37,0.0
4508,0.0,0.0,14.74,0.0
851,5.0,0.05,19.41,1.99
1001,5.0,0.05,18.0,1.84
3393,5.0,0.05,15.48,1.59
19,0.0,0.0,12.34,0.0
1638,0.0,0.0,21.62,0.0
1668,5.0,0.05,19.38,1.99
494,5.0,0.05,19.47,1.99
1348,0.0,0.0,10.48,0.0
3746,5.0,0.05,15.18,1.55
3271,0.0,0.0,18.92,0.0
3633,5.0,0.05,16.5,1.69
3498,0.0,0.0,23.97,0.0
688,0.0,0.0,25.86,0.0
3750,0.0,0.0,15.43,0.0
1609,0.0,0.0,25.58,0.0
4101,0.0,0.0,20.5,0.0
4114,0.0,0.0,20.89,0.0
1010,0.0,0.0,22.44,0.0
2409,5.0,0.05,8.7,0.89
1093,0.0,0.0,26.92,0.0
1328,10.0,0.1,11.24,2.3
1678,5.0,0.05,14.33,1.47
2000,0.0,0.0,26.2,0.0
1311,0.0,0.0,16.59,0.0
3274,0.0,0.0,19.62,0.0
1988,0.0,0.0,24.19,0.0
3667,0.0,0.0,14.41,0.0
345,5.0,0.05,13.92,1.43
4196,0.0,0.0,14.75,0.0
987,5.0,0.05,12.6,1.29
3870,0.0,0.0,22.63,0.0
3826,5.0,0.05,18.31,1.88
4323,10.0,0.1,14.27,2.92
4021,5.0,0.05,12.51,1.28
3107,5.0,0.05,18.28,1.87
3872,0.0,0.0,29.83,0.0
1143,0.0,0.0,22.65,0.0
2359,0.0,0.0,26.35,0.0
1199,0.0,0.0,16.04,0.0
86,0.0,0.0,26.08,0.0
1519,0.0,0.0,21.83,0.0
517,10.0,0.1,15.15,3.09
1382,0.0,0.0,17.4,0.0
2717,0.0,0.0,18.09,0.0
4917,15.0,0.15,11.45,3.5
1015,25.0,0.25,12.19,6.18
129,5.0,0.05,16.74,1.71
1365,5.0,0.05,18.16,1.86
3642,0.0,0.0,31.04,0.0
3140,0.0,0.0,18.64,0.0
892,0.0,0.0,26.45,0.0
2794,5.0,0.05,13.61,1.39
4218,0.0,0.0,28.06,0.0
1360,5.0,0.05,16.8,1.72
308,5.0,0.05,22.86,2.34
1662,5.0,0.05,27.96,2.87
2432,0.0,0.0,25.46,0.0
4550,0.0,0.0,7.06,0.0
1318,5.0,0.05,13.89,1.42
4314,15.0,0.15,13.6,4.16
2475,0.0,0.0,21.94,0.0
2543,0.0,0.0,19.0,0.0
1247,15.0,0.15,17.6,5.38
1209,0.0,0.0,20.8,0.0
217,5.0,0.05,19.8,2.03
4303,0.0,0.0,16.59,0.0
3078,0.0,0.0,21.37,0.0
1240,5.0,0.05,19.79,2.03
2290,5.0,0.05,15.79,1.62
2741,0.0,0.0,15.49,0.0
276,0.0,0.0,17.27,0.0
490,0.0,0.0,22.15,0.0
1036,0.0,0.0,15.23,0.0
1230,5.0,0.05,20.44,2.09
4596,5.0,0.05,16.38,1.68
1009,5.0,0.05,19.46,1.99
4076,20.0,0.2,12.09,4.91
3138,5.0,0.05,23.23,2.38
3198,25.0,0.25,2.53,1.25
2533,0.0,0.0,11.46,0.0
4406,0.0,0.0,14.92,0.0
1059,0.0,0.0,23.81,0.0
2167,0.0,0.0,16.71,0.0
3389,0.0,0.0,16.51,0.0
282,5.0,0.05,10.86,1.11
4827,0.0,0.0,18.76,0.0
1317,0.0,0.0,17.66,0.0
4989,5.0,0.05,19.55,2.0
969,0.0,0.0,24.23,0.0
4498,0.0,0.0,12.07,0.0
3939,5.0,0.05,23.47,2.41
3182,20.0,0.2,12.03,4.88
3536,5.0,0.05,19.27,1.97
620,0.0,0.0,28.74,0.0
3250,15.0,0.15,14.6,4.47
1743,5.0,0.05,19.46,1.99
1391,0.0,0.0,18.44,0.0
4069,0.0,0.0,18.44,0.0
1848,5.0,0.05,11.83,1.21
1580,5.0,0.05,19.68,2.01
1656,0.0,0.0,21.68,0.0
2353,5.0,0.05,12.3,1.26
2213,0.0,0.0,21.28,0.0
2021,5.0,0.05,12.81,1.31
4983,15.0,0.15,11.82,3.61
1957,0.0,0.0,20.03,0.0
1308,5.0,0.05,18.66,1.91
2004,0.0,0.0,14.65,0.0
4662,5.0,0.05,19.59,2.01
576,0.0,0.0,7.41,0.0
2361,0.0,0.0,22.77,0.0
4212,0.0,0.0,22.19,0.0
4447,0.0,0.0,21.45,0.0
1707,5.0,0.05,14.18,1.45
3761,0.0,0.0,17.75,0.0
4458,0.0,0.0,17.17,0.0
1281,0.0,0.0,24.56,0.0
862,0.0,0.0,13.8,0.0
4155,5.0,0.05,21.14,2.17
1802,0.0,0.0,28.55,0.0
1629,15.0,0.15,14.43,4.42
1994,5.0,0.05,17.65,1.81
2640,5.0,0.05,19.28,1.97
270,0.0,0.0,18.66,0.0
630,5.0,0.05,19.26,1.97
3082,0.0,0.0,16.91,0.0
2335,10.0,0.1,12.28,2.51
2967,5.0,0.05,20.09,2.06
301,5.0,0.05,20.07,2.05
460,15.0,0.15,17.63,5.39
1448,0.0,0.0,18.06,0.0
1473,0.0,0.0,17.63,0.0
2047,10.0,0.1,20.18,4.12
4238,10.0,0.1,19.84,4.05
3783,5.0,0.05,17.12,1.75
2114,5.0,0.05,13.5,1.38
28,0.0,0.0,25.54,0.0
3858,5.0,0.05,27.12,2.78
4533,0.0,0.0,15.48,0.0
838,15.0,0.15,16.17,4.94
3845,0.0,0.0,29.9,0.0
2009,5.0,0.05,16.96,1.74
4918,5.0,0.05,18.27,1.87
504,5.0,0.05,13.88,1.42
3222,0.0,0.0,21.46,0.0
4315,0.0,0.0,22.76,0.0
381,0.0,0.0,17.71,0.0
1852,5.0,0.05,23.98,2.46
1526,5.0,0.05,22.96,2.35
2366,0.0,0.0,20.21,0.0
3244,0.0,0.0,30.27,0.0
3053,0.0,0.0,17.38,0.0
2885,0.0,0.0,20.93,0.0
2341,0.0,0.0,20.42,0.0
375,5.0,0.05,18.39,1.88
3276,0.0,0.0,17.65,0.0
2382,0.0,0.0,10.8,0.0
4320,0.0,0.0,13.7,0.0
940,0.0,0.0,22.05,0.0
3869,0.0,0.0,19.3,0.0
4175,0.0,0.0,23.4,0.0
2800,30.0,0.3,4.77,2.82
2148,0.0,0.0,23.32,0.0
3836,5.0,0.05,16.13,1.65
4551,0.0,0.0,20.62,0.0
4226,10.0,0.1,16.74,3.42
2069,0.0,0.0,23.85,0.0
530,5.0,0.05,21.59,2.21
4865,0.0,0.0,17.81,0.0
637,0.0,0.0,22.89,0.0
1270,15.0,0.15,17.91,5.46
186,0.0,0.0,20.95,0.0
3837,0.0,0.0,21.26,0.0
3195,5.0,0.05,19.97,2.04
3470,0.0,0.0,20.54,0.0
1798,0.0,0.0,16.16,0.0
2980,0.0,0.0,27.27,0.0
1442,0.0,0.0,18.71,0.0
3443,10.0,0.1,20.38,4.17
4885,0.0,0.0,25.37,0.0
1536,5.0,0.05,18.01,1.84
3459,10.0,0.1,13.51,2.76
1274,0.0,0.0,17.33,0.0
2468,0.0,0.0,16.39,0.0
608,0.0,0.0,22.07,0.0
3403,0.0,0.0,19.08,0.0
1713,0.0,0.0,18.2,0.0
2200,0.0,0.0,14.85,0.0
956,5.0,0.05,24.37,2.5
2580,0.0,0.0,29.46,0.0
3916,5.0,0.05,20.29,2.08
4436,5.0,0.05,13.93,1.43
4803,0.0,0.0,21.3,0.0
3704,0.0,0.0,20.6,0.0
404,10.0,0.1,9.66,1.97
2072,0.0,0.0,24.18,0.0
4766,10.0,0.1,15.35,3.13
1978,0.0,0.0,21.95,0.0
159,0.0,0.0,13.63,0.0
1749,0.0,0.0,21.38,0.0
2910,5.0,0.05,14.63,1.5
3551,0.0,0.0,17.16,0.0
903,0.0,0.0,22.55,0.0
353,0.0,0.0,19.48,0.0
1231,0.0,0.0,21.12,0.0
4681,0.0,0.0,22.25,0.0
2141,0.0,0.0,22.98,0.0
445,0.0,0.0,29.91,0.0
4959,0.0,0.0,19.51,0.0
755,0.0,0.0,23.51,0.0
1738,10.0,0.1,20.49,4.19
2972,0.0,0.0,11.42,0.0
4990,5.0,0.05,17.14,1.75
2921,0.0,0.0,20.24,0.0
312,0.0,0.0,18.96,0.0
549,15.0,0.15,16.68,5.1
4640,0.0,0.0,21.0,0.0
4772,0.0,0.0,12.61,0.0
1990,20.0,0.2,14.73,5.97
307,0.0,0.0,18.94,0.0
2336,0.0,0.0,21.52,0.0
695,10.0,0.1,11.48,2.34
2357,0.0,0.0,19.13,0.0
1928,0.0,0.0,20.14,0.0
685,10.0,0.1,16.26,3.32
750,5.0,0.05,16.25,1.66
4675,0.0,0.0,17.75,0.0
1267,10.0,0.1,19.7,4.03
3983,5.0,0.05,10.07,1.03
3546,5.0,0.05,16.05,1.64
4771,0.0,0.0,23.27,0.0
4003,0.0,0.0,21.74,0.0
3084,0.0,0.0,11.01,0.0
3062,0.0,0.0,20.6,0.0
3026,5.0,0.05,19.06,1.95
971,0.0,0.0,24.44,0.0
14,0.0,0.0,29.82,0.0
874,0.0,0.0,22.73,0.0
809,0.0,0.0,14.93,0.0
3199,0.0,0.0,22.82,0.0
515,5.0,0.05,20.28,2.08
4483,5.0,0.05,16.05,1.64
410,0.0,0.0,22.63,0.0
3424,0.0,0.0,20.43,0.0
4353,15.0,0.15,14.35,4.39
208,0.0,0.0,8.04,0.0
3239,0.0,0.0,23.18,0.0
459,10.0,0.1,13.4,2.74
3671,0.0,0.0,22.11,0.0
2431,0.0,0.0,10.42,0.0
3979,0.0,0.0,11.71,0.0
111,5.0,0.05,10.18,1.04
3765,0.0,0.0,23.12,0.0
4063,0.0,0.0,14.14,0.0
1884,5.0,0.05,11.73,1.2
1714,5.0,0.05,17.31,1.77
3977,0.0,0.0,24.9,0.0
3415,10.0,0.1,20.0,4.08
553,10.0,0.1,14.05,2.88
1440,0.0,0.0,23.58,0.0
2271,0.0,0.0,26.23,0.0
3145,0.0,0.0,17.97,0.0
2822,5.0,0.05,25.48,2.61
4792,0.0,0.0,20.0,0.0
1926,0.0,0.0,9.95,0.0
635,0.0,0.0,16.96,0.0
4816,0.0,0.0,18.87,0.0
317,5.0,0.05,17.07,1.75
4227,0.0,0.0,14.08,0.0
4710,5.0,0.05,12.94,1.33
1329,5.0,0.05,21.02,2.15
428,0.0,0.0,21.8,0.0
4042,5.0,0.05,16.73,1.71
106,5.0,0.05,17.76,1.82
3042,0.0,0.0,22.73,0.0
143,0.0,0.0,13.17,0.0
2170,5.0,0.05,14.23,1.46
3345,0.0,0.0,9.25,0.0
90,5.0,0.05,25.74,2.64
2919,0.0,0.0,16.52,0.0
3238,0.0,0.0,21.47,0.0
2242,0.0,0.0,19.1,0.0
3175,0.0,0.0,20.81,0.0
3428,0.0,0.0,24.68,0.0
2164,0.0,0.0,19.88,0.0
2637,5.0,0.05,22.61,2.32
1950,5.0,0.05,27.67,2.83
1769,0.0,0.0,25.1,0.0
3299,0.0,0.0,10.11,0.0
2273,0.0,0.0,10.91,0.0
2,0.0,0.0,14.16,0.0
3542,5.0,0.05,14.58,1.49
4968,0.0,0.0,12.05,0.0
1952,0.0,0.0,27.53,0.0
936,0.0,0.0,15.76,0.0
4307,0.0,0.0,11.63,0.0
2721,0.0,0.0,21.19,0.0
4105,0.0,0.0,14.69,0.0
1110,0.0,0.0,20.15,0.0
3606,0.0,0.0,15.77,0.0
592,0.0,0.0,15.9,0.0
1696,0.0,0.0,13.79,0.0
3480,0.0,0.0,17.6,0.0
2937,0.0,0.0,7.63,0.0
4214,0.0,0.0,25.29,0.0
3427,0.0,0.0,17.89,0.0
1577,10.0,0.1,13.76,2.81
3973,10.0,0.1,17.36,3.55
214,5.0,0.05,15.03,1.54
779,0.0,0.0,29.73,0.0
1416,30.0,0.3,14.65,8.89
4770,0.0,0.0,16.55,0.0
2044,0.0,0.0,24.98,0.0
2849,5.0,0.05,13.96,1.43
4548,0.0,0.0,19.76,0.0
3682,0.0,0.0,17.01,0.0
3832,0.0,0.0,23.64,0.0
1568,0.0,0.0,16.76,0.0
166,0.0,0.0,20.21,0.0
4725,0.0,0.0,24.09,0.0
3602,0.0,0.0,34.87,0.0
4937,0.0,0.0,16.73,0.0
1344,5.0,0.05,18.01,1.85
2014,5.0,0.05,14.91,1.53
274,0.0,0.0,23.13,0.0
72,0.0,0.0,17.21,0.0
3906,0.0,0.0,19.34,0.0
1088,0.0,0.0,18.87,0.0
395,0.0,0.0,23.23,0.0
584,0.0,0.0,19.85,0.0
1368,10.0,0.1,16.13,3.29
4998,0.0,0.0,21.05,0.0
4653,0.0,0.0,22.92,0.0
2549,0.0,0.0,22.61,0.0
1014,0.0,0.0,22.74,0.0
4908,0.0,0.0,19.11,0.0
3004,5.0,0.05,11.81,1.21
4948,0.0,0.0,22.0,0.0
4182,5.0,0.05,15.61,1.6
3549,5.0,0.05,17.6,1.8
1764,0.0,0.0,24.25,0.0
1876,0.0,0.0,17.99,0.0
1260,10.0,0.1,14.74,3.0
4541,0.0,0.0,22.96,0.0
2254,0.0,0.0,6.88,0.0
2782,0.0,0.0,25.07,0.0
3611,0.0,0.0,27.96,0.0
527,0.0,0.0,19.39,0.0
4748,0.0,0.0,17.01,0.0
2947,0.0,0.0,24.28,0.0
378,0.0,0.0,16.17,0.0
1560,15.0,0.15,14.92,4.55
3839,10.0,0.1,10.37,2.12
1964,0.0,0.0,17.73,0.0
4743,0.0,0.0,9.97,0.0
349,0.0,0.0,17.5,0.0
2435,30.0,0.3,3.18,1.88
2247,0.0,0.0,10.47,0.0
4467,5.0,0.05,20.49,2.1
1710,0.0,0.0,23.1,0.0
1051,5.0,0.05,11.86,1.21
591,0.0,0.0,19.28,0.0
520,0.0,0.0,21.05,0.0
4504,5.0,0.05,20.16,2.07
4754,5.0,0.05,19.42,1.99
2478,0.0,0.0,21.78,0.0
1084,30.0,0.3,5.75,3.42
3607,0.0,0.0,13.58,0.0
4789,5.0,0.05,25.26,2.59
4520,5.0,0.05,15.25,1.56
1295,0.0,0.0,23.46,0.0
1810,10.0,0.1,14.28,2.92
792,0.0,0.0,19.16,0.0
793,5.0,0.05,16.96,1.74
4319,0.0,0.0,13.08,0.0
1856,0.0,0.0,11.92,0.0
4768,0.0,0.0,11.57,0.0
1981,0.0,0.0,23.41,0.0
3234,5.0,0.05,26.26,2.69
3927,5.0,0.05,14.76,1.51
3401,5.0,0.05,17.35,1.78
3329,0.0,0.0,22.07,0.0
1531,5.0,0.05,18.62,1.91
1411,0.0,0.0,18.64,0.0
4305,0.0,0.0,13.25,0.0
4981,0.0,0.0,14.76,0.0
84,5.0,0.05,14.23,1.46
869,0.0,0.0,18.79,0.0
2351,0.0,0.0,25.84,0.0
21,0.0,0.0,11.44,0.0
3440,0.0,0.0,22.14,0.0
2796,5.0,0.05,12.65,1.3
4583,0.0,0.0,24.0,0.0
1563,0.0,0.0,17.21,0.0
3094,0.0,0.0,23.79,0.0
3156,30.0,0.3,9.21,5.57
974,0.0,0.0,20.03,0.0
1711,0.0,0.0,26.36,0.0
3202,5.0,0.05,15.62,1.6
4000,15.0,0.15,9.95,3.04
4830,0.0,0.0,15.93,0.0
1099,5.0,0.05,12.95,1.33
4261,0.0,0.0,24.14,0.0
2845,0.0,0.0,18.27,0.0
887,10.0,0.1,21.52,4.4
4942,0.0,0.0,17.2,0.0
4850,0.0,0.0,20.29,0.0
4591,10.0,0.1,20.11,4.11
3831,0.0,0.0,9.18,0.0
4412,0.0,0.0,22.41,0.0
516,0.0,0.0,14.07,0.0
4631,0.0,0.0,16.49,0.0
738,0.0,0.0,22.21,0.0
1454,0.0,0.0,21.45,0.0
3990,0.0,0.0,18.76,0.0
4711,0.0,0.0,8.58,0.0
2507,0.0,0.0,13.72,0.0
2995,5.0,0.05,11.08,1.14
2127,5.0,0.05,19.43,1.99
2927,0.0,0.0,20.17,0.0
4756,5.0,0.05,31.45,3.22
907,10.0,0.1,18.93,3.87
3666,0.0,0.0,12.16,0.0
1031,0.0,0.0,21.35,0.0
2508,5.0,0.05,19.03,1.95
2429,5.0,0.05,22.4,2.29
948,30.0,0.3,9.72,5.91
3825,5.0,0.05,16.09,1.65
4086,10.0,0.1,19.58,4.0
716,0.0,0.0,17.46,0.0
4074,5.0,0.05,24.85,2.54
687,0.0,0.0,24.61,0.0
704,0.0,0.0,16.6,0.0
3342,5.0,0.05,20.93,2.15
2354,5.0,0.05,17.94,1.84
2258,25.0,0.25,11.44,5.78
3568,0.0,0.0,5.39,0.0
474,0.0,0.0,24.54,0.0
22,0.0,0.0,24.65,0.0
2753,5.0,0.05,13.2,1.35
886,5.0,0.05,27.43,2.81
2449,5.0,0.05,21.66,2.22
918,5.0,0.05,15.99,1.64
4438,0.0,0.0,21.01,0.0
4677,0.0,0.0,19.19,0.0
2240,0.0,0.0,22.34,0.0
3863,5.0,0.05,16.39,1.68
3396,10.0,0.1,13.06,2.66
1266,10.0,0.1,15.76,3.21
484,5.0,0.05,19.47,2.0
4348,0.0,0.0,12.73,0.0
2964,0.0,0.0,10.36,0.0
1220,0.0,0.0,15.19,0.0
278,0.0,0.0,18.22,0.0
989,5.0,0.05,18.17,1.86
2085,0.0,0.0,21.01,0.0
1246,0.0,0.0,22.71,0.0
2383,0.0,0.0,20.94,0.0
572,0.0,0.0,22.02,0.0
1436,0.0,0.0,22.66,0.0
994,0.0,0.0,26.38,0.0
3468,0.0,0.0,11.97,0.0
3998,5.0,0.05,13.73,1.41
586,0.0,0.0,22.72,0.0
3677,5.0,0.05,13.21,1.35
2515,0.0,0.0,25.23,0.0
1350,0.0,0.0,16.82,0.0
1008,0.0,0.0,13.07,0.0
675,5.0,0.05,15.55,1.59
2413,25.0,0.25,14.01,7.11
2904,5.0,0.05,19.18,1.96
448,0.0,0.0,15.95,0.0
3489,10.0,0.1,13.52,2.76
4905,0.0,0.0,20.88,0.0
3722,10.0,0.1,16.78,3.43
360,0.0,0.0,16.84,0.0
2065,0.0,0.0,27.34,0.0
4460,0.0,0.0,28.27,0.0
3829,5.0,0.05,8.79,0.9
1691,0.0,0.0,16.78,0.0
4337,0.0,0.0,16.45,0.0
1549,5.0,0.05,14.4,1.47
1248,15.0,0.15,14.47,4.42
1986,0.0,0.0,20.8,0.0
295,5.0,0.05,7.61,0.78
1548,0.0,0.0,21.87,0.0
2013,0.0,0.0,22.96,0.0
589,0.0,0.0,22.55,0.0
3330,0.0,0.0,24.26,0.0
2404,0.0,0.0,17.05,0.0
2130,15.0,0.15,16.59,5.07
4399,10.0,0.1,16.33,3.33
2411,0.0,0.0,19.06,0.0
2720,0.0,0.0,9.88,0.0
4565,10.0,0.1,17.44,3.56
426,0.0,0.0,13.76,0.0
2583,5.0,0.05,18.38,1.88
1055,0.0,0.0,16.01,0.0
3985,15.0,0.15,13.07,4.0
4573,0.0,0.0,24.45,0.0
557,0.0,0.0,17.22,0.0
4369,0.0,0.0,12.31,0.0
3957,30.0,0.3,14.58,8.87
4723,5.0,0.05,17.6,1.8
2470,10.0,0.1,19.92,4.07
4721,0.0,0.0,22.43,0.0
356,0.0,0.0,24.05,0.0
1194,5.0,0.05,22.13,2.27
1717,0.0,0.0,24.34,0.0
3417,0.0,0.0,16.85,0.0
2605,0.0,0.0,21.54,0.0
4359,5.0,0.05,19.77,2.03
2829,0.0,0.0,23.72,0.0
1705,0.0,0.0,17.33,0.0
2864,0.0,0.0,17.25,0.0
2619,0.0,0.0,13.78,0.0
2401,5.0,0.05,19.43,1.99
2140,0.0,0.0,24.75,0.0
3240,0.0,0.0,17.54,0.0
2384,0.0,0.0,18.44,0.0
3219,0.0,0.0,26.52,0.0
4193,5.0,0.05,14.98,1.53
1286,5.0,0.05,17.02,1.74
3815,0.0,0.0,27.05,0.0
3859,5.0,0.05,19.56,2.0
4479,0.0,0.0,25.44,0.0
2088,0.0,0.0,10.75,0.0
1890,0.0,0.0,18.15,0.0
4900,0.0,0.0,13.89,0.0
1592,0.0,0.0,18.12,0.0
1347,0.0,0.0,17.24,0.0
4442,0.0,0.0,19.8,0.0
2163,0.0,0.0,18.73,0.0
2397,0.0,0.0,21.62,0.0
3662,0.0,0.0,23.89,0.0
2272,0.0,0.0,20.82,0.0
4501,0.0,0.0,17.13,0.0
3112,0.0,0.0,18.86,0.0
1138,20.0,0.2,13.04,5.3
4594,0.0,0.0,22.28,0.0
973,0.0,0.0,11.99,0.0
796,5.0,0.05,14.01,1.43
3021,0.0,0.0,23.59,0.0
1712,0.0,0.0,10.99,0.0
3388,0.0,0.0,16.81,0.0
37,0.0,0.0,26.19,0.0
454,0.0,0.0,15.44,0.0
914,0.0,0.0,14.95,0.0
4099,0.0,0.0,16.24,0.0
1200,0.0,0.0,19.41,0.0
1275,5.0,0.05,14.35,1.47
2376,0.0,0.0,19.99,0.0
38,0.0,0.0,17.71,0.0
975,0.0,0.0,20.9,0.0
3196,5.0,0.05,22.44,2.3
984,0.0,0.0,27.65,0.0
3923,0.0,0.0,19.14,0.0
4088,5.0,0.05,8.98,0.92
1419,0.0,0.0,27.96,0.0
3333,0.0,0.0,27.41,0.0
1561,5.0,0.05,14.25,1.46
40,0.0,0.0,18.63,0.0
1487,20.0,0.2,15.0,6.08
3902,10.0,0.1,11.93,2.43
170,0.0,0.0,21.94,0.0
1356,15.0,0.15,18.87,5.77
2786,0.0,0.0,31.47,0.0
3651,5.0,0.05,18.48,1.89
4759,0.0,0.0,17.62,0.0
4023,5.0,0.05,16.71,1.71
2683,0.0,0.0,21.61,0.0
4715,5.0,0.05,16.86,1.73
4044,0.0,0.0,23.07,0.0
1641,0.0,0.0,21.21,0.0
1291,5.0,0.05,20.64,2.11
1381,0.0,0.0,17.33,0.0
1934,5.0,0.05,21.15,2.17
580,5.0,0.05,19.78,2.02
4230,0.0,0.0,15.77,0.0
3161,0.0,0.0,23.74,0.0
2031,5.0,0.05,20.14,2.06
893,5.0,0.05,27.25,2.79
4588,0.0,0.0,18.32,0.0
781,5.0,0.05,19.21,1.97
160,20.0,0.2,14.38,5.86
3,0.0,0.0,21.61,0.0
2264,0.0,0.0,16.13,0.0
3217,0.0,0.0,16.99,0.0
2110,0.0,0.0,15.63,0.0
850,0.0,0.0,17.72,0.0
2738,5.0,0.05,20.28,2.08
2467,5.0,0.05,16.44,1.68
4010,0.0,0.0,12.99,0.0
3669,10.0,0.1,10.88,2.22
1597,0.0,0.0,15.85,0.0
1777,0.0,0.0,11.88,0.0
1914,0.0,0.0,23.58,0.0
1044,10.0,0.1,13.99,2.86
4783,0.0,0.0,18.07,0.0
1545,5.0,0.05,27.34,2.8
2737,0.0,0.0,18.28,0.0
3725,5.0,0.05,26.54,2.72
4628,0.0,0.0,25.29,0.0
54,5.0,0.05,17.29,1.77
1797,10.0,0.1,19.57,4.0
3589,0.0,0.0,12.23,0.0
1912,5.0,0.05,17.99,1.84
2307,0.0,0.0,24.51,0.0
2554,5.0,0.05,13.98,1.43
2801,0.0,0.0,19.67,0.0
937,20.0,0.2,16.22,6.59
4439,0.0,0.0,21.36,0.0
825,30.0,0.3,14.48,8.8
4744,0.0,0.0,21.4,0.0
3179,20.0,0.2,16.28,6.61
3402,5.0,0.05,25.83,2.65
1390,0.0,0.0,20.12,0.0
3565,0.0,0.0,16.98,0.0
4887,0.0,0.0,16.65,0.0
885,5.0,0.05,18.79,1.92
4358,5.0,0.05,15.02,1.54
1608,10.0,0.1,18.0,3.68
1595,10.0,0.1,10.52,2.15
772,0.0,0.0,23.24,0.0
2612,0.0,0.0,21.88,0.0
3873,5.0,0.05,11.98,1.23
2274,5.0,0.05,18.73,1.92
1869,5.0,0.05,16.4,1.68
1086,0.0,0.0,19.63,0.0
11,0.0,0.0,22.27,0.0
3847,0.0,0.0,18.14,0.0
1326,0.0,0.0,29.81,0.0
3391,5.0,0.05,15.75,1.61
1464,0.0,0.0,18.75,0.0
807,0.0,0.0,15.08,0.0
3754,5.0,0.05,16.48,1.69
4004,20.0,0.2,14.09,5.73
3790,0.0,0.0,21.99,0.0
2109,5.0,0.05,19.28,1.97
4246,5.0,0.05,19.25,1.97
4967,0.0,0.0,16.13,0.0
2235,0.0,0.0,9.66,0.0
3212,0.0,0.0,14.9,0.0
964,5.0,0.05,19.97,2.05
3416,0.0,0.0,18.88,0.0
3772,5.0,0.05,17.27,1.77
399,5.0,0.05,12.8,1.31
2633,0.0,0.0,17.12,0.0
4862,30.0,0.3,9.48,5.69
2997,5.0,0.05,26.38,2.7
705,0.0,0.0,15.37,0.0
432,0.0,0.0,16.85,0.0
293,0.0,0.0,24.02,0.0
4878,0.0,0.0,19.21,0.0
146,0.0,0.0,17.31,0.0
4156,0.0,0.0,18.44,0.0
2034,5.0,0.05,15.14,1.55
4216,5.0,0.05,33.36,3.42
1166,5.0,0.05,20.52,2.1
3501,0.0,0.0,20.83,0.0
2051,10.0,0.1,21.1,4.31
2625,5.0,0.05,15.28,1.56
4389,0.0,0.0,20.13,0.0
340,0.0,0.0,25.27,0.0
3898,0.0,0.0,25.79,0.0
3691,10.0,0.1,10.95,2.24
2974,0.0,0.0,27.95,0.0
266,0.0,0.0,24.92,0.0
2425,0.0,0.0,12.54,0.0
1263,0.0,0.0,20.94,0.0
1772,0.0,0.0,22.21,0.0
3512,0.0,0.0,19.21,0.0
272,5.0,0.05,15.88,1.62
697,0.0,0.0,21.26,0.0
748,5.0,0.05,16.45,1.69
245,5.0,0.05,30.22,3.1
318,0.0,0.0,19.72,0.0
477,0.0,0.0,25.02,0.0
2033,0.0,0.0,17.89,0.0
958,5.0,0.05,18.32,1.88
3835,5.0,0.05,20.36,2.08
814,0.0,0.0,16.51,0.0
4181,0.0,0.0,14.31,0.0
1915,0.0,0.0,14.83,0.0
4613,0.0,0.0,22.13,0.0
3488,0.0,0.0,15.83,0.0
1298,0.0,0.0,24.41,0.0
4049,0.0,0.0,18.91,0.0
1805,0.0,0.0,23.19,0.0
759,10.0,0.1,18.1,3.7
251,15.0,0.15,11.6,3.54
2462,0.0,0.0,16.27,0.0
546,0.0,0.0,20.05,0.0
3242,5.0,0.05,9.39,0.96
739,5.0,0.05,12.36,1.27
311,0.0,0.0,16.49,0.0
3886,0.0,0.0,16.08,0.0
2942,0.0,0.0,13.99,0.0
1132,0.0,0.0,17.75,0.0
1450,0.0,0.0,24.62,0.0
4930,0.0,0.0,18.66,0.0
16,0.0,0.0,25.47,0.0
3233,20.0,0.2,7.61,3.08
2770,0.0,0.0,20.86,0.0
3469,0.0,0.0,21.19,0.0
921,0.0,0.0,11.76,0.0
3030,10.0,0.1,19.73,4.03
1373,0.0,0.0,16.27,0.0
3588,0.0,0.0,18.9,0.0
2545,0.0,0.0,20.1,0.0
3599,0.0,0.0,13.88,0.0
39,20.0,0.2,11.78,4.79
364,15.0,0.15,9.41,2.87
4111,5.0,0.05,17.2,1.76
183,5.0,0.05,17.89,1.83
3034,0.0,0.0,20.88,0.0
2984,0.0,0.0,18.61,0.0
1195,0.0,0.0,26.29,0.0
2853,5.0,0.05,24.39,2.5
3785,0.0,0.0,15.26,0.0
1122,5.0,0.05,27.85,2.85
2236,5.0,0.05,21.58,2.21
2668,0.0,0.0,18.77,0.0
3718,5.0,0.05,25.47,2.61
3224,5.0,0.05,25.23,2.59
1183,30.0,0.3,4.99,3.0
4194,0.0,0.0,21.08,0.0
4304,0.0,0.0,19.71,0.0
615,0.0,0.0,19.19,0.0
4919,0.0,0.0,17.86,0.0
1467,0.0,0.0,20.19,0.0
402,0.0,0.0,17.86,0.0
3043,0.0,0.0,17.3,0.0
935,25.0,0.25,14.62,7.41
2420,0.0,0.0,10.83,0.0
4048,0.0,0.0,23.82,0.0
4525,10.0,0.1,14.78,3.02
2642,5.0,0.05,10.49,1.07
4036,5.0,0.05,19.36,1.98
727,0.0,0.0,7.74,0.0
827,0.0,0.0,24.89,0.0
1522,0.0,0.0,26.89,0.0
4755,0.0,0.0,17.39,0.0
2931,5.0,0.05,14.83,1.52
137,0.0,0.0,18.06,0.0
3591,0.0,0.0,12.83,0.0
629,0.0,0.0,23.07,0.0
335,0.0,0.0,26.9,0.0
391,0.0,0.0,18.5,0.0
4398,0.0,0.0,24.19,0.0
4886,10.0,0.1,15.41,3.14
4208,0.0,0.0,20.66,0.0
1818,0.0,0.0,20.69,0.0
401,0.0,0.0,18.72,0.0
711,5.0,0.05,20.81,2.13
1040,0.0,0.0,17.02,0.0
4292,20.0,0.2,12.95,5.26
3360,15.0,0.15,17.76,5.43
47,0.0,0.0,23.18,0.0
1562,0.0,0.0,17.23,0.0
4810,0.0,0.0,20.09,0.0
3643,0.0,0.0,23.46,0.0
3727,5.0,0.05,28.62,2.93
4854,5.0,0.05,15.89,1.63
1113,0.0,0.0,20.81,0.0
2514,0.0,0.0,22.25,0.0
3609,10.0,0.1,19.62,4.0
1224,5.0,0.05,20.1,2.06
4079,5.0,0.05,13.52,1.38
3024,15.0,0.15,18.46,5.64
2422,0.0,0.0,25.9,0.0
1509,0.0,0.0,21.78,0.0
1751,5.0,0.05,16.81,1.72
4848,0.0,0.0,25.74,0.0
4106,5.0,0.05,20.69,2.12
1800,0.0,0.0,22.98,0.0
339,0.0,0.0,16.03,0.0
216,0.0,0.0,20.53,0.0
3664,5.0,0.05,19.92,2.04
1342,5.0,0.05,20.13,2.06
12,0.0,0.0,16.14,0.0
1521,5.0,0.05,21.26,2.18
3641,10.0,0.1,12.71,2.6
3956,5.0,0.05,15.05,1.54
3794,0.0,0.0,14.93,0.0
3005,0.0,0.0,15.33,0.0
2865,5.0,0.05,16.69,1.71
3116,0.0,0.0,17.75,0.0
4851,10.0,0.1,9.67,1.97
2323,5.0,0.05,28.68,2.94
2572,5.0,0.05,20.94,2.15
2914,10.0,0.1,6.89,1.41
102,0.0,0.0,29.72,0.0
3550,5.0,0.05,26.68,2.73
1459,0.0,0.0,17.0,0.0
172,0.0,0.0,21.89,0.0
108,0.0,0.0,22.54,0.0
4206,0.0,0.0,19.36,0.0
3570,15.0,0.15,18.49,5.65
4306,5.0,0.05,21.53,2.21
4082,0.0,0.0,23.3,0.0
3880,5.0,0.05,17.98,1.84
4690,5.0,0.05,15.3,1.57
4089,25.0,0.25,10.87,5.51
61,5.0,0.05,15.4,1.58
1241,0.0,0.0,23.08,0.0
4648,0.0,0.0,27.05,0.0
1041,5.0,0.05,15.72,1.61
4197,0.0,0.0,13.94,0.0
2761,0.0,0.0,13.14,0.0
2121,0.0,0.0,21.93,0.0
1525,5.0,0.05,14.86,1.52
3522,10.0,0.1,12.8,2.62
154,0.0,0.0,24.46,0.0
2249,0.0,0.0,19.51,0.0
482,0.0,0.0,18.83,0.0
4243,0.0,0.0,11.67,0.0
4316,0.0,0.0,17.83,0.0
3579,0.0,0.0,31.35,0.0
4490,0.0,0.0,12.6,0.0
3563,15.0,0.15,14.63,4.47
3316,15.0,0.15,14.39,4.4
1763,0.0,0.0,18.47,0.0
3539,5.0,0.05,21.87,2.24
4814,0.0,0.0,15.67,0.0
751,0.0,0.0,20.83,0.0
3620,0.0,0.0,16.56,0.0
1786,10.0,0.1,14.63,2.99
4281,0.0,0.0,18.76,0.0
3384,10.0,0.1,14.94,3.05
4148,0.0,0.0,14.71,0.0
406,5.0,0.05,25.27,2.59
758,0.0,0.0,18.62,0.0
2712,0.0,0.0,18.92,0.0
2671,10.0,0.1,17.94,3.66
4002,0.0,0.0,17.16,0.0
98,0.0,0.0,29.57,0.0
1334,0.0,0.0,22.52,0.0
4462,0.0,0.0,17.92,0.0
2792,10.0,0.1,13.5,2.76
2855,0.0,0.0,11.99,0.0
187,0.0,0.0,23.32,0.0
4404,0.0,0.0,27.03,0.0
2724,5.0,0.05,16.05,1.64
3584,0.0,0.0,11.64,0.0
2059,5.0,0.05,26.63,2.73
1320,0.0,0.0,20.39,0.0
149,5.0,0.05,21.35,2.19
29,0.0,0.0,25.79,0.0
4150,0.0,0.0,16.71,0.0
4220,5.0,0.05,20.5,2.1
3364,0.0,0.0,19.64,0.0
693,0.0,0.0,18.79,0.0
2867,5.0,0.05,19.9,2.04
3777,0.0,0.0,20.05,0.0
1387,0.0,0.0,23.77,0.0
1846,0.0,0.0,17.05,0.0
4741,5.0,0.05,27.59,2.83
130,0.0,0.0,20.71,0.0
1600,0.0,0.0,17.39,0.0
3630,0.0,0.0,20.71,0.0
4514,0.0,0.0,17.63,0.0
702,0.0,0.0,17.97,0.0
4418,0.0,0.0,20.22,0.0
3029,0.0,0.0,17.93,0.0
2970,5.0,0.05,25.8,2.64
4367,0.0,0.0,24.16,0.0
1709,0.0,0.0,22.46,0.0
2954,0.0,0.0,19.41,0.0
455,5.0,0.05,18.51,1.9
2869,0.0,0.0,20.2,0.0
2041,15.0,0.15,17.3,5.28
1773,0.0,0.0,21.11,0.0
2316,5.0,0.05,14.43,1.48
610,0.0,0.0,22.16,0.0
168,0.0,0.0,16.25,0.0
731,5.0,0.05,18.1,1.85
4259,0.0,0.0,17.03,0.0
3359,0.0,0.0,23.47,0.0
2075,5.0,0.05,18.01,1.84
4700,0.0,0.0,29.14,0.0
3701,10.0,0.1,12.04,2.45
1623,0.0,0.0,21.9,0.0
588,0.0,0.0,22.28,0.0
1402,0.0,0.0,21.47,0.0
3046,5.0,0.05,20.06,2.06
3225,0.0,0.0,27.69,0.0
1701,0.0,0.0,16.52,0.0
3089,5.0,0.05,16.07,1.65
4401,0.0,0.0,15.88,0.0
2982,0.0,0.0,22.27,0.0
41,5.0,0.05,13.34,1.37
1380,0.0,0.0,22.97,0.0
2090,0.0,0.0,20.89,0.0
2176,0.0,0.0,29.07,0.0
3218,0.0,0.0,10.52,0.0
2886,5.0,0.05,12.06,1.23
75,0.0,0.0,21.32,0.0
3928,15.0,0.15,12.12,3.7
3909,5.0,0.05,17.08,1.75
2658,0.0,0.0,13.6,0.0
3181,0.0,0.0,11.87,0.0
2077,5.0,0.05,18.09,1.85
442,20.0,0.2,19.04,7.74
4070,5.0,0.05,15.15,1.55
2052,0.0,0.0,25.23,0.0
2542,0.0,0.0,16.41,0.0
3307,10.0,0.1,13.63,2.79
1302,0.0,0.0,12.62,0.0
1782,0.0,0.0,20.91,0.0
4825,10.0,0.1,16.28,3.32
3431,0.0,0.0,19.57,0.0
1305,0.0,0.0,29.88,0.0
237,0.0,0.0,12.82,0.0
2600,0.0,0.0,24.4,0.0
521,0.0,0.0,21.87,0.0
2574,0.0,0.0,26.21,0.0
3281,0.0,0.0,18.87,0.0
3187,0.0,0.0,18.71,0.0
2769,0.0,0.0,20.82,0.0
736,5.0,0.05,12.47,1.28
4714,0.0,0.0,21.75,0.0
4940,0.0,0.0,17.54,0.0
2107,0.0,0.0,22.81,0.0
2680,0.0,0.0,19.49,0.0
3230,0.0,0.0,17.28,0.0
2762,0.0,0.0,19.59,0.0
593,0.0,0.0,24.02,0.0
1304,5.0,0.05,16.14,1.65
1388,5.0,0.05,8.87,0.91
4706,0.0,0.0,24.29,0.0
4537,0.0,0.0,18.47,0.0
3966,0.0,0.0,15.2,0.0
1891,0.0,0.0,10.18,0.0
2988,0.0,0.0,16.14,0.0
4935,0.0,0.0,18.98,0.0
3298,5.0,0.05,17.64,1.81
905,0.0,0.0,17.41,0.0
4620,20.0,0.2,13.45,5.47
1280,5.0,0.05,14.03,1.44
934,0.0,0.0,18.42,0.0
4910,5.0,0.05,16.2,1.66
2309,0.0,0.0,17.09,0.0
1556,5.0,0.05,19.4,1.99
4544,30.0,0.3,12.27,7.41
3191,0.0,0.0,15.28,0.0
4452,0.0,0.0,23.06,0.0
707,0.0,0.0,20.98,0.0
4701,0.0,0.0,18.6,0.0
3071,5.0,0.05,16.13,1.65
746,0.0,0.0,25.26,0.0
3595,0.0,0.0,24.04,0.0
1940,5.0,0.05,14.73,1.51
4411,0.0,0.0,17.12,0.0
2863,5.0,0.05,11.4,1.17
4707,5.0,0.05,11.41,1.17
514,10.0,0.1,12.33,2.52
82,0.0,0.0,18.67,0.0
4987,0.0,0.0,22.36,0.0
1309,0.0,0.0,18.77,0.0
4559,10.0,0.1,20.11,4.11
915,5.0,0.05,20.15,2.06
3453,0.0,0.0,9.0,0.0
3696,0.0,0.0,24.19,0.0
4815,0.0,0.0,21.37,0.0
3157,0.0,0.0,19.13,0.0
2199,10.0,0.1,19.28,3.94
4242,0.0,0.0,18.53,0.0
775,0.0,0.0,27.78,0.0
330,0.0,0.0,18.59,0.0
2055,0.0,0.0,21.16,0.0
2002,30.0,0.3,10.04,6.09
944,0.0,0.0,6.7,0.0
823,0.0,0.0,21.66,0.0
4538,10.0,0.1,20.58,4.21
910,0.0,0.0,17.48,0.0
2517,5.0,0.05,26.28,2.69
182,0.0,0.0,20.67,0.0
165,5.0,0.05,13.69,1.4
1524,0.0,0.0,20.68,0.0
452,5.0,0.05,11.6,1.19
2539,0.0,0.0,21.35,0.0
4689,10.0,0.1,13.61,2.78
4786,0.0,0.0,19.89,0.0
1312,5.0,0.05,25.5,2.61
3150,5.0,0.05,21.17,2.17
1112,0.0,0.0,21.39,0.0
4558,0.0,0.0,15.01,0.0
3875,0.0,0.0,12.89,0.0
3490,0.0,0.0,20.66,0.0
1288,5.0,0.05,16.35,1.67
4546,10.0,0.1,18.69,3.82
4656,5.0,0.05,11.2,1.15
3681,5.0,0.05,15.88,1.62
4341,0.0,0.0,15.92,0.0
4178,5.0,0.05,11.29,1.16
3301,0.0,0.0,19.6,0.0
3311,0.0,0.0,18.98,0.0
4567,0.0,0.0,12.46,0.0
3126,10.0,0.1,13.08,2.67
328,5.0,0.05,21.08,2.16
1791,0.0,0.0,8.92,0.0
2491,25.0,0.25,14.35,7.28
2007,25.0,0.25,9.85,4.98
2008,0.0,0.0,18.61,0.0
1859,0.0,0.0,32.82,0.0
4696,0.0,0.0,24.87,0.0
313,0.0,0.0,25.74,0.0
833,0.0,0.0,12.1,0.0
3080,0.0,0.0,23.16,0.0
4728,15.0,0.15,15.93,4.87
3463,15.0,0.15,11.14,3.4
1202,20.0,0.2,15.54,6.3
4402,5.0,0.05,20.02,2.05
3548,0.0,0.0,27.81,0.0
4012,0.0,0.0,14.66,0.0
2135,0.0,0.0,9.49,0.0
3452,0.0,0.0,23.3,0.0
2210,5.0,0.05,19.2,1.97
1902,0.0,0.0,29.89,0.0
1482,5.0,0.05,15.44,1.58
778,5.0,0.05,19.03,1.95
800,10.0,0.1,17.5,3.57
3715,5.0,0.05,17.84,1.83
3943,0.0,0.0,24.08,0.0
55,5.0,0.05,14.78,1.51
2973,10.0,0.1,15.68,3.2
3336,0.0,0.0,15.57,0.0
1921,0.0,0.0,23.3,0.0
3716,5.0,0.05,31.8,3.26
4657,0.0,0.0,19.87,0.0
947,0.0,0.0,21.97,0.0
1702,0.0,0.0,19.36,0.0
3294,5.0,0.05,19.95,2.04
2162,0.0,0.0,11.1,0.0
1137,5.0,0.05,14.55,1.49
988,5.0,0.05,14.17,1.45
2550,5.0,0.05,15.87,1.62
194,0.0,0.0,25.55,0.0
3058,5.0,0.05,29.34,3.01
3247,15.0,0.15,14.12,4.31
1395,0.0,0.0,25.45,0.0
2638,0.0,0.0,20.02,0.0
769,0.0,0.0,14.18,0.0
4713,0.0,0.0,21.34,0.0
3091,5.0,0.05,21.9,2.24
3496,5.0,0.05,13.64,1.4
3216,0.0,0.0,15.61,0.0
286,0.0,0.0,17.05,0.0
4949,5.0,0.05,28.55,2.93
429,0.0,0.0,22.08,0.0
4459,0.0,0.0,19.96,0.0
2333,0.0,0.0,21.67,0.0
2718,0.0,0.0,20.94,0.0
2080,30.0,0.3,7.49,4.53
3390,0.0,0.0,20.79,0.0
723,0.0,0.0,15.87,0.0
952,0.0,0.0,22.6,0.0
4394,0.0,0.0,16.63,0.0
4377,15.0,0.15,11.9,3.63
2263,0.0,0.0,19.76,0.0
990,0.0,0.0,19.47,0.0
3213,0.0,0.0,18.99,0.0
1760,0.0,0.0,21.34,0.0
4117,0.0,0.0,17.74,0.0
327,0.0,0.0,21.77,0.0
2609,5.0,0.05,26.14,2.68
1384,5.0,0.05,11.88,1.22
1725,5.0,0.05,25.67,2.63
1087,5.0,0.05,16.44,1.68
2524,5.0,0.05,13.99,1.43
342,0.0,0.0,26.66,0.0
3702,0.0,0.0,14.0,0.0
148,0.0,0.0,13.07,0.0
689,0.0,0.0,18.37,0.0
3433,25.0,0.25,14.53,7.37
1108,0.0,0.0,21.63,0.0
849,0.0,0.0,26.38,0.0
967,5.0,0.05,15.05,1.54
4993,10.0,0.1,14.91,3.04
1493,15.0,0.15,8.57,2.61
3954,0.0,0.0,22.81,0.0
2204,5.0,0.05,20.03,2.05
2714,0.0,0.0,25.24,0.0
662,5.0,0.05,24.8,2.54
1003,0.0,0.0,17.66,0.0
63,0.0,0.0,24.58,0.0
285,0.0,0.0,17.28,0.0
2225,0.0,0.0,11.69,0.0
4717,5.0,0.05,16.1,1.65
1880,0.0,0.0,10.48,0.0
3573,10.0,0.1,14.08,2.88
4868,0.0,0.0,18.44,0.0
1204,5.0,0.05,17.42,1.78
1991,15.0,0.15,18.72,5.72
25,5.0,0.05,17.1,1.75
4863,0.0,0.0,20.31,0.0
4112,5.0,0.05,20.11,2.06
4177,0.0,0.0,22.76,0.0
763,0.0,0.0,23.21,0.0
876,0.0,0.0,17.66,0.0
4753,10.0,0.1,18.48,3.77
939,5.0,0.05,17.98,1.84
2688,0.0,0.0,16.39,0.0
3601,5.0,0.05,18.99,1.94
2395,0.0,0.0,8.21,0.0
4578,10.0,0.1,19.5,3.99
4991,5.0,0.05,15.7,1.61
4134,0.0,0.0,21.85,0.0
4575,5.0,0.05,22.06,2.26
386,5.0,0.05,22.8,2.33
4592,5.0,0.05,18.1,1.85
4580,0.0,0.0,21.62,0.0
537,25.0,0.25,13.19,6.67
4676,10.0,0.1,19.69,4.02
3508,0.0,0.0,21.91,0.0
202,0.0,0.0,19.15,0.0
1333,0.0,0.0,15.39,0.0
3503,5.0,0.05,13.66,1.4
2709,0.0,0.0,20.86,0.0
4022,0.0,0.0,18.65,0.0
1855,10.0,0.1,20.24,4.14
4480,5.0,0.05,16.42,1.68
2873,0.0,0.0,16.64,0.0
3031,5.0,0.05,19.35,1.98
1206,5.0,0.05,10.29,1.05
1646,0.0,0.0,15.29,0.0
3418,0.0,0.0,22.65,0.0
3477,5.0,0.05,11.51,1.18
2862,0.0,0.0,20.52,0.0
1793,0.0,0.0,26.32,0.0
3798,0.0,0.0,20.33,0.0
3369,5.0,0.05,21.14,2.17
3368,5.0,0.05,19.28,1.98
3534,0.0,0.0,17.89,0.0
3450,0.0,0.0,25.97,0.0
604,0.0,0.0,15.32,0.0
3057,0.0,0.0,17.69,0.0
4371,5.0,0.05,18.54,1.9
127,0.0,0.0,18.77,0.0
3877,5.0,0.05,19.78,2.03
2936,0.0,0.0,5.19,0.0
3532,0.0,0.0,23.58,0.0
2731,0.0,0.0,20.85,0.0
828,5.0,0.05,25.14,2.58
1640,5.0,0.05,15.7,1.61
985,0.0,0.0,15.7,0.0
3282,10.0,0.1,13.66,2.79
4982,0.0,0.0,24.44,0.0
2189,0.0,0.0,16.2,0.0
4623,25.0,0.25,8.71,4.42
2444,0.0,0.0,11.39,0.0
363,0.0,0.0,23.93,0.0
2350,0.0,0.0,17.83,0.0
346,0.0,0.0,21.76,0.0
815,0.0,0.0,21.43,0.0
3206,15.0,0.15,14.57,4.46
4170,0.0,0.0,26.79,0.0
4806,0.0,0.0,14.6,0.0
3326,0.0,0.0,20.83,0.0
4107,5.0,0.05,14.46,1.48
2117,5.0,0.05,19.74,2.02
1835,5.0,0.05,24.11,2.47
794,0.0,0.0,18.84,0.0
4957,0.0,0.0,21.16,0.0
2675,0.0,0.0,15.73,0.0
95,0.0,0.0,22.02,0.0
3757,10.0,0.1,20.44,4.18
2892,0.0,0.0,23.1,0.0
2372,0.0,0.0,22.59,0.0
4420,5.0,0.05,17.58,1.8
4443,0.0,0.0,21.8,0.0
3229,5.0,0.05,17.12,1.75
2854,20.0,0.2,9.63,3.91
2913,0.0,0.0,18.67,0.0
1866,0.0,0.0,20.31,0.0
1858,0.0,0.0,18.43,0.0
2646,0.0,0.0,21.45,0.0
2244,0.0,0.0,7.9,0.0
2337,5.0,0.05,33.68,3.45
951,5.0,0.05,12.6,1.29
3069,5.0,0.05,26.2,2.68
1121,0.0,0.0,24.06,0.0
2598,5.0,0.05,16.3,1.67
2205,5.0,0.05,25.56,2.62
420,0.0,0.0,8.14,0.0
923,5.0,0.05,27.23,2.79
1255,0.0,0.0,15.81,0.0
478,5.0,0.05,20.35,2.09
2036,5.0,0.05,15.06,1.54
1203,5.0,0.05,17.38,1.78
2627,5.0,0.05,18.45,1.89
4829,0.0,0.0,10.04,0.0
1971,0.0,0.0,26.45,0.0
3111,5.0,0.05,16.18,1.66
4019,0.0,0.0,18.44,0.0
2152,0.0,0.0,18.99,0.0
3688,0.0,0.0,17.19,0.0
1998,0.0,0.0,9.42,0.0
4034,0.0,0.0,23.25,0.0
3055,5.0,0.05,11.01,1.13
1249,0.0,0.0,23.01,0.0
2193,0.0,0.0,21.94,0.0
2713,0.0,0.0,20.88,0.0
993,0.0,0.0,22.18,0.0
2191,5.0,0.05,16.15,1.65
3763,5.0,0.05,24.99,2.56
3598,5.0,0.05,12.45,1.28
1319,0.0,0.0,19.68,0.0
1864,0.0,0.0,23.5,0.0
2344,10.0,0.1,12.75,2.61
2450,0.0,0.0,21.08,0.0
2137,5.0,0.05,18.68,1.91
1066,5.0,0.05,17.98,1.84
4971,0.0,0.0,17.12,0.0
2622,0.0,0.0,14.62,0.0
78,5.0,0.05,17.71,1.81
2899,0.0,0.0,18.31,0.0
1315,0.0,0.0,24.15,0.0
4383,0.0,0.0,17.06,0.0
873,10.0,0.1,13.76,2.81
3851,5.0,0.05,23.83,2.44
4798,0.0,0.0,24.27,0.0
2966,30.0,0.3,10.02,6.07
3392,0.0,0.0,20.18,0.0
2561,0.0,0.0,18.35,0.0
4907,5.0,0.05,28.1,2.88
2636,0.0,0.0,25.54,0.0
3531,5.0,0.05,32.91,3.37
376,0.0,0.0,25.49,0.0
1909,0.0,0.0,15.8,0.0
4343,0.0,0.0,26.23,0.0
4832,0.0,0.0,18.9,0.0
4028,0.0,0.0,11.21,0.0
1605,0.0,0.0,25.14,0.0
1119,0.0,0.0,20.81,0.0
3678,0.0,0.0,22.68,0.0
3491,0.0,0.0,23.16,0.0
4875,10.0,0.1,14.12,2.89
2959,0.0,0.0,17.07,0.0
1995,5.0,0.05,14.92,1.53
4966,0.0,0.0,16.07,0.0
4366,0.0,0.0,23.37,0.0
2377,0.0,0.0,14.85,0.0
1343,0.0,0.0,24.66,0.0
321,0.0,0.0,21.95,0.0
1620,5.0,0.05,17.96,1.84
3714,0.0,0.0,15.96,0.0
2061,0.0,0.0,19.93,0.0
2220,0.0,0.0,16.82,0.0
1674,10.0,0.1,13.42,2.74
261,0.0,0.0,16.81,0.0
4428,0.0,0.0,12.85,0.0
2040,0.0,0.0,11.47,0.0
902,0.0,0.0,20.76,0.0
3745,5.0,0.05,22.11,2.26
2027,0.0,0.0,16.93,0.0
4235,0.0,0.0,20.66,0.0
1918,0.0,0.0,22.84,0.0
1829,15.0,0.15,12.97,3.96
1574,20.0,0.2,14.46,5.89
4405,10.0,0.1,16.16,3.3
4209,5.0,0.05,15.38,1.57
225,5.0,0.05,19.16,1.96
724,0.0,0.0,18.99,0.0
4686,0.0,0.0,11.73,0.0
1142,0.0,0.0,11.94,0.0
2763,5.0,0.05,14.71,1.5
847,0.0,0.0,30.35,0.0
2552,0.0,0.0,21.56,0.0
2929,0.0,0.0,16.19,0.0
118,30.0,0.3,10.71,6.5
646,0.0,0.0,13.88,0.0
4,0.0,0.0,21.3,0.0
4171,0.0,0.0,19.96,0.0
468,0.0,0.0,31.42,0.0
6,5.0,0.05,16.22,1.66
920,0.0,0.0,17.76,0.0
2596,5.0,0.05,14.28,1.46
1064,0.0,0.0,17.79,0.0
2591,0.0,0.0,16.07,0.0
243,0.0,0.0,15.64,0.0
1161,0.0,0.0,22.12,0.0
2871,0.0,0.0,18.49,0.0
3736,0.0,0.0,16.8,0.0
2398,0.0,0.0,12.69,0.0
3518,5.0,0.05,15.91,1.63
3422,0.0,0.0,14.99,0.0
2564,0.0,0.0,20.04,0.0
1606,0.0,0.0,11.77,0.0
4839,0.0,0.0,19.7,0.0
2325,0.0,0.0,14.65,0.0
2710,5.0,0.05,9.93,1.02
4409,0.0,0.0,19.22,0.0
1313,0.0,0.0,18.63,0.0
3449,5.0,0.05,16.22,1.66
3813,0.0,0.0,17.81,0.0
4666,5.0,0.05,24.25,2.48
2363,20.0,0.2,13.13,5.32
1976,5.0,0.05,13.87,1.42
3515,0.0,0.0,23.41,0.0
1762,5.0,0.05,13.69,1.4
2740,0.0,0.0,18.7,0.0
4670,5.0,0.05,12.64,1.3
2473,5.0,0.05,13.24,1.36
4008,5.0,0.05,20.84,2.13
1494,10.0,0.1,13.79,2.81
4207,0.0,0.0,22.87,0.0
2159,0.0,0.0,19.12,0.0
1170,5.0,0.05,19.93,2.04
4527,0.0,0.0,15.94,0.0
233,10.0,0.1,14.89,3.04
67,5.0,0.05,15.93,1.63
1604,0.0,0.0,20.46,0.0
3284,15.0,0.15,20.29,6.2
3597,5.0,0.05,14.91,1.53
126,5.0,0.05,23.49,2.41
1297,5.0,0.05,12.21,1.25
1977,0.0,0.0,16.13,0.0
4528,0.0,0.0,18.49,0.0
4534,15.0,0.15,14.3,4.37
2076,0.0,0.0,11.87,0.0
3087,0.0,0.0,21.95,0.0
4356,0.0,0.0,16.03,0.0
3346,5.0,0.05,13.53,1.39
4920,0.0,0.0,23.85,0.0
2798,0.0,0.0,16.47,0.0
919,0.0,0.0,18.7,0.0
1647,0.0,0.0,17.65,0.0
365,0.0,0.0,24.11,0.0
3288,0.0,0.0,25.7,0.0
2126,0.0,0.0,14.98,0.0
4124,0.0,0.0,24.36,0.0
526,0.0,0.0,15.51,0.0
56,5.0,0.05,15.3,1.57
639,10.0,0.1,18.22,3.72
303,5.0,0.05,18.17,1.86
2767,0.0,0.0,16.14,0.0
1277,5.0,0.05,15.58,1.59
2056,0.0,0.0,18.6,0.0
3645,0.0,0.0,17.82,0.0
4144,0.0,0.0,22.12,0.0
2879,0.0,0.0,7.91,0.0
4203,5.0,0.05,16.53,1.69
2287,5.0,0.05,13.74,1.41
2262,0.0,0.0,20.43,0.0
2297,5.0,0.05,22.6,2.31
1754,0.0,0.0,18.13,0.0
1969,0.0,0.0,21.18,0.0
4362,0.0,0.0,15.83,0.0
3118,0.0,0.0,19.43,0.0
2394,5.0,0.05,20.23,2.07
524,5.0,0.05,20.61,2.11
3901,5.0,0.05,27.25,2.79
3123,10.0,0.1,19.75,4.03
4157,10.0,0.1,15.84,3.23
1970,5.0,0.05,16.43,1.68
672,0.0,0.0,24.29,0.0
4189,0.0,0.0,16.46,0.0
667,0.0,0.0,18.95,0.0
4349,5.0,0.05,17.82,1.83
1888,5.0,0.05,18.4,1.89
3267,5.0,0.05,17.12,1.75
281,0.0,0.0,17.89,0.0
1720,0.0,0.0,20.88,0.0
2948,0.0,0.0,19.86,0.0
900,0.0,0.0,21.02,0.0
4861,0.0,0.0,17.59,0.0
761,0.0,0.0,30.51,0.0
1907,0.0,0.0,9.05,0.0
4043,0.0,0.0,13.72,0.0
3824,25.0,0.25,11.01,5.58
4139,5.0,0.05,10.59,1.08
3819,0.0,0.0,19.87,0.0
4301,0.0,0.0,24.93,0.0
2594,0.0,0.0,22.64,0.0
4165,5.0,0.05,19.73,2.02
3032,0.0,0.0,23.76,0.0
3580,5.0,0.05,23.3,2.39
2833,5.0,0.05,14.89,1.52
3473,0.0,0.0,24.98,0.0
138,0.0,0.0,18.98,0.0
2181,0.0,0.0,22.03,0.0
2129,0.0,0.0,15.11,0.0
3178,0.0,0.0,16.52,0.0
4378,0.0,0.0,20.15,0.0
4262,5.0,0.05,23.94,2.45
4345,5.0,0.05,15.83,1.62
1332,0.0,0.0,16.76,0.0
2018,0.0,0.0,24.24,0.0
2483,0.0,0.0,21.31,0.0
1359,0.0,0.0,23.03,0.0
1330,0.0,0.0,22.55,0.0
2151,15.0,0.15,15.37,4.69
2123,10.0,0.1,8.39,1.71
3982,5.0,0.05,15.8,1.62
1253,0.0,0.0,20.9,0.0
3279,0.0,0.0,14.36,0.0
3375,0.0,0.0,18.2,0.0
2815,30.0,0.3,4.92,2.96
1849,5.0,0.05,10.24,1.05
3038,0.0,0.0,11.33,0.0
389,0.0,0.0,19.81,0.0
236,0.0,0.0,17.73,0.0
1078,5.0,0.05,16.6,1.7
1985,15.0,0.15,12.15,3.71
4364,5.0,0.05,11.13,1.14
3963,5.0,0.05,17.36,1.78
771,0.0,0.0,23.4,0.0
2166,0.0,0.0,23.79,0.0
674,0.0,0.0,19.6,0.0
250,10.0,0.1,15.83,3.23
1575,5.0,0.05,16.47,1.68
3420,0.0,0.0,22.21,0.0
2082,0.0,0.0,25.59,0.0
1824,0.0,0.0,24.24,0.0
717,0.0,0.0,23.97,0.0
4679,20.0,0.2,14.31,5.83
2049,0.0,0.0,26.29,0.0
4179,10.0,0.1,11.64,2.37
2725,5.0,0.05,14.9,1.52
4532,30.0,0.3,13.43,8.13
1461,0.0,0.0,21.57,0.0
1669,10.0,0.1,16.99,3.47
2757,0.0,0.0,17.58,0.0
2001,0.0,0.0,18.68,0.0
405,0.0,0.0,23.0,0.0
385,0.0,0.0,23.93,0.0
4503,0.0,0.0,7.02,0.0
2153,0.0,0.0,23.1,0.0
1634,10.0,0.1,13.12,2.68
4597,5.0,0.05,24.03,2.46
3926,5.0,0.05,16.96,1.74
4159,0.0,0.0,17.83,0.0
224,10.0,0.1,12.72,2.6
2194,10.0,0.1,16.82,3.43
3137,5.0,0.05,19.36,1.98
1825,5.0,0.05,13.91,1.43
4611,5.0,0.05,13.29,1.36
798,0.0,0.0,18.74,0.0
2872,0.0,0.0,19.73,0.0
10,0.0,0.0,16.86,0.0
1945,5.0,0.05,19.17,1.96
1839,5.0,0.05,24.46,2.51
256,0.0,0.0,17.88,0.0
4519,5.0,0.05,18.11,1.85
1582,10.0,0.1,14.89,3.03
2957,0.0,0.0,19.93,0.0
925,10.0,0.1,14.76,3.01
4440,0.0,0.0,15.2,0.0
2509,0.0,0.0,15.87,0.0
3776,15.0,0.15,11.38,3.47
4137,0.0,0.0,19.4,0.0
2780,25.0,0.25,12.5,6.34
540,5.0,0.05,16.41,1.68
2746,0.0,0.0,15.94,0.0
4509,0.0,0.0,11.59,0.0
4582,0.0,0.0,15.79,0.0
1146,0.0,0.0,18.7,0.0
668,5.0,0.05,18.42,1.89
3020,0.0,0.0,14.54,0.0
358,5.0,0.05,17.69,1.81
2832,10.0,0.1,20.44,4.17
2784,10.0,0.1,20.2,4.13
1354,0.0,0.0,16.12,0.0
471,10.0,0.1,15.26,3.11
2704,0.0,0.0,11.85,0.0
3331,0.0,0.0,17.68,0.0
3638,0.0,0.0,21.7,0.0
1397,0.0,0.0,24.94,0.0
3585,0.0,0.0,20.59,0.0
4758,0.0,0.0,23.25,0.0
3377,0.0,0.0,19.13,0.0
1257,5.0,0.05,21.79,2.23
3513,0.0,0.0,19.79,0.0
1251,0.0,0.0,16.68,0.0
4818,5.0,0.05,19.76,2.02
4299,0.0,0.0,13.59,0.0
3285,0.0,0.0,22.44,0.0
2934,0.0,0.0,12.3,0.0
4176,0.0,0.0,18.35,0.0
1853,5.0,0.05,23.03,2.36
4880,0.0,0.0,21.01,0.0
2106,0.0,0.0,12.87,0.0
134,5.0,0.05,15.37,1.57
929,0.0,0.0,24.57,0.0
824,0.0,0.0,20.07,0.0
4554,5.0,0.05,14.28,1.46
1532,0.0,0.0,22.6,0.0
1215,0.0,0.0,16.53,0.0
505,0.0,0.0,21.29,0.0
4286,5.0,0.05,20.02,2.05
1997,0.0,0.0,17.59,0.0
3073,0.0,0.0,12.04,0.0
1959,0.0,0.0,17.9,0.0
1385,0.0,0.0,17.38,0.0
895,5.0,0.05,15.91,1.63
456,5.0,0.05,24.82,2.54
4647,5.0,0.05,16.37,1.67
3710,0.0,0.0,19.6,0.0
4629,5.0,0.05,28.44,2.92
4269,0.0,0.0,20.47,0.0
3523,0.0,0.0,17.19,0.0
4135,5.0,0.05,13.86,1.42
3603,25.0,0.25,8.33,4.21
714,0.0,0.0,29.32,0.0
4187,5.0,0.05,26.68,2.73
2215,25.0,0.25,9.4,4.75
2924,10.0,0.1,8.51,1.74
1811,0.0,0.0,18.23,0.0
3487,0.0,0.0,17.86,0.0
3142,0.0,0.0,23.71,0.0
1828,0.0,0.0,12.33,0.0
1156,0.0,0.0,28.0,0.0
1325,0.0,0.0,25.72,0.0
4313,5.0,0.05,18.23,1.87
511,0.0,0.0,16.47,0.0
1681,10.0,0.1,15.91,3.25
500,0.0,0.0,19.11,0.0
4547,0.0,0.0,14.83,0.0
1857,0.0,0.0,24.9,0.0
1389,5.0,0.05,16.78,1.72
3720,5.0,0.05,20.93,2.15
2387,0.0,0.0,14.91,0.0
3237,5.0,0.05,19.65,2.01
1541,5.0,0.05,15.74,1.61
1218,5.0,0.05,12.76,1.31
2682,0.0,0.0,16.19,0.0
2994,5.0,0.05,16.15,1.65
1192,0.0,0.0,29.76,0.0
1543,5.0,0.05,19.34,1.98
3302,0.0,0.0,15.33,0.0
3325,0.0,0.0,16.39,0.0
2540,5.0,0.05,20.5,2.1
954,0.0,0.0,14.98,0.0
4331,5.0,0.05,20.94,2.15
733,5.0,0.05,28.33,2.9
1157,0.0,0.0,22.51,0.0
3295,0.0,0.0,24.17,0.0
2983,0.0,0.0,24.13,0.0
2157,5.0,0.05,13.73,1.41
1063,5.0,0.05,18.75,1.92
2617,0.0,0.0,21.08,0.0
1168,5.0,0.05,5.58,0.57
3223,5.0,0.05,13.12,1.34
3637,5.0,0.05,18.85,1.93
2939,0.0,0.0,18.23,0.0
4492,0.0,0.0,14.05,0.0
3141,0.0,0.0,19.61,0.0
144,5.0,0.05,16.86,1.73
3578,5.0,0.05,20.37,2.09
2783,0.0,0.0,18.34,0.0
718,5.0,0.05,18.55,1.9
1820,10.0,0.1,19.72,4.03
2503,0.0,0.0,9.28,0.0
4361,0.0,0.0,25.69,0.0
4172,0.0,0.0,20.02,0.0
396,0.0,0.0,21.58,0.0
4847,0.0,0.0,24.53,0.0
4493,0.0,0.0,9.49,0.0
1366,0.0,0.0,22.72,0.0
4569,0.0,0.0,22.68,0.0
596,0.0,0.0,21.07,0.0
3953,0.0,0.0,20.74,0.0
2915,0.0,0.0,14.5,0.0
2327,0.0,0.0,18.76,0.0
3767,0.0,0.0,20.91,0.0
3441,5.0,0.05,17.2,1.76
3852,5.0,0.05,13.01,1.33
4133,0.0,0.0,26.43,0.0
4602,5.0,0.05,17.83,1.83
2144,0.0,0.0,23.27,0.0
1572,5.0,0.05,12.72,1.3
4080,25.0,0.25,13.86,7.02
1123,20.0,0.2,12.06,4.9
2787,5.0,0.05,11.71,1.2
2968,5.0,0.05,18.63,1.91
2505,0.0,0.0,24.27,0.0
3466,5.0,0.05,26.77,2.74
676,0.0,0.0,20.49,0.0
2809,0.0,0.0,23.54,0.0
3349,0.0,0.0,17.63,0.0
729,5.0,0.05,19.22,1.97
413,10.0,0.1,14.33,2.93
3147,0.0,0.0,22.44,0.0
1517,0.0,0.0,21.97,0.0
826,0.0,0.0,16.56,0.0
3268,30.0,0.3,12.59,7.61
3975,0.0,0.0,16.38,0.0
617,0.0,0.0,20.38,0.0
115,0.0,0.0,31.18,0.0
418,0.0,0.0,28.03,0.0
3070,5.0,0.05,19.65,2.01
1626,20.0,0.2,20.45,8.31
4961,30.0,0.3,6.13,3.71
4186,0.0,0.0,20.94,0.0
2897,0.0,0.0,13.4,0.0
4682,0.0,0.0,23.75,0.0
2083,0.0,0.0,21.79,0.0
754,0.0,0.0,24.78,0.0
2547,0.0,0.0,22.25,0.0
3970,0.0,0.0,18.62,0.0
3374,0.0,0.0,18.86,0.0
4108,0.0,0.0,14.93,0.0
2445,0.0,0.0,14.28,0.0
4381,5.0,0.05,24.34,2.49
1067,0.0,0.0,17.06,0.0
3914,0.0,0.0,12.11,0.0
3499,0.0,0.0,20.87,0.0
2739,0.0,0.0,24.75,0.0
4001,0.0,0.0,21.13,0.0
1569,0.0,0.0,15.18,0.0
2428,5.0,0.05,10.05,1.03
3747,0.0,0.0,18.44,0.0
4650,0.0,0.0,20.3,0.0
1688,0.0,0.0,20.93,0.0
852,0.0,0.0,19.07,0.0
3547,5.0,0.05,19.78,2.03
896,0.0,0.0,21.11,0.0
4593,5.0,0.05,19.21,1.97
336,10.0,0.1,15.76,3.22
2840,0.0,0.0,20.19,0.0
3088,5.0,0.05,12.49,1.28
1349,0.0,0.0,21.09,0.0
1016,5.0,0.05,14.66,1.5
2817,5.0,0.05,14.79,1.51
1632,0.0,0.0,16.6,0.0
2490,0.0,0.0,15.18,0.0
3731,0.0,0.0,17.85,0.0
3252,0.0,0.0,13.78,0.0
4645,0.0,0.0,26.2,0.0
2071,0.0,0.0,17.6,0.0
4453,0.0,0.0,23.9,0.0
4893,20.0,0.2,13.75,5.59
1636,0.0,0.0,19.37,0.0
2480,0.0,0.0,17.95,0.0
2266,5.0,0.05,18.4,1.88
2960,0.0,0.0,20.97,0.0
4742,0.0,0.0,18.75,0.0
3060,0.0,0.0,25.06,0.0
2142,5.0,0.05,16.15,1.65
3119,0.0,0.0,17.27,0.0
4757,0.0,0.0,24.54,0.0
4046,0.0,0.0,21.03,0.0
3357,5.0,0.05,16.98,1.74
2745,0.0,0.0,14.76,0.0
3507,0.0,0.0,23.0,0.0
1680,0.0,0.0,15.78,0.0
4250,0.0,0.0,30.4,0.0
3148,0.0,0.0,14.24,0.0
2295,0.0,0.0,18.05,0.0
581,0.0,0.0,16.4,0.0
1471,5.0,0.05,18.92,1.94
4071,0.0,0.0,20.13,0.0
3344,0.0,0.0,13.17,0.0
4584,0.0,0.0,20.19,0.0
3673,0.0,0.0,26.7,0.0
560,5.0,0.05,14.51,1.49
2850,0.0,0.0,34.7,0.0
513,5.0,0.05,10.98,1.12
1082,5.0,0.05,11.3,1.16
1665,0.0,0.0,16.57,0.0
1013,5.0,0.05,17.2,1.76
1932,0.0,0.0,23.06,0.0
1151,5.0,0.05,19.42,1.99
2839,0.0,0.0,25.64,0.0
117,0.0,0.0,29.68,0.0
741,0.0,0.0,22.24,0.0
4817,0.0,0.0,19.85,0.0
3676,5.0,0.05,22.98,2.35
831,5.0,0.05,13.72,1.41
120,0.0,0.0,15.47,0.0
4790,5.0,0.05,24.2,2.48
4749,0.0,0.0,19.91,0.0
636,5.0,0.05,8.02,0.82
4466,5.0,0.05,20.04,2.05
4365,0.0,0.0,11.72,0.0
4143,5.0,0.05,17.48,1.79
992,5.0,0.05,22.31,2.29
877,0.0,0.0,25.78,0.0
5,0.0,0.0,19.51,0.0
3052,5.0,0.05,17.46,1.79
3125,0.0,0.0,15.82,0.0
2661,0.0,0.0,14.09,0.0
2492,0.0,0.0,20.3,0.0
3855,5.0,0.05,22.67,2.32
1716,5.0,0.05,14.63,1.5
1149,0.0,0.0,8.52,0.0
3262,0.0,0.0,15.53,0.0
575,0.0,0.0,22.11,0.0
3770,5.0,0.05,15.19,1.56
3737,0.0,0.0,23.65,0.0
4147,5.0,0.05,15.97,1.64
854,20.0,0.2,14.2,5.78
1983,5.0,0.05,15.71,1.61
2775,5.0,0.05,17.8,1.82
1167,0.0,0.0,29.27,0.0
972,0.0,0.0,20.58,0.0
2702,5.0,0.05,15.25,1.56
4496,0.0,0.0,22.48,0.0
3848,0.0,0.0,14.39,0.0
2369,0.0,0.0,26.04,0.0
4116,10.0,0.1,5.58,1.14
4132,0.0,0.0,17.28,0.0
2951,0.0,0.0,14.86,0.0
525,0.0,0.0,22.21,0.0
2456,5.0,0.05,20.38,2.09
1842,30.0,0.3,11.01,6.63
538,0.0,0.0,21.67,0.0
2807,0.0,0.0,16.52,0.0
4342,0.0,0.0,24.36,0.0
3176,5.0,0.05,16.35,1.67
785,5.0,0.05,19.64,2.01
4058,0.0,0.0,16.7,0.0
1410,0.0,0.0,23.3,0.0
2538,5.0,0.05,14.15,1.45
155,0.0,0.0,21.58,0.0
3010,0.0,0.0,10.82,0.0
1687,5.0,0.05,21.56,2.21
2902,0.0,0.0,16.91,0.0
4960,0.0,0.0,10.32,0.0
3864,0.0,0.0,16.4,0.0
2734,5.0,0.05,13.01,1.33
1896,30.0,0.3,11.44,6.92
570,0.0,0.0,14.61,0.0
1817,0.0,0.0,17.79,0.0
2066,0.0,0.0,20.29,0.0
128,0.0,0.0,23.46,0.0
3395,0.0,0.0,21.17,0.0
3328,0.0,0.0,20.72,0.0
4997,5.0,0.05,22.6,2.31
2976,0.0,0.0,15.45,0.0
981,5.0,0.05,15.82,1.62
2301,5.0,0.05,12.36,1.27
191,0.0,0.0,22.23,0.0
1140,0.0,0.0,22.69,0.0
700,0.0,0.0,9.13,0.0
4791,0.0,0.0,17.8,0.0
607,5.0,0.05,15.59,1.6
4277,0.0,0.0,24.94,0.0
302,10.0,0.1,14.81,3.02
3421,5.0,0.05,17.31,1.77
4831,5.0,0.05,15.51,1.59
1061,0.0,0.0,13.08,0.0
2566,0.0,0.0,12.03,0.0
1070,10.0,0.1,13.61,2.78
2525,0.0,0.0,16.68,0.0
2206,5.0,0.05,12.21,1.25
1244,0.0,0.0,20.91,0.0
17,0.0,0.0,15.05,0.0
3121,0.0,0.0,25.27,0.0
4643,10.0,0.1,18.38,3.75
816,20.0,0.2,19.53,7.94
3068,0.0,0.0,16.84,0.0
4795,10.0,0.1,20.21,4.13
960,0.0,0.0,25.02,0.0
226,0.0,0.0,22.55,0.0
3355,0.0,0.0,18.31,0.0
2486,0.0,0.0,18.81,0.0
563,0.0,0.0,20.25,0.0
3437,5.0,0.05,19.27,1.97
1694,0.0,0.0,18.46,0.0
1046,0.0,0.0,9.49,0.0
3447,0.0,0.0,22.66,0.0
4566,0.0,0.0,21.12,0.0
955,5.0,0.05,14.88,1.52
4996,5.0,0.05,18.49,1.89
2736,15.0,0.15,15.21,4.64
4914,0.0,0.0,20.42,0.0
4736,20.0,0.2,12.56,5.1
4834,10.0,0.1,14.72,3.0
1219,0.0,0.0,25.83,0.0
1528,5.0,0.05,13.79,1.41
3988,5.0,0.05,14.86,1.52
1301,0.0,0.0,24.86,0.0
4902,0.0,0.0,16.83,0.0
161,20.0,0.2,8.28,3.35
4068,0.0,0.0,32.5,0.0
957,5.0,0.05,15.94,1.63
3792,0.0,0.0,21.38,0.0
3235,5.0,0.05,19.18,1.96
2870,5.0,0.05,16.85,1.73
3778,10.0,0.1,15.83,3.23
4434,0.0,0.0,19.83,0.0
2962,0.0,0.0,14.64,0.0
2201,0.0,0.0,21.83,0.0
99,5.0,0.05,11.18,1.15
2558,0.0,0.0,28.19,0.0
3184,0.0,0.0,23.04,0.0
254,0.0,0.0,22.06,0.0
3924,0.0,0.0,18.99,0.0
4200,0.0,0.0,14.27,0.0
1446,5.0,0.05,19.32,1.98
1649,0.0,0.0,23.59,0.0
4683,0.0,0.0,23.15,0.0
4724,0.0,0.0,20.73,0.0
3992,0.0,0.0,17.58,0.0
1697,0.0,0.0,13.69,0.0
3192,5.0,0.05,22.89,2.34
4500,10.0,0.1,17.27,3.53
1155,5.0,0.05,27.14,2.78
2256,25.0,0.25,14.13,7.17
1683,5.0,0.05,6.0,0.61
3171,5.0,0.05,22.1,2.26
2057,0.0,0.0,27.4,0.0
4091,5.0,0.05,14.99,1.53
3109,0.0,0.0,16.96,0.0
4549,0.0,0.0,13.07,0.0
3724,0.0,0.0,20.49,0.0
2050,0.0,0.0,16.73,0.0
3644,25.0,0.25,15.43,7.81
4938,5.0,0.05,15.3,1.57
624,0.0,0.0,12.76,0.0
263,5.0,0.05,17.07,1.75
3370,0.0,0.0,11.14,0.0
4062,0.0,0.0,23.75,0.0
1803,10.0,0.1,9.68,1.98
4737,0.0,0.0,28.01,0.0
2386,0.0,0.0,14.86,0.0
1960,0.0,0.0,18.31,0.0
2977,0.0,0.0,24.14,0.0
489,0.0,0.0,17.07,0.0
1844,15.0,0.15,11.29,3.44
1735,0.0,0.0,12.65,0.0
2912,0.0,0.0,22.09,0.0
3220,0.0,0.0,20.73,0.0
147,0.0,0.0,21.58,0.0
1987,0.0,0.0,8.71,0.0
1370,0.0,0.0,22.78,0.0
2812,5.0,0.05,19.0,1.94
660,0.0,0.0,22.35,0.0
1795,5.0,0.05,14.35,1.47
2512,0.0,0.0,13.21,0.0
3398,0.0,0.0,16.82,0.0
4283,5.0,0.05,22.67,2.32
1148,5.0,0.05,15.07,1.54
3273,0.0,0.0,28.25,0.0
609,0.0,0.0,16.99,0.0
3583,5.0,0.05,16.06,1.65
1931,0.0,0.0,18.24,0.0
198,5.0,0.05,16.4,1.68
2932,0.0,0.0,13.75,0.0
2328,5.0,0.05,15.1,1.55
4390,5.0,0.05,29.15,2.99
767,0.0,0.0,21.84,0.0
4497,0.0,0.0,19.31,0.0
4219,0.0,0.0,25.95,0.0
3256,0.0,0.0,20.46,0.0
203,0.0,0.0,11.49,0.0
3511,5.0,0.05,12.48,1.28
1734,0.0,0.0,17.99,0.0
2778,5.0,0.05,16.88,1.73
1708,0.0,0.0,25.89,0.0
3475,10.0,0.1,13.74,2.81
855,0.0,0.0,22.42,0.0
4738,5.0,0.05,21.61,2.21
4098,0.0,0.0,26.77,0.0
2161,0.0,0.0,18.05,0.0
699,5.0,0.05,12.75,1.3
4958,0.0,0.0,26.7,0.0
3000,0.0,0.0,21.5,0.0
3697,0.0,0.0,20.95,0.0
1637,0.0,0.0,15.86,0.0
3458,0.0,0.0,13.77,0.0
3582,5.0,0.05,27.1,2.78
1292,0.0,0.0,15.49,0.0
4660,0.0,0.0,22.95,0.0
1854,10.0,0.1,10.31,2.1
3764,5.0,0.05,14.31,1.47
3305,0.0,0.0,10.7,0.0
4923,5.0,0.05,24.67,2.53
3744,5.0,0.05,15.67,1.6
3446,0.0,0.0,23.8,0.0
1999,10.0,0.1,15.67,3.2
664,0.0,0.0,16.1,0.0
4780,10.0,0.1,9.8,2.0
3749,0.0,0.0,20.49,0.0
4414,0.0,0.0,11.09,0.0
4745,0.0,0.0,11.07,0.0
710,25.0,0.25,14.54,7.38
1283,5.0,0.05,15.7,1.61
2676,5.0,0.05,16.63,1.7
4030,0.0,0.0,22.46,0.0
1307,15.0,0.15,11.67,3.56
2238,5.0,0.05,12.41,1.27
3303,5.0,0.05,15.0,1.53
2039,0.0,0.0,19.37,0.0
1530,30.0,0.3,9.6,5.82
1664,5.0,0.05,14.32,1.47
4945,0.0,0.0,15.6,0.0
4964,5.0,0.05,21.12,2.17
3628,30.0,0.3,10.84,6.53
2694,5.0,0.05,20.05,2.06
3061,0.0,0.0,20.01,0.0
1598,0.0,0.0,17.04,0.0
2730,0.0,0.0,9.95,0.0
2626,0.0,0.0,18.5,0.0
3158,20.0,0.2,14.01,5.71
3315,0.0,0.0,21.8,0.0
1723,0.0,0.0,22.19,0.0
1060,0.0,0.0,21.44,0.0
4637,5.0,0.05,10.46,1.07
3243,5.0,0.05,19.7,2.02
1679,5.0,0.05,14.3,1.47
1758,0.0,0.0,19.4,0.0
4192,0.0,0.0,21.88,0.0
564,0.0,0.0,18.44,0.0
2791,0.0,0.0,15.48,0.0
864,5.0,0.05,19.4,1.99
1485,0.0,0.0,22.29,0.0
207,20.0,0.2,14.63,5.94
4489,0.0,0.0,22.76,0.0
871,0.0,0.0,21.81,0.0
4494,5.0,0.05,15.7,1.61
503,5.0,0.05,18.74,1.92
1029,5.0,0.05,18.17,1.86
3841,0.0,0.0,18.44,0.0
2691,0.0,0.0,10.72,0.0
1571,0.0,0.0,20.68,0.0
2774,0.0,0.0,23.36,0.0
2732,0.0,0.0,16.59,0.0
805,0.0,0.0,31.24,0.0
3646,5.0,0.05,13.84,1.42
2455,0.0,0.0,17.92,0.0
4599,15.0,0.15,16.47,5.03
3105,0.0,0.0,24.19,0.0
4876,5.0,0.05,20.73,2.12
201,0.0,0.0,13.21,0.0
3100,0.0,0.0,29.3,0.0
2279,0.0,0.0,18.78,0.0
3562,0.0,0.0,17.3,0.0
4475,5.0,0.05,16.74,1.71
4515,0.0,0.0,24.35,0.0
392,0.0,0.0,15.08,0.0
1496,5.0,0.05,15.69,1.61
2696,0.0,0.0,21.41,0.0
2028,0.0,0.0,14.24,0.0
2569,0.0,0.0,17.69,0.0
65,0.0,0.0,15.62,0.0
3885,0.0,0.0,14.23,0.0
2063,10.0,0.1,19.97,4.08
493,5.0,0.05,17.12,1.75
380,0.0,0.0,24.31,0.0
4860,0.0,0.0,24.62,0.0
3994,0.0,0.0,22.77,0.0
4888,5.0,0.05,25.95,2.66
1077,5.0,0.05,22.52,2.3
879,0.0,0.0,20.17,0.0
338,10.0,0.1,18.55,3.79
1017,0.0,0.0,16.56,0.0
1276,0.0,0.0,18.69,0.0
3799,0.0,0.0,19.1,0.0
4552,0.0,0.0,28.8,0.0
3343,5.0,0.05,19.21,1.97
4912,0.0,0.0,22.31,0.0
996,10.0,0.1,17.42,3.56
1982,0.0,0.0,20.29,0.0
4298,0.0,0.0,23.55,0.0
162,0.0,0.0,14.25,0.0
4799,0.0,0.0,25.15,0.0
1501,0.0,0.0,24.03,0.0
3844,0.0,0.0,20.25,0.0
2614,5.0,0.05,20.46,2.1
3462,0.0,0.0,15.41,0.0
1022,0.0,0.0,23.94,0.0
3074,0.0,0.0,24.15,0.0
3944,10.0,0.1,23.88,4.88
1586,0.0,0.0,18.44,0.0
1956,0.0,0.0,13.46,0.0
3153,0.0,0.0,25.43,0.0
35,0.0,0.0,22.48,0.0
4015,0.0,0.0,21.84,0.0
776,5.0,0.05,18.55,1.9
2557,20.0,0.2,14.45,5.88
1479,0.0,0.0,21.29,0.0
1364,0.0,0.0,18.43,0.0
2613,0.0,0.0,26.24,0.0
2825,15.0,0.15,16.67,5.1
2042,0.0,0.0,26.97,0.0
242,0.0,0.0,15.78,0.0
2062,5.0,0.05,16.86,1.73
2364,0.0,0.0,21.81,0.0
601,0.0,0.0,27.67,0.0
2436,0.0,0.0,12.5,0.0
2889,0.0,0.0,12.53,0.0
647,5.0,0.05,14.88,1.52
3891,10.0,0.1,11.43,2.34
3557,5.0,0.05,16.24,1.66
3203,0.0,0.0,20.69,0.0
1529,0.0,0.0,11.01,0.0
1268,0.0,0.0,24.34,0.0
1900,0.0,0.0,18.48,0.0
4659,0.0,0.0,22.11,0.0
3006,0.0,0.0,11.18,0.0
2735,0.0,0.0,29.82,0.0
190,5.0,0.05,16.06,1.65
1807,0.0,0.0,29.02,0.0
976,0.0,0.0,21.77,0.0
2748,0.0,0.0,20.55,0.0
2048,0.0,0.0,22.67,0.0
2559,0.0,0.0,26.83,0.0
1083,0.0,0.0,21.05,0.0
475,0.0,0.0,23.31,0.0
2905,0.0,0.0,13.36,0.0
4844,0.0,0.0,16.14,0.0
4118,0.0,0.0,9.75,0.0
3386,0.0,0.0,19.83,0.0
4556,5.0,0.05,28.97,2.97
1185,0.0,0.0,28.92,0.0
2434,15.0,0.15,14.12,4.32
2392,0.0,0.0,14.61,0.0
770,0.0,0.0,17.96,0.0
1686,0.0,0.0,10.51,0.0
131,0.0,0.0,21.42,0.0
2920,0.0,0.0,21.51,0.0
3172,20.0,0.2,10.03,4.08
3445,5.0,0.05,17.58,1.8
4427,0.0,0.0,12.24,0.0
467,0.0,0.0,21.66,0.0
3093,0.0,0.0,20.18,0.0
3773,30.0,0.3,13.59,8.23
861,5.0,0.05,18.83,1.93
