customer_id,discount,discount_fraction,predicted_revenue,discount_cost,ITE
1.0,30.0,0.3,1.887724629804833,0.0,0.1709895498011624
2.0,30.0,0.3,0.0885947312785471,0.0,0.0101622770450272
4.0,0.0,0.0,43.73,0.0,-0.0378397526052232
5.0,0.0,0.0,40.04,0.0,-0.049771762590513
6.0,30.0,0.3,0.8130048635821252,0.0,0.0815533015931513
7.0,0.0,0.0,0.0,0.0,-0.0954399019548301
10.0,30.0,0.3,0.4688734062164741,0.0,0.04517084838309
11.0,0.0,0.0,45.72,0.0,-0.0797740420095248
12.0,0.0,0.0,0.0,0.0,-0.0202499330364576
13.0,30.0,0.3,0.0072630424469801,0.0,0.000597633707478
14.0,30.0,0.3,1.9929030049514924,0.0,0.1085281819393069
16.0,0.0,0.0,0.0,0.0,-0.1433421638358901
18.0,30.0,0.3,1.0179401029088204,0.0,0.1147104014997544
20.0,30.0,0.3,0.3387184637227679,0.0,0.0367413454520846
22.0,0.0,0.0,50.59,0.0,-0.0678776696394787
23.0,0.0,0.0,45.89,0.0,-0.0830789791529199
24.0,30.0,0.3,0.5320265213016366,0.0,0.0731307933060669
26.0,30.0,0.3,0.2608082930511118,0.0,0.0267907851105405
28.0,0.0,0.0,52.42,0.0,-0.0484954024760863
30.0,30.0,0.3,0.615523729026952,0.0,0.0590940600064278
31.0,0.0,0.0,62.02,0.0,-0.0260861307530291
32.0,0.0,0.0,25.35,0.0,-0.0451000839803205
33.0,30.0,0.3,2.104097690507997,0.0,0.1660037625647335
34.0,0.0,0.0,0.0,0.0,-0.1127469692340338
35.0,0.0,0.0,0.0,0.0,-0.0434377417327831
37.0,0.0,0.0,53.75,0.0,-0.0171225723630336
38.0,30.0,0.3,0.4051394051730727,0.0,0.0371517106990438
39.0,30.0,0.3,1.042649683330572,0.0,0.145175394504396
40.0,30.0,0.3,0.5863681380634173,0.0,0.0510996198748076
42.0,30.0,0.3,0.3134527965863293,0.0,0.0267359942499428
43.0,30.0,0.3,1.286076580500208,0.0,0.0970770365715737
44.0,30.0,0.3,0.6961527571944586,0.0,0.079009505980531
45.0,30.0,0.3,1.2530985556729932,0.0,0.1183620058253512
47.0,0.0,0.0,0.0,0.0,-0.0610874737273699
48.0,0.0,0.0,47.38,0.0,-0.0555939773263096
50.0,30.0,0.3,0.943222132855447,0.0,0.0564465668973936
54.0,30.0,0.3,1.265172908568611,0.0,0.1191985027858122
55.0,30.0,0.3,0.9222677674786997,0.0,0.1016273022015096
56.0,30.0,0.3,1.168430681125041,0.0,0.124433512366884
57.0,0.0,0.0,0.0,0.0,-0.0344610246195922
60.0,30.0,0.3,34.29228034211318,9.87,0.1410618381067051
61.0,30.0,0.3,32.65812581085386,9.45,0.1225529958575511
63.0,0.0,0.0,0.0,0.0,-0.0285816894194231
65.0,0.0,0.0,32.06,0.0,-0.0013468445166094
67.0,30.0,0.3,1.31812478322947,0.0,0.1348603215909014
68.0,30.0,0.3,0.7825435519221571,0.0,0.063466630326209
69.0,0.0,0.0,0.0,0.0,-0.0071675448279742
70.0,30.0,0.3,51.99897484899883,15.027000000000001,0.1270363245490664
72.0,0.0,0.0,35.32,0.0,-0.0335583513265956
74.0,30.0,0.3,35.87567400236456,10.364999999999998,0.1278990836820613
75.0,30.0,0.3,0.2892391704098697,0.0,0.0220272005490724
76.0,0.0,0.0,0.0,0.0,-0.016173626963776
77.0,30.0,0.3,0.9517087508583254,0.0,0.0794879103698593
80.0,30.0,0.3,0.4991920464807333,0.0,0.062391206909228
81.0,0.0,0.0,0.0,0.0,-0.0461480515889791
82.0,0.0,0.0,0.0,0.0,-0.0103415833922124
83.0,30.0,0.3,41.24630908026624,11.964,0.1142016951075085
84.0,30.0,0.3,0.5727050660406188,0.0,0.065489430078973
87.0,0.0,0.0,0.0,0.0,-0.0214843693151063
88.0,0.0,0.0,34.23,0.0,-0.0269697484769974
89.0,30.0,0.3,0.3001245441287968,0.0,0.0463369683694298
90.0,30.0,0.3,1.7966209805729847,0.0,0.1135736127803897
91.0,0.0,0.0,55.25,0.0,-0.0037350505890402
92.0,30.0,0.3,1.796502786612045,0.0,0.178224482798814
94.0,30.0,0.3,40.69023183626668,11.768999999999998,0.1240744189197621
95.0,0.0,0.0,0.0,0.0,-0.0146239098876059
96.0,0.0,0.0,28.53,0.0,-0.0198640065995123
97.0,0.0,0.0,0.0,0.0,-0.0109667547394985
99.0,30.0,0.3,0.2561702783304468,0.0,0.0372719741496358
100.0,0.0,0.0,0.0,0.0,-0.0338433310279209
101.0,30.0,0.3,1.5079925809934212,0.0,0.1589703332272213
104.0,30.0,0.3,0.3746755269350809,0.0,0.0253227579707408
107.0,30.0,0.3,19.28485450366636,5.565,0.1320493268043766
109.0,30.0,0.3,0.4249384008975725,0.0,0.0284429987213904
112.0,30.0,0.3,38.396714940984026,11.043000000000001,0.1436851345634362
113.0,30.0,0.3,0.3242217724082236,0.0,0.0234433674915563
116.0,30.0,0.3,0.0106016002130796,0.0,0.0009176491139167
118.0,30.0,0.3,1.0256722479246965,0.0,0.1578442979262383
119.0,30.0,0.3,0.5015517150164206,0.0,0.0490995315728263
120.0,30.0,0.3,0.1917342095522757,0.0,0.0201295758060132
121.0,0.0,0.0,42.61,0.0,-0.0526153251535499
123.0,0.0,0.0,0.0,0.0,-0.056296128624995
126.0,30.0,0.3,1.861837069459653,0.0,0.1289718114061827
127.0,0.0,0.0,0.0,0.0,-0.152909549956191
128.0,0.0,0.0,0.0,0.0,-0.0285728936108371
130.0,0.0,0.0,0.0,0.0,-0.0999338081602392
133.0,30.0,0.3,2.163334805397631,0.0,0.1390496725413055
134.0,30.0,0.3,0.9331340425840916,0.0,0.0988698922000521
135.0,30.0,0.3,0.2334953328650998,0.0,0.0219429877704257
137.0,30.0,0.3,0.2280269996389889,0.0,0.0204986515317322
138.0,30.0,0.3,0.0281578550055443,0.0,0.002409743688964
139.0,30.0,0.3,55.32686361750028,15.893999999999998,0.1476572050774053
141.0,0.0,0.0,44.32,0.0,-0.0206239372124181
142.0,30.0,0.3,27.553862332581723,7.8629999999999995,0.1709096187945723
143.0,30.0,0.3,0.1994544863731629,0.0,0.0245875846120763
145.0,30.0,0.3,0.1566658371840288,0.0,0.0452529858994884
146.0,0.0,0.0,35.54,0.0,-0.0067012353598121
147.0,0.0,0.0,0.0,0.0,-0.0115745842716559
150.0,0.0,0.0,47.4,0.0,-0.0587607169704562
151.0,30.0,0.3,62.3366601483925,18.035999999999998,0.12290198205769
152.0,30.0,0.3,1.1577656940153518,0.0,0.1102633994300335
153.0,30.0,0.3,0.4051493169077881,0.0,0.0399555539356793
154.0,0.0,0.0,50.21,0.0,-0.0030392335417569
155.0,0.0,0.0,44.3,0.0,-0.0088975311603709
157.0,30.0,0.3,1.1554356370162326,0.0,0.1026232913239393
158.0,0.0,0.0,0.0,0.0,-0.0426143595694857
159.0,0.0,0.0,27.98,0.0,-0.0433950901172201
160.0,30.0,0.3,30.523691040805968,8.784,0.1415859563759071
161.0,30.0,0.3,17.482188817924953,5.0280000000000005,0.1436334164528545
162.0,0.0,0.0,0.0,0.0,-0.0279915476478377
163.0,0.0,0.0,38.96,0.0,-0.0226773914650793
164.0,0.0,0.0,0.0,0.0,-0.0002505446674711
166.0,30.0,0.3,0.6345190224896118,0.0,0.0509899568056583
167.0,30.0,0.3,1.4254698100707672,0.0,0.1532268956326741
168.0,0.0,0.0,0.0,0.0,-0.0597226674596854
169.0,0.0,0.0,47.3,0.0,-0.0165350031449008
170.0,0.0,0.0,45.03,0.0,-0.0004237191321856
171.0,0.0,0.0,0.0,0.0,-0.0860049256359394
172.0,0.0,0.0,0.0,0.0,-0.0615450064227298
173.0,30.0,0.3,31.17908379497736,9.039,0.1160619310739417
174.0,0.0,0.0,0.0,0.0,-0.0011418237696988
175.0,30.0,0.3,0.1177476072636269,0.0,0.009058205036051
176.0,0.0,0.0,36.74,0.0,-0.0448330932502759
178.0,30.0,0.3,1.1557540030663425,0.0,0.0887062708624102
179.0,0.0,0.0,22.71,0.0,-0.069681635485849
180.0,0.0,0.0,33.38,0.0,-0.0785010609647324
181.0,0.0,0.0,0.0,0.0,-0.0337715663985372
182.0,0.0,0.0,42.42,0.0,-0.0023020924661516
186.0,0.0,0.0,0.0,0.0,-0.2025923962277441
187.0,0.0,0.0,47.87,0.0,-0.0411586334717322
192.0,30.0,0.3,36.92493470902585,10.683,0.1230866525344797
194.0,30.0,0.3,0.5511553510297869,0.0,0.0350340294323536
195.0,30.0,0.3,0.453447361185137,0.0,0.0473376512355295
196.0,0.0,0.0,0.0,0.0,-0.0033496375914268
198.0,30.0,0.3,34.83773216696336,10.068,0.1269102271517042
200.0,30.0,0.3,0.6153333429142432,0.0,0.068713941140619
201.0,0.0,0.0,27.12,0.0,-0.0045810259265052
204.0,30.0,0.3,0.2700965799336334,0.0,0.0420514681509627
206.0,0.0,0.0,44.23,0.0,-0.0374872809132789
207.0,30.0,0.3,1.5905472065214268,0.0,0.1783924637193166
209.0,30.0,0.3,32.88104624298495,9.488999999999999,0.1318417370623828
210.0,30.0,0.3,1.729981064936424,0.0,0.1672448825344571
211.0,0.0,0.0,0.0,0.0,-0.0296332608525721
212.0,30.0,0.3,0.3792367736916451,0.0,0.031044267656487
213.0,30.0,0.3,0.4915813944000394,0.0,0.0522181213511833
217.0,30.0,0.3,1.106549531566911,0.0,0.0909393106152951
218.0,30.0,0.3,1.1729020374834138,0.0,0.0861920956410504
219.0,30.0,0.3,50.99049537746127,14.687999999999999,0.1382417876811865
220.0,30.0,0.3,1.221951761665045,0.0,0.1449527593908713
221.0,30.0,0.3,0.5499371001519503,0.0,0.0441610134226251
224.0,30.0,0.3,26.994387809272283,7.784999999999999,0.1341538611781996
225.0,30.0,0.3,0.9924757299117568,0.0,0.0842437594356809
226.0,30.0,0.3,0.1370699578910218,0.0,0.0098725120924101
227.0,0.0,0.0,0.0,0.0,-0.0892303197450817
228.0,0.0,0.0,0.0,0.0,-0.1031841913769213
229.0,0.0,0.0,0.0,0.0,-0.0047033133879006
230.0,30.0,0.3,0.1924797771987561,0.0,0.0337861641563553
232.0,30.0,0.3,0.1548618957248659,0.0,0.0593340596646996
233.0,30.0,0.3,31.79000699793668,9.113999999999999,0.1547078119307303
234.0,30.0,0.3,55.561047532709885,16.119,0.1135956034933862
236.0,0.0,0.0,0.0,0.0,-0.0504570872524589
237.0,30.0,0.3,0.1767285901874823,0.0,0.0223820402973002
238.0,30.0,0.3,0.2427166072806303,0.0,0.0157833663207589
239.0,0.0,0.0,0.0,0.0,-0.0153120078999396
240.0,30.0,0.3,0.922314798236146,0.0,0.0867979294406311
241.0,0.0,0.0,0.0,0.0,-0.0142171083891532
242.0,0.0,0.0,32.4,0.0,-0.0058131319935453
243.0,0.0,0.0,32.11,0.0,-0.0001625039342747
245.0,30.0,0.3,64.02837031762486,18.579,0.1129431249058005
246.0,30.0,0.3,15.684876116798591,4.464,0.1803037896054193
247.0,30.0,0.3,0.7899100646248252,0.0,0.0500576720294566
248.0,30.0,0.3,0.4989329640976142,0.0,0.0265884872953698
249.0,30.0,0.3,0.1291223128054095,0.0,0.0081101886065831
250.0,30.0,0.3,1.504078413585757,0.0,0.1551716097787844
251.0,30.0,0.3,24.516535012239736,7.0889999999999995,0.1250578378106557
252.0,30.0,0.3,55.7753977795244,16.038,0.1443694836964954
254.0,0.0,0.0,45.28,0.0,-0.0064664367069438
256.0,0.0,0.0,36.7,0.0,-0.0058289667273271
258.0,30.0,0.3,0.0259353370719056,0.0,0.0043312186158827
259.0,30.0,0.3,36.32272001372255,10.53,0.1161177600876118
261.0,0.0,0.0,34.5,0.0,-0.0467479215279053
265.0,30.0,0.3,1.1953033319557516,0.0,0.1618994083645878
266.0,0.0,0.0,51.15,0.0,-0.0118701063618572
267.0,0.0,0.0,25.96,0.0,-0.0208824285744963
268.0,30.0,0.3,0.4183700440749808,0.0,0.0462236265688853
269.0,30.0,0.3,39.01251440323309,11.078999999999999,0.1879695282275557
270.0,0.0,0.0,38.31,0.0,-0.0200407824455991
271.0,0.0,0.0,0.0,0.0,-0.0258087645648822
272.0,30.0,0.3,1.0996484790253112,0.0,0.1127844593872114
273.0,30.0,0.3,0.8494356855763842,0.0,0.0985881714921523
274.0,0.0,0.0,0.0,0.0,-0.0098909669650053
275.0,30.0,0.3,0.115869842582513,0.0,0.010935243731834
276.0,0.0,0.0,35.45,0.0,-0.0054438891725432
278.0,0.0,0.0,0.0,0.0,-0.0248055207989999
279.0,0.0,0.0,0.0,0.0,-0.0327570771479946
280.0,0.0,0.0,49.98,0.0,-0.0580436502473346
281.0,30.0,0.3,0.3844793831584705,0.0,0.0348924025009956
282.0,30.0,0.3,0.3133017649930766,0.0,0.0469155083847075
283.0,0.0,0.0,34.79,0.0,-0.0345945791359592
285.0,30.0,0.3,0.0508527750271242,0.0,0.0047802947008013
287.0,0.0,0.0,33.8,0.0,-0.0800070309703398
288.0,30.0,0.3,35.15022950127329,10.176,0.120895194700598
289.0,30.0,0.3,45.450266943010256,13.113,0.1327131047822967
290.0,30.0,0.3,2.0694689387613714,0.0,0.1381026986160408
291.0,0.0,0.0,0.0,0.0,-0.0430889329579712
293.0,0.0,0.0,0.0,0.0,-0.0068262296244873
294.0,0.0,0.0,0.0,0.0,-0.0584397858036082
296.0,30.0,0.3,1.1673434747341318,0.0,0.0615103527628903
299.0,30.0,0.3,0.4507249514116619,0.0,0.0712383359272423
301.0,30.0,0.3,42.54054009355096,12.327,0.1176717849883146
302.0,30.0,0.3,31.643732486499157,9.065999999999999,0.1570408654863397
304.0,30.0,0.3,0.0780186330975902,0.0,0.0063975918899213
305.0,0.0,0.0,49.91,0.0,-0.075011700452792
307.0,30.0,0.3,0.2350414324314127,0.0,0.02015619864775
308.0,30.0,0.3,1.3253129307294882,0.0,0.0943148968637552
310.0,30.0,0.3,1.8725442688420888,0.0,0.1049750122683086
311.0,0.0,0.0,0.0,0.0,-0.0025390450026664
312.0,30.0,0.3,0.2951501310886217,0.0,0.0252783599767576
313.0,0.0,0.0,52.84,0.0,-0.0722890007776801
315.0,30.0,0.3,0.1723211383310511,0.0,0.0129574508106663
316.0,30.0,0.3,1.696950672561447,0.0,0.1474583483282453
317.0,30.0,0.3,36.1370856610077,10.479,0.115190920985562
320.0,0.0,0.0,0.0,0.0,-0.0627839236470949
321.0,0.0,0.0,45.06,0.0,-0.1183081635255186
323.0,0.0,0.0,0.0,0.0,-0.0617123333907872
324.0,30.0,0.3,32.35205747021338,9.171,0.1943144117559026
325.0,30.0,0.3,56.25572182725392,16.188,0.1418162729956711
326.0,30.0,0.3,2.824954196843727,0.0,0.1759109656170202
327.0,30.0,0.3,0.4032400323809498,0.0,0.0300768279541247
328.0,30.0,0.3,1.131945157812433,0.0,0.08736166997086
329.0,0.0,0.0,0.0,0.0,-0.0183563840832431
330.0,0.0,0.0,0.0,0.0,-0.0437473099026952
331.0,0.0,0.0,39.6,0.0,-0.0364208798962615
333.0,0.0,0.0,26.38,0.0,-0.0214283181686838
335.0,30.0,0.3,0.0493418803869002,0.0,0.002979042467361
336.0,30.0,0.3,1.5160752681163483,0.0,0.1570899666476374
338.0,30.0,0.3,39.95500187131828,11.357999999999999,0.184451652695746
339.0,0.0,0.0,0.0,0.0,-0.0834024249696295
340.0,0.0,0.0,0.0,0.0,-0.0238718421607897
341.0,0.0,0.0,0.0,0.0,-0.0163213808205874
342.0,30.0,0.3,1.088358745419049,0.0,0.0662865427504141
344.0,0.0,0.0,0.0,0.0,-0.0071767986025856
346.0,0.0,0.0,44.66,0.0,-0.0775479663659852
347.0,30.0,0.3,0.9609141697631916,0.0,0.132686297951283
348.0,30.0,0.3,1.2380660017177774,0.0,0.0785176307532837
349.0,0.0,0.0,0.0,0.0,-0.0571047859989132
350.0,30.0,0.3,0.5798199010442815,0.0,0.0500319182884012
352.0,30.0,0.3,2.589276250863575,0.0,0.2110765672832457
353.0,30.0,0.3,0.6467202935622208,0.0,0.0539068345054781
354.0,30.0,0.3,1.928614137977433,0.0,0.1667630037161637
355.0,30.0,0.3,1.0963369595552874,0.0,0.0620240416132206
356.0,0.0,0.0,0.0,0.0,-0.0047855917197163
357.0,30.0,0.3,0.9197396682376324,0.0,0.0894340400853396
358.0,30.0,0.3,37.55465172116908,10.860000000000001,0.124737727547797
360.0,0.0,0.0,34.57,0.0,-0.0026711243067161
362.0,0.0,0.0,0.0,0.0,-0.042967259196176
364.0,30.0,0.3,19.831189656990368,5.742,0.120374374258162
365.0,0.0,0.0,49.5,0.0,-0.0117360253024787
366.0,30.0,0.3,57.96336259178148,16.209,0.2426653459054523
367.0,30.0,0.3,0.7636642840505776,0.0,0.0857664290263452
368.0,0.0,0.0,37.4,0.0,-0.0213769236482576
369.0,30.0,0.3,0.383565082513602,0.0,0.0365718042061024
372.0,0.0,0.0,45.78,0.0,-0.0196612183842844
373.0,0.0,0.0,36.81,0.0,-0.0431384449916798
374.0,0.0,0.0,43.19,0.0,-0.0350853141217187
376.0,30.0,0.3,1.3110977358152005,0.0,0.0835306916294088
377.0,30.0,0.3,39.97954774657085,11.463,0.1543703870340096
380.0,0.0,0.0,49.91,0.0,-0.0107737349700108
383.0,0.0,0.0,19.2,0.0,-0.1096740355292944
384.0,0.0,0.0,35.27,0.0,-0.0733992890839553
385.0,0.0,0.0,0.0,0.0,-0.0898222623448482
386.0,30.0,0.3,2.16462767695095,0.0,0.1545720991824443
387.0,0.0,0.0,40.51,0.0,-0.0141384348975437
388.0,0.0,0.0,35.81,0.0,-0.0308142284454852
389.0,0.0,0.0,40.67,0.0,-0.0429667416067552
390.0,30.0,0.3,27.21087357177477,7.878,0.1206998694814375
392.0,30.0,0.3,0.2680985942918862,0.0,0.0288650510650179
393.0,30.0,0.3,0.7761435117715335,0.0,0.0770901382371408
394.0,30.0,0.3,1.5197371054898283,0.0,0.1660914869387791
396.0,0.0,0.0,0.0,0.0,-0.0350938566611736
397.0,30.0,0.3,2.271197431173674,0.0,0.1645079987812309
399.0,30.0,0.3,0.7360555849700512,0.0,0.0936457487239251
400.0,0.0,0.0,0.0,0.0,-0.007676797239897
403.0,0.0,0.0,22.66,0.0,-0.1239978682288395
406.0,30.0,0.3,1.671614875562769,0.0,0.1075892949451483
407.0,30.0,0.3,0.2214497862617303,0.0,0.0601112340558443
408.0,0.0,0.0,0.0,0.0,-0.0317152780737169
409.0,30.0,0.3,0.1934145539667371,0.0,0.0280554908567939
410.0,30.0,0.3,0.5024413162853507,0.0,0.0360483079556142
411.0,30.0,0.3,0.6620595798108526,0.0,0.0610981524373249
414.0,30.0,0.3,0.1358666912506915,0.0,0.0111165677671978
416.0,30.0,0.3,1.2340927528596002,0.0,0.1096678888171688
417.0,0.0,0.0,35.33,0.0,-0.0976777830525543
418.0,0.0,0.0,57.54,0.0,-0.0030314540098468
419.0,30.0,0.3,0.5126181792374779,0.0,0.0599132981810984
420.0,30.0,0.3,0.0258672697280147,0.0,0.0051631276902225
422.0,30.0,0.3,1.719803527487726,0.0,0.1779229802904745
423.0,30.0,0.3,0.0056741708642929,0.0,0.000822701299738
424.0,0.0,0.0,17.02,0.0,-0.0163989472002415
425.0,30.0,0.3,0.1001653538616989,0.0,0.0094317659003483
427.0,30.0,0.3,0.987214731290832,0.0,0.0688434261709088
428.0,0.0,0.0,44.74,0.0,-0.1378534094291306
430.0,30.0,0.3,1.5109741050423169,0.0,0.0916408360651575
431.0,0.0,0.0,38.55,0.0,-0.0080875239156776
433.0,30.0,0.3,0.2970500670367181,0.0,0.0325927218605133
434.0,30.0,0.3,0.094604576833799,0.0,0.0123327567245208
435.0,30.0,0.3,0.512367549369357,0.0,0.0405771402050651
436.0,30.0,0.3,1.3178238791712975,0.0,0.1069575423400128
438.0,30.0,0.3,0.1333712674563111,0.0,0.0134392651608536
439.0,0.0,0.0,0.0,0.0,-0.0598509026757396
440.0,30.0,0.3,0.7158616195702474,0.0,0.0570999138207105
441.0,30.0,0.3,0.8279792476691605,0.0,0.0858721476528895
442.0,30.0,0.3,2.659975173331056,0.0,0.2291106953773519
443.0,30.0,0.3,43.22283233539241,12.068999999999999,0.247976827855863
445.0,30.0,0.3,1.835768076194068,0.0,0.0996779104193988
446.0,30.0,0.3,0.1977061235142933,0.0,0.0186850130908509
447.0,0.0,0.0,0.0,0.0,-0.0398227092982792
448.0,0.0,0.0,32.74,0.0,-0.0450795047365274
449.0,0.0,0.0,40.76,0.0,-0.0606565527492703
451.0,0.0,0.0,48.34,0.0,-0.0861293144356815
453.0,0.0,0.0,51.02,0.0,-0.0922916123172982
455.0,30.0,0.3,0.7385647510233683,0.0,0.0649059452520756
456.0,30.0,0.3,52.72736174973775,15.254999999999999,0.1230653392158476
457.0,0.0,0.0,0.0,0.0,-0.0281167934800463
458.0,30.0,0.3,1.008748288816834,0.0,0.0839993578829906
460.0,30.0,0.3,37.844859575574105,10.779,0.1776472377376478
462.0,0.0,0.0,0.0,0.0,-0.0411035370125728
464.0,30.0,0.3,29.43735975865061,8.472,0.1413314162713194
465.0,30.0,0.3,0.1074088654421704,0.0,0.0135105491122227
466.0,30.0,0.3,2.204378363879962,0.0,0.1857883155398198
468.0,30.0,0.3,0.415164754486379,0.0,0.021458869824075
469.0,0.0,0.0,38.66,0.0,-0.0274983367717158
471.0,30.0,0.3,32.57496623077999,9.338999999999999,0.1547238709476382
472.0,30.0,0.3,0.9716710809997768,0.0,0.1786488473983778
473.0,0.0,0.0,47.52,0.0,-0.1189808823473258
474.0,0.0,0.0,0.0,0.0,-0.0934751187786839
476.0,30.0,0.3,34.3013617497617,9.756,0.1825914052646266
478.0,30.0,0.3,0.825067660666541,0.0,0.0659368385412404
480.0,0.0,0.0,0.0,0.0,-0.0295185632324993
481.0,30.0,0.3,0.7224791806131075,0.0,0.0530571477280684
483.0,0.0,0.0,0.0,0.0,-0.1330914685324811
485.0,0.0,0.0,46.07,0.0,-0.0586695032589375
486.0,30.0,0.3,0.5111616655435651,0.0,0.0479423809363689
487.0,30.0,0.3,53.942281238292985,15.347999999999999,0.1812797262374897
488.0,0.0,0.0,0.0,0.0,-0.045033611421383
489.0,0.0,0.0,0.0,0.0,-0.0460383814989607
490.0,0.0,0.0,45.47,0.0,-0.0555871098130157
492.0,30.0,0.3,0.0761088180100821,0.0,0.0343296427650348
493.0,30.0,0.3,1.3041271830916528,0.0,0.1240962206767202
494.0,30.0,0.3,1.5324564418681432,0.0,0.1281532398284114
497.0,30.0,0.3,0.3939479333756998,0.0,0.0472869923629456
500.0,30.0,0.3,0.2404800520881552,0.0,0.0204385561863127
501.0,30.0,0.3,0.1146683077578765,0.0,0.0346534626043749
502.0,30.0,0.3,0.8834474918250277,0.0,0.0979975032529149
504.0,30.0,0.3,0.4667995652034764,0.0,0.054673174654893
506.0,30.0,0.3,1.2097443709324454,0.0,0.148800045625147
508.0,30.0,0.3,0.7192123512396269,0.0,0.074638060527151
510.0,30.0,0.3,39.67204203110561,11.348999999999998,0.1623087524103985
511.0,30.0,0.3,0.2473209213251952,0.0,0.0243906234048516
512.0,30.0,0.3,1.673544461229772,0.0,0.1812372169406294
513.0,30.0,0.3,0.4081559026298759,0.0,0.060467541130352
514.0,30.0,0.3,0.7544537293329369,0.0,0.0998747325036983
515.0,30.0,0.3,0.8418838797639452,0.0,0.0675073273806387
516.0,30.0,0.3,0.2800256523996812,0.0,0.0323094095303659
517.0,30.0,0.3,1.627768997476659,0.0,0.1755953611085932
518.0,0.0,0.0,35.89,0.0,-0.0318138483036293
520.0,0.0,0.0,0.0,0.0,-0.0755068651610924
522.0,30.0,0.3,2.0671542605083264,0.0,0.1695917844374704
524.0,30.0,0.3,0.7967572785882459,0.0,0.0628754165552593
525.0,0.0,0.0,45.6,0.0,-0.0462865074749295
526.0,30.0,0.3,0.4625105688582895,0.0,0.0484202856844943
527.0,0.0,0.0,0.0,0.0,-0.0507471462219286
528.0,30.0,0.3,0.1022309065519787,0.0,0.0108421790807062
529.0,0.0,0.0,48.46,0.0,-0.1182113804179494
530.0,30.0,0.3,1.3078383381738297,0.0,0.0985411647207527
531.0,30.0,0.3,0.3434408335221282,0.0,0.0278337655824725
532.0,30.0,0.3,0.811770071042833,0.0,0.0903170973567905
533.0,30.0,0.3,0.6711408809928745,0.0,0.0673025351978414
537.0,30.0,0.3,1.6404321452184558,0.0,0.2048747527436563
538.0,0.0,0.0,44.49,0.0,-0.0251598038484147
539.0,0.0,0.0,40.73,0.0,-0.0210264712494353
541.0,30.0,0.3,0.0427791936882695,0.0,0.0060066264656374
542.0,30.0,0.3,0.4133043222789793,0.0,0.0605840402050688
543.0,30.0,0.3,0.6804433000557721,0.0,0.0450296671335962
544.0,30.0,0.3,0.493260797535583,0.0,0.1321706317083556
545.0,30.0,0.3,0.9441829084184248,0.0,0.0956328277543224
547.0,30.0,0.3,0.8041001441414312,0.0,0.0644311012933839
548.0,30.0,0.3,0.0835291380654822,0.0,0.0074867023452077
549.0,30.0,0.3,35.6641170360808,10.197000000000001,0.1641774086575266
550.0,30.0,0.3,25.635442496642334,7.388999999999999,0.1360728781489153
551.0,0.0,0.0,45.92,0.0,-0.0131792164869571
552.0,0.0,0.0,47.69,0.0,-0.0795189758825089
554.0,30.0,0.3,1.3661003901242328,0.0,0.1067933388152152
556.0,30.0,0.3,0.358524542125856,0.0,0.0287210239626577
557.0,30.0,0.3,0.080693036362917,0.0,0.0076089614675075
559.0,0.0,0.0,0.0,0.0,-0.0323769623487532
560.0,30.0,0.3,0.6306285841877091,0.0,0.0707299892538929
563.0,30.0,0.3,0.3075767600238908,0.0,0.0246692941950506
565.0,0.0,0.0,34.65,0.0,-0.0378242639239312
566.0,30.0,0.3,0.1425916368687804,0.0,0.0099749308757454
567.0,30.0,0.3,1.4821255425776707,0.0,0.1266124673310841
568.0,30.0,0.3,1.4815802190405392,0.0,0.1619213354142666
571.0,30.0,0.3,0.5216083061853678,0.0,0.0399516165889528
573.0,30.0,0.3,0.0613682368769504,0.0,0.0101619865668075
574.0,0.0,0.0,46.42,0.0,-0.220895335873151
575.0,0.0,0.0,45.38,0.0,-0.0694840509139047
576.0,0.0,0.0,15.21,0.0,-0.0249271490388616
577.0,30.0,0.3,35.255441693680936,10.08,0.1642303267540608
578.0,30.0,0.3,0.3626874127607704,0.0,0.0272349187325051
579.0,30.0,0.3,0.5693612540797184,0.0,0.0985906933471374
580.0,30.0,0.3,42.03581205755435,12.147,0.1272587517538777
581.0,30.0,0.3,0.4998393385463334,0.0,0.049484144000231
583.0,0.0,0.0,47.52,0.0,-0.0856950616850513
584.0,30.0,0.3,0.6131037941532117,0.0,0.0501516396035347
585.0,30.0,0.3,32.05874909327429,9.248999999999999,0.1328521022028643
586.0,0.0,0.0,0.0,0.0,-0.0235832634117984
587.0,30.0,0.3,0.7751585348595724,0.0,0.0749814794795485
589.0,0.0,0.0,46.29,0.0,-0.0088217821048678
591.0,0.0,0.0,39.57,0.0,-0.0133134535407912
593.0,30.0,0.3,0.689421329144295,0.0,0.0466140181977211
594.0,0.0,0.0,0.0,0.0,-0.0340233987514075
595.0,0.0,0.0,44.52,0.0,-0.0320240868767804
596.0,0.0,0.0,0.0,0.0,-0.036128320473628
597.0,0.0,0.0,0.0,0.0,-0.0865058356912417
598.0,30.0,0.3,0.4926705914027526,0.0,0.045567017332848
600.0,0.0,0.0,0.0,0.0,-0.0519397644290719
601.0,0.0,0.0,56.8,0.0,-0.0116853367884922
602.0,0.0,0.0,47.29,0.0,-0.1015448421933746
603.0,30.0,0.3,0.4120781797569879,0.0,0.039011472096657
604.0,30.0,0.3,0.2666088844424383,0.0,0.0282664211665011
607.0,30.0,0.3,1.025573586412989,0.0,0.1071318903596562
608.0,30.0,0.3,0.0955439311650634,0.0,0.0070304585110422
609.0,0.0,0.0,0.0,0.0,-0.0295013876843797
610.0,0.0,0.0,45.48,0.0,-0.0582519099909145
612.0,30.0,0.3,1.0919140494614137,0.0,0.1210413534487766
613.0,30.0,0.3,22.31479511539272,6.4590000000000005,0.1215041206677063
616.0,30.0,0.3,0.1303054342432684,0.0,0.0189012814394065
617.0,30.0,0.3,0.0150892625242008,0.0,0.0012024274861902
621.0,0.0,0.0,0.0,0.0,-0.0063808396174416
623.0,0.0,0.0,0.0,0.0,-0.0119956699371418
624.0,30.0,0.3,0.212181920753036,0.0,0.0269951553120911
625.0,30.0,0.3,2.188763116373056,0.0,0.2295744825228714
626.0,0.0,0.0,0.0,0.0,-0.0272535030037735
627.0,0.0,0.0,47.04,0.0,-0.0200752706789824
628.0,0.0,0.0,0.0,0.0,-0.0870100810574092
629.0,30.0,0.3,0.0959793275505895,0.0,0.006755301770171
632.0,30.0,0.3,0.1758297208597347,0.0,0.0108216224064337
633.0,0.0,0.0,0.0,0.0,-0.0440460199826603
634.0,30.0,0.3,0.2479187682881495,0.0,0.0227031839091712
637.0,0.0,0.0,46.99,0.0,-0.0441961351800987
638.0,0.0,0.0,0.0,0.0,-0.0289841484804168
639.0,30.0,0.3,39.03680117320446,11.156999999999998,0.1655284729949326
640.0,0.0,0.0,0.0,0.0,-0.0821361305482637
646.0,30.0,0.3,0.2965591737467322,0.0,0.0346974580258257
647.0,30.0,0.3,1.0891792214328506,0.0,0.1192706111950121
648.0,30.0,0.3,0.1819021105347189,0.0,0.0315473656841344
650.0,30.0,0.3,1.0495156817334224,0.0,0.0863798915006932
651.0,30.0,0.3,1.3340640878543488,0.0,0.0905125237705644
652.0,30.0,0.3,0.6044948338450824,0.0,0.1303352380002334
656.0,0.0,0.0,0.0,0.0,-0.0508869721810045
657.0,30.0,0.3,0.9728643860460524,0.0,0.1083488568934238
658.0,0.0,0.0,47.8,0.0,-0.0744554306289131
659.0,30.0,0.3,0.2481698678622927,0.0,0.0282524895107346
660.0,0.0,0.0,45.87,0.0,-0.0095713782612947
661.0,0.0,0.0,19.8,0.0,-0.0610481627447163
663.0,30.0,0.3,0.5429620062523035,0.0,0.0573288994036853
667.0,30.0,0.3,0.6212219006556282,0.0,0.0532460701684776
668.0,30.0,0.3,1.168411346663253,0.0,0.1032256689339388
670.0,30.0,0.3,0.062417095077186,0.0,0.0072670968770737
671.0,30.0,0.3,1.7103728719886164,0.0,0.1465992004790106
672.0,0.0,0.0,49.85,0.0,-0.0677280745381862
674.0,0.0,0.0,40.24,0.0,-0.049961687591553
676.0,30.0,0.3,0.0429781179815496,0.0,0.0034060958932913
682.0,0.0,0.0,49.37,0.0,-0.0278702007250876
683.0,30.0,0.3,0.2257750143535995,0.0,0.0236810377966855
684.0,30.0,0.3,0.0029444554127554,0.0,0.0002704560864109
685.0,30.0,0.3,34.521417119189096,9.966,0.1305857033101639
686.0,30.0,0.3,1.366590023620571,0.0,0.1481880311885243
687.0,30.0,0.3,0.9065208814693878,0.0,0.0598245153744729
688.0,30.0,0.3,0.8316593453651707,0.0,0.0522169489147467
689.0,30.0,0.3,0.3382466438690947,0.0,0.0298989343117736
691.0,0.0,0.0,55.01,0.0,-0.0244566982714675
692.0,30.0,0.3,0.6258421969903628,0.0,0.0570295422808787
693.0,30.0,0.3,0.0666643832948686,0.0,0.0057628270483116
694.0,0.0,0.0,0.0,0.0,-0.0223030268527677
696.0,30.0,0.3,1.1243164388320264,0.0,0.0816674975544437
697.0,0.0,0.0,0.0,0.0,-0.0422416079301077
698.0,30.0,0.3,27.768818470731063,8.028,0.1256624901259422
699.0,30.0,0.3,0.7296203766477323,0.0,0.0932541381195977
700.0,30.0,0.3,0.09421342361744,0.0,0.0167579906825756
702.0,0.0,0.0,0.0,0.0,-0.0107441491539466
704.0,30.0,0.3,0.0471151535334091,0.0,0.004609642259408
705.0,30.0,0.3,0.4419280144458365,0.0,0.0467055606051402
706.0,30.0,0.3,0.4111710651452412,0.0,0.0439990438892714
707.0,30.0,0.3,0.5502799351576622,0.0,0.0425979203559113
708.0,0.0,0.0,45.84,0.0,-0.032152632695385
709.0,30.0,0.3,0.6945983536756278,0.0,0.0990726506455039
710.0,30.0,0.3,31.030631343660072,8.856,0.1705771616598999
712.0,30.0,0.3,30.94989872215149,8.853,0.1626452865866363
715.0,30.0,0.3,0.2523917312477425,0.0,0.0495177028149387
716.0,0.0,0.0,0.0,0.0,-0.0405834950548058
717.0,0.0,0.0,0.0,0.0,-0.153954680440889
719.0,0.0,0.0,0.0,0.0,-0.0785982514299253
720.0,30.0,0.3,1.4070853095287743,0.0,0.1122346103157673
721.0,30.0,0.3,1.074670718744669,0.0,0.1040138132737775
722.0,30.0,0.3,0.2700512251736955,0.0,0.0228992813680739
723.0,0.0,0.0,0.0,0.0,-0.0012096259191731
724.0,0.0,0.0,38.97,0.0,-0.0281107218305638
725.0,30.0,0.3,0.6987785394686167,0.0,0.0594654531077029
726.0,30.0,0.3,0.8041222460523674,0.0,0.0548364870466699
727.0,0.0,0.0,15.89,0.0,-0.0595658133661425
728.0,0.0,0.0,38.7,0.0,-0.0189824276075439
730.0,0.0,0.0,38.34,0.0,-0.0155395436722955
732.0,0.0,0.0,45.37,0.0,-0.0599605579995917
733.0,30.0,0.3,60.13999505238632,17.415,0.1200112002518702
734.0,0.0,0.0,0.0,0.0,-0.0043275960292684
735.0,30.0,0.3,1.4420224393975971,0.0,0.1229974786248377
736.0,30.0,0.3,0.4809380968942667,0.0,0.0627692634944227
738.0,30.0,0.3,0.8411183449774474,0.0,0.061512238187615
739.0,30.0,0.3,0.4065948029499852,0.0,0.0535063564876938
740.0,30.0,0.3,0.3188115115353365,0.0,0.028582706789971
741.0,30.0,0.3,1.0193331286393013,0.0,0.0744310426169625
743.0,0.0,0.0,0.0,0.0,-0.0203444629631363
744.0,30.0,0.3,0.1421502764301683,0.0,0.0151675497684772
745.0,30.0,0.3,0.5754174063431398,0.0,0.0612406775588697
746.0,0.0,0.0,0.0,0.0,-0.0004690267169779
748.0,30.0,0.3,0.8532758913286744,0.0,0.0843991979553585
749.0,30.0,0.3,24.84320827403521,7.059,0.1860331879919545
751.0,30.0,0.3,0.5814239518982441,0.0,0.0453245986824325
752.0,30.0,0.3,0.904233901187382,0.0,0.0989856487342509
753.0,0.0,0.0,35.4,0.0,-0.0259886510760146
754.0,30.0,0.3,1.1330132286277996,0.0,0.0742423975249197
755.0,0.0,0.0,0.0,0.0,-0.0253843292102654
756.0,0.0,0.0,45.32,0.0,-0.0180244687414582
757.0,0.0,0.0,0.0,0.0,-0.0607389792288702
759.0,30.0,0.3,1.4558788274713563,0.0,0.1311957130279676
760.0,30.0,0.3,0.0857110793141232,0.0,0.0125860615732927
761.0,30.0,0.3,1.2496067592349978,0.0,0.0665179793055998
762.0,30.0,0.3,29.50625949717597,8.532,0.1249718116708829
764.0,30.0,0.3,2.949939098397601,0.0,0.1415449881674392
766.0,0.0,0.0,0.0,0.0,-0.0298385381380675
767.0,30.0,0.3,0.3153414986468537,0.0,0.0234472078702397
768.0,30.0,0.3,0.4445925895373009,0.0,0.0306573293019791
769.0,0.0,0.0,0.0,0.0,-0.0774893679004195
770.0,0.0,0.0,36.86,0.0,-0.0885144957634319
771.0,30.0,0.3,0.7268817330600406,0.0,0.0504463691484517
772.0,0.0,0.0,47.7,0.0,-0.0930657817443359
774.0,30.0,0.3,54.0401598383973,15.477,0.1583097395100666
775.0,0.0,0.0,0.0,0.0,-0.0262625479556873
776.0,30.0,0.3,39.31947776218863,11.391,0.1184687702737804
778.0,30.0,0.3,1.4173269070828427,0.0,0.1212945577306669
779.0,0.0,0.0,61.02,0.0,-0.0125964433953862
780.0,30.0,0.3,0.818281940849902,0.0,0.1097186834070665
781.0,30.0,0.3,0.9100811027160632,0.0,0.0770732641189078
782.0,0.0,0.0,0.0,0.0,-0.060780892892712
783.0,0.0,0.0,45.54,0.0,-0.0379863831201955
784.0,30.0,0.3,2.5927779465210885,0.0,0.1960660879099432
785.0,30.0,0.3,41.65817653638394,12.063,0.1200511097060384
786.0,0.0,0.0,0.0,0.0,-0.014923503073985
787.0,30.0,0.3,1.5762237991192831,0.0,0.1305361324322388
789.0,30.0,0.3,0.3535591131005606,0.0,0.0659502169558964
790.0,0.0,0.0,50.96,0.0,-0.0345403419930233
791.0,30.0,0.3,31.277492369998203,9.03,0.1303978261349061
792.0,30.0,0.3,0.6353180213423678,0.0,0.0538450734250672
793.0,30.0,0.3,1.1401041568956811,0.0,0.1094254877527288
794.0,30.0,0.3,0.0065750333139642,0.0,0.000566617831262
795.0,0.0,0.0,0.0,0.0,-0.0883134036244639
796.0,30.0,0.3,0.9563741521292012,0.0,0.1112709891947878
797.0,0.0,0.0,0.0,0.0,-0.0061840149373581
798.0,30.0,0.3,0.0829791081681921,0.0,0.0071918103803252
800.0,30.0,0.3,37.43618477059314,10.722,0.1581966769812659
801.0,0.0,0.0,0.0,0.0,-0.0819393634822597
805.0,30.0,0.3,1.1450970332512282,0.0,0.059519571352525
806.0,0.0,0.0,0.0,0.0,-0.0186050009721758
808.0,0.0,0.0,34.89,0.0,-0.0923603483637255
809.0,30.0,0.3,0.3965580543770605,0.0,0.0431275752449223
810.0,0.0,0.0,35.7,0.0,-0.0424370916318822
812.0,0.0,0.0,0.0,0.0,-0.1215114562855151
813.0,0.0,0.0,0.0,0.0,-0.0007484208060785
814.0,30.0,0.3,0.0941322592640689,0.0,0.0092613399512071
815.0,0.0,0.0,43.98,0.0,-0.0030821288004293
816.0,30.0,0.3,2.573666978283984,0.0,0.2159841371503847
817.0,30.0,0.3,0.6942554807761916,0.0,0.0708568565805462
818.0,0.0,0.0,33.98,0.0,-0.0374613894854235
820.0,0.0,0.0,0.0,0.0,-0.0290777633346213
823.0,30.0,0.3,0.5272247369214811,0.0,0.0395280204619494
824.0,0.0,0.0,0.0,0.0,-0.0629602336027675
825.0,30.0,0.3,1.667947854799239,0.0,0.1894964615768279
827.0,30.0,0.3,1.1967470384098315,0.0,0.0780809707320305
828.0,30.0,0.3,53.28788508864093,15.453,0.1150511284954981
829.0,30.0,0.3,0.2920429647127257,0.0,0.0220993541212808
832.0,30.0,0.3,40.88057587750352,11.732999999999999,0.1509056402883768
835.0,30.0,0.3,0.6636000435952196,0.0,0.0839787450765907
836.0,30.0,0.3,32.08363675650752,9.159,0.16962951812507
837.0,30.0,0.3,0.927249026349327,0.0,0.0906933711218043
838.0,30.0,0.3,34.685515996434525,9.876,0.1787683268969747
840.0,0.0,0.0,42.98,0.0,-0.0093254600701931
841.0,30.0,0.3,0.9112167149147492,0.0,0.0853678766080897
842.0,30.0,0.3,26.640485974090357,7.626,0.1600427450944597
845.0,30.0,0.3,0.4614667698790922,0.0,0.0365286764726583
846.0,30.0,0.3,0.4826853511371697,0.0,0.0259006949526277
847.0,0.0,0.0,62.29,0.0,-0.0076508360129273
848.0,30.0,0.3,49.09837708021757,14.136,0.1399531041466875
849.0,0.0,0.0,0.0,0.0,-0.0758494268905613
850.0,30.0,0.3,0.4863622122782784,0.0,0.0445631493749568
851.0,30.0,0.3,0.8480244284580954,0.0,0.0710416711450193
854.0,30.0,0.3,1.330711336913575,0.0,0.1535908745283443
855.0,0.0,0.0,46.02,0.0,-0.0736720570153868
856.0,30.0,0.3,0.1348338700522539,0.0,0.0112389655790826
857.0,0.0,0.0,0.0,0.0,-0.0178859490349087
858.0,30.0,0.3,0.5711136325036804,0.0,0.0764236093274027
859.0,0.0,0.0,25.25,0.0,-0.0012332833750481
860.0,30.0,0.3,1.9382062633379624,0.0,0.1848551514866917
862.0,0.0,0.0,28.33,0.0,-0.0422675372553824
863.0,0.0,0.0,41.56,0.0,-0.0835233671435232
865.0,30.0,0.3,0.0147088354888544,0.0,0.0013179960115461
867.0,0.0,0.0,0.0,0.0,-0.0050445351598637
869.0,30.0,0.3,0.3683487090694029,0.0,0.0318337835164984
870.0,30.0,0.3,1.8089907045498308,0.0,0.1116454177960767
871.0,0.0,0.0,0.0,0.0,-0.014651813543248
872.0,30.0,0.3,49.353536545663246,14.081999999999999,0.1713916024473261
873.0,30.0,0.3,1.2446887833700204,0.0,0.1478077168234201
874.0,0.0,0.0,0.0,0.0,-0.0689187516435708
876.0,0.0,0.0,0.0,0.0,-0.090230159908012
877.0,30.0,0.3,0.1426791359850816,0.0,0.0089887945558547
878.0,30.0,0.3,0.5569606961100293,0.0,0.0542688001666208
879.0,30.0,0.3,0.7276839582108143,0.0,0.0585755419955578
881.0,30.0,0.3,0.5843634768961482,0.0,0.0382236706499312
883.0,0.0,0.0,38.29,0.0,-0.0069243634558607
884.0,0.0,0.0,42.69,0.0,-0.0092663491711343
887.0,30.0,0.3,45.78403193700916,13.203,0.1343658211776991
888.0,0.0,0.0,43.1,0.0,-0.0629273585146745
890.0,30.0,0.3,0.8113147827047089,0.0,0.0810666249704945
891.0,30.0,0.3,0.0894446300311118,0.0,0.0069840423230352
892.0,0.0,0.0,54.29,0.0,-0.050475805037218
893.0,30.0,0.3,57.86331030848216,16.752,0.1207802237632616
894.0,30.0,0.3,64.09933489167827,18.546,0.1229016980307488
895.0,30.0,0.3,1.1746396232212446,0.0,0.1202907960288013
896.0,30.0,0.3,0.4141686862069339,0.0,0.031861580599041
899.0,30.0,0.3,36.29025535281825,10.506,0.12090761020543
900.0,0.0,0.0,0.0,0.0,-0.0794125065883897
901.0,30.0,0.3,35.45418402049269,10.197000000000001,0.1435896852498468
902.0,0.0,0.0,0.0,0.0,-0.0479331552648218
904.0,30.0,0.3,0.6082550743571074,0.0,0.0636583018688757
905.0,0.0,0.0,35.74,0.0,-0.0150182098683684
907.0,30.0,0.3,1.722958071317905,0.0,0.1485180649356008
912.0,0.0,0.0,33.08,0.0,-0.0215955971145649
913.0,0.0,0.0,46.49,0.0,-0.0241017982014535
916.0,0.0,0.0,0.0,0.0,-0.0577746162529331
917.0,30.0,0.3,1.1834074815559792,0.0,0.0774684132990298
918.0,30.0,0.3,34.083859806644085,9.81,0.1410662392093866
919.0,0.0,0.0,0.0,0.0,-0.0072928771451724
920.0,30.0,0.3,0.4904994867651583,0.0,0.0448436173674491
921.0,30.0,0.3,0.2128926549219928,0.0,0.029409124868351
922.0,30.0,0.3,1.755254472725739,0.0,0.1022339374876661
923.0,30.0,0.3,58.0037281533432,16.74,0.1316444536047314
924.0,30.0,0.3,0.5785922764317564,0.0,0.0792700748639206
925.0,30.0,0.3,31.450786954332223,9.036,0.1472761126972356
927.0,30.0,0.3,21.0082412483917,5.984999999999999,0.1768155803494901
928.0,30.0,0.3,0.0928928597542112,0.0,0.0058280230726025
929.0,0.0,0.0,50.44,0.0,-0.0075848537870852
931.0,30.0,0.3,0.8886972768285153,0.0,0.0726950737692037
932.0,0.0,0.0,0.0,0.0,-0.0304281346595691
933.0,0.0,0.0,46.47,0.0,-0.0083665189152062
934.0,0.0,0.0,37.8,0.0,-0.0384380092019079
935.0,30.0,0.3,1.7058468019518371,0.0,0.1918406210022309
936.0,0.0,0.0,0.0,0.0,-0.0122502279922075
937.0,30.0,0.3,2.016840336267955,0.0,0.2040303830316596
940.0,0.0,0.0,45.27,0.0,-0.0971774788131661
941.0,30.0,0.3,23.10194299220465,6.561,0.1877675647316946
942.0,0.0,0.0,0.0,0.0,-0.0708443430063586
944.0,0.0,0.0,0.0,0.0,-0.1138758052801295
945.0,30.0,0.3,0.0316796014299737,0.0,0.0018917712546264
947.0,0.0,0.0,0.0,0.0,-0.0579332185751417
948.0,30.0,0.3,20.433474680282373,5.907,0.1258633283024159
949.0,30.0,0.3,0.5960165971888816,0.0,0.0439151633649338
950.0,30.0,0.3,0.255177663487567,0.0,0.0202570186145564
951.0,30.0,0.3,0.7338092859058671,0.0,0.0948809524057237
952.0,0.0,0.0,0.0,0.0,-0.0486657085065331
954.0,30.0,0.3,0.3739678586326705,0.0,0.0405385212609941
955.0,30.0,0.3,0.792950631283696,0.0,0.0867750745550116
956.0,30.0,0.3,51.85000690213106,14.975999999999999,0.1288733241273407
957.0,30.0,0.3,1.2081611332776676,0.0,0.1234959760071213
959.0,0.0,0.0,35.27,0.0,-0.0011028201206297
960.0,30.0,0.3,0.6629819733521469,0.0,0.0430368045019245
961.0,0.0,0.0,0.0,0.0,-0.055059708385788
962.0,0.0,0.0,43.48,0.0,-0.0798564513798401
963.0,30.0,0.3,0.2884668010661871,0.0,0.0215837486768565
964.0,30.0,0.3,0.8265595613406025,0.0,0.0673148922013684
965.0,30.0,0.3,1.254572695738765,0.0,0.0783716076798329
966.0,30.0,0.3,0.9507681770816592,0.0,0.065998068657619
967.0,30.0,0.3,1.4848875639668648,0.0,0.1610157844249474
971.0,30.0,0.3,1.0362434501927196,0.0,0.0688625365625146
972.0,30.0,0.3,0.4513353865850016,0.0,0.035616744522175
973.0,30.0,0.3,0.2307272932132399,0.0,0.0312511571465854
974.0,0.0,0.0,0.0,0.0,-0.0336435198231699
975.0,30.0,0.3,0.4136793673887578,0.0,0.0321354282132182
976.0,30.0,0.3,0.1551020459090043,0.0,0.0115713254184575
977.0,0.0,0.0,47.91,0.0,-0.0581345273141139
978.0,0.0,0.0,0.0,0.0,-0.002521864571448
979.0,0.0,0.0,0.0,0.0,-0.0907681917189277
981.0,30.0,0.3,0.8014708743001184,0.0,0.082430409780944
983.0,0.0,0.0,0.0,0.0,-0.0278948046733162
986.0,30.0,0.3,37.74477380859121,10.935,0.1184063839589582
989.0,30.0,0.3,38.61408565188732,11.156999999999998,0.127640553185204
990.0,30.0,0.3,0.4532659735029898,0.0,0.0378099744330155
991.0,30.0,0.3,0.7427440812590755,0.0,0.0689449625228883
994.0,0.0,0.0,0.0,0.0,-0.0883548674811381
995.0,30.0,0.3,20.88863222080876,6.06,0.1136356800014457
996.0,30.0,0.3,37.16908200394476,10.674,0.1488740869350533
998.0,0.0,0.0,0.0,0.0,-0.0442298801616697
999.0,30.0,0.3,1.0028014417393023,0.0,0.0840500747413714
1001.0,30.0,0.3,0.705024330027569,0.0,0.0637223725621447
1003.0,0.0,0.0,36.26,0.0,-0.023033209344615
1004.0,30.0,0.3,61.94143755964872,17.682,0.1697453658889673
1006.0,30.0,0.3,40.57921781460921,11.357999999999999,0.2394099150034521
1008.0,0.0,0.0,0.0,0.0,-0.0250947506221155
1009.0,30.0,0.3,41.214130554662816,11.955,0.1141054416280064
1010.0,30.0,0.3,0.4993944153636485,0.0,0.0361408608600122
1011.0,30.0,0.3,0.095162593710873,0.0,0.0165040918679974
1014.0,0.0,0.0,0.0,0.0,-0.1489201562682404
1015.0,30.0,0.3,1.1918110982146426,0.0,0.1607080768897846
1016.0,30.0,0.3,31.23176370474758,8.991,0.140336303497673
1018.0,30.0,0.3,0.9133814228373957,0.0,0.0781068430680174
1019.0,30.0,0.3,42.41519159610139,12.309,0.1125348603543252
1021.0,0.0,0.0,0.0,0.0,-0.0169523902164652
1022.0,0.0,0.0,49.14,0.0,-0.100931449403227
1024.0,30.0,0.3,44.53494779249254,12.764999999999999,0.1554992395215466
1025.0,30.0,0.3,0.0756043109177487,0.0,0.0504028739451658
1026.0,0.0,0.0,0.0,0.0,-0.1519706791759199
1027.0,0.0,0.0,0.0,0.0,-0.0187591366772434
1028.0,30.0,0.3,28.58466777539053,8.238,0.1365219440872213
1029.0,30.0,0.3,38.73035731663487,11.151,0.1399298104775242
1030.0,0.0,0.0,40.32,0.0,-0.0566564608169265
1031.0,0.0,0.0,0.0,0.0,-0.0411082641075236
1033.0,30.0,0.3,0.2242268755782526,0.0,0.0171860868842073
1034.0,0.0,0.0,35.51,0.0,-0.0885165553646303
1035.0,0.0,0.0,0.0,0.0,-0.1058253498229764
1037.0,30.0,0.3,0.5556170346553234,0.0,0.0681655054171664
1039.0,30.0,0.3,0.4475953751089487,0.0,0.0418274343621109
1043.0,0.0,0.0,30.07,0.0,-0.0775041118917948
1044.0,30.0,0.3,0.5221181199333575,0.0,0.060767937608631
1045.0,0.0,0.0,46.25,0.0,-0.1017226134543858
1046.0,0.0,0.0,19.49,0.0,-0.0051943531992416
1047.0,30.0,0.3,0.1936237245438063,0.0,0.0152796499797827
1048.0,0.0,0.0,42.22,0.0,-0.0087058222588939
1049.0,30.0,0.3,0.0697978886110437,0.0,0.0060243301062527
1050.0,30.0,0.3,0.3658478177545841,0.0,0.044719205201636
1052.0,30.0,0.3,0.5780408038820377,0.0,0.0609940702629564
1053.0,0.0,0.0,0.0,0.0,-0.0247735581011873
1055.0,30.0,0.3,0.5894040371646478,0.0,0.0597712237262598
1056.0,30.0,0.3,1.011687677454285,0.0,0.0804075407291595
1057.0,30.0,0.3,0.3764793246358044,0.0,0.0289421375027525
1059.0,0.0,0.0,0.0,0.0,-0.1268937297281315
1060.0,0.0,0.0,0.0,0.0,-0.0256147508422044
1061.0,30.0,0.3,0.2883843631338292,0.0,0.0358152462908382
1062.0,30.0,0.3,0.5353263058538166,0.0,0.0589112254708723
1063.0,30.0,0.3,1.0995354894859968,0.0,0.0954209398148049
1064.0,30.0,0.3,0.4680016855747631,0.0,0.0427164736742208
1065.0,0.0,0.0,0.0,0.0,-0.0402710258687789
1066.0,30.0,0.3,1.2868498292497814,0.0,0.1165624845334947
1067.0,0.0,0.0,0.0,0.0,-0.043008228393345
1068.0,0.0,0.0,43.55,0.0,-0.0366250093773551
1069.0,0.0,0.0,44.04,0.0,-0.0702411426466395
1070.0,30.0,0.3,28.893479768839885,8.334,0.1336068837100892
1072.0,30.0,0.3,0.9969997446347006,0.0,0.1105198697078706
1073.0,30.0,0.3,33.7565152469813,9.719999999999999,0.1395591817881999
1074.0,0.0,0.0,0.0,0.0,-0.0587615845318011
1075.0,30.0,0.3,0.6526749593750639,0.0,0.0517011216235
1076.0,30.0,0.3,0.5366093785178621,0.0,0.0530298822529758
1077.0,30.0,0.3,48.33897626827586,13.827,0.1626510644590919
1078.0,30.0,0.3,0.6696724428867983,0.0,0.0656348566977162
1080.0,30.0,0.3,0.5942631334810249,0.0,0.0593966150405822
1081.0,30.0,0.3,1.187447485951414,0.0,0.1154992204991162
1082.0,30.0,0.3,0.396704737435873,0.0,0.0571209125177643
1083.0,0.0,0.0,43.21,0.0,-0.0940034801931251
1084.0,30.0,0.3,12.060394575324828,3.423,0.1900071794697128
1085.0,30.0,0.3,39.22282393858339,11.177999999999999,0.1755970601702799
1087.0,30.0,0.3,0.9411740880663636,0.0,0.093204009513405
1088.0,0.0,0.0,0.0,0.0,-0.03219459316424
1091.0,30.0,0.3,0.4042972683516336,0.0,0.0337251641934963
1094.0,30.0,0.3,0.0857893754427655,0.0,0.010548306337485
1096.0,30.0,0.3,1.565932162160904,0.0,0.0938301972653187
1097.0,30.0,0.3,1.7740348102399084,0.0,0.1106972925396174
1098.0,0.0,0.0,40.45,0.0,-0.0158157043313125
1100.0,30.0,0.3,0.9192891998387276,0.0,0.1158524511453973
1101.0,0.0,0.0,54.39,0.0,-0.0049690230075689
1102.0,30.0,0.3,0.8193111302588276,0.0,0.0649164987131628
1103.0,30.0,0.3,41.38455206844966,11.877,0.1510947266523242
1104.0,30.0,0.3,41.82659331818999,12.102,0.1228386480077658
1105.0,30.0,0.3,0.9455187323075868,0.0,0.0953913168187638
1106.0,0.0,0.0,0.0,0.0,-0.0646630490395111
1107.0,0.0,0.0,0.0,0.0,-0.0990572357347616
1109.0,0.0,0.0,53.48,0.0,-0.0306622356850717
1111.0,30.0,0.3,38.84692897664166,11.214,0.1308122861282015
1112.0,30.0,0.3,0.6437854401434417,0.0,0.0488827213472621
1113.0,0.0,0.0,42.72,0.0,-0.0476813012333228
1114.0,30.0,0.3,0.1491801183758771,0.0,0.026478544262669
1117.0,0.0,0.0,0.0,0.0,-0.0713936989118769
1120.0,0.0,0.0,0.0,0.0,-0.0402595055646621
1121.0,30.0,0.3,0.4494814712231408,0.0,0.0303355248176514
1122.0,30.0,0.3,3.234252569337913,0.0,0.1891044009435721
1123.0,30.0,0.3,25.619540259288563,7.343999999999999,0.1551661573105342
1124.0,30.0,0.3,32.357703164906795,9.12,0.2146604347485519
1126.0,30.0,0.3,0.3894823942605721,0.0,0.0460707823823719
1127.0,0.0,0.0,54.32,0.0,-0.0308638913348799
1128.0,30.0,0.3,1.1194016576790713,0.0,0.1257189642496711
1129.0,30.0,0.3,0.2613249899023031,0.0,0.0202577511552173
1131.0,30.0,0.3,23.345374349947697,6.686999999999999,0.1578247868921335
1133.0,30.0,0.3,1.3167139582456586,0.0,0.1185267763296119
1134.0,0.0,0.0,36.99,0.0,-0.066921128195798
1135.0,0.0,0.0,45.14,0.0,-0.0035770693999704
1136.0,0.0,0.0,0.0,0.0,-0.0201500779744034
1138.0,30.0,0.3,27.762531493195304,7.953,0.1574917003891994
1139.0,30.0,0.3,0.7087014546906631,0.0,0.066060911138205
1140.0,0.0,0.0,0.0,0.0,-0.016283065670513
1141.0,30.0,0.3,0.7149933786087344,0.0,0.0362535938854444
1143.0,0.0,0.0,46.49,0.0,-0.016597575353343
1145.0,30.0,0.3,0.3980376844522962,0.0,0.0222915369876958
1146.0,30.0,0.3,0.3185165803493507,0.0,0.0276562108491231
1147.0,30.0,0.3,1.257586288983069,0.0,0.1574738653873114
1148.0,30.0,0.3,32.11338292723083,9.246,0.1398856724238407
1149.0,0.0,0.0,17.49,0.0,-0.0006894681220801
1151.0,30.0,0.3,0.8522355044875883,0.0,0.0713585786224222
1152.0,0.0,0.0,47.61,0.0,-0.0858020286036264
1153.0,30.0,0.3,0.9177858958173676,0.0,0.0754075996892094
1154.0,30.0,0.3,0.1739954644812664,0.0,0.0169983845722222
1155.0,30.0,0.3,58.37587221408887,16.668,0.1689388177399126
1156.0,30.0,0.3,0.0176568137496428,0.0,0.0010241177280693
1157.0,0.0,0.0,0.0,0.0,-0.0648151296785209
1158.0,0.0,0.0,36.25,0.0,-0.0002842613165736
1159.0,0.0,0.0,38.08,0.0,-0.0181929269330574
1161.0,30.0,0.3,0.0710028180239334,0.0,0.0052131290766471
1162.0,0.0,0.0,0.0,0.0,-5.588374769348856e-06
1163.0,30.0,0.3,1.0759390804067193,0.0,0.1110704119342128
1165.0,30.0,0.3,39.78640370661144,11.481,0.1320794100349651
1167.0,30.0,0.3,1.2452261134932487,0.0,0.0690756151047456
1168.0,30.0,0.3,0.0488768964160594,0.0,0.0142539797072206
1169.0,30.0,0.3,1.055944303448152,0.0,0.10068118835318
1170.0,30.0,0.3,1.059721939021918,0.0,0.0865149758365514
1171.0,0.0,0.0,0.0,0.0,-0.1258000367684194
1172.0,0.0,0.0,37.36,0.0,-0.0440106262755724
1174.0,30.0,0.3,22.91720275467374,6.590999999999999,0.1437115391706476
1176.0,0.0,0.0,0.0,0.0,-0.1700601362906226
1177.0,0.0,0.0,41.59,0.0,-0.071397964872647
1181.0,30.0,0.3,0.2219181592494875,0.0,0.0248147332270477
1182.0,0.0,0.0,36.05,0.0,-0.0025774677814067
1183.0,30.0,0.3,0.3509416841397227,0.0,0.1170976590389465
1184.0,30.0,0.3,0.1309929337140623,0.0,0.0115636417473572
1187.0,0.0,0.0,0.0,0.0,-0.0655436997824257
1188.0,0.0,0.0,48.07,0.0,-0.0917476361127954
1190.0,30.0,0.3,0.1207449713316869,0.0,0.0077148406703525
1191.0,30.0,0.3,1.282770572175732,0.0,0.0858614840813743
1192.0,30.0,0.3,1.89965810903587,0.0,0.103670492743717
1193.0,30.0,0.3,0.6754653955152344,0.0,0.1115734052717599
1194.0,30.0,0.3,47.09469358238729,13.596,0.1305305665186297
1195.0,30.0,0.3,0.1514189361131312,0.0,0.0093520434879335
1196.0,0.0,0.0,0.0,0.0,-0.0495398379077077
1197.0,0.0,0.0,11.15,0.0,-0.0462595601537363
1198.0,0.0,0.0,0.0,0.0,-0.0104466808324837
1199.0,0.0,0.0,0.0,0.0,-0.0134603228063859
1201.0,30.0,0.3,1.3460505411790624,0.0,0.1177338005054721
1202.0,30.0,0.3,33.646818588901496,9.45,0.2271765702541264
1203.0,30.0,0.3,0.9125347987026398,0.0,0.085419339015505
1206.0,30.0,0.3,0.4781347452687901,0.0,0.0756781806376686
1207.0,30.0,0.3,1.1603966637204672,0.0,0.0763067445071656
1208.0,0.0,0.0,41.48,0.0,-0.0476613589537472
1209.0,0.0,0.0,42.69,0.0,-0.0361408380124801
1210.0,30.0,0.3,1.6012228948935396,0.0,0.1430940924837837
1211.0,30.0,0.3,27.196328363949803,7.811999999999999,0.1480195038338203
1213.0,30.0,0.3,0.8250480971771811,0.0,0.0530407005578387
1215.0,0.0,0.0,0.0,0.0,-0.013250104403614
1216.0,0.0,0.0,46.35,0.0,-0.0289619003433296
1217.0,30.0,0.3,0.5106823639895393,0.0,0.0635888885555397
1218.0,30.0,0.3,0.3823203179853862,0.0,0.0487156368482908
1219.0,0.0,0.0,0.0,0.0,-0.0216013272601445
1220.0,0.0,0.0,31.18,0.0,-0.0328890543231531
1222.0,30.0,0.3,39.692223068143264,11.306999999999999,0.1770781876840244
1224.0,30.0,0.3,1.2986445657160908,0.0,0.10514489237439
1225.0,0.0,0.0,0.0,0.0,-0.0484637850987395
1226.0,0.0,0.0,48.13,0.0,-0.2019817598392254
1228.0,0.0,0.0,0.0,0.0,-0.0187049298893274
1230.0,30.0,0.3,43.463048166791154,12.555,0.128478547733266
1231.0,0.0,0.0,43.35,0.0,-0.0762229894885186
1232.0,30.0,0.3,0.5172326337027199,0.0,0.0459517265194314
1233.0,0.0,0.0,41.35,0.0,-0.0352711865646867
1234.0,30.0,0.3,1.8435585525861935,0.0,0.1193705356504917
1235.0,0.0,0.0,37.61,0.0,-0.0258124647940232
1236.0,0.0,0.0,0.0,0.0,-0.0198200138659578
1237.0,0.0,0.0,0.0,0.0,-0.0653116893514652
1239.0,0.0,0.0,0.0,0.0,-0.009065331168681
1242.0,0.0,0.0,44.12,0.0,-0.0958262553933226
1244.0,0.0,0.0,42.92,0.0,-0.0543076127955535
1245.0,0.0,0.0,0.0,0.0,-0.007328356846755
1246.0,0.0,0.0,0.0,0.0,-0.0093023028653222
1247.0,30.0,0.3,37.78706252950533,10.755,0.1801080920042143
1248.0,30.0,0.3,1.438821178849401,0.0,0.1627994092384477
1249.0,0.0,0.0,47.24,0.0,-0.030963401679723
1252.0,30.0,0.3,2.279922534098004,0.0,0.1527893401754459
1253.0,0.0,0.0,0.0,0.0,-0.1077993446141633
1254.0,30.0,0.3,0.3502429938416666,0.0,0.0487260703730755
1255.0,0.0,0.0,32.46,0.0,-0.0548532400555959
1260.0,30.0,0.3,1.7012767878681994,0.0,0.1888419122952824
1262.0,30.0,0.3,1.15840969476391,0.0,0.102260742828735
1266.0,30.0,0.3,1.6479564906131678,0.0,0.170914384008833
1267.0,30.0,0.3,41.90321786065098,12.084,0.1343278600340105
1268.0,30.0,0.3,0.1516113272175784,0.0,0.0101134899084503
1269.0,30.0,0.3,36.918832983497495,10.713,0.1128379523473814
1270.0,30.0,0.3,38.869918097989824,10.929,0.2232517245850332
1273.0,0.0,0.0,0.0,0.0,-0.0091691956397529
1276.0,0.0,0.0,38.36,0.0,-0.0070255479171423
1278.0,0.0,0.0,44.2,0.0,-0.0152014463256822
1279.0,0.0,0.0,0.0,0.0,-0.0442481221460424
1282.0,0.0,0.0,0.0,0.0,-0.0063099457166412
1283.0,30.0,0.3,0.6056656077500252,0.0,0.0627567721220625
1284.0,0.0,0.0,0.0,0.0,-0.0435767841096646
1286.0,30.0,0.3,36.09818132461245,10.452,0.120377088080027
1288.0,30.0,0.3,0.9585786169578696,0.0,0.0954379347827429
1290.0,0.0,0.0,33.01,0.0,-0.0142281644351721
1292.0,0.0,0.0,31.8,0.0,-0.005582853070576
1293.0,30.0,0.3,39.25971446219749,11.357999999999999,0.1232359977282524
1294.0,30.0,0.3,0.4006644316732445,0.0,0.043193664475339
1295.0,0.0,0.0,0.0,0.0,-0.0403300294308238
1296.0,30.0,0.3,0.0250184633492506,0.0,0.0033478473637429
1297.0,30.0,0.3,0.3388574256556827,0.0,0.045126837881966
1300.0,30.0,0.3,0.4332648523434242,0.0,0.0360693350269251
1301.0,30.0,0.3,0.4524534191005094,0.0,0.0295605265321122
1302.0,0.0,0.0,0.0,0.0,-0.0292558275868082
1305.0,30.0,0.3,0.9272128916339926,0.0,0.0503865281835666
1306.0,30.0,0.3,0.1468448016900012,0.0,0.017431719099003
1307.0,30.0,0.3,0.9810406596250624,0.0,0.1377479162629967
1309.0,30.0,0.3,0.2365806199185849,0.0,0.020467222070991
1310.0,30.0,0.3,0.3933825560181062,0.0,0.0354398699115411
1311.0,30.0,0.3,0.0050500432769384,0.0,0.0004942301112682
1312.0,30.0,0.3,54.5298557905883,15.665999999999999,0.1474438778621412
1313.0,30.0,0.3,0.6740077098140058,0.0,0.058737055321482
1315.0,0.0,0.0,49.58,0.0,-0.058576673941171
1316.0,0.0,0.0,58.58,0.0,-0.0134527217538495
1318.0,30.0,0.3,0.3266702267490035,0.0,0.0382473043846158
1319.0,0.0,0.0,0.0,0.0,-0.0102928232386145
1321.0,30.0,0.3,24.5654339648213,7.071,0.1407769714073395
1322.0,30.0,0.3,0.1425166342778503,0.0,0.0170699046925201
1323.0,0.0,0.0,41.98,0.0,-0.0412621814004718
1324.0,30.0,0.3,1.085768805618179,0.0,0.1391476106136331
1326.0,30.0,0.3,1.6212892737856546,0.0,0.0883199473653459
1327.0,0.0,0.0,0.0,0.0,-0.0435683633135787
1329.0,30.0,0.3,1.3729471181875232,0.0,0.1062570325971305
1332.0,0.0,0.0,0.0,0.0,-0.0002315231609701
1334.0,0.0,0.0,46.23,0.0,-0.0162227273791934
1335.0,30.0,0.3,1.4874958083649856,0.0,0.1756400765574431
1336.0,0.0,0.0,22.32,0.0,-0.0827466816106096
1337.0,30.0,0.3,35.44403783911676,10.056000000000001,0.1913323229034166
1340.0,0.0,0.0,0.0,0.0,-0.0769608334531317
1341.0,30.0,0.3,0.3693975217623259,0.0,0.0398745165978331
1342.0,30.0,0.3,1.24167584281923,0.0,0.1003617719705165
1345.0,30.0,0.3,0.814883960238068,0.0,0.0891167935518447
1346.0,30.0,0.3,0.2693494442689048,0.0,0.0202716523119519
1348.0,0.0,0.0,21.51,0.0,-0.0095418798341385
1349.0,0.0,0.0,0.0,0.0,-0.012155876685526
1350.0,30.0,0.3,0.4335004686858921,0.0,0.0418598366826856
1351.0,30.0,0.3,0.7328496253479344,0.0,0.0690650857928503
1352.0,0.0,0.0,0.0,0.0,-0.0540078733114425
1353.0,30.0,0.3,0.60099609057656,0.0,0.049028886488543
1354.0,30.0,0.3,0.0211995928164314,0.0,0.0021361943587698
1356.0,30.0,0.3,40.54401941935127,11.540999999999999,0.1797088137380874
1357.0,0.0,0.0,44.52,0.0,-0.0157903276141003
1358.0,30.0,0.3,31.801410910948213,9.036,0.1860791180774916
1359.0,0.0,0.0,47.27,0.0,-0.0151379204366438
1360.0,30.0,0.3,35.552816661767004,10.317,0.1127087973022202
1361.0,0.0,0.0,0.0,0.0,-0.0449142872597835
1362.0,30.0,0.3,0.4857879260276654,0.0,0.0303295202614513
1363.0,30.0,0.3,0.6215808116590188,0.0,0.0616464159138172
1365.0,30.0,0.3,38.7046848719805,11.145,0.1394961751440562
1366.0,0.0,0.0,46.64,0.0,-0.0603751748856508
1367.0,30.0,0.3,1.2887716291355085,0.0,0.105914828166955
1368.0,30.0,0.3,34.47784824271778,9.879,0.156680660260936
1369.0,30.0,0.3,2.73354130303425,0.0,0.2181945484542026
1370.0,30.0,0.3,1.131488433415298,0.0,0.0806420378743709
1371.0,30.0,0.3,0.7420536230621492,0.0,0.0794575032725291
1373.0,30.0,0.3,0.1253724427603101,0.0,0.0125122198363583
1374.0,0.0,0.0,0.0,0.0,-0.1029018158896322
1375.0,30.0,0.3,1.4799945833447996,0.0,0.1619072949726288
1376.0,30.0,0.3,1.373319502448333,0.0,0.1363637674956144
1377.0,30.0,0.3,30.50044167835896,8.832,0.1200681248141932
1378.0,30.0,0.3,0.2840054581471102,0.0,0.0204379287670632
1379.0,30.0,0.3,0.5138571511972856,0.0,0.0393579313110666
1381.0,0.0,0.0,35.57,0.0,-0.0009243360002346
1382.0,30.0,0.3,0.1666621232830517,0.0,0.0155526430835248
1383.0,0.0,0.0,0.0,0.0,-0.0492211921351518
1385.0,0.0,0.0,0.0,0.0,-0.0120360841866511
1387.0,0.0,0.0,48.8,0.0,-0.0233503113061959
1388.0,30.0,0.3,0.3417697943001149,0.0,0.0627676389899201
1391.0,30.0,0.3,0.0968939966069722,0.0,0.0085309030293161
1392.0,30.0,0.3,0.1469477892495392,0.0,0.0176386735385355
1393.0,0.0,0.0,34.83,0.0,-0.0191582299977419
1394.0,0.0,0.0,0.0,0.0,-0.0759063878253704
1395.0,0.0,0.0,0.0,0.0,-0.0264345618815255
1396.0,0.0,0.0,38.98,0.0,-0.0018921545720716
1397.0,0.0,0.0,0.0,0.0,-0.0222274163759902
1398.0,30.0,0.3,31.19797265818457,8.955,0.150527376681694
1400.0,0.0,0.0,0.0,0.0,-0.0760895322956289
1401.0,30.0,0.3,2.208618679185792,0.0,0.1566729573090581
1402.0,0.0,0.0,44.08,0.0,-0.0545484981175206
1404.0,30.0,0.3,1.030078020322466,0.0,0.1116615740186955
1405.0,0.0,0.0,46.05,0.0,-0.0349190148513266
1408.0,0.0,0.0,0.0,0.0,-0.0560984760071686
1409.0,30.0,0.3,21.602481619885012,6.039,0.2438287166559062
1410.0,0.0,0.0,47.82,0.0,-0.0408092049431964
1411.0,30.0,0.3,0.4526762873263396,0.0,0.0394386031822913
1413.0,30.0,0.3,16.00034608994467,4.629,0.1232115121937069
1414.0,30.0,0.3,63.67719741628825,18.282,0.1497208957602152
1415.0,0.0,0.0,0.0,0.0,-0.0474594936672497
1416.0,30.0,0.3,31.554287506918044,8.886,0.2176780899074996
1420.0,30.0,0.3,0.2010328876020341,0.0,0.018956425044982
1421.0,30.0,0.3,42.65953416462568,12.068999999999999,0.2013036842013163
1422.0,30.0,0.3,1.1393518373689673,0.0,0.0762465259565661
1423.0,30.0,0.3,0.8617784518997128,0.0,0.1272749153595795
1424.0,30.0,0.3,2.331025162442684,0.0,0.1384054840543097
1426.0,30.0,0.3,62.93574665854769,17.877,0.1871536979665319
1428.0,0.0,0.0,0.0,0.0,-0.0694604755795212
1429.0,30.0,0.3,49.47135535520086,13.793999999999999,0.2531068113093277
1430.0,30.0,0.3,0.2051361687042864,0.0,0.0232422579542586
1431.0,30.0,0.3,41.19093075195006,11.786999999999999,0.1612735006320576
1432.0,0.0,0.0,35.67,0.0,-0.0119040397815146
1433.0,30.0,0.3,1.1440559181859098,0.0,0.152601829823384
1435.0,30.0,0.3,0.2930195801579295,0.0,0.028659974585087
1437.0,0.0,0.0,0.0,0.0,-0.0413804485412587
1438.0,30.0,0.3,0.5122804632310564,0.0,0.0455360411760939
1441.0,0.0,0.0,0.0,0.0,-0.0680847162084472
1442.0,0.0,0.0,38.41,0.0,-0.0113106351244529
1443.0,30.0,0.3,50.17299600534633,14.31,0.1728159332876535
1444.0,30.0,0.3,0.9772011048383712,0.0,0.0819868365499095
1447.0,0.0,0.0,62.18,0.0,-0.1006016350311502
1448.0,0.0,0.0,37.08,0.0,-0.0333156283747229
1449.0,0.0,0.0,0.0,0.0,-0.0870257929416714
1450.0,0.0,0.0,50.54,0.0,-0.01620508005737
1453.0,30.0,0.3,0.4697756762869898,0.0,0.0377876187489535
1456.0,0.0,0.0,35.13,0.0,-0.0328629216364767
1458.0,0.0,0.0,0.0,0.0,-0.1373388329477298
1459.0,0.0,0.0,0.0,0.0,-0.0715698463332887
1461.0,30.0,0.3,0.5015029129392781,0.0,0.0377524023591748
1462.0,30.0,0.3,0.5993924124374367,0.0,0.0557470621686604
1463.0,30.0,0.3,0.6659756529139225,0.0,0.0738741711496309
1464.0,0.0,0.0,0.0,0.0,-0.0231261752398913
1465.0,0.0,0.0,0.0,0.0,-0.0395908998741454
1466.0,30.0,0.3,19.60064856178213,5.685,0.1144500548429431
1467.0,30.0,0.3,0.0805225400109625,0.0,0.0064754756743838
1468.0,0.0,0.0,0.0,0.0,-0.0305445259123826
1469.0,30.0,0.3,51.7689927931953,14.76,0.1740510022490038
1471.0,30.0,0.3,1.4844842528804154,0.0,0.1277635125983661
1473.0,0.0,0.0,36.19,0.0,-0.0615199077218258
1475.0,30.0,0.3,0.624761278257676,0.0,0.0633182606929843
1477.0,0.0,0.0,0.0,0.0,-0.0894859218400064
1478.0,30.0,0.3,0.1998064078300633,0.0,0.035164802504411
1479.0,0.0,0.0,43.71,0.0,-0.0009191179577537
1483.0,0.0,0.0,0.0,0.0,-0.1389897849497852
1485.0,0.0,0.0,45.76,0.0,-0.037957371889145
1487.0,30.0,0.3,2.0713590146553,0.0,0.2271974349737084
1489.0,0.0,0.0,37.86,0.0,-0.0192010438714806
1490.0,30.0,0.3,0.1579687558345225,0.0,0.0128367264614434
1491.0,0.0,0.0,38.78,0.0,-0.0176832409078503
1492.0,30.0,0.3,1.2986117716373842,0.0,0.1792424805572649
1493.0,30.0,0.3,18.080505461901467,5.2139999999999995,0.1343508749331544
1494.0,30.0,0.3,29.25025678056806,8.442,0.1315158470229874
1495.0,30.0,0.3,1.1721542570145076,0.0,0.1512066895013555
1497.0,30.0,0.3,0.946324214438013,0.0,0.0693277812775101
1498.0,30.0,0.3,0.3867977569508919,0.0,0.0326411609241259
1499.0,30.0,0.3,0.762323598224883,0.0,0.0615273283474482
1502.0,0.0,0.0,0.0,0.0,-0.0519597523287678
1503.0,30.0,0.3,2.226380105932152,0.0,0.140954739216977
1504.0,0.0,0.0,49.49,0.0,-0.0837884156573025
1506.0,30.0,0.3,1.19349100952761,0.0,0.0787003633054804
1507.0,30.0,0.3,0.7889706329831845,0.0,0.1223779483454606
1509.0,0.0,0.0,0.0,0.0,-0.0582734380535424
1511.0,0.0,0.0,22.36,0.0,-0.0180332350101899
1512.0,30.0,0.3,1.1849123178455223,0.0,0.128780819241987
1514.0,0.0,0.0,0.0,0.0,-0.0466462037160296
1515.0,30.0,0.3,0.3485471554217082,0.0,0.0602293339246083
1516.0,30.0,0.3,1.4805671371873173,0.0,0.1656671295946422
1517.0,30.0,0.3,0.3257505155887814,0.0,0.0240761652319868
1518.0,0.0,0.0,0.0,0.0,-0.0196033172644108
1520.0,30.0,0.3,0.594209215530871,0.0,0.0716864779262723
1521.0,30.0,0.3,0.8881135278284782,0.0,0.0679453391346093
1522.0,0.0,0.0,55.2,0.0,-0.0173726365619011
1525.0,30.0,0.3,31.466996724637585,9.116999999999999,0.1181306048741457
1526.0,30.0,0.3,2.1111519819085345,0.0,0.1497270909154989
1527.0,0.0,0.0,0.0,0.0,-0.0690757581959799
1529.0,0.0,0.0,0.0,0.0,-0.0042233236248699
1530.0,30.0,0.3,20.246329366091768,5.819999999999999,0.145417416854256
1531.0,30.0,0.3,39.53911542497881,11.433,0.1249991625101732
1533.0,0.0,0.0,42.53,0.0,-0.0556673292919826
1534.0,0.0,0.0,0.0,0.0,-0.0090101097065773
1535.0,30.0,0.3,0.5068294323341249,0.0,0.0749193543731153
1537.0,30.0,0.3,0.2316770260570902,0.0,0.0549258003928616
1538.0,30.0,0.3,0.5671592031844267,0.0,0.0430939292747076
1539.0,30.0,0.3,36.861244970453726,10.578,0.1513750208407759
1540.0,30.0,0.3,0.2067690177099238,0.0,0.0161753123452964
1541.0,30.0,0.3,0.6714504855558091,0.0,0.0694220932129662
1542.0,30.0,0.3,1.587331559235995,0.0,0.0812765775338451
1543.0,30.0,0.3,41.083849369647616,11.88,0.1249031455932337
1544.0,30.0,0.3,1.3338124327128564,0.0,0.1223120066678456
1545.0,30.0,0.3,1.7796582656382365,0.0,0.1058564278871185
1546.0,0.0,0.0,27.23,0.0,-0.0685662131676759
1547.0,0.0,0.0,42.47,0.0,-0.1120472996800935
1548.0,0.0,0.0,44.89,0.0,-0.0225169228590302
1550.0,30.0,0.3,0.3596166793182778,0.0,0.0537302673417418
1551.0,0.0,0.0,0.0,0.0,-0.057621598765905
1552.0,30.0,0.3,27.07910618934722,7.818,0.1303538231449499
1553.0,30.0,0.3,0.6165918535061014,0.0,0.070799386095545
1554.0,30.0,0.3,0.2041988127090325,0.0,0.0167362357764964
1555.0,30.0,0.3,0.6696892923847727,0.0,0.0919397710577667
1556.0,30.0,0.3,41.09260304785274,11.915999999999999,0.1151899167382296
1558.0,30.0,0.3,1.0341959105253065,0.0,0.0852452943064051
1559.0,0.0,0.0,33.41,0.0,-0.0315758981756562
1560.0,30.0,0.3,32.09817274746671,9.098999999999998,0.1943260520350277
1562.0,30.0,0.3,0.6323983120300909,0.0,0.0595983707501735
1563.0,30.0,0.3,0.0628435389321384,0.0,0.0059308738139051
1564.0,30.0,0.3,1.296085044701154,0.0,0.1437698330228679
1566.0,0.0,0.0,0.0,0.0,-0.0783043360337406
1568.0,0.0,0.0,0.0,0.0,-0.0236753974288258
1569.0,30.0,0.3,0.3114330952693546,0.0,0.0333154787408381
1570.0,30.0,0.3,0.5095211374921006,0.0,0.0698069786946295
1571.0,0.0,0.0,42.44,0.0,-0.0995737000424746
1573.0,30.0,0.3,0.8573659680914574,0.0,0.0700119196547001
1574.0,30.0,0.3,1.2919095204251754,0.0,0.1463256903868134
1575.0,30.0,0.3,35.15765689177009,10.104,0.1462447438410618
1576.0,0.0,0.0,43.28,0.0,-0.0585778761521032
1577.0,30.0,0.3,29.076100536157167,8.43,0.1157889129486553
1579.0,30.0,0.3,1.8509146056284944,0.0,0.2044983543949281
1580.0,30.0,0.3,41.93782566668014,12.081000000000001,0.138053610353459
1581.0,30.0,0.3,0.2066038691979902,0.0,0.0369265181765845
1582.0,30.0,0.3,1.6664518137174826,0.0,0.183086334181222
1583.0,0.0,0.0,49.28,0.0,-0.0929019721352042
1585.0,0.0,0.0,0.0,0.0,-0.0544136625054336
1586.0,0.0,0.0,0.0,0.0,-0.0559260016459144
1587.0,30.0,0.3,0.9962671482291224,0.0,0.0773019202536563
1588.0,0.0,0.0,0.0,0.0,-0.0072717485088507
1589.0,30.0,0.3,1.102323602900943,0.0,0.1265729248938963
1590.0,30.0,0.3,37.680629243688095,10.872,0.1325082085805828
1592.0,30.0,0.3,0.5300725317923155,0.0,0.0474975386910677
1593.0,30.0,0.3,0.5987325430900916,0.0,0.0661729159029721
1594.0,0.0,0.0,0.0,0.0,-0.0163750633276424
1595.0,30.0,0.3,0.640206236743146,0.0,0.0993491987497123
1596.0,30.0,0.3,41.99613303209794,12.087,0.1411543833952133
1597.0,30.0,0.3,0.2208047173769568,0.0,0.0226187991576477
1598.0,0.0,0.0,0.0,0.0,-0.0370987058074499
1599.0,30.0,0.3,38.62285488561404,11.142,0.1330869579621285
1600.0,0.0,0.0,35.7,0.0,-0.0100374991724972
1602.0,0.0,0.0,42.01,0.0,-0.0422067512779253
1603.0,30.0,0.3,1.484199111859333,0.0,0.0806936938976422
1604.0,0.0,0.0,0.0,0.0,-0.0564423274928511
1605.0,0.0,0.0,0.0,0.0,-0.0330351418375097
1606.0,30.0,0.3,0.1489237689688095,0.0,0.0205383766334036
1608.0,30.0,0.3,38.26157373801598,11.034,0.1342734944730815
1609.0,30.0,0.3,1.3302162338033052,0.0,0.0844420893673145
1610.0,30.0,0.3,1.649061209890431,0.0,0.1362973146450476
1611.0,0.0,0.0,24.69,0.0,-0.0412212929579
1612.0,30.0,0.3,0.287199331958962,0.0,0.0764031210319133
1614.0,30.0,0.3,1.4166739387437777,0.0,0.1075682565485025
1615.0,0.0,0.0,0.0,0.0,-0.0326762890808095
1616.0,0.0,0.0,42.44,0.0,-0.0528709767930732
1617.0,0.0,0.0,53.35,0.0,-0.0128570813414608
1618.0,0.0,0.0,41.13,0.0,-0.0796112526264471
1619.0,30.0,0.3,2.337381021311393,0.0,0.1963031008072053
1621.0,0.0,0.0,0.0,0.0,-0.1112927743804689
1622.0,0.0,0.0,0.0,0.0,-0.1115579782965535
1623.0,30.0,0.3,0.6478109654809578,0.0,0.0480393745258404
1626.0,30.0,0.3,44.59549787118507,12.468,0.2434630952185646
1627.0,0.0,0.0,0.0,0.0,-0.0328557497583265
1628.0,30.0,0.3,1.4334735674384562,0.0,0.1699233721477544
1629.0,30.0,0.3,1.0751353781126858,0.0,0.1217318136450052
1630.0,0.0,0.0,32.32,0.0,-0.0242110916687873
1631.0,30.0,0.3,1.4026238297578717,0.0,0.180448196289447
1633.0,0.0,0.0,0.0,0.0,-0.0657110798363655
1634.0,30.0,0.3,0.8388712340518806,0.0,0.1042983008892056
1635.0,30.0,0.3,0.5588886918501037,0.0,0.0852614327765223
1636.0,30.0,0.3,0.1282900131580285,0.0,0.0107526622377025
1637.0,30.0,0.3,0.587338767136078,0.0,0.0601473391844422
1641.0,0.0,0.0,43.53,0.0,-0.0579978071187869
1642.0,30.0,0.3,43.25829195295471,12.363,0.1656792002713508
1644.0,30.0,0.3,22.93377171492138,6.633,0.1241929315424966
1645.0,30.0,0.3,1.770399384531329,0.0,0.1883002961637236
1646.0,30.0,0.3,0.0071603814132345,0.0,0.0007606098803096
1648.0,30.0,0.3,2.1199944922940794,0.0,0.160971487645716
1649.0,0.0,0.0,48.42,0.0,-0.1006611833303761
1650.0,0.0,0.0,25.38,0.0,-0.0394775949072986
1651.0,0.0,0.0,0.0,0.0,-0.0306299249143527
1652.0,30.0,0.3,0.7389883245133836,0.0,0.0613064812106673
1653.0,30.0,0.3,0.5581640983935591,0.0,0.0631550235792667
1654.0,30.0,0.3,1.2336531287594787,0.0,0.188978726832028
1656.0,30.0,0.3,0.0684460948481478,0.0,0.0051258964163969
1658.0,0.0,0.0,0.0,0.0,-0.0014821646180536
1659.0,30.0,0.3,1.1085751728762625,0.0,0.0668460668642223
1660.0,30.0,0.3,1.7239931667025403,0.0,0.1448977279124677
1661.0,0.0,0.0,0.0,0.0,-0.0326793476251811
1662.0,30.0,0.3,2.2239917302470262,0.0,0.1293770640050626
1665.0,0.0,0.0,34.02,0.0,-0.0358147793439802
1666.0,30.0,0.3,0.027477452080353,0.0,0.0033281797577947
1667.0,30.0,0.3,0.8247116882738178,0.0,0.0620971077685278
1669.0,30.0,0.3,36.24718042392704,10.404,0.1506324898045974
1671.0,30.0,0.3,1.6027510073492788,0.0,0.1083232635407731
1673.0,30.0,0.3,1.377058206161154,0.0,0.1649369033610198
1674.0,30.0,0.3,0.9270122378300908,0.0,0.1127340675945629
1675.0,30.0,0.3,56.90672003913153,16.365,0.1440097793542028
1676.0,30.0,0.3,19.19663659161532,5.505,0.1537941129183135
1677.0,30.0,0.3,1.1620394981586906,0.0,0.0955231811063453
1680.0,30.0,0.3,0.1553749092758863,0.0,0.0159850729707702
1681.0,30.0,0.3,1.444282164920122,0.0,0.1482227180747252
1682.0,30.0,0.3,1.7150095441897044,0.0,0.1650793670410727
1684.0,30.0,0.3,1.835578740705848,0.0,0.1381172867348268
1685.0,0.0,0.0,29.13,0.0,-0.0871699477403803
1687.0,30.0,0.3,1.4896558679785905,0.0,0.1124692992056316
1688.0,0.0,0.0,42.96,0.0,-0.029616837648589
1689.0,30.0,0.3,62.03489872991809,17.561999999999998,0.1990034580297283
1690.0,30.0,0.3,0.5267133225704539,0.0,0.0324231038824533
1691.0,0.0,0.0,34.44,0.0,-0.0159218570860849
1693.0,30.0,0.3,0.3970271092473503,0.0,0.0288831012110687
1695.0,0.0,0.0,40.04,0.0,-0.0831523704845724
1696.0,0.0,0.0,0.0,0.0,-0.0004182604836396
1697.0,30.0,0.3,0.137623184136167,0.0,0.016319599684118
1699.0,30.0,0.3,1.1140106920948534,0.0,0.1223918580635963
1700.0,0.0,0.0,46.2,0.0,-0.0526064870145257
1701.0,0.0,0.0,0.0,0.0,-0.0442028261037088
1703.0,30.0,0.3,0.6473568746291926,0.0,0.0791873852757422
1705.0,30.0,0.3,0.5240365879548313,0.0,0.0490946775299636
1708.0,0.0,0.0,0.0,0.0,-0.0075937998178171
1709.0,0.0,0.0,46.1,0.0,-0.0022490741227483
1710.0,0.0,0.0,47.42,0.0,-0.0768117898132586
1711.0,30.0,0.3,1.3413943452236885,0.0,0.0826337919807607
1712.0,0.0,0.0,0.0,0.0,-0.0646618289446857
1713.0,0.0,0.0,37.35,0.0,-0.0393909185172953
1715.0,0.0,0.0,0.0,0.0,-0.0340652276625607
1716.0,30.0,0.3,0.7800474152968999,0.0,0.08684562628556
1718.0,30.0,0.3,1.5823617572540438,0.0,0.1002954780537519
1719.0,30.0,0.3,0.7685697748936,0.0,0.0715214754228178
1720.0,0.0,0.0,0.0,0.0,-0.044203590595899
1723.0,30.0,0.3,0.6421543247553472,0.0,0.046992632620223
1724.0,30.0,0.3,0.5020868874122614,0.0,0.0584978314589609
1725.0,30.0,0.3,54.41584274417345,15.777000000000001,0.115728132355546
1726.0,0.0,0.0,0.0,0.0,-0.0149171617511011
1727.0,30.0,0.3,1.3342486608224915,0.0,0.1165180910682466
1728.0,0.0,0.0,39.51,0.0,-0.0305785362208166
1729.0,30.0,0.3,67.95864904307355,19.712999999999997,0.1140693472872499
1730.0,30.0,0.3,0.4204984446534321,0.0,0.0357293265913359
1731.0,0.0,0.0,46.11,0.0,-0.0288288769913351
1732.0,30.0,0.3,1.3970687833642923,0.0,0.1223566984904793
1733.0,0.0,0.0,0.0,0.0,-0.0196712883804949
1734.0,0.0,0.0,36.92,0.0,-0.0541696963611724
1735.0,0.0,0.0,25.96,0.0,-0.0086548326423934
1736.0,30.0,0.3,45.769684145368025,13.277999999999999,0.1136981582593787
1737.0,0.0,0.0,35.98,0.0,-0.0046796481881125
1738.0,30.0,0.3,1.692172127168266,0.0,0.1346520352644439
1740.0,30.0,0.3,0.0122064595204437,0.0,0.0022667520000824
1743.0,30.0,0.3,41.30058715882144,11.955,0.1213372780277235
1744.0,0.0,0.0,0.0,0.0,-0.0010236418510831
1745.0,30.0,0.3,38.58054660921088,10.989,0.1774999189381093
1747.0,30.0,0.3,0.3896955828563972,0.0,0.035442981614952
1748.0,0.0,0.0,56.86,0.0,-0.0422692352357244
1749.0,0.0,0.0,43.88,0.0,-0.004838599646506
1753.0,30.0,0.3,24.8579616441394,7.209,0.1148511089109996
1754.0,30.0,0.3,0.4588565601545878,0.0,0.0411051294593378
1755.0,30.0,0.3,0.3838670508971814,0.0,0.0461600590304451
1758.0,0.0,0.0,0.0,0.0,-0.0470765355795971
1759.0,30.0,0.3,1.031684606142126,0.0,0.0856098752088728
1761.0,0.0,0.0,53.28,0.0,-0.0536477056171482
1763.0,0.0,0.0,37.91,0.0,-0.1051468726444865
1764.0,0.0,0.0,0.0,0.0,-0.1383141580107325
1766.0,0.0,0.0,0.0,0.0,-0.0151747613680414
1767.0,30.0,0.3,0.3343203358650778,0.0,0.0327765035161841
1768.0,30.0,0.3,0.00851620456994,0.0,0.0008912825295594
1769.0,30.0,0.3,0.1784186149165451,0.0,0.011541407265447
1770.0,30.0,0.3,57.76562377920477,16.566,0.1536655667756111
1771.0,0.0,0.0,0.0,0.0,-0.0448119067979172
1772.0,0.0,0.0,0.0,0.0,-0.021609965873211
1773.0,30.0,0.3,0.2523012734562376,0.0,0.0194048049112627
1774.0,0.0,0.0,0.0,0.0,-0.1067137418687012
1777.0,30.0,0.3,0.21234352310465,0.0,0.0290205716966858
1778.0,0.0,0.0,32.82,0.0,-0.0404578764087058
1779.0,0.0,0.0,36.89,0.0,-0.0417237975113721
1780.0,30.0,0.3,1.0415827041299872,0.0,0.0716899101197596
1781.0,30.0,0.3,1.62498304311603,0.0,0.1539684520670864
1783.0,0.0,0.0,0.0,0.0,-0.0132530701341507
1784.0,30.0,0.3,0.8044867887774625,0.0,0.073228362350033
1787.0,0.0,0.0,27.62,0.0,-0.0536358337929889
1788.0,30.0,0.3,1.0847780414233612,0.0,0.1234104711516907
1790.0,0.0,0.0,34.37,0.0,-0.0158189506651704
1791.0,0.0,0.0,18.3,0.0,-0.0754930222451481
1792.0,30.0,0.3,1.8234923279445576,0.0,0.175978800226265
1793.0,0.0,0.0,54.03,0.0,-0.007490876826517
1794.0,30.0,0.3,0.8638116951048297,0.0,0.0763354272803844
1795.0,30.0,0.3,0.6383283114483838,0.0,0.0723728244272544
1797.0,30.0,0.3,41.8692790328728,11.993999999999998,0.1575186787454398
1798.0,30.0,0.3,0.1194465875439186,0.0,0.0119998581016595
1799.0,30.0,0.3,0.2800744372607845,0.0,0.0253277660753106
1800.0,0.0,0.0,47.18,0.0,-0.0138542802492951
1801.0,30.0,0.3,0.6248609190833901,0.0,0.0635408703562528
1805.0,0.0,0.0,47.61,0.0,-0.005676894500078
1806.0,30.0,0.3,0.7520832597173625,0.0,0.0723087452857766
1807.0,0.0,0.0,59.57,0.0,-0.0081248038963058
1808.0,30.0,0.3,0.5998796548395412,0.0,0.1285915658820024
1809.0,30.0,0.3,1.3123568591205608,0.0,0.0880008622759043
1810.0,30.0,0.3,0.6937858017893253,0.0,0.0791992924417038
1812.0,30.0,0.3,0.1419321450446783,0.0,0.016473090186244
1813.0,30.0,0.3,0.2576447425501433,0.0,0.0186374958441944
1814.0,30.0,0.3,1.8714100093961488,0.0,0.2090493754910801
1815.0,0.0,0.0,0.0,0.0,-0.028962867736274
1816.0,30.0,0.3,0.6052207891663598,0.0,0.0669343938471975
1817.0,0.0,0.0,36.51,0.0,-0.0020521784827929
1818.0,0.0,0.0,42.46,0.0,-0.0055573679936775
1819.0,0.0,0.0,54.05,0.0,-0.0063217756893243
1820.0,30.0,0.3,42.12807840236463,12.089999999999998,0.151205823189796
1822.0,0.0,0.0,0.0,0.0,-0.0871432643926508
1823.0,0.0,0.0,65.13,0.0,-0.0219261454733204
1825.0,30.0,0.3,0.4874950127337699,0.0,0.0569769767103518
1826.0,0.0,0.0,0.0,0.0,-0.0614388243664597
1827.0,30.0,0.3,0.7322592328493459,0.0,0.0846053417503577
1828.0,0.0,0.0,25.3,0.0,-0.0277570873208873
1829.0,30.0,0.3,1.201121884385172,0.0,0.1516568035839864
1830.0,30.0,0.3,1.6663325211080269,0.0,0.1649670845567792
1832.0,30.0,0.3,0.4043411723502096,0.0,0.0420662892582407
1834.0,0.0,0.0,0.0,0.0,-0.0411763762563461
1837.0,0.0,0.0,45.93,0.0,-0.0617691329406878
1839.0,30.0,0.3,51.839130701259016,15.03,0.115710625499602
1840.0,0.0,0.0,34.61,0.0,-0.0322582829292676
1841.0,0.0,0.0,0.0,0.0,-0.0172315357028617
1842.0,30.0,0.3,1.6354194600752094,0.0,0.2467812675532231
1843.0,30.0,0.3,38.943972725724464,11.256,0.1265078825270485
1844.0,30.0,0.3,23.92330998209869,6.888,0.1398533655776263
1845.0,0.0,0.0,0.0,0.0,-0.1102559180940034
1846.0,0.0,0.0,0.0,0.0,-0.0028286394051796
1847.0,30.0,0.3,0.9578778635932892,0.0,0.1099871240777689
1848.0,30.0,0.3,0.4713355313610986,0.0,0.0648418670189983
1849.0,30.0,0.3,0.4403696215443876,0.0,0.0700667655599662
1851.0,0.0,0.0,0.0,0.0,-0.1161223137257887
1852.0,30.0,0.3,50.90509863811111,14.739,0.1204354866755618
1855.0,30.0,0.3,43.40009875350452,12.405,0.1652639059657004
1856.0,0.0,0.0,24.46,0.0,-0.0018559181190329
1857.0,0.0,0.0,51.12,0.0,-0.0924063354990414
1858.0,0.0,0.0,37.84,0.0,-0.0230570681393749
1859.0,30.0,0.3,2.127183748154461,0.0,0.1052488124365178
1860.0,0.0,0.0,0.0,0.0,-0.0580971125714508
1861.0,30.0,0.3,1.290518221627466,0.0,0.1106980804278149
1865.0,30.0,0.3,1.1572737306024323,0.0,0.0873743850964464
1866.0,30.0,0.3,0.2988769752830212,0.0,0.0238910451864925
1867.0,0.0,0.0,35.8,0.0,-0.0154271782080276
1868.0,30.0,0.3,59.04590663600089,17.016,0.1366893885755108
1870.0,30.0,0.3,0.5405249941136744,0.0,0.0458927656744502
1872.0,30.0,0.3,0.7283638157237741,0.0,0.0624775961334512
1874.0,0.0,0.0,37.54,0.0,-0.0318306831731743
1875.0,0.0,0.0,19.17,0.0,-0.0351394306611542
1876.0,0.0,0.0,36.93,0.0,-0.0180330866170889
1877.0,30.0,0.3,0.0047425527318655,0.0,0.000387178768215
1878.0,0.0,0.0,0.0,0.0,-0.0136402946897428
1879.0,30.0,0.3,1.1792071122489474,0.0,0.081838233898879
1880.0,30.0,0.3,0.1401257253726822,0.0,0.0217047282175778
1881.0,30.0,0.3,0.1472864179243548,0.0,0.0246339551637991
1882.0,30.0,0.3,0.0912673975243951,0.0,0.0054983672223866
1883.0,0.0,0.0,36.45,0.0,-0.0402858715431128
1884.0,30.0,0.3,0.4208438012808011,0.0,0.0583775560106535
1885.0,0.0,0.0,22.6,0.0,-0.0489455570620032
1886.0,30.0,0.3,0.5602959397729034,0.0,0.0403293701700787
1888.0,30.0,0.3,0.873080389321927,0.0,0.0771954367216558
1889.0,30.0,0.3,0.7883279059446797,0.0,0.0811537889586864
1891.0,0.0,0.0,20.9,0.0,-0.0244590257019998
1892.0,30.0,0.3,0.2829198326266766,0.0,0.0352943902977391
1893.0,30.0,0.3,0.6275094527464857,0.0,0.0775564766711761
1894.0,0.0,0.0,28.17,0.0,-0.0494691577358608
1895.0,30.0,0.3,0.9645097246371812,0.0,0.0720536175584328
1896.0,30.0,0.3,1.356809776900499,0.0,0.1959575067736134
1897.0,0.0,0.0,0.0,0.0,-0.0796561309232402
1898.0,30.0,0.3,33.92265753384401,9.699,0.1642084270382526
1899.0,30.0,0.3,0.2287389060565449,0.0,0.0208039023243788
1900.0,30.0,0.3,0.2202602695538097,0.0,0.0193516314842567
1901.0,0.0,0.0,16.91,0.0,-0.0107333784989736
1902.0,0.0,0.0,61.35,0.0,-0.0231083399820807
1903.0,30.0,0.3,0.2784418707797806,0.0,0.0249499884211273
1905.0,30.0,0.3,1.0636376455614476,0.0,0.0873911466240611
1906.0,30.0,0.3,0.603911488864908,0.0,0.0405527456933191
1907.0,30.0,0.3,0.1405712960858459,0.0,0.0252326864271847
1908.0,30.0,0.3,1.3218709512375693,0.0,0.1240843847965427
1909.0,30.0,0.3,0.3229636129460029,0.0,0.0331857391025486
1910.0,30.0,0.3,61.90028878199263,17.559,0.1919408156496739
1911.0,0.0,0.0,51.12,0.0,-0.0553925451012164
1914.0,0.0,0.0,48.4,0.0,-0.0107742871545452
1915.0,0.0,0.0,30.44,0.0,-0.1308225163467017
1916.0,0.0,0.0,9.6,0.0,-0.0646813854181116
1917.0,30.0,0.3,0.0647634345626767,0.0,0.0055495659436741
1918.0,0.0,0.0,0.0,0.0,-0.0559709358085171
1919.0,30.0,0.3,0.1248020605852696,0.0,0.0095348812426671
1921.0,0.0,0.0,0.0,0.0,-0.0050379519124452
1923.0,0.0,0.0,51.04,0.0,-0.1143437420859037
1924.0,30.0,0.3,55.154772710977845,15.656999999999998,0.1893576490373536
1926.0,0.0,0.0,0.0,0.0,-0.0202805887767308
1928.0,0.0,0.0,41.34,0.0,-0.0255387678091385
1929.0,30.0,0.3,0.6236716867238057,0.0,0.1033767092199247
1930.0,30.0,0.3,0.0835810041565578,0.0,0.0064551285261475
1931.0,0.0,0.0,0.0,0.0,-0.0611509884863254
1932.0,0.0,0.0,47.34,0.0,-0.0558528137565638
1934.0,30.0,0.3,0.9682869845404298,0.0,0.0744378063146087
1935.0,30.0,0.3,40.47706038904556,11.712,0.1226998282996545
1936.0,30.0,0.3,0.0542412507944671,0.0,0.0031130194441269
1937.0,0.0,0.0,43.67,0.0,-0.0196510050552197
1938.0,0.0,0.0,37.73,0.0,-0.0945463817303308
1939.0,0.0,0.0,34.98,0.0,-0.0508107885778489
1940.0,30.0,0.3,1.11664031823203,0.0,0.1235358245637825
1941.0,0.0,0.0,0.0,0.0,-0.1021820402783291
1942.0,30.0,0.3,0.3531929854142597,0.0,0.0493424120444621
1944.0,30.0,0.3,0.7031591356225508,0.0,0.0599607005732541
1945.0,30.0,0.3,1.3622539895436845,0.0,0.1157198428086718
1947.0,30.0,0.3,1.295850543339987,0.0,0.1173777666068829
1949.0,30.0,0.3,1.6204875711254392,0.0,0.0889302804920118
1950.0,30.0,0.3,59.378849153734016,16.997999999999998,0.1599511209397587
1953.0,0.0,0.0,37.62,0.0,-0.0029320628700966
1954.0,0.0,0.0,0.0,0.0,-0.0087905242359607
1955.0,0.0,0.0,44.33,0.0,-0.0728063229630592
1956.0,0.0,0.0,27.63,0.0,-0.0346244872005949
1957.0,30.0,0.3,0.1546278128092897,0.0,0.0125377290853231
1959.0,30.0,0.3,0.5504803330309131,0.0,0.0499437790810119
1961.0,30.0,0.3,0.464570457986975,0.0,0.0507394558745058
1962.0,0.0,0.0,49.59,0.0,-0.0633590393388437
1963.0,30.0,0.3,0.70864707590573,0.0,0.0781394945314511
1965.0,30.0,0.3,0.5829707070577823,0.0,0.0458634810052539
1966.0,0.0,0.0,0.0,0.0,-0.0040068260713047
1967.0,30.0,0.3,3.7519584328562487,0.0,0.2738455903113823
1968.0,30.0,0.3,40.77201227852434,11.777999999999999,0.1283759788185046
1969.0,0.0,0.0,0.0,0.0,-0.1019770138592083
1970.0,30.0,0.3,1.3890495500260334,0.0,0.1378025347248049
1971.0,0.0,0.0,54.29,0.0,-0.0974659712478523
1972.0,30.0,0.3,40.65901187991712,11.718,0.1364577470487389
1973.0,30.0,0.3,2.134793939143275,0.0,0.1768384641437438
1974.0,30.0,0.3,48.5664265376497,14.072999999999999,0.1177024470723872
1975.0,30.0,0.3,1.0708565791158509,0.0,0.0988787238334119
1976.0,30.0,0.3,0.3784269159816784,0.0,0.0443850476168987
1977.0,0.0,0.0,0.0,0.0,-0.0342571292036215
1978.0,0.0,0.0,45.05,0.0,-0.0442028092547871
1982.0,0.0,0.0,0.0,0.0,-0.0990269255661241
1985.0,30.0,0.3,25.69270336468713,7.428,0.1255658810833508
1986.0,30.0,0.3,0.7398249088373521,0.0,0.0577537009240712
1987.0,0.0,0.0,0.0,0.0,-0.012138067089834
1988.0,0.0,0.0,0.0,0.0,-0.1616862972642431
1989.0,30.0,0.3,32.920268946078984,9.468,0.1436701463961754
1990.0,30.0,0.3,31.7995647314336,8.961,0.2153291743592899
1991.0,30.0,0.3,40.203087473111566,11.444999999999999,0.1793872846755408
1993.0,30.0,0.3,0.2820012794660199,0.0,0.0327984740016306
1994.0,30.0,0.3,37.37715473667344,10.835999999999999,0.11601649470962
1995.0,30.0,0.3,0.7914708127081899,0.0,0.0863579719266983
1998.0,0.0,0.0,0.0,0.0,-0.0439461188460619
1999.0,30.0,0.3,1.4440105630910491,0.0,0.1504647872346618
2000.0,0.0,0.0,0.0,0.0,-0.0411631348308191
2001.0,30.0,0.3,0.1773429599766099,0.0,0.0154184454857077
2002.0,30.0,0.3,0.9572290269327168,0.0,0.1572579311537238
2003.0,30.0,0.3,0.2382512553145449,0.0,0.0151184247296494
2005.0,30.0,0.3,0.5016155656276667,0.0,0.1100034135148392
2006.0,0.0,0.0,0.0,0.0,-0.0058770722218168
2007.0,30.0,0.3,20.86618368131989,5.973,0.1600843263552473
2009.0,30.0,0.3,0.7679033492399558,0.0,0.0736386027272685
2010.0,30.0,0.3,0.6007293409880042,0.0,0.0540905223291918
2011.0,0.0,0.0,0.0,0.0,-0.0114867734383422
2012.0,0.0,0.0,50.62,0.0,-0.0232297460599749
2013.0,30.0,0.3,0.2743431108096975,0.0,0.019407407386085
2014.0,30.0,0.3,0.8897510238877282,0.0,0.0971768265495553
2016.0,30.0,0.3,2.3331106631373437,0.0,0.1941346865649312
2019.0,30.0,0.3,0.801288135303836,0.0,0.0775765451935169
2020.0,30.0,0.3,37.6876077963578,10.872,0.1331500916443887
2022.0,30.0,0.3,0.1437529185043604,0.0,0.0147122012592734
2025.0,30.0,0.3,0.2538453008732547,0.0,0.0209184425935933
2026.0,0.0,0.0,0.0,0.0,-0.0018486925359881
2028.0,0.0,0.0,0.0,0.0,-0.0257226671694295
2029.0,30.0,0.3,0.6757460808041208,0.0,0.0421340616538297
2031.0,30.0,0.3,0.8436137877438264,0.0,0.068137774634022
2033.0,0.0,0.0,0.0,0.0,-0.0297911211898135
2034.0,30.0,0.3,0.7804251750468008,0.0,0.0838896243197679
2035.0,0.0,0.0,0.0,0.0,-0.0748155314886383
2036.0,30.0,0.3,0.7836186667736614,0.0,0.0846423273680775
2039.0,0.0,0.0,39.77,0.0,-0.0443557445555744
2040.0,30.0,0.3,0.1686274821691358,0.0,0.0238680087995946
2041.0,30.0,0.3,2.3667107008756063,0.0,0.2241840201644034
2042.0,0.0,0.0,55.36,0.0,-0.018448315749876
2043.0,0.0,0.0,0.0,0.0,-0.0182785755533329
2044.0,30.0,0.3,0.7287802574395874,0.0,0.0473726116380387
2045.0,30.0,0.3,0.9053022674625852,0.0,0.1025722034287996
2047.0,30.0,0.3,2.5200887283909723,0.0,0.203989697943255
2048.0,30.0,0.3,1.1652177303741034,0.0,0.0834742983289708
2049.0,0.0,0.0,0.0,0.0,-0.1075221843527683
2051.0,30.0,0.3,1.9550965299573504,0.0,0.1511360953894056
2053.0,30.0,0.3,2.745659145766236,0.0,0.1655607299666085
2054.0,0.0,0.0,54.29,0.0,-0.0634768721337494
2056.0,0.0,0.0,0.0,0.0,-0.1147817985596999
2058.0,0.0,0.0,36.83,0.0,-0.0795015797315318
2059.0,30.0,0.3,56.88076948119453,16.358999999999998,0.1436988496359514
2060.0,30.0,0.3,1.208247195240058,0.0,0.102978538757356
2061.0,0.0,0.0,40.91,0.0,-0.0306126028427371
2062.0,30.0,0.3,0.7363022960883926,0.0,0.0710373657586486
2063.0,30.0,0.3,1.8292539826456604,0.0,0.1494122341456882
2064.0,30.0,0.3,38.207423794331895,10.985999999999999,0.1444951569572089
2066.0,0.0,0.0,0.0,0.0,-0.0369254132967715
2069.0,0.0,0.0,0.0,0.0,-0.009387247945571
2072.0,0.0,0.0,0.0,0.0,-0.0912396970123027
2073.0,0.0,0.0,0.0,0.0,-0.1133983372851589
2074.0,30.0,0.3,32.220151606001004,9.24,0.1536960612555196
2076.0,0.0,0.0,0.0,0.0,-0.0510802960303725
2078.0,30.0,0.3,0.1986459675728497,0.0,0.0268078228843252
2079.0,30.0,0.3,0.128914596868424,0.0,0.0209719532891531
2080.0,30.0,0.3,0.5699734849717689,0.0,0.1258219613624214
2083.0,0.0,0.0,0.0,0.0,-0.0189200233687866
2084.0,30.0,0.3,0.1141082318328694,0.0,0.0081291039276818
2086.0,0.0,0.0,48.35,0.0,-0.1116340817390703
2087.0,30.0,0.3,29.316363652704474,8.433,0.1430527277012305
2088.0,30.0,0.3,0.151526072159944,0.0,0.0228856777163486
2091.0,30.0,0.3,0.328059294249504,0.0,0.0421561673412367
2092.0,30.0,0.3,0.2875789567251893,0.0,0.0437715307039862
2095.0,30.0,0.3,41.28516658026435,11.784,0.1701600967637771
2098.0,0.0,0.0,41.09,0.0,-0.0083573704528575
2099.0,0.0,0.0,0.0,0.0,-0.0880245666762402
2101.0,0.0,0.0,42.74,0.0,-0.0051888570582964
2102.0,0.0,0.0,0.0,0.0,-0.0271409457353759
2103.0,0.0,0.0,0.0,0.0,-0.1169056049508362
2105.0,30.0,0.3,1.5494239520985855,0.0,0.2006506024473693
2109.0,30.0,0.3,1.7152662677046382,0.0,0.144894937295543
2111.0,0.0,0.0,0.0,0.0,-0.0816282972587152
2112.0,30.0,0.3,0.8761884281882404,0.0,0.0507758708963978
2113.0,30.0,0.3,51.99325293236946,14.783999999999999,0.1835263076548607
2114.0,30.0,0.3,0.5010545780947797,0.0,0.0603607490777954
2115.0,0.0,0.0,0.0,0.0,-0.0937874710031334
2116.0,30.0,0.3,0.1189515553527179,0.0,0.0086705704025598
2118.0,0.0,0.0,0.0,0.0,-0.0339559633370181
2120.0,0.0,0.0,0.0,0.0,-0.0222929866514442
2121.0,0.0,0.0,45.02,0.0,-0.1335969846770867
2122.0,30.0,0.3,1.082742383628247,0.0,0.133572956282784
2123.0,30.0,0.3,0.4271838974608476,0.0,0.0831744348638722
2124.0,0.0,0.0,0.0,0.0,-0.0235020102643303
2125.0,30.0,0.3,1.5209969152257186,0.0,0.1275148319270388
2129.0,0.0,0.0,0.0,0.0,-0.0003880176357624
2130.0,30.0,0.3,1.817598243586608,0.0,0.1793564479560497
2131.0,30.0,0.3,0.752646844815701,0.0,0.0539531788398352
2132.0,30.0,0.3,1.8788260262828735,0.0,0.1372507872220669
2135.0,0.0,0.0,0.0,0.0,-0.0240832063581754
2136.0,30.0,0.3,0.8810820969822786,0.0,0.0572614607774276
2137.0,30.0,0.3,39.766748499313344,11.466,0.1348987004459575
2138.0,30.0,0.3,1.1553480043286026,0.0,0.0976212931414113
2140.0,30.0,0.3,0.7290186830664623,0.0,0.0478264569354105
2141.0,0.0,0.0,47.18,0.0,-0.063270256928255
2142.0,30.0,0.3,34.33265118859529,9.915,0.129364718970781
2143.0,0.0,0.0,43.52,0.0,-0.0555365951295116
2145.0,30.0,0.3,33.07926481982545,9.54,0.1340948448454343
2146.0,0.0,0.0,0.0,0.0,-0.0697022624808953
2148.0,30.0,0.3,0.3427233411127542,0.0,0.0238698524246242
2151.0,30.0,0.3,1.7961942568377345,0.0,0.191471512294823
2153.0,0.0,0.0,47.42,0.0,-0.0967012370837154
2154.0,0.0,0.0,27.93,0.0,-0.0568852218193964
2155.0,0.0,0.0,48.38,0.0,-0.0046343039815319
2157.0,30.0,0.3,0.4900149564189652,0.0,0.058024269558196
2159.0,0.0,0.0,0.0,0.0,-0.0188693081751238
2160.0,0.0,0.0,21.56,0.0,-0.0376004182269598
2161.0,30.0,0.3,0.1161210118063329,0.0,0.0104444155249445
2165.0,30.0,0.3,30.031496298160476,8.597999999999999,0.1595134098814229
2166.0,30.0,0.3,0.3362333857465777,0.0,0.0229526510851647
2168.0,0.0,0.0,0.0,0.0,-0.0430411413188031
2169.0,30.0,0.3,0.2935580342080466,0.0,0.0258459265898967
2171.0,0.0,0.0,39.89,0.0,-0.0639763994209001
2173.0,30.0,0.3,31.413861128368257,9.084,0.1248195870066333
2174.0,30.0,0.3,0.3519492071950333,0.0,0.0277409322294501
2175.0,30.0,0.3,1.8532934275578823,0.0,0.1418843536639016
2178.0,30.0,0.3,0.6166313689802942,0.0,0.0533602776895374
2179.0,30.0,0.3,0.5919782211736013,0.0,0.0390126677984448
2180.0,30.0,0.3,0.678062260001749,0.0,0.0540331707707187
2181.0,30.0,0.3,0.53340044350263,0.0,0.0393102250352001
2182.0,30.0,0.3,39.513236509511465,11.199,0.1949492373882907
2183.0,0.0,0.0,16.95,0.0,-0.0712338197905414
2184.0,30.0,0.3,1.1893246569980602,0.0,0.1631446717418464
2185.0,30.0,0.3,0.2926309521026794,0.0,0.0221539065866212
2186.0,30.0,0.3,0.7989005235952431,0.0,0.0481033552261105
2187.0,30.0,0.3,37.31839033721515,10.56,0.200605145569616
2188.0,0.0,0.0,0.0,0.0,-0.0341815309200419
2190.0,30.0,0.3,0.2493197030170748,0.0,0.0276101553728765
2192.0,0.0,0.0,0.0,0.0,-0.0262868809699112
2193.0,30.0,0.3,0.2763467676341631,0.0,0.0204519514234875
2194.0,30.0,0.3,35.897703323691275,10.302000000000001,0.1512039724025695
2196.0,0.0,0.0,36.41,0.0,-0.0233690962655765
2197.0,30.0,0.3,0.2805626399870744,0.0,0.0261523713634484
2199.0,30.0,0.3,40.955364997292726,11.822999999999999,0.1307083648221878
2200.0,0.0,0.0,30.48,0.0,-0.0526718835829951
2201.0,30.0,0.3,0.4162814295724882,0.0,0.0309733206527149
2203.0,30.0,0.3,1.236083372748286,0.0,0.0934303380762121
2204.0,30.0,0.3,1.3001120564246822,0.0,0.1055971455835512
2205.0,30.0,0.3,2.237592031664909,0.0,0.1425036321274302
2206.0,30.0,0.3,0.4161911010987997,0.0,0.0554256360499134
2208.0,0.0,0.0,37.59,0.0,-0.0577009874738744
2209.0,30.0,0.3,1.1757685277333108,0.0,0.1165050067115845
2211.0,30.0,0.3,0.857810620766398,0.0,0.081162893439909
2212.0,0.0,0.0,0.0,0.0,-0.010654374079451
2213.0,0.0,0.0,0.0,0.0,-0.0535401295448915
2215.0,30.0,0.3,0.843201005157523,0.0,0.1479300009048286
2218.0,0.0,0.0,0.0,0.0,-0.1305518140250769
2219.0,30.0,0.3,0.5895292156722807,0.0,0.0645988621161824
2220.0,0.0,0.0,34.52,0.0,-0.0458656828783627
2221.0,30.0,0.3,0.8101191314110534,0.0,0.0713258611913236
2222.0,0.0,0.0,0.0,0.0,-0.1701732429272732
2223.0,0.0,0.0,0.0,0.0,-0.0088955135894035
2224.0,0.0,0.0,41.08,0.0,-0.0136093012394491
2225.0,0.0,0.0,0.0,0.0,-0.0115745882992897
2226.0,0.0,0.0,54.93,0.0,-0.0948024538927997
2227.0,0.0,0.0,0.0,0.0,-0.1397816973071545
2228.0,30.0,0.3,42.94604571757854,12.096,0.2171003404082789
2229.0,0.0,0.0,0.0,0.0,-0.0033403974429524
2230.0,0.0,0.0,51.93,0.0,-8.371801814985708e-05
2231.0,0.0,0.0,22.02,0.0,-0.0151071467617851
2232.0,0.0,0.0,50.05,0.0,-0.0284279814467349
2233.0,0.0,0.0,35.43,0.0,-0.0115086972194283
2235.0,0.0,0.0,0.0,0.0,-0.0438633742953735
2236.0,30.0,0.3,1.0040568953641238,0.0,0.0756693718715897
2237.0,30.0,0.3,1.0282836506544542,0.0,0.0876851411831205
2239.0,30.0,0.3,0.3061518749706482,0.0,0.0207884752475486
2240.0,0.0,0.0,45.86,0.0,-0.123401105026258
2242.0,0.0,0.0,39.2,0.0,-0.1691149153427676
2244.0,0.0,0.0,16.21,0.0,-0.1273606873698566
2245.0,0.0,0.0,28.69,0.0,-0.0898011060684632
2246.0,0.0,0.0,0.0,0.0,-0.1350236132223579
2248.0,30.0,0.3,0.3068916817822995,0.0,0.0228597155889981
2249.0,30.0,0.3,0.5745193295579613,0.0,0.0478287820144823
2250.0,30.0,0.3,0.3387866413094005,0.0,0.025179237555511
2252.0,0.0,0.0,0.0,0.0,-0.0933748438340735
2253.0,30.0,0.3,0.4403657750266049,0.0,0.0365691558733271
2254.0,0.0,0.0,14.12,0.0,-0.0838819129916077
2255.0,0.0,0.0,0.0,0.0,-0.0088083551239413
2256.0,30.0,0.3,30.075959409893716,8.607,0.1610270024275254
2257.0,0.0,0.0,58.7,0.0,-0.0015253458511165
2258.0,30.0,0.3,24.440383193161846,6.933,0.1918914168703081
2259.0,30.0,0.3,0.2152122311385528,0.0,0.0143819988731992
2260.0,0.0,0.0,0.0,0.0,-0.1203846159886764
2261.0,30.0,0.3,0.4085308839290424,0.0,0.0395633240295412
2265.0,0.0,0.0,0.0,0.0,-0.0732931646931427
2267.0,30.0,0.3,1.0757843101510252,0.0,0.1828632177717194
2268.0,0.0,0.0,0.0,0.0,-0.0238892288223732
2269.0,0.0,0.0,55.13,0.0,-0.0399654811064796
2275.0,30.0,0.3,1.0389258450455323,0.0,0.1300933940703146
2276.0,30.0,0.3,0.8623127094160414,0.0,0.0963585550805723
2277.0,30.0,0.3,1.312103754629918,0.0,0.0961882380052722
2278.0,30.0,0.3,0.2365716667514743,0.0,0.0151882169203566
2281.0,30.0,0.3,26.3286372051911,7.598999999999999,0.1314169239625083
2282.0,30.0,0.3,1.37115146545779,0.0,0.113159318763538
2284.0,30.0,0.3,0.3314466571167189,0.0,0.0291972037629245
2285.0,30.0,0.3,1.010762839023417,0.0,0.0966774594953053
2286.0,0.0,0.0,49.43,0.0,-0.0530732570358357
2287.0,30.0,0.3,0.3649175027860106,0.0,0.0431803931825832
2289.0,30.0,0.3,0.2903206812493668,0.0,0.0261762403073994
2291.0,30.0,0.3,2.353284702394296,0.0,0.1546280769034954
2292.0,30.0,0.3,37.86436269643416,10.875,0.1484471444996935
2293.0,30.0,0.3,34.66224569653458,9.935999999999998,0.1552179646270716
2294.0,0.0,0.0,55.77,0.0,-0.0140079159192212
2295.0,0.0,0.0,0.0,0.0,-0.0009300065372894
2297.0,30.0,0.3,1.8597368425599363,0.0,0.1339192656844485
2298.0,30.0,0.3,0.9886390408676518,0.0,0.0858193611864281
2299.0,30.0,0.3,1.5751064932125831,0.0,0.1656263399802927
2300.0,30.0,0.3,0.1121889031503582,0.0,0.0066731443701141
2301.0,30.0,0.3,0.5891761583620222,0.0,0.0776253173072493
2302.0,30.0,0.3,1.397706617960286,0.0,0.2345932557838681
2303.0,0.0,0.0,0.0,0.0,-0.0867466367277116
2304.0,30.0,0.3,0.5363734813925367,0.0,0.0495678293496476
2305.0,0.0,0.0,0.0,0.0,-0.0237683621860144
2307.0,30.0,0.3,0.5824932571483059,0.0,0.0385859338333536
2308.0,30.0,0.3,0.4350286537784182,0.0,0.0468831397541134
2310.0,30.0,0.3,42.31372992784053,12.222,0.128762062497179
2311.0,0.0,0.0,34.27,0.0,-0.0591183066831007
2313.0,0.0,0.0,38.77,0.0,-0.0161782693616772
2314.0,0.0,0.0,0.0,0.0,-0.024301076338799
2316.0,30.0,0.3,0.6083372886128909,0.0,0.0685991529784496
2317.0,30.0,0.3,27.66325996606987,7.859999999999999,0.186165390085225
2319.0,0.0,0.0,54.13,0.0,-0.0215713287386774
2320.0,30.0,0.3,40.510176876620704,11.727,0.1211031701731647
2321.0,30.0,0.3,20.38879594209764,5.85,0.1519309302731003
2322.0,30.0,0.3,0.0425463212081709,0.0,0.0050273332397697
2323.0,30.0,0.3,2.252242414808525,0.0,0.1277650564334312
2324.0,30.0,0.3,0.5948027923445383,0.0,0.0487743167154193
2325.0,30.0,0.3,0.1837004175983603,0.0,0.0203636423454562
2326.0,30.0,0.3,3.1612960245900315,0.0,0.1872694760138636
2327.0,0.0,0.0,38.51,0.0,-0.0356511703072338
2328.0,30.0,0.3,0.7677967720720982,0.0,0.0827456376842438
2329.0,30.0,0.3,1.2744442073474616,0.0,0.1952273601941577
2331.0,30.0,0.3,32.13831054959058,9.15,0.1790503332885881
2332.0,30.0,0.3,2.347130482818152,0.0,0.1557278717368731
2333.0,30.0,0.3,0.4549772900816898,0.0,0.0340960199401746
2334.0,30.0,0.3,55.46523137477392,16.02,0.1289158161531783
2335.0,30.0,0.3,0.7226563024257255,0.0,0.0960468238205377
2339.0,30.0,0.3,0.7433941419773907,0.0,0.0550295463748161
2340.0,30.0,0.3,0.5196938382265907,0.0,0.0433946090703566
2341.0,30.0,0.3,0.5453154953319294,0.0,0.0433616010919155
2342.0,30.0,0.3,0.6554011985863393,0.0,0.0484943543164143
2343.0,0.0,0.0,0.0,0.0,-0.0426833130042575
2344.0,30.0,0.3,0.6345475116856232,0.0,0.0811338079127507
2345.0,30.0,0.3,2.863927445974665,0.0,0.1692628514169424
2346.0,0.0,0.0,11.55,0.0,-0.1073831637946628
2347.0,0.0,0.0,0.0,0.0,-0.0266697018726076
2349.0,0.0,0.0,41.39,0.0,-0.1353872066720339
2350.0,0.0,0.0,36.6,0.0,-0.0211486086386906
2352.0,30.0,0.3,0.4839212171294491,0.0,0.0351508111519902
2353.0,30.0,0.3,0.5744658577020552,0.0,0.0760479027934942
2356.0,0.0,0.0,0.0,0.0,-0.0211122458319376
2357.0,0.0,0.0,39.26,0.0,-0.0602789409892106
2358.0,0.0,0.0,35.49,0.0,-0.0630341761247482
2359.0,0.0,0.0,54.09,0.0,-0.0271167098041972
2361.0,30.0,0.3,0.6724996829572171,0.0,0.0479705886979968
2362.0,30.0,0.3,0.9121956278855926,0.0,0.161995316619711
2363.0,30.0,0.3,1.52427405424012,0.0,0.1908682762634761
2364.0,0.0,0.0,44.77,0.0,-0.0507958165367999
2366.0,0.0,0.0,41.48,0.0,-0.0216536109722517
2368.0,30.0,0.3,0.5308724596063338,0.0,0.0520310163291516
2369.0,0.0,0.0,0.0,0.0,-0.0761598119286369
2373.0,30.0,0.3,22.78319048797516,6.606,0.115529895242985
2374.0,0.0,0.0,35.3,0.0,-0.0086103317019584
2375.0,30.0,0.3,0.9355768340512024,0.0,0.0871601298724802
2376.0,0.0,0.0,0.0,0.0,-0.0902007818366347
2377.0,30.0,0.3,0.48335497446903,0.0,0.0528430058455264
2378.0,0.0,0.0,54.99,0.0,-0.0574798643290757
2379.0,0.0,0.0,0.0,0.0,-0.0881287959700333
2380.0,30.0,0.3,1.0601526145241325,0.0,0.090356482956118
2381.0,30.0,0.3,1.4749791141734794,0.0,0.1117662434017943
2382.0,0.0,0.0,22.17,0.0,-0.037614438627555
2383.0,0.0,0.0,0.0,0.0,-0.0083454835249765
2385.0,30.0,0.3,0.3776853850786293,0.0,0.0233485030340399
2386.0,30.0,0.3,0.3986933235366116,0.0,0.0435730408236734
2389.0,30.0,0.3,0.4040298629103112,0.0,0.0413118469233447
2390.0,30.0,0.3,0.2664452912698172,0.0,0.0354268436736893
2391.0,0.0,0.0,0.0,0.0,-0.0109373653137888
2393.0,30.0,0.3,0.0800737352041428,0.0,0.0068491775899532
2394.0,30.0,0.3,42.850233103776986,12.429,0.1142676887743975
2395.0,30.0,0.3,0.050054472622248,0.0,0.0099019728233923
2397.0,0.0,0.0,44.37,0.0,-0.0673243621152619
2398.0,30.0,0.3,0.1283815285137238,0.0,0.0164275788245328
2399.0,30.0,0.3,1.3635766852384248,0.0,0.147525336496638
2401.0,30.0,0.3,1.245158721021148,0.0,0.1042846500017712
2403.0,30.0,0.3,0.2341359036618006,0.0,0.0216311810478382
2404.0,30.0,0.3,0.631342721205508,0.0,0.0601450625136237
2405.0,0.0,0.0,52.45,0.0,-0.0204138723622017
2406.0,30.0,0.3,30.13123332540356,8.709,0.1264477351479568
2407.0,0.0,0.0,0.0,0.0,-0.0398828161106331
2408.0,30.0,0.3,0.8748795966045712,0.0,0.1015059283680904
2410.0,30.0,0.3,0.3426887951795351,0.0,0.0394848248853019
2411.0,30.0,0.3,0.183574884027198,0.0,0.015642031699659
2412.0,0.0,0.0,31.14,0.0,-0.0356298095242648
2413.0,30.0,0.3,1.3858195499089123,0.0,0.162369015806551
2414.0,0.0,0.0,49.6,0.0,-0.0325492007165212
2415.0,30.0,0.3,31.039984874139463,8.886,0.1598002334165498
2418.0,0.0,0.0,0.0,0.0,-0.0322302875561119
2419.0,0.0,0.0,51.62,0.0,-0.0246273218546278
2420.0,30.0,0.3,0.0861622808966447,0.0,0.0129140109257561
2421.0,0.0,0.0,39.1,0.0,-0.1025307539958678
2422.0,30.0,0.3,0.4824411597645736,0.0,0.0302451984054024
2426.0,0.0,0.0,33.64,0.0,-0.1325204414951944
2427.0,0.0,0.0,0.0,0.0,-0.0011950373419203
2428.0,30.0,0.3,0.531466077479716,0.0,0.0862489577214729
2430.0,30.0,0.3,0.9443080820214448,0.0,0.0607897567929345
2431.0,0.0,0.0,0.0,0.0,-0.0041060422487712
2433.0,30.0,0.3,0.9213370229680596,0.0,0.0605624809681233
2434.0,30.0,0.3,0.935399369031872,0.0,0.1082262373055504
2435.0,30.0,0.3,6.514844991120077,1.875,0.1412506619307075
2438.0,0.0,0.0,50.39,0.0,-0.1982002323489416
2439.0,30.0,0.3,0.6612418306794885,0.0,0.0646754529224852
2440.0,0.0,0.0,47.12,0.0,-0.0583733609965872
2442.0,30.0,0.3,0.2926997635313654,0.0,0.0387322698863789
2443.0,0.0,0.0,38.2,0.0,-0.0471057462118482
2444.0,0.0,0.0,0.0,0.0,-0.0006845881209981
2445.0,0.0,0.0,0.0,0.0,-0.0604038672540913
2446.0,30.0,0.3,46.23683125097013,13.373999999999999,0.1238844961096258
2447.0,0.0,0.0,0.0,0.0,-0.0326140057101642
2449.0,30.0,0.3,46.1994185252669,13.302000000000001,0.1397848838721166
2450.0,30.0,0.3,0.6666907600859575,0.0,0.0513589677286771
2451.0,30.0,0.3,0.4502395690290703,0.0,0.1119163731118743
2452.0,30.0,0.3,0.419225697796705,0.0,0.0497125219728098
2453.0,30.0,0.3,2.7663697554135798,0.0,0.2271799092891171
2454.0,0.0,0.0,27.65,0.0,-0.023826054837647
2455.0,0.0,0.0,0.0,0.0,-0.0115404820914482
2456.0,30.0,0.3,1.5535742732523503,0.0,0.1240973139429947
2460.0,30.0,0.3,0.0586015951384698,0.0,0.0046299751235261
2461.0,0.0,0.0,36.96,0.0,-0.0637069408420238
2462.0,0.0,0.0,0.0,0.0,-0.039562191796094
2463.0,30.0,0.3,34.90973891039129,10.089,0.1268449707990176
2464.0,30.0,0.3,0.6318796130949517,0.0,0.0852049100721348
2466.0,30.0,0.3,1.127391622916958,0.0,0.0997074045208241
2467.0,30.0,0.3,1.2476096323269132,0.0,0.1236236258746446
2468.0,30.0,0.3,0.6171522091461537,0.0,0.0611344436994704
2469.0,30.0,0.3,0.8552548921467242,0.0,0.0819916491368732
2470.0,30.0,0.3,42.7238367513871,12.203999999999999,0.167472693492879
2471.0,30.0,0.3,0.4574284109905125,0.0,0.0322700819040926
2472.0,30.0,0.3,0.0984512390466389,0.0,0.0137482529041529
2473.0,30.0,0.3,0.3475340097201693,0.0,0.0426998414694888
2474.0,30.0,0.3,22.61390734065888,6.3389999999999995,0.2340917085753088
2476.0,30.0,0.3,0.0551118088909933,0.0,0.0035705739482341
2480.0,30.0,0.3,0.0641795155443649,0.0,0.0058070499044847
2481.0,0.0,0.0,43.9,0.0,-0.0557255513414965
2483.0,0.0,0.0,43.74,0.0,-0.0479291700012152
2484.0,0.0,0.0,0.0,0.0,-0.0381500456736519
2488.0,30.0,0.3,1.7639604936542193,0.0,0.0950665854839245
2491.0,30.0,0.3,30.628688797244777,8.736,0.1726978934575063
2492.0,30.0,0.3,0.579000699288014,0.0,0.0463274683379752
2493.0,30.0,0.3,43.13291949680095,12.438,0.1345006831324123
2495.0,30.0,0.3,0.4990530488497508,0.0,0.0721383418400912
2496.0,0.0,0.0,0.0,0.0,-0.0516569610164892
2498.0,0.0,0.0,0.0,0.0,-0.0620302152163925
2499.0,0.0,0.0,0.0,0.0,-0.0071008306501529
2500.0,0.0,0.0,15.34,0.0,-0.1282381026528984
2502.0,30.0,0.3,1.0736000947438449,0.0,0.0956351411672764
2503.0,30.0,0.3,0.1501165747869854,0.0,0.0262671171980727
2504.0,30.0,0.3,0.8189783540221086,0.0,0.0691471085800497
2505.0,30.0,0.3,0.5008042712704159,0.0,0.0335075787013526
2506.0,0.0,0.0,0.0,0.0,-0.0128336697487443
2507.0,0.0,0.0,28.16,0.0,-0.114424056974645
2508.0,30.0,0.3,40.36156300266713,11.688,0.1199146990646077
2509.0,0.0,0.0,0.0,0.0,-0.0501301416386215
2510.0,0.0,0.0,0.0,0.0,-0.0014885986574115
2511.0,0.0,0.0,0.0,0.0,-0.0260038983204742
2512.0,0.0,0.0,27.12,0.0,-0.0025934863308491
2513.0,30.0,0.3,0.4596915583714674,0.0,0.0474986111150514
2514.0,0.0,0.0,45.67,0.0,-0.0283971079657347
2515.0,30.0,0.3,0.1545478898473603,0.0,0.0099470869438991
2516.0,30.0,0.3,1.6497525730645968,0.0,0.1425025976560937
2517.0,30.0,0.3,2.811498533708609,0.0,0.1741620847245623
2518.0,0.0,0.0,45.24,0.0,-0.1227836935898673
2519.0,30.0,0.3,2.287616070544431,0.0,0.1326154243793873
2520.0,30.0,0.3,0.5269264693132746,0.0,0.0662051098521516
2522.0,0.0,0.0,0.0,0.0,-0.0124858729428059
2523.0,0.0,0.0,34.9,0.0,-0.0091104113779622
2527.0,30.0,0.3,1.5898657737663946,0.0,0.1025256834827107
2528.0,0.0,0.0,0.0,0.0,-0.0221799709617209
2529.0,0.0,0.0,0.0,0.0,-0.0669270882629568
2530.0,30.0,0.3,0.3600554017791934,0.0,0.0278078005699099
2532.0,0.0,0.0,28.25,0.0,-0.0150643432754439
2533.0,30.0,0.3,0.1735595708498971,0.0,0.0245869911956222
2534.0,30.0,0.3,0.7329135650788511,0.0,0.0548752294907795
2535.0,30.0,0.3,0.0188888225550677,0.0,0.001770605788814
2536.0,30.0,0.3,2.0529984568519346,0.0,0.1479958518491879
2537.0,30.0,0.3,0.8023000673990527,0.0,0.044365188420651
2539.0,0.0,0.0,0.0,0.0,-0.0641209073897885
2542.0,0.0,0.0,33.68,0.0,-0.0340149950096457
2543.0,0.0,0.0,0.0,0.0,-0.030552185855664
2544.0,30.0,0.3,42.23992593910836,12.237,0.1184870425029307
2546.0,30.0,0.3,1.7170263218056976,0.0,0.111654722448023
2547.0,0.0,0.0,0.0,0.0,-0.066134037048471
2548.0,30.0,0.3,1.6733024034707984,0.0,0.1419616868983455
2549.0,30.0,0.3,0.9061209303800514,0.0,0.0650808683746356
2550.0,30.0,0.3,33.707598143785674,9.741,0.1270504202633896
2551.0,30.0,0.3,0.1271725307381676,0.0,0.0143115609653576
2553.0,0.0,0.0,28.34,0.0,-0.0024231916305151
2555.0,30.0,0.3,38.42474425488494,11.01,0.1566525208796492
2556.0,30.0,0.3,1.560030880518824,0.0,0.1276098879769999
2557.0,30.0,0.3,1.2922681928416202,0.0,0.146465849806372
2558.0,0.0,0.0,0.0,0.0,-0.0204969267127091
2559.0,0.0,0.0,55.08,0.0,-0.0999652377184834
2560.0,30.0,0.3,0.8700099011636174,0.0,0.0607718567451535
2563.0,0.0,0.0,30.63,0.0,-0.0336642206104058
2564.0,30.0,0.3,0.3855171114592686,0.0,0.0312437889180054
2566.0,0.0,0.0,24.7,0.0,-0.0417031883118316
2567.0,30.0,0.3,38.75339014464874,11.165999999999999,0.1373267190263966
2569.0,0.0,0.0,0.0,0.0,-0.0655145751586666
2571.0,30.0,0.3,20.680316954618437,5.984999999999999,0.1220245538209582
2573.0,0.0,0.0,0.0,0.0,-0.0360341272551112
2577.0,30.0,0.3,0.5797337247572244,0.0,0.0970590531989326
2578.0,0.0,0.0,0.0,0.0,-0.0936742732305114
2579.0,0.0,0.0,0.0,0.0,-0.0688703407558414
2580.0,0.0,0.0,60.47,0.0,-0.0303137442037078
2581.0,0.0,0.0,0.0,0.0,-0.0371966089348949
2584.0,30.0,0.3,1.0221309683964008,0.0,0.1287156489606348
2586.0,30.0,0.3,0.890720839401095,0.0,0.071371862131498
2587.0,30.0,0.3,0.409357095893993,0.0,0.0368193106578515
2588.0,30.0,0.3,27.121177578970336,7.851,0.1211536847497558
2589.0,0.0,0.0,47.59,0.0,-0.0516291451770146
2590.0,30.0,0.3,55.01429485556958,15.668999999999999,0.1776944830920663
2591.0,0.0,0.0,0.0,0.0,-0.043550447712124
2593.0,0.0,0.0,51.49,0.0,-0.006390007806961
2594.0,0.0,0.0,0.0,0.0,-1.5564150015095644e-05
2595.0,30.0,0.3,0.6842140700705354,0.0,0.0690288609837102
2596.0,30.0,0.3,0.8323543048550615,0.0,0.0948876316524238
2597.0,30.0,0.3,0.7384966012338359,0.0,0.0552436117021122
2598.0,30.0,0.3,34.92629698881254,9.993,0.1617429189245008
2600.0,0.0,0.0,0.0,0.0,-0.0712102188503269
2601.0,0.0,0.0,36.31,0.0,-0.0540949266646834
2603.0,0.0,0.0,0.0,0.0,-0.0238886277365437
2604.0,0.0,0.0,0.0,0.0,-0.0286290255166896
2606.0,0.0,0.0,50.06,0.0,-0.0501179605937373
2607.0,30.0,0.3,0.209305034935366,0.0,0.0154525681015405
2608.0,30.0,0.3,0.5144816811813226,0.0,0.0473609206647632
2609.0,30.0,0.3,55.793511571699966,16.061999999999998,0.1403008076017912
2611.0,30.0,0.3,0.4009998618219718,0.0,0.0486237252118312
2612.0,0.0,0.0,44.91,0.0,-0.1395131073194206
2613.0,30.0,0.3,0.9704865641579412,0.0,0.0600511456071989
2614.0,30.0,0.3,1.0300498021607007,0.0,0.0818864617346928
2615.0,30.0,0.3,0.8740696251457697,0.0,0.0956835933383437
2616.0,30.0,0.3,31.338876409337423,8.972999999999999,0.1592417707943189
2617.0,0.0,0.0,43.27,0.0,-0.0003804676603143
2618.0,0.0,0.0,44.96,0.0,-0.0313506183565099
2621.0,30.0,0.3,0.0386017125907224,0.0,0.0071365710095623
2622.0,30.0,0.3,0.3223408233565992,0.0,0.0358037124687992
2624.0,30.0,0.3,2.514795609905199,0.0,0.1374881422505713
2625.0,30.0,0.3,32.59563010241191,9.372,0.1446468312432687
2626.0,0.0,0.0,37.97,0.0,-0.0364074624081569
2630.0,0.0,0.0,0.0,0.0,-0.1547094602652354
2632.0,30.0,0.3,2.085662845752392,0.0,0.2073429611047213
2633.0,30.0,0.3,0.2765851546076329,0.0,0.026229033153877
2634.0,30.0,0.3,0.3788000505409372,0.0,0.0410223143319187
2636.0,0.0,0.0,52.43,0.0,-0.0904163176842664
2640.0,30.0,0.3,1.9398487813513745,0.0,0.1639909359499006
2641.0,30.0,0.3,0.7032047540913191,0.0,0.0801647006488052
2642.0,30.0,0.3,0.3099786503307845,0.0,0.0480810687654389
2643.0,30.0,0.3,12.451537655224277,3.552,0.1721671326644916
2644.0,0.0,0.0,0.0,0.0,-0.0120533582283388
2645.0,30.0,0.3,39.08738043141134,11.123999999999999,0.18045491113011
2646.0,0.0,0.0,44.02,0.0,-0.0443700366935235
2647.0,30.0,0.3,27.604475591444693,7.938,0.1441768192800064
2650.0,30.0,0.3,0.2283082438625536,0.0,0.0178226576005116
2651.0,0.0,0.0,27.88,0.0,-0.0380857606726855
2652.0,0.0,0.0,38.52,0.0,-0.0427096556526609
2653.0,30.0,0.3,1.182511723239561,0.0,0.0915185916910116
2656.0,0.0,0.0,0.0,0.0,-0.0237853858751436
2657.0,30.0,0.3,2.089338205446409,0.0,0.2030455010152001
2658.0,0.0,0.0,27.91,0.0,-0.0418248722471253
2659.0,0.0,0.0,0.0,0.0,-0.077734895104823
2660.0,0.0,0.0,0.0,0.0,-0.035480799132913
2661.0,0.0,0.0,0.0,0.0,-0.0196318753918779
2662.0,30.0,0.3,0.4425782577303251,0.0,0.0360435098729803
2663.0,0.0,0.0,37.86,0.0,-0.0338685117057891
2664.0,30.0,0.3,0.5266046322020304,0.0,0.0581819282070523
2667.0,30.0,0.3,2.1107624764860247,0.0,0.2312150812231378
2668.0,0.0,0.0,38.53,0.0,-0.0891566251544266
2669.0,30.0,0.3,2.531004095741217,0.0,0.1553430366256194
2671.0,30.0,0.3,1.910918030371264,0.0,0.1739887125895715
2673.0,30.0,0.3,0.4188800639394849,0.0,0.041904768301269
2674.0,30.0,0.3,27.93454694350519,7.796999999999999,0.2493968120437592
2677.0,0.0,0.0,35.2,0.0,-0.1122360368517912
2679.0,30.0,0.3,0.0039574439064587,0.0,0.0009552121425196
2680.0,30.0,0.3,0.7188563406556462,0.0,0.0598897226239812
2681.0,0.0,0.0,0.0,0.0,-0.0232544878528769
2683.0,0.0,0.0,0.0,0.0,-0.0026026899033827
2685.0,30.0,0.3,0.4858058286299369,0.0,0.0549119281824276
2686.0,0.0,0.0,0.0,0.0,-0.0109569694414643
2688.0,30.0,0.3,0.2633311241584534,0.0,0.0260853020464045
2690.0,30.0,0.3,0.0987645658437806,0.0,0.0091245903403345
2691.0,30.0,0.3,0.0416863219948916,0.0,0.0063132397387387
2692.0,30.0,0.3,1.0292574409851387,0.0,0.107854704074729
2693.0,30.0,0.3,0.5773283209878348,0.0,0.0508301039785028
2696.0,0.0,0.0,43.95,0.0,-0.0589175523399359
2697.0,30.0,0.3,2.2623322544862075,0.0,0.1820644016164661
2700.0,30.0,0.3,0.0941888908427689,0.0,0.0136387041475194
2702.0,30.0,0.3,0.8853217820223911,0.0,0.0944948000877779
2703.0,0.0,0.0,0.0,0.0,-0.0788538753870628
2704.0,0.0,0.0,24.33,0.0,-0.0425784631252493
2706.0,30.0,0.3,1.1225389208365433,0.0,0.1178518552059363
2707.0,30.0,0.3,58.78313512400569,16.95,0.1346982374044653
2710.0,30.0,0.3,0.3669146862748552,0.0,0.060100685712507
2711.0,0.0,0.0,34.62,0.0,-0.0103994096970655
2712.0,30.0,0.3,0.1917731807106752,0.0,0.0164626303297
2713.0,0.0,0.0,0.0,0.0,-0.0194521629587269
2714.0,0.0,0.0,0.0,0.0,-0.189473562479633
2715.0,30.0,0.3,0.0578184281383414,0.0,0.0075049880761087
2716.0,30.0,0.3,1.249334200312782,0.0,0.1461209591009102
2717.0,30.0,0.3,0.0835222513429666,0.0,0.0074981821835862
2718.0,0.0,0.0,0.0,0.0,-0.0879744107345779
2719.0,30.0,0.3,2.2578928477798,0.0,0.1896751384223622
2720.0,0.0,0.0,0.0,0.0,-0.0576199590236944
2722.0,30.0,0.3,1.1378826916930824,0.0,0.0720543751072114
2723.0,30.0,0.3,0.4446674305136839,0.0,0.0529555115533743
2724.0,30.0,0.3,1.157744121316392,0.0,0.1174778408235811
2725.0,30.0,0.3,1.467004476238574,0.0,0.1606443797895942
2726.0,0.0,0.0,36.93,0.0,-0.0449779814188886
2727.0,0.0,0.0,28.02,0.0,-0.062682447284551
2728.0,0.0,0.0,36.47,0.0,-0.0033457839771832
2729.0,30.0,0.3,1.0184209602422345,0.0,0.0609139876931775
2730.0,0.0,0.0,0.0,0.0,-0.022461073793012
2732.0,0.0,0.0,34.05,0.0,-0.0016179807693311
2733.0,30.0,0.3,36.910237223342655,10.527000000000001,0.1729112969832479
2736.0,30.0,0.3,1.6796142060637138,0.0,0.1808370161567306
2737.0,0.0,0.0,37.53,0.0,-0.0153002044995763
2739.0,0.0,0.0,50.8,0.0,-0.082608195254325
2740.0,0.0,0.0,38.38,0.0,-0.0393589803317219
2742.0,30.0,0.3,1.5078747406923831,0.0,0.1713688760873262
2743.0,30.0,0.3,0.5191938176575508,0.0,0.0672617978569181
2744.0,0.0,0.0,0.0,0.0,-0.0555082204794942
2745.0,0.0,0.0,0.0,0.0,-0.024063349175794
2746.0,30.0,0.3,0.4479895840102663,0.0,0.0456387106774925
2748.0,30.0,0.3,0.2775074222854902,0.0,0.0219304111178671
2749.0,30.0,0.3,1.0551249832838931,0.0,0.0883689265731904
2750.0,0.0,0.0,34.42,0.0,-0.0587961898986535
2751.0,30.0,0.3,33.543657017442015,9.294,0.2758400061805479
2754.0,30.0,0.3,1.1915731194513255,0.0,0.0998218245330758
2755.0,30.0,0.3,0.1310351079361227,0.0,0.0087252036180665
2756.0,0.0,0.0,31.79,0.0,-0.0790603398310789
2757.0,0.0,0.0,0.0,0.0,-0.0582767385936883
2758.0,0.0,0.0,0.0,0.0,-0.0064335727286552
2759.0,0.0,0.0,46.34,0.0,-0.1191614327895507
2760.0,30.0,0.3,2.1067006119407483,0.0,0.1578052892839512
2761.0,0.0,0.0,26.97,0.0,-0.0156225655506531
2762.0,0.0,0.0,0.0,0.0,-0.0283675157421877
2763.0,30.0,0.3,1.4412299707467968,0.0,0.1598170293575956
2764.0,30.0,0.3,0.556644608616423,0.0,0.041903388182507
2765.0,30.0,0.3,2.1113905539141347,0.0,0.1206784724459382
2766.0,30.0,0.3,1.2233587789276343,0.0,0.1258599566797978
2768.0,30.0,0.3,0.4959170209716559,0.0,0.0547007523683715
2769.0,30.0,0.3,0.2895128164633233,0.0,0.022579380476004
2771.0,30.0,0.3,0.2071594214672495,0.0,0.0159181974387006
2772.0,0.0,0.0,0.0,0.0,-0.1004826314588457
2774.0,0.0,0.0,0.0,0.0,-0.1138634398660455
2775.0,30.0,0.3,1.5249088064370222,0.0,0.1396053104858576
2776.0,0.0,0.0,0.0,0.0,-0.0499190910029035
2777.0,30.0,0.3,50.94312196817548,14.703,0.1314780635363859
2779.0,0.0,0.0,58.81,0.0,-0.0006920976140006
2780.0,30.0,0.3,1.2088755345797912,0.0,0.1589579927126616
2781.0,30.0,0.3,0.3163526022859118,0.0,0.0280454434650631
2784.0,30.0,0.3,42.94304384669367,12.393,0.1317714715318056
2785.0,30.0,0.3,31.30289839399426,9.065999999999999,0.1194461056689012
2787.0,30.0,0.3,0.7915323091947737,0.0,0.1102566247659526
2789.0,30.0,0.3,0.6984315843555636,0.0,0.1040261519743169
2790.0,30.0,0.3,0.7366084672996002,0.0,0.1111023329260332
2791.0,0.0,0.0,31.78,0.0,-0.0186816186863176
2793.0,30.0,0.3,0.3809999324491896,0.0,0.0438384458001599
2797.0,30.0,0.3,0.4179349448873662,0.0,0.047742168710003
2798.0,0.0,0.0,0.0,0.0,-0.0285811112677397
2799.0,30.0,0.3,0.3012707261393966,0.0,0.0229960099335468
2800.0,30.0,0.3,0.5383503319342035,0.0,0.1909043730263133
2801.0,30.0,0.3,0.5845114233075687,0.0,0.0482509017093915
2802.0,0.0,0.0,53.36,0.0,-0.0705424106918275
2803.0,30.0,0.3,0.6620718649640793,0.0,0.0583066371610814
2804.0,0.0,0.0,0.0,0.0,-0.0986814695441539
2805.0,30.0,0.3,34.61591105573424,9.935999999999998,0.150554655367778
2807.0,0.0,0.0,33.91,0.0,-0.0657127452997418
2808.0,0.0,0.0,0.0,0.0,-0.0218350440723003
2809.0,0.0,0.0,0.0,0.0,-0.0950669552007587
2810.0,0.0,0.0,40.3,0.0,-0.0698019954942743
2812.0,30.0,0.3,1.6308537110792436,0.0,0.1398194196741464
2814.0,30.0,0.3,55.69567991793526,16.02,0.1433008687849726
2815.0,30.0,0.3,10.207527279731762,2.964,0.1105017812860191
2816.0,30.0,0.3,0.390519134600592,0.0,0.0347870242829674
2818.0,30.0,0.3,0.1412831323200623,0.0,0.0125518063539501
2819.0,30.0,0.3,58.36724446617647,16.521,0.1995789883285803
2820.0,30.0,0.3,0.0822975478211681,0.0,0.0050980330682753
2822.0,30.0,0.3,2.1162956516855096,0.0,0.135217919090506
2823.0,30.0,0.3,0.9557836970052416,0.0,0.1080714266175081
2824.0,30.0,0.3,0.1377747271839136,0.0,0.0136356618353042
2825.0,30.0,0.3,35.64346467453736,10.190999999999999,0.1642100553956781
2826.0,0.0,0.0,36.26,0.0,-0.0369707918752985
2827.0,0.0,0.0,0.0,0.0,-0.0544445769199869
2829.0,0.0,0.0,48.69,0.0,-0.1093422056505407
2830.0,0.0,0.0,0.0,0.0,-0.0533629589301901
2831.0,0.0,0.0,0.0,0.0,-0.0318145638546475
2832.0,30.0,0.3,44.0254793321156,12.518999999999998,0.1833596399165754
2834.0,0.0,0.0,0.0,0.0,-0.0159393677250115
2835.0,30.0,0.3,0.3802081710943804,0.0,0.0272082561252598
2836.0,30.0,0.3,1.500804187468513,0.0,0.1958762969810119
2837.0,0.0,0.0,0.0,0.0,-0.0513139335670464
2838.0,0.0,0.0,46.4,0.0,-0.0596887255746359
2839.0,0.0,0.0,52.63,0.0,-0.0146929133737056
2840.0,30.0,0.3,0.1745349100094182,0.0,0.0140357788507775
2841.0,30.0,0.3,0.1091456343670982,0.0,0.0123874287103732
2842.0,30.0,0.3,0.0532922226782001,0.0,0.0051222820721069
2843.0,30.0,0.3,1.402261225132316,0.0,0.1457955110347594
2844.0,30.0,0.3,0.1917475285232477,0.0,0.0162017345604772
2845.0,0.0,0.0,0.0,0.0,-0.0660996403936763
2846.0,0.0,0.0,0.0,0.0,-0.0362685907834111
2847.0,0.0,0.0,45.53,0.0,-0.0770010830456854
2848.0,30.0,0.3,0.3601232201954073,0.0,0.0363540500903904
2850.0,30.0,0.3,1.6037050865406204,0.0,0.0750482047143348
2851.0,30.0,0.3,0.8283071131582515,0.0,0.0882962491374322
2852.0,30.0,0.3,0.3479597513949883,0.0,0.0259826576609161
2854.0,30.0,0.3,0.6988819321553804,0.0,0.1190396750392404
2855.0,0.0,0.0,24.61,0.0,-0.0092613853226392
2857.0,30.0,0.3,0.2014768079996554,0.0,0.0157170456353581
2858.0,30.0,0.3,1.2123559776561412,0.0,0.1551319229246502
2859.0,30.0,0.3,1.6103600725521254,0.0,0.1697080906894431
2861.0,30.0,0.3,0.0242793012213545,0.0,0.0047162589785071
2864.0,0.0,0.0,0.0,0.0,-0.138363427522498
2865.0,30.0,0.3,0.7215705879505666,0.0,0.0703285173441098
2866.0,30.0,0.3,0.1454173355072645,0.0,0.011094631533323
2867.0,30.0,0.3,42.28852202871772,12.222,0.1266995605234596
2870.0,30.0,0.3,0.8235319702767743,0.0,0.0795222064770929
2872.0,0.0,0.0,0.0,0.0,-0.0262455176484056
2875.0,0.0,0.0,34.3,0.0,-0.0318180150832895
2876.0,30.0,0.3,0.7523201773738697,0.0,0.0602820654947011
2877.0,0.0,0.0,0.0,0.0,-0.023896175681305
2879.0,0.0,0.0,16.23,0.0,-0.0651174210129022
2880.0,30.0,0.3,1.6562281310357063,0.0,0.1331266080729609
2881.0,0.0,0.0,43.57,0.0,-0.0303692882251813
2882.0,30.0,0.3,1.1343720749816266,0.0,0.0678980113115237
2883.0,0.0,0.0,47.14,0.0,-0.0392022783467786
2884.0,30.0,0.3,1.2577738262692455,0.0,0.0838683620903678
2885.0,0.0,0.0,42.96,0.0,-0.0329371401059911
2887.0,30.0,0.3,35.10119762711333,10.029,0.1666365168125762
2889.0,30.0,0.3,0.0917387344818625,0.0,0.0118894160811123
2891.0,0.0,0.0,47.62,0.0,-0.1250171989794564
2893.0,0.0,0.0,36.07,0.0,-0.0073730884623031
2894.0,30.0,0.3,0.4818222480020301,0.0,0.0445389395453901
2895.0,0.0,0.0,0.0,0.0,-0.0166279552209043
2896.0,30.0,0.3,0.0612583908363032,0.0,0.022027468837218
2897.0,0.0,0.0,27.5,0.0,-0.0479150469638992
2899.0,0.0,0.0,37.59,0.0,-0.008803376793547
2900.0,30.0,0.3,0.3280849073096648,0.0,0.0218461118197939
2901.0,0.0,0.0,38.96,0.0,-0.0310152270582128
2902.0,0.0,0.0,0.0,0.0,-0.0267647855030349
2903.0,30.0,0.3,0.7745543161564086,0.0,0.0664226323777042
2904.0,30.0,0.3,1.1774345335208989,0.0,0.0999180697149439
2905.0,30.0,0.3,0.0815620347095267,0.0,0.009911536603418
2906.0,0.0,0.0,0.0,0.0,-0.0032383949338524
2908.0,0.0,0.0,25.12,0.0,-0.0299374782930544
2909.0,30.0,0.3,1.8942619760968535,0.0,0.1957286604770463
2910.0,30.0,0.3,0.8986277187941839,0.0,0.1000142146682453
2911.0,0.0,0.0,0.0,0.0,-0.0604591333688634
2912.0,0.0,0.0,45.34,0.0,-0.0544978103171849
2913.0,30.0,0.3,0.6403468580269269,0.0,0.0557017099884244
2914.0,30.0,0.3,0.19475897092231,0.0,0.0460749872066028
2915.0,0.0,0.0,0.0,0.0,-0.0089066386083976
2916.0,0.0,0.0,0.0,0.0,-0.0181399669429831
2918.0,0.0,0.0,44.52,0.0,-0.017979376577733
2919.0,30.0,0.3,0.5783089904619194,0.0,0.0568642075183795
2920.0,0.0,0.0,44.16,0.0,-0.0045970825589377
2921.0,30.0,0.3,0.7095014922538371,0.0,0.05693319629705
2922.0,0.0,0.0,0.0,0.0,-0.0012514697382785
2923.0,30.0,0.3,0.0179376933069583,0.0,0.0016203878326069
2924.0,30.0,0.3,0.4430105092980144,0.0,0.0850144903661513
2925.0,30.0,0.3,0.1584410109100389,0.0,0.015185069092394
2926.0,0.0,0.0,0.0,0.0,-0.0063822485924972
2928.0,0.0,0.0,0.0,0.0,-0.0022403770404484
2930.0,30.0,0.3,1.4656205729928666,0.0,0.1180333875326461
2932.0,30.0,0.3,0.2811943873049402,0.0,0.0332145508274203
2934.0,0.0,0.0,25.25,0.0,-0.0023515244899755
2936.0,0.0,0.0,0.0,0.0,-0.0550216481122776
2937.0,0.0,0.0,0.0,0.0,-0.057212327426187
2938.0,30.0,0.3,63.95366173826862,18.302999999999997,0.1608294672058472
2940.0,30.0,0.3,0.2937300925620447,0.0,0.0189564435341752
2943.0,30.0,0.3,0.8893396312017211,0.0,0.0866043072550123
2945.0,30.0,0.3,26.46590348501999,7.640999999999999,0.130336799505299
2946.0,0.0,0.0,0.0,0.0,-0.0507004259387506
2949.0,30.0,0.3,2.220977820705569,0.0,0.2298435083002762
2950.0,30.0,0.3,0.7877648977252852,0.0,0.0617128787877231
2951.0,30.0,0.3,0.4499125896738912,0.0,0.0491546585462571
2954.0,0.0,0.0,39.84,0.0,-0.045814305295262
2955.0,30.0,0.3,1.3629206919795973,0.0,0.1731352505055383
2956.0,0.0,0.0,43.38,0.0,-0.0165527982175388
2958.0,30.0,0.3,58.7355005206132,17.012999999999998,0.1190560465886794
2960.0,30.0,0.3,0.3379411912611916,0.0,0.0261726449241939
2961.0,30.0,0.3,0.7859710252678606,0.0,0.0757854618906432
2962.0,30.0,0.3,0.3984535257790226,0.0,0.044184245484478
2964.0,30.0,0.3,0.1677564231624152,0.0,0.0263023554660419
2965.0,0.0,0.0,43.48,0.0,-0.0366331956143574
2966.0,30.0,0.3,21.203762446762823,6.071999999999999,0.1587224055933508
2967.0,30.0,0.3,1.144348221191075,0.0,0.0926747830572623
2970.0,30.0,0.3,3.361047237487973,0.0,0.212267730042186
2971.0,30.0,0.3,1.2332055960336186,0.0,0.1229271925870832
2972.0,0.0,0.0,23.45,0.0,-0.0003290030696758
2973.0,30.0,0.3,33.595844629084446,9.597,0.1673277721250856
2975.0,30.0,0.3,1.6224000027330387,0.0,0.1040000001751948
2978.0,0.0,0.0,0.0,0.0,-0.0074495913189239
2983.0,0.0,0.0,0.0,0.0,-0.07417106058454
2984.0,0.0,0.0,38.2,0.0,-0.0099975793649672
2985.0,0.0,0.0,37.4,0.0,-0.0042695947263403
2989.0,0.0,0.0,0.0,0.0,-0.0049552718227873
2990.0,30.0,0.3,53.51073917629312,15.279,0.1689075971132347
2991.0,30.0,0.3,0.7871730000680425,0.0,0.0587530228443083
2992.0,30.0,0.3,1.0955240105563464,0.0,0.0822280275130486
2993.0,0.0,0.0,46.74,0.0,-0.0041842016986709
2995.0,30.0,0.3,0.2546265678054417,0.0,0.0373736339065671
2996.0,30.0,0.3,0.8438241916327919,0.0,0.0919198465830928
2997.0,30.0,0.3,1.4996769230886375,0.0,0.092452803346812
2999.0,30.0,0.3,0.8326574191993447,0.0,0.0646673981981473
3000.0,30.0,0.3,0.5827497093312057,0.0,0.0440076808134123
3001.0,0.0,0.0,54.02,0.0,-0.0236418079012664
3002.0,30.0,0.3,1.1409101449527543,0.0,0.1098507745958747
3003.0,0.0,0.0,48.35,0.0,-0.0397482472658057
3004.0,30.0,0.3,0.3750732112832837,0.0,0.0516416372412617
3006.0,0.0,0.0,0.0,0.0,-0.0389278126653563
3007.0,30.0,0.3,0.5703874289630425,0.0,0.1117092496989899
3008.0,30.0,0.3,0.4756665021040794,0.0,0.0464972142819237
3010.0,30.0,0.3,0.1598246428173558,0.0,0.0239868892116698
3011.0,0.0,0.0,44.59,0.0,-0.0318832935294282
3012.0,30.0,0.3,0.1245707397536924,0.0,0.0153563535199325
3013.0,0.0,0.0,0.0,0.0,-0.0103512680366076
3016.0,30.0,0.3,0.5046997690085229,0.0,0.0343964948550755
3019.0,30.0,0.3,1.5074170503379396,0.0,0.0955815769664536
3020.0,30.0,0.3,0.1458338281489732,0.0,0.0162851846062505
3021.0,0.0,0.0,48.42,0.0,-0.0762151338360314
3022.0,30.0,0.3,0.6730985511837306,0.0,0.0858325109900192
3024.0,30.0,0.3,39.67056195830192,11.286,0.181690763627673
3025.0,30.0,0.3,0.1714865643332042,0.0,0.0223115488333599
3026.0,30.0,0.3,40.51053381060217,11.706000000000001,0.1273307543654679
3027.0,0.0,0.0,0.0,0.0,-0.033903128879223
3028.0,0.0,0.0,41.64,0.0,-0.0091724072332027
3029.0,0.0,0.0,0.0,0.0,-0.0472793748183648
3030.0,30.0,0.3,2.121193537205254,0.0,0.1754502512163155
3034.0,0.0,0.0,0.0,0.0,-0.0642404764597406
3035.0,30.0,0.3,0.5671835399388525,0.0,0.0331105394009838
3036.0,30.0,0.3,0.6837016497378949,0.0,0.0857091199370559
3037.0,30.0,0.3,1.1662646366171234,0.0,0.1197274034100322
3038.0,0.0,0.0,0.0,0.0,-0.0150364447446341
3039.0,30.0,0.3,0.1233354561518069,0.0,0.0138470255026167
3040.0,30.0,0.3,0.6387807746838905,0.0,0.0469312155377188
3042.0,0.0,0.0,0.0,0.0,-0.0999770391185311
3044.0,0.0,0.0,0.0,0.0,-0.0177991562193536
3045.0,30.0,0.3,38.01788145287379,10.674,0.2283943650809247
3046.0,30.0,0.3,0.8606718322287334,0.0,0.0697860887236466
3048.0,30.0,0.3,32.63792571439868,9.231,0.2023535602208522
3049.0,30.0,0.3,48.86626786105936,13.872,0.1893215009414189
3051.0,30.0,0.3,43.106821419707785,12.459,0.1265608331092211
3053.0,0.0,0.0,35.68,0.0,-0.0471975217822826
3054.0,30.0,0.3,0.1895466617514526,0.0,0.0151045232091364
3055.0,30.0,0.3,0.3140617989298619,0.0,0.046424508341443
3057.0,0.0,0.0,36.32,0.0,-0.0192757696542826
3058.0,30.0,0.3,62.285877630770045,18.035999999999998,0.120086362318144
3060.0,0.0,0.0,0.0,0.0,-0.0650670227209407
3061.0,30.0,0.3,0.676930048513346,0.0,0.0549411613110418
3062.0,30.0,0.3,0.5793151604716362,0.0,0.0456729076373097
3066.0,0.0,0.0,45.92,0.0,-0.0767372470018878
3067.0,30.0,0.3,2.0118732995872985,0.0,0.1265806782173964
3068.0,30.0,0.3,0.4032893096838186,0.0,0.0388862510542685
3069.0,30.0,0.3,2.831438818287888,0.0,0.1759531952701894
3070.0,30.0,0.3,0.904374038130721,0.0,0.0748406188456406
3071.0,30.0,0.3,34.331209736578444,9.893999999999998,0.1365686008266069
3072.0,0.0,0.0,0.0,0.0,-0.0470263098669927
3074.0,30.0,0.3,0.0908456450077525,0.0,0.0061076808530155
3075.0,0.0,0.0,62.1,0.0,-0.0431274604763325
3076.0,30.0,0.3,0.53749068253658,0.0,0.0827163254134472
3077.0,0.0,0.0,0.0,0.0,-0.0643897756780303
3078.0,0.0,0.0,43.87,0.0,-0.0131640411263285
3079.0,0.0,0.0,27.41,0.0,-0.0203149598164531
3080.0,0.0,0.0,0.0,0.0,-0.0175177584840911
3082.0,30.0,0.3,0.5934773490599891,0.0,0.056993887358109
3084.0,0.0,0.0,0.0,0.0,-0.0449681135024584
3085.0,30.0,0.3,31.18575152120544,9.039,0.1167995930086776
3086.0,0.0,0.0,0.0,0.0,-0.1133985744396324
3087.0,30.0,0.3,0.203107980651288,0.0,0.0150283374510757
3090.0,0.0,0.0,0.0,0.0,-0.0513489458879478
3092.0,30.0,0.3,0.1377847770283165,0.0,0.0070942630536668
3094.0,0.0,0.0,0.0,0.0,-0.0393855937456064
3095.0,30.0,0.3,0.4624934854044077,0.0,0.0403677651570575
3096.0,0.0,0.0,0.0,0.0,-0.0179777616839847
3097.0,0.0,0.0,0.0,0.0,-0.1093262149523055
3098.0,0.0,0.0,0.0,0.0,-0.0096072708552551
3099.0,0.0,0.0,0.0,0.0,-0.032148490652893
3101.0,0.0,0.0,0.0,0.0,-0.0296387006238963
3102.0,30.0,0.3,0.671907262494978,0.0,0.0803044415555131
3103.0,0.0,0.0,16.56,0.0,-0.0213765791719008
3105.0,30.0,0.3,0.2970501257956043,0.0,0.0199389264193586
3106.0,30.0,0.3,0.3643439151934293,0.0,0.0583323591407988
3107.0,30.0,0.3,1.336110261455401,0.0,0.1189874665113012
3108.0,30.0,0.3,0.4274251451780033,0.0,0.0336422782509251
3109.0,30.0,0.3,0.4423225997729614,0.0,0.0423558938784795
3110.0,0.0,0.0,15.71,0.0,-0.073522770410122
3112.0,0.0,0.0,38.71,0.0,-0.1565047183927573
3113.0,30.0,0.3,1.5933338121971032,0.0,0.1182875881363848
3114.0,0.0,0.0,0.0,0.0,-0.115111057864597
3115.0,30.0,0.3,0.7045536540976822,0.0,0.0578593786727176
3116.0,30.0,0.3,0.0783365271345335,0.0,0.0071658001403708
3117.0,0.0,0.0,45.44,0.0,-0.0968894198648099
3120.0,30.0,0.3,0.101943266720776,0.0,0.0078879036459901
3121.0,30.0,0.3,1.2747192323335053,0.0,0.081917565216471
3122.0,30.0,0.3,1.4797314369860972,0.0,0.1340700767406086
3123.0,30.0,0.3,2.474568075627532,0.0,0.2046789144439646
3124.0,0.0,0.0,54.15,0.0,-0.0568257665074131
3128.0,30.0,0.3,2.6858744924668487,0.0,0.1798135162661076
3131.0,30.0,0.3,1.0542522527863287,0.0,0.1040312071034467
3133.0,30.0,0.3,0.3473444182195674,0.0,0.0408256250845754
3134.0,30.0,0.3,1.241487205449173,0.0,0.1293620095289333
3135.0,0.0,0.0,45.31,0.0,-0.0037391848421828
3136.0,0.0,0.0,0.0,0.0,-0.0835289284292236
3138.0,30.0,0.3,49.34685508036561,14.274,0.1237813563377897
3141.0,30.0,0.3,0.4115745005958573,0.0,0.0340763785888274
3143.0,30.0,0.3,0.3529678936911257,0.0,0.0307275958641182
3144.0,30.0,0.3,0.3901216721917829,0.0,0.0261598385430016
3145.0,0.0,0.0,36.89,0.0,-0.0072619963874259
3146.0,30.0,0.3,0.765981123320508,0.0,0.0742229770659407
3147.0,0.0,0.0,46.07,0.0,-0.0029283638413311
3151.0,30.0,0.3,2.3289953725415677,0.0,0.1959938881209768
3152.0,0.0,0.0,45.92,0.0,-0.115444008943528
3153.0,0.0,0.0,52.19,0.0,-0.0102374636678987
3154.0,30.0,0.3,1.2810316804366468,0.0,0.1085712077664757
3155.0,30.0,0.3,0.258197248459933,0.0,0.036177280154117
3156.0,30.0,0.3,0.876874618484584,0.0,0.1573151450456735
3157.0,0.0,0.0,0.0,0.0,-0.0312374788941325
3158.0,30.0,0.3,1.1069407766371844,0.0,0.1292853044425583
3159.0,30.0,0.3,33.208126446307354,9.453,0.1796388920244741
3160.0,0.0,0.0,0.0,0.0,-0.05399484120226
3161.0,0.0,0.0,0.0,0.0,-0.0914127272914016
3163.0,0.0,0.0,0.0,0.0,-0.0348328776758926
3165.0,30.0,0.3,1.5782263508333794,0.0,0.0888340848155679
3167.0,30.0,0.3,0.8395209238972018,0.0,0.0881386796742469
3168.0,30.0,0.3,1.877276728866436,0.0,0.2114764817918707
3170.0,30.0,0.3,0.6206967570187505,0.0,0.0675698625102058
3171.0,30.0,0.3,1.901331817704352,0.0,0.1400612757056613
3172.0,30.0,0.3,0.7177660916132956,0.0,0.1173971363449944
3173.0,0.0,0.0,0.0,0.0,-0.0068792000185017
3174.0,30.0,0.3,0.8948229638070254,0.0,0.0732860740218694
3175.0,0.0,0.0,0.0,0.0,-0.0155548461913796
3176.0,30.0,0.3,0.9835734026697732,0.0,0.0979264638261423
3177.0,30.0,0.3,0.207242579650302,0.0,0.017361362121999
3179.0,30.0,0.3,2.025516570983577,0.0,0.2042263128638412
3181.0,0.0,0.0,0.0,0.0,-0.0239628439538757
3182.0,30.0,0.3,1.1394044442602844,0.0,0.155528862170391
3183.0,30.0,0.3,0.2646957250992797,0.0,0.0328243706720337
3186.0,0.0,0.0,16.4,0.0,-0.0308190714384367
3188.0,30.0,0.3,1.2680555440077608,0.0,0.1427990477486217
3189.0,30.0,0.3,0.4287175900502477,0.0,0.0330189148221078
3190.0,0.0,0.0,0.0,0.0,-0.093183936771669
3192.0,30.0,0.3,48.64846449316741,14.064,0.1257440623696961
3193.0,30.0,0.3,1.0723336313787697,0.0,0.0694336720654474
3194.0,0.0,0.0,37.59,0.0,-0.0831216714503364
3195.0,30.0,0.3,42.4122510160317,12.264000000000001,0.1249389282478554
3197.0,30.0,0.3,0.09391379641913,0.0,0.0097340170417838
3198.0,30.0,0.3,0.1415491209138571,0.0,0.0943660806092381
3199.0,0.0,0.0,46.85,0.0,-0.0023138709668885
3201.0,30.0,0.3,1.3734418156234935,0.0,0.1147403354739761
3202.0,30.0,0.3,1.0786971097594618,0.0,0.1125401262138197
3203.0,0.0,0.0,0.0,0.0,-0.0241093354852345
3204.0,0.0,0.0,36.94,0.0,-0.1128618710139735
3206.0,30.0,0.3,1.2329454002213178,0.0,0.1383777104625497
3207.0,30.0,0.3,0.4633556003128764,0.0,0.0458314144720946
3208.0,30.0,0.3,33.92963178170685,9.801,0.1285207409148916
3209.0,0.0,0.0,26.9,0.0,-0.0067369739635671
3210.0,0.0,0.0,45.96,0.0,-0.0515291259940117
3211.0,0.0,0.0,0.0,0.0,-0.024372799234531
3213.0,0.0,0.0,0.0,0.0,-0.0208533712334653
3215.0,30.0,0.3,0.6516165687537692,0.0,0.0933414365783941
3218.0,0.0,0.0,21.59,0.0,-0.0738315583150184
3219.0,0.0,0.0,54.43,0.0,-0.0234621086476686
3220.0,0.0,0.0,42.56,0.0,-0.0215613107558171
3222.0,0.0,0.0,0.0,0.0,-0.039450990241088
3225.0,30.0,0.3,0.7578709626222445,0.0,0.0444446963770962
3226.0,30.0,0.3,0.3517970839342427,0.0,0.026381483609617
3228.0,30.0,0.3,0.22985819184211,0.0,0.0547281409147881
3230.0,0.0,0.0,0.0,0.0,-0.0169702101059241
3231.0,0.0,0.0,0.0,0.0,-0.0008094838580793
3232.0,0.0,0.0,43.09,0.0,-0.1391218141528306
3233.0,30.0,0.3,0.5507897291598988,0.0,0.1190639276177905
3234.0,30.0,0.3,1.998173338512203,0.0,0.1237795538940843
3235.0,30.0,0.3,0.7565809532304392,0.0,0.0641714124877387
3236.0,0.0,0.0,31.82,0.0,-0.0081309740196483
3237.0,30.0,0.3,1.2750257431868812,0.0,0.1055921940527438
3238.0,0.0,0.0,0.0,0.0,-0.1193296486471002
3239.0,30.0,0.3,0.8912485584581927,0.0,0.0624385987430428
3240.0,0.0,0.0,36.0,0.0,-0.0096731027225515
3243.0,30.0,0.3,0.7905063781982874,0.0,0.065271767665617
3246.0,30.0,0.3,1.4595717455837818,0.0,0.1256193945764508
3247.0,30.0,0.3,30.059024560537104,8.628,0.1505591748420379
3248.0,0.0,0.0,44.09,0.0,-0.0812446725467527
3250.0,30.0,0.3,30.987691592947968,8.931,0.1363443727407868
3251.0,30.0,0.3,1.5048240155620891,0.0,0.1071811976896075
3252.0,0.0,0.0,28.29,0.0,-0.0347631762101936
3253.0,0.0,0.0,35.71,0.0,-0.0441622406174656
3255.0,0.0,0.0,52.05,0.0,-0.1309708069718635
3256.0,30.0,0.3,0.5441253774584335,0.0,0.0431948382518404
3257.0,30.0,0.3,1.9110079127188628,0.0,0.1602522358674099
3258.0,30.0,0.3,0.1737762601419139,0.0,0.0250759394144176
3260.0,30.0,0.3,0.2893705911887472,0.0,0.0292559489625667
3261.0,30.0,0.3,29.031999531687987,8.301,0.1640765608586901
3263.0,30.0,0.3,0.2635208279141465,0.0,0.0193950708702544
3266.0,30.0,0.3,0.1977279208430427,0.0,0.0163953499869853
3268.0,30.0,0.3,1.7865868280549402,0.0,0.2347374626271108
3269.0,30.0,0.3,1.626495598643758,0.0,0.1470876830026911
3270.0,0.0,0.0,50.33,0.0,-0.0461691081296093
3271.0,30.0,0.3,0.0273641923601983,0.0,0.0023490593493174
3273.0,30.0,0.3,0.9946028421569468,0.0,0.0571709399411937
3274.0,0.0,0.0,40.28,0.0,-0.0065572773837809
3276.0,0.0,0.0,36.23,0.0,-0.0273428261437947
3277.0,0.0,0.0,0.0,0.0,-0.032875938088092
3278.0,0.0,0.0,0.0,0.0,-0.0805782588526185
3279.0,0.0,0.0,29.48,0.0,-0.0286405385625817
3280.0,30.0,0.3,0.0742811019438166,0.0,0.0065313551344251
3282.0,30.0,0.3,0.8070652473200288,0.0,0.096354494665715
3284.0,30.0,0.3,43.91790120632896,12.402000000000001,0.2078617324890307
3287.0,30.0,0.3,0.6340210667176716,0.0,0.0778991358542415
3289.0,30.0,0.3,0.8469411477118689,0.0,0.1264279963743647
3290.0,30.0,0.3,1.182780318879423,0.0,0.1220241740306843
3291.0,30.0,0.3,0.1831059695479131,0.0,0.0138402093384666
3292.0,30.0,0.3,0.726571789048707,0.0,0.0498745050143264
3293.0,30.0,0.3,0.9530814867256564,0.0,0.0969761382504738
3294.0,30.0,0.3,0.9804085995814594,0.0,0.0799224422908176
3295.0,0.0,0.0,49.62,0.0,-0.1086407709296844
3296.0,0.0,0.0,34.69,0.0,-0.0437661242126156
3297.0,0.0,0.0,39.48,0.0,-0.0027207762409223
3299.0,30.0,0.3,0.2128893305512174,0.0,0.0341990892451755
3302.0,0.0,0.0,0.0,0.0,-0.0052492865456625
3303.0,30.0,0.3,31.94198880423829,9.201,0.138244626044809
3304.0,30.0,0.3,0.8961829313201244,0.0,0.0960848001844242
3305.0,0.0,0.0,0.0,0.0,-0.0165192027073616
3306.0,0.0,0.0,0.0,0.0,-0.0132485049202405
3307.0,30.0,0.3,0.6799314372806933,0.0,0.0812926156480982
3308.0,30.0,0.3,54.68078253601813,15.794999999999998,0.1285712273515752
3309.0,30.0,0.3,33.712364444547795,9.674999999999999,0.1511487797982219
3311.0,30.0,0.3,0.2041152465803918,0.0,0.0174636590161184
3312.0,30.0,0.3,0.3092350361782462,0.0,0.0562962017437186
3314.0,30.0,0.3,1.0014264919944076,0.0,0.0917057227101106
3315.0,0.0,0.0,0.0,0.0,-0.0171896006487882
3316.0,30.0,0.3,30.624128705513268,8.793,0.1494516894704047
3317.0,30.0,0.3,1.1856925720939435,0.0,0.1101228357104062
3318.0,30.0,0.3,0.1747918033735875,0.0,0.0314091290877965
3319.0,0.0,0.0,0.0,0.0,-0.0063669008293627
3321.0,30.0,0.3,0.0161119130949457,0.0,0.0016519956008352
3323.0,30.0,0.3,1.8443011087643528,0.0,0.1848923417307622
3324.0,30.0,0.3,0.3758904909442909,0.0,0.0377400091309529
3325.0,0.0,0.0,0.0,0.0,-0.0032539476312635
3328.0,30.0,0.3,0.3490208022789886,0.0,0.0273548712500187
3329.0,0.0,0.0,45.31,0.0,-0.0055709138001875
3330.0,0.0,0.0,0.0,0.0,-0.014320508749918
3331.0,30.0,0.3,0.046567378843143,0.0,0.0042761596733832
3332.0,0.0,0.0,59.39,0.0,-0.0439467579795518
3333.0,0.0,0.0,0.0,0.0,-0.0124603339654109
3334.0,0.0,0.0,0.0,0.0,-0.0186627416336063
3335.0,30.0,0.3,0.257534547379534,0.0,0.0256713065569711
3337.0,30.0,0.3,1.0915591121707322,0.0,0.1091668278998632
3340.0,30.0,0.3,0.4133792774027414,0.0,0.0371109863904068
3341.0,0.0,0.0,48.98,0.0,-0.0219717766250983
3343.0,30.0,0.3,40.74755627537466,11.796,0.1210203692247083
3344.0,30.0,0.3,0.2784631418643483,0.0,0.0343273103876169
3345.0,0.0,0.0,0.0,0.0,-0.0009337234896647
3348.0,0.0,0.0,0.0,0.0,-0.0727981834166998
3349.0,30.0,0.3,0.56005885482506,0.0,0.0515850469581892
3350.0,30.0,0.3,29.93075193566496,8.597999999999999,0.1477962241992274
3351.0,30.0,0.3,1.3288925243316791,0.0,0.1243233720957694
3352.0,30.0,0.3,0.7135848664032044,0.0,0.0663861630294171
3354.0,30.0,0.3,1.5433338572449042,0.0,0.1805702418678957
3355.0,30.0,0.3,0.046563756633469,0.0,0.0041290907717894
3356.0,0.0,0.0,36.41,0.0,-0.123590913261267
3357.0,30.0,0.3,0.8788309336653498,0.0,0.0841792082054933
3358.0,0.0,0.0,47.54,0.0,-0.0425408625168883
3359.0,0.0,0.0,0.0,0.0,-0.0124585806145303
3360.0,30.0,0.3,1.9284757136787276,0.0,0.1776251002743601
3361.0,30.0,0.3,0.7870720141388616,0.0,0.0710802866557267
3363.0,0.0,0.0,0.0,0.0,-0.0040480000588255
3364.0,0.0,0.0,40.31,0.0,-0.0822472287795251
3365.0,30.0,0.3,29.37075126686097,8.337,0.1896067250642887
3366.0,30.0,0.3,0.0286032910457494,0.0,0.0050128445576147
3368.0,30.0,0.3,0.944666531569116,0.0,0.0796985178072316
3370.0,0.0,0.0,0.0,0.0,-0.0525567367329264
3372.0,30.0,0.3,0.6973648399417548,0.0,0.0510329191322177
3375.0,0.0,0.0,0.0,0.0,-0.0732991016239631
3376.0,30.0,0.3,0.696789538690269,0.0,0.0570531023245942
3377.0,0.0,0.0,39.26,0.0,-0.0121674262666866
3378.0,30.0,0.3,0.999998697293496,0.0,0.0907028296864849
3379.0,30.0,0.3,0.2912432621247166,0.0,0.0297520954259594
3380.0,0.0,0.0,44.12,0.0,-0.0133421831283688
3381.0,30.0,0.3,0.3360468349632148,0.0,0.0745776375861551
3382.0,0.0,0.0,0.0,0.0,-0.0164454179992732
3383.0,0.0,0.0,58.38,0.0,-0.0111316357487948
3384.0,30.0,0.3,1.4228372212215454,0.0,0.1556033706497753
3387.0,30.0,0.3,0.6902121938110898,0.0,0.0914430569437056
3388.0,0.0,0.0,0.0,0.0,-0.0112216623858513
3389.0,30.0,0.3,0.4197869878480307,0.0,0.041289169651621
3391.0,30.0,0.3,0.5992178001263471,0.0,0.0619154577522574
3392.0,0.0,0.0,0.0,0.0,-0.0348359126468059
3394.0,0.0,0.0,21.46,0.0,-0.0418196426548102
3395.0,0.0,0.0,0.0,0.0,-0.0931524041789236
3396.0,30.0,0.3,1.1820872534964173,0.0,0.1479643576788606
3397.0,30.0,0.3,34.573767973323285,9.684,0.2368616246719625
3398.0,0.0,0.0,0.0,0.0,-0.0066811172088097
3400.0,0.0,0.0,39.68,0.0,-0.0080556937807951
3403.0,0.0,0.0,0.0,0.0,-0.068743642849012
3404.0,30.0,0.3,1.7471986406798203,0.0,0.0941327859856592
3405.0,0.0,0.0,0.0,0.0,-0.0018799640676338
3406.0,30.0,0.3,0.0929692281033812,0.0,0.0084949952579844
3407.0,30.0,0.3,37.6632641328055,10.877999999999998,0.129000196065959
3408.0,0.0,0.0,0.0,0.0,-0.0558870209771141
3410.0,30.0,0.3,0.5837781612669241,0.0,0.0437385301016651
3411.0,0.0,0.0,0.0,0.0,-0.0060648914869671
3412.0,0.0,0.0,39.78,0.0,-0.0286411674109605
3413.0,0.0,0.0,0.0,0.0,-0.0030921430850682
3415.0,30.0,0.3,2.103981309865833,0.0,0.1716835014170407
3416.0,0.0,0.0,38.75,0.0,-0.0933920894105352
3419.0,30.0,0.3,0.3758344840374613,0.0,0.0371084601142833
3420.0,30.0,0.3,1.1412761498533452,0.0,0.0834266191413264
3422.0,30.0,0.3,0.3019535612484962,0.0,0.0327214522375917
3424.0,30.0,0.3,0.4395763691201648,0.0,0.0349452555147599
3426.0,30.0,0.3,1.2844655051039022,0.0,0.1039716290354462
3428.0,30.0,0.3,1.0038061552925588,0.0,0.066048569238884
3431.0,0.0,0.0,40.17,0.0,-0.0508665109093901
3433.0,30.0,0.3,1.5022943249803096,0.0,0.1698083333311077
3434.0,0.0,0.0,32.29,0.0,-0.0102192625845939
3435.0,0.0,0.0,38.35,0.0,-0.066380697548289
3436.0,30.0,0.3,40.32498949101704,11.597999999999999,0.143558328247719
3437.0,30.0,0.3,40.95582276227458,11.838,0.1263577261593664
3438.0,30.0,0.3,0.3138580068770883,0.0,0.0452701582110325
3440.0,0.0,0.0,0.0,0.0,-0.1856159118860695
3442.0,0.0,0.0,44.51,0.0,-0.0431337755739617
3443.0,30.0,0.3,43.32943477726276,12.498,0.1335761543657194
3446.0,0.0,0.0,0.0,0.0,-0.1034179477972528
3447.0,0.0,0.0,46.51,0.0,-0.0361245818346863
3450.0,30.0,0.3,1.1038841883867905,0.0,0.0690229593188764
3451.0,30.0,0.3,0.8422104080763326,0.0,0.0909416270463592
3452.0,0.0,0.0,0.0,0.0,-0.0657373369579286
3453.0,30.0,0.3,0.0986679517653988,0.0,0.0178068853574082
3454.0,0.0,0.0,0.0,0.0,-0.0329354849973563
3455.0,30.0,0.3,41.73263211702528,12.063,0.1262233372316399
3457.0,30.0,0.3,1.021105260871141,0.0,0.0618851673255237
3458.0,0.0,0.0,0.0,0.0,-0.0304907504884243
3461.0,30.0,0.3,0.6147195017847591,0.0,0.0782982424894611
3462.0,30.0,0.3,0.4747275406088775,0.0,0.050029248667813
3463.0,30.0,0.3,0.9266816076299244,0.0,0.1362566692589214
3466.0,30.0,0.3,57.13213456244997,16.445999999999998,0.1405894784415643
3467.0,0.0,0.0,0.0,0.0,-0.0244465696333279
3468.0,30.0,0.3,0.2301666344276966,0.0,0.0312132674840923
3472.0,30.0,0.3,0.1529157189926722,0.0,0.019733606787027
3473.0,0.0,0.0,0.0,0.0,-0.0042797311083965
3474.0,0.0,0.0,0.0,0.0,-0.0164665862904383
3475.0,30.0,0.3,29.052795000100307,8.415,0.1191675579441837
3476.0,30.0,0.3,40.941261435978575,11.781,0.1418607449264556
3478.0,0.0,0.0,0.0,0.0,-0.0248023589241272
3479.0,30.0,0.3,0.161193589095417,0.0,0.0160823694597842
3481.0,30.0,0.3,0.9978066616943104,0.0,0.1124415891023564
3482.0,30.0,0.3,1.4705399606419338,0.0,0.1145012816820006
3483.0,30.0,0.3,0.2363626529062125,0.0,0.0161152691693061
3484.0,0.0,0.0,37.85,0.0,-0.0452879222956896
3485.0,0.0,0.0,0.0,0.0,-0.0344295758745424
3486.0,0.0,0.0,57.2,0.0,-0.0206082738170701
3487.0,0.0,0.0,0.0,0.0,-0.0095929511674541
3488.0,0.0,0.0,0.0,0.0,-0.1051331221733375
3489.0,30.0,0.3,0.8766305397876282,0.0,0.1057582989247953
3490.0,0.0,0.0,0.0,0.0,-0.0234629184651133
3491.0,0.0,0.0,47.55,0.0,-0.2150082016503058
3492.0,30.0,0.3,1.323412504880883,0.0,0.097943495032629
3493.0,0.0,0.0,0.0,0.0,-0.0921102280703908
3495.0,30.0,0.3,0.2004584871983165,0.0,0.017045789727748
3497.0,30.0,0.3,0.9862650457347504,0.0,0.1005367019097605
3501.0,0.0,0.0,42.76,0.0,-0.0658113991940423
3502.0,0.0,0.0,42.9,0.0,-0.0177682581780739
3503.0,30.0,0.3,0.7939569259901482,0.0,0.0946877669636432
3504.0,30.0,0.3,0.4920580067743585,0.0,0.079083575502147
3505.0,0.0,0.0,0.0,0.0,-0.0966294829222737
3507.0,0.0,0.0,47.22,0.0,-0.0509736341941895
3510.0,30.0,0.3,0.0794188368920418,0.0,0.0067122073100103
3511.0,30.0,0.3,0.3710631882134054,0.0,0.0483532953105819
3512.0,0.0,0.0,0.0,0.0,-0.0406154655526402
3516.0,30.0,0.3,0.6773932257090911,0.0,0.1179100479911386
3517.0,30.0,0.3,0.4482953342231374,0.0,0.0599645979431698
3520.0,0.0,0.0,37.37,0.0,-0.0441201285012818
3524.0,0.0,0.0,33.48,0.0,-0.0396114676873624
3525.0,0.0,0.0,53.97,0.0,-0.0238084588309188
3527.0,30.0,0.3,0.9635431531080708,0.0,0.0731453088216861
3528.0,30.0,0.3,0.1249363828772837,0.0,0.0076511962078072
3530.0,0.0,0.0,0.0,0.0,-0.0414753566835988
3531.0,30.0,0.3,70.64217716323468,20.220000000000002,0.1603450624745142
3532.0,0.0,0.0,48.41,0.0,-0.0882483940324754
3534.0,30.0,0.3,0.568819835145072,0.0,0.0516357875040915
3535.0,0.0,0.0,42.92,0.0,-0.0277225926280616
3537.0,30.0,0.3,34.63526319806325,10.035,0.1181129245703284
3538.0,30.0,0.3,62.29110810936225,17.781,0.1699065355920501
3539.0,30.0,0.3,1.0909485334706923,0.0,0.0811174461648221
3540.0,0.0,0.0,0.0,0.0,-0.0026890567616267
3541.0,0.0,0.0,0.0,0.0,-0.0939708999314132
3545.0,30.0,0.3,55.635632593833854,15.975,0.1493353736359222
3546.0,30.0,0.3,1.086706011132204,0.0,0.110269508993628
3550.0,30.0,0.3,3.1712180402519508,0.0,0.1935676030184918
3553.0,0.0,0.0,0.0,0.0,-0.0184024316207734
3554.0,0.0,0.0,0.0,0.0,-0.112585138394854
3555.0,30.0,0.3,2.0559177490614315,0.0,0.1708992310109253
3557.0,30.0,0.3,0.911439843839214,0.0,0.0913449432590914
3559.0,0.0,0.0,47.7,0.0,-0.1506273209124977
3560.0,30.0,0.3,0.2501034703434155,0.0,0.0207899809096771
3561.0,0.0,0.0,47.09,0.0,-0.0536271754501763
3563.0,30.0,0.3,31.033219443011703,8.946,0.1356158554674387
3564.0,0.0,0.0,36.36,0.0,-0.0188491167701325
3565.0,0.0,0.0,0.0,0.0,-0.0136070671745278
3566.0,0.0,0.0,28.58,0.0,-0.0904684322226686
3567.0,30.0,0.3,42.38114802429695,11.745,0.2751083886161728
3568.0,0.0,0.0,0.0,0.0,-0.0279681383823061
3569.0,30.0,0.3,0.489691303223553,0.0,0.0515898970947696
3570.0,30.0,0.3,2.055956771172718,0.0,0.181830438770029
3571.0,30.0,0.3,1.0734069749653676,0.0,0.1276953336861013
3573.0,30.0,0.3,0.9016754764943724,0.0,0.104433110550657
3576.0,0.0,0.0,36.96,0.0,-0.063886495049586
3577.0,0.0,0.0,28.24,0.0,-0.0296395479007818
3580.0,30.0,0.3,49.441087670442144,14.318999999999999,0.119497707273004
3581.0,30.0,0.3,0.0579250099847661,0.0,0.0061005803038195
3582.0,30.0,0.3,1.4335221868017185,0.0,0.0860354211260184
3584.0,0.0,0.0,0.0,0.0,-0.0052733147953408
3585.0,0.0,0.0,0.0,0.0,-0.0079900831027813
3586.0,30.0,0.3,1.6581133619185453,0.0,0.1031165026068747
3588.0,0.0,0.0,0.0,0.0,-0.0119708349927998
3589.0,30.0,0.3,0.1556940302493384,0.0,0.0206764980410808
3590.0,0.0,0.0,21.67,0.0,-0.0590309615934905
3591.0,0.0,0.0,26.33,0.0,-0.115347323523966
3592.0,30.0,0.3,32.62989270923935,9.443999999999999,0.1217590755230146
3593.0,0.0,0.0,0.0,0.0,-0.0861929961278499
3595.0,0.0,0.0,0.0,0.0,-0.1255837518538978
3596.0,30.0,0.3,0.7517130126069698,0.0,0.0510016291883418
3599.0,0.0,0.0,0.0,0.0,-0.0850849039311922
3600.0,0.0,0.0,38.56,0.0,-0.0845921394715505
3601.0,30.0,0.3,40.70740114888148,11.652000000000001,0.1602644309029763
3603.0,30.0,0.3,0.6445872313351853,0.0,0.1275147836469209
3604.0,0.0,0.0,0.0,0.0,-0.1357255166115893
3605.0,0.0,0.0,0.0,0.0,-0.00550904707132
3607.0,0.0,0.0,0.0,0.0,-0.0060639430932719
3608.0,30.0,0.3,0.0763156874891893,0.0,0.0073057330546802
3609.0,30.0,0.3,42.30924615875947,12.011999999999999,0.1889149316316579
3610.0,0.0,0.0,38.12,0.0,-0.02985026783455
3611.0,0.0,0.0,0.0,0.0,-0.0761104005933654
3613.0,30.0,0.3,17.66987338814268,5.0489999999999995,0.166344501513702
3616.0,0.0,0.0,0.0,0.0,-0.1763095228632852
3617.0,30.0,0.3,1.019508444695437,0.0,0.1146159015958895
3618.0,0.0,0.0,26.71,0.0,-0.0333773694987375
3619.0,30.0,0.3,1.0281074296473256,0.0,0.1096297109881985
3620.0,0.0,0.0,0.0,0.0,-0.0577955931943623
3621.0,30.0,0.3,64.24553788860332,18.456,0.147677605581021
3624.0,0.0,0.0,0.0,0.0,-0.018107938144058
3627.0,30.0,0.3,0.6849049028764458,0.0,0.0608642053564779
3628.0,30.0,0.3,1.5040685774343676,0.0,0.2302968270455317
3629.0,30.0,0.3,0.8049611407572911,0.0,0.0700392535245185
3630.0,30.0,0.3,0.6200276024921578,0.0,0.0486181763108412
3633.0,30.0,0.3,0.713972846851608,0.0,0.0703906977079373
3634.0,30.0,0.3,1.50038503994763,0.0,0.1306841773319075
3636.0,30.0,0.3,0.0516911748651936,0.0,0.0039311867720126
3637.0,30.0,0.3,0.8466551179406501,0.0,0.0730567881560661
3638.0,0.0,0.0,44.54,0.0,-0.0262106860472026
3639.0,30.0,0.3,57.177998616175,16.386,0.1561087889768704
3640.0,0.0,0.0,42.1,0.0,-0.0105238858500694
3641.0,30.0,0.3,0.4763541256912775,0.0,0.061071041755292
3642.0,30.0,0.3,0.1833082951474117,0.0,0.0095907651937117
3643.0,0.0,0.0,0.0,0.0,-0.1400614894100509
3644.0,30.0,0.3,2.111691825125665,0.0,0.2252471280134043
3645.0,0.0,0.0,36.58,0.0,-0.0068678716733756
3646.0,30.0,0.3,0.5597039641152756,0.0,0.0658088141229013
3647.0,30.0,0.3,1.3635935151596013,0.0,0.0814571992329511
3648.0,0.0,0.0,46.76,0.0,-0.061958879875529
3649.0,30.0,0.3,0.3474791610753288,0.0,0.0261459112923498
3650.0,0.0,0.0,0.0,0.0,-0.006134750036944
3651.0,30.0,0.3,1.052368685023934,0.0,0.0926544008649352
3654.0,30.0,0.3,0.8615919064608536,0.0,0.0909139924512877
3655.0,0.0,0.0,0.0,0.0,-0.0012953951823184
3656.0,0.0,0.0,48.15,0.0,-0.126439512419343
3657.0,30.0,0.3,0.5859437725112269,0.0,0.079557878141375
3659.0,0.0,0.0,36.01,0.0,-0.0042429172012753
3661.0,0.0,0.0,0.0,0.0,-0.0534653805304853
3662.0,0.0,0.0,49.03,0.0,-0.1177308456453066
3663.0,0.0,0.0,0.0,0.0,-0.0072554575629237
3664.0,30.0,0.3,1.279911274280621,0.0,0.1045422914547595
3665.0,30.0,0.3,0.5909517294432998,0.0,0.0540422249147965
3667.0,0.0,0.0,29.57,0.0,-0.0075576670725366
3668.0,30.0,0.3,0.5881478372206438,0.0,0.0524055811477006
3673.0,30.0,0.3,1.0101186957383963,0.0,0.061431532916037
3675.0,30.0,0.3,0.3850551635969663,0.0,0.0470670044734099
3676.0,30.0,0.3,48.68951088916614,14.121,0.1146881162216653
3678.0,0.0,0.0,46.55,0.0,-0.0031148912428192
3679.0,30.0,0.3,6.331411676768211,1.788,0.2077246514363599
3681.0,30.0,0.3,33.6646165884924,9.747,0.1205105764329945
3682.0,0.0,0.0,0.0,0.0,-0.0248276579274264
3683.0,30.0,0.3,1.0694506265473676,0.0,0.1069557582305598
3685.0,0.0,0.0,0.0,0.0,-0.0219143669156496
3686.0,0.0,0.0,48.15,0.0,-0.1198553811933941
3687.0,0.0,0.0,0.0,0.0,-0.0511589986351101
3689.0,30.0,0.3,0.6913134072388059,0.0,0.0503909473896644
3690.0,0.0,0.0,0.0,0.0,-0.036435416510005
3693.0,30.0,0.3,0.2435948422046069,0.0,0.0405383328681323
3694.0,30.0,0.3,25.261941142912136,7.242,0.1549214502778424
3695.0,0.0,0.0,0.0,0.0,-0.1194914153194567
3696.0,0.0,0.0,49.66,0.0,-0.0587903622351996
3697.0,0.0,0.0,43.0,0.0,-0.0293386589890335
3698.0,30.0,0.3,0.4933450301439832,0.0,0.0665244107529643
3699.0,30.0,0.3,0.3248775452970816,0.0,0.0398867458928277
3701.0,30.0,0.3,25.618282519708767,7.359,0.1478845657981746
3702.0,30.0,0.3,0.1438187450570189,0.0,0.0166862449306206
3703.0,30.0,0.3,0.2231700941903629,0.0,0.0218472926275441
3704.0,0.0,0.0,42.28,0.0,-0.009746502481894
3705.0,0.0,0.0,45.85,0.0,-0.0064672268028951
3707.0,0.0,0.0,39.27,0.0,-0.0759550606109014
3708.0,30.0,0.3,1.6042900015356372,0.0,0.1469130038036298
3709.0,30.0,0.3,1.4986068336639704,0.0,0.164808845668533
3710.0,0.0,0.0,40.23,0.0,-0.0004353837744562
3711.0,30.0,0.3,1.0071903786841598,0.0,0.0796134992241056
3712.0,30.0,0.3,28.06757379136246,8.030999999999999,0.1615706376992232
3713.0,30.0,0.3,1.601182418819198,0.0,0.0938009618523256
3715.0,30.0,0.3,0.9203743815303176,0.0,0.0839374720957882
3716.0,30.0,0.3,67.62914231004382,19.551,0.1257808966315699
3717.0,30.0,0.3,1.3378267306489966,0.0,0.1824640931054278
3718.0,30.0,0.3,55.20678891247999,15.636,0.1974155098797645
3719.0,30.0,0.3,47.99220605884187,13.647,0.183352096346587
3721.0,0.0,0.0,0.0,0.0,-0.0455468298900984
3722.0,30.0,0.3,1.3551611560903711,0.0,0.1317737413545674
3725.0,30.0,0.3,1.6477148577462857,0.0,0.1009814829776482
3726.0,30.0,0.3,0.8294334952903766,0.0,0.0549002843056908
3728.0,30.0,0.3,0.531154473246708,0.0,0.0544941493020117
3731.0,0.0,0.0,36.64,0.0,-0.0144323908316972
3732.0,30.0,0.3,1.9201604288095604,0.0,0.1299337142244932
3733.0,0.0,0.0,38.12,0.0,-0.0286674651491128
3734.0,0.0,0.0,0.0,0.0,-0.0143322570386575
3736.0,30.0,0.3,0.282867747090796,0.0,0.0273460699043693
3737.0,0.0,0.0,48.54,0.0,-0.0978915292318604
3738.0,30.0,0.3,1.373702156233281,0.0,0.0969923149215054
3739.0,30.0,0.3,0.0915694065614122,0.0,0.0117804459747089
3740.0,30.0,0.3,44.08931694885347,12.786,0.1149160760873985
3742.0,0.0,0.0,0.0,0.0,-0.0176581019384415
3743.0,30.0,0.3,0.8253049448847871,0.0,0.0968326815540053
3744.0,30.0,0.3,33.22829408387318,9.618,0.1214695450065688
3745.0,30.0,0.3,1.995030789489559,0.0,0.1469311231027809
3747.0,30.0,0.3,0.6301909928818358,0.0,0.0554843276000912
3749.0,30.0,0.3,0.2846981963163469,0.0,0.0225628622853342
3750.0,0.0,0.0,0.0,0.0,-0.0337755437589664
3754.0,30.0,0.3,34.930338996457714,10.118999999999998,0.1186222943430892
3755.0,30.0,0.3,0.5386713430211072,0.0,0.047767255743647
3756.0,30.0,0.3,1.2246533082805042,0.0,0.1241160746205031
3757.0,30.0,0.3,43.70697861889734,12.531,0.154574943651531
3758.0,30.0,0.3,0.0208302385623072,0.0,0.0015270316371459
3759.0,30.0,0.3,1.912678164668384,0.0,0.165042554549002
3763.0,30.0,0.3,1.5228999937799252,0.0,0.0991277741183314
3764.0,30.0,0.3,0.4570385804335142,0.0,0.0519421048339032
3765.0,0.0,0.0,47.45,0.0,-0.0268479338095516
3766.0,30.0,0.3,0.4801692264212318,0.0,0.0362692972597048
3767.0,0.0,0.0,0.0,0.0,-0.0135197216758073
3770.0,30.0,0.3,0.996885201438818,0.0,0.1068472884714703
3773.0,30.0,0.3,29.29106194833041,8.235,0.2235655067796492
3774.0,30.0,0.3,38.37133761323808,11.13,0.1142262006503215
3775.0,0.0,0.0,0.0,0.0,-0.0833875546278377
3776.0,30.0,0.3,24.12897177991377,6.9479999999999995,0.1394605325149351
3778.0,30.0,0.3,33.608235459678816,9.699,0.1317904381563893
3779.0,0.0,0.0,0.0,0.0,-0.0373991117544362
3780.0,30.0,0.3,0.0994819090297637,0.0,0.0133443204600622
3781.0,30.0,0.3,0.1294065866967574,0.0,0.0130397608521521
3782.0,30.0,0.3,0.1680751236804122,0.0,0.0215315300641061
3783.0,30.0,0.3,1.3246339559433624,0.0,0.1260475740739711
3784.0,0.0,0.0,0.0,0.0,-0.0336660050351932
3786.0,30.0,0.3,0.184370299577249,0.0,0.0179645619777111
3789.0,30.0,0.3,1.3448565422288683,0.0,0.1155970897566502
3791.0,30.0,0.3,33.57438638016808,9.677999999999999,0.1358117772440667
3792.0,30.0,0.3,0.1302173412453064,0.0,0.0098896742800415
3794.0,30.0,0.3,0.5309485660176356,0.0,0.0577431828186662
3795.0,30.0,0.3,1.1947877267012164,0.0,0.1323131480289276
3796.0,30.0,0.3,0.6891574432825972,0.0,0.0695696995035935
3797.0,30.0,0.3,0.7364213596895198,0.0,0.0703161806253719
3800.0,30.0,0.3,0.3404457050487915,0.0,0.029840100363642
3802.0,30.0,0.3,0.5506573092236213,0.0,0.0533272621754427
3805.0,30.0,0.3,51.57517508696812,14.765999999999998,0.1594998704434592
3806.0,0.0,0.0,0.0,0.0,-0.0334934660712793
3807.0,0.0,0.0,0.0,0.0,-0.0234595676098086
3808.0,30.0,0.3,0.0466775787840663,0.0,0.0045508022603165
3809.0,0.0,0.0,0.0,0.0,-0.0999951893933878
3810.0,30.0,0.3,1.4596118661576032,0.0,0.1251060140702497
3811.0,30.0,0.3,0.1796334387598447,0.0,0.0136055016859687
3813.0,0.0,0.0,36.55,0.0,-0.0106306984403798
3816.0,0.0,0.0,0.0,0.0,-0.0568553743320981
3817.0,0.0,0.0,24.17,0.0,-0.0234999431082118
3818.0,30.0,0.3,36.95662929821558,10.464,0.1984546347683084
3819.0,0.0,0.0,0.0,0.0,-0.0004551434595994
3821.0,30.0,0.3,0.1333883156238343,0.0,0.0075055320517575
3822.0,30.0,0.3,3.029731977918725,0.0,0.2374025997428871
3824.0,30.0,0.3,23.336182511901157,6.696,0.1517596343938403
3827.0,30.0,0.3,0.2987948070245479,0.0,0.0273621618154348
3828.0,0.0,0.0,0.0,0.0,-0.0307405713471482
3829.0,30.0,0.3,0.3492275172986168,0.0,0.064743699907048
3831.0,0.0,0.0,0.0,0.0,-0.0890565406091971
3832.0,0.0,0.0,48.53,0.0,-0.0164826669773621
3835.0,30.0,0.3,1.5753379870844848,0.0,0.1259867232153299
3836.0,30.0,0.3,0.8761707547170275,0.0,0.0884217130605538
3837.0,0.0,0.0,43.64,0.0,-0.0333917422460624
3838.0,30.0,0.3,1.2753995557350837,0.0,0.1134293450493671
3839.0,30.0,0.3,0.6246622125423306,0.0,0.0983565127605622
3840.0,0.0,0.0,0.0,0.0,-0.0346485834703132
3841.0,0.0,0.0,0.0,0.0,-0.0086279169010911
3842.0,30.0,0.3,1.0175553080368296,0.0,0.1002912781427981
3843.0,30.0,0.3,1.7058340143726392,0.0,0.1461725804946563
3845.0,30.0,0.3,0.1095033330197377,0.0,0.0059477124012676
3846.0,30.0,0.3,0.3497691502791587,0.0,0.0303777271390619
3848.0,0.0,0.0,29.54,0.0,-0.100669485462737
3851.0,30.0,0.3,50.86785866750304,14.636999999999999,0.1419593268773004
3852.0,30.0,0.3,0.3575158977188055,0.0,0.0446839017271348
3853.0,30.0,0.3,0.4124601451120872,0.0,0.0544717571463401
3854.0,30.0,0.3,1.1232266728409706,0.0,0.1122328809793136
3855.0,30.0,0.3,48.12378311508876,13.929,0.1216012000207313
3856.0,0.0,0.0,18.13,0.0,-0.0156749250333514
3858.0,30.0,0.3,1.85593496066753,0.0,0.1113271525803809
3859.0,30.0,0.3,0.9974516873800088,0.0,0.0829343716122066
3860.0,30.0,0.3,0.2340713440141673,0.0,0.0238167830702246
3862.0,0.0,0.0,0.0,0.0,-0.0109836298720087
3863.0,30.0,0.3,0.7977212200339513,0.0,0.0791625702127569
3864.0,30.0,0.3,0.3065487325032711,0.0,0.0303483548661787
3865.0,0.0,0.0,47.68,0.0,-0.0019460448464259
3866.0,30.0,0.3,0.1017870950146496,0.0,0.0088219011106474
3870.0,0.0,0.0,46.46,0.0,-0.0042921153104605
3872.0,0.0,0.0,0.0,0.0,-0.0540727504310956
3873.0,30.0,0.3,0.3062322412802999,0.0,0.0415624648860342
3874.0,0.0,0.0,23.5,0.0,-0.0183413404394548
3875.0,0.0,0.0,0.0,0.0,-0.0390265024086753
3876.0,0.0,0.0,0.0,0.0,-0.043232885489371
3877.0,30.0,0.3,0.8010630859109306,0.0,0.0658498221052964
3878.0,30.0,0.3,40.21672003599691,11.355,0.2084297697927702
3879.0,30.0,0.3,0.3509458447114992,0.0,0.036591163039464
3881.0,0.0,0.0,0.0,0.0,-0.2083476620082652
3882.0,30.0,0.3,1.3753331971748073,0.0,0.1279498741440885
3884.0,30.0,0.3,1.0328502687586492,0.0,0.0714577465586446
3885.0,0.0,0.0,0.0,0.0,-0.0563771076102828
3886.0,30.0,0.3,0.5238737471111918,0.0,0.0529165401122416
3887.0,30.0,0.3,0.4873225152805438,0.0,0.036743008013311
3889.0,30.0,0.3,0.2954550652380255,0.0,0.0214657850361832
3891.0,30.0,0.3,0.5481533693520113,0.0,0.0782182319280838
3892.0,30.0,0.3,0.6722478797802748,0.0,0.0721915678458199
3894.0,0.0,0.0,0.0,0.0,-0.0080973925114903
3895.0,0.0,0.0,0.0,0.0,-0.011547811558584
3896.0,0.0,0.0,0.0,0.0,-0.0209748090166411
3897.0,0.0,0.0,0.0,0.0,-0.0456196538434644
3898.0,0.0,0.0,0.0,0.0,-0.0018823475108983
3899.0,0.0,0.0,0.0,0.0,-0.0010350529224732
3900.0,0.0,0.0,0.0,0.0,-0.0010322173163345
3902.0,30.0,0.3,0.840688817980257,0.0,0.1151313089537465
3903.0,30.0,0.3,0.7714980558116213,0.0,0.0728515633438736
3904.0,30.0,0.3,0.8289488967496377,0.0,0.0748216352332916
3906.0,0.0,0.0,39.7,0.0,-0.0379737345077159
3908.0,0.0,0.0,0.0,0.0,-0.0117955042154181
3909.0,30.0,0.3,1.0248211123001838,0.0,0.0976857413306819
3910.0,30.0,0.3,0.2749302977875981,0.0,0.0606508488390907
3911.0,30.0,0.3,0.6420159367345682,0.0,0.0350885903008454
3913.0,30.0,0.3,0.844824719994742,0.0,0.1249925610289602
3915.0,30.0,0.3,1.3851732647263857,0.0,0.1010337902790945
3917.0,30.0,0.3,1.388383177239474,0.0,0.1206765038886983
3918.0,30.0,0.3,0.5155793869145912,0.0,0.0618423158107942
3920.0,30.0,0.3,0.3499513222352395,0.0,0.0333286973557371
3922.0,30.0,0.3,0.0330935929538322,0.0,0.0030456095116724
3923.0,0.0,0.0,39.29,0.0,-0.0192894508633679
3925.0,30.0,0.3,0.1247457913156818,0.0,0.0242318941949654
3926.0,30.0,0.3,0.6400179900893694,0.0,0.0613926129582129
3927.0,30.0,0.3,0.5779420092907563,0.0,0.0637272035826173
3928.0,30.0,0.3,25.642274980609454,7.409999999999999,0.1271626154668631
3929.0,30.0,0.3,1.2979379367105843,0.0,0.1336977685115971
3932.0,0.0,0.0,0.0,0.0,-0.0010751545089532
3933.0,0.0,0.0,35.77,0.0,-0.0118473116021111
3934.0,30.0,0.3,35.32534017407961,10.065,0.1763874986666276
3936.0,30.0,0.3,46.9941436678363,13.341,0.1892019839469529
3937.0,0.0,0.0,27.75,0.0,-0.0975716194940877
3938.0,30.0,0.3,53.27223460190917,15.044999999999998,0.2075263942777782
3940.0,0.0,0.0,0.0,0.0,-0.1215376153398367
3941.0,30.0,0.3,1.0668154206583311,0.0,0.1156439480388435
3942.0,0.0,0.0,48.68,0.0,-0.171973674054716
3943.0,0.0,0.0,49.43,0.0,-0.0805656233697347
3944.0,30.0,0.3,3.0230163320993357,0.0,0.206617205392614
3945.0,0.0,0.0,0.0,0.0,-0.0628303668463774
3947.0,30.0,0.3,0.4055607513470106,0.0,0.0659448376174001
3949.0,30.0,0.3,1.2180225796069142,0.0,0.1207277807123515
3950.0,30.0,0.3,0.9632695661406084,0.0,0.0787950565350191
3951.0,0.0,0.0,45.95,0.0,-0.0669590473296211
3952.0,0.0,0.0,0.0,0.0,-0.082544539376388
3953.0,0.0,0.0,0.0,0.0,-0.0103021486923509
3954.0,0.0,0.0,46.82,0.0,-0.0055259790796828
3955.0,30.0,0.3,27.583793706571925,7.940999999999999,0.1402586206487755
3956.0,30.0,0.3,31.993352133100792,9.24,0.1291506637554971
3957.0,30.0,0.3,31.116788178914067,8.865,0.1767386552638541
3958.0,30.0,0.3,61.81803699840759,17.843999999999998,0.1310265074202865
3959.0,0.0,0.0,0.0,0.0,-0.0719714884262545
3960.0,30.0,0.3,0.7340145906023875,0.0,0.0571929710614296
3961.0,30.0,0.3,1.0951514337478248,0.0,0.0964211510607347
3963.0,30.0,0.3,1.4823465091226424,0.0,0.1391090943245723
3965.0,30.0,0.3,1.6207829240702192,0.0,0.172332049342926
3966.0,0.0,0.0,31.2,0.0,-5.840665248373891e-05
3967.0,30.0,0.3,0.2330073634210447,0.0,0.026481118697698
3968.0,30.0,0.3,1.1467795772120013,0.0,0.1184200306910369
3969.0,30.0,0.3,41.482037241896,11.901,0.152259242239812
3970.0,0.0,0.0,0.0,0.0,-0.0968460097883406
3971.0,0.0,0.0,0.0,0.0,-0.0554055414508219
3973.0,30.0,0.3,1.4146618924692465,0.0,0.132981941386468
3974.0,30.0,0.3,0.9864255913001676,0.0,0.1030424727149449
3975.0,0.0,0.0,0.0,0.0,-0.0008540201047605
3977.0,0.0,0.0,0.0,0.0,-0.1053939752388195
3978.0,0.0,0.0,0.0,0.0,-0.037075485243053
3979.0,0.0,0.0,0.0,0.0,-0.0227783780845675
3980.0,0.0,0.0,35.79,0.0,-0.0593782431314907
3981.0,0.0,0.0,45.44,0.0,-0.0603338730000834
3982.0,30.0,0.3,1.096182494529474,0.0,0.1130551252608781
3985.0,30.0,0.3,1.0005291867280026,0.0,0.125191339680681
3987.0,30.0,0.3,0.7971883557790188,0.0,0.0970169594473675
3988.0,30.0,0.3,0.7806198370573338,0.0,0.0854818043207768
3990.0,0.0,0.0,0.0,0.0,-0.0206291633056626
3993.0,0.0,0.0,0.0,0.0,-0.1277525750268295
3994.0,0.0,0.0,0.0,0.0,-0.0377215539949057
3997.0,0.0,0.0,0.0,0.0,-0.013863905961998
3998.0,30.0,0.3,0.4765521741408124,0.0,0.0564300975892022
3999.0,0.0,0.0,51.68,0.0,-0.060976500595342
4000.0,30.0,0.3,0.6526096002563054,0.0,0.107372425182018
4001.0,0.0,0.0,43.37,0.0,-0.0458054914971711
4003.0,0.0,0.0,44.62,0.0,-0.1446350427665771
4004.0,30.0,0.3,29.984231546654087,8.597999999999999,0.1540162301295753
4005.0,0.0,0.0,0.0,0.0,-0.015536061264933
4010.0,30.0,0.3,0.1412416712332334,0.0,0.0176596238101067
4011.0,30.0,0.3,59.86851318405852,17.195999999999998,0.1482038371748383
4012.0,0.0,0.0,30.09,0.0,-0.092688529342384
4013.0,30.0,0.3,0.1507571862598322,0.0,0.0109553946849671
4014.0,0.0,0.0,0.0,0.0,-0.0232064009198694
4015.0,30.0,0.3,0.518015677574888,0.0,0.0385170404918498
4017.0,0.0,0.0,45.14,0.0,-0.0012843017224387
4019.0,0.0,0.0,0.0,0.0,-0.1064601164601364
4020.0,0.0,0.0,0.0,0.0,-0.0539004138920565
4021.0,30.0,0.3,0.4450978457707324,0.0,0.0578876116231932
4022.0,0.0,0.0,38.29,0.0,-0.0560197543440648
4023.0,30.0,0.3,35.44494845268207,10.26,0.1213400051347043
4024.0,0.0,0.0,38.25,0.0,-0.0738268548575605
4026.0,30.0,0.3,1.4698897426576398,0.0,0.1456923126828863
4028.0,0.0,0.0,23.02,0.0,-0.0460865970542095
4029.0,30.0,0.3,0.4302028576053372,0.0,0.0344382691006514
4030.0,0.0,0.0,46.1,0.0,-0.0101840400127308
4031.0,30.0,0.3,1.3404699368038635,0.0,0.1363097352861362
4034.0,30.0,0.3,0.6834684630207453,0.0,0.0477315778350964
4036.0,30.0,0.3,41.318561306533134,11.886,0.1429043670312248
4037.0,30.0,0.3,0.096803052872164,0.0,0.0078644124520403
4038.0,0.0,0.0,42.45,0.0,-0.0181589177478522
4039.0,30.0,0.3,1.46528782599301,0.0,0.1536424269679155
4040.0,0.0,0.0,38.1,0.0,-0.0725498609967929
4041.0,0.0,0.0,44.43,0.0,-0.0028517393731491
4042.0,30.0,0.3,0.8297681756394248,0.0,0.0807088975429846
4044.0,0.0,0.0,47.36,0.0,-0.1032123312790001
4045.0,0.0,0.0,0.0,0.0,-0.0047003030427981
4047.0,30.0,0.3,47.01492005546019,13.472999999999999,0.1562324690462546
4048.0,30.0,0.3,0.639787196702473,0.0,0.043611942515506
4049.0,30.0,0.3,0.1400209347400278,0.0,0.0120230924557812
4050.0,30.0,0.3,0.4186587838577698,0.0,0.0455162843941911
4051.0,0.0,0.0,0.0,0.0,-0.1044113254266594
4052.0,30.0,0.3,25.299682781185155,7.305,0.1300044874996786
4053.0,0.0,0.0,41.56,0.0,-0.0356473652834769
4055.0,30.0,0.3,0.7049716711996258,0.0,0.0472818022266684
4056.0,0.0,0.0,43.81,0.0,-0.0743515918140472
4057.0,30.0,0.3,74.14027330528874,21.447,0.1235731480061896
4058.0,0.0,0.0,0.0,0.0,-0.0104573485568484
4059.0,30.0,0.3,1.74869266979733,0.0,0.1654079332006555
4060.0,30.0,0.3,0.9064877295134944,0.0,0.0707972297339499
4061.0,0.0,0.0,0.0,0.0,-0.0196085682708176
4063.0,0.0,0.0,29.02,0.0,-0.0029162255278251
4064.0,0.0,0.0,0.0,0.0,-0.1160215059183936
4065.0,0.0,0.0,0.0,0.0,-0.0207808376041754
4067.0,30.0,0.3,28.987306429450488,8.34,0.142362881229075
4068.0,30.0,0.3,1.579816270543328,0.0,0.0789395028503137
4069.0,0.0,0.0,0.0,0.0,-0.0094823377302509
4070.0,30.0,0.3,0.7373523126707416,0.0,0.0791830232679061
4071.0,30.0,0.3,0.6969376259557235,0.0,0.056222783636312
4072.0,30.0,0.3,0.4581923038260672,0.0,0.0484551928750071
4074.0,30.0,0.3,52.95652386321828,15.264,0.1360406094875707
4075.0,30.0,0.3,33.80238384927868,9.738,0.1378500564056969
4076.0,30.0,0.3,25.705480985300905,7.361999999999999,0.1583103756181612
4077.0,0.0,0.0,0.0,0.0,-0.0205725570045969
4078.0,30.0,0.3,0.7657427533210532,0.0,0.0849127027413011
4080.0,30.0,0.3,29.71409495291317,8.427,0.192725163511709
4081.0,0.0,0.0,0.0,0.0,-0.0598514916621228
4082.0,30.0,0.3,0.0897661655811765,0.0,0.0062572260965549
4083.0,0.0,0.0,49.26,0.0,-0.0942519861578562
4084.0,0.0,0.0,0.0,0.0,-0.0505270607148619
4085.0,0.0,0.0,48.04,0.0,-0.0275623261663729
4086.0,30.0,0.3,42.08198841822789,11.993999999999998,0.1752533281830822
4087.0,30.0,0.3,0.4688177408918766,0.0,0.0491423208482051
4089.0,30.0,0.3,0.8384180901119066,0.0,0.1266875325040657
4091.0,30.0,0.3,0.99483879001499,0.0,0.1080876564553444
4092.0,30.0,0.3,0.7479503043854105,0.0,0.0741352269189623
4093.0,0.0,0.0,38.02,0.0,-0.0511349207000245
4094.0,30.0,0.3,0.00791081617005,0.0,0.0052738774467
4095.0,30.0,0.3,41.57882110455826,11.841,0.1780948487930291
4097.0,30.0,0.3,43.97470819341159,12.431999999999999,0.2038857941933392
4098.0,0.0,0.0,0.0,0.0,-0.0191122257205497
4099.0,30.0,0.3,0.512363033672299,0.0,0.0512414275099809
4100.0,0.0,0.0,0.0,0.0,-0.0956727773352571
4101.0,0.0,0.0,42.08,0.0,-0.0054445707250031
4102.0,30.0,0.3,1.0737635677191428,0.0,0.0902019126108151
4103.0,30.0,0.3,0.4646034935538888,0.0,0.0543586631044681
4105.0,30.0,0.3,0.4287064073746003,0.0,0.047381344758466
4108.0,0.0,0.0,30.65,0.0,-0.023432671567081
4110.0,30.0,0.3,1.488176246467341,0.0,0.1131004899275985
4111.0,30.0,0.3,1.1593377933037636,0.0,0.109723433021367
4112.0,30.0,0.3,1.336839660858403,0.0,0.1081848070614553
4113.0,0.0,0.0,0.0,0.0,-0.0315022847607968
4115.0,0.0,0.0,36.61,0.0,-0.0030013017323015
4116.0,30.0,0.3,0.1166876283680782,0.0,0.0340892866982408
4117.0,0.0,0.0,0.0,0.0,-0.0500125470840297
4118.0,30.0,0.3,0.0872508579623256,0.0,0.0145272823780096
4119.0,0.0,0.0,0.0,0.0,-0.0372003625591316
4122.0,0.0,0.0,28.43,0.0,-0.060581342865855
4123.0,30.0,0.3,1.0690659530324114,0.0,0.1439819465363517
4124.0,0.0,0.0,50.01,0.0,-0.0629961606343516
4125.0,0.0,0.0,0.0,0.0,-0.0126541270684105
4127.0,0.0,0.0,0.0,0.0,-0.0094876981931075
4129.0,0.0,0.0,47.9,0.0,-0.0193841892026125
4131.0,30.0,0.3,0.6641142461762904,0.0,0.0511132337548134
4132.0,0.0,0.0,0.0,0.0,-0.015841240949788
4133.0,30.0,0.3,0.0467044627533511,0.0,0.0028691769721926
4134.0,0.0,0.0,0.0,0.0,-0.0011719227173951
4135.0,30.0,0.3,0.3844760457129975,0.0,0.0451262964451875
4136.0,0.0,0.0,0.0,0.0,-0.1159255140233101
4137.0,0.0,0.0,0.0,0.0,-0.1020491229389387
4138.0,0.0,0.0,44.22,0.0,-0.0507629493847144
4139.0,30.0,0.3,0.2965629277501181,0.0,0.0455549812212163
4142.0,30.0,0.3,62.75283075649968,18.147,0.1246944815396307
4144.0,30.0,0.3,1.059570549230771,0.0,0.0777780627784461
4146.0,0.0,0.0,0.0,0.0,-0.0655295748932316
4147.0,30.0,0.3,0.6725843074790453,0.0,0.0685191837285091
4148.0,0.0,0.0,0.0,0.0,-0.0133301103506763
4149.0,30.0,0.3,1.478776448367535,0.0,0.1221321810676854
4150.0,0.0,0.0,0.0,0.0,-0.0488284881697777
4151.0,0.0,0.0,44.71,0.0,-0.0271197086755642
4153.0,0.0,0.0,34.35,0.0,-0.1264369580247105
4155.0,30.0,0.3,1.1072994608722015,0.0,0.0851637794856331
4156.0,30.0,0.3,0.0329044220418176,0.0,0.002897026064608
4157.0,30.0,0.3,1.5289868028453049,0.0,0.1576437573817203
4158.0,30.0,0.3,3.756101627818999,0.0,0.2146466442550431
4159.0,0.0,0.0,0.0,0.0,-0.0084561474597381
4161.0,30.0,0.3,0.0186720786707473,0.0,0.0015139932433915
4162.0,30.0,0.3,0.0748935685022789,0.0,0.0106458519548371
4163.0,0.0,0.0,0.0,0.0,-0.0105989096357739
4165.0,30.0,0.3,0.7728893924729978,0.0,0.063706675937438
4166.0,30.0,0.3,0.8825065951143322,0.0,0.0762490578118483
4168.0,30.0,0.3,0.1197042187614504,0.0,0.0108960694303159
4169.0,0.0,0.0,0.0,0.0,-0.0572469224381794
4172.0,30.0,0.3,0.507578375007493,0.0,0.041166129359894
4173.0,30.0,0.3,0.3840676332120761,0.0,0.0547338796083905
4175.0,0.0,0.0,0.0,0.0,-0.2466082825874126
4176.0,30.0,0.3,0.6062328546990828,0.0,0.0536441779222266
4179.0,30.0,0.3,24.67282279662569,7.119,0.1324375328874411
4181.0,30.0,0.3,0.247239312561123,0.0,0.0280507502338465
4182.0,30.0,0.3,0.7884647950923929,0.0,0.0821831139350003
4184.0,30.0,0.3,0.7759778130126762,0.0,0.040472425442689
4185.0,0.0,0.0,0.0,0.0,-0.0415915517124712
4186.0,30.0,0.3,0.3587940295896112,0.0,0.0278199604240995
4189.0,0.0,0.0,0.0,0.0,-0.0180178216749475
4192.0,0.0,0.0,44.91,0.0,-0.0586978067303989
4193.0,30.0,0.3,1.3063900917498068,0.0,0.1422153376605494
4194.0,0.0,0.0,0.0,0.0,-0.0169399589323087
4195.0,30.0,0.3,36.74477821113248,10.506,0.1641707796623338
4196.0,0.0,0.0,30.27,0.0,-0.0479831670845159
4198.0,0.0,0.0,51.87,0.0,-0.0770395744431662
4200.0,0.0,0.0,0.0,0.0,-0.0357463910055109
4201.0,30.0,0.3,0.5724672694078083,0.0,0.0626263285644687
4202.0,30.0,0.3,0.2135639211489826,0.0,0.0247180464292804
4203.0,30.0,0.3,0.7581949755830139,0.0,0.0746181454170863
4204.0,0.0,0.0,60.75,0.0,-0.0330932517398112
4205.0,0.0,0.0,60.47,0.0,-0.0537735559112609
4206.0,0.0,0.0,39.74,0.0,-0.0363210685332637
4207.0,0.0,0.0,0.0,0.0,-0.1649899738679787
4208.0,0.0,0.0,42.4,0.0,-0.0153420917686645
4209.0,30.0,0.3,1.092297655702133,0.0,0.1156972413623698
4211.0,0.0,0.0,0.0,0.0,-0.0064315230739168
4212.0,0.0,0.0,0.0,0.0,-0.1062537097181361
4213.0,0.0,0.0,45.45,0.0,-0.0830467348909605
4214.0,30.0,0.3,0.8206730002019561,0.0,0.0526883025296582
4215.0,30.0,0.3,0.934034854155352,0.0,0.1464463553081455
4216.0,30.0,0.3,71.75870605162697,20.502,0.1667498805788199
4218.0,30.0,0.3,1.167224284805663,0.0,0.0675594307348303
4219.0,0.0,0.0,53.27,0.0,-0.0210852856337723
4222.0,0.0,0.0,0.0,0.0,-0.1489584642161429
4224.0,30.0,0.3,1.811128846464879,0.0,0.1805351720957814
4225.0,30.0,0.3,1.031995928920265,0.0,0.1772275337317989
4226.0,30.0,0.3,35.56231456025159,10.257,0.1337929765283803
4227.0,0.0,0.0,0.0,0.0,-0.0312597595562434
4229.0,30.0,0.3,23.225087281408943,6.738,0.113548127249769
4230.0,0.0,0.0,32.38,0.0,-0.0010260052238739
4231.0,30.0,0.3,1.7254250828600313,0.0,0.1181231658013303
4232.0,30.0,0.3,52.31085291658945,15.156,0.1181613167451468
4233.0,0.0,0.0,0.0,0.0,-0.1318991971472612
4234.0,0.0,0.0,48.22,0.0,-0.1439094159439979
4236.0,0.0,0.0,45.6,0.0,-0.0680274168048613
4237.0,0.0,0.0,0.0,0.0,-0.0120615669084261
4238.0,30.0,0.3,1.87492574183414,0.0,0.1541626164968048
4239.0,0.0,0.0,47.37,0.0,-0.0845293680276819
4240.0,30.0,0.3,1.106167712672402,0.0,0.1074366465299536
4241.0,30.0,0.3,0.8369613965373398,0.0,0.1634371014523218
4244.0,0.0,0.0,0.0,0.0,-0.0275562124704511
4245.0,30.0,0.3,0.4975730277801448,0.0,0.0574299431879207
4246.0,30.0,0.3,1.092033912167066,0.0,0.0923183626821427
4249.0,30.0,0.3,0.095122569715635,0.0,0.006089403349058
4251.0,0.0,0.0,45.06,0.0,-0.0063717762734649
4252.0,0.0,0.0,0.0,0.0,-0.0021973004043941
4253.0,0.0,0.0,42.78,0.0,-0.0179214431239385
4255.0,30.0,0.3,1.89249451147268,0.0,0.2353848894866517
4256.0,30.0,0.3,0.470559881412334,0.0,0.0491857302615589
4257.0,0.0,0.0,27.42,0.0,-0.0311482920629099
4258.0,0.0,0.0,0.0,0.0,-0.0303358496526284
4259.0,30.0,0.3,0.1972405469378523,0.0,0.0188063069162712
4260.0,30.0,0.3,0.8111160481132379,0.0,0.0885594549746957
4262.0,30.0,0.3,51.46196593205108,14.7,0.1674806756497333
4263.0,0.0,0.0,25.93,0.0,-0.0006905221256132
4264.0,0.0,0.0,21.01,0.0,-0.0651986173569677
4265.0,30.0,0.3,0.5328664352774873,0.0,0.0576695276274337
4266.0,30.0,0.3,25.952255111390443,7.515,0.1200605603979296
4267.0,0.0,0.0,0.0,0.0,-0.0679256606561858
4268.0,30.0,0.3,1.7351956959138908,0.0,0.1441312148778047
4269.0,30.0,0.3,0.2744288676406385,0.0,0.0217697023354465
4270.0,0.0,0.0,0.0,0.0,-0.0434747577776653
4271.0,30.0,0.3,0.5517045742437654,0.0,0.0640771863233177
4272.0,30.0,0.3,0.1413441752851913,0.0,0.0141358311116303
4273.0,30.0,0.3,0.6028668442663611,0.0,0.0657362167992979
4274.0,0.0,0.0,35.1,0.0,-0.0757625809096105
4275.0,0.0,0.0,0.0,0.0,-0.0436255187590937
4276.0,30.0,0.3,1.8078556556782948,0.0,0.1287646478403344
4278.0,30.0,0.3,1.486223588148841,0.0,0.2291433222554488
4281.0,30.0,0.3,0.0079637076314745,0.0,0.000689319452218
4283.0,30.0,0.3,48.36823900548798,13.922999999999998,0.1406477774537086
4284.0,30.0,0.3,28.468732903771446,8.145,0.1619070477313013
4285.0,0.0,0.0,0.0,0.0,-0.0574714822083146
4286.0,30.0,0.3,0.8387909228530782,0.0,0.0681279177106139
4287.0,0.0,0.0,43.81,0.0,-0.0640893692228675
4288.0,0.0,0.0,45.6,0.0,-0.0136239796692739
4289.0,30.0,0.3,35.03636191650806,10.110000000000001,0.1321821875873452
4290.0,30.0,0.3,0.3081542551115011,0.0,0.0273695936683099
4291.0,30.0,0.3,22.94418259014264,6.4559999999999995,0.2205982946317592
4292.0,30.0,0.3,27.5433708062951,7.896,0.1549355124487212
4293.0,30.0,0.3,0.4556297567107502,0.0,0.0521196244235587
4294.0,0.0,0.0,0.0,0.0,-0.0632389001256171
4295.0,30.0,0.3,26.58382219497805,7.644,0.1444037408396193
4297.0,30.0,0.3,0.1331014486798055,0.0,0.0113441957453171
4298.0,0.0,0.0,48.34,0.0,-0.0210822459428218
4301.0,0.0,0.0,51.17,0.0,-0.0189310672601325
4302.0,0.0,0.0,0.0,0.0,-0.030894608474366
4303.0,30.0,0.3,0.1867627033621746,0.0,0.0182778139912091
4304.0,30.0,0.3,0.1030651964293538,0.0,0.0084932176703217
4305.0,0.0,0.0,27.2,0.0,-0.0685697977003121
4310.0,0.0,0.0,0.0,0.0,-0.0335517710206117
4311.0,30.0,0.3,0.4515029531496218,0.0,0.0427681115041794
4312.0,30.0,0.3,41.91395493070558,12.110999999999999,0.1274836867893306
4313.0,30.0,0.3,38.73101523221536,11.193,0.1269557073363133
4314.0,30.0,0.3,28.78168116085485,8.322,0.1251719731861154
4315.0,30.0,0.3,0.2188417324139008,0.0,0.0156137080774758
4317.0,30.0,0.3,0.8281838003925589,0.0,0.0685696142070342
4318.0,0.0,0.0,0.0,0.0,-0.0321314562735485
4319.0,0.0,0.0,0.0,0.0,-0.0126072665599108
4320.0,0.0,0.0,0.0,0.0,-0.0346400941434523
4321.0,30.0,0.3,0.2430152780726266,0.0,0.038318397677803
4323.0,30.0,0.3,0.6840753528126602,0.0,0.0781443172050103
4324.0,30.0,0.3,0.9648751061758206,0.0,0.1082183833754846
4330.0,0.0,0.0,0.0,0.0,-0.0126484842916792
4332.0,0.0,0.0,0.0,0.0,-0.0475806500019884
4333.0,30.0,0.3,28.56327837700833,8.253,0.1276236976866993
4336.0,0.0,0.0,0.0,0.0,-0.0309981732010338
4338.0,30.0,0.3,32.36140100255956,9.27,0.1576484360905675
4339.0,30.0,0.3,0.9447875377019388,0.0,0.1004238454189986
4340.0,30.0,0.3,0.9018931958852344,0.0,0.0547896966092725
4341.0,30.0,0.3,0.1814119349522713,0.0,0.018503869334177
4342.0,0.0,0.0,50.0,0.0,-0.0216418808419828
4343.0,0.0,0.0,0.0,0.0,-0.0944972497889961
4345.0,30.0,0.3,33.63956473190069,9.717,0.1285957324174841
4346.0,0.0,0.0,38.56,0.0,-0.0256620463689835
4347.0,0.0,0.0,49.36,0.0,-0.0180213879274188
4348.0,0.0,0.0,0.0,0.0,-0.079690434520509
4350.0,30.0,0.3,0.3631440356702907,0.0,0.0431389921204907
4351.0,0.0,0.0,0.0,0.0,-0.0199321736942157
4353.0,30.0,0.3,30.39720837556557,8.784,0.1271867458521822
4354.0,0.0,0.0,29.0,0.0,-0.0527879502512661
4357.0,30.0,0.3,1.0349217836451452,0.0,0.0731962503462158
4360.0,0.0,0.0,0.0,0.0,-0.0395990884807444
4361.0,0.0,0.0,52.74,0.0,-0.0749569400313616
4362.0,0.0,0.0,32.49,0.0,-0.0430695265648275
4363.0,30.0,0.3,0.8269634615017445,0.0,0.0443673727936984
4364.0,30.0,0.3,0.465216375886934,0.0,0.068073803905024
4365.0,30.0,0.3,0.1900429145753845,0.0,0.0263399743001226
4366.0,0.0,0.0,0.0,0.0,-0.1671908328463996
4367.0,30.0,0.3,0.2631093854533472,0.0,0.0176820823557357
4370.0,30.0,0.3,0.4482420784493066,0.0,0.024422037618465
4371.0,30.0,0.3,0.8358089420808014,0.0,0.0733358727806266
4372.0,0.0,0.0,32.88,0.0,-0.1366150617691588
4373.0,30.0,0.3,0.228661006892261,0.0,0.028816762053215
4376.0,0.0,0.0,28.8,0.0,-0.0067941826133528
4377.0,30.0,0.3,0.9816980106699452,0.0,0.1351084517850186
4379.0,0.0,0.0,40.04,0.0,-0.0091298439576972
4380.0,30.0,0.3,0.3071352613557612,0.0,0.0369330521110824
4381.0,30.0,0.3,1.7739095438574282,0.0,0.1186164857143048
4382.0,30.0,0.3,1.1528640896043891,0.0,0.0898499017694949
4383.0,30.0,0.3,0.6116669495242807,0.0,0.058237355948232
4385.0,0.0,0.0,47.83,0.0,-0.0163020053444263
4386.0,30.0,0.3,0.6910707764823713,0.0,0.0910861706184752
4387.0,0.0,0.0,45.16,0.0,-0.0716777384194819
4388.0,30.0,0.3,32.687866533290624,9.42,0.1367161924936972
4389.0,0.0,0.0,0.0,0.0,-0.0598467636547223
4390.0,30.0,0.3,62.24435175296551,17.916,0.1408992940927387
4392.0,30.0,0.3,56.82745998778045,15.984,0.2219381874237019
4393.0,30.0,0.3,0.7769483789645012,0.0,0.0699386424488704
4394.0,0.0,0.0,34.13,0.0,-0.0256280354244901
4395.0,0.0,0.0,0.0,0.0,-0.0266279301452975
4396.0,30.0,0.3,0.3397401259387043,0.0,0.0313789716393003
4398.0,0.0,0.0,49.65,0.0,-0.1079978943296976
4399.0,30.0,0.3,34.812993605056164,10.002,0.1472699065243114
4400.0,0.0,0.0,46.82,0.0,-0.1865744369558729
4401.0,0.0,0.0,0.0,0.0,-0.0395859083721387
4402.0,30.0,0.3,1.0623205634154476,0.0,0.0863254155221394
4403.0,30.0,0.3,9.555063646009671,2.796,0.0840714041522429
4404.0,0.0,0.0,55.49,0.0,-0.0622708855087324
4405.0,30.0,0.3,34.30226945691988,9.9,0.1315423693858463
4406.0,0.0,0.0,30.63,0.0,-0.0549472412448996
4407.0,0.0,0.0,39.86,0.0,-0.0305808145955068
4408.0,30.0,0.3,31.03219577454104,8.972999999999999,0.1250636102241209
4409.0,30.0,0.3,0.5280685046278172,0.0,0.044619223035726
4410.0,30.0,0.3,1.2324405418113742,0.0,0.1421500048225345
4411.0,0.0,0.0,35.15,0.0,-0.004544991123992
4412.0,0.0,0.0,0.0,0.0,-0.0501622031162684
4413.0,0.0,0.0,34.92,0.0,-0.0915667018661652
4414.0,30.0,0.3,0.2444309365021035,0.0,0.035782599400103
4416.0,0.0,0.0,0.0,0.0,-0.0213946401555794
4417.0,0.0,0.0,0.0,0.0,-0.0538828114433121
4418.0,0.0,0.0,41.5,0.0,-0.0070797322320491
4421.0,0.0,0.0,0.0,0.0,-0.0419155963192482
4422.0,30.0,0.3,39.58144452010187,11.283,0.1747269804220396
4423.0,0.0,0.0,38.18,0.0,-0.0602318584640141
4426.0,30.0,0.3,40.65872765696416,11.655,0.1551889881565131
4428.0,0.0,0.0,26.38,0.0,-0.0187708843471305
4429.0,30.0,0.3,34.07325256195516,9.866999999999999,0.1199201947861721
4431.0,30.0,0.3,0.5513277914655768,0.0,0.0751947342424409
4432.0,0.0,0.0,5.0,0.0,-0.0520936709309722
4433.0,30.0,0.3,1.3520143593837948,0.0,0.1097592433336414
4434.0,30.0,0.3,0.5368046148761401,0.0,0.0439643419226978
4436.0,30.0,0.3,0.4135631528914337,0.0,0.0482683418407369
4438.0,0.0,0.0,43.13,0.0,-0.0842784335112438
4439.0,30.0,0.3,0.7300334944548132,0.0,0.0554947544245392
4442.0,0.0,0.0,40.65,0.0,-0.0666994028944874
4443.0,30.0,0.3,0.2378325777623087,0.0,0.0177196079393763
4444.0,0.0,0.0,0.0,0.0,-0.054555946143044
4445.0,0.0,0.0,47.81,0.0,-0.0415438183095048
4446.0,0.0,0.0,20.16,0.0,-0.0517633873070033
4447.0,0.0,0.0,44.03,0.0,-0.0701034929094932
4448.0,0.0,0.0,0.0,0.0,-0.0066831955103851
4449.0,30.0,0.3,0.2872969156714312,0.0,0.0235180841250353
4450.0,0.0,0.0,28.02,0.0,-0.0616447767964286
4452.0,30.0,0.3,0.0782174672095398,0.0,0.005508660272522
4453.0,0.0,0.0,49.06,0.0,-0.0795653349519325
4455.0,30.0,0.3,3.687367822993175,0.0,0.225734179552689
4457.0,30.0,0.3,0.9285189663634016,0.0,0.1018447917476584
4458.0,0.0,0.0,35.24,0.0,-0.0411728794304953
4460.0,30.0,0.3,0.9044780694986184,0.0,0.0519546251650651
4461.0,0.0,0.0,55.73,0.0,-0.0089097454452085
4465.0,0.0,0.0,45.32,0.0,-0.0759759532990843
4466.0,30.0,0.3,1.360201793162778,0.0,0.1104777284895044
4467.0,30.0,0.3,0.8907569760532023,0.0,0.0706949980994605
4468.0,30.0,0.3,1.0142291213371073,0.0,0.1773748026122958
4469.0,30.0,0.3,0.2644467671267362,0.0,0.0238562712789117
4470.0,0.0,0.0,0.0,0.0,-0.0442174012766596
4471.0,30.0,0.3,0.9899599886564168,0.0,0.0863161556069768
4472.0,0.0,0.0,0.0,0.0,-0.0481141550180153
4473.0,0.0,0.0,0.0,0.0,-0.0596751928435734
4474.0,30.0,0.3,0.3997873236090528,0.0,0.0326623630399553
4475.0,30.0,0.3,0.7161364463246078,0.0,0.0695953786515654
4476.0,0.0,0.0,38.51,0.0,-0.0038833143197201
4477.0,30.0,0.3,0.927114995683236,0.0,0.1715926329230494
4478.0,0.0,0.0,0.0,0.0,-0.0158264569584893
4479.0,30.0,0.3,0.8216012250962028,0.0,0.0524549080697314
4480.0,30.0,0.3,34.84557929967728,10.083,0.1225408409875318
4482.0,30.0,0.3,0.605513646428749,0.0,0.0590860310722823
4483.0,30.0,0.3,34.22496928756608,9.846,0.1426944228687872
4484.0,30.0,0.3,0.1025313009591188,0.0,0.0079629777072941
4485.0,30.0,0.3,0.7587544482405026,0.0,0.0828153730889001
4486.0,0.0,0.0,36.75,0.0,-0.000786080111447
4487.0,30.0,0.3,0.5732498287559558,0.0,0.0384009799541771
4488.0,30.0,0.3,31.101456963434934,8.924999999999999,0.1514237494044749
4491.0,30.0,0.3,0.5440920616562347,0.0,0.0365432239677772
4493.0,0.0,0.0,19.48,0.0,-0.0031271256647268
4494.0,30.0,0.3,0.973498855460752,0.0,0.10096441147695
4495.0,30.0,0.3,0.1579370045623689,0.0,0.0223074865201086
4496.0,0.0,0.0,46.14,0.0,-0.0179898247502435
4498.0,30.0,0.3,0.2448043989112207,0.0,0.0329303738110332
4500.0,30.0,0.3,37.0834286165461,10.575,0.1733738644488037
4503.0,0.0,0.0,0.0,0.0,-0.0375722856073152
4504.0,30.0,0.3,0.7680722516641468,0.0,0.0619463062879383
4505.0,0.0,0.0,0.0,0.0,-0.0625773489689457
4508.0,30.0,0.3,0.0668654210382761,0.0,0.0073656555450844
4512.0,30.0,0.3,1.2662051620008865,0.0,0.1221616171732645
4513.0,0.0,0.0,0.0,0.0,-0.0146205620911192
4515.0,0.0,0.0,0.0,0.0,-0.1101061384059397
4516.0,30.0,0.3,0.0540014198367867,0.0,0.0123884881479208
4517.0,30.0,0.3,0.3908742636531648,0.0,0.0242673535514475
4518.0,0.0,0.0,0.0,0.0,-0.0246030433994924
4519.0,30.0,0.3,38.41364993918851,11.123999999999999,0.119889422796522
4520.0,30.0,0.3,32.34955468658604,9.363,0.1217082865092424
4522.0,30.0,0.3,1.3710728764255602,0.0,0.1561408582650678
4524.0,0.0,0.0,0.0,0.0,-0.0070366995158599
4525.0,30.0,0.3,31.535569472209044,9.048,0.1520302246031215
4526.0,30.0,0.3,0.5890815846362208,0.0,0.0629966404273576
4527.0,30.0,0.3,0.3035522957359365,0.0,0.030924235506921
4528.0,0.0,0.0,37.96,0.0,-0.053795058529257
4529.0,30.0,0.3,0.5658937506626379,0.0,0.0569366888683608
4531.0,30.0,0.3,52.38576352072064,15.078,0.1409844489136916
4532.0,30.0,0.3,1.9087381335408116,0.0,0.2348638038071627
4533.0,0.0,0.0,0.0,0.0,-0.01623460712314
4534.0,30.0,0.3,30.246967467448577,8.748,0.1242532541665041
4535.0,30.0,0.3,0.7731448600868873,0.0,0.0685594448955296
4536.0,0.0,0.0,49.15,0.0,-0.0183759914554928
4537.0,0.0,0.0,0.0,0.0,-0.0169679260758053
4538.0,30.0,0.3,1.9067166478932045,0.0,0.1511108454504045
4539.0,30.0,0.3,0.1575184180792319,0.0,0.0094776424837083
4540.0,30.0,0.3,0.449839505359456,0.0,0.0477384596582252
4541.0,0.0,0.0,0.0,0.0,-0.0289344737853186
4542.0,30.0,0.3,29.694663485616623,8.379,0.2106055001332651
4543.0,0.0,0.0,18.91,0.0,-0.0727178876134571
4544.0,30.0,0.3,26.43086893485876,7.407,0.2350302328687404
4545.0,30.0,0.3,1.2408017808281302,0.0,0.1217905163749637
4546.0,30.0,0.3,1.5269798689308176,0.0,0.1332443166606298
4547.0,0.0,0.0,0.0,0.0,-0.0436534927093909
4548.0,0.0,0.0,0.0,0.0,-0.0604836357482255
4549.0,30.0,0.3,0.1831527422696148,0.0,0.0227547201229488
4550.0,0.0,0.0,14.5,0.0,-0.1100487501287533
4551.0,0.0,0.0,0.0,0.0,-0.0338794172573176
4552.0,0.0,0.0,0.0,0.0,-0.0435141496307438
4553.0,0.0,0.0,43.61,0.0,-0.0222301657278177
4555.0,30.0,0.3,1.6779493406465338,0.0,0.1459213271281445
4556.0,30.0,0.3,61.93598525142654,17.805,0.1452392727563344
4557.0,30.0,0.3,1.8568133076895597,0.0,0.1915030226577516
4558.0,0.0,0.0,30.81,0.0,-0.0122612220896995
4559.0,30.0,0.3,42.98958018337208,12.33,0.1532506231445324
4560.0,0.0,0.0,28.31,0.0,-0.0083883211124231
4561.0,0.0,0.0,45.01,0.0,-0.0582013679111026
4562.0,0.0,0.0,26.06,0.0,-0.0386078129338894
4564.0,30.0,0.3,0.2331956245755403,0.0,0.0167633976403954
4565.0,30.0,0.3,1.862562861369436,0.0,0.1744462734260032
4566.0,30.0,0.3,0.3401472125228817,0.0,0.0261551105361693
4567.0,0.0,0.0,0.0,0.0,-0.0352833122027515
4569.0,0.0,0.0,46.55,0.0,-0.0809371338177095
4571.0,0.0,0.0,49.36,0.0,-0.0905958005924912
4573.0,0.0,0.0,0.0,0.0,-0.126035698563633
4576.0,30.0,0.3,0.5601898707267999,0.0,0.0446295308099745
4578.0,30.0,0.3,1.574214940302506,0.0,0.1316453370381758
4579.0,30.0,0.3,0.1451173853516909,0.0,0.0107901989256964
4580.0,30.0,0.3,0.3528099265558003,0.0,0.0265051406021937
4582.0,30.0,0.3,0.5376179723227067,0.0,0.0552934251077555
4586.0,30.0,0.3,2.2306735452180155,0.0,0.2102227448136854
4587.0,0.0,0.0,0.0,0.0,-0.1202653084256813
4588.0,30.0,0.3,0.5252563923581253,0.0,0.0465652830104721
4589.0,0.0,0.0,14.44,0.0,-0.0212916563395803
4590.0,30.0,0.3,0.203129957761072,0.0,0.0207064177126475
4591.0,30.0,0.3,43.15825214096261,12.324,0.168634545680186
4593.0,30.0,0.3,0.9587015398929576,0.0,0.0811702260513892
4598.0,30.0,0.3,32.04415453884284,9.285,0.1178410919593794
4599.0,30.0,0.3,1.9974943438206805,0.0,0.1986963437601393
4600.0,30.0,0.3,0.2222643766911755,0.0,0.0158477273933102
4601.0,30.0,0.3,33.160380899187274,9.558,0.1360515692809454
4603.0,30.0,0.3,1.0406135221503925,0.0,0.074772833380067
4605.0,0.0,0.0,32.61,0.0,-0.0204083551170202
4606.0,30.0,0.3,59.83685660496059,17.217,0.1421186388430383
4609.0,0.0,0.0,47.13,0.0,-0.0251274589372269
4610.0,0.0,0.0,0.0,0.0,-0.0335681637586321
4611.0,30.0,0.3,0.7284223506224032,0.0,0.0892674449292161
4612.0,0.0,0.0,0.0,0.0,-0.0277895789681079
4613.0,0.0,0.0,45.42,0.0,-0.0039931485317694
4614.0,30.0,0.3,2.2002047695523554,0.0,0.1182333693133621
4616.0,30.0,0.3,55.45906686361009,15.947999999999999,0.1441601996244103
4617.0,0.0,0.0,38.85,0.0,-0.0970372383672252
4618.0,0.0,0.0,19.56,0.0,-0.0652243475308267
4619.0,30.0,0.3,1.303464311054994,0.0,0.1271920678234772
4620.0,30.0,0.3,28.54517584085248,8.208,0.1443927681350487
4622.0,0.0,0.0,0.0,0.0,-0.0318938663786767
4623.0,30.0,0.3,18.27013198527053,5.298,0.1151627001265628
4625.0,30.0,0.3,0.1596404944660656,0.0,0.0109357784947298
4627.0,30.0,0.3,14.395121395473035,4.130999999999999,0.1513244723972496
4628.0,0.0,0.0,0.0,0.0,-0.0258058312405073
4629.0,30.0,0.3,1.723683542651991,0.0,0.0985525181619206
4630.0,30.0,0.3,0.7824838696963672,0.0,0.052970746662359
4633.0,30.0,0.3,0.9642665174203416,0.0,0.0812698286911371
4634.0,0.0,0.0,0.0,0.0,-0.020509120533704
4636.0,0.0,0.0,0.0,0.0,-0.1249079887235408
4638.0,30.0,0.3,1.0297301235188503,0.0,0.1380705448536941
4639.0,30.0,0.3,1.3959095623040956,0.0,0.16883279660185
4641.0,30.0,0.3,0.5141667857391311,0.0,0.0556457560323735
4642.0,30.0,0.3,0.8220734533248392,0.0,0.0850743509598302
4643.0,30.0,0.3,1.720817176899915,0.0,0.1527578497026112
4644.0,30.0,0.3,0.7826089131358653,0.0,0.06991949550039
4645.0,30.0,0.3,0.4154054499814795,0.0,0.025747207758862
4647.0,30.0,0.3,1.434158971093117,0.0,0.1427876315305772
4649.0,30.0,0.3,2.082354300211262,0.0,0.1850488136684673
4650.0,30.0,0.3,0.2402943458096364,0.0,0.0192220099039786
4652.0,0.0,0.0,48.08,0.0,-0.0716985816612771
4653.0,30.0,0.3,0.8002810259416578,0.0,0.0567092563734168
4654.0,30.0,0.3,0.1088706305565327,0.0,0.0095425217421801
4655.0,30.0,0.3,0.101518101865304,0.0,0.0084387449597094
4656.0,30.0,0.3,0.3384102427989418,0.0,0.0491518144951259
4657.0,0.0,0.0,40.78,0.0,-0.0505039162856895
4658.0,30.0,0.3,0.6133902707878766,0.0,0.0891685231556733
4659.0,0.0,0.0,45.38,0.0,-0.0032947368146596
4660.0,0.0,0.0,0.0,0.0,-0.0181592481377568
4661.0,30.0,0.3,31.96235166381135,9.216,0.1348037829656414
4662.0,30.0,0.3,0.9826274350212336,0.0,0.081600019516794
4663.0,0.0,0.0,46.17,0.0,-0.1015932779043555
4664.0,30.0,0.3,0.333011168971889,0.0,0.0335662905928726
4665.0,30.0,0.3,1.0831834958151687,0.0,0.0709772292651313
4666.0,30.0,0.3,1.5352401758880183,0.0,0.1029878698522854
4667.0,30.0,0.3,0.1757305882190357,0.0,0.0148672240456037
4669.0,30.0,0.3,0.5971423173641076,0.0,0.0419400419556193
4670.0,30.0,0.3,0.3993096322678174,0.0,0.051371366559606
4671.0,30.0,0.3,1.735035987672316,0.0,0.1955851637551929
4672.0,30.0,0.3,0.1286732629014253,0.0,0.0184875377731933
4673.0,30.0,0.3,1.0543971829395715,0.0,0.0999618110484994
4676.0,30.0,0.3,2.028390597231976,0.0,0.1681079560112693
4678.0,0.0,0.0,43.88,0.0,-0.0876662423501607
4679.0,30.0,0.3,1.1290361755942906,0.0,0.1291064809141556
4680.0,0.0,0.0,57.31,0.0,-0.0389274273752489
4682.0,0.0,0.0,0.0,0.0,-0.0607140454556631
4683.0,0.0,0.0,0.0,0.0,-0.0901450597375625
4685.0,0.0,0.0,16.65,0.0,-0.0501833645073517
4686.0,0.0,0.0,0.0,0.0,-0.0175240115892913
4687.0,0.0,0.0,0.0,0.0,-0.0096090844744306
4688.0,0.0,0.0,0.0,0.0,-0.0483450800778059
4689.0,30.0,0.3,1.087190297351122,0.0,0.1304993755072767
4690.0,30.0,0.3,0.679191019444782,0.0,0.0722389937720466
4692.0,30.0,0.3,1.4503737364633618,0.0,0.1298570808902643
4694.0,30.0,0.3,2.1698306800558163,0.0,0.1229644497368138
4695.0,30.0,0.3,0.5777626532058591,0.0,0.074646337623496
4696.0,0.0,0.0,51.05,0.0,-0.0193378578513299
4697.0,0.0,0.0,0.0,0.0,-0.0133504050752019
4698.0,30.0,0.3,41.51522008582978,11.927999999999999,0.1471512479736572
4700.0,30.0,0.3,1.573692735400858,0.0,0.0876904455255131
4701.0,30.0,0.3,0.6459260530984475,0.0,0.0564078292811499
4702.0,0.0,0.0,36.05,0.0,-0.0217982931329086
4703.0,0.0,0.0,38.95,0.0,-0.0426738229169417
4705.0,30.0,0.3,39.1550695021785,11.357999999999999,0.1140226714367405
4708.0,30.0,0.3,0.7349899530844894,0.0,0.0633721290812631
4709.0,0.0,0.0,37.43,0.0,-0.0974240216009709
4710.0,30.0,0.3,0.3295667381926348,0.0,0.0414080585742725
4711.0,30.0,0.3,0.118205956767961,0.0,0.0223747788695743
4712.0,30.0,0.3,0.622857114333354,0.0,0.0421732760737595
4713.0,0.0,0.0,0.0,0.0,-0.0630251912078942
4714.0,0.0,0.0,0.0,0.0,-0.0585619393934623
4717.0,30.0,0.3,0.8385582676315769,0.0,0.0847285306286326
4718.0,30.0,0.3,0.98249262556947,0.0,0.1435133838109071
4719.0,0.0,0.0,43.02,0.0,-0.0466679258648822
4720.0,30.0,0.3,0.5099543624376164,0.0,0.0423374315016701
4722.0,30.0,0.3,1.000290314237133,0.0,0.1302970319443967
4723.0,30.0,0.3,37.58808264690712,10.799999999999999,0.1470446895284366
4725.0,0.0,0.0,49.44,0.0,-0.1193806885970935
4728.0,30.0,0.3,34.06218533742252,9.738,0.1645291987494888
4729.0,30.0,0.3,0.2287854040992953,0.0,0.0360405488499205
4733.0,0.0,0.0,0.0,0.0,-0.0659234404606603
4735.0,30.0,0.3,0.1172520210691559,0.0,0.0155095265964492
4736.0,30.0,0.3,1.2705123036922787,0.0,0.1660800396983371
4737.0,30.0,0.3,1.1727203549524214,0.0,0.067983788692894
4738.0,30.0,0.3,1.5442256995696717,0.0,0.1163258530749282
4739.0,30.0,0.3,0.9674403795493102,0.0,0.0919794998620755
4744.0,30.0,0.3,0.0026016896302259,0.0,0.0001974567114622
4745.0,30.0,0.3,0.0270020929845232,0.0,0.0039615746749594
4746.0,30.0,0.3,0.3618962494832669,0.0,0.030710815468709
4747.0,30.0,0.3,1.430184821755057,0.0,0.1459670158966174
4748.0,30.0,0.3,0.3924092033202987,0.0,0.0374579231882683
4749.0,30.0,0.3,0.3632603131989895,0.0,0.029634549942812
4750.0,0.0,0.0,0.0,0.0,-0.0602370368360648
4751.0,30.0,0.3,0.8815511202080238,0.0,0.1395963769133846
4752.0,0.0,0.0,55.76,0.0,-0.0504844142437462
4753.0,30.0,0.3,39.78730709256814,11.313,0.1836212403931884
4754.0,30.0,0.3,1.5313211187688245,0.0,0.1284126724334444
4756.0,30.0,0.3,4.584483297164682,0.0,0.2374764722696028
4757.0,0.0,0.0,50.38,0.0,-0.0779605739476277
4758.0,0.0,0.0,0.0,0.0,-0.0451691101284036
4759.0,0.0,0.0,0.0,0.0,-0.0222983760600763
4760.0,30.0,0.3,0.3410643826653766,0.0,0.0390010729177103
4761.0,30.0,0.3,0.9616895218608634,0.0,0.0680745750591678
4762.0,0.0,0.0,0.0,0.0,-0.0193528876226274
4763.0,30.0,0.3,30.36353953728145,8.769,0.129266682321981
4764.0,0.0,0.0,45.89,0.0,-0.0060546709554031
4765.0,0.0,0.0,0.0,0.0,-0.0596154778275147
4766.0,30.0,0.3,32.77288254694791,9.399,0.1535144746194188
4767.0,0.0,0.0,0.0,0.0,-0.0300702775481449
4768.0,30.0,0.3,0.0424178067012148,0.0,0.0059558841197999
4769.0,30.0,0.3,0.03743063585605,0.0,0.0036375739413071
4770.0,0.0,0.0,33.98,0.0,-0.0032037182961445
4771.0,0.0,0.0,0.0,0.0,-0.0352127790243155
4772.0,0.0,0.0,25.89,0.0,-0.0530039438467597
4774.0,30.0,0.3,0.1462937333877344,0.0,0.0120050659271077
4775.0,30.0,0.3,0.7256438305762365,0.0,0.0867268830615796
4776.0,30.0,0.3,1.3939747657853443,0.0,0.1187169788609559
4777.0,30.0,0.3,39.0637798608991,11.318999999999999,0.1178354855463476
4780.0,30.0,0.3,0.4895599019241796,0.0,0.0815118051821811
4781.0,30.0,0.3,26.465550862043624,7.632,0.1343751129512085
4782.0,30.0,0.3,0.0932679728503383,0.0,0.0092665646150361
4783.0,0.0,0.0,37.1,0.0,-0.0401491578738396
4784.0,30.0,0.3,0.3785733240338633,0.0,0.0353773781921188
4786.0,0.0,0.0,40.82,0.0,-0.0218715373745255
4787.0,0.0,0.0,38.16,0.0,-0.1061315427168795
4788.0,30.0,0.3,0.5825388295592482,0.0,0.1069860109383376
4789.0,30.0,0.3,53.795508623775575,15.524999999999999,0.1317557889710515
4792.0,0.0,0.0,0.0,0.0,-0.058124357299296
4793.0,0.0,0.0,0.0,0.0,-0.0447261477685155
4794.0,0.0,0.0,0.0,0.0,-0.0187201075964669
4795.0,30.0,0.3,1.838280420512248,0.0,0.1484040058538991
4796.0,0.0,0.0,35.35,0.0,-0.0874801508679248
4797.0,0.0,0.0,38.13,0.0,-0.0386798223424665
4799.0,0.0,0.0,0.0,0.0,-0.1021449388247241
4801.0,30.0,0.3,1.173777817544136,0.0,0.1361849190792593
4804.0,0.0,0.0,34.94,0.0,-0.0419510064940071
4807.0,30.0,0.3,0.324166358639513,0.0,0.0284281643987997
4808.0,30.0,0.3,1.2926465113856374,0.0,0.1680507685108733
4809.0,30.0,0.3,0.5474735420210739,0.0,0.0543451997241487
4812.0,30.0,0.3,1.4623737262209775,0.0,0.1564370695572291
4813.0,30.0,0.3,0.5217895365328757,0.0,0.0493558017908509
4816.0,0.0,0.0,0.0,0.0,-0.0590752074816628
4817.0,0.0,0.0,0.0,0.0,-0.078077528593485
4818.0,30.0,0.3,42.07553150809007,12.129,0.1356691819680162
4819.0,0.0,0.0,0.0,0.0,-0.0496874569013948
4820.0,30.0,0.3,0.0685020546726024,0.0,0.0096143234628214
4821.0,30.0,0.3,0.8575797168162835,0.0,0.142502445466315
4822.0,30.0,0.3,1.0563816938293007,0.0,0.1198526995495009
4823.0,0.0,0.0,32.87,0.0,-0.0375913215855794
4824.0,0.0,0.0,0.0,0.0,-0.0469216939913603
4825.0,30.0,0.3,34.9437137347977,9.966,0.1729594355606764
4828.0,30.0,0.3,0.7792633409806581,0.0,0.0714789342304768
4829.0,0.0,0.0,20.61,0.0,-0.1017454714858426
4830.0,0.0,0.0,32.69,0.0,-0.0257062052337662
4832.0,0.0,0.0,38.79,0.0,-0.0415198184557304
4833.0,0.0,0.0,0.0,0.0,-0.0204712470219798
4834.0,30.0,0.3,31.49560610994266,9.0,0.1661784566602955
4835.0,0.0,0.0,0.0,0.0,-0.0609453238752903
4836.0,30.0,0.3,0.7652457396655135,0.0,0.1342536385378094
4838.0,0.0,0.0,33.86,0.0,-0.0309180682209433
4839.0,30.0,0.3,0.585345731654559,0.0,0.0482480820684602
4840.0,30.0,0.3,1.6578928860385194,0.0,0.1130124666692924
4841.0,0.0,0.0,0.0,0.0,-0.0012737658186025
4842.0,30.0,0.3,0.1150396900087658,0.0,0.01117975607471
4844.0,30.0,0.3,0.1573967715383062,0.0,0.0158314998529779
4845.0,30.0,0.3,24.113399635380485,6.819,0.2028742682769446
4846.0,0.0,0.0,0.0,0.0,-0.0424180000556151
4847.0,30.0,0.3,1.1230443487673036,0.0,0.0743344154598427
4848.0,0.0,0.0,52.83,0.0,-0.0679673176114599
4849.0,30.0,0.3,25.84838473294868,7.3919999999999995,0.163471960626174
4850.0,30.0,0.3,0.2439569632258235,0.0,0.0195243668047878
4852.0,30.0,0.3,40.3120792902394,11.613,0.1379556781399641
4853.0,0.0,0.0,32.77,0.0,-0.1909989295439461
4856.0,30.0,0.3,0.0439118870791504,0.0,0.0054232292304743
4857.0,0.0,0.0,51.17,0.0,-0.0018385704763628
4858.0,30.0,0.3,35.09343558555009,10.139999999999999,0.1275577500542498
4860.0,0.0,0.0,50.54,0.0,-0.1173241839862072
4861.0,0.0,0.0,0.0,0.0,-0.0034089670011376
4862.0,30.0,0.3,20.30952456056352,5.694,0.2334957078615245
4863.0,0.0,0.0,0.0,0.0,-0.031874844283062
4864.0,30.0,0.3,0.3115245486643408,0.0,0.036797135443461
4866.0,30.0,0.3,0.8027777346955285,0.0,0.0508924644792398
4867.0,0.0,0.0,0.0,0.0,-0.0403753214179229
4868.0,0.0,0.0,0.0,0.0,-0.0208412316358903
4870.0,30.0,0.3,1.2263755241046126,0.0,0.1369486905756128
4871.0,30.0,0.3,0.7190359418167727,0.0,0.107142891047053
4872.0,0.0,0.0,0.0,0.0,-0.0517983470713949
4873.0,30.0,0.3,0.8611637964369164,0.0,0.0844029987686873
4874.0,30.0,0.3,0.2189274918548246,0.0,0.0760957566405369
4875.0,30.0,0.3,0.6946161332964368,0.0,0.0801726838984807
4877.0,0.0,0.0,37.63,0.0,-0.0537478323988058
4878.0,30.0,0.3,0.683258804662453,0.0,0.0577613327130318
4879.0,0.0,0.0,0.0,0.0,-0.0396510627279775
4880.0,0.0,0.0,43.12,0.0,-0.003912487518306
4881.0,0.0,0.0,0.0,0.0,-0.0460220271499875
4882.0,0.0,0.0,0.0,0.0,-0.0086220895328732
4883.0,30.0,0.3,0.0609339622691584,0.0,0.0060163864799722
4884.0,30.0,0.3,0.939003526986666,0.0,0.1155838905695059
4886.0,30.0,0.3,1.5934838989876607,0.0,0.1690519731580374
4887.0,0.0,0.0,0.0,0.0,-0.0077131966960283
4888.0,30.0,0.3,55.46321371104592,15.944999999999999,0.1450745507084307
4890.0,0.0,0.0,0.0,0.0,-0.0019802382376657
4891.0,30.0,0.3,0.5160397457859393,0.0,0.0533043844423034
4892.0,30.0,0.3,0.1524746164728282,0.0,0.01523527342854
4893.0,30.0,0.3,1.3979574336947098,0.0,0.1667808916362097
4894.0,0.0,0.0,0.0,0.0,-0.091109495932171
4895.0,30.0,0.3,0.1792968997775192,0.0,0.0137455458277767
4897.0,30.0,0.3,0.3953278379376043,0.0,0.0415696990470667
4898.0,0.0,0.0,0.0,0.0,-0.1035309718822643
4900.0,0.0,0.0,0.0,0.0,-0.0388533224799973
4901.0,0.0,0.0,0.0,0.0,-0.0045119939407022
4902.0,0.0,0.0,0.0,0.0,-0.0001961066710072
4903.0,30.0,0.3,0.1345327787000849,0.0,0.0093934351836395
4905.0,0.0,0.0,42.86,0.0,-0.0446847914389288
4906.0,0.0,0.0,0.0,0.0,-0.1038274048573029
4907.0,30.0,0.3,59.58495698184176,17.273999999999997,0.1160679044715619
4908.0,30.0,0.3,0.5556118276113617,0.0,0.0472218109477615
4909.0,30.0,0.3,23.76218731721637,6.819,0.1513693088746692
4910.0,30.0,0.3,34.59984790403033,9.942,0.1468364417652713
4911.0,30.0,0.3,31.06318186885928,8.898,0.1576963215171136
4912.0,0.0,0.0,45.8,0.0,-0.0065014592025511
4916.0,0.0,0.0,0.0,0.0,-0.056255580002263
4917.0,30.0,0.3,0.8473926535273437,0.0,0.1211772706316808
4919.0,0.0,0.0,0.0,0.0,-0.0134274778671234
4920.0,30.0,0.3,0.7415514129449516,0.0,0.050497202107249
4923.0,30.0,0.3,1.8896837391389365,0.0,0.1246328808296357
4925.0,0.0,0.0,0.0,0.0,-0.0247593249264708
4926.0,0.0,0.0,0.0,0.0,-0.0828678191108159
4927.0,0.0,0.0,46.53,0.0,-0.0015618769244713
4929.0,30.0,0.3,2.158526033603319,0.0,0.162969122959858
4931.0,30.0,0.3,0.7844504189692648,0.0,0.078382336028104
4932.0,0.0,0.0,52.43,0.0,-0.1559831931052331
4934.0,30.0,0.3,1.7287109421514752,0.0,0.1421754208529875
4940.0,30.0,0.3,0.4550611395094106,0.0,0.0421352906953158
4943.0,30.0,0.3,32.19801622788726,9.087,0.2099720730590136
4944.0,30.0,0.3,1.1280565521148231,0.0,0.1023737682289521
4945.0,30.0,0.3,0.0147609309929803,0.0,0.0015366365805726
4946.0,0.0,0.0,49.18,0.0,-0.0306544982293939
4948.0,0.0,0.0,45.15,0.0,-0.1058818253447903
4949.0,30.0,0.3,60.4820012728424,17.55,0.1129345454611054
4950.0,30.0,0.3,34.612983641868176,10.035,0.1158927395982235
4952.0,30.0,0.3,1.173838276542152,0.0,0.098114198975439
4954.0,0.0,0.0,0.0,0.0,-0.0493475292878576
4955.0,0.0,0.0,0.0,0.0,-0.03544939584388
4956.0,30.0,0.3,1.150026342005997,0.0,0.0638371547047459
4957.0,0.0,0.0,43.44,0.0,-0.0254200459168894
4960.0,0.0,0.0,0.0,0.0,-0.1309586301287774
4961.0,30.0,0.3,0.4102807321312337,0.0,0.1106474466373338
4962.0,30.0,0.3,1.5776698804337712,0.0,0.1456355469799475
4965.0,0.0,0.0,33.97,0.0,-0.076597291728203
4967.0,30.0,0.3,0.1202316097106755,0.0,0.0121042595097831
4968.0,0.0,0.0,24.74,0.0,-0.0440516313113128
4969.0,30.0,0.3,1.3040212705983558,0.0,0.1129609555265381
4972.0,30.0,0.3,1.3716147326999255,0.0,0.1159535660410792
4973.0,0.0,0.0,46.83,0.0,-0.0212707129403637
4974.0,30.0,0.3,0.6208186739000126,0.0,0.0844996153395961
4975.0,30.0,0.3,0.5398577920525447,0.0,0.0432474398824437
4976.0,0.0,0.0,40.27,0.0,-0.008344752312328
4977.0,30.0,0.3,1.250266386733662,0.0,0.1013510365380725
4978.0,30.0,0.3,0.9102842507166634,0.0,0.0944964445880477
4979.0,0.0,0.0,0.0,0.0,-0.0843185075329266
4980.0,30.0,0.3,28.78141636980888,8.178,0.1860377072400195
4981.0,30.0,0.3,0.4896041251835716,0.0,0.0538618399541883
4982.0,0.0,0.0,50.16,0.0,-0.041482655950587
4983.0,30.0,0.3,0.9045196772899282,0.0,0.1252623843359546
4985.0,30.0,0.3,1.0259683127802208,0.0,0.0946552553538353
4986.0,0.0,0.0,43.59,0.0,-0.0225347469812886
4990.0,30.0,0.3,36.44139896961916,10.524,0.1293613616133749
4991.0,30.0,0.3,0.8429179807377939,0.0,0.0873942955663861
4992.0,30.0,0.3,30.66665880243365,8.862,0.1271336947002542
4993.0,30.0,0.3,1.3642467944814722,0.0,0.1494901155469507
4994.0,0.0,0.0,45.7,0.0,-0.0399419202406934
4995.0,0.0,0.0,38.58,0.0,-0.1191047463847427
4996.0,30.0,0.3,39.24964905732758,11.357999999999999,0.1223498025468904
4997.0,30.0,0.3,2.180310313361464,0.0,0.1571055132844404
4998.0,0.0,0.0,0.0,0.0,-0.032019214517002
4999.0,30.0,0.3,42.11076589386862,12.194999999999999,0.1197840011372383
5000.0,30.0,0.3,31.532131152779684,9.072,0.1424306826256269
